y,p
0,0.14660970532285159
0,0.16077182789840733
0,0.0
0,0.0
0,0.14736337973423244
0,0.1637369942669217
0,0.0
0,0.0
0,0.0
0,0.0
0,0.0
0,0.0
0,0.0
0,0.0
0,0.0
0,0.0
0,7.458702342817663e-06
0,0.0
0,0.0
0,0.0
0,0.014536280710448775
0,7.458702342817663e-06
0,0.0
0,0.0
0,7.458702342817663e-06
0,0.06382669230251865
1,0.2863891623965252
0,0.1703876175845412
0,0.2541043499420141
1,0.7669810536657597
0,0.21329763837974203
0,0.0
0,7.458702342817663e-06
0,0.00017857142857142857
0,0.22410181326962303
0,0.4861636925690212
0,0.2588714132226801
0,0.0
0,0.1809783133062838
0,0.0
0,0.21466587539120255
0,0.21248798231015364
0,0.005
0,0.0
0,0.0
0,0.0
0,0.1798075947666808
0,0.47275615889980493
0,0.032667456251263195
0,0.27713665390381725
0,0.20219931266611813
0,0.1374208338997581
0,0.0
0,0.13351074421002912
0,0.0
1,0.2310905203058268
1,0.2723956550250572
0,7.458702342817663e-06
0,0.3711979736528979
0,0.0
0,0.0
0,0.0
0,0.005
0,0.0
0,7.458702342817663e-06
0,0.0
0,0.16446613552649808
0,0.0
0,0.33598204138027093
0,7.458702342817663e-06
0,0.0
0,0.0
0,0.0
0,0.0
0,0.0
0,0.17813925048598578
0,0.0
0,0.26092061061190963
0,0.0
0,0.0
0,0.09244666821153714
0,0.17512586342241987
0,0.0
0,0.0
0,0.0008160420667175963
0,0.2602367633217527
0,0.0
0,0.11944570191304527
0,0.260143973721263
0,1.3010668748373666e-06
0,0.2790657427186052
0,0.00011415525114155251
0,0.35031985889800643
0,0.0
0,0.18573127000307474
0,0.0
0,0.010906520876112444
0,0.0
0,0.3215524791528233
0,0.0
0,0.23187815184570076
0,0.0
1,0.19591721251827215
0,0.28737003205185174
0,0.0
1,0.4010150928939482
0,0.311422375724156
0,0.0
0,0.0
0,0.03942945584881069
0,0.0
1,0.41663564799157476
0,0.0
0,0.0
0,0.0
0,0.22435935431255635
0,0.0
0,0.19984859683620151
0,0.0
0,0.0
0,0.17496804974247815
0,0.005
0,0.0007434348232709351
0,0.0
0,0.0
0,0.0
0,7.458702342817663e-06
0,0.0
0,0.38671915505468724
0,1.3010668748373666e-06
0,0.0
0,0.2416398836449688
0,0.0
0,0.20701233699762692
0,0.17073226318639972
0,0.009946899193007466
1,0.4414595453797762
0,7.458702342817663e-06
1,0.3753156293329339
0,0.36235864415246744
0,0.00017068379355946427
0,0.28102138935812243
0,0.0
0,0.0
0,0.0
0,0.0
0,0.0
0,0.0
0,7.458702342817663e-06
1,0.3908513081963244
0,7.458702342817663e-06
1,0.19097028837530602
0,0.0
0,0.0
0,0.0
0,0.0
0,0.2298621463216602
0,0.0
0,1.6863406408094435e-05
0,0.2734391621529475
0,0.0
1,0.4083607997137689
0,0.0
0,2.8735632183908045e-05
0,0.0
0,0.0
0,0.0
0,0.19836725057716173
0,2.0876826722338202e-05
0,0.0
0,0.0
0,0.0
1,0.23196925927015363
0,0.0
0,0.29690945665452445
0,0.12839162591747227
0,0.17666746203046862
0,0.18482795423652948
0,0.0010714285714285713
0,0.0
1,0.5076458250015524
0,7.458702342817663e-06
0,0.0
0,0.0
0,0.09093002074846902
0,0.0
1,0.411869431711011
0,0.0901474024809698
0,0.23488860071300763
0,0.18973263521372627
0,0.186645655153913
0,0.034341835280882936
0,0.0
0,0.24086790745432807
0,0.0
0,0.0
0,0.0
0,0.0001450676982591876
0,0.2598637190861665
1,0.42209030735143416
0,0.0
0,0.0
0,2.8735632183908045e-05
0,0.0
0,0.13213523010735523
0,0.11427919554223614
0,0.0
0,0.24127549984146582
0,0.0
0,0.2766114090412551
0,0.11598927167130661
0,0.29206770905025653
0,0.36050873501381125
0,0.0
0,0.0
0,0.0
0,0.0
0,0.0
0,7.458702342817663e-06
0,0.0
1,0.7710988100167262
0,0.00018867924528301886
0,0.0
0,0.18764248871730274
0,7.458702342817663e-06
0,0.0
0,0.3584686929394784
0,0.0
0,0.0
0,0.311651360277047
0,0.0
0,0.4383883676182757
0,0.0
0,0.1644245369078019
0,0.0
0,0.0
0,0.0
0,0.16146931343672563
0,0.490106490721715
1,0.47948742253025534
0,0.0
0,0.0
0,0.0
1,0.4668347010330684
0,0.0
0,0.0
0,0.1959683482586294
0,0.0
0,0.21119733885224207
0,0.0
0,0.20722537960064544
0,0.18938517607762317
0,0.0
1,0.404139764701964
0,0.0
0,0.0
0,0.0
0,0.0
0,0.0
0,7.458702342817663e-06
0,0.0
0,0.0
1,0.6061106793188571
1,0.23669250659487984
0,0.35073946404602707
0,0.0
0,0.0
0,0.0
0,0.0
0,0.0
0,0.0
0,0.01705626898578003
0,7.458702342817663e-06
0,0.0
0,0.12700408889843068
0,0.0
0,2.8735632183908045e-05
0,0.0
0,0.0
0,0.2273823498641801
0,0.0
0,0.0
0,0.0
0,1.6863406408094435e-05
0,0.0
0,0.17738671688249724
0,0.0005576382380506092
0,0.0
0,0.19050620466525842
0,0.0
0,0.0
0,0.0
0,0.22012674835122745
0,0.0
0,0.14266698516437457
0,0.384160621502133
0,0.0
0,0.0
0,7.458702342817663e-06
0,0.23676284020856658
0,0.0
0,0.14018231480292875
0,0.462707721771128
0,0.35497300652974795
0,0.0
0,0.16591369382462365
0,0.0
1,0.21395276550232137
1,0.45893811254072436
0,0.18069212766805762
0,0.0
0,0.1331837636724282
1,0.3332794891746312
0,0.0
0,0.0
0,0.22515509302558848
0,0.44560630655467653
0,0.0
0,0.4043039382759841
0,0.0
0,0.0
0,0.0
1,0.393232927964154
0,0.011304502016914152
0,0.0
0,0.3197269736992896
0,0.39537642491995184
0,0.0
0,0.0
0,0.0
0,0.0
0,0.2507034669210899
0,0.0
0,0.0
0,0.390411960830291
0,0.0
0,0.33962415850925765
1,0.9959051607246814
0,2.8735632183908045e-05
0,0.38432177094282816
0,1.6863406408094435e-05
0,2.0876826722338202e-05
0,0.0
0,2.0876826722338202e-05
0,0.0
1,0.1561677873699627
0,0.0
0,7.458702342817663e-06
0,0.19168562579780293
0,0.26065606847834544
0,0.0
0,0.0
0,0.0
0,0.0
0,0.11047101109674637
0,0.07700231342060113
1,0.32723672620025107
0,0.0
0,0.0
0,0.0
0,0.2581094394796873
1,0.4958052559265759
0,0.0
1,0.5803718419991553
0,0.0
0,0.0
0,0.0
0,0.0
1,0.33163501833672304
0,0.0
1,0.2720754178323417
0,0.0
0,0.0
0,0.0009870326073272064
0,0.0
0,0.3191692318358708
0,0.0
0,0.0
0,0.0
0,0.0
0,0.17272829835833614
0,0.0
0,0.16544499790029554
1,0.9828278559670167
0,0.3359712439176964
0,0.0
0,0.0
0,0.06139041076157664
0,0.0
0,0.0
0,0.3387220097470546
0,0.0
0,0.1709719245990431
0,0.0
0,0.0
0,0.0
0,0.0
0,0.0
0,0.40973047141240543
0,0.0
0,0.2325110277084521
0,0.0
0,0.0
0,7.458702342817663e-06
0,0.0
1,0.22186721824007008
1,0.5297337316460204
0,0.0
0,0.0
0,0.43257369638463367
0,0.0
0,0.2008223963351408
1,0.25031633053454716
0,0.0
0,0.0
0,0.0
0,0.2776948244058078
0,0.18302943770947927
0,7.458702342817663e-06
0,0.0
0,0.0
0,0.1599792962247929
0,0.0
0,0.0
0,0.0
0,0.0
0,0.0
0,0.0
0,0.0
0,0.0
1,0.2971036078621617
0,0.0
0,0.0
0,0.0
0,0.0
0,0.0
0,0.16620262626337873
0,0.0
0,0.22766232995001737
0,0.22795005659605397
0,0.0
0,0.08153069740558011
0,0.266124232071234
1,0.2739831674680438
0,0.2969444457230282
0,0.0
0,0.0
0,0.0
0,0.0
1,0.5931016825815488
0,0.0
1,0.15854439377985607
0,0.0
0,0.0
0,0.0
0,0.0
0,0.12235013356171623
0,0.0
0,0.0029850746268656712
0,0.1774129630370833
1,0.35939439628057135
0,0.0
0,0.14154217687720158
0,0.0
0,1.6863406408094435e-05
0,0.0
0,0.0
0,7.458702342817663e-06
0,0.0
0,0.32206390994244366
1,0.44969275231120803
0,0.19548408848879983
0,0.0
0,0.0
0,0.0
0,0.0013257575757575756
0,0.0
0,0.0
0,0.0018406674572956328
0,0.27732016692154854
0,0.18071194600493487
0,0.0
0,7.458702342817663e-06
0,0.017837432117009836
0,0.0
0,0.29607674307770737
0,0.0
0,0.1864943696425645
0,0.0
0,0.0
0,0.07148303511420852
0,0.0
0,0.0
0,0.2531250958328062
0,0.0
0,0.00030778811257615806
0,0.0
0,0.0
0,0.12699580318120393
1,0.2615051501509985
0,0.0
0,0.0
0,0.0
0,0.18442231585592453
0,0.0
0,0.0
1,0.6776240102585284
0,0.0
0,0.1356525977753209
0,0.0
0,0.22650531223902315
0,0.0
0,0.13949515411236638
0,0.2007563531793932
0,0.0
0,0.17868196992036417
0,0.0
0,0.4120077656225672
0,0.28099207318216485
0,0.0
0,0.0007505773672055427
0,0.0
0,0.0011298606016140866
0,0.3366517466445802
1,0.20945462781144464
0,0.0
0,0.0
0,0.0
0,0.21169356626029245
0,0.4135651147385058
0,0.0
0,0.0
0,0.0
0,7.458702342817663e-06
0,0.2261899408874393
0,0.3670637349525167
0,7.458702342817663e-06
0,0.0
0,0.0002694763729246488
0,0.02215972054926524
0,0.0
0,0.0
0,0.18124851372907272
0,0.0
0,0.0
0,0.0
0,0.0
0,0.0
0,0.21352840625382508
0,0.0
0,0.0
0,0.0
0,0.005
0,0.20019656703090438
0,0.14705065416498567
0,0.0
1,0.48666069595094613
0,0.0
0,0.0
1,0.19726913514496036
0,0.0
1,0.339600086377398
1,0.2586708372501904
0,0.0
1,0.16232321189418747
0,0.0
0,0.21725918161994082
0,0.0
0,0.005
0,0.0
0,0.0
0,0.0
0,0.0
0,0.27645170964117766
0,0.0
0,0.0
1,0.8684794237472054
0,0.13118902669116653
0,2.0876826722338202e-05
0,0.25988715863395095
0,0.0
0,0.0
0,0.0
0,0.0
0,0.0
0,0.14283480308836516
0,0.0
0,0.2109369706133124
0,0.0
0,0.0
0,0.0
0,0.000495107615061888
0,0.0
0,0.0
0,0.0003481333950596987
0,7.458702342817663e-06
1,0.1772861859419362
0,0.2766333292911399
0,0.0
0,7.458702342817663e-06
0,0.0
0,0.007170044018785547
0,0.0
0,0.0
0,0.20036592577836154
0,0.11057430366306222
0,0.0
0,0.0
0,0.0
0,7.458702342817663e-06
0,0.4162194201008543
0,0.0
1,0.20438514044799205
0,0.0
0,0.2099145426704474
0,0.0
0,0.0
0,0.10474788007270512
0,0.0
1,0.4417987659086262
0,0.0
0,0.00015151515151515152
0,0.0
0,0.0
0,7.458702342817663e-06
0,0.0
0,0.0
0,0.0003061314408693763
0,0.3139319971579113
0,0.0
0,0.21765429596763014
0,0.20182597973662986
0,0.31656803736426675
0,0.3370567645352965
0,0.30228384702215805
0,0.017861457989526444
0,0.0
0,0.4969934215906578
0,0.0
1,0.15702322060731588
0,0.0
1,0.4413561552281384
1,0.37684485329931094
0,0.0
0,0.0
1,0.3848006340433158
0,0.0
0,0.4378218363238419
0,0.005028735632183908
0,0.0
0,0.25207773381343723
0,0.006119037155822496
0,0.15392397714736283
0,0.0
0,0.0
0,0.0
0,0.0
0,0.00011415525114155251
0,0.2982573405770896
0,0.0
0,0.0005576382380506092
0,0.0
0,0.32580665955154037
0,0.268275699702899
0,0.0
0,0.0
1,0.4470527152011382
0,0.0
1,0.15418582493115002
0,0.0
0,0.0
1,0.41171522519722176
0,0.0
0,0.0011971830985915493
0,0.0
0,0.0
0,0.14878863966295008
0,0.0
0,0.0
1,0.0827203539430342
0,0.0
0,0.0
1,0.5776548810051062
0,0.0
1,0.20325026386678668
0,0.0
1,0.030090925736611387
0,7.458702342817663e-06
0,0.0
0,0.0
0,7.458702342817663e-06
0,0.00010739265431895795
1,0.3763796110756803
1,0.0409839658944052
0,7.458702342817663e-06
0,0.0
1,0.3429900472435831
0,0.0
0,7.458702342817663e-06
0,7.458702342817663e-06
0,0.0
0,7.458702342817663e-06
0,0.0
0,0.3995825267258352
0,0.0
0,0.0
0,7.458702342817663e-06
1,0.38879367002264087
0,0.0
0,0.0
0,0.32121333716327316
0,0.0
0,0.0
0,0.0
1,0.18578687677729722
0,0.0
1,0.11342958958692195
0,0.0
0,0.0
0,0.10124687686101982
1,0.5678014362299838
0,0.0
0,0.4205713681127075
0,7.458702342817663e-06
0,0.0
0,0.0
0,0.16732467355357566
0,0.0
0,0.0
1,0.47698274927967604
1,0.3313704141414451
0,0.24141071102094014
1,0.2635791931558136
0,0.0007103641778831258
0,7.458702342817663e-06
0,0.2826375544739081
0,2.0876826722338202e-05
0,0.27995996601091755
0,0.0
0,0.0
0,0.0
0,0.471519340419039
0,0.36585776137035636
1,0.39390548198409114
0,0.0
0,0.0
0,0.0
0,0.17084368289615415
0,7.458702342817663e-06
0,0.0
0,7.458702342817663e-06
1,0.3263242104639011
0,0.0
0,0.17837301250742715
0,0.0
0,0.0
0,0.0
0,0.0
0,0.0
0,0.0
0,7.458702342817663e-06
0,0.0
1,0.44190588078166043
0,0.0
0,0.2552901823181018
0,0.0
0,0.4000764992927842
0,0.0
0,0.21524837856424084
0,0.18955419583054947
0,0.0
0,0.0
0,0.025
0,0.0
0,0.0
0,0.0
0,0.0
1,0.2911527159386281
0,0.0
1,0.2213292083125413
0,0.0
0,0.0
0,0.0
0,0.0
0,0.0
0,0.0
0,0.2841290739650483
0,0.15932552747990486
0,0.0
0,0.0
0,0.42084845193707976
0,0.0
1,0.35388423041009953
0,0.262639002435733
0,0.0
0,0.0
0,0.1741734371564409
0,0.49979369295466824
0,7.458702342817663e-06
0,0.0
0,9.052924791086351e-05
0,0.18025727567538666
0,0.0
0,0.0
0,0.0
0,0.0
0,0.0
0,0.0
0,2.0876826722338202e-05
0,0.3621159272882982
0,7.458702342817663e-06
0,0.29270148436331284
0,0.28929461267443146
0,0.0
0,0.0
0,0.15886939402531006
0,7.458702342817663e-06
0,0.4044171682161004
0,0.0
0,7.458702342817663e-06
0,0.0
0,0.2430591317662418
0,0.0
0,2.0876826722338202e-05
0,0.0
0,0.0
1,0.36215859609623924
0,0.0
0,0.0
1,0.2368668360284324
0,0.0
0,0.1860222738822243
0,0.24395557850326505
1,0.41528698432247746
1,0.18937505075323002
0,0.01225291184654433
1,0.4825237513038303
0,0.0
0,0.0
0,0.0
0,0.00018867924528301886
0,2.0876826722338202e-05
0,0.0
0,0.0
0,0.0
0,0.0
0,0.0
0,0.024619689727851567
0,0.0
0,0.00525
0,0.0
0,7.458702342817663e-06
0,0.0
0,0.2298621463216602
0,2.0876826722338202e-05
0,0.0
0,0.0
0,0.0
0,0.0
0,0.2588192693857416
0,0.0
0,0.11459495491840616
0,0.0
0,0.0
0,0.13038490535679337
0,0.0
0,0.0
1,0.4045467404668978
0,0.0
0,0.0
0,0.1952288225150839
0,0.36293066849596434
0,0.29853526109724576
0,0.19885228325479606
0,0.0
0,0.0
0,7.458702342817663e-06
0,0.18020618698829796
0,0.0
0,0.0
0,0.0
0,0.057484103128549055
0,0.0
0,0.0
0,0.0
0,0.0
0,0.0
0,0.0
0,0.11482578315273054
0,0.2812020244507487
0,0.0
0,0.0
1,0.493920771598263
0,0.0
0,0.23189012655859806
0,0.0
0,0.0
0,0.0
0,1.3010668748373666e-06
0,0.13621443394416122
0,0.0
0,0.0
0,0.0
0,0.20558804848339715
0,0.0
0,0.21144147845301153
0,0.4509938708754667
0,0.0
0,0.07616104775756463
0,0.0014015151515151514
1,0.22995791726428025
0,0.0
0,0.22893877298931312
0,0.0
0,0.0
0,0.43450100921104856
0,0.0
0,0.0
1,0.2823783588616725
0,0.03819342352013573
0,0.0
0,0.2302232030114439
0,0.0
0,0.0
0,0.17295251249479754
0,0.2882507499488504
0,0.146619713911282
0,0.0
0,0.0
0,0.0
0,0.21514467320122832
0,0.0
0,0.0
0,2.0876826722338202e-05
0,7.458702342817663e-06
0,0.011280757680050896
0,0.0
0,0.031174355103264002
1,0.43394053468230576
0,0.0
0,0.16288896602945788
0,0.0
1,0.46108683673927653
0,0.0
0,0.12147850646808235
0,0.0
1,0.589104799630104
0,0.0
0,0.0
0,0.0
0,0.0
0,0.3669964775139228
0,0.0
0,0.2965261139974692
0,0.07487352166723152
0,0.0
0,0.15073460255915966
0,0.0
0,0.0
0,0.0
0,0.17482719269739203
0,0.2762705678027924
0,0.0
0,0.20052596244492787
0,0.05244892840791212
0,0.0
0,0.0302018638342416
0,0.18676590849201824
0,0.0
0,0.4235241978629627
0,0.3739565237566361
0,0.012603302184497822
1,0.23475584025788954
0,0.38950554328481735
0,0.0
0,0.0
0,0.15245467534850632
0,0.0
1,0.30932463820804
1,0.5633598969441561
0,0.0
0,0.2134273069317802
0,0.0
0,0.0
0,0.0
0,0.1344690258498155
0,0.0
0,0.13396342776965392
0,0.0004832810867293626
0,2.0876826722338202e-05
0,0.0
0,0.0
0,1.6863406408094435e-05
0,0.321694331263236
1,0.391164566926835
1,0.2688657624603178
0,0.0
0,0.0
0,7.458702342817663e-06
1,0.4762186308309309
0,0.0
0,0.13347361963580456
0,0.0
0,7.458702342817663e-06
0,7.458702342817663e-06
0,0.2466550153770872
0,0.2911065583764341
0,0.21177462275635214
0,0.0
0,2.0876826722338202e-05
0,0.0
0,0.1346956828812499
1,0.2760131372612297
0,7.458702342817663e-06
0,0.0
0,7.458702342817663e-06
0,0.0
1,0.38930121400270984
0,0.11294544576207784
0,0.0
0,0.0
1,0.4910472356571676
0,0.0
0,0.0
0,0.0
0,2.9585798816568047e-05
1,0.3637844094383471
0,0.0
0,0.0
0,0.0
0,0.01797548082040641
0,0.1986477358564993
0,0.0
0,0.0
0,0.0
0,0.0
0,0.00035169141914191416
0,0.034648064753406434
0,0.0
0,0.0
0,0.0
0,0.19922695167831356
1,0.3269868829660406
0,0.0
0,0.0
0,0.0
0,0.1479974047908107
0,0.21859218355016047
0,0.0
0,0.0
0,0.0
0,0.0
0,0.0
0,0.528808525651891
0,0.0
1,0.1917729572173019
1,0.4346282506970542
0,0.0
0,0.0
0,0.0
0,7.458702342817663e-06
0,0.0
0,0.0
0,0.0
0,0.08525926254773608
0,0.0
0,0.25274692721151515
0,0.0
0,0.23251628780015948
0,0.1692248062972043
0,0.1501633189626549
0,0.0
0,0.23309446481140841
0,0.3061050828244598
1,0.4365028941366974
0,0.0
0,0.19272483967739049
0,0.0
0,0.0
1,0.3697109036789083
0,0.0
0,0.07291556277966055
1,0.42721696181587304
0,0.0
0,7.458702342817663e-06
1,0.26603918183873754
0,0.3088203085831531
1,0.4570850522992891
0,0.004070191388218289
0,0.33516480930270753
0,0.0
0,0.0
0,0.002485646181745997
0,0.28715405427128377
0,0.0
1,0.19874886837941338
0,0.031074820139075046
0,0.0
0,0.1292119353976578
0,0.0
0,0.0
0,0.0
0,7.458702342817663e-06
0,0.0
0,0.29096754133109987
0,0.0
0,0.17689522841461902
0,0.0
0,0.0
0,0.0
0,0.0
1,0.16976102823939052
0,0.0
0,0.35595464329660176
0,0.0
0,2.0876826722338202e-05
0,0.0
0,0.0
1,0.2876167603763868
0,0.0
0,0.0
0,0.3006885452059498
0,0.0
0,7.458702342817663e-06
0,0.0
0,0.0025308458290425146
0,0.0
0,0.0
1,0.8755860549027201
0,0.0
0,0.0
0,0.0
0,0.0
0,0.16059846961441704
0,0.0
0,0.0
0,0.0
1,0.3470625570240174
1,0.5970802624608114
0,0.2511843630604792
0,7.458702342817663e-06
0,1.6863406408094435e-05
0,0.0
0,0.28200862613765026
0,0.0
0,0.0001450676982591876
0,0.24541467758867955
0,0.0
0,0.0009048507462686567
0,0.0
1,0.3130371626253305
0,0.22837076962391445
0,0.0
1,0.45237318264800136
0,0.3492918279218713
0,0.2400043928631203
0,0.0
1,0.40332472174418915
0,0.22424547303797257
0,0.0
0,0.0
0,0.2757295999203773
1,0.5071841238373465
0,0.24465087490555906
0,0.0
0,0.20256198829955596
0,0.14766681116261593
0,0.1713631503941064
0,0.0
0,0.16764421266860585
0,0.11420192160013692
1,0.4923202186136526
0,0.0
0,0.0
0,2.0876826722338202e-05
0,0.0
1,0.6819901512985335
0,2.0876826722338202e-05
0,0.0014271198166645046
0,0.0004968817649848797
0,0.0
0,0.14353651788997673
0,0.01666619101685445
0,0.1746016773968079
0,0.08499730046051762
0,0.0
0,0.0
0,0.0
0,0.0
0,0.3879034431117446
0,0.0
0,0.22039022267084601
0,0.31943730590359765
0,0.0
0,0.16379540915155477
0,0.0
1,0.3469461507338862
1,0.46844834380251077
0,0.0
0,0.0
0,0.1644373730650613
0,0.0
0,0.0
0,0.0
0,0.0
0,0.2544628645221649
0,0.0
0,0.005065463342714047
0,0.0
0,0.0
0,0.364749554810077
1,0.4301969308130911
0,0.0
0,0.0
0,0.0
1,0.9699195126923523
0,0.0
0,1.6863406408094435e-05
0,0.0
0,7.458702342817663e-06
1,0.6278555250477722
0,0.0
0,0.0
1,0.8101963961131178
1,0.9917529013539652
0,0.24521519016265672
1,0.30300430761779196
0,0.0
0,0.0
0,0.0
0,0.10438146176035251
1,0.3264023145878856
0,0.22105743820699794
0,0.2458055935594735
0,0.0
0,0.0
0,0.0
0,0.024254221010636096
0,0.0
0,0.2337839629595461
0,0.34241305144023604
0,0.0
0,0.13670799470008435
0,0.0
0,0.0
0,0.0005576382380506092
1,0.2452874683668087
0,0.20982941077569678
0,0.0
0,0.0
0,0.0
0,0.0
0,0.0
1,0.31469531935504935
0,0.27901453781193086
0,0.11485004629509066
0,0.0
0,0.0
0,0.0
0,0.0
0,0.0
0,0.0
0,0.0
1,0.7355661251922276
0,0.0
0,0.31503844353797833
0,0.0
0,0.0
0,0.0
0,0.10754425579427884
0,0.18280669160092547
0,0.313843817986662
0,0.0
0,0.0
0,0.19869911869821977
1,0.18850309496427795
0,7.458702342817663e-06
0,0.20845351291832181
0,0.0
0,0.29269455048882465
0,1.6863406408094435e-05
0,0.05332209795153095
0,0.0
0,0.0
1,0.3228710398864731
0,0.0
0,0.13088233939818947
1,0.19557858393396305
1,0.6355820264541654
0,0.0
0,0.0
0,0.01992540890044181
0,0.0
1,0.1914315445630217
0,0.22167212121290253
0,0.0
0,7.458702342817663e-06
0,0.1854920376980142
0,0.0
0,0.0
1,0.3114770339151733
0,0.0
0,0.15552135758196323
0,0.37424116667116275
0,0.3631996478201217
0,0.0
0,0.0
0,0.0
0,0.0
0,0.0
0,0.33633354781768937
0,0.018314926491900082
0,0.0
0,0.0
0,0.0
0,0.44278632773802024
0,0.3066249970697775
0,7.458702342817663e-06
0,0.33684533483592927
0,0.04719531788976558
0,0.0
0,0.0
0,7.458702342817663e-06
0,0.0
0,0.0
0,0.0
0,7.458702342817663e-06
0,7.458702342817663e-06
0,0.0
0,7.458702342817663e-06
0,0.0
0,0.0
0,0.14017827840447336
0,2.9585798816568047e-05
0,0.0
0,0.0
0,0.20985659800556714
0,0.18799473447462303
0,0.18065308489576012
0,0.0
0,0.1386302840869935
0,0.42673108873163806
0,0.0
0,2.0876826722338202e-05
0,0.0
0,0.001156287527877852
0,0.0
0,0.0
0,0.0
0,0.04035944626228831
0,0.0
1,0.2770109797792482
0,0.2619519752039997
0,0.0
0,0.0
0,0.0
0,0.384946260404542
0,0.015583026876033433
0,0.24685723361318762
0,0.0
0,0.1827573581924635
0,0.0
0,0.0
1,0.3261897130533876
0,0.0
0,0.13283167318655248
0,0.019345231569595434
0,0.1783360779510776
0,0.0
0,1.6863406408094435e-05
0,0.0
1,0.28591018966843096
0,0.0
0,0.0
0,0.0
0,0.0
0,0.0
0,0.037310239532047554
0,0.0
0,0.0
1,0.1685590287425668
0,0.0
1,0.2267885215595215
0,0.44601562682720136
0,0.00017068379355946427
0,0.00034079203567615097
0,0.0
0,7.458702342817663e-06
1,0.31553557228510115
0,0.0
1,0.24082012024091148
0,0.0
0,0.0
0,0.0
0,0.0
0,0.0
0,0.0
0,0.0
0,0.0
0,0.0
0,0.0
0,0.0
0,0.0
0,0.1621307845072243
1,0.36306404564232453
0,0.0
0,0.0
0,0.0
0,0.0
0,7.458702342817663e-06
1,0.4400488248413953
0,0.012693440077556304
1,0.434944451211979
1,0.23699655663575098
0,7.458702342817663e-06
0,0.0
0,0.0
0,0.2745938287350375
0,0.0
0,0.4211115063465045
1,0.7521274378224507
0,0.0
0,0.0
0,0.4568900229832811
0,0.21452794700416905
0,0.0
0,0.20852721050902942
0,0.0
0,0.0
0,0.0
0,0.14572442686166126
0,7.458702342817663e-06
0,0.21491366245323593
0,0.0
1,0.4454406621199164
0,0.0
0,0.0
0,0.09782371175457652
1,0.6155373748312379
0,0.2312846179893771
0,0.00011415525114155251
0,0.0
0,0.0
0,0.0
0,7.458702342817663e-06
0,0.22771185532137597
0,0.0
0,0.37263387254986463
0,0.34797825011589134
0,0.0
0,0.06239646659965329
0,0.011788642584789595
1,0.6684077894883019
0,0.0
0,0.0
0,0.0
0,0.0014389920424403182
0,0.0
0,0.0
0,0.0
0,7.458702342817663e-06
0,0.10036348826581065
0,0.2796978777108535
0,0.0
0,0.2606192428047893
0,0.0
0,0.12076481732437261
0,0.0
0,0.0
0,0.22352411433598854
0,0.31545915689674847
1,0.27768529833147926
0,0.0
0,8.759043918779774e-05
1,0.4554977910079659
0,0.0002875728344991381
0,0.19782390177674414
1,0.5372120073043232
0,0.0
1,0.7576872406053462
0,0.003676271752334417
0,0.028016812983762254
0,0.0
0,0.2331086565224804
0,0.0
0,0.02340093077266668
0,7.458702342817663e-06
0,0.46233349927975903
1,0.31671581238544677
0,0.0007142857142857143
1,0.9883541365636788
0,0.009179404841319693
0,7.458702342817663e-06
1,0.8308757898023508
0,0.0
1,0.278063467455894
0,0.0
0,0.23530060969214792
0,0.0
0,0.0
0,0.0
1,0.5495445848063166
0,0.01760682043117169
0,0.0
0,0.0
0,0.017356860122924388
0,0.0
0,0.045548495937031044
0,0.0
0,0.26955438868488707
0,0.04038471982297711
0,0.16395756360850489
0,7.458702342817663e-06
0,0.0
0,0.292477917320853
0,0.0
0,0.0
0,7.458702342817663e-06
1,0.13787984789055321
0,0.1416073619432633
0,0.14282651694016193
0,0.0
0,0.0
0,0.2486084818292373
0,0.00031875834445927907
1,0.9952020785759902
0,0.0
0,7.458702342817663e-06
0,0.0
0,7.458702342817663e-06
0,0.0
1,0.5659877157997092
0,0.36489477124719605
0,0.0
0,0.0
0,0.36350472964154845
0,0.0
0,0.2797781051458894
0,0.24883801117051343
0,0.0
0,0.0
0,0.0
0,0.21048369938999567
0,0.0
0,0.0
1,0.44654492977299276
0,0.0
0,0.0
0,0.2144209957467672
0,0.0
0,7.458702342817663e-06
0,0.0
0,0.0
0,0.0
0,2.0876826722338202e-05
0,0.0
0,0.0
0,0.0
0,0.0014015151515151514
0,0.0
0,0.0
1,0.3425259805016639
0,0.0
0,0.0
0,0.21494165355598546
0,0.0
0,0.4241177093394723
0,0.0
0,0.0
0,0.0
0,0.0
0,0.0
1,0.15174803070555634
1,0.2179797238369463
0,0.0
0,1.3010668748373666e-06
0,0.0
0,0.0
1,0.6013486748271715
0,0.0
0,0.011356427242548458
0,0.0
0,0.0
0,0.30964483407251636
0,0.053834331088116666
0,0.0
0,0.1928078839613
0,7.458702342817663e-06
0,0.3415459130314703
0,7.458702342817663e-06
0,7.458702342817663e-06
0,0.0
0,0.0
0,0.17649509328794658
0,0.06098443321876556
0,0.0
0,0.0
0,0.0
0,0.224124157320804
1,0.732573611900719
0,0.1860853885948176
0,0.033728759722998956
0,0.0
0,0.0
0,0.0
0,0.0
0,0.0
0,7.458702342817663e-06
0,1.6863406408094435e-05
0,0.0
0,0.32637726254091126
0,0.25603683671613375
0,0.0
1,0.2888226950209915
0,0.0
0,0.0
0,0.0
0,0.0
0,0.0
0,0.14518297655308193
0,0.45036257481510056
0,0.0
0,0.0
0,0.0
0,0.19160715476531365
0,0.0
0,0.0
0,0.0
1,0.18911212970296645
0,7.458702342817663e-06
0,7.458702342817663e-06
1,0.28272485806587466
1,0.32504537424164615
0,0.2332550014903222
0,0.14087523418507775
0,0.0007434348232709351
0,0.4532180063526983
0,0.07788862302140813
0,0.0
0,0.0
0,0.0
0,0.1888762690282876
0,0.2012943323932395
0,7.458702342817663e-06
0,0.19900412336743578
0,0.5325991251334043
0,0.0
0,7.458702342817663e-06
0,0.0
1,0.3266538440679647
0,0.0
0,0.0
0,0.0
0,0.5377866199956505
0,0.32777146743921504
0,0.40225502897904436
0,0.0
0,0.17843821636300958
0,0.0
0,0.01857059670719573
0,0.0
0,0.0
0,7.458702342817663e-06
0,0.0
0,0.17296040507217214
0,0.3736581885932862
0,0.02368065266330174
0,0.0003508639737396444
0,0.0
0,7.458702342817663e-06
0,0.0
1,0.5111289128965645
0,0.0
0,0.0
0,0.1980575827515133
0,0.20115087640690255
0,0.0
0,0.013174656247929437
0,0.0
0,0.0
0,0.0
1,0.26836080033152226
1,0.3547755233750218
0,0.4791361163958552
0,0.4416795573765976
0,0.0
1,0.2808661872460975
0,0.0
0,0.0
1,0.4084699887976687
0,0.0
0,0.26003665463589454
0,0.0
0,0.0
0,0.0
0,0.0
0,0.010831194277040044
0,0.0
0,0.0
0,0.0
0,0.1801124601228646
0,0.0
0,0.23941946489578508
0,0.06352495848290785
0,0.20258552317789205
1,0.589104799630104
0,0.0
0,0.0
0,0.008777777777777778
0,0.2298621463216602
0,0.15546913654817535
1,0.2564793162423319
0,0.0
0,0.0
0,0.0
0,0.00018018018018018018
0,0.17945685783019386
0,0.0
0,0.1486350650194165
0,0.0
0,0.0
0,0.0
0,0.35770584737454086
0,0.0
0,0.0
0,0.0
0,0.0
0,0.0
0,0.0
0,0.0
0,0.0
0,1.6863406408094435e-05
0,0.23863294299740573
0,7.458702342817663e-06
0,0.0
0,0.0
0,0.0
0,0.0
0,0.0
0,0.0
0,2.0876826722338202e-05
1,0.14178175754243572
0,0.0
0,0.1309428387917141
0,0.0
0,0.35380468600419945
0,0.0
0,0.0
0,7.458702342817663e-06
0,0.0
0,0.40073860480936047
0,0.003995494586677743
0,0.0
0,0.3892200623652034
0,0.0
0,0.4042891764978581
0,0.0
0,0.0
0,0.0
0,0.0
0,0.0010654150942801413
0,0.0
0,0.06467725973803906
0,0.16695409356189259
1,0.38481757059083405
0,0.0
0,0.0
1,0.3561313654044686
0,0.16582653297161698
0,0.0
0,0.0
0,0.0
0,0.11720609926347114
0,0.0
0,0.0
0,1.3010668748373666e-06
0,0.0
0,0.0
0,0.22377649261975627
0,7.458702342817663e-06
0,0.0
0,1.6863406408094435e-05
0,0.0
0,1.6863406408094435e-05
0,0.0
0,0.17869578123967605
0,0.0
0,0.321214796260293
0,0.0
0,0.14343694457969625
0,0.28804183996072164
0,0.0
1,0.22420625049446524
0,0.0
1,0.25368007532170117
0,7.458702342817663e-06
0,0.4557278714263065
0,0.0
0,0.0
0,0.16779428539644875
0,0.0
0,0.0
0,2.0876826722338202e-05
0,0.0
0,0.4689806609537113
0,0.3252278526498625
0,0.0
0,0.0
0,0.0
0,0.0005797101449275362
0,0.0
0,7.458702342817663e-06
0,0.0
0,0.26517340106177123
0,0.40238749955946884
0,0.29732006222618257
0,0.21785409106110912
0,1.3010668748373666e-06
0,1.6863406408094435e-05
0,0.1639198413818592
0,0.14576122266746336
0,0.4742820447199968
0,0.40383506909415345
0,0.0
0,0.0
0,0.0
0,0.020465392616721603
0,0.0004157954814143721
0,0.0
0,0.06218072564649098
0,0.2594050559783835
0,0.0
0,0.0
1,0.2745380060145258
0,0.0
0,0.3637185128905329
0,0.0
0,0.16852085462763614
1,0.8516598827698193
0,0.0
1,0.3688255723157887
0,0.0
0,0.0
0,0.0
0,0.0
0,0.0
0,0.0
0,0.3283357011287657
0,0.31483871267882957
0,0.0
0,0.0
0,0.0008160420667175963
0,0.0
0,0.0
0,0.06602140936541911
0,0.0
0,0.1629628115388646
0,7.458702342817663e-06
1,0.5892330846328335
0,0.4369442934981987
1,0.3758205634625112
0,0.4975285570274703
0,0.0
0,0.0
0,0.0
0,0.27834675125571345
0,0.0
0,0.0
0,2.0876826722338202e-05
0,0.0
0,0.18425910628628547
1,0.7951102460759365
0,0.0
0,0.30517843614422213
0,0.0
0,0.0
0,0.28862572154220056
0,0.13990239141453398
0,0.1643240714672444
0,0.0
1,0.34097124391769645
0,0.0
0,0.3644574077472843
0,0.2169349991894978
0,0.0
0,0.0
0,0.0
0,0.0
0,7.458702342817663e-06
0,0.1696099083590377
1,0.5597090234184932
0,0.0
0,0.0
0,0.0
0,0.0
0,0.0007655370162125458
0,0.28104281476861565
0,0.0
0,0.0
0,0.2962116698146639
0,0.2103504623031544
0,7.458702342817663e-06
0,0.0
0,0.20137065164702758
0,0.25249720596628167
0,0.19843498559216868
0,0.3541678139317456
0,0.0
0,0.0
0,0.0051141552511415524
0,0.24688615700074082
0,0.0
0,7.458702342817663e-06
0,0.40000652137927817
0,0.0
0,0.0
0,1.6863406408094435e-05
0,0.0
0,0.0
0,0.24704600256406
0,7.458702342817663e-06
0,0.21296617451393124
0,0.2020241792133987
0,0.0
0,2.0876826722338202e-05
0,0.0
0,0.0
0,7.458702342817663e-06
0,0.0
0,0.1839686220679447
0,0.0
0,0.0
0,0.14890227085702487
0,0.012922711324966071
0,0.0
0,0.0
0,2.8735632183908045e-05
0,0.028958852170975068
0,0.0
1,0.7005789946858065
0,0.19563313949777797
0,0.0
1,0.17693604246785924
0,0.20694066360133134
0,0.0
0,0.0
1,0.3705572302271511
0,0.0
0,0.19139843987304403
0,0.0
1,0.6346457136291206
0,0.0
0,7.458702342817663e-06
0,7.458702342817663e-06
1,0.772839473284727
0,7.458702342817663e-06
1,0.1423522679588785
0,0.26354775820499143
0,0.0
0,0.17816119382813064
0,0.0
0,0.0
1,0.19632471144068897
0,0.4441538819151246
0,2.8735632183908045e-05
0,0.0
0,0.2847430396260068
0,0.0
0,0.0
0,0.0010654150942801413
0,0.39843009226279213
0,0.21687843252100925
0,0.06526297793384733
0,0.0
0,0.18099405281018033
0,0.0
1,0.2594391479548377
0,0.0
0,0.22444648371510834
0,0.0
0,0.0
0,0.14237262113177337
0,0.12857983538049453
0,0.0
0,0.0
0,0.0
1,0.3599775192506224
0,0.0
0,0.1916471451917278
0,0.00024074074074074075
0,0.0
0,0.0
0,0.0
0,0.0007505773672055427
0,0.007058848384948747
0,0.0
0,0.0
0,0.0
0,0.13386690155319012
0,0.0
0,0.0
0,0.15209665247119758
0,0.00011415525114155251
0,0.06342835285061775
0,0.0
0,0.0777518707565421
0,0.11084550665542556
0,0.0
0,0.005
0,0.35419075766116664
0,0.018716990413493086
0,0.0050593057072460665
0,0.0
0,0.16302921333839118
0,0.0
0,0.0
0,0.0
0,0.0
0,0.0
0,0.0
0,0.0
0,0.0
0,0.16693026189016283
1,0.6033444813360478
0,0.0
0,0.0
0,0.2409635408227803
0,0.0
0,0.008284162326689335
0,0.0
0,0.0
0,0.3108805640887067
1,0.2718173283568954
0,0.1647711099128779
0,0.0
1,0.6092672323314763
0,0.0
0,0.1397708833290541
0,0.0
0,0.0
0,0.0
1,0.43908937970056156
0,0.14244703554333427
0,7.458702342817663e-06
0,0.0
0,0.0
1,0.7106859173777355
0,0.27973162654426464
0,0.16568492302510673
0,0.00037821064778742567
0,0.0
0,0.0
0,0.0
0,0.14482324385050568
0,0.0
0,0.0
0,0.0
0,0.19436400107087543
0,0.0
0,0.0
0,0.0
0,0.15767874948219293
0,7.458702342817663e-06
0,0.0
0,0.0
0,0.0
0,0.0
0,0.22055643737226088
0,0.25617314937469315
0,0.0
0,0.20243755859122878
0,0.22152522898733337
0,0.29974718615155344
0,0.20450659377781621
0,0.0
0,0.0
0,0.0
0,0.0
0,0.1123808736795263
0,0.0
1,0.4614021522240466
0,0.15746537703720678
0,0.0
0,0.0
0,0.18594711578492354
0,0.0
0,0.14828459525215354
0,0.15758885856641222
0,0.0
0,0.0
0,0.0
0,0.0
0,0.0
0,7.458702342817663e-06
0,0.19214805699543747
0,1.6863406408094435e-05
0,0.27476534520802043
0,0.12747981074037257
0,0.0
0,0.0
0,0.004803841559135293
0,0.2137901370310277
0,0.0
0,0.0
0,0.0
0,0.0
0,0.0
1,0.5024995421373001
0,0.0
0,7.458702342817663e-06
0,7.458702342817663e-06
0,0.0
0,7.458702342817663e-06
0,0.0
0,0.0
0,0.0
0,7.458702342817663e-06
1,0.5117200695084558
0,0.0
0,0.0
0,0.0
0,7.458702342817663e-06
0,0.1244546525128729
0,0.0
0,0.0
0,0.22672939737104522
1,0.5424870453210263
0,0.437440325099055
1,0.5065232177969241
0,0.0
0,0.0
0,7.458702342817663e-06
0,0.0
1,0.562817487197352
0,0.0
0,0.0
0,0.0
0,0.0
0,0.0
0,0.18261467534969072
0,1.6863406408094435e-05
0,0.0
0,0.0
0,0.3720246744961856
0,0.19395025378212177
0,0.1976545971979447
1,0.18814654422414992
0,0.0
1,0.5653325348473661
0,0.0
0,0.0
0,0.0
0,0.0
0,0.1425723421116723
1,0.2882229688767891
1,0.44001053487643177
0,0.0
0,0.15427689504046999
0,0.0
1,0.19758019463274004
0,7.458702342817663e-06
1,0.24390622551700367
0,0.0
0,0.0
0,0.0
0,0.0007434348232709351
0,0.0
1,0.7018527559065493
0,0.0
0,0.0
0,0.0
0,0.28646302555025127
0,0.0
0,0.34342455495263047
1,0.43690873628202864
0,0.0
1,0.30812175933821306
1,0.16894600287103814
0,0.0
0,0.0009870326073272064
0,0.0
0,0.0
0,0.0
0,0.0
0,0.3513819633867712
1,0.513589379441782
0,0.14394914085044927
0,2.0876826722338202e-05
0,0.0
0,0.02399843524782732
1,0.820847191458967
1,0.20608485860023854
0,0.023525193098541303
1,0.407589290808171
0,0.18616281103990853
0,0.0
0,0.3769017145151332
0,0.009720042980287395
0,7.458702342817663e-06
0,0.35422161658939944
1,0.8485351160526953
0,0.0
0,0.017123868180801093
0,0.0
0,0.0
0,0.0
0,0.4191300086175333
0,7.458702342817663e-06
0,2.8735632183908045e-05
0,0.0
0,7.458702342817663e-06
1,0.1919299182467039
0,0.196346489872493
0,0.0
0,0.13883344134706685
0,0.0
0,1.6863406408094435e-05
0,0.23545237437150493
0,0.0
0,0.2012615147591603
0,0.0009187129392779645
0,0.0
0,0.0
0,0.0
0,0.0
0,0.0
0,0.0012609242901984322
0,0.0
0,0.5891216131944518
0,0.0
0,0.0
0,0.19861057155193204
0,0.005
0,0.17085510407383095
1,0.3039229052273895
0,0.0
0,0.0
0,7.458702342817663e-06
1,0.456346905561237
0,0.0
1,0.9878740720754484
0,0.0637025351280026
0,0.0006263527909261533
0,0.0
0,0.005307788112576158
1,0.784005655911586
0,0.0
0,0.0
0,0.20447496800694773
0,0.0
1,0.2613559062865004
0,0.0
0,0.0
0,0.3643140481116564
0,2.0876826722338202e-05
1,0.5353183339951503
0,0.0
0,0.45422032107885685
0,0.2596047054744834
0,0.21667248520212312
0,0.0
0,0.0
0,0.0
0,0.00011415525114155251
1,0.3061171590202688
0,0.00011415525114155251
0,7.458702342817663e-06
0,0.15673140926215756
0,0.00030778811257615806
0,0.00018867924528301886
1,0.17997444814107294
0,0.0
0,0.0
0,0.31159699522420714
1,0.26570733526663426
0,0.0
0,0.0
0,0.0
0,0.0
1,0.6743440999622125
0,0.0
0,0.0
0,0.0
0,0.153538255298673
1,0.44832310032589157
0,0.0
0,1.6863406408094435e-05
0,0.19344593599905743
0,0.0
1,0.4115725547729532
0,0.16476840729906006
0,0.18930556969945622
0,0.0
0,0.0
0,0.0
0,0.0
0,0.012963617704384709
0,2.0876826722338202e-05
0,0.0
0,0.0
0,0.0012745098039215685
0,0.0
0,2.8735632183908045e-05
0,0.0
0,0.039152010469937874
0,0.0
0,0.14112385685448292
0,0.0
0,0.1950425635118239
0,0.0
0,0.0
0,0.0
0,0.0
1,0.18784733473798393
0,0.3228529057376604
0,7.458702342817663e-06
0,0.0
0,0.21785814012104118
1,0.5700898008924132
1,0.28232798743656373
0,0.0
0,0.36453517682115893
0,0.0
0,2.0876826722338202e-05
0,0.0
0,0.0
0,0.0
0,0.0
0,7.458702342817663e-06
0,0.16075947066489105
0,0.0
1,0.3248677825006635
0,0.0
0,0.18089539091097226
0,0.0
0,0.1284231189467634
0,7.458702342817663e-06
0,0.4131500464848218
0,7.458702342817663e-06
0,0.0
0,0.4373684540808036
0,0.0
0,0.1680437183869941
0,0.23080279985693242
0,0.0
0,0.0
0,0.00100997150997151
0,0.014648467053195821
0,0.0
0,0.0
0,2.8735632183908045e-05
0,0.0
0,0.28476629060958947
0,0.0
0,0.0
1,0.16982618633939633
0,0.0
0,0.0
0,0.15343766258615432
0,0.2262777709250776
0,1.6863406408094435e-05
1,0.2672850663157756
0,0.05408789018338963
0,0.0
0,0.5783052082172615
0,0.3220618999007314
1,0.398603365239301
0,0.38967042224152304
0,0.0
0,0.0
0,0.0
0,0.0
0,0.0
1,0.5417101731001681
0,0.0
0,0.25052666203971724
0,0.0
0,0.21606697121975074
0,0.27204922339826676
0,0.49054028190475824
0,0.338742322449912
1,0.4442714559043348
0,0.3214389744052895
0,0.0
0,0.0
0,0.0
0,7.458702342817663e-06
0,0.0
0,0.23126310751109083
1,0.17191693887938406
0,7.458702342817663e-06
0,0.0
0,0.0
0,0.09460408933541874
0,0.882084100148163
0,0.0
0,0.0
0,0.0
0,0.0
0,0.0
0,0.0
0,0.0
0,0.0
0,0.01763723136579032
0,0.016493931686649047
0,0.0
0,1.3010668748373666e-06
0,0.0
0,0.0
0,0.0
0,0.0
0,0.00017050218060368723
0,0.0
0,9.052924791086351e-05
0,0.0
0,0.18292557352095706
0,0.17157486680344902
0,0.15896817873344113
1,0.9255234974898304
0,0.3439392734375258
0,0.0
0,0.20055945378129247
0,0.0
0,0.13267789478592837
0,0.0
1,0.7916124129357448
0,7.458702342817663e-06
1,0.6705037876796583
0,0.0
0,0.0
0,0.0
0,0.0
0,0.0
0,0.0
0,0.0
0,0.0
0,0.0
0,0.0
0,0.0
1,0.4221540346356726
1,0.46479459137280005
0,0.1992849323855051
0,0.0
0,0.0
1,0.2860338528754125
0,0.0
0,0.0
1,0.5393757980197904
0,0.0
0,7.458702342817663e-06
0,0.17850713656796266
0,0.0
0,0.0
0,0.0
0,0.0
0,0.0
0,0.18504060161881872
0,0.23964099374213702
0,0.0012745098039215685
0,0.0
1,0.4338729019625333
0,0.0
0,0.07413746437344142
0,7.458702342817663e-06
0,0.0
0,0.0
0,0.09717897594720057
0,0.4497614580061804
0,1.3010668748373666e-06
0,0.060199223131550274
1,0.32618256689791814
0,0.1400028649342725
0,0.0
0,0.0
0,0.0
0,1.6863406408094435e-05
0,0.10232579130681049
0,0.0
0,0.0
0,0.18452814116134547
0,0.0
1,0.323677947844714
0,0.0
0,7.458702342817663e-06
0,0.005030833084088357
0,0.009767609229657923
1,0.43001252322031375
0,0.09085943328567274
0,0.0
0,7.458702342817663e-06
0,0.0
0,0.15462042021623904
0,0.0
0,0.1023002462502141
0,0.13734378931372612
0,0.349048995994513
1,0.46118726449827513
0,0.30932901235826576
0,0.0
1,0.4018890936757044
0,0.0001450676982591876
0,0.0
0,0.031402876028382654
0,0.0
0,0.0
0,0.0
0,0.0
1,0.18180010337116037
0,1.3010668748373666e-06
0,0.42615858063297934
0,0.0
0,0.0
0,0.0
0,0.0012745098039215685
0,0.0
0,0.0
0,0.23212564726310994
0,0.0
0,0.009720042980287395
1,0.8951504575160064
0,0.0
0,0.0
0,0.2520204298643611
0,0.0
0,0.0
0,0.060864518084186366
0,0.0
0,0.0
0,0.0
0,0.21574262577431877
0,0.0
0,0.34448797827856126
0,0.0
1,0.490454554834785
0,0.0
0,0.0
0,0.0
0,0.09294902991706945
0,0.1095053838543383
1,0.4950500901901654
0,0.0
0,0.0
1,0.2755058262254032
0,0.0
0,0.0
0,0.0
0,0.0
0,0.0
0,0.0
0,0.0
0,0.2601975579483854
0,0.0
0,0.0
0,0.0
0,0.41205802038421213
1,0.4541501718812833
0,7.458702342817663e-06
0,0.0
0,0.0
0,0.0
0,0.0
1,0.9966032739322286
0,0.0
0,0.0
0,0.0
0,0.0
0,0.011843168709816953
0,0.0
0,0.0
0,0.0
0,0.0
0,0.0
0,0.0
0,0.0
0,0.0
0,0.0
0,0.0
0,0.0
0,0.0
0,0.0
0,0.14293154399009134
1,0.438039785842954
0,2.9585798816568047e-05
0,0.19405559082858304
0,0.0
1,0.20899316388873193
1,0.4285145131960121
0,0.0
1,0.47407957094108816
0,0.0
0,0.0
0,0.0
0,0.0
0,1.6863406408094435e-05
0,0.0
0,0.14754836337880325
0,0.0
0,0.0
0,0.0
0,0.0
0,0.01705626898578003
0,0.0
0,0.20609057822620203
0,0.0
0,0.00486345339353845
1,0.6678105098733602
0,0.0
0,7.458702342817663e-06
0,0.0
0,0.1780743152381581
1,0.6761066561081495
0,0.0
0,0.33366179480299585
0,0.3440227043746688
0,0.0
1,0.9828278559670167
0,0.21013022584743035
0,0.06518950049005647
0,0.0
0,0.0006263527909261533
0,0.0
1,0.29465840527923015
0,0.0
0,0.354924410676235
0,0.5656047578296182
0,0.19860561886284142
0,0.21229206090928154
0,0.18883385052215362
0,0.18385603272131065
0,0.00034079203567615097
0,0.19736709382025816
0,0.0
0,0.005065463342714047
0,0.0
0,0.0
0,0.43372250741878104
0,0.0
0,0.0
0,0.0
0,0.0
0,0.0
0,0.0
0,7.458702342817663e-06
1,0.3333086479957663
0,0.13270177829393437
0,0.0
0,0.0
0,0.1763434597380015
0,0.02897895516334744
0,0.0
0,0.15304467801772734
0,0.0
0,0.0
1,0.2859589065024337
0,0.2870502915426268
0,0.0
0,0.2877127490705417
0,0.04715136306778965
0,0.16629769005555303
0,0.0
0,0.0
0,0.0
0,0.0
0,0.2969190616456995
0,0.0
0,0.47435464399857025
0,0.0
0,0.18428795835824663
0,0.0
0,0.0
0,7.458702342817663e-06
0,0.14202528788984392
0,2.0876826722338202e-05
0,0.0
0,0.2736099275675822
0,0.0
1,0.36834246301593354
0,0.0
0,0.0
0,0.0
0,7.458702342817663e-06
0,0.0
0,0.16507772041250854
0,0.0002852546141470381
0,0.0
0,0.0
0,0.0
0,0.0
0,0.1731781659454834
0,0.1405725062826095
0,0.0
0,0.11787774265477062
0,0.0
0,2.8735632183908045e-05
0,0.0
0,0.20324824546554776
0,0.0
0,0.0
0,0.0040908545211954805
0,0.20888693029985614
1,0.1613093709172774
0,0.14667935506193838
0,1.6863406408094435e-05
0,0.0
1,0.8666328053548102
0,0.0
0,0.0
0,0.32823627619511003
0,0.0
0,0.23813831767786264
0,0.2230836551410438
0,0.001793824995991711
0,0.0
0,0.04506247712291651
0,0.0
0,0.0
0,0.0
0,0.0
0,0.0
0,0.0
0,0.15617281478075834
0,0.0
0,0.0
0,0.0
0,0.0
0,0.0
0,0.0
0,0.0
0,0.0
0,0.15937286697461467
0,0.0
0,0.0
0,0.41038704402149767
0,0.0
0,0.0
0,0.33426072047554384
0,0.0
0,0.0013000956679437656
0,0.35783890492307074
0,0.4280474541714879
0,0.0
0,0.0
0,0.0
1,0.2675772395126888
0,0.0
0,2.0876826722338202e-05
0,0.0
0,0.0004832810867293626
0,0.5249535384555833
0,0.0
0,0.0
0,0.12420004539619288
0,0.0
0,0.26352741977281535
0,0.0
0,0.0
0,0.19813659397167402
0,0.0
0,0.0
0,0.010007458702342818
0,0.0
0,0.0001450676982591876
0,0.0
0,0.22247849162374056
0,0.22070701258884995
0,0.0
0,0.0
0,0.0
0,0.0
0,7.458702342817663e-06
0,0.0
0,0.0
0,0.0
1,0.6740726206217029
0,0.0001450676982591876
0,0.0
0,0.0
0,0.3601866841327305
0,0.010291549611433725
0,0.26272412770629144
0,0.0
0,0.14772716685599485
0,0.006509198924537694
1,0.2759526693986236
0,0.0
0,0.4856886844831038
0,5.494505494505495e-05
0,0.2814861229863008
0,0.0
0,0.0
0,7.458702342817663e-06
0,0.0
0,0.0
0,0.26871748879881985
0,0.0
0,0.0
0,0.0
0,0.1798634953436447
0,0.030139446937289326
0,0.0
0,0.0
0,0.0
0,0.052201424538404054
0,0.00018018018018018018
0,0.0
1,0.18311247948972675
0,0.0
0,0.06277544328833783
0,0.0
0,0.0
0,0.0
0,0.0
1,0.14252582390171317
0,0.0
0,0.48473493886496805
0,0.23283312420094643
0,7.458702342817663e-06
0,0.0
0,0.24546673895992233
0,7.458702342817663e-06
0,0.0
0,0.0
0,0.0
0,0.33725185946264274
0,0.2407538850332121
0,0.0
0,0.29484065822016636
0,0.0
0,0.2939728150441708
0,0.384833670536118
0,2.0876826722338202e-05
0,7.458702342817663e-06
0,0.0
1,0.17537953689478297
0,0.0
0,0.0
0,0.0
0,0.16853417331752496
0,0.16716956301743796
0,2.0876826722338202e-05
0,0.0
0,2.9585798816568047e-05
0,0.0
0,0.0
1,0.4241691723941486
0,0.0
0,0.0
0,0.17991747447414053
0,0.0
0,0.0
0,0.0
0,0.0
0,0.19619935602343705
0,0.003862791075833051
0,0.0
0,0.18646329940312953
0,0.0
0,0.0
0,0.0014389920424403182
0,0.0
0,0.0
0,0.0
0,0.0
0,0.0
0,0.4178418826690213
0,0.0
0,0.18800834479307857
0,0.0
1,0.19441726082081892
0,0.0
0,0.0
1,0.7659807794300639
0,0.3105590016014622
0,0.07918806539869463
0,0.0
0,0.0
0,0.0
0,0.18077674536916566
0,0.0
0,0.19080046249701932
0,0.0
0,0.16771089135570194
0,0.0
0,7.458702342817663e-06
0,0.0
0,0.0
0,0.0
0,0.0
0,0.0030638297872340424
0,0.0
0,0.0
0,0.0003592400690846287
0,0.1788246670629833
0,0.19716827816116317
0,0.11921037663266293
0,0.07438457475387443
0,0.27374062640150015
0,0.1616232061015027
0,0.0
0,0.1904020708864638
0,0.0
0,0.0
0,0.0
0,0.0
0,0.0
0,7.458702342817663e-06
0,0.0
0,0.0
0,0.0
0,0.16840265515034386
0,0.0
0,0.0
0,7.458702342817663e-06
0,0.0
0,0.0
0,0.0
0,2.0876826722338202e-05
0,0.0
0,0.4212926648203244
0,0.0
0,0.27467722838741077
0,0.4122629754232652
1,0.9202630785732326
0,0.28825204109685193
0,0.0
0,0.00018867924528301886
0,0.0
0,0.02296360486057192
1,0.8956958319167218
1,0.4414892998146344
0,0.0
0,0.0
0,0.18041243286924913
0,0.24487610975193072
1,0.19358735686700432
0,0.0
0,0.0
0,0.0
0,0.0
0,7.458702342817663e-06
0,0.0
0,0.0
0,0.0
0,0.2231394338180728
0,0.00011415525114155251
0,1.6863406408094435e-05
0,0.0
0,0.28753976266896947
0,0.17166272115638853
0,0.0
0,0.0
0,0.0003508639737396444
0,0.005
0,0.45314320473397757
0,0.0
1,0.2723279940097108
0,0.09072370336810265
0,0.07439989996744033
0,0.1790192061364927
1,0.22282142142274797
0,0.0
1,0.26889210806031605
0,0.0
0,0.22133105016349808
0,0.0
0,0.0
0,0.06829610089015568
0,0.0
0,0.00011415525114155251
0,0.0
0,0.0
0,0.20754941818617112
0,0.2889401500535118
0,0.01
0,0.15794934342211414
0,0.0
0,0.0
0,0.0
0,0.0003333333333333333
1,0.37345795197334897
0,0.005
0,0.0
0,0.0
0,0.0
0,0.0
0,0.00020113199919142912
0,0.0
0,0.0
0,1.3010668748373666e-06
0,0.3054634447564521
0,0.013464618637272078
0,0.0
0,0.07121416495034957
0,2.9585798816568047e-05
0,0.0
0,0.0
0,0.0
0,0.0
0,0.17938291058259775
0,0.0007692739659813875
0,0.0
0,0.16177137385288176
0,0.0
0,0.4101345785411292
0,0.0
0,0.3218931672443621
0,0.0
0,0.0
0,2.0876826722338202e-05
0,0.0050099681020733654
0,0.17717232581903228
0,0.0
0,0.092893876519221
0,0.0
0,0.20917274746860234
1,0.5572674925650977
0,0.0
0,0.0
0,0.0
0,0.0
0,7.458702342817663e-06
0,0.22124060861604786
0,0.00017241379310344826
1,0.5129212854949252
0,0.0
0,0.4062004974859289
0,0.0
1,0.3056772939708356
0,0.0
0,0.0
1,0.3494577271932413
0,0.0
0,0.0
1,0.3552243567784228
0,0.06097285611606338
0,0.0
0,0.0
0,0.0
0,0.04198956497376764
0,0.0
0,7.458702342817663e-06
0,0.0
0,0.0
0,0.0
0,0.1573960757864792
0,0.0
0,0.0
0,0.0
0,0.0
1,0.14095742446736823
0,0.13040666210316415
0,0.0
0,0.0
0,0.0
1,0.5234137545164941
0,0.0
0,0.0
0,0.0
0,0.0
0,0.22261160113489495
0,0.0
1,0.07445393299086346
0,0.13550079540128332
0,0.0
0,0.0
0,0.22197228172886366
1,0.6729225775808797
1,0.47139679067243606
0,0.0
0,0.0
0,0.0
0,7.458702342817663e-06
0,0.11472701718729521
0,7.458702342817663e-06
0,0.0
0,0.1473840594380998
0,0.1424015047729602
0,0.0
0,7.458702342817663e-06
0,0.06439650576151877
0,0.0
0,0.0
0,0.0
0,0.2077174483467493
0,0.0
0,0.1275412689831232
0,0.0
1,0.3023634966487419
0,0.0
0,0.0
0,0.0
0,0.0
0,0.0
0,0.24085638697364228
0,0.00018867924528301886
0,0.12346874838161524
1,0.9142529013539652
0,0.0
0,0.22808314875481295
0,7.458702342817663e-06
0,0.24121110200106294
0,0.0
0,0.0
0,0.001417631211175903
0,0.0
0,0.0
0,0.0
0,0.17187892837295773
0,0.0
0,0.0
0,0.1877176948636455
0,0.4618607147654851
0,0.0
0,7.458702342817663e-06
1,0.7253368048774322
0,0.0
0,0.0
0,0.09743224049873556
0,0.0
0,0.20672683772949596
0,0.0
0,0.0
0,0.16467646906892813
0,0.0
0,0.16509627508150015
0,0.0
0,0.0
1,0.6674708464813124
0,0.0
0,0.3122455231129849
0,0.1312229986516237
0,0.0
0,2.8735632183908045e-05
0,0.04558842957187799
0,0.0
0,0.349760092991344
0,0.26025746221868384
0,0.0
0,0.0
0,0.0
0,0.0
0,0.0
0,0.4266813932022967
0,0.0
0,0.24281756004752555
0,0.016926571798307703
0,0.0
0,0.17786622159420962
0,7.458702342817663e-06
0,0.0
0,7.458702342817663e-06
0,0.0
0,0.016155490486568683
0,0.0
0,0.0
0,0.0
0,0.0
0,0.4555720906791979
0,0.15227077092035782
0,7.458702342817663e-06
0,0.0
0,0.0
0,0.14860917263737103
0,7.458702342817663e-06
0,2.0876826722338202e-05
0,0.27133129485685503
0,0.0
0,0.0
0,0.0012113801741619945
0,0.001628987524745186
0,0.0
0,0.0071890391554484
0,0.0
1,0.2598563915349158
0,0.0
0,0.25685634994179485
0,0.0
0,0.0
0,0.0
0,0.0
0,0.0
0,0.0
0,0.0
0,0.0
0,7.458702342817663e-06
0,0.0
0,0.0
0,0.0
0,7.458702342817663e-06
0,0.0
0,7.458702342817663e-06
0,0.0
0,0.0
0,0.0029850746268656712
0,0.28226952496499147
0,0.3285409017029407
0,0.138128221412483
0,0.0
0,0.0
0,0.0
0,7.458702342817663e-06
0,0.0
0,0.0
1,0.6623609116151976
1,0.4593662846596975
0,0.0
1,0.44534454105916027
0,0.0006263527909261533
0,0.0
0,0.0
0,0.24641628692625178
0,0.0
0,0.0
0,7.458702342817663e-06
0,0.001954225352112676
0,0.338224385042195
1,0.22222217461661195
0,0.1521744610151252
0,0.03016401643377398
0,0.0
0,0.16106578924022708
0,0.13776514303732756
0,0.0
0,0.0
0,0.0
0,0.0
0,0.14623469991802618
0,0.0
0,0.01574425215507328
0,0.0
0,0.0
0,0.0
0,0.19673377530326197
0,0.0
0,0.0
0,1.3010668748373666e-06
0,0.0
1,0.28062438847513393
0,0.0
0,0.0
0,0.0
0,7.458702342817663e-06
0,0.0
0,0.0
1,0.1985332058114794
0,0.0
0,0.0
0,0.0
0,0.0
0,0.0
0,0.0
0,0.0
0,0.3670391185979265
0,0.0
0,0.0
0,0.1698708948970776
0,0.0
1,0.37484204596879295
0,0.28471800410584974
0,0.0
0,7.458702342817663e-06
1,0.8630667161736961
0,0.0
0,0.2216127910171584
0,0.0
0,0.0
0,0.0
0,0.0
0,0.12407694757773713
0,0.0
0,0.14874212573071924
0,0.1334748099277952
1,0.5691917306730775
0,0.0
1,0.4492916590251199
1,0.2500551088423268
0,0.0
0,0.13384190525325748
0,0.17096545549008568
0,0.0
0,0.16194103708870738
1,0.202346948839101
1,0.33449220172086425
0,0.0
0,0.1774861936182935
0,0.0
0,0.0
0,0.0
0,0.0
0,0.0
0,0.0
1,0.34739105352857047
0,0.0
0,0.0
0,0.0
0,0.15781073787660024
0,0.0
0,0.0
0,0.012178581626267272
0,0.0
0,0.1714724045202643
0,0.0
0,0.0003635060901674774
0,0.0
0,0.13287545981131735
0,0.0
0,0.25765297801525106
0,0.0
1,0.15711195910345707
1,0.8645820987403972
0,0.0
0,0.1939649458164103
0,0.24170725491093362
0,0.0
0,0.21152245558074043
0,0.0
0,0.0
0,0.0007505773672055427
0,0.30688960523802766
0,0.0
0,0.0
0,7.458702342817663e-06
0,0.42555900221074283
1,0.2572615081953174
1,0.4581103756119602
0,0.0
0,0.0
0,0.0
0,0.0
0,2.0876826722338202e-05
0,0.0
0,0.0
0,0.24463310473534494
0,7.458702342817663e-06
0,0.00025
0,0.236382961408831
0,0.00017068379355946427
0,0.0
0,0.00015796618536344565
0,0.0
0,0.0
0,0.2928641897984252
0,0.0
0,0.0
0,0.1989385992724987
0,0.0
0,0.00017068379355946427
0,0.42793910617047165
1,0.37418519252786164
0,0.0
0,0.0
0,0.0
0,0.0
0,0.0
0,0.0
0,0.33758791312430175
0,0.0
0,0.0
0,0.0
0,0.22806973885227286
0,0.00100997150997151
0,0.19773469587601653
0,0.48298443760900606
0,0.0
0,0.0
0,0.493684975468086
0,0.0
0,0.0
0,0.0
0,0.0
0,0.1831761941246575
0,0.1707417245315897
0,7.458702342817663e-06
0,0.005007458702342818
0,2.0876826722338202e-05
0,0.07765892136409491
0,0.0
0,0.02625512514652964
0,0.0
0,0.0
0,0.0004968817649848797
0,0.0
0,0.003333333333333333
1,0.7075716940257718
1,0.1721768230912847
0,0.0
0,7.458702342817663e-06
0,0.0
0,0.0
0,0.0
0,0.0
0,0.0
0,0.0007505773672055427
0,0.0
0,0.528152084141069
0,0.3436216602522551
0,0.2512256950240794
0,7.458702342817663e-06
0,0.0
0,0.0001450676982591876
0,0.09581996863298332
0,0.3434587261710774
0,0.1721917272915419
0,0.0
0,0.0
0,0.0
0,0.14642827855862173
0,0.0
0,0.0
0,7.458702342817663e-06
0,0.0
0,0.0
0,0.0
0,7.458702342817663e-06
0,0.005
1,0.456346905561237
0,0.0
0,7.458702342817663e-06
0,0.3301215771024901
0,0.0
0,0.0
0,0.0
0,0.0
0,0.0
0,0.0
0,0.2627530232116746
0,0.014949674674896893
1,0.24452268614089617
0,0.0
0,0.0
0,0.17559151028572542
1,0.1774335331934158
0,0.0
0,0.0
0,0.0
1,0.3196491613237499
0,0.0
0,0.0
0,0.0030373793246133668
0,0.13143508658972827
0,0.0
0,0.0
1,0.34374519831949285
0,0.20192280059499065
0,0.0002694763729246488
0,0.0
0,0.22515537636330893
0,0.0
0,7.458702342817663e-06
0,0.35496279410942677
0,0.2168034154602429
0,0.0
0,0.18667515796987175
0,0.26080342730934425
0,0.0
0,0.0
0,0.1596766835935204
0,0.0
0,0.0
0,0.0
1,0.3837168780939252
0,0.3280229141934437
0,0.0
0,0.0
0,0.005
1,0.392416218161025
0,0.0
0,0.0
0,0.010065463342714047
0,1.6863406408094435e-05
0,0.0
0,0.0
0,0.4833219156903484
0,0.0
0,0.0
0,0.027161524008763385
0,0.0
1,0.40753725467830404
0,0.0
0,0.2483566319832322
0,0.0
0,0.0
0,0.0
0,0.0
0,1.6863406408094435e-05
0,0.0
0,0.0
0,0.0
0,5.494505494505495e-05
0,0.0
0,0.0
0,7.458702342817663e-06
0,0.14952669707421262
0,0.0
1,0.32977203773371466
0,0.0
0,0.19815967479459132
0,0.0
1,0.2722965008094674
0,0.0
0,0.0
0,0.0
0,0.0
0,0.0
0,0.0
0,0.0
0,0.0
0,0.0
0,0.06346409887229067
0,0.0
0,0.36088344629305064
0,0.14847599421616062
1,0.9826669858941056
0,0.0
0,0.0
1,0.4057577292844888
0,0.0
1,0.179244103261812
0,0.0
0,0.0
0,0.0
0,0.0
0,0.4058460848432203
1,0.33852984701132227
0,0.018022007365502943
0,0.17174967064209937
0,0.0
0,0.2799572977266765
0,2.0876826722338202e-05
0,0.20871353303871676
0,0.0
0,0.3231730240883025
0,0.0
1,0.4596203064896682
0,0.0
0,0.3607875743532668
0,0.0
0,0.00011415525114155251
0,0.013327722821830208
0,0.0
0,0.0
0,0.0
0,0.0
0,0.17327306400704734
1,0.49115558367622675
0,0.00030778811257615806
0,0.0
1,0.16692208861824498
0,7.458702342817663e-06
1,0.2549152051459996
0,0.0
0,0.0
0,0.0
0,0.0
0,0.42595254687817585
0,0.0
0,0.0
0,0.00018867924528301886
0,0.0
0,0.22593379563148555
0,0.008371212121212121
0,0.18439820480664915
0,2.0876826722338202e-05
0,0.0
0,0.0
1,0.6013486748271715
0,0.0
0,7.458702342817663e-06
0,0.0
0,0.0
0,0.0
0,0.14082621618695057
0,0.0
0,0.00017241379310344826
0,7.458702342817663e-06
0,0.3791836267818261
0,0.1910014993471868
0,0.0013690476190476191
1,0.5509769775375948
0,7.458702342817663e-06
0,0.0
0,0.00011415525114155251
0,0.0
0,0.3733725143878249
0,0.10782058346176696
0,0.0
0,0.0
0,0.19396785672248287
0,0.07656183304589924
0,0.0
0,0.0
0,0.0
0,0.0
0,0.0
0,0.17139922066764116
0,0.22657320122116165
0,0.2461915260459952
0,0.18446112390337022
0,0.0
0,0.0
0,0.005121212121212121
0,0.0
0,0.0
0,0.0
0,0.23446637799408607
0,0.0
0,0.0
0,0.0
0,0.0
0,7.458702342817663e-06
0,0.0
0,0.0721285165521221
1,0.6788100710719859
0,0.0
0,0.0002852546141470381
0,0.1416994961606649
0,0.0
0,0.0
1,0.22234647722244363
0,0.0005576382380506092
0,7.458702342817663e-06
0,0.0
0,0.03688106281438831
0,0.0
0,0.0
0,0.0
0,0.0
0,0.0
0,0.17921905154420892
0,0.0665097650982329
0,2.9585798816568047e-05
1,0.31486021268103387
0,0.011560327024534965
1,0.5463874918057059
0,0.13134289038079486
0,1.3010668748373666e-06
0,0.0
0,0.0
0,0.1342049231467449
0,0.0
0,0.0
0,0.0
0,0.2865115030145841
0,0.0
0,0.0
0,0.2134248221136329
0,0.0
0,0.0
0,0.0
0,0.0
0,0.23673726376748835
0,0.18710343648630218
0,7.458702342817663e-06
0,0.20043314913556132
0,0.2613963101691627
1,0.40346345872898143
0,0.0
0,7.458702342817663e-06
0,0.0
0,0.0
0,0.03624331415826563
0,0.41531442266424656
0,0.0
0,0.0
0,0.21867789300459609
0,0.2304965006298365
1,0.3809999774070536
0,0.09116612236647909
0,0.0009187129392779645
0,0.0
1,0.2802325808094006
0,0.0
0,0.15718532717219805
0,0.0
0,0.0
0,0.0
0,0.0
0,0.0
0,0.0
1,0.4914370630605338
0,7.458702342817663e-06
0,0.0
0,0.0
0,0.23216912137473286
0,0.0310679576833423
0,0.23386781541405646
0,0.17849903894936184
0,0.0
1,0.659693566547769
0,7.458702342817663e-06
0,0.2879384455542049
0,0.3686914580842682
0,0.17461846253891075
0,0.18158056862207972
0,0.0
0,0.7820112351250311
0,0.0
1,0.045534923950019256
1,0.1780299185273752
0,0.2732067777288903
0,0.0
0,0.23894050073714163
0,0.0007434348232709351
0,0.0
0,0.15325768126697434
0,0.29714143295263074
0,0.0
0,0.07455463180592796
0,0.0
0,0.12920574413265803
0,0.0
0,0.0
0,0.0
0,0.0
0,0.0
0,0.0
0,0.14912153277954435
0,0.11627765267134693
0,0.0005756674243467004
0,0.2873497900705842
0,0.0
0,0.37981524848233106
1,0.574345093182376
0,0.0
0,0.31476571674690235
0,0.3309553786016516
0,0.3984668893227324
0,0.0
0,0.0
0,0.40039325696013073
0,0.06762122051465554
0,0.400082882631019
0,0.4044823383915721
0,0.0
0,0.20833443453678405
0,0.0
1,0.6876214299947344
0,0.2933817206032957
0,0.309436891105987
0,0.46840529883075654
1,0.594980025157771
0,0.0
0,0.029561269411962306
0,1.6863406408094435e-05
0,0.0
0,0.0
0,0.4288135476956981
0,0.0
0,0.0
0,5.494505494505495e-05
0,0.0
0,0.0
0,0.35466502247967535
0,0.002805824580000642
0,0.1826899263476093
0,0.3565407951763261
0,0.01694726830835118
0,0.2380914479688472
0,0.0
0,0.0
0,0.0
0,0.0
0,0.20019975904363707
0,0.09813855584080859
1,0.22205727633341174
0,0.0
1,0.17321437281718655
0,0.560822455193823
0,0.19884096314012986
0,0.0
0,0.0
0,0.0
0,0.0
0,0.0
0,0.0
0,0.18217117279666556
1,0.24269921507237954
0,7.458702342817663e-06
0,7.458702342817663e-06
0,0.13138260495524615
0,0.0
0,0.0
0,2.0876826722338202e-05
0,0.0
0,0.0
0,0.0
0,0.0
0,0.0
1,0.44297249913438136
0,0.0
1,0.5341701867421239
0,0.20738805219043752
0,0.0
0,0.0
0,0.0
0,0.1344445632104222
0,0.5273805494544674
0,0.24762833435746764
0,0.00011415525114155251
0,0.0
0,0.0
0,1.3010668748373666e-06
0,0.0
0,0.0001450676982591876
0,0.0
0,0.0
0,0.0
0,0.0
0,0.00011415525114155251
0,0.0
0,0.02531416880409774
0,0.26732220786741734
0,0.0
0,0.0
0,0.0
0,0.2811393925735959
0,0.0
0,0.0
1,0.4442714559043348
0,0.010317502161888242
0,0.0
0,0.10113693706070782
0,0.0
0,0.2933146972000553
0,0.0
0,0.00011415525114155251
1,0.7659745826723436
0,0.3529352063670329
0,0.2797538904352573
0,0.19015841673357603
0,0.3600237145397129
0,0.0
0,0.0
0,0.0
0,0.0
0,0.048244555807127554
0,0.1459758172607894
0,0.00011415525114155251
0,0.0042603551765875115
0,0.18733046872972017
0,0.0
0,0.0
1,0.472549310290742
0,0.0
0,7.458702342817663e-06
0,0.0
0,0.0
0,0.30089873680654294
0,0.0
0,0.05033626620923836
0,0.0
0,0.40952946609034535
0,0.3279775273463082
0,0.0
0,0.0
1,0.7959806470876626
0,0.36366298369340355
0,0.005065463342714047
0,0.0
0,0.21774691985941502
0,0.0
1,0.5568315441048645
0,0.0
0,0.0
0,0.003862791075833051
0,0.0
1,0.6772601710997671
0,0.043792059681803774
0,0.20272244948285992
0,0.0
0,0.0
0,0.0
0,0.0
1,0.7028549665769728
0,0.0
0,0.0
0,0.0037513010668748376
0,0.25352078532587347
0,0.18165442346815905
0,0.0
0,0.0
0,5.494505494505495e-05
0,0.0
0,0.1439462328963609
0,0.0
0,0.0
0,7.458702342817663e-06
0,0.016667608213900297
0,0.25023774815918726
0,0.32234336014877946
0,0.0
0,7.458702342817663e-06
0,0.14324190538786732
0,0.0
0,0.0
0,0.2520168701755703
0,0.0
0,0.0
0,0.18562056667596194
0,0.0
0,0.00018018018018018018
0,0.0
0,0.17772515577243603
0,0.0
0,0.23357154571899108
0,7.458702342817663e-06
0,0.0
0,0.0
0,0.2345778689081839
0,7.458702342817663e-06
0,7.458702342817663e-06
0,0.0
0,0.0
0,0.16601150608340032
0,0.0
0,0.0
1,0.4941294829547689
1,0.31658001432315463
0,0.0
0,7.458702342817663e-06
0,7.458702342817663e-06
0,0.0
0,0.0
0,0.0
0,0.0
0,0.0002852546141470381
0,0.0
0,0.0
0,0.24213158644436383
0,0.0
1,0.38823228488839695
0,0.00017241379310344826
1,0.4438510759322856
0,1.3010668748373666e-06
0,0.02607060524385607
0,0.0001388888888888889
0,0.23781318076420369
0,0.0
0,0.0
0,0.0
0,0.19472268117392663
0,0.0
0,0.0
0,0.0
0,0.0
0,0.17060262779603053
0,0.09094436137994155
1,0.22315269516208236
0,0.0
0,0.0
0,0.0
1,0.18664854845991952
0,0.0
0,0.0
0,0.4435217158425511
0,0.0
0,0.19041310792798646
0,0.0
0,0.0
0,0.0
0,0.19103272032899907
0,0.0
0,0.0
0,0.016638969753384632
1,0.255352699457693
0,0.0
0,0.2218735643514848
0,0.0
0,0.0
0,0.0
0,0.0
0,0.0
1,0.16683201058163408
0,0.0
1,0.42580672262076896
0,0.0
0,0.0
0,0.0
0,0.15930251596579215
0,0.0
0,0.25281990446847036
0,0.0
0,0.7497706056846123
0,6.546334271404736e-05
0,0.04357134484337173
0,0.0
0,0.0
0,0.0
1,0.8240584920259372
0,0.0
0,0.3034874518904032
0,0.0
0,0.0
0,0.29232896625825394
0,0.0
0,0.0
0,0.0
0,0.0
0,0.344931067976479
0,1.3010668748373666e-06
0,0.17124094094745615
1,0.24202925151488283
0,0.0
0,0.0
1,0.3448016234139654
0,0.5820684754512996
0,7.458702342817663e-06
0,0.0
0,0.0929200190434861
0,0.0
0,0.00011415525114155251
0,0.0
0,0.0
0,0.16459788644954837
0,0.0
0,0.303334888892828
0,0.1425031573335742
0,0.0
0,0.4523317548681252
0,0.1569196183250818
0,0.19854886666166982
0,0.0
0,0.37351559319008104
0,0.4402595388177708
0,0.0
0,0.0
0,0.2116018588639677
0,0.1399842592719459
0,0.2288532826332335
0,0.41977546393909004
0,0.0
1,0.5710118446096277
1,0.17043877142009567
0,0.0
0,7.458702342817663e-06
0,0.0
0,0.0
1,0.40158823069196486
0,0.2837556830336416
0,0.0007434348232709351
0,0.0
0,0.0
0,0.1526609766502155
0,0.0
0,0.0
0,0.21079552610020844
0,0.0
0,0.0
0,0.4094800275236546
0,0.029655137981231598
0,0.0
0,0.2870756275534372
0,0.31476821239767316
0,0.0
0,0.0
0,0.05297683214082035
0,0.16990368521369156
0,0.0
0,0.3044389349997209
1,0.2769422383610318
0,0.0
0,0.29396514569026094
0,0.0973365667886456
0,0.0
0,0.0
0,0.0
0,0.19868934653857406
0,7.458702342817663e-06
0,0.1782068715400034
0,0.0
0,0.0
0,7.458702342817663e-06
1,0.3201116993754023
1,0.26177469991196234
1,0.18859553448071512
0,0.0002900934401220442
0,0.0
0,0.274790893631638
0,0.21509111126245595
0,0.0
1,0.300908445566186
0,0.00969861058216492
0,0.0
0,0.0
0,0.18462680130854672
0,0.0
0,0.0
0,0.0
0,0.26050896289608066
0,0.0007434348232709351
0,0.20086256465999275
0,0.0
0,0.0
0,0.0
0,0.0
0,0.23124316707507256
0,0.001628987524745186
0,0.00030778811257615806
0,0.0
0,0.0
0,0.13746827251583382
0,0.0
0,7.458702342817663e-06
0,0.0
0,0.19018940038706472
1,0.42939888752877126
0,0.0
0,0.007106807033812086
0,0.0
0,0.06707371804771714
0,0.0
0,0.0
0,0.0
0,0.0
0,0.0
0,0.0
0,0.0
1,0.3775953582855153
1,0.16666077679316862
1,0.4525291906990414
0,7.458702342817663e-06
0,0.16309778192453311
0,0.0
0,0.2351673675540443
0,0.0
0,0.0
1,0.2809189867915205
1,0.193391576387065
0,0.19021859454737977
0,0.14492460772779783
0,0.16270532386685171
0,0.18034929380469525
0,0.0
0,0.0
0,0.18474988290066674
0,0.0
0,0.0007505773672055427
1,0.3046603706191275
0,0.0
0,0.0
0,0.0
0,0.0
1,0.12446778377342643
0,0.2929443324591613
0,0.0
0,0.0
1,0.9336792847736394
0,0.0
0,7.458702342817663e-06
0,0.01
0,0.0010654150942801413
1,0.2924733707306847
1,0.18358637218213208
0,0.0004968817649848797
0,0.0003333333333333333
0,0.4012145794300935
0,0.1713132863582639
0,0.0
0,0.0
0,0.0
0,0.0
0,7.458702342817663e-06
0,0.0
0,0.0
0,0.006509198924537694
0,0.14529186128416827
0,0.0009870326073272064
0,0.17894779230693275
0,0.22741359855940094
0,0.0
0,0.0
0,0.0
0,0.0
0,0.14375004796296698
0,0.0
0,0.0
0,7.458702342817663e-06
1,0.2610847238520407
0,0.37767472031182336
0,0.0
0,0.0
0,0.20280150280184647
0,0.0
0,0.0
0,0.0
0,2.0876826722338202e-05
0,7.458702342817663e-06
0,7.458702342817663e-06
0,0.17097219651453813
0,0.0
0,0.0
0,7.458702342817663e-06
0,0.0
0,0.0
0,2.8735632183908045e-05
0,0.17968872360538557
0,0.1596964330266402
0,0.0
0,0.0
1,0.4815922940357351
0,0.030734838508016647
0,0.0
0,0.0
0,0.0
0,0.0
0,0.0
0,7.458702342817663e-06
0,0.0
0,0.0
0,1.3010668748373666e-06
0,7.458702342817663e-06
1,0.33579598047039627
0,0.005
0,0.0
0,0.0
0,0.0
0,0.21831248447247006
0,0.0
0,0.0
0,0.0
0,0.0
0,0.077727485079819
0,0.0
1,0.43902154688826456
0,0.0
0,0.0
0,0.21175014007546866
0,0.18342698497696033
0,0.15542745510748188
0,7.458702342817663e-06
0,0.00524074074074074
0,0.22526455122121739
0,0.37920648575349153
0,0.23012473602640462
0,0.031080932876364074
0,5.494505494505495e-05
0,0.0
0,0.0006263527909261533
0,0.0
0,7.458702342817663e-06
0,0.24092711540912018
0,0.0
0,0.0
0,0.0
0,0.0
0,7.458702342817663e-06
0,0.0
0,0.37107445836627156
0,0.0
0,0.0
0,0.0
0,7.458702342817663e-06
0,0.0
0,0.0
0,7.458702342817663e-06
0,0.12426125054095119
0,0.3119685672712524
0,0.0
0,0.0
0,0.2950516797575883
0,0.0
0,0.0
0,0.16290327616280353
0,0.3394272352584016
0,0.0
0,0.0
0,7.458702342817663e-06
0,0.0
0,0.16207203843109974
0,0.0
0,0.0
0,0.0
0,0.0
0,0.0
0,0.3688190143813047
0,0.0
0,0.0
0,0.0
0,0.0
0,0.0
0,0.0
0,0.0
0,0.0
0,0.0001388888888888889
0,0.0
0,0.0
0,0.055268396112169674
0,0.0
0,0.0
0,0.009882294984830382
0,0.18416914741123702
0,0.0
0,7.458702342817663e-06
1,0.39281914793017153
0,0.2411352248233233
0,0.030911719189443024
0,0.0
0,0.23729089000758727
0,0.0
0,0.0
0,0.19061995820930455
0,0.0
1,0.2755845473875968
0,0.0
0,0.0
0,0.0
0,0.013282944097623657
0,0.2972233730610695
0,0.19371718737686033
0,0.0
0,0.20329217364727042
0,0.0
0,0.14355524072821907
0,0.0
0,0.33987885092159603
0,0.0
0,0.006235783883944735
1,0.4944552999202682
0,0.0
0,0.19693914450165312
0,0.0
0,0.0
0,0.0
0,0.0
0,0.3636720219474349
0,0.20589780633444982
0,7.458702342817663e-06
0,0.0
0,0.16186412393700025
0,0.17548283131565764
0,0.0
0,0.2578184824073283
0,6.546334271404736e-05
0,0.3294078693151614
1,0.812796248256048
0,0.0
0,0.0
0,7.458702342817663e-06
0,0.0
1,0.4122759499917018
0,0.17222725168572822
0,0.0
0,7.458702342817663e-06
0,2.9585798816568047e-05
0,0.0
1,0.40929940372694573
0,0.0
0,0.0
0,0.0
0,0.21755863699459282
0,0.0
0,0.0
0,0.0
0,0.0
0,0.17016404595356616
0,0.1736434803425514
1,0.2556824379330604
0,0.0
0,0.0
0,0.985305915512874
0,0.006627243872179117
0,0.0
0,0.0
1,0.2976278140024547
0,0.005
0,0.0
1,0.25881658727381746
0,0.0
0,0.0
0,0.0
0,0.0
0,0.00017050218060368723
0,0.3502762840760844
0,0.2295680984997524
0,0.0
0,0.005795961932429357
0,0.0
0,0.0
0,0.0
0,1.6863406408094435e-05
0,0.0
0,0.08611086676329338
0,0.0
0,0.0
0,0.0
0,0.05204021299022693
0,0.0
0,0.0
0,0.20710955864289404
0,0.19358214637516757
0,0.0
0,0.0
0,0.0
0,0.0
0,0.0
0,0.0
0,0.26543331087429634
0,0.3728319580087313
1,0.5072941146938313
0,7.458702342817663e-06
0,0.2504459939484887
0,0.24242308122942255
0,0.3094025755042451
0,0.19890317667031077
0,0.0
0,0.16592222613072866
0,0.0
0,0.0
0,0.0
0,0.12315115809472925
0,0.2523609351357594
0,0.25096618989728925
0,7.458702342817663e-06
0,0.0
0,0.0
0,0.0
0,0.18334153674472295
0,2.9585798816568047e-05
0,0.27973537605324433
0,0.0
1,0.34658365173911215
0,0.0
0,0.18093272083838394
0,0.6511606949740603
0,0.0
0,0.0
0,0.0
1,0.34900612579967005
0,0.0
0,0.0
1,0.18744062506245707
0,0.0
0,0.21234410179514487
0,0.0005283135752398788
0,0.0
1,0.38009151712089567
0,0.36226217401551897
0,7.458702342817663e-06
0,7.458702342817663e-06
0,0.0
0,0.0
0,0.4683333067953249
0,0.0
0,0.17076225380620272
0,0.06680840149744417
0,0.0
0,0.0
0,0.0
0,0.0
0,7.458702342817663e-06
0,7.458702342817663e-06
0,0.0
0,0.0002694763729246488
1,0.26726041135565465
0,7.458702342817663e-06
0,0.0
0,7.458702342817663e-06
0,0.11484729768550331
1,0.5016074843180478
0,0.0
0,0.0
0,0.12320526437207568
0,0.0
0,0.38758712165804454
0,0.0
0,0.21322840502058085
0,0.0
0,0.0010714285714285713
0,0.0
0,0.3536024873685144
0,0.0
0,0.0
0,0.0
0,0.0
1,0.39284856715827127
0,0.0
0,0.0
0,0.0
0,0.0
0,7.458702342817663e-06
0,0.0
0,0.0
0,0.0
0,0.0
0,0.0001450676982591876
0,0.0
0,0.0
0,0.001215230278157775
0,0.00125
0,0.017867845312112843
0,0.0
0,0.0
0,0.1594984030223161
0,0.0
0,0.17826916562697526
1,0.39065237892956645
0,0.0
0,0.0001388888888888889
0,0.0
0,7.458702342817663e-06
0,0.0
0,7.458702342817663e-06
1,0.38385111106133196
0,7.458702342817663e-06
0,0.0
0,0.0
0,0.0
0,0.0003481333950596987
0,0.0
0,0.0
0,0.2771447344337795
0,0.1598343161761291
0,0.0012503781370014273
0,0.0
1,0.17789392907008947
0,0.0
0,0.0
0,0.24946974489017534
0,0.31641175435518554
0,0.0
0,0.0
0,0.0
0,0.04996566779462396
0,0.0
0,0.0
0,0.27989644684672615
0,1.6863406408094435e-05
0,0.38742471495168346
0,0.0
1,0.3488700855948951
0,0.33257871637994213
0,0.01
0,7.458702342817663e-06
0,0.0
0,0.0
0,0.0
0,0.23869607059268635
0,0.0
0,0.0
1,0.4541282610707389
0,0.049417441216671486
0,0.0
0,0.0
0,0.0
0,0.0
1,0.48783392468236464
0,0.0
0,0.0
0,0.0
1,0.15854493167092923
0,0.009274965258259946
0,0.0
0,0.39694344354500144
0,0.0
0,0.3350865040174577
0,0.35775059780029705
0,0.1802821328086411
0,0.0
0,0.0
0,0.0
0,0.38699524882618036
1,0.3002140971049739
0,0.0
0,0.0
0,0.0
1,0.4576190890912841
0,0.1601334628891487
0,0.0
1,0.43384069879009224
1,0.22762069672747354
0,0.00018867924528301886
0,0.0
0,1.6863406408094435e-05
0,0.29371299007358
0,0.0
0,0.0
0,0.201497852397497
0,0.0
0,1.6863406408094435e-05
0,7.458702342817663e-06
0,0.0
0,7.458702342817663e-06
0,0.012777271912676948
0,0.023642857142857143
0,0.3079564070284605
0,0.0
0,0.0
0,0.0
0,0.0
0,0.0
0,0.3596390673970894
0,0.0
0,7.458702342817663e-06
0,0.0
0,7.458702342817663e-06
1,0.23697474086769635
0,0.0
0,0.17341471439965372
0,0.0
0,0.14690275518688967
1,0.32207597660550114
0,0.5836049578486577
0,0.00011415525114155251
0,0.0
0,0.3472971916949729
0,0.0
0,0.0
1,0.30814558224564953
0,0.1910867350777522
0,0.0
0,0.0
0,0.0
1,0.45462735655724856
0,0.0
0,0.0
0,0.0
0,0.0
1,0.4612419276540913
0,0.19235136788756624
0,0.0
0,7.458702342817663e-06
0,0.4829756965765265
0,0.0
1,0.3658500806855463
0,0.17103833894588452
0,0.0
0,0.0
1,0.47654164733245497
0,0.0
0,0.3443861374267986
0,0.0
0,0.18548212404257675
0,0.0
0,7.458702342817663e-06
0,0.0
0,7.458702342817663e-06
0,0.00025351138600495315
1,0.41327350981185923
0,0.0
0,0.0
0,0.20513427197367734
0,0.1628136562176839
1,0.45646829629582847
0,0.21000387338210288
0,0.0
0,0.0
0,2.8735632183908045e-05
0,0.0
0,2.0876826722338202e-05
1,0.23653839361321377
0,0.0
0,0.14229175050806014
1,0.2537469133266303
0,0.0
1,0.17575495892082965
0,0.0
0,0.1600552455780937
0,0.16505025453147268
0,0.0
0,0.0
0,0.0
0,0.231911400676893
0,7.458702342817663e-06
0,0.0
0,0.0
1,0.2537469133266303
0,0.0
0,0.0
0,0.02749444501747058
0,0.0
0,0.0
1,0.7297973709452529
0,0.22296661372858675
0,0.164486324798783
0,0.0
0,0.0
0,0.1900899398632897
0,0.0
0,7.458702342817663e-06
0,0.0
0,0.16473586287509037
1,0.3599755519688258
0,0.00011415525114155251
0,0.0
0,0.0
0,0.0
0,0.0
0,0.0
0,0.0
0,0.0
0,0.0
0,0.030890160453623774
0,0.0
0,0.0
0,0.0
0,0.0
0,0.0
0,0.16507808318616995
0,0.0
0,7.458702342817663e-06
0,0.0019974023286961806
0,0.0
0,0.007412518389771211
0,0.0
1,0.39370980237999176
0,0.0
0,0.0
0,0.0
0,0.0
0,0.0
0,0.0
0,0.0
0,0.0
0,0.0
1,0.985305915512874
0,0.21542474414278837
0,0.16649672834466642
0,0.19301486360134362
0,0.0
0,0.0
0,0.0
0,0.0
0,0.19822143462023686
0,0.0
0,2.0876826722338202e-05
0,0.0
0,0.20027220217425093
0,0.0
0,0.0
0,0.0
1,0.20121345187352277
1,0.19932185860661453
0,0.04231932216618009
0,0.0
0,0.13522039019044288
0,1.6863406408094435e-05
0,0.256407161888591
0,0.0
0,0.0
0,0.0
0,0.08320074307599504
0,0.0
0,0.1343789208396819
1,0.2352280149484139
0,0.0
0,0.0
0,0.19071535763310637
0,0.005007458702342818
0,0.3563266579132361
0,0.0
0,0.0
1,0.49606106510423265
1,0.658910302122575
0,0.0
0,0.0
0,0.0
0,0.0
0,0.0
0,0.0030638297872340424
0,0.0
0,0.23425332679393715
0,0.3166354268615635
0,0.0
1,0.25503329032755706
0,0.06377090411877467
0,0.0
0,0.0
0,0.1647773516885627
0,0.0
0,0.0
0,0.0
0,0.0
0,2.0876826722338202e-05
0,7.458702342817663e-06
0,0.0
1,0.35015844054255346
0,0.16798799040923953
0,0.0
0,0.0
0,0.033094526517109736
0,0.008742798527127782
0,7.458702342817663e-06
1,0.6469067551972109
1,0.2635589560440395
0,0.0
0,0.1324589395100022
0,0.3445919173816129
0,0.0
0,0.33535963942284597
0,0.25352334762099354
0,0.0
0,0.0
0,0.0
0,0.0
0,0.0
0,0.0
0,0.15197734788673148
0,0.0
0,0.0
0,0.16087928598616874
0,0.0
0,0.0
0,0.23762892199613606
0,0.0
0,0.23657294356721967
0,0.16193898758121436
0,0.23789890980588904
1,0.7870591843630862
0,0.0
0,0.0
0,0.1720460444240928
0,0.0
0,0.0
0,0.0
0,0.0
1,0.5400331500295463
0,0.0
0,2.0876826722338202e-05
0,0.0
0,0.009161132745138615
0,0.31705198177166305
0,0.0
0,0.0
0,0.0
0,0.0
0,0.13786622174847935
0,0.0
0,0.0
0,0.00020113199919142912
0,0.0
0,0.1730845458149597
0,0.0
0,0.0
0,0.17965749129654435
0,0.0
0,0.0
0,0.0
0,0.0
0,0.00020145645851334868
1,0.08022634966815018
0,0.0
1,0.7304992721047745
0,0.01705626898578003
0,0.27046097661414453
0,0.0
0,0.0
0,0.0
0,0.35251565184019973
0,0.0
0,0.0
0,0.0
0,0.18330846378952517
0,0.0
0,7.458702342817663e-06
0,0.0
0,0.0
0,0.0
0,7.458702342817663e-06
0,0.2136998886460035
0,0.0
0,0.0
0,0.0
0,0.4331864716952326
1,0.43626116535020615
0,0.0
0,0.21852914803518197
0,0.0
0,0.35366013472308877
0,0.0
0,0.03291854448929114
0,0.1324397433051346
0,7.458702342817663e-06
0,7.458702342817663e-06
0,0.0
0,0.0
0,0.0
0,0.0
0,0.0
0,0.00020113199919142912
0,0.0
0,0.13960280481459938
1,0.7918583701761212
0,0.0
0,0.0
0,0.0
0,0.0
0,1.6863406408094435e-05
0,0.00303154168245347
0,0.20277757748951733
0,0.0
0,0.005232130009380715
0,7.458702342817663e-06
0,0.021807917882513118
0,0.0
0,0.0
1,0.48165207559864553
0,0.0
0,0.00018867924528301886
0,0.38878357802212427
0,0.0
0,0.0
0,0.0
1,0.15109819243299627
0,0.0
0,0.0
0,0.0
0,0.0234305501634813
0,0.22654045474423323
0,0.39346185446665943
0,0.0
0,0.0
0,0.0
0,0.13884543401477636
0,0.2592512413126202
0,0.0
0,0.0
0,0.0
0,0.17106636827358015
0,0.2461348464415052
0,0.0
1,0.26321396128242575
0,0.0
0,0.0
0,0.0
0,0.0
0,0.0
0,0.0
0,0.0
0,0.0
1,0.18857029660314292
0,2.0876826722338202e-05
0,0.0
1,0.23454715167667647
0,7.458702342817663e-06
0,0.0011298606016140866
0,0.0
0,0.0
0,0.0
0,0.3690779015067252
0,0.0
0,0.0
0,0.011304502016914152
0,0.0
1,0.2860179475770451
0,0.0
0,0.23686697303063095
0,0.0
0,2.0876826722338202e-05
0,0.0
0,0.0
0,0.0
0,0.0001450676982591876
0,0.2981595777199241
0,0.16479902374614952
0,0.0
1,0.16280014099712303
0,0.0
0,2.0876826722338202e-05
0,0.0
1,0.5930217634668881
0,0.0
0,0.0
0,0.0
0,0.12231390492560268
0,0.0
0,0.0
0,0.0
1,0.15165678837749433
0,0.06487127383027416
0,7.458702342817663e-06
0,0.14092805316238877
0,0.0
0,0.09662003018428664
0,0.2073803454207464
0,0.0
0,0.0
0,0.3374694597474867
0,1.6863406408094435e-05
0,0.00038580843899992833
0,0.0
0,0.20839641060709763
1,0.2791475017758813
0,0.14299421274313023
0,0.4064420766952289
1,0.2013546813476625
0,0.0
1,0.26878487244382404
0,0.0
0,0.0
0,0.0
0,0.0
0,0.22597585808680695
0,0.0
0,0.0
0,0.0
0,0.0
0,0.0
0,0.36804220303699
0,0.0
0,0.24713556954240345
0,2.0876826722338202e-05
0,0.24444884485621912
0,0.0
0,0.0
0,0.15095552849379423
0,0.18940734739971926
0,7.458702342817663e-06
0,0.021308945381507766
0,0.0
1,0.27652544915292704
1,0.22849815178821017
0,0.15106268081824883
0,0.008837657895092825
0,2.9585798816568047e-05
0,0.00018867924528301886
0,0.0035447733291925376
0,0.0
0,0.0
1,0.3113629300187811
1,0.1657792944663099
0,0.22346196160524595
0,0.0
0,0.0
0,0.0
1,0.20406576990251002
0,0.23617126922059234
0,0.0
0,0.0
0,0.0
0,0.0
0,0.0
0,0.4041306341798244
0,0.2523033205614445
0,7.458702342817663e-06
0,0.005
0,0.209352714779125
0,0.0
0,0.00018018018018018018
0,7.458702342817663e-06
0,0.0
0,0.15031184659733257
0,0.0
0,0.3394058565595216
0,0.0
0,0.0
0,7.458702342817663e-06
0,0.0
0,0.24302144717454574
0,0.0013690476190476191
0,0.0
0,0.5212275352691186
0,0.27790759739775556
0,0.10900998363507412
0,0.0
1,0.7075716940257718
0,0.0
0,7.458702342817663e-06
0,0.0
0,0.18976923029883366
0,0.0
0,0.0
0,0.16497704273032682
0,0.08686705398891303
1,0.4820589716496213
0,0.0
1,0.2226847198266808
0,0.18957775455375966
0,0.0017824074074074072
0,7.458702342817663e-06
0,0.0
0,0.0
0,0.400082882631019
0,0.0
0,0.002485646181745997
0,0.0
0,7.458702342817663e-06
0,0.0
0,0.0
0,0.004691786133716389
0,0.0
0,0.0
0,0.0
1,0.39072587332903713
0,0.1874832689439582
0,0.0
1,0.22039091895913973
0,0.06976726948659132
0,0.16770581098292428
0,0.0
0,0.0
0,0.0
0,0.0
0,0.0
0,0.0
0,7.458702342817663e-06
0,0.18618882481275953
0,0.0
0,0.0
0,0.0
0,0.0
0,0.0
1,0.4795811734412203
0,0.0
0,0.018022007365502943
0,0.2797122245928143
0,0.0
0,7.458702342817663e-06
0,7.458702342817663e-06
0,0.0
0,0.0
0,0.34981459534815074
0,1.6863406408094435e-05
0,0.0
0,0.0
0,2.0876826722338202e-05
0,0.0
0,0.0
0,0.0
0,0.0
0,0.0
0,0.0
0,0.4044056405212038
0,0.0
0,0.0
0,0.16042527809988885
1,0.17156694771815864
0,0.0
1,0.4101424567397733
0,0.0
0,0.0006929348041088942
0,0.0857190168899102
0,0.4167386772559837
0,0.0
0,0.380108560535676
0,0.0
0,0.3880365544947218
0,0.0
0,0.0
0,0.0
0,0.0
0,0.3739565913116322
0,0.0
0,0.0
0,0.0
1,0.1452027239898454
0,0.024528883406939147
0,0.43427593044645313
0,0.19113648165479444
0,0.0
0,0.0
0,0.00012121212121212121
0,0.0
0,0.15169102711938076
0,0.15039074917427725
0,0.0
0,0.0
0,0.3940219034374617
0,0.0
0,0.2661284838498215
0,0.0
0,0.004486710353253429
0,0.0
0,7.458702342817663e-06
0,0.23320572402214892
0,0.0
0,0.0
0,0.0
0,0.0
0,0.12718974483964193
0,0.0
0,0.0
0,7.458702342817663e-06
0,0.0
0,0.0
0,0.0
0,0.0
0,1.6863406408094435e-05
0,0.0
0,0.0
0,0.0
1,0.30568036127106313
1,0.47653917346969926
0,0.0007142857142857143
1,0.13600176197883632
0,0.0
0,0.0
0,0.34657768923997173
0,0.11448440235911861
0,0.0
0,0.0
0,0.0
0,0.2613229723978468
0,0.0
0,0.00035169141914191416
0,0.37002660322512015
0,0.17567689268849215
0,0.0
0,0.0
0,0.0
0,0.25178262698765785
0,0.0
1,0.9699195126923523
0,0.1296047472898051
0,0.17729646929467077
0,0.0
0,0.0
0,7.458702342817663e-06
0,0.0
0,6.546334271404736e-05
1,0.11614394369528837
0,0.0
0,0.18963502294685797
0,0.46605094343806536
0,7.458702342817663e-06
0,0.0
0,0.0007692739659813875
0,2.8735632183908045e-05
0,0.0
0,0.0
0,0.0
0,0.0
0,0.21331818779815806
0,0.2670363553163128
0,0.0
0,0.0
0,0.0
0,0.0
0,0.20970614452506023
0,0.3014085462445751
0,0.224533408594902
0,0.0
0,0.0
0,0.3334335825069874
0,0.0
0,1.6863406408094435e-05
0,0.0
0,0.00018867924528301886
0,0.0
0,0.0
0,0.2230723360101665
0,0.0
0,0.16343748237695088
0,0.0
0,0.0
0,0.0
0,0.0
0,1.6863406408094435e-05
0,7.458702342817663e-06
0,0.0
0,0.0
0,0.1923848589895297
0,0.0
0,0.0
0,0.0
1,0.5684430389368244
0,0.0
0,0.4373060955806203
0,0.0
1,0.25893699326997666
0,0.0
0,0.0012854757849028301
0,0.0
0,0.0
0,0.0
0,0.10107429081843383
0,0.0
0,0.0
0,0.0
1,0.007145777910123977
0,0.0
0,0.0
0,0.0
1,0.27274925080153783
1,0.4186805754313035
0,7.458702342817663e-06
1,0.3982364263678192
0,0.0
0,0.0
0,0.0
0,0.0
0,0.0
0,0.0
0,0.0
0,0.0
0,0.0
0,0.0037924049037699414
0,7.458702342817663e-06
1,0.1839247658847459
0,0.19294505499566234
0,0.16121467014689356
0,0.0
0,0.1624759858166894
0,0.0
1,0.45252149801254016
0,0.005
1,0.9091557785182577
0,0.0
0,0.08718557093885164
0,0.16366681122988852
0,0.0
0,0.005029585798816568
0,0.0
0,0.0
0,0.0
0,0.21822835288514228
0,0.0
0,0.0
0,0.0
0,0.0
0,0.0
1,0.46833238614279815
0,0.18743360460728747
0,0.0
0,0.0
0,0.11237032586359269
1,0.41843069376779274
0,0.09592310779606347
0,0.13716002608244748
0,0.0047267103532534285
0,0.0
0,7.458702342817663e-06
0,0.0
0,0.16756991971165427
0,0.0
0,0.0
0,0.0
0,0.0
0,0.0
0,0.0
0,0.0
0,0.1522059102155127
0,0.0
0,0.32587316852366544
0,7.458702342817663e-06
0,0.0
0,0.22907526452964905
0,0.0
1,0.3240979095597956
1,0.2874565639897288
0,0.0
0,0.0
0,0.0
0,0.0
0,0.0
0,0.20897732120819273
0,0.00030778811257615806
0,0.0
0,0.0
0,0.0
0,0.0
0,0.0
0,0.15677060129915976
0,7.458702342817663e-06
0,0.00100997150997151
0,0.0
0,0.0
0,0.0
1,0.12472909277872782
0,0.0
0,0.0
0,0.1514383970576855
0,0.0
0,0.0
0,0.0
0,0.3003757287997794
0,0.0
0,0.0
0,0.0
0,0.0
0,0.0
0,0.0
0,0.0
0,7.458702342817663e-06
0,0.0
0,0.0
0,0.2169392858420205
0,0.0
0,0.20163519838557956
0,0.0
0,0.0
0,0.43139429043774535
0,0.0
0,0.42611512811460706
0,0.26419199916239244
0,0.1314368265669864
0,0.009333501145766941
0,0.25630338470209535
0,0.0
0,0.018635206756416403
0,7.458702342817663e-06
0,0.2606114968211916
0,0.0
1,0.16614189196816725
0,0.0
0,0.1724024365090881
0,0.18806200018842253
0,0.022665669492326245
0,0.0
0,0.02055952336545987
0,0.1650003236799537
1,0.6204321372981694
0,0.0
0,0.0
0,0.2640192983530419
0,0.04849411293559359
0,0.0
0,0.0
0,0.25054473937774424
0,0.0
0,0.2760531152433672
0,0.0001450676982591876
0,0.19165901320487072
0,0.0
0,0.2937748249943517
0,0.0
1,0.29539618668640794
0,0.0
1,0.21016558653309061
0,0.0
1,0.9661507644442677
0,0.0
0,7.458702342817663e-06
0,0.0
0,0.1607672189515934
0,0.0
0,0.005
0,0.0
1,0.3639047780523178
0,0.0
0,0.011858414973617906
0,0.0
0,0.0
0,0.002403794764938369
0,0.36733380425816675
0,2.0876826722338202e-05
0,0.0
0,0.0
0,0.0
0,2.9585798816568047e-05
0,0.14262643015284232
0,0.0
0,7.458702342817663e-06
0,0.0
0,0.0
0,0.0
0,0.416225812747798
0,0.056692587288697194
1,0.17359798705877524
0,0.4297388463703058
0,0.0
0,0.2359423499696014
0,0.0
0,0.22087877913049148
0,0.0
0,0.0
0,0.2296398062476729
1,0.20194635654419302
0,0.0
0,0.7444416782684742
0,0.19998393105690013
0,7.458702342817663e-06
0,0.0
0,0.0
0,0.0
0,0.0
0,0.013758128493631035
0,0.3186168359015309
0,0.0
0,0.004871549158719997
0,0.1941947504006103
0,7.458702342817663e-06
1,0.7653685043527991
0,0.34449052703442257
0,0.0
0,0.1867460521851705
0,0.1561535805561591
0,0.0
1,0.4268565617579629
0,0.0
0,0.27093024276653865
0,0.0
0,0.31871205504044875
0,0.0
0,0.17980180335586116
0,0.00100997150997151
1,0.2562387734664597
0,0.0
0,0.0
1,0.47821765303546626
0,0.0
0,0.0
0,0.0
0,0.0
0,0.15698299263129883
0,0.0
0,0.0
0,7.458702342817663e-06
0,0.0
0,0.005
0,0.0
0,0.0
0,0.0
0,0.2597150027603561
0,0.0
0,0.0
0,0.0
0,0.0
0,0.00011415525114155251
0,0.17039940941059203
1,0.41808333476449205
0,0.0
0,0.0
0,0.0
0,0.0
1,0.29264112536548353
0,0.4011927292958772
1,0.19016215608801662
0,1.3010668748373666e-06
0,0.0
0,0.3908251233513842
1,0.425398997995041
0,7.458702342817663e-06
1,0.22061429929691376
0,0.0
1,0.8645820987403972
0,0.0
0,0.0
0,0.0
0,0.010156594286465032
1,0.5102238945227074
0,0.0
0,0.0
0,0.0
0,0.014536280710448775
0,0.0
0,0.0
0,0.2311738022144086
0,0.19730892287609567
0,0.0
0,0.15946628335522087
0,0.0
0,0.004116794207241603
0,0.37520557871505644
0,0.18197787317577663
1,0.30654661963227936
0,0.0
0,0.0
0,0.0
0,0.0
0,0.06635231338410272
0,0.2198341804103739
0,0.24798531133700014
0,0.0
0,0.23777354143361507
0,0.2609389878926273
1,0.33053664128022114
0,0.0
0,0.03530807361998983
0,0.0
0,0.0
0,0.0
0,0.16459618260957531
0,0.18286438378081993
0,0.0
0,0.22006838209094132
0,0.29429603117369346
0,7.458702342817663e-06
0,0.43172447551148885
0,0.0
0,2.9585798816568047e-05
0,0.0
0,0.30654189068342885
0,0.0
0,0.0
0,0.1551649819304107
0,0.0
0,0.0
0,0.0
0,0.0
1,0.4213044802681372
0,0.25820456679027987
1,0.4430795608843379
0,0.3162683207344957
1,0.6601808139288302
0,0.0
0,0.0
0,2.9585798816568047e-05
0,0.19064691731524167
1,0.5136459937305393
0,0.0
0,0.0
0,0.0
0,0.0
0,0.0
0,0.0
0,0.0
0,0.0
0,0.0
0,0.0
0,0.0
1,0.40819460399830454
0,0.0
0,7.458702342817663e-06
0,0.0
0,0.0
0,0.0
0,0.14369323079582946
0,0.4565199708429109
0,0.3142710983974394
1,0.4270861529600931
0,0.0
0,0.0
0,0.0
0,0.0
0,0.0
0,0.02176014681398515
0,0.2606326654348945
0,0.0
0,0.0
0,0.0
0,0.0
1,0.6629365089176299
0,0.0
0,0.0
0,7.458702342817663e-06
0,0.249006684075246
0,0.008807776448460224
0,0.0
0,0.0
0,0.0
0,0.18188912098349996
0,0.0
0,1.3010668748373666e-06
0,0.0
0,0.0
0,0.7820937288975708
0,0.0
0,0.3271473080313331
1,0.9959051607246814
0,0.0
0,0.008446693631472508
0,0.0
0,0.13998019109240872
0,0.022759779505173394
0,0.0
0,0.0
0,0.005
0,0.0
1,0.1861363736498031
0,0.12843499621460996
0,0.4749141097301485
0,0.15525182713429025
0,0.0
0,0.0
0,0.0
0,0.0
0,0.0
0,0.00011415525114155251
1,0.37799415308238077
0,0.20673055624739362
0,2.0876826722338202e-05
1,0.39912618870062677
0,0.0
0,0.0
1,0.1877097116694298
0,0.2810950504281633
0,0.0
0,0.1888532775516284
0,0.0
0,0.5445511456244411
0,0.0
0,0.0
0,2.0876826722338202e-05
0,0.0
0,0.0
0,0.0
0,0.0
0,0.005145067698259188
0,0.3341492236092911
0,0.0
1,0.18844802544291187
0,0.0
1,0.457213172236184
0,0.0
0,0.0
0,0.0
0,0.0
0,0.1611633829192832
0,0.0
1,0.9959051607246814
0,0.0
0,0.28779745385361744
0,0.0
0,0.0
0,0.0
0,0.003990281699809408
0,0.0
0,0.0001388888888888889
0,0.0029850746268656712
0,7.458702342817663e-06
0,0.0
1,0.5452044241684543
0,0.022237580393056736
0,7.458702342817663e-06
0,0.3749865604052489
0,0.0
1,0.1544907627180806
0,0.0005576382380506092
0,0.0014015151515151514
0,0.0
0,0.28480158796855437
0,0.2799697678148959
0,0.0
0,0.0
0,0.23185439434711083
0,0.0
0,0.0
0,0.0
0,0.0
0,0.13142822885481178
0,0.0
0,0.27065576474189823
0,0.1475374280786555
0,0.0
0,7.458702342817663e-06
1,0.5105795364069083
0,0.0
0,0.0
0,0.0
0,0.0
0,0.0
0,0.0
1,0.1291825879873254
0,0.0
0,0.0
0,0.0
0,0.0
0,0.0
0,0.2998096048241761
1,0.4012602503580772
0,0.0
0,0.0
0,0.25686975760390773
0,0.0
0,0.0
1,0.2097386792958967
0,0.0
0,0.0
1,0.6598019120013607
1,0.5541128541997687
0,0.0
0,0.19612001032062934
0,0.0
1,0.13490029789599847
0,0.40596537954387885
1,0.6674632778967086
1,0.3487546312717706
0,0.0
1,0.34282059365458784
0,0.0
0,7.458702342817663e-06
0,0.0
0,0.3599199215678908
0,0.17386049087642325
0,0.0
0,0.0
0,0.1795158012309469
0,0.0
0,0.2569408827859123
0,0.0
0,0.0
1,0.3853007817940795
0,0.4267468810690835
0,0.0
0,0.18157988040816364
0,0.00011415525114155251
0,0.0
0,0.1743366313558764
0,0.0
0,0.006410750433545431
1,0.5371478808333063
0,0.324312808967494
1,0.4608493821762575
0,0.0
0,0.0
0,0.192175141617147
0,0.0
0,0.18214191364874113
0,0.0
0,0.0
0,0.0
0,0.0
0,0.09860589429558944
0,0.0
1,0.4996259354654367
0,0.0
0,0.0
0,0.0007434348232709351
0,0.0
0,0.0
0,0.0
0,0.0
0,0.0
1,0.25807812155163734
0,0.16576992298648988
1,0.4548603218149501
0,0.0
0,0.2264753708602397
0,0.0
0,0.0
0,0.00011415525114155251
0,7.458702342817663e-06
0,0.17949006769602796
0,0.3070792257580861
0,0.19555389740596393
0,0.0
0,0.37166485825076984
0,0.09746514673409702
0,0.0014102564102564101
0,0.0
0,0.0
0,0.0
0,0.0
0,0.0
0,0.0
0,0.0
0,0.0
0,0.0
0,0.15653516751889385
0,0.0
0,0.005
0,0.12837577674041184
0,0.0
0,0.0
0,0.0
0,0.22744095908026174
0,0.0
1,0.36762798743613884
1,0.43533270407531377
0,0.0
0,0.0
0,0.2552942678248179
0,0.021748868180801087
1,0.26894358019622155
0,0.0008554218000374584
0,0.38299883785846367
1,0.24675498549787506
0,0.15181472923180017
0,0.01754740824100673
0,0.0
0,0.0
0,0.0
0,7.458702342817663e-06
0,0.17127254577303364
1,0.8552439164659212
0,0.0
0,0.011616165562292047
0,0.20488949106860635
1,0.47687031359875226
0,0.0
0,0.032181453770705276
0,0.01309388288152498
0,0.16500261489538637
0,0.0
0,0.33710744737812987
0,1.3010668748373666e-06
1,0.9966032739322286
0,0.0
0,0.05446915527259508
0,7.458702342817663e-06
0,0.0
0,0.0
0,0.0
0,0.0
0,0.04904762714024917
0,0.0
0,0.0
0,0.0
0,7.458702342817663e-06
0,0.0913949554982248
0,0.3266681997530835
0,7.458702342817663e-06
0,0.0
0,0.0
0,7.458702342817663e-06
0,7.458702342817663e-06
0,0.0
0,0.0
0,0.0
0,7.458702342817663e-06
0,0.0
0,0.0
0,0.27463287272945175
0,0.30644795064631736
0,0.07416758724273341
0,0.0
0,0.0
0,0.0
0,0.0
0,7.458702342817663e-06
0,0.0
0,0.0
0,0.00011415525114155251
0,0.0
0,0.1444641904706968
0,0.42122140701477767
0,0.0
0,0.0
0,0.00023213000938071402
0,0.0
0,0.0
0,0.0
0,0.24209720408833477
0,0.0
0,0.15795808623184945
0,0.0
0,0.0
0,0.1532617003072595
0,0.0
0,0.25819758071886123
0,0.0
0,0.0
0,0.0
0,0.0
0,0.0
0,0.0
0,0.0
0,0.4303732845975026
0,0.0
0,0.0
0,0.0
0,0.20290306334093142
0,0.24535114992463025
0,0.2999819408641244
0,0.28545858792215617
0,0.0
0,7.458702342817663e-06
0,0.0011975705205532145
0,0.0
0,0.16097023368181532
0,0.0
0,0.0
0,0.4076554656424254
0,0.3268238797389648
0,0.0
0,0.0
0,0.0
1,0.1336593129620762
0,0.0
0,0.18599701113741698
1,0.34728724584272685
0,0.0
0,0.0006263527909261533
0,0.0
0,0.0
0,0.0
0,0.14454904167498245
1,0.4140172906725544
0,0.0
0,0.0
0,0.00025
1,0.22657997364960739
0,0.3661914502368246
0,0.2908156871893761
0,0.47272082782431846
0,0.0
0,0.0
0,0.0
0,0.0
0,0.0
0,0.00018867924528301886
0,0.0
0,0.0
0,0.0
0,0.0
1,0.17459512621154286
0,0.0
0,0.0
0,0.27595789696641354
0,0.0
0,0.0
0,0.0
0,0.1797528734003767
0,0.0
0,0.4078579424388756
0,0.012494112935593603
0,7.458702342817663e-06
0,0.0
0,0.08928392209782868
0,0.0
0,0.0
1,0.1907091570293131
0,0.21983723110270006
0,0.18139999769460624
0,0.0
0,0.0
1,0.7292815692543813
0,1.3010668748373666e-06
0,0.08755252874917341
0,0.23664836910124623
0,0.0
0,0.029648603390623984
0,7.458702342817663e-06
0,0.3159586620554949
1,0.1864131923640714
1,0.4129398666378384
0,0.4268959297368235
0,0.0
0,0.2486242695664507
0,2.9585798816568047e-05
0,0.0
0,0.36578944457838447
0,0.0
0,0.0
0,0.0
0,0.0
0,0.0
0,7.458702342817663e-06
0,0.0
0,0.0
0,0.00011415525114155251
0,0.0
0,0.0
0,0.0
0,0.0
0,0.0
0,0.09256875421967747
0,0.0
0,0.0
1,0.3685255408430191
0,0.0953696911829786
0,0.0
0,0.19136029021720305
0,0.0
0,0.29081253731608375
0,0.0
0,0.3088061950948327
0,0.0
0,0.0
0,0.1700510015649297
0,0.0
0,0.0
0,0.0
0,0.19210440086702105
0,0.0
0,0.0
0,0.0
0,0.0
0,0.17470867089341552
0,2.9585798816568047e-05
0,0.5854342149064418
0,0.23090493998760905
0,7.458702342817663e-06
1,0.5434027580381964
1,0.6831100825121523
0,0.0
0,0.0
0,7.458702342817663e-06
0,0.08835752457349898
0,0.0
0,0.0
1,0.4339371099641023
0,0.0
0,0.16920187133085782
0,0.20288963876168442
0,7.458702342817663e-06
0,0.25724801883537
0,0.0
0,0.0
0,0.176826290703914
0,0.0
0,0.25178438864260955
0,0.0
0,0.0
0,0.15860274145884298
1,0.4231606445516027
0,0.0
0,0.19316665051866255
0,0.011416729731704047
1,0.4124301174588843
0,0.15079100470828327
0,0.0
0,0.09779018033144336
0,0.2375458082650054
1,0.42541307529712924
0,0.0
1,0.25887470225244064
1,0.40312462094337553
0,0.0
0,0.0
0,0.0
0,0.0
0,0.0
0,0.1281553335583881
0,0.0
0,0.0
0,0.0
0,0.0
0,0.0
0,0.0
0,0.026196468702873465
0,0.0
0,0.008813852392368092
0,0.2694924900899172
0,0.00023213000938071402
0,0.0
0,0.0
1,0.2944709577024826
0,0.37827419482522506
0,0.0
0,0.0
0,0.0
0,0.0
0,0.0
0,0.0
0,0.0
0,0.0
0,0.24275948141529294
0,0.08827853712288318
1,0.4974930928088876
0,0.19739938972494633
0,0.0005576382380506092
0,0.0
0,0.0
0,6.546334271404736e-05
0,0.40550089506863324
0,0.00018867924528301886
0,0.0
0,0.1736471129457485
0,0.0
0,0.0
0,0.2740241382863287
0,2.0876826722338202e-05
0,0.0
0,0.30247765743861305
0,0.0
0,0.0
0,0.37728467050169756
0,0.0
0,0.0
0,0.13085850881603014
0,0.0
0,0.0
0,0.0
0,0.0
0,0.0
0,7.458702342817663e-06
1,0.21929940513995544
0,7.458702342817663e-06
0,0.0
0,0.13082259473843327
0,0.0
0,0.1744958114631001
0,0.0
0,0.0
0,0.0
0,0.2595459352655826
0,0.24848657816884162
0,0.0
0,0.0
0,0.0
0,0.3041003414086422
0,0.0
1,0.3550237460304578
0,0.18896872223707661
0,0.0
0,0.0
0,0.1743035561161658
1,0.355601716536937
0,0.0
0,7.458702342817663e-06
0,0.0
1,0.4657026888965561
0,7.458702342817663e-06
0,0.0
0,0.0
0,0.0
0,0.0
0,0.40782577948908916
0,0.00018867924528301886
0,7.458702342817663e-06
0,0.4042637973555208
0,0.0
0,1.6863406408094435e-05
0,0.0
0,0.0
1,0.9855126254695838
0,0.3495163496064386
0,0.0
0,0.38813954017548497
0,0.0
0,0.29599260468811295
0,7.458702342817663e-06
0,2.0876826722338202e-05
0,0.0
0,0.0
0,0.0
0,0.0
0,0.08193655467946388
0,0.0
1,0.694769547319196
0,0.0
0,0.24384554269102318
0,0.37247713895240153
0,0.0
0,0.0
0,0.0
0,0.24809158294678685
0,7.458702342817663e-06
0,0.2095302804823269
0,0.0
0,0.0
0,0.0007434348232709351
0,0.0
0,0.0
0,0.0
0,0.0
0,7.458702342817663e-06
0,7.458702342817663e-06
0,7.458702342817663e-06
0,0.0
0,0.0
0,0.20862785629632818
0,0.0
0,0.09928630167676596
0,0.0
0,0.0
0,0.0
0,7.458702342817663e-06
0,0.0
0,0.0
1,0.4415830366503588
0,0.0
0,0.15697476762969081
0,2.9585798816568047e-05
0,0.0
1,0.26887883406063134
0,0.00011415525114155251
0,0.18230482035946158
0,0.0
1,0.28926180347185704
0,0.0
0,0.0
0,0.2290680608016908
0,0.0
0,0.0
0,0.13224659562254182
0,0.0063468752364199245
0,0.6016633948639901
0,0.21547030655977864
0,0.0
1,0.3555960271285608
0,0.061827959932119335
0,0.19145724499811428
0,0.0
0,0.0
0,0.0
0,0.0
0,0.0
0,0.07021339599618708
0,0.0
0,0.0
0,0.38163739418212017
0,0.0
1,0.37345795197334897
0,0.0008945221817562242
0,0.0
0,0.1344167325559253
0,0.0
0,2.0876826722338202e-05
0,0.2798587120697929
0,0.0
0,0.012081242023007586
0,0.0
0,0.0
0,0.16453210716275826
0,0.21331602745801298
0,0.0
0,0.0
0,0.0
0,0.18158447899119745
0,0.0
0,0.0
0,0.0
0,0.0
0,0.16915822416198334
0,7.458702342817663e-06
0,0.0001450676982591876
0,0.20999275711985202
0,0.0
0,0.0
0,0.0
0,0.24391674625986048
0,0.0
0,0.0
0,0.0
0,0.27704412017797014
0,0.3417344780200154
0,0.0
0,0.003672566371681416
1,0.2685261399049111
0,0.0
0,0.0
0,0.0
0,0.0
0,0.30154307033731065
0,0.0
0,0.0
0,0.0
1,0.4141511982544877
0,0.3289315000673006
0,0.19232895252698906
0,0.3833082672448067
0,0.19704432673433123
0,0.0
0,0.0
0,0.0
0,7.458702342817663e-06
1,0.41336255751354706
0,7.458702342817663e-06
0,0.0
0,0.0
0,0.32495132266743504
0,0.0
0,0.0
0,0.0
0,0.0
0,0.0
0,0.0
0,0.0
0,0.17065556932158316
0,0.16399943931654945
0,0.0
0,0.0
0,0.07297006915067888
0,0.3385414060753633
0,0.1799835734147926
0,0.16621665971333255
0,0.0
0,0.0
0,0.0
0,0.0
0,0.0
0,0.0
1,0.3987470099360192
0,7.458702342817663e-06
0,0.0
0,0.3011908707164144
0,0.01843055016348131
0,0.0
0,0.3601448041946469
1,0.3830974886377218
0,0.13037072651584505
0,0.0
0,0.0
0,0.0
0,0.0
1,0.14771570510973123
0,0.0
0,0.0
0,0.0
0,0.03074507116790949
0,0.0
0,0.0
1,0.4257572842542307
0,0.0
0,0.0
0,0.0
0,0.00524074074074074
0,0.0
0,0.0
0,0.20520732605378433
0,0.15018262404456473
0,0.0
0,0.0
0,7.458702342817663e-06
0,0.17311242103321078
0,0.0
0,0.2768108000855474
0,0.0
0,0.0
0,0.0
0,0.0
0,0.0
0,0.0001450676982591876
0,0.15219142721502468
0,0.0
0,0.0
0,0.0
0,0.2780420471624458
0,0.03711995390315811
0,0.0
0,0.0
0,0.0
0,0.0
0,0.0
0,0.0
0,0.0
0,0.39053839886781155
0,0.0
0,0.0
0,0.18794298724729852
0,0.014202595452595453
0,0.0
0,0.0
0,0.0
0,0.0
0,0.0
0,0.0
0,0.0
0,0.0
0,0.0
0,0.0
0,0.38385000859956575
0,0.13909821586686352
0,0.0
0,0.0
0,0.0
0,0.0
0,0.24238065433802533
0,0.0
0,0.17678659104635933
0,0.1812214163188722
0,0.00011415525114155251
0,0.00030778811257615806
0,0.10315861898999787
0,0.0
0,0.0
0,0.0
0,0.0
0,7.458702342817663e-06
0,0.0
0,0.02055952336545987
0,7.458702342817663e-06
0,0.0
0,0.0
0,0.19176104036632935
0,0.00018867924528301886
0,0.0
1,0.28993498413284635
0,0.005
0,0.0
0,0.0
0,0.0
0,0.0
0,0.24784369297039086
0,0.0
1,0.7870591843630862
0,0.17616209173350442
0,0.00011415525114155251
0,0.0
0,0.0
0,2.0876826722338202e-05
0,0.005
0,0.48099349753500986
0,0.0
0,0.0
1,0.36387337230297556
0,0.21269576423407266
0,0.0001450676982591876
0,0.0013690476190476191
0,0.08858257224579483
0,0.0
0,0.0
0,0.0
0,0.0
0,0.0
0,7.458702342817663e-06
0,0.0
1,0.29446946519719025
0,0.0
0,0.0
0,0.0
0,0.040181176310292964
0,0.22188187587945002
0,0.0
0,0.00011415525114155251
0,0.46611199561495203
0,0.0
0,0.00012121212121212121
0,0.0
0,0.12907278693985838
0,0.0
0,0.0
0,0.3768257130675753
0,0.2743741410806998
0,0.023472963597419495
0,0.0
0,7.458702342817663e-06
0,0.216866937338088
0,0.16397940984209697
1,0.1452556003210958
1,0.2559512674247643
0,0.0
0,0.0
1,0.21042901244345638
0,0.0
0,0.3059688799543729
0,0.0
1,0.3271905175815173
0,0.22005805214693477
0,0.0
0,0.0
0,0.0
0,0.0
0,7.458702342817663e-06
1,0.4569360378144325
0,0.0
0,0.0
0,0.0
0,0.005109322991836854
0,0.0
0,0.0
0,0.016302383161714763
0,0.0005576382380506092
0,0.008136988914723082
0,0.0
0,0.0
0,0.0
0,0.0
0,0.2217750776436876
0,0.0
1,0.5168080649546366
0,0.0
0,7.458702342817663e-06
0,0.0
0,0.4377339860332631
0,0.0
0,0.2191962163506037
0,0.0
0,0.0
0,0.10907850937987001
0,0.0
0,0.1728807710330844
0,0.0
0,0.0
1,0.3363291118467485
0,0.27999935373091406
0,0.0
0,0.0
1,0.17848822710984422
0,0.0
0,0.0
0,0.0
0,7.458702342817663e-06
0,0.0
0,0.256289579410337
0,7.458702342817663e-06
0,0.0
1,0.6076165026572923
0,0.0
1,0.19756579399148677
1,0.4097473076029515
0,0.35379047041175526
0,0.18331893360286833
0,0.0
0,0.0
0,0.0
0,0.0
0,0.32076651091895875
0,0.0
0,0.0
1,0.14860220560619417
0,0.0
0,0.0
1,0.6769076933828498
0,0.0
0,0.0
0,0.0
0,0.3624172955314787
0,0.0
0,0.0
0,7.458702342817663e-06
0,0.0
0,7.458702342817663e-06
0,0.1792060296425462
0,0.0
0,0.0
0,0.0
0,0.2835152000809362
0,0.038711639166754803
0,0.0
0,0.3119261514261357
0,0.0
0,7.458702342817663e-06
0,0.0
0,0.009673595553684654
0,0.0
0,0.0
0,0.0
0,0.0
0,0.0
0,0.4217508664474594
0,0.0
1,0.4087567926988814
0,0.0
0,0.2880943682261175
0,0.13368322231204244
1,0.7872995757727275
0,0.06919270779773574
0,0.02503394731923187
0,0.3062155347141388
0,0.00017050218060368723
0,0.0
0,0.0
0,0.0
0,0.0
0,0.14600104131424813
0,0.21821129266633496
0,0.0
0,0.3461570334209801
1,0.742984965665264
0,0.0
0,0.0
0,0.20540909762814596
0,0.0
0,0.0
0,0.0
1,0.7724758152160566
0,0.0
0,2.0876826722338202e-05
0,0.0
0,0.0
0,0.0
0,0.0
0,0.0
1,0.494422081257866
0,0.0
0,2.0876826722338202e-05
0,0.0800052488706731
0,0.13036678754891695
0,0.0
0,0.0
0,7.458702342817663e-06
0,0.0
0,0.33411155912560203
0,0.0
0,0.0
0,0.0
0,0.0
0,0.1300946504572884
0,0.23469398943606493
0,0.0
0,0.41894113415942336
0,0.0
0,0.4280817686707432
0,0.1785030652708887
0,0.11468418600914601
0,0.0
0,0.0
0,0.15176606399671624
0,0.0
0,0.0
0,0.0
0,0.005
0,0.0
0,0.0
0,2.9585798816568047e-05
0,0.24875525155422437
0,0.0
0,0.12842632420870892
0,0.0
0,0.0
0,0.0
0,0.0
0,0.0
0,0.454602363009046
0,0.2720422979451777
0,0.0
0,0.0
0,0.0
0,7.458702342817663e-06
0,0.3589741819372096
0,0.0
0,1.3010668748373666e-06
0,7.458702342817663e-06
0,7.458702342817663e-06
0,0.17015659096615082
0,7.458702342817663e-06
0,0.0
0,0.0
1,0.33549712280938293
0,0.566783425661772
0,0.0
0,0.0
0,0.22024015850376183
0,0.0
0,0.0
0,0.0
0,0.0
0,0.24992886605357711
0,0.0
0,0.0374326794442981
0,0.0
0,2.8735632183908045e-05
1,0.3643381899725886
0,7.458702342817663e-06
0,0.19811608604299014
0,7.458702342817663e-06
1,0.2938479700225624
0,0.14849207895820055
0,0.19066411207146788
0,0.00018867924528301886
0,0.0
1,0.3910735092004738
0,0.16723709839746334
1,0.5584500657699513
0,7.458702342817663e-06
1,0.15117957165226734
0,0.0
0,0.1786741308350045
0,0.0
0,0.0
1,0.565439907829781
0,0.0
1,0.4436652067071284
0,0.0
1,0.857406388703184
0,0.0007103641778831258
0,0.1899259294912624
0,0.0
0,0.0
0,0.0096
0,0.0
1,0.46457209822257506
0,7.458702342817663e-06
0,0.19455850433727345
0,0.0
0,0.003137254901960784
0,0.0
1,0.6677287666084183
0,0.0
0,0.0
0,0.0
0,0.0
0,0.0
0,0.0
0,0.0
0,0.0
0,0.0999316971762671
0,0.0
0,0.0
0,0.0
0,1.6863406408094435e-05
0,0.0
0,0.05150167058701932
0,0.32795472511401763
1,0.012922711324966071
0,0.0
0,0.14362552432399273
0,0.0
0,0.0
0,0.0
1,0.2669666838081828
0,7.458702342817663e-06
0,0.0
0,0.0
0,0.0
0,0.0
0,0.0
0,0.0
0,0.2249076605987326
0,0.01056808550533255
0,0.0
0,0.0
0,0.0
1,0.2577672552430458
0,2.0876826722338202e-05
0,0.34698701407030774
0,7.458702342817663e-06
0,0.0
0,0.0
0,0.0
0,0.0
0,0.18022973388003002
0,7.458702342817663e-06
0,0.0
0,0.0704774431124925
0,0.25617648697008355
1,0.3919626389253731
0,7.458702342817663e-06
0,0.0
0,5.494505494505495e-05
0,0.0
0,0.0
0,0.0
0,0.0
0,0.0
0,0.0
0,7.458702342817663e-06
1,0.23042924259202455
0,0.18624028415630128
0,0.3045437376165098
0,0.0
0,0.17098490282147316
0,0.0
0,0.0
0,0.0
0,0.0
0,0.0
0,0.0
0,0.0
0,0.45768859013463065
0,0.26939026471912303
0,0.2330509063020805
1,0.5208474552172133
0,0.0
0,0.0
0,0.0
0,0.619589206142252
0,0.2574636470110564
0,0.29913109898593004
1,0.831057176590502
0,0.0
0,7.458702342817663e-06
0,0.0
0,0.0
0,0.00018867924528301886
0,0.0
0,1.6863406408094435e-05
0,0.0
0,0.18539911294825057
0,7.458702342817663e-06
1,0.14512011728805205
0,0.17495350142721786
0,0.008371212121212121
0,0.0
0,0.22128765245693024
0,0.22218190851951655
0,0.0
0,0.19227852668709913
0,0.04715136306778965
0,0.07600657413114342
0,0.16333016317420565
0,0.0
0,0.0
0,0.0
0,0.0
0,7.458702342817663e-06
0,0.0001450676982591876
0,7.458702342817663e-06
0,7.458702342817663e-06
0,0.13405386438229652
0,0.0
0,0.0
0,0.38526496567201707
0,0.34878748857580744
0,0.13167598187119786
0,0.0
0,0.0
1,0.36848880074111734
0,0.0
0,0.0
0,0.0
0,0.0
1,0.7798470670026215
0,0.0
0,0.0
0,2.0876826722338202e-05
0,0.24453204631043404
0,0.24035976664192035
0,0.29841517457094036
0,0.23824424927256418
1,0.6773804656319591
0,0.27560881170976964
0,0.00014691734511903978
0,0.0
0,0.0
0,0.0
0,0.25069912844554954
0,0.0
0,0.0
0,0.0
0,2.0876826722338202e-05
0,0.0
0,0.31476571674690235
0,0.0
1,0.18419768684481294
0,0.25913189298899697
0,0.223923777727159
0,0.0
0,0.0
1,0.16230298538164625
1,0.31449433110891944
0,0.22575001875645945
0,0.0003125
0,0.13895727314245587
0,0.0
1,0.6417882231603449
0,0.004830855131614703
0,0.33212166396317533
0,0.0
0,0.2575141736516887
0,0.08528524428633358
0,0.0
0,0.0
0,0.17981745279102035
0,0.22986901480279331
0,0.20215861752506906
1,0.40838218488377726
0,0.04320288566535425
0,0.0
0,0.0
0,0.0
0,0.07583057268419699
0,0.17655645647215118
0,0.15905231773276654
1,0.14071913364184205
1,0.18310012261094297
0,0.1823809295536112
0,0.16295981029296844
0,0.0
0,0.0
0,0.45681094915280357
0,0.0
0,0.00018018018018018018
0,0.08747498669139586
0,0.0
0,0.0
1,0.16356534768180406
0,0.0
0,7.458702342817663e-06
0,0.21389568510985588
0,0.3118679049212478
0,0.0
1,0.6031271249268212
0,0.0
0,0.2708817470312187
0,7.458702342817663e-06
0,0.1437884464874354
0,0.19521545565858717
0,0.0
0,0.38011252637848786
0,0.0028942384756279584
0,0.42897144032482365
0,0.0
0,0.0
0,0.0
0,0.0
0,0.0
1,0.46321682613811527
0,0.0
1,0.467513091663118
0,0.007880062434998274
0,0.008555555555555556
0,0.0
0,0.0
0,0.0
0,2.0876826722338202e-05
0,0.1641451580735372
1,0.4009714970533416
0,0.18927908763534063
0,0.23548389083349694
0,0.0
0,0.0
0,0.025
0,0.0
0,0.22103915326699866
0,0.0
0,0.28096651057269495
0,0.0
0,0.0
0,7.458702342817663e-06
0,0.0
0,0.0
0,0.0
0,0.2567897565007947
0,0.0
0,0.0
0,0.0
0,0.36998173811476626
0,7.458702342817663e-06
0,0.21952842792554278
1,0.5134978808286018
0,0.0
0,0.1806797160723395
0,0.0
0,0.31186048002180977
0,0.38596768591066444
0,0.37515672737307293
0,0.0
0,0.20568403637471583
0,0.00030778811257615806
0,0.22399451977774343
0,0.0
0,7.458702342817663e-06
0,0.0
0,0.0
0,0.0
0,0.0
0,0.12751347268253002
1,0.2778881461538866
0,0.0001388888888888889
1,0.2452476686178695
1,0.5693471973485221
0,0.12853612878852505
0,0.039863100181442894
0,0.18989549679940698
0,0.4203228587701482
0,0.09140329060633791
0,0.0
1,0.5035977440031477
0,0.00025
0,0.3255394541850862
0,0.2756349519149473
0,0.0
1,0.23534803625925768
0,0.02453200872851139
0,0.0
0,0.0
0,0.0
0,0.0
0,0.3146936676792153
0,0.15620120816514088
0,0.0
0,0.0
0,0.18198495985635055
1,0.6196167442083579
0,0.0
0,7.458702342817663e-06
0,0.0
0,0.5024223816955403
0,0.05420784283478113
0,0.0
0,0.3138514210606338
0,0.1366489149518686
0,0.0
0,7.458702342817663e-06
0,0.0
0,7.458702342817663e-06
0,0.0005576382380506092
0,0.24984028309084072
1,0.9434873242801382
0,0.16328686167912884
0,0.010326836936373292
0,0.0
0,0.005174125369009484
0,0.0
0,0.0
0,7.458702342817663e-06
0,7.458702342817663e-06
1,0.2954996550583619
0,0.0
0,0.0
0,0.0
0,0.0
0,0.0
0,0.0
0,0.0
0,0.0
0,0.0
0,0.0
0,0.15093201108620521
0,0.0
0,0.0
0,0.0
0,0.0
0,0.4164469000595604
0,0.005
1,0.45636095588597086
0,0.05422997164539355
0,0.0
0,0.0
1,0.26826615316000973
0,0.3522648700068347
0,0.0
0,0.0
0,0.004681701257790159
1,0.9089929535722691
0,0.0
0,0.0
0,0.15677296268845958
0,7.458702342817663e-06
0,0.052101684291390005
0,0.0
0,7.458702342817663e-06
0,0.0
1,0.20267609962482255
0,0.02958920339485918
0,0.0
0,0.0
0,0.0
0,0.3302687815974643
0,0.0
0,0.0
1,0.9882806416176905
0,0.396865150386474
0,0.0005576382380506092
0,6.546334271404736e-05
0,0.0
0,0.2170794274305773
0,0.0
0,0.0
1,0.26637127608773176
0,0.0002694763729246488
0,0.022665669492326245
0,7.458702342817663e-06
0,0.0
0,0.2644076565398289
0,0.1664863242496285
0,0.2284671657661887
0,0.0
0,0.0
0,0.19232480476805422
0,0.0
0,0.0
0,0.0
0,0.0
0,0.31089131721876323
1,0.3760297545040534
0,0.005557638238050608
0,0.0
0,0.0
0,0.0
0,0.1748860482069086
0,0.0
0,0.28279933835544024
0,0.0
0,0.10488446711361099
0,0.0
0,0.0
0,0.0
0,0.0
0,0.0
0,7.458702342817663e-06
0,0.4368255678645832
0,0.3161647185809639
0,0.0
0,0.0
0,0.0
0,7.458702342817663e-06
0,0.0
0,0.1993379038326242
0,0.0
0,0.22626607300717486
1,0.3847860099492567
0,0.0
0,0.15444827315388435
1,0.1547691866632774
0,0.0
0,0.0
0,0.0
0,7.458702342817663e-06
0,0.0
0,0.0
0,0.0
0,0.21899202337961543
1,0.42797948897122995
0,0.0
0,0.0
0,0.0
0,0.0
1,0.28249204903578723
0,0.0
0,0.0
0,0.17301812716244466
1,0.13432421716308376
0,0.0
0,2.9585798816568047e-05
0,0.2811460941184554
0,0.0
0,0.0
0,0.0
0,0.0
0,0.0
0,0.0
0,0.0
1,0.44832310032589157
0,0.0
0,0.3857790238317882
0,0.0
0,0.20680086349171325
0,0.0007505773672055427
0,0.0
0,0.0
0,0.17166991799275524
0,0.3487275210290904
0,0.29311604410342595
0,0.0
0,1.3010668748373666e-06
0,0.24692102848110223
0,0.0
1,0.33758767022658775
0,0.0
0,0.0
0,0.0
0,0.03117572231792906
0,0.0
1,0.46568034752870596
0,0.21261114136709952
0,0.0
0,0.0
1,0.3287184676478404
0,7.458702342817663e-06
0,0.0
0,0.0
0,0.0
1,0.7710988100167262
0,0.4113361921915795
0,0.0
0,0.43549619964983854
0,6.546334271404736e-05
0,7.458702342817663e-06
0,0.0
0,2.0876826722338202e-05
0,0.0
0,0.0
0,0.0
0,0.0
1,0.9161721694823235
0,0.004691786133716389
0,7.458702342817663e-06
0,0.0
0,0.41630494512699273
0,0.0
0,0.0
0,0.0
0,0.0
0,0.0034339892417464663
0,0.0
0,7.458702342817663e-06
0,0.18538018986325797
0,0.043905316048037296
0,0.0
0,0.15422370172004576
0,0.06334501524587045
0,0.0
0,0.1268853170318074
0,0.2169938955924618
0,0.005
0,0.0
0,0.22590593791770133
0,0.08811541517114665
0,0.0
0,7.458702342817663e-06
1,0.4366348918009313
0,0.0
0,0.0
1,0.21622049158091047
0,0.1622693764675144
0,0.0
0,0.24665436673212823
0,7.458702342817663e-06
0,0.0
0,0.0
0,0.41404494391784774
0,0.0014271198166645046
0,0.033094526517109736
0,0.1784849028662322
0,0.005
0,7.458702342817663e-06
1,0.9869374698970123
0,0.0
1,0.33422482819008065
0,0.0
0,0.2580817908604313
0,0.0
0,0.0
0,0.4494383852044547
0,0.0
1,0.17669708456285277
0,0.0
0,0.0
0,0.0
0,0.29484982779446495
0,0.24288699284083604
0,0.18138508926687003
0,0.19537594689766918
0,7.458702342817663e-06
0,0.31428262256828754
0,0.0
0,0.0
0,0.22784464228828485
0,0.0007505773672055427
0,0.1287645424857533
0,0.1879341699693184
0,0.23386781541405646
0,0.00011415525114155251
0,0.33340190935111663
0,0.0
1,0.6546853021614156
0,0.0
0,0.3646952097202913
0,0.17018617549787166
0,0.2213122899545111
0,2.0876826722338202e-05
0,0.0
0,0.0
0,0.0
0,0.400082882631019
1,0.5448626044982068
0,0.46775212659122134
0,0.13314285314017027
0,0.0
0,7.458702342817663e-06
0,0.33263456918785006
0,0.018022007365502943
0,0.0
0,0.0
0,0.0
0,0.24356898582096245
0,0.0
0,0.0
0,0.514599420572692
0,0.0
0,0.0
0,7.458702342817663e-06
0,0.0
0,0.30637615208927993
0,0.17102655930072497
0,0.15356950534713226
0,7.458702342817663e-06
1,0.3237992327914517
0,0.0003337469435422065
0,0.27284243800813035
0,0.0
0,0.00011415525114155251
0,0.0
0,0.0
0,0.0
0,0.0
1,0.3307885849980595
0,7.458702342817663e-06
0,0.41454494776989054
0,0.10495027291333525
0,0.15691650291945725
0,0.0
0,0.19044074752361864
1,0.3490378676855079
0,0.0
0,0.23359002167335008
0,0.0
0,0.16724329531480384
0,0.10193538726561531
1,0.3809363115687327
0,7.458702342817663e-06
0,0.17393686910786893
0,0.00011415525114155251
0,0.2775540269595255
1,0.5036836944598275
1,0.27800640962668355
0,0.02150104353710542
1,0.2011175993765877
0,0.2356568171575462
0,0.0
0,2.0876826722338202e-05
0,0.0
0,0.17258473515933687
0,0.0
0,0.08486645907823108
0,0.3334421277052501
0,0.18467768243176252
0,0.0
0,7.458702342817663e-06
0,0.1715044958728315
0,0.0
0,0.0
0,0.0
1,0.28129570865281806
0,0.005065463342714047
1,0.4021470774578495
0,0.0
0,0.0
0,0.3667711959087012
0,0.0005576382380506092
0,0.0
0,0.0
0,0.0
0,0.0
1,0.14160250652736697
0,0.1386301276253533
0,0.18104854066783216
0,0.0
0,0.19459818590052616
0,1.6863406408094435e-05
0,0.0
0,0.0
0,0.030617936526364794
0,0.17993169984696805
0,7.458702342817663e-06
1,0.20700049899937054
1,0.9406409224754709
0,0.068939974356664
0,0.0
0,0.008488780105697334
0,0.0037513010668748376
1,0.2086957427007454
1,0.7020532694127272
0,0.0
0,7.458702342817663e-06
0,0.16190080157299097
0,0.0
1,0.5583970464662968
0,0.0
0,0.28415829663340797
0,0.13965454648991169
0,0.0
0,0.476145653803145
0,0.30120725771608003
0,0.03711995390315811
1,0.5817190049313455
0,2.9585798816568047e-05
1,0.7046769939233021
0,0.0
1,0.0909928751896432
0,7.458702342817663e-06
0,0.30329297241463
0,0.0
0,0.16338592902224033
0,0.0
0,0.0
0,0.0
0,0.0
0,0.0
0,0.0
0,7.458702342817663e-06
0,0.05942580161555682
0,0.0
1,0.24181852169479826
0,0.0
0,0.0
1,0.35714852011881776
0,0.21519982858500708
0,0.1702448048875847
0,0.0
1,0.14878999057823541
0,0.0
0,0.0
0,0.0
0,0.0
0,0.0
0,0.20268568147543176
0,0.0
0,0.0
0,0.0
0,0.10409917351052325
0,0.0
0,0.210143663040261
0,0.3059617091475836
0,0.0
0,0.29296757093684417
0,0.45555444014720875
0,0.0
0,0.0
0,0.2923630232169804
1,0.3064454643516343
0,0.0
0,0.0
0,0.0
0,0.01705626898578003
1,0.5225494645980691
0,0.0
0,0.0
0,0.0
0,0.0
0,1.6863406408094435e-05
0,0.21693324326105937
0,0.27276268054708713
0,0.3151503486014249
0,0.0983934518010275
0,1.3010668748373666e-06
0,0.14192255591973071
0,7.458702342817663e-06
0,0.0
0,0.0
0,0.01005678350262927
0,0.0
0,0.0
0,0.0
0,0.19977426146734456
0,7.458702342817663e-06
1,0.2989809999012817
0,0.0
0,0.2085787322942738
0,7.458702342817663e-06
0,0.21809092975409747
0,0.0
0,0.0
0,0.04719531788976558
0,0.0
0,0.0
0,0.0
0,0.22917790567202925
0,0.0
0,0.0
0,0.0
0,0.0
0,7.458702342817663e-06
0,0.1986270219581419
0,0.0
0,7.458702342817663e-06
1,0.6618443463640402
0,0.06426579278936397
0,0.0
0,0.38458895019972966
0,0.0
0,0.33470128351506967
0,0.0
0,0.0
0,0.0
0,0.0
0,0.25891737630517464
0,0.468543574002912
0,0.0
0,0.0
1,0.4185031678804625
1,0.4810606212998582
0,0.19072456733824722
0,0.17819500108317882
0,0.0
0,0.23943626101246618
0,0.2879686043570441
0,0.0
0,0.17425101027408285
0,0.0
0,0.009944818830219589
1,0.3485269028392283
1,0.4802922351696188
1,0.1903553722281305
0,7.458702342817663e-06
0,0.0
0,7.458702342817663e-06
0,0.38541646584110256
0,0.0
0,0.05519699167520064
1,0.2869590626080697
0,0.5751976355908306
0,0.0
0,0.0
0,0.23746519182361892
0,0.0
0,0.0
0,0.0
0,0.0
0,0.0
0,0.0
0,0.0
0,0.0
0,0.32665175646501693
1,0.37052115255358364
0,0.03429952563483441
0,0.0
0,0.0
0,0.0
0,0.0
0,0.16264432531478953
0,0.0
0,0.0
0,0.0
0,0.0
0,2.9585798816568047e-05
0,0.0
0,0.0
0,0.0
0,0.0
0,0.0
1,0.40022081975500035
0,7.458702342817663e-06
0,0.0
1,0.5480928781798774
0,0.0
0,0.00018867924528301886
0,0.21872305923334648
0,0.0
0,0.2169474144076411
0,0.0
0,0.18337973401179034
0,0.3161842148163609
0,0.22531975016192757
0,0.005
0,0.0
0,7.458702342817663e-06
0,0.0
0,7.458702342817663e-06
0,7.458702342817663e-06
0,0.17704231469602236
0,0.0
0,0.37804966926364253
0,0.0
0,0.17715532754355565
0,0.0036262969340541584
0,0.1602406725724008
0,0.0
1,0.9699195126923523
0,0.22237267501914665
0,0.14484292476723148
0,7.458702342817663e-06
0,0.3189297868016939
0,0.0
1,0.41474421795127797
0,0.0
0,0.0
0,0.3739579392915392
0,0.29165299328108957
0,0.0
0,0.0
0,0.0
1,0.1839247658847459
0,0.0
0,0.0040908545211954805
0,0.0
1,0.5717490905012457
0,0.023965391577233684
0,0.0
0,0.1589344950470645
0,2.0876826722338202e-05
0,0.0
1,0.9651417333688531
0,0.0
0,0.0
0,0.0
0,0.0
0,0.0
0,0.0
0,0.4274074536688062
0,0.0
0,0.0
0,0.0
0,0.00012121212121212121
0,0.0
0,0.0
0,0.18356690165920328
0,0.37066927427099017
0,0.0
1,0.3441080428965351
0,0.2288137900587473
0,0.0
0,0.0
0,0.2998715856177566
0,0.4051279960695571
0,0.0
0,0.38082246941211373
0,0.1282058836083734
1,0.7710988100167262
0,0.0
0,0.22965137992981938
0,0.0
0,0.07336083581095511
0,0.0
0,0.0
0,0.0
0,0.0
0,0.0
0,0.15709647519957648
0,0.33937882219691523
0,7.458702342817663e-06
0,0.24984744368232603
0,0.16423688495409725
0,0.0
0,0.0
0,0.10007637489527373
0,0.0
0,0.0
0,0.26642178416028456
1,0.3805955060856634
1,0.5289585350435106
0,0.030890160453623774
0,0.0
0,0.0
0,0.0
0,0.0
0,0.0
0,0.0
0,0.0
0,0.0
0,0.0
0,0.3968657880817405
0,0.0
0,0.0
0,1.6863406408094435e-05
0,0.0
0,0.0
0,0.00023213000938071402
0,0.0
0,0.0
0,0.0
0,0.31333413524310827
0,0.0
0,0.0
1,0.06218072564649098
0,0.0
0,0.0
0,0.12563078291309313
0,0.0
0,0.0
1,0.6410853881660111
0,0.0
0,0.0
0,0.0
0,0.0
0,0.0
1,0.3571127870606544
0,0.0
0,0.23718991719558521
0,0.0
0,0.13749646750658034
0,7.458702342817663e-06
0,0.0
0,0.15705644466471413
0,0.0
0,0.4318748893533337
0,0.0
0,0.4138144542163016
0,0.0
0,0.0
0,0.0
0,0.0
0,0.33680459289656994
0,0.0
0,0.0
0,0.0
0,0.0
0,0.00100997150997151
0,0.0
1,0.2379523651298417
1,0.5406536626601675
0,7.458702342817663e-06
0,0.10761161197318221
0,0.0
0,0.0
0,0.0
0,0.0
0,0.0
0,0.0
0,0.0
0,0.0
0,0.25399426187141566
0,0.0
0,0.0
0,0.0
0,0.0
1,0.2496202613735362
1,0.5158020336596841
0,0.0
0,0.39763638090697306
0,0.0014271198166645046
0,0.16680377750304146
0,0.3620591740947795
0,7.458702342817663e-06
0,0.17755655243265372
0,0.0
1,0.7499385740298439
1,0.4943098290854014
0,0.0
0,0.15500928706734718
0,0.0
0,0.0
0,0.17690607207377437
0,0.0
0,0.0
0,0.0
0,0.0
1,0.8206611703076864
0,0.0
0,0.0
0,0.2625317061032357
0,0.0
0,0.0007692739659813875
0,0.0
0,0.0
1,0.3473648368733817
0,0.02324427072178197
0,0.0
0,0.0
0,0.00011415525114155251
0,0.0
1,0.9882806416176905
1,0.3753074865721552
1,0.7499385740298439
0,1.6863406408094435e-05
0,0.0
1,0.4262449949771229
1,0.41481315269487035
0,0.0
0,0.10427251040443006
0,0.3005438686800128
1,0.43926712636123505
0,0.17367510354694768
0,0.0
1,0.17732486826997385
0,0.16931905937296043
0,0.0
0,0.0
0,0.0
0,0.0
0,0.3372453714876473
1,0.1551103948939478
0,0.0
0,7.458702342817663e-06
0,0.0
0,0.0
0,0.13951588810250495
0,0.0
0,0.2325062327175768
0,0.2995821238152861
0,0.2112867603527444
0,0.17026000498295282
0,0.2541357304580615
1,0.33923645748456926
0,0.0
0,2.0876826722338202e-05
0,0.0
0,0.0
0,0.0
0,0.2508253764777145
0,0.0
0,7.458702342817663e-06
0,0.0
0,0.0
0,0.022476722522519088
0,0.12331240969336708
0,0.0
0,0.0
0,0.20744898478540347
0,0.26021701020954885
0,0.0
0,0.0
0,0.0
0,0.08654989875444054
0,0.0
0,0.09818418059240233
0,0.0
0,0.0
0,0.19309547704184404
0,0.0
0,0.0
0,0.0
0,0.0
0,0.0
1,0.68466593034956
0,0.0
0,7.458702342817663e-06
0,0.0
0,0.0
0,0.0
1,0.23311898390130426
0,0.0
0,0.0
0,0.0
0,0.0
0,0.39729055163950106
1,0.7046769939233021
0,0.0
0,0.0
0,0.12157289621877956
0,0.15247074906050587
0,0.0029850746268656712
0,7.458702342817663e-06
1,0.7267726204121691
1,0.2040585000914499
0,7.458702342817663e-06
0,0.0
0,0.18846292949815024
0,0.0
0,0.0
0,0.0
0,0.0
0,0.0
0,0.0
0,0.02871568259461762
0,0.0
0,0.0
0,0.0
0,0.0
0,0.0
0,0.0
0,0.06309563534055204
1,0.2156822199008688
0,0.14870065354676534
0,0.0
0,0.173247546719559
0,0.0
0,0.12667732989416794
0,7.458702342817663e-06
0,0.02296453610113512
0,7.458702342817663e-06
0,0.004691786133716389
0,0.33618295456227365
0,0.0
0,0.14325747071318626
0,0.0
0,7.458702342817663e-06
0,0.0
0,0.29204956889215233
0,0.0
0,0.0
0,0.0
0,0.0
0,0.0
0,0.0
1,0.8861602170285419
0,0.0
0,0.0
0,0.13360419642179167
0,0.0005576382380506092
0,0.0
0,0.3356304491660205
0,0.0
0,7.458702342817663e-06
0,0.0
0,7.458702342817663e-06
0,0.0
0,0.14280559047592178
0,0.0007434348232709351
0,0.0
0,0.0
0,0.0
0,0.29853907327059137
0,2.0876826722338202e-05
0,0.2507190317913219
0,0.15210499750081183
0,0.0
0,0.2724222536400754
1,0.42614394590012383
0,0.0
0,0.2766434193845719
0,0.0
0,0.0
0,0.18103678796917666
0,0.0
0,0.0
0,0.0
0,0.0
0,0.0
0,0.0
0,0.0
0,0.2429678869947371
1,0.4739808113966534
0,0.012926747899538132
0,0.2054628015723334
0,0.0
0,0.0003508639737396444
1,0.7758655045181945
0,7.458702342817663e-06
0,0.0
1,0.43639622497972186
0,0.0
0,0.00017050218060368723
0,0.0
0,0.0
1,0.3901545879413769
0,0.0
0,0.2732884806267102
0,0.0
0,0.030313676707907477
0,0.2787205848156226
0,0.42110940767030686
0,0.20181946762339442
1,0.2692471623349419
1,0.5784100924028202
0,0.2172205231600048
0,0.0
1,0.3835433369243978
0,0.005232130009380715
0,0.0
0,0.0
0,0.0007505773672055427
0,0.23900314932782346
0,0.0
0,0.2637179421500425
0,2.9585798816568047e-05
0,0.0
1,0.49140249933142227
0,0.0
0,7.458702342817663e-06
0,0.273757048458707
0,0.0
0,0.0
0,0.0
1,0.15942999628391286
0,0.0
0,0.0
0,0.0
0,0.0
0,0.003981119791666666
0,0.0
0,5.494505494505495e-05
0,0.0
0,0.0012113801741619945
0,0.0
0,0.0
0,0.1384378936906842
0,0.0
0,0.0
0,0.0
0,0.0
0,0.0
0,0.0
0,0.17173317523810142
1,0.4154503252100291
1,0.8763441391365919
0,0.0
0,0.0
0,0.0
1,0.1318992189764786
0,0.0
0,0.0
0,0.0
0,0.16986872434620262
0,0.19237198821787044
0,0.31150104870056133
0,0.0004318164758213816
0,0.1926828122290227
0,0.44171557863731864
0,0.0
0,0.0
0,0.15638963404070524
0,0.0
0,7.458702342817663e-06
0,0.012603302184497822
1,0.3951125751044281
0,0.0
0,0.2374800144889759
0,0.0
0,0.0
0,0.0
0,7.458702342817663e-06
0,0.0
0,0.0
0,0.0
0,0.06609225097448135
0,0.0
0,0.15888234732413387
0,0.3956891440652617
0,0.0
0,0.24780105616123366
0,0.15166813777005608
0,0.0
0,0.4402655500385503
0,0.16222842582557542
1,0.2660005325055444
0,0.0
0,0.0
0,0.0
0,0.0
0,0.0
0,0.0
0,0.22808845912761364
0,7.458702342817663e-06
0,0.0
0,0.0
0,0.175542066181535
0,0.003676271752334417
0,7.458702342817663e-06
0,0.7258552970191923
0,0.1796334757413865
0,0.0
0,0.0
0,0.0
0,0.0002494172494172494
0,0.23513625344126748
0,2.0876826722338202e-05
0,0.2412282859532766
0,0.24671427823200032
0,0.004252510605626035
0,0.0
0,0.0
0,7.458702342817663e-06
0,0.0
0,0.0
0,0.0
1,0.21534506210867663
0,0.0
0,0.0
0,0.0
0,0.0
0,0.0
1,0.43239955076171854
0,0.0
0,7.458702342817663e-06
0,0.0003508639737396444
0,2.9585798816568047e-05
1,0.436394083474947
1,0.295532860897582
1,0.19217199222471137
0,0.02
0,0.0
0,0.0
0,0.2568139377985719
0,7.458702342817663e-06
0,0.3220368433995827
0,0.17000632049646966
0,0.0
0,0.0
0,0.0
0,0.0
1,0.7499385740298439
0,0.161431935864713
0,0.42403295679830194
0,0.0
0,0.0
0,0.0
1,0.40273681910206016
0,0.0
0,0.0
0,0.0
0,7.458702342817663e-06
0,0.0
0,0.0
0,0.33592651543832347
0,0.0
0,2.0876826722338202e-05
0,0.24732620085216506
0,0.0
0,0.0
0,0.502599452996445
0,0.0
0,0.0
0,0.06714523981894574
1,0.17544309806763447
0,0.0
0,0.0
0,0.0
0,7.458702342817663e-06
0,0.16109609743174502
0,0.17038120635351656
0,0.0
0,0.0064647045568115265
1,0.27118526660354614
0,7.458702342817663e-06
0,0.0
1,0.2564487664508471
0,0.0
0,0.34030042435759156
0,0.0
0,0.0
0,0.0
0,0.0001450676982591876
0,0.13193053632861784
1,0.24468601402493584
0,0.0
0,0.0029919011082693947
0,0.0
0,0.0
0,0.17944346202884437
0,0.0
0,0.07697432536902683
0,0.18015195320830607
0,0.20847754601827861
0,0.1688821647504671
1,0.3735612100298431
0,0.19904746672428214
0,0.0
0,0.0
1,0.9089691358905158
0,0.0
0,0.0
0,0.06795243331579463
0,0.0
0,0.0
0,0.1269454481209486
0,0.13718535747379415
0,0.0
0,0.0
0,0.0
0,0.22701956101357432
0,0.0
0,0.0
1,0.32991171776210115
0,0.0
0,0.0
0,0.0
0,0.0
0,7.458702342817663e-06
0,0.0
1,0.47118043528687326
0,0.1444976258067764
0,0.0002900934401220442
0,0.0
0,0.0
0,0.0
0,0.0
0,0.0
1,0.34325117998615345
0,0.0
0,0.0
0,0.3331275973647761
1,0.49316778217473606
0,0.0
0,0.0
0,0.2003118149621357
0,0.2456636307240098
0,0.1990089880780404
0,7.458702342817663e-06
0,0.3413783491054396
0,0.0
0,0.0
0,7.458702342817663e-06
0,7.458702342817663e-06
0,0.0
0,0.0
0,0.0
0,0.19394144581148115
0,0.27358493149793806
0,0.0
0,0.0
0,0.0
0,0.0
0,0.21265875189195588
0,0.34012022349878784
0,7.458702342817663e-06
0,0.0
0,0.0
0,7.458702342817663e-06
1,0.5088219369803387
0,0.16139562778454739
0,0.07973831539200789
0,0.0
1,0.3925709230402088
0,0.0
0,0.3876881873283108
0,0.0
0,0.2561866976410579
0,0.0
0,0.41846337145433127
1,0.46128313562388124
0,0.0
0,0.36678666848759106
0,0.0
1,0.4033813080872272
0,0.0
0,0.21893688017590673
0,0.0
0,7.458702342817663e-06
0,0.21724172216025892
0,0.0
0,0.0001450676982591876
0,0.0
0,0.20634096318223416
0,0.0
0,7.458702342817663e-06
0,0.0
0,0.0
1,0.5806369451367682
0,0.0
0,0.0
0,0.0
0,0.3052261545851505
1,0.44411325675892366
0,0.2604941696652581
0,0.0
0,0.06495476842732248
0,0.0
0,0.0
0,0.0
1,0.1917198881846221
0,0.0
0,0.0
0,0.3273437497818332
1,0.24503314267169304
1,0.19672426841470603
0,0.0
0,0.0
0,0.0029850746268656712
0,0.14134489815333828
0,0.0
0,0.0
0,0.0
0,0.0
0,0.025542141206968703
0,0.0
0,0.0
0,0.0
0,0.0
0,0.0
0,0.0
0,7.458702342817663e-06
0,2.0876826722338202e-05
0,7.458702342817663e-06
0,0.0
0,0.42053235114153864
0,2.0876826722338202e-05
0,0.0
0,0.424612007339903
1,0.46576654579638616
0,0.005
0,0.0
1,0.21351989834086013
0,0.0
1,0.26180088306957505
1,0.2765273031246517
0,0.0
0,0.0
0,0.0005969430002638617
0,7.458702342817663e-06
0,0.0
0,0.0
1,0.15364412689178805
0,0.0
0,0.270601955801541
0,0.0
0,0.19171933216754553
0,0.0
0,0.0
1,0.4948697145542685
0,0.0
0,0.0
0,0.0
0,0.0
0,0.0
0,0.0
0,0.0
0,0.1395352844710997
0,0.2671720804454721
0,0.0
0,0.0
0,0.0
0,0.33318104393717024
0,0.0
0,0.0
0,0.14682082616061984
0,0.0
0,0.0
0,0.0
0,0.0
0,0.2081190350849673
1,0.3572283404195747
0,0.0
0,0.0
0,0.0
0,0.0
0,0.0
0,0.3727778010894435
0,0.0
1,0.2587347801310819
0,0.0
0,0.0
0,0.0
0,0.02090909090909091
0,1.6863406408094435e-05
0,0.02349978574316341
0,0.0
0,0.0
0,0.0
0,0.39603137570353114
0,0.0
0,0.0
1,0.5568315441048645
1,0.18288600305834649
1,0.4443032835496888
0,0.0
0,0.0
0,0.0
0,0.0
0,0.0
0,0.0
0,0.0
0,2.8735632183908045e-05
0,0.0
0,0.0
0,0.0
1,0.5323765034117351
1,0.6316877257030562
0,7.458702342817663e-06
0,0.0
0,7.458702342817663e-06
0,0.0
0,0.24404608256106944
0,0.1000288390587711
0,0.0
0,0.0
0,0.16587110512213915
0,0.0
0,0.0
0,0.0
0,0.0007505773672055427
0,0.0
0,7.458702342817663e-06
0,0.0
0,0.0
0,0.0
0,0.0
0,0.605027517187698
0,0.001793824995991711
0,0.1541265453955556
0,0.15097132480903144
0,0.15958449537086167
0,0.3211398896821302
0,0.0
0,0.0
0,0.00018018018018018018
0,0.005172413793103448
0,7.458702342817663e-06
0,0.14084161202534273
0,0.0
1,0.3629268566905703
0,0.14601602615913964
0,0.0
0,7.458702342817663e-06
0,0.0
0,0.0
0,0.0
0,0.0
0,0.0
0,7.458702342817663e-06
0,0.0
0,0.0
1,0.6214465164579271
0,0.0
1,0.8600328307334416
0,0.00020113199919142912
0,0.0
0,0.0
0,0.0007434348232709351
0,0.21996337535125415
1,0.6990086299795183
0,0.0
1,0.20474730535495897
1,0.4190659287259729
0,0.0
0,0.4641220110292394
0,0.0
0,0.0
0,0.0
0,0.0
0,0.3881820182132951
1,0.5028198167702275
0,0.0
0,0.0
0,0.0
0,0.0
0,0.0
0,0.18309731385031364
0,0.0
0,0.21639646027600734
0,0.0
0,0.1949137394824285
0,0.0
0,0.0
0,0.0
1,0.280125066678287
1,0.49726762136076547
0,0.0
0,0.0
0,1.6863406408094435e-05
0,0.0
0,0.0
1,0.3177407495703238
0,0.0
0,0.23831686504452013
0,0.005
0,0.0
0,0.0
0,0.0
0,0.0
0,0.0
0,0.20777040165154204
0,0.17470753784801712
0,0.0
0,0.0
1,0.34150178121966035
0,0.0
0,0.045169263667614486
0,7.458702342817663e-06
0,0.0
0,0.0
0,0.18405737899954575
0,0.14473722629951755
0,0.0
0,0.0
1,0.2301032580762426
0,0.0
0,0.22714960593919747
1,0.2969180816721917
0,0.0
0,0.0
0,0.0
0,7.458702342817663e-06
0,0.0
0,0.0
0,0.0
0,0.0
0,2.0876826722338202e-05
0,0.0
0,0.0
0,0.0
0,0.20746491860416805
0,0.0
0,0.22273335446123477
0,0.0
0,0.0
0,0.11697514430597929
0,0.0
0,0.1654356991572362
0,0.0
0,2.0876826722338202e-05
0,0.0
0,0.1444825760106272
0,0.29360513198843124
0,0.0
0,0.0
1,0.43958060028961377
0,0.0
0,0.0
0,0.0
0,0.0
0,0.0
0,0.0
0,0.0
0,0.0
0,0.1647272827857375
0,0.48514140213123647
0,0.0
0,0.0
0,0.0
0,0.1109037084565937
0,0.0
0,7.458702342817663e-06
0,0.23612540802147838
0,0.1615900731130624
0,0.0
0,0.18087217401759415
0,0.0
0,0.0
0,0.0
0,0.10843335741287956
0,0.0
0,0.0
0,0.0
0,0.2528727379353643
0,0.25768904206628646
0,0.1994446374086049
0,0.388183573656686
0,0.0
0,0.18044152710835687
0,0.0
0,0.0
0,0.0
0,7.458702342817663e-06
0,0.14867486123192744
0,0.0
0,0.0
0,0.0
0,0.1435950309957846
0,0.22908745222241766
0,0.0
0,0.0
0,0.0
0,0.0
0,0.0
0,7.458702342817663e-06
0,0.0
0,0.0
0,0.0
0,0.36024997263130004
0,7.458702342817663e-06
0,0.0
0,0.015
0,0.0
0,0.20283701756115893
0,0.0
0,0.13439330336839753
0,0.0
0,0.0
0,0.03139275821431798
0,0.0
0,0.0
0,0.0
0,0.00034079203567615097
0,0.0
0,0.0
0,0.0
0,0.0
0,0.0
0,7.458702342817663e-06
0,7.458702342817663e-06
0,7.458702342817663e-06
0,0.20043314913556132
0,0.0
0,0.0
0,0.0
0,0.0
0,7.458702342817663e-06
0,0.0
0,0.11476973527869169
0,0.0
0,0.0
0,0.0
0,0.0
1,0.2570465246960703
0,0.0
0,1.6863406408094435e-05
0,0.0
0,0.0
0,0.0
0,0.06083082311237791
0,0.1408159074395378
0,0.0004968817649848797
0,7.458702342817663e-06
0,0.0
0,0.0
0,0.0
1,0.4565253772178564
0,0.0
0,0.0
0,0.0
0,0.0
0,0.2077760464868964
0,0.1374978232005956
0,0.169943742776725
0,0.0
1,0.2911661630773652
0,0.27075243066785
0,0.0
0,2.8735632183908045e-05
0,0.0
0,0.0
0,7.458702342817663e-06
1,0.1662586665971367
0,7.458702342817663e-06
0,0.26877498240989217
0,0.0
0,0.0
0,0.0
0,0.12025360303641747
0,0.0
0,0.20883732242125577
0,0.0
0,0.17328370560290435
0,0.0
0,0.0
1,0.7226646531543777
0,0.029847445673539287
0,0.0
0,0.0
0,0.17424008569326005
1,0.4176880713331043
0,0.2533897323228932
0,0.0
0,0.0
0,7.458702342817663e-06
0,0.4295275180169958
0,0.0
1,0.273898552628874
0,0.19908610796455395
1,0.3559120754194891
0,0.0
0,0.0
0,0.25014991017495936
1,0.4440765233065036
0,0.00011415525114155251
0,0.21126507914468196
0,0.19117432353938227
0,2.0876826722338202e-05
0,0.0
0,7.458702342817663e-06
0,0.0
0,0.06808472215965553
0,7.458702342817663e-06
0,0.13031041420061923
0,0.0
1,0.3352277395456251
0,0.31476571674690235
0,0.2958555160311227
1,0.25627314655379335
0,0.0
0,6.546334271404736e-05
0,0.00030778811257615806
0,0.0
0,0.0
1,0.529659502792727
0,0.1757268625415743
0,0.0
1,0.30570023209694563
0,0.0
0,0.3285062066588186
0,0.2778448136605266
0,0.22343991573612004
0,0.0
0,0.0
1,0.3173160138455336
1,0.22685705781752055
0,0.0
0,0.0
1,0.36848850497447294
0,0.0
1,0.42094013979130407
0,7.458702342817663e-06
1,0.6519697173492829
0,0.0
0,0.0
1,0.4075157643437789
0,0.0
0,0.0
0,0.0
0,0.14754960445606138
0,7.458702342817663e-06
0,0.2788896905742354
0,0.4759491434392112
0,0.0
0,0.0
0,0.24899936885341553
0,0.1755950378258137
0,0.0
0,0.22008843187729898
0,0.0
0,0.09660907966065435
0,0.0
0,0.0
0,0.0
0,0.31887811181047854
0,0.0
1,0.6655227478095757
0,0.0
0,0.0
0,0.0
0,0.0
0,0.3573168613634479
0,0.15939438539359357
0,0.0
0,0.0
0,0.0
0,0.0
0,0.21629603977282674
0,7.458702342817663e-06
0,1.6863406408094435e-05
0,0.0
0,0.0
0,0.0
0,0.0
0,0.0
0,0.27796337978428826
0,0.18576394019810796
0,0.3884248417646839
1,0.3955633355006112
0,0.0
0,0.20045479022103002
0,0.011455336570926596
1,0.40683150854959993
0,0.0
0,0.0
0,0.24094198594706182
1,0.4417495265904147
0,0.35073033032850776
1,0.3129709505427485
0,0.0
0,7.458702342817663e-06
0,7.458702342817663e-06
1,0.4712243450180592
0,0.0
0,0.0
0,0.0
0,0.0
0,0.00011415525114155251
0,0.0
0,0.0
0,7.458702342817663e-06
0,7.458702342817663e-06
0,0.0
0,0.0
0,0.0
0,0.0021428571428571425
0,0.0
0,0.0
0,0.189380757321064
0,7.458702342817663e-06
0,0.0
0,0.0
0,0.0
0,0.0
0,0.0
0,0.20959505236172482
0,0.0
0,0.0
0,0.3007490921942003
0,0.0
0,0.0
0,0.03459082040602059
0,0.19674728093215538
0,0.0
0,0.004691786133716389
1,0.36919748104696
0,0.18515826741937258
0,0.0
0,0.0
0,0.0
0,0.0
0,0.0
0,0.000495107615061888
1,0.3144669422423598
0,0.1887860990062685
0,0.18140279094421966
0,0.0
0,0.30575630599555637
0,0.0
0,0.004691786133716389
0,7.458702342817663e-06
0,0.17383018845523474
1,0.3007659086863123
0,0.0
0,0.0
0,0.0
0,0.0
0,0.0
0,0.0
0,0.0
0,0.0
0,0.0
1,0.5625622023318726
0,0.0
0,0.0
0,0.1306645536188545
0,0.34011293954077365
0,0.16033681807855055
0,0.1636932623741731
1,0.25213233517060696
0,0.12815810659667284
0,0.3612693674612531
0,0.0
0,0.0
0,7.458702342817663e-06
0,7.458702342817663e-06
0,0.22479533421322428
0,0.08123164587679677
1,0.21061394675360062
0,0.0
0,0.0
0,0.21172004120276725
0,0.3822397586862794
0,0.3786973079399567
1,0.26553519929479247
0,0.3600106592945595
0,0.0
0,0.23308236618809913
0,0.30130545243985335
0,0.27219406459515555
0,0.18542237414746998
0,0.0
0,0.2305608049091819
0,0.0
0,0.00011415525114155251
0,0.4010907088412775
0,0.034695074593925
0,0.0
0,0.0
0,0.3166996718281782
0,0.0
0,0.0
0,0.0
0,0.0
0,0.0
0,0.0
0,0.0
1,0.5611093723917836
0,0.05712071041896623
0,0.24325311253989523
0,0.0
0,0.0
1,0.27202484103011293
0,0.0
0,0.005
0,0.0
0,0.0
0,0.16944443985294178
0,0.1890721827716403
0,0.0
0,0.0
0,0.0
0,0.0
0,0.0
0,0.0
0,0.12036065466149354
0,0.0
1,0.3708516707493732
0,0.0
0,0.2456682084312032
0,0.01727188852698278
0,0.0
1,0.2536000019513096
1,0.6355983262419092
0,0.0
1,0.24318616301617962
0,0.0
0,0.17386467368734707
0,0.0
0,0.0
0,0.0
0,0.18101292642265562
0,0.0
0,7.458702342817663e-06
0,0.0
0,0.0
0,0.0
0,0.0
0,0.0
0,0.0
1,0.5797629652130853
0,0.0
0,0.0
0,0.12176405311442137
0,7.458702342817663e-06
0,0.258370843513211
0,0.24822237645024667
0,0.0
0,0.0
0,0.0
0,0.0
0,0.26622859796213394
0,7.458702342817663e-06
0,0.0
0,0.18044562854810384
1,0.3906651024629963
0,0.06714192811813736
0,0.0
0,0.15449611461918938
0,0.0
0,0.0
0,0.0
0,0.0005969430002638617
0,0.0
1,0.4645379947848852
0,0.0
1,0.48355836614061554
0,0.012118688262120612
0,0.31788349023406115
0,7.458702342817663e-06
0,0.32459764351664516
0,0.0
0,0.0
0,0.0
0,0.0
0,0.0
0,0.0
0,0.0
0,0.342575789697699
0,0.4487939424582009
1,0.19970127845434882
1,0.333450016399107
0,0.0
0,0.0
0,0.0
0,0.02962439884147801
0,0.022277231830118305
0,0.0
0,0.0
0,0.0014271198166645046
0,0.0
0,0.0
0,0.0
0,0.13503250618369012
0,7.458702342817663e-06
0,0.0
1,0.2299178539840956
0,0.2527894280095884
0,0.0
0,0.0
1,0.4837068449472124
0,0.0
0,0.18945939986928187
0,0.0
0,0.0
0,0.24069792685124358
1,0.30177652757469176
1,0.27778035190513956
0,0.17060602526573554
0,0.0
0,0.0
0,0.6065345635968092
0,0.0
0,0.0
0,0.147774522168788
0,0.0
0,0.0
0,0.15835239098367102
0,0.0
0,7.458702342817663e-06
0,0.0
0,0.0
0,0.08853098658171944
0,0.16075607155414293
0,0.0
0,0.23216143925957716
0,0.13064521284765276
0,0.4500623356808711
0,0.0
0,0.2160482641118625
0,0.0
0,0.1858918043884401
0,0.0
0,0.0
0,0.0
0,0.0014271198166645046
0,0.0
1,0.755269642588077
0,0.3385414060753633
0,0.0
0,0.18816977546250294
0,0.0
0,0.0
0,0.0
0,0.0
0,0.19211591320867533
0,0.27462763657517913
0,0.0
1,0.25712526941300234
0,0.0
0,0.0
0,0.0
0,0.0
0,0.13101836863649313
0,0.0
0,0.0
0,0.0013690476190476191
1,0.546436152548141
0,7.458702342817663e-06
0,0.0
0,0.0
0,0.17981865455895954
0,0.0
0,0.0
0,0.0
0,0.0
0,0.3192011714542161
0,0.43131531006670804
0,0.013136988914723082
1,0.37266567543584567
1,0.4248919432507965
1,0.267374197105821
0,0.0
0,0.0
0,0.0
0,0.0
0,0.021450246164792106
0,0.0
0,0.1779309284482784
0,0.0
0,0.15797266173433266
0,0.0
0,0.0
0,0.0
1,0.24426469446721458
0,0.3830293488996833
0,0.2952736398531416
0,0.16140780280992115
0,0.13248358369116445
0,0.0
0,0.27165192292252216
0,7.458702342817663e-06
0,0.00037821064778742567
0,0.004691786133716389
0,0.0
0,0.011311496432499703
0,0.0
0,0.24853039821167183
1,0.4253751211975663
0,0.0
0,0.0007434348232709351
0,0.0
0,0.0
0,0.10168280857415189
1,0.1475776446549698
0,0.15176302108426556
0,0.14152408536589825
0,0.0
0,0.2304665736937641
0,0.0
0,0.25143414968996675
0,0.14094999458194843
0,0.15847819433355348
1,0.41106801234521373
0,0.0
0,0.0
0,0.0
0,0.1389183762780613
0,0.35847096336473055
0,0.07135614280336869
0,0.0
0,0.0
0,0.0
0,0.0
0,0.0
0,0.0
0,0.0
0,0.0
0,0.0
0,7.458702342817663e-06
0,0.0002941176470588235
1,0.6437290495594473
0,0.0
0,0.17072250048442356
0,0.2261184928307255
0,0.0
0,0.0
0,0.26299650334256863
0,0.0
0,0.020130765943138833
0,0.0
0,0.13286011183203805
0,0.02895032680014323
0,0.0
0,0.0
0,0.0
0,0.0
0,0.038992898341789074
0,0.0
0,0.0
0,0.18080412849286462
0,0.0
0,0.005673710901669491
0,0.2897156935423835
1,0.20486554675056204
0,0.2684897305821965
0,0.0
1,0.31791096287231047
0,0.0
0,0.2238029114589367
0,0.0
0,0.15862425758055643
0,0.0
0,0.0
0,0.208399359271944
0,0.182501225219538
0,0.0
1,0.282538955102762
0,0.0916128391998926
0,0.0
0,7.458702342817663e-06
0,0.0
0,0.056517272595348625
0,0.0
0,0.06938686358483502
0,0.0
0,0.03877586124375229
0,0.2234756608652155
1,0.31038404598196745
0,0.0
0,0.0
1,0.32116671729625956
0,0.0
0,0.0
0,0.0
1,0.2529032473092702
0,0.2422379380081762
0,0.36871555493152103
0,0.1738488812829834
0,0.0
0,0.0
1,0.1866902247714995
0,0.0
0,0.0
0,0.21508076285831076
0,0.0
0,0.0
0,0.0
0,7.458702342817663e-06
0,0.00011415525114155251
0,0.15695522880840243
0,0.08485655121162346
1,0.13458686764823086
0,7.458702342817663e-06
0,0.4325758560262954
0,0.0
0,0.17046244074819378
1,0.16150944324619165
0,0.16095931915968753
1,0.25314828927358407
0,0.0
0,0.0
1,0.20325936617433044
0,0.0
0,0.0
0,0.2199460221482493
0,0.0
0,0.00020113199919142912
0,0.20490223261219076
0,0.145411777298845
0,0.0
0,0.0
0,0.0372678230493451
0,0.0
0,0.0
0,0.2278325385542171
1,0.3401529747693918
0,0.0
0,0.0
1,0.5705394875911046
0,0.0
0,0.16573112006653695
0,0.0966913328065316
0,0.0
0,0.0
0,0.0
0,0.00018867924528301886
0,0.0
0,0.0002852546141470381
0,0.39570392547911665
0,0.0
0,0.46840529883075654
0,0.0
1,0.6731174260468044
1,0.8282388628728568
0,0.0
0,0.28511689512102134
0,0.0
0,0.0
0,0.10228544168188025
0,0.0
0,0.0
0,0.0
0,0.0
0,0.18172551412681157
0,0.0
0,0.0
0,0.0
0,0.0
0,0.0
1,0.14609821000876105
0,0.11332984287505284
0,0.0
0,0.0
0,0.179682150958655
0,0.22570250025966257
0,7.458702342817663e-06
0,0.0
0,0.0
0,0.0
0,0.0
0,0.08785239700952488
0,0.0
0,0.07824789882867225
0,0.0
0,0.0
0,0.3242250517036967
0,0.0
1,0.27019668965850063
0,0.0
0,0.0
0,0.0
0,0.005
0,0.0
0,0.0016077919390857908
0,0.0
0,0.08234647523692198
0,0.0
0,0.0
0,0.03139275821431798
0,7.458702342817663e-06
0,0.0
0,0.18303432486523877
0,0.0
0,0.0
0,0.0
0,0.0
1,0.33753947967870657
0,0.11984093580357498
0,0.299477259889415
0,0.0006263527909261533
0,0.0
1,0.3321067446461615
0,0.0
1,0.3698200760560877
0,0.0
0,0.0
0,0.0
0,0.0
0,0.0
0,0.0
0,0.0
0,7.458702342817663e-06
0,0.15184314798408338
0,0.019679802955665026
0,0.0
0,0.18767428412682496
0,0.0
0,0.0011858238513889738
0,0.18339142874867786
0,7.458702342817663e-06
0,0.0
1,0.2913724721579029
0,7.458702342817663e-06
0,0.0
0,0.3910887213465076
0,0.0
0,0.0
0,0.0
0,0.01334774201694362
0,0.2558391106830004
0,0.0
0,0.0
0,0.24672371514593178
0,0.0
0,0.17502796853853844
0,0.005
0,0.0
0,0.2166170971308442
0,0.0
0,0.0
0,0.0
0,0.42957374151340455
0,0.2983501867137957
1,0.763552694416898
0,0.20051746386397606
0,0.0
0,0.49680123704634566
0,0.10342940845358192
0,0.0
1,0.16952409227793347
0,0.2752385989824972
0,0.0
0,0.0
0,0.0
0,0.2743210795285399
0,0.17566920712145417
0,0.2878467908367682
0,0.27674034277252013
0,7.458702342817663e-06
0,0.26901080594625526
0,0.22951022554093825
0,0.19241712118059795
0,0.1571639499113701
0,2.0876826722338202e-05
0,0.0
0,7.458702342817663e-06
0,0.0
0,0.05752320189493231
1,0.3677638737815141
0,0.0
1,0.3389337418390228
1,0.9373976792322277
0,0.15697410579391488
0,0.0
0,0.0
0,0.21147803827201272
0,0.1581641389203786
1,0.13129542971500563
0,0.0
0,0.08762438020890738
0,0.3283326590982146
0,0.0
0,0.17310647730588222
1,0.3426653820465914
0,0.0
0,0.12668318830454608
0,0.008314309200533818
0,0.0
0,0.0
0,0.45559874911508946
0,0.0
0,0.0
0,0.0
0,0.0
0,0.0
0,0.0
0,0.0
0,7.458702342817663e-06
0,0.0
0,0.0
0,7.458702342817663e-06
0,0.20295118714345
0,0.18235026316441683
0,0.18251382663952828
0,0.0
0,0.0
0,0.0
0,0.0
0,0.0
0,0.15836744320358082
0,7.458702342817663e-06
0,7.458702342817663e-06
0,0.0
0,0.0
0,0.0
0,0.0
0,0.0
0,0.00011415525114155251
1,0.23693796670398437
0,0.0
0,0.0
0,0.0
0,7.458702342817663e-06
0,0.0
1,0.47427858958569385
0,0.0
0,0.0
0,0.23668596136955655
0,0.0
0,0.2815764839105434
0,0.00012121212121212121
1,0.699756019936058
0,0.0
0,0.0
0,0.0
0,0.0
0,0.0
0,0.4175251792322106
0,2.9585798816568047e-05
0,0.0
0,0.0
0,0.0
1,0.41990269478272135
0,0.0
0,7.458702342817663e-06
0,0.01811011309237519
0,0.0
0,0.0
1,0.19049672664683
0,0.0
0,0.06856758059265172
0,0.24580856049910327
0,0.0
0,0.0013690476190476191
0,0.0
0,0.0
1,0.38154047899025045
0,0.003072213893053474
1,0.4575471170202482
0,0.0
0,0.0
0,0.0
0,0.25960631537408546
0,0.0
0,0.0
0,2.0876826722338202e-05
0,0.0
0,0.38050666278328754
0,0.0
0,0.2765772457067816
0,0.00018867924528301886
1,0.4678174431280274
0,0.17967748522939736
0,0.0
0,0.2105806339263183
0,7.458702342817663e-06
0,0.0
0,0.0
0,0.3306157813898814
0,0.0
0,0.0
0,0.0
0,0.0
0,0.2532905166679154
0,1.3010668748373666e-06
0,0.0
0,0.0
1,0.7171133457501885
0,7.458702342817663e-06
0,0.0
0,0.186409293904028
0,0.0
1,0.9882806416176905
0,0.006235783883944735
0,0.1734293778985579
0,0.312524186568612
0,0.0
0,0.0
1,0.23313154289856008
0,0.0
0,0.01705626898578003
1,0.16213307471421068
1,0.2048721748053433
0,7.458702342817663e-06
0,0.0
0,0.0
0,0.0
0,0.0
0,0.0
0,1.6863406408094435e-05
0,7.458702342817663e-06
0,7.458702342817663e-06
0,0.0
0,0.1697819890353446
0,0.07935162029053576
0,0.0
0,0.0
0,0.17975664650361
1,0.45428166844354495
0,0.0
0,0.0
0,0.0
0,0.2852987440705311
0,0.20378448047300435
0,0.0
0,0.0
1,0.24390622551700367
0,0.0
1,0.3678836184406702
0,0.04576156144196537
1,0.600977827805437
0,0.0
0,0.0
0,0.03272049143532633
0,0.0
0,0.03467981790493006
1,0.27086271205223367
0,0.256801768344678
0,0.17407084814894933
0,0.0
0,0.26095848653721876
0,0.0
0,0.15244639633479792
0,0.0
1,0.4553108848965474
0,0.2809258756874424
0,0.0
0,0.0
0,0.28686845052184007
0,0.3572958002354132
0,0.0
0,0.0
0,0.004936999434351167
0,7.458702342817663e-06
0,0.0
0,0.0
0,0.0
0,0.0
0,0.0
0,0.0
1,0.5929706774096839
0,7.458702342817663e-06
0,0.1978608456176948
0,0.2553173750128963
0,0.35256322430202197
0,7.458702342817663e-06
0,0.27644791565661697
0,0.0
1,0.5610448007441555
0,0.0
0,0.0
0,0.0
1,0.6011615864690042
0,0.20696385676027038
0,0.0
0,0.0
0,0.0
0,0.0
0,0.00017241379310344826
0,0.0
0,0.0
0,0.0
0,0.015345231133405565
0,0.0957510262689925
0,0.16792929797351466
1,0.9336792847736394
0,0.0
0,0.14534117192032847
0,0.0
0,7.458702342817663e-06
0,0.0
0,0.011472081936289876
0,0.0
1,0.3677616199537339
0,0.0
1,0.2765836771385543
0,7.458702342817663e-06
0,0.0007505773672055427
0,0.0
0,0.0
0,0.0
0,0.22660451305145274
0,0.0
0,0.00908865537485606
0,0.0
1,0.1491441393165071
0,0.0
1,0.18223617567862033
0,0.0
0,0.20110101626826832
0,7.458702342817663e-06
0,0.0
0,0.0
1,0.1686787823598971
0,0.0
0,2.0876826722338202e-05
0,0.0
0,0.0
0,0.0
0,0.0
0,0.0
1,0.9764051607246812
0,0.0
0,0.0
0,0.17000634712763055
0,0.0
0,0.0
0,8.759043918779774e-05
0,0.21979506909712235
0,7.458702342817663e-06
0,0.266382004808499
0,0.0
0,0.0
1,0.3716984211710143
0,0.19070976868630138
0,1.3010668748373666e-06
0,0.18895773477161348
0,0.0
0,6.546334271404736e-05
1,0.38962482800865167
0,0.0
0,0.0
0,0.0
0,0.0
0,0.0
0,0.0
0,0.0007434348232709351
1,0.340429942385076
0,0.0
0,0.0
0,0.0
0,0.0
1,0.39853621896881214
0,0.0
0,0.0
0,0.36666129886563925
0,0.120249265562668
0,0.0
0,0.25338727113819415
0,0.0
0,0.0
0,0.0
0,0.0
0,0.0
0,0.0
1,0.6487719525660636
0,0.0
0,0.0
0,0.0
0,0.33263918456239827
0,7.458702342817663e-06
0,0.0
0,0.09730490394840957
0,0.3587244828092122
1,0.8635660827842453
0,0.0
0,0.21203345755187558
0,0.0
0,0.0012854757849028301
0,0.01
0,0.0
0,0.0
0,0.0005576382380506092
0,0.0
0,0.006509198924537694
0,0.0
0,7.458702342817663e-06
0,0.0
0,0.0
0,0.005986014243368507
0,0.0
0,0.0
0,0.09215836511031941
1,0.3577582480041898
0,0.0
0,0.0
0,0.1426808797633086
0,0.0
0,0.3572215767247448
0,0.0
1,0.3629688022612221
0,0.0088012896438805
0,0.0
0,2.0876826722338202e-05
0,0.0
1,0.6829606345847016
0,0.0
1,0.30584123410130626
0,0.0
0,0.1553332447500737
0,0.20388612201686776
0,0.24664574855874177
1,0.2385584599288133
0,0.0
0,0.0
0,0.5176196156204341
0,0.024619689727851567
0,0.0
0,0.0
0,0.0
0,7.458702342817663e-06
0,0.2926813940503118
0,0.0
0,0.0
0,0.12000408303888165
0,0.4255949173725776
0,0.0
0,3.875968992248062e-05
0,0.0
0,0.0
0,0.24049835041774903
0,0.0
0,7.458702342817663e-06
0,0.0
0,0.23844166785952525
0,0.0
0,0.0
0,0.0
0,0.0
0,0.31528901356792266
0,0.19035058084603101
0,0.0
0,0.18815632687477005
0,0.0
0,0.0
1,0.2620473613630229
0,7.458702342817663e-06
0,0.0
0,0.01
0,0.0
0,0.0
0,0.0
0,0.005121212121212121
0,0.0
0,7.458702342817663e-06
1,0.35102123189834555
0,0.0
0,7.458702342817663e-06
0,0.0
0,0.3094027705433038
0,0.0
0,0.00020113199919142912
0,0.1523024535213688
0,0.0
1,0.40704142116733133
0,0.11806296534819304
0,0.24573891764489883
0,0.0
1,0.5119207554115134
0,0.0
0,0.00018018018018018018
0,0.0
0,7.458702342817663e-06
0,7.458702342817663e-06
0,7.458702342817663e-06
0,7.458702342817663e-06
0,0.0
0,0.0
1,0.35419744165527073
0,7.458702342817663e-06
0,0.002485646181745997
0,0.0
0,0.00018018018018018018
0,0.28972465959321103
1,0.2812313226299809
0,0.0
0,0.2829086549445691
0,0.0
0,0.0
0,0.15384347239218232
0,0.1881096043740214
0,1.6863406408094435e-05
0,0.0
0,0.3098548820189511
0,0.20842084319449378
0,7.458702342817663e-06
0,2.0876826722338202e-05
0,0.0
1,0.318944874036841
0,0.0
0,0.0
0,0.0
0,0.0
0,7.458702342817663e-06
0,0.18163960213926728
0,0.14684915881512828
0,0.09072370336810265
0,0.0
0,0.0
0,0.0
0,0.0
0,0.0
0,0.0
0,0.0
0,2.0876826722338202e-05
0,0.3772647830291342
0,0.0
0,0.07515921368013188
0,0.14977626148586767
0,0.0
0,0.03145442501324854
0,0.0
0,0.0
0,0.0
0,0.22652037638683026
0,0.0
0,0.0002900934401220442
0,0.0
0,0.0
0,0.0
0,0.0
1,0.2952087088212847
0,0.0
0,0.0
0,0.0
1,0.2864864950043239
1,0.36694543517156236
0,0.0
0,0.00011415525114155251
0,0.0
0,0.0
0,0.39707617571938797
0,0.0
0,0.011553045611526775
0,0.21556886373273276
0,0.0
0,0.0
0,0.0
0,0.0
0,0.0
0,0.0
0,0.0
0,0.0
0,0.0
0,0.0
0,0.19801356541061374
0,0.0
1,0.4132501736171863
1,0.7491557280804431
0,0.0
0,0.0
0,0.0
0,0.008136988914723082
0,0.26471880923172575
0,0.0
0,0.0
0,0.0
0,0.00939269667728016
0,0.0
0,0.0
0,0.0
0,0.0
0,0.0
0,0.0
0,0.0
0,0.0
0,0.0
0,0.0
0,7.458702342817663e-06
0,0.16566171583430261
0,0.20236996190794798
0,0.32910314266843244
0,0.0
0,0.0
0,0.0
0,0.0
0,0.219400074420682
0,0.0
0,0.0
0,0.0
0,0.0
1,0.47698274927967604
0,0.17820685980242715
0,0.0
0,0.5581512004458065
1,0.6488000233857045
0,0.00025
0,2.0876826722338202e-05
0,0.0
0,0.0
0,0.0
0,0.0
1,0.9231899134155712
0,0.0
0,0.012963617704384709
0,0.0
0,0.1802792595001702
0,0.0
0,0.0
0,0.0
0,0.18837283853241815
0,0.0
0,0.17610873133687402
0,0.2231791775912308
0,0.3722746075435451
0,0.0
0,0.010987047325615429
0,0.0
0,0.16602865705281963
0,2.9585798816568047e-05
0,0.0
0,0.0
0,0.0
1,0.23105776407131048
0,7.458702342817663e-06
0,0.3532141868452024
0,0.309039215732668
0,0.0009187129392779645
0,0.19516745889085368
0,7.458702342817663e-06
0,0.2499536168839532
0,0.19467310802154242
0,0.1738139821975565
0,0.0
0,0.16481214194984137
0,0.0
0,0.025
0,0.0
0,0.0
0,0.3802207420726096
0,0.0
0,7.458702342817663e-06
0,0.15431590427847933
0,0.2353923690151192
0,0.0
0,0.0
0,0.0
0,0.0
0,0.0
0,0.0
0,7.458702342817663e-06
0,0.19397366465983928
0,0.0002702702702702703
0,0.0
0,0.0
0,0.13539571709476123
0,0.003688662557220319
0,0.0
0,0.20453563689538823
0,0.060699244165009485
0,0.0
0,0.2154102992019676
0,0.1258982574639212
0,0.0047267103532534285
0,0.0
0,0.0
0,0.0
0,0.0
0,0.0
1,0.38472862149279385
0,0.0
0,0.38552806670617235
0,0.0
0,0.0
0,0.0
0,0.23699008478211514
0,0.0
0,0.06083082311237791
0,0.0
0,0.20022204186126502
0,0.10355661196053415
0,0.5090713550902314
0,0.2697725744604429
0,0.23053563878649275
0,0.0
0,0.0
0,0.0
0,0.0
0,0.0
0,2.8735632183908045e-05
0,2.8735632183908045e-05
0,0.0
0,0.0
0,0.0
0,0.0
0,0.0
0,0.0
0,0.0
0,0.0
0,7.458702342817663e-06
0,0.0
0,0.0
0,0.19756132816442346
1,0.4863260867748898
0,0.0
0,0.0
0,0.4114191844815476
0,1.6863406408094435e-05
0,0.0011975705205532145
1,0.37516194983145745
0,0.25791780003499437
0,0.0
0,0.0
0,0.0
0,7.458702342817663e-06
0,0.0
0,0.18849512037045923
0,0.13095441878026298
0,5.494505494505495e-05
0,7.458702342817663e-06
0,0.2219846768513252
0,0.20476086150980075
0,0.4289211359558498
0,0.0
0,0.0
0,0.41573722520024137
0,7.458702342817663e-06
0,0.2204907170569145
1,0.5102740250819181
0,0.0
0,0.0
0,0.0
0,0.0
0,0.26236087393873914
0,0.0
0,0.0
0,7.458702342817663e-06
0,0.3179938314000069
0,0.0
0,0.0
1,0.38905659974240536
0,0.0
0,0.1658489044437226
0,0.0
1,0.5134592669673045
0,0.0
0,0.1713185208168154
0,0.004580635592103018
0,0.08202911635933327
1,0.22437249110324886
0,0.0
0,0.4263081886258492
0,0.0
0,0.19517017874043285
0,0.0
0,0.0
0,0.0
1,0.3971456699122712
0,0.0
1,0.3074060509171126
0,0.35574096656926374
0,0.00020113199919142912
0,0.21929067493130194
0,7.458702342817663e-06
0,0.0
0,0.36283709957517707
0,0.1847418071545406
1,0.37902631154134836
0,0.0
0,0.0003481333950596987
0,0.0
0,0.0
0,0.16399112896934767
0,0.1665391616704652
0,0.0
1,0.40916634668609625
0,0.17330046024890225
0,0.0
0,2.9585798816568047e-05
0,0.0
0,0.13449420365536924
0,0.1957537339650417
0,0.0
0,0.3776849931348139
0,0.0
0,0.0
0,0.0
0,0.0
0,0.0
0,0.0
0,0.0
0,0.0
0,0.0007434348232709351
0,0.0
1,0.5572926388444528
0,0.0
0,0.0
0,0.028242821492670673
0,0.0
0,0.40734969230832924
1,0.4006041724925366
0,0.0
0,0.02040622182314164
0,0.0
1,0.17439153706245672
0,7.458702342817663e-06
1,0.4265649805457773
1,0.24281762245588007
0,7.458702342817663e-06
0,0.0
0,0.0
0,0.0
0,0.0
1,0.4237527484193416
0,0.14872725254404057
1,0.3267470158612835
0,0.0
0,0.0
0,0.31912237791456727
0,0.0
0,0.07033956541136997
0,0.2396650716180617
0,0.33632337101628607
0,0.13173326516354222
0,0.0
0,0.2111886944685838
0,0.0
0,0.3141096352631811
0,0.4021140733919901
0,0.0
0,0.0
0,0.0
0,0.2183069126693016
0,0.0398242653268167
1,0.20921466694537633
0,0.0
0,0.0
1,0.9406409224754709
0,0.1733133543981986
0,2.9585798816568047e-05
0,0.0
0,0.0
0,0.21860166753004848
0,0.0
0,0.0
0,0.0
0,7.458702342817663e-06
1,0.8989887368858673
0,0.18505982677253635
0,0.0
0,0.0
0,0.0
1,0.42554397998270327
0,0.18242499837691922
0,0.0
0,0.0
0,0.0
0,0.0
0,7.458702342817663e-06
0,0.18538129917646326
0,0.0
0,0.033933644269700934
0,0.0
0,0.0
0,0.018635206756416403
0,2.0876826722338202e-05
0,0.0
0,0.009577906435485716
0,0.0
0,0.4142054159470665
0,0.0
1,0.4866126685093091
0,0.0
0,0.14032486802050192
0,0.0
1,0.3423705932705181
0,7.458702342817663e-06
0,7.458702342817663e-06
0,0.0
0,0.0
1,0.3376286158600083
0,0.0
0,0.0
0,0.0
0,0.0
0,0.08585523163557542
0,0.0
0,1.6863406408094435e-05
0,0.19634162601299546
0,0.0
0,7.458702342817663e-06
0,0.0
0,0.0
0,0.1925912715990021
0,0.0
0,0.20609322233604427
0,0.0
0,0.25797814595365065
0,0.0
0,0.0
0,0.0
0,0.395128693672575
0,0.1869269543610988
0,0.28250059800914773
0,7.458702342817663e-06
0,0.2359495559884248
1,0.45145958655498836
0,0.0
0,0.1572717116728162
0,0.0
0,0.0
0,0.0
0,0.0
0,0.0
0,0.0
0,0.43427139459750946
0,0.0
0,0.0
0,0.0
0,7.458702342817663e-06
0,0.0
0,0.24295790170599413
0,0.0
0,0.0
0,0.0
0,0.0
0,0.01052231613459222
0,0.0
0,0.0
0,0.301224288384216
0,0.0
0,0.0
0,0.0012503781370014273
0,7.458702342817663e-06
1,0.7912426317188874
0,0.17709493932234918
0,0.17957548075667387
0,0.0
0,0.0
0,0.1359562799096141
0,0.0
0,0.0
0,0.0
0,0.0
0,0.2157691329159231
0,0.41439751084632953
0,0.0
1,0.22501864074752484
0,0.0
0,0.034983172745236484
0,0.0
0,2.9585798816568047e-05
0,0.1990855079079872
0,0.13499560994125306
0,0.0
0,0.2350198766778079
0,0.0
0,0.0
0,0.0
0,0.0
0,0.0007692739659813875
0,0.0
0,0.0
0,0.28941558007204377
0,0.2625970130664315
0,0.015345231133405565
0,0.0
0,0.0
0,0.0
0,0.0
0,0.0
0,0.37260040210402756
0,0.44407859338295025
1,0.424345571904999
0,0.0
0,0.0
0,0.0040908545211954805
0,0.0
0,0.6919440932020465
0,0.0
1,0.4062429916860335
0,0.0
0,0.0
1,0.5725879787475049
0,0.0
1,0.5455936093362638
0,0.23054761052041808
0,0.26540831290516637
0,0.0
0,0.0
0,0.0
0,7.458702342817663e-06
0,0.0
0,0.0
0,0.0
0,0.0
0,7.458702342817663e-06
0,0.0
0,0.0
0,0.0
1,0.4051426524606723
0,0.0
0,0.0
0,0.0
0,7.458702342817663e-06
0,0.0
0,0.0
0,0.0
0,0.0
0,0.0
0,0.0
0,0.0
1,0.2840767532065145
0,0.0
0,0.05061903526173801
0,0.0
0,0.00015151515151515152
0,0.0
0,7.458702342817663e-06
1,0.47139679067243606
0,0.0
0,0.0
0,0.0
0,0.0
0,0.0
0,0.0
0,0.0
0,0.25302963149433966
0,0.0
0,0.16200653813683683
0,0.0
0,0.0
0,0.0
0,0.0
1,0.44730791306248535
0,0.0
0,0.0
0,0.28560986602155153
0,0.0
0,0.25647342709942006
0,0.0
0,0.0
0,0.0
0,0.0
0,0.38006054939995143
0,0.0
0,0.0
0,0.0
0,0.00011415525114155251
0,0.0
0,0.3718198589674173
0,0.0
0,0.0
0,7.458702342817663e-06
0,0.0
1,0.2742859588544375
0,0.0
0,0.0
0,0.0
0,0.0
0,0.0
0,0.14728293870994866
1,0.30156077731807573
0,0.40336875270137285
0,0.11624846996837773
0,0.0
1,0.3794809021041988
0,0.0
0,0.032181453770705276
0,0.0
0,0.0
0,0.0
0,0.0
0,0.0
0,0.0
1,0.9467529013539653
0,0.0
0,7.458702342817663e-06
0,0.0
0,0.26662851948992516
0,0.0
0,0.05715138711125386
0,0.0
0,0.00019704358658827463
0,0.0001450676982591876
0,0.0009870326073272064
0,0.0
0,7.458702342817663e-06
0,0.0
0,0.0
0,0.20874827575032387
0,0.0
0,0.0
0,0.0
0,0.0
0,7.458702342817663e-06
0,5.494505494505495e-05
0,0.0
0,0.13152998906071173
0,0.3068054956817428
0,0.00025
0,7.458702342817663e-06
0,0.08577871481386469
1,0.37952200997151814
0,0.0
0,0.0
0,0.025
0,0.0
0,0.0
1,0.39545039297865736
0,7.458702342817663e-06
0,0.0
0,0.0
0,7.458702342817663e-06
0,0.4380031269335883
0,0.0
0,0.0
0,0.0
0,0.0
1,0.2623130291421414
0,0.0
0,0.0
0,0.0
0,0.0
0,0.3673840331618687
0,0.0
0,0.0
1,0.30545357420063035
0,0.0
0,0.30869116121079804
0,0.0
1,0.2814156391781215
0,0.0
0,0.0
0,0.0
0,0.0
0,0.17416641188744553
0,0.0
0,0.21965181462009523
1,0.37827419482522506
0,0.17124751306293795
0,7.458702342817663e-06
1,0.5474896107173802
0,0.0042603551765875115
0,0.00030778811257615806
0,0.0
0,0.0
0,7.458702342817663e-06
1,0.517987892555044
0,0.0
0,0.0
0,0.0
0,0.0
0,0.18221922885753344
0,0.0001450676982591876
0,0.0
0,0.09909754662395966
0,0.1339334859084172
0,0.0
0,0.005
0,0.0
0,0.0
0,0.0
0,0.0
0,0.3105204942814935
0,0.0
0,0.12548301774516182
0,0.0
0,0.0
1,0.40663123782841704
0,0.24545002823530906
0,0.00017241379310344826
0,0.0
0,0.0
0,0.0
0,0.0
0,0.0
0,0.1635689298409575
0,0.000511011011011011
1,0.3838890976567791
0,0.0
0,0.0
0,0.177589676974287
0,0.0
0,0.00011415525114155251
0,0.32603421009927147
0,0.29921098219567505
0,0.0
0,0.09031693215159782
0,0.03371086554981509
0,7.458702342817663e-06
0,0.492056909074714
0,0.1782385363568743
0,0.0
0,1.6863406408094435e-05
0,0.1349821980308103
0,0.0
0,0.12719589633540088
0,0.17422605315245437
0,0.0
0,0.0
0,0.0
0,0.0
0,0.16871896153816685
0,0.06034463766368102
0,0.0
0,0.0
1,0.42621809574757286
0,0.0
0,0.005007458702342818
0,0.21748777919368517
0,0.21487592864031677
0,0.0006929348041088942
0,0.18676288560346632
0,0.17635675509250784
0,0.0
0,0.27979518612190935
0,0.0
0,0.1536882227626827
0,0.020460538310400386
0,0.0
1,0.2848004356227475
0,0.0
0,0.0
0,0.0
1,0.6719579340611542
0,0.0
0,0.32905556620920356
0,0.0
0,0.0
1,0.5303733770984814
1,0.35975731111842707
1,0.5037355322091854
0,7.458702342817663e-06
0,0.0
0,0.6056899569499358
0,0.25934103324682
0,0.07709068362906661
0,0.3174942615503458
0,0.0
0,0.0
0,0.0
0,0.0
0,1.6863406408094435e-05
0,0.09078577784239408
0,0.0
0,7.458702342817663e-06
0,0.0
0,0.25763623508524197
0,1.6863406408094435e-05
0,0.0
0,0.3488501243817834
0,0.4408023090552225
0,7.458702342817663e-06
0,0.0
0,0.0
0,0.0
0,0.21611361110876262
0,0.0
0,0.0
0,0.20851702465457259
0,0.0
0,0.0
0,0.22021035277626336
0,0.003906742011193303
0,7.458702342817663e-06
0,0.0
0,0.0
0,7.458702342817663e-06
1,0.30676650632812763
0,0.0
0,0.0
0,0.1334915479391009
0,0.1746557099885196
0,0.0
0,0.0
0,0.0
0,0.0
0,0.005065463342714047
0,0.0
0,0.0
0,0.0
0,0.0
0,0.0
1,0.5144963186624963
0,0.0
1,0.6772601710997671
0,0.0
0,0.0
0,0.0
0,0.0
0,0.1745566532120572
0,0.06429185585600072
0,7.458702342817663e-06
0,0.0
0,0.0
0,0.1011475873443844
0,0.0
0,7.458702342817663e-06
0,0.0
0,0.0
0,0.0
0,0.0001388888888888889
0,0.28944188807326515
0,0.3000272421767324
0,0.0
0,0.0
0,0.0
0,0.15035544027688336
0,0.16826288040274992
0,0.0
0,0.20007626303103618
1,0.2859721097804066
0,0.006090369638566324
0,0.1582717955977761
0,0.0
0,0.0
0,0.19058985282978733
1,0.15309631303553042
1,0.7872995757727275
0,0.0
0,0.0
0,7.458702342817663e-06
0,0.0
0,0.0
0,0.0
0,0.0
0,0.18428562227773793
0,0.0
0,0.0
0,0.2417553354359732
0,2.0876826722338202e-05
0,0.0
0,0.0
0,0.0
1,0.3446149293224019
0,0.0
0,0.0
1,0.7312980417458621
1,0.3327931520607166
0,0.0
0,0.14144316500917764
0,0.0
0,0.599617518558641
0,0.0
0,0.0
0,0.0
1,0.9126905026367688
0,0.0
0,7.458702342817663e-06
1,0.3453176710207407
0,0.0
0,0.16308257250129288
0,0.5648634718795588
1,0.43885596760902973
0,0.0
0,0.01342730366679037
1,0.5741437542158354
0,0.0
0,0.2854548587274376
0,0.0
0,0.35240247471831965
0,0.0
0,0.0
0,0.673467248062287
0,0.0
1,0.27444079541944083
0,0.0
0,0.3365664449295297
0,0.0
0,0.18692749967025615
0,0.0
0,0.24531878661441578
0,7.458702342817663e-06
0,0.0
0,0.0
0,0.0
0,0.0
0,0.0
0,0.0
0,0.1280234117988568
0,0.0
0,0.0
0,0.0
1,0.4475075252916465
0,0.20203439675700996
0,0.0
0,0.0
0,7.458702342817663e-06
0,0.0
0,0.0
0,0.0
0,0.0
0,0.0
0,0.0
0,0.2753328574366001
1,0.3805221641504742
0,0.0
0,0.0
0,0.0
0,7.458702342817663e-06
0,0.0
0,0.3380413817563006
0,0.296066182340539
0,0.0
0,0.0
0,0.0
0,0.29549528045644613
0,0.16511436656314252
0,0.0
0,0.0616297053960365
0,0.0001450676982591876
0,0.0
0,7.458702342817663e-06
0,0.012734778904369795
0,0.15964221201986428
0,0.0
0,0.26478130271878153
0,0.17316476304071193
0,0.3326806365582287
0,0.19303688515717177
1,0.3612831623578588
0,0.0
0,0.0
0,0.0
0,0.0
0,7.458702342817663e-06
0,0.02791413380255616
0,0.0
0,0.0
0,0.0
0,0.43524888599421163
0,7.458702342817663e-06
0,0.023213868863714383
0,0.08349192754123697
0,0.006235783883944735
0,0.33834200986031954
0,2.0876826722338202e-05
1,0.37892543879665913
1,0.9882806416176905
0,7.458702342817663e-06
0,0.0
0,0.0
1,0.5611753465382653
0,0.0
0,0.0
1,0.9882806416176905
0,0.0
0,0.004871549158719997
0,0.15771528415882213
0,0.0
0,0.0
0,0.0
0,0.0
0,0.0
0,0.0
0,6.546334271404736e-05
0,0.0
0,7.458702342817663e-06
0,0.0
0,0.39752227075202895
0,0.0
0,7.458702342817663e-06
0,0.07272252535756556
0,0.0
0,7.458702342817663e-06
0,0.0
0,0.0
0,0.0
1,0.2271187375312127
0,0.3421115835452487
0,0.0
0,0.006235783883944735
1,0.2871124602467704
0,0.0
0,0.0
0,0.27485081447550547
0,0.173509549224875
0,0.0
0,0.2228331460478195
0,0.0
0,0.24644352615016987
0,0.0
0,0.0
0,0.0
0,0.1812670003482706
1,0.20134984083869525
0,0.0
0,0.0
0,0.0
0,0.0
0,0.0
0,7.458702342817663e-06
0,0.4699913984085534
0,0.0
0,0.0
1,0.5682310234952928
0,0.3733580512941698
0,0.0
0,7.458702342817663e-06
0,0.0
0,0.0
0,7.458702342817663e-06
0,0.0
0,0.0
0,0.0
0,0.17402364805978554
0,0.18685796063606927
0,0.16434567998006513
1,0.38878390444348193
0,0.0
0,0.0
0,0.0
0,0.011553045611526775
0,0.0
1,0.36570186751424033
0,0.15139501095066576
1,0.29325695889176756
0,0.18954977636623901
0,0.0
0,0.0
0,0.0
1,0.3122581173779515
0,0.0
0,0.0
0,0.13273453778219435
0,0.0
0,7.458702342817663e-06
0,0.0
0,0.0
0,2.0876826722338202e-05
1,0.9878740720754484
0,1.3010668748373666e-06
0,0.1769232140371431
0,0.0
1,0.23353594715991388
1,0.25627938989812976
0,0.0
0,7.458702342817663e-06
1,0.32106299497000945
0,0.0
0,0.00018867924528301886
0,0.16119321362822103
0,0.0
0,0.0
0,0.0
0,0.0
0,0.0
0,0.3084337839147055
0,0.0
0,0.15667045888196227
0,0.0
0,0.0
0,7.458702342817663e-06
1,0.3215431422141675
0,0.0
1,0.5886708839985816
0,0.0
0,0.0
1,0.5658202781605639
0,0.0
0,0.01709843354456003
0,0.0
0,0.2890842965061088
0,0.02620466687978454
0,0.1095417427721092
0,0.0
0,0.0
0,0.0
0,0.4058287666710382
0,0.0
0,0.0
0,0.0
0,0.0
0,0.0
1,0.25685780227524424
0,0.0
0,0.0
0,0.0
0,0.0
1,0.9568521261449399
0,0.0
0,0.0
0,0.0
0,7.458702342817663e-06
0,0.2452051566943465
0,0.0
0,0.0
0,7.458702342817663e-06
0,0.0
0,0.19909484152373735
0,0.38470979630950874
0,0.0002852546141470381
0,0.0
0,0.030957143082956384
0,7.458702342817663e-06
0,0.0
0,0.0
0,0.402618069716794
0,0.311185102536835
0,0.0005263157894736842
0,0.0
0,0.24204581353579724
0,0.0
0,0.0
0,0.13384664803551452
0,0.0
0,0.4226881840280426
0,0.3799979062304434
0,0.14224983581709227
0,0.31783927554746577
0,0.0
0,2.8735632183908045e-05
1,0.18512699487216622
0,0.20094059838852496
0,0.00871511931287086
0,0.0003125
0,0.24572704921738553
0,0.38491043753282844
0,0.17096650059724386
0,0.00018867924528301886
1,0.4905908379525649
0,0.0
0,0.0
0,0.0
1,0.4961397637047289
0,0.0
0,0.0
0,0.0
1,0.5247317940118129
0,0.14798113043653005
0,0.3991690735846277
0,0.1285882328989698
0,0.22410723469648436
0,0.0
0,0.0
0,0.0
0,0.0
0,0.19342547058713064
0,0.12689392645564435
0,0.00018867924528301886
0,0.18557260356322172
0,0.37242440512472497
0,0.0
0,0.0012745098039215685
0,0.0
0,0.0
0,0.0
0,7.458702342817663e-06
1,0.4681723978239499
0,0.0
0,0.28089284556563604
0,0.005
1,0.20612572888252473
0,0.0
0,0.0
0,0.0
0,0.0
0,0.13630984000341498
0,0.0
0,0.0
0,0.0
0,0.4046798781217188
0,0.0
0,0.0
1,0.3333109614640864
0,0.31300573331316855
0,0.2778730526166845
0,0.0
0,0.0
0,0.3149400461459692
0,0.0
0,0.0
0,0.0
0,0.0
0,0.1690491948409496
1,0.3959542644344991
0,0.0
0,0.0
0,0.0
0,0.0
0,0.0
0,0.0
0,0.19149843596857863
0,0.29279601472410877
0,7.458702342817663e-06
0,0.0
0,0.0
0,0.0
0,0.1128179937228129
0,0.0
0,2.0876826722338202e-05
0,0.16844492435872774
0,0.540565835568204
0,0.0
0,0.0
0,0.0
0,0.0
0,0.0
0,7.458702342817663e-06
1,0.2951039991583523
0,0.23340790080397955
0,0.2829301190397147
0,0.0
0,0.17771671882820364
0,0.30362892775313394
0,0.0
1,0.31306026530001024
0,0.0
0,0.0
0,0.0
0,0.18499845685252145
0,0.0
1,0.44321972454231207
0,0.20343435014400074
0,0.0
0,0.0
0,0.14459153609721104
1,0.41366256681762265
0,0.0
1,0.17354327208467224
0,7.458702342817663e-06
0,0.0
0,0.0
0,0.0
0,0.13037352062829707
0,0.0
0,0.0
0,0.0
0,0.0
0,0.0005283135752398788
0,0.0
0,0.0
0,2.0876826722338202e-05
1,0.4684029807489193
1,0.47349888296573317
1,0.48017096885169763
0,0.0
0,0.13967111783274974
0,0.04509374643848854
0,0.0
0,0.0
0,0.0
0,0.16590445135588858
0,0.0005160611628044806
0,0.0
1,0.41225257530916504
0,0.0
1,0.5128290459582817
0,0.0
0,0.0
0,0.0
0,0.00017241379310344826
0,0.0
0,0.4395485228456083
0,0.0
1,0.6162436657556276
0,0.004116794207241603
1,0.22154134887300414
0,0.19738048740976263
0,0.1531211707833495
0,0.0
0,0.0029850746268656712
0,0.0001450676982591876
0,0.40745908488967836
0,0.18235832205763822
0,0.0
0,0.40016814393942973
0,0.0
1,0.15211818572580285
0,0.0
0,0.0
0,0.35423029083497026
0,0.0
0,0.0
0,0.0
0,0.0
0,0.2858197867403408
0,0.0
0,0.0
0,7.458702342817663e-06
0,0.0
0,0.10553749757777967
0,0.0
0,0.2762595997950302
1,0.4245642871520049
1,0.6000805380581332
1,0.41536073968010734
0,0.0
0,0.0
0,7.458702342817663e-06
0,0.0
0,0.1890787777736123
0,0.0
0,0.0
0,0.0
0,0.0
0,0.0
0,0.35641541080224715
0,0.0
0,0.0
0,0.1277823583213094
0,0.16806643377063055
0,0.0
0,0.0
0,0.0
0,0.0
0,0.0
0,0.3007555180552873
0,0.0
0,0.0
0,0.0
0,7.458702342817663e-06
0,0.0
0,0.13843601208918574
0,0.0
0,0.0
0,0.0
0,0.0
0,7.458702342817663e-06
0,0.19472268117392663
0,0.1828523245115512
0,0.0
0,0.0
0,0.0
0,0.0
0,0.0
0,0.0
0,0.0
0,0.15453230966298281
0,0.0
0,0.010863290391276925
0,0.0
0,0.0
0,0.22745097212194845
0,0.0
0,0.0
0,0.0
0,0.0
0,0.4537045651652461
0,0.0
0,0.0
0,0.1891239684389182
0,0.0
0,0.0
0,0.06009352815254517
1,0.16856049977332613
1,0.21235530208622602
0,0.4062336869456305
0,0.0
0,2.8735632183908045e-05
0,0.0
0,0.0011061344956791836
0,0.0
0,0.0
0,0.2245426922195411
0,0.0
0,0.0
0,0.0
0,0.0001450676982591876
0,0.0
0,0.0
0,0.0
0,0.0
0,0.0
0,0.0
0,0.0
0,0.0
0,0.0
0,0.0
0,0.18715753311981223
0,0.0
1,0.37179018119735424
0,0.0
0,0.0
1,0.7802757149723993
0,7.458702342817663e-06
0,0.0
0,0.45632990424372977
0,0.09718310461809204
0,0.0
0,0.0
0,0.0
1,0.24147487637499293
0,0.0
0,0.0
0,0.010831194277040044
0,0.5315625434182536
0,0.0
0,0.0
0,0.3640299255926458
0,0.0
0,0.0
0,0.0
0,0.0
0,0.0
0,1.6863406408094435e-05
0,0.45810519595708166
0,0.03441960874791048
0,0.0
0,7.458702342817663e-06
0,0.20881239375216598
0,0.0
0,0.1628136562176839
0,0.0
0,0.3568536992484574
0,0.13572760204950807
0,0.0
0,2.0876826722338202e-05
0,0.0
0,0.0
0,0.07980174712613244
0,7.458702342817663e-06
0,0.0
0,0.0
0,0.0
0,0.0
0,0.022666802219292178
0,0.19331943448334074
0,0.0
0,0.0
0,7.458702342817663e-06
0,0.0
0,0.0
0,7.458702342817663e-06
0,0.07576419832172317
0,0.0
0,0.20361845427425734
0,0.0
0,0.0
0,0.210266783516836
0,0.0
0,0.1730642693147131
0,0.0
0,0.15468548858044523
0,0.0
0,0.0
0,0.0
0,0.0
0,0.17690157069435672
0,0.0
0,2.0876826722338202e-05
0,0.0
0,0.0
0,0.24756384563953568
0,0.0
0,0.1668771909278278
0,0.2489014756894045
0,0.0
0,0.14234130757457875
0,0.23300309364733976
0,0.1667939121959116
1,0.28695204618829634
1,0.227959775347499
0,0.0
0,0.2126439726385507
1,0.305223283015423
0,0.18365013823704446
0,0.21706084746458493
0,0.0
0,0.20111230070118108
0,0.20028682766615283
0,0.0
0,7.458702342817663e-06
0,0.0
0,7.458702342817663e-06
1,0.39235598169411867
0,0.0
0,0.0
0,0.2136229588692774
0,0.0012745098039215685
0,0.0
0,0.0
0,0.0
0,0.0
0,7.458702342817663e-06
0,0.0
0,0.0
0,0.3247601940462529
0,0.0
0,0.39172519664552685
0,0.0
0,0.0
0,7.458702342817663e-06
0,0.0
0,7.458702342817663e-06
0,0.0
0,0.20295867764040312
1,0.1676452530546944
0,0.0
0,0.731270068924683
0,0.2711411275568607
0,0.3062301838060809
1,0.2533470975649192
0,0.20187211333979893
0,6.546334271404736e-05
1,0.22325526248022615
0,0.20531302405969462
0,0.09271940421532507
0,0.0
0,0.003333333333333333
0,0.04301886574430138
0,0.0
0,0.0
0,0.0
0,0.0
1,0.25007955037121443
0,0.3322783589773046
0,0.15199745402815842
0,0.0
0,0.029042895634183094
0,0.0
0,0.039291031329911255
0,0.0
0,0.0
0,0.22548399580127454
0,0.0
0,0.14050477453888305
0,0.0
0,7.458702342817663e-06
0,0.39870980948702794
0,0.0
1,0.8758858985596873
0,0.0
0,0.0
1,0.27874041108395886
0,0.19127001425967471
0,0.14228756842927062
0,0.00018867924528301886
0,0.0
0,0.1956315476488143
0,0.0
0,7.458702342817663e-06
0,0.29652561024477964
0,0.0
0,0.0
0,0.23372649147138153
0,0.3888506309110683
0,0.0
1,0.4415345639441105
0,0.17086627099670582
0,0.0
0,0.0
0,0.0
0,0.0
0,0.11000186461645102
0,0.0
0,0.22327569074874443
0,0.0
0,0.16633783463612967
0,2.0876826722338202e-05
0,0.0
0,0.30067717547381906
0,7.458702342817663e-06
0,0.1351617430640009
0,0.13941513589447993
0,0.0
0,0.0
0,0.27631094657234995
0,0.24194405041265063
0,0.0
1,0.18252106748342015
0,7.458702342817663e-06
0,0.0
0,0.0
0,0.0
0,0.0
1,0.4937260175247093
0,0.0009187129392779645
0,0.0
0,0.0
0,0.0
0,0.0
0,0.0
0,0.0
0,7.458702342817663e-06
0,0.0
0,0.0
0,0.0
0,0.0
0,0.0
0,0.0
0,0.0
0,9.052924791086351e-05
0,0.3665248720907083
0,0.0
0,0.0
0,0.0
0,0.21154918396532657
0,0.3356877340631027
0,0.0
0,1.3010668748373666e-06
0,0.0
0,0.0
0,0.0
0,0.0
0,0.2886810992080748
0,0.0
0,0.12882048318434086
0,0.39829872644667114
0,7.458702342817663e-06
0,0.0
1,0.33660480967918815
0,2.0876826722338202e-05
0,0.29310465960275517
0,0.0
0,7.458702342817663e-06
1,0.27728849655903415
1,0.3655186309881397
0,0.14509028134341898
0,0.0
0,0.3133699064888819
0,0.0
0,0.0
0,2.8735632183908045e-05
1,0.3562108456709893
0,0.0
0,1.6863406408094435e-05
0,0.0
0,0.12326482055849128
1,0.298224288384216
0,0.0
0,0.0
0,0.0
0,0.0
1,0.3456198507829265
0,0.0
0,0.00011415525114155251
0,0.0
0,0.0
0,0.01014009020838569
0,0.1978812330587067
0,0.22550646138666475
0,0.0
0,0.0
0,0.0
0,7.458702342817663e-06
0,2.0876826722338202e-05
0,0.007072124544392016
0,0.0
0,0.23798371192221496
0,7.458702342817663e-06
0,0.15633022945894026
0,0.28121560716891475
1,0.45921788027289717
0,0.20601325493817468
0,0.0
1,0.4139602879230456
0,0.19054250423804803
0,0.0
0,0.33395095636009847
0,7.458702342817663e-06
0,0.0
0,0.0
0,0.0
0,0.2952452108934077
0,0.0
0,0.0
0,0.0
1,0.11754734266211597
0,0.0
0,0.20342137077695843
0,0.0
0,0.16663163178514057
0,0.0
0,0.44442686461435615
0,0.0
1,0.6493491909743458
0,0.0
0,0.0
1,0.26447683409734657
0,0.0
1,0.21318155517281503
0,0.0
0,0.024775265491856623
0,0.0
0,0.0
0,0.0
1,0.19594841500189847
0,0.0
0,0.0
0,0.3286971090989359
0,0.0
0,0.0
1,0.2656206908884989
0,0.0
1,0.1863725636582717
0,2.0876826722338202e-05
0,0.37805452348610524
0,0.11669243777737712
0,0.0
0,0.07789582425243775
0,0.2615702898822673
0,0.0
0,0.0
0,0.0
0,0.0
0,0.2487707855301786
0,0.16677812500806424
0,0.01967344227897648
0,0.0
0,0.0
0,0.0
0,0.0
0,0.0
0,7.458702342817663e-06
0,0.0
0,0.0
0,0.31713182132569256
1,0.5292723082019525
0,0.0
0,0.0
0,0.0
1,0.4852284940451119
0,0.0
0,0.0
0,0.0
0,0.007058848384948747
0,0.4198506647647712
0,0.10971203625180528
0,0.0
0,0.2310560600706664
0,0.2074529723316699
0,0.26457024139614177
1,0.23426884418571503
0,0.3705933971131772
0,0.0
0,0.0
0,0.0
0,0.0
0,0.0
0,0.2686136718792781
0,0.25400358799511785
0,0.0
0,0.0
0,0.23095718387167477
0,0.0
0,7.458702342817663e-06
0,0.0
0,0.0
0,0.20297863855268478
0,0.0
0,0.0
0,0.0005283135752398788
0,0.09655319571414309
1,0.29860713814821177
0,0.3947704780018352
0,0.0
1,0.7710988100167262
1,0.4081437291247599
0,0.0
0,0.0
1,0.6099886822195016
1,0.3776151805934618
0,0.0
0,0.4620306530595633
0,0.13846404724090278
0,1.3010668748373666e-06
0,0.0
0,0.4426558562489424
0,0.0
0,0.0
0,0.0
1,0.21508454394371568
0,0.0
0,0.0
0,0.008136988914723082
0,0.0
0,0.15328127044914186
0,0.22200471050980597
0,0.48714838129908755
0,7.458702342817663e-06
0,0.0
0,0.0
0,0.0
0,0.0
0,0.0
0,0.09456570381515768
0,0.0
0,0.010466160144667362
0,0.3332357783284651
0,0.0
0,0.0
0,0.0
0,0.0
0,0.1757149709180301
0,0.0
0,7.458702342817663e-06
0,0.16545096857121552
0,0.22792976017866765
0,0.0
0,0.0
0,0.0002852546141470381
0,7.458702342817663e-06
0,0.0
0,0.0
0,0.0
1,0.8753176354513877
0,0.21439431913960533
0,0.27052547553099904
0,0.1645037151617158
0,0.0
0,0.0
0,0.0
0,0.0
0,0.09839897356942048
0,0.0
0,0.0
0,0.0
0,0.0
0,0.0
0,7.458702342817663e-06
0,0.0
0,0.0
0,0.20438267749838734
0,0.2616879728161006
0,0.041215416065782676
0,0.16960121195453062
0,0.0
1,0.6724783433044051
0,0.3057296062431222
0,0.0
0,0.0
0,0.0
1,0.4223422594490718
0,0.005
0,0.0
0,0.09681516234363408
0,0.0
0,0.22308347332811984
0,0.0
0,0.0
0,0.23159770908800553
0,0.0
0,0.0
0,0.3186376792272323
0,0.0
0,7.458702342817663e-06
0,0.0
1,0.3767330406453931
0,0.0
0,0.0
0,0.0
0,0.0
0,0.0
0,6.546334271404736e-05
0,0.0
0,0.018022007365502943
0,9.052924791086351e-05
0,0.0
0,0.11809449762377523
0,0.39373363914428794
0,0.0
0,0.0
0,0.10997337190829594
0,0.0
1,0.37601615493441704
0,7.458702342817663e-06
0,0.0
0,0.0
0,0.0
0,0.0
0,0.0
0,0.0
0,0.0
0,0.19906865678952948
1,0.5551991499537212
0,0.0
0,0.0
0,0.005
0,7.458702342817663e-06
0,0.0
0,0.20614635292112102
0,0.025
0,0.0
0,0.29811343733695655
0,0.010987047325615429
0,0.0
1,0.4062252314409774
0,0.0
0,0.0
0,0.0
0,7.458702342817663e-06
0,0.0
0,0.0
0,0.1568459867059096
0,0.0
0,0.0
0,0.0
0,0.0
0,0.0
0,0.0
0,0.0
0,0.004871549158719997
0,0.0
0,0.0
0,0.0
1,0.2811876741255872
0,0.34274171713840973
0,0.0
0,0.3396065970988776
0,0.00011415525114155251
1,0.2700439974179244
0,0.0
0,0.0
0,7.458702342817663e-06
0,0.0
0,0.0
0,0.186726193550953
0,0.19984166282343452
0,0.0003635060901674774
1,0.3727837755155312
1,0.16250620754539663
0,0.0
0,0.0
0,0.0
0,0.00011336029813917402
0,0.0
0,0.23188889176906483
0,0.0
0,0.0
0,0.0
0,0.0
0,0.0
1,0.7736335802224207
0,0.0
0,0.0
1,0.8719373745349576
0,0.0
0,0.0
0,0.0
0,7.458702342817663e-06
0,0.0
0,0.0
0,2.0876826722338202e-05
0,0.1685927597573156
0,7.458702342817663e-06
0,7.458702342817663e-06
1,0.21386554832496849
0,0.09563571032289796
0,0.0
0,0.0
0,0.0
0,0.13596454289298404
1,0.9093660308447802
0,0.2300762320247302
0,0.0
1,0.733640554802493
0,0.0
0,0.0
0,0.094601609151675
0,0.0
0,7.458702342817663e-06
0,0.16845406148228495
0,0.0
1,0.2509597298907824
0,0.0
0,0.0
0,0.0
1,0.6434465573379136
0,0.0
0,0.0
0,0.0
0,0.19127146782564797
0,0.0
0,0.0
0,0.0
0,0.0
0,0.0
0,0.0
0,7.458702342817663e-06
0,0.0
0,0.38158437852823923
1,0.7757010603265371
0,0.0
0,0.0
0,0.0
0,0.0
0,0.0
1,0.5794517363115346
0,0.0
0,0.13483224262627144
0,0.0
1,0.41208612696408864
0,0.4068983886830114
0,0.0
0,0.0
0,0.0
1,0.7707430805164995
0,0.0
0,0.25161483514636296
0,0.0
0,0.0
0,0.0
0,0.3633507066966174
0,0.0
0,0.0
0,0.0
0,0.0
0,0.0
0,0.0
0,0.0
0,0.2011010413668172
0,0.0
1,0.16741600999212725
0,7.458702342817663e-06
0,0.0
0,0.2434031830236721
0,0.0
0,0.3965866701849817
0,0.0
0,0.0
0,0.0
1,0.41537458467273763
0,0.0
0,0.10232579130681049
0,0.0
0,7.458702342817663e-06
0,0.004070191388218289
0,0.15831964549695085
0,0.0
0,0.0
1,0.46012047626338487
0,0.0
0,0.0
0,0.0
0,0.0
0,0.34445787272625716
0,0.0
0,7.458702342817663e-06
1,0.17853689790151198
0,0.0
0,0.0
0,0.009232650751366804
0,0.0
0,0.0
0,0.0
0,0.0
0,0.0
0,0.0
0,0.0
0,0.0
0,0.002485646181745997
0,0.0
0,0.0
0,0.0
0,0.0
0,0.0
0,0.16035944573949285
0,0.6561859106825583
0,0.0
1,0.3195548430144038
0,0.0
0,0.0
0,0.0
0,0.0
0,0.18324128011284394
0,0.0
0,0.0
0,0.3652080331627687
0,0.14035642182233435
0,0.0
0,0.0
0,7.458702342817663e-06
0,7.458702342817663e-06
0,1.6863406408094435e-05
1,0.5397468095875643
1,0.30814558224564953
0,0.0
0,0.0
0,0.0
0,0.0
0,2.0876826722338202e-05
1,0.3833710317291182
0,0.24380270539106907
0,7.458702342817663e-06
0,0.0
1,0.2521035007739808
0,0.24190137335540712
0,0.0
0,0.0
0,0.11356192253666494
0,0.0
0,0.049322981765340224
0,0.0
0,0.0
1,0.7076720620945433
0,0.0
0,0.0
0,0.0
0,0.0
0,0.0
0,0.13421298540111612
0,1.6863406408094435e-05
0,0.27055164811900045
1,0.41161907678986426
0,0.1356246072175588
0,0.0
0,0.0
0,0.005
0,0.0
0,0.0
0,7.458702342817663e-06
0,0.0
0,0.0
0,0.24779294022465004
1,0.39333939820002634
1,0.26039593408910316
0,0.0
1,0.3114048084481388
0,0.277948159940989
0,0.0
1,0.21244588085973187
0,0.0
0,0.0
0,0.0
0,0.24856875564806744
0,0.0
0,0.0
0,0.0
0,0.0
0,0.0
0,7.458702342817663e-06
0,0.0
0,0.0
0,0.02462406961472753
0,0.0
0,0.2763636557060961
0,0.22093234257567534
0,0.22195594535477647
0,0.14382171986888198
0,0.0
0,0.0
0,0.2524584421966437
0,0.13348731771959274
0,0.009085243338189285
0,0.0
0,0.01038882121655879
0,0.0
0,0.4256787557635719
0,0.21957288904378033
0,0.15486079671750322
0,0.0
0,0.0
0,0.0
0,0.0
0,0.0
0,0.0
0,0.0
0,0.4749309799663355
0,0.03489367838490777
0,7.458702342817663e-06
0,0.0
0,0.22832787641283903
0,0.0
0,7.458702342817663e-06
0,0.0
0,0.0
1,0.18812818292070502
1,0.2648736974795957
0,0.2096786381404055
1,0.7858137747559176
0,7.458702342817663e-06
1,0.19003627594809713
0,0.0
0,0.20403492321563188
0,0.0
0,7.458702342817663e-06
0,0.012564802636820947
0,7.458702342817663e-06
1,0.18636307697685262
0,0.0
1,0.32060556998904843
1,0.3100849717230609
0,0.0
0,0.07854046905477909
0,0.0
0,0.3703638107548416
0,0.23328068663210033
0,0.2561590931938548
0,0.0
0,0.0
0,0.0
0,0.0
0,0.0
0,0.0
0,0.0
0,0.0
0,0.0032426013883814393
1,0.3391879032485711
0,0.0012745098039215685
0,0.0
0,0.2881986973350303
0,0.0
0,0.3211134039723163
1,0.2978898877216946
0,0.0
0,0.006785714285714286
0,0.23060053201629135
0,7.458702342817663e-06
0,0.0
0,0.0
0,0.15920727443412988
0,0.0
0,2.0876826722338202e-05
0,0.0
0,0.0
0,0.0
0,0.0
0,0.0
0,0.0
0,0.0
0,2.0876826722338202e-05
0,0.0005576382380506092
0,0.0
0,0.0007434348232709351
0,0.0
0,0.0010714285714285713
0,0.2994655108085928
0,0.13726317112092423
1,0.175737486821217
0,0.0
0,0.385896911162842
0,0.23127585215637525
0,0.18129670575167364
0,0.0
0,0.0
0,0.0
0,0.0
0,0.0
0,0.29402700959898653
1,0.24885414734669034
0,0.23992766654755726
0,0.34740305951722883
0,0.1526749353462443
0,0.0
0,0.0
0,0.32727581743337114
0,7.458702342817663e-06
0,0.0
0,0.0
0,0.0
0,0.0
0,0.0
0,6.546334271404736e-05
0,0.0
0,0.0
1,0.2659183813706795
1,0.15894128935996718
0,0.28860951281815994
1,0.3407258107895929
0,0.0
0,0.18692339059684981
0,0.37183795588315155
0,0.0
0,0.0
0,0.4187845675497738
1,0.20687505867061792
0,0.0
0,0.0
0,0.0
0,0.2395939540105756
0,0.012734778904369795
0,0.1488365693039027
0,0.0
0,0.21540024155101747
0,7.458702342817663e-06
0,0.0
0,0.0
0,0.0
0,0.00020113199919142912
0,0.0
0,0.0
0,0.0008160420667175963
0,0.13460883005461302
0,0.0
0,0.0
0,0.0
0,0.0
0,0.22082326744783198
0,0.0
0,0.0
1,0.1750381285506563
0,0.0
0,2.0876826722338202e-05
0,0.0
0,0.0
0,0.0
0,0.0
0,7.458702342817663e-06
0,0.0
0,0.0
0,0.0
1,0.39041825194543944
0,0.0
0,0.0
0,0.07297006915067888
0,0.0
0,0.0
0,0.0
0,0.0
1,0.3926625614784324
0,2.8735632183908045e-05
0,0.0
1,0.4301688666999733
0,0.30408103816741855
0,0.3844372710346853
1,0.48354623386167667
0,0.0
0,0.0
0,0.43531447843949667
0,7.458702342817663e-06
1,0.6437290495594473
0,0.0
1,0.18341500163373672
0,0.3346559886603566
0,0.0
0,0.24953466873242927
0,0.16471912193640237
0,0.22679042411842001
0,0.2751700587264476
0,0.159563524290698
0,0.1817664132041102
0,0.0
0,0.0
0,2.0876826722338202e-05
0,0.3389213363627705
0,0.0
0,0.0
0,0.0
0,0.0
0,0.0
0,0.0
0,0.1500080555567821
0,0.0005576382380506092
0,7.458702342817663e-06
0,0.17802253056144854
0,0.0
0,0.00018867924528301886
0,0.1674780878689263
0,0.0
0,0.18870437130996048
0,0.0
0,0.0
0,0.0
0,0.0
0,0.0
0,7.458702342817663e-06
0,0.1739860424059833
0,0.0
0,0.0
0,0.0
0,0.0
0,0.0
0,0.0
0,2.0876826722338202e-05
0,0.2720892399895333
1,0.4565641164491991
0,0.0
0,0.3068232858912789
0,7.458702342817663e-06
0,0.0
0,0.23030138689812504
0,0.0
0,7.458702342817663e-06
0,0.00030778811257615806
0,0.0
0,0.2608940811629878
0,0.0
0,2.0876826722338202e-05
0,0.0
0,0.0
0,0.0
0,7.458702342817663e-06
0,0.0
0,0.2585008870897783
0,0.0
0,0.0
0,0.0
0,0.16961208003949949
0,0.00023213000938071402
1,0.9909051607246814
0,0.20947067946614628
0,0.2952062464473522
0,0.0005283135752398788
0,0.0
0,0.0
0,0.15400220789261387
0,0.0
0,0.0
0,0.20014333453687866
1,0.5105795364069083
0,0.0
0,0.19961165753134555
0,0.0
0,0.18283250457651692
0,0.0
0,0.0
1,0.9882806416176905
0,0.0
0,0.0
0,0.0
0,0.0
0,0.0
0,0.33894789140726844
0,0.5284127351202703
0,0.0
1,0.6137581753158937
0,0.17266741585856674
0,0.0
0,0.0
0,0.0
0,0.0001450676982591876
1,0.5261048564648694
0,0.0002900934401220442
0,0.0
0,0.4459792999314084
0,0.32655521807932686
0,0.00018867924528301886
0,0.0
0,0.0
0,0.0
1,0.9902020785759902
0,0.0
0,0.0
0,0.13708048082824048
0,2.9585798816568047e-05
0,0.0
0,0.0
0,0.0
0,0.07205901658966214
0,0.0
0,7.458702342817663e-06
0,0.00011415525114155251
0,0.0
0,0.0
0,0.0
0,0.08704503775633549
0,0.0
0,0.0
0,0.0
0,0.27674758917003617
0,0.0
0,0.21034302390363446
0,0.1512945484463939
0,0.1872804950896392
1,0.46327203227446156
0,0.0
0,0.0
0,0.0
0,0.0
0,0.3243191707353967
0,0.0
0,0.0
0,0.0
0,0.0
0,0.0
0,0.0
0,7.458702342817663e-06
0,7.458702342817663e-06
0,0.2919496938314465
1,0.2194859920004055
0,0.0
0,0.16509108973266762
0,0.0
0,7.458702342817663e-06
0,0.1666215575521792
1,0.1964454786102438
0,0.0
0,0.0
1,0.5637548498587759
0,0.0
0,0.0
0,0.0
1,0.1828882731499851
0,0.0
0,2.9585798816568047e-05
0,0.1721087249240581
1,0.32564713643770704
1,0.3382761669294514
0,7.458702342817663e-06
0,0.146324936293
0,0.0
0,7.458702342817663e-06
0,0.0
0,0.1289383117441477
0,0.0
0,0.0
0,0.41068929802780657
0,0.5448211576629642
0,0.25065058674814433
0,0.4282371390845756
0,0.21058385637242463
0,7.458702342817663e-06
0,0.13128560155110938
0,0.0
0,0.18661669218024626
0,0.0
0,0.0
0,0.0
0,7.458702342817663e-06
0,0.0
1,0.9878740720754484
0,0.0
0,0.2084402703950572
0,0.2682664422259886
0,1.6863406408094435e-05
0,0.25108136096015704
0,0.01599885862463577
0,0.3878562165032154
0,0.0
1,0.17725037538231014
0,7.458702342817663e-06
0,0.0
0,0.0
0,0.0
0,0.0
0,0.005
0,0.1651914530987665
0,0.0
0,0.0
0,0.05935095489733074
0,0.0
0,0.0
0,0.0
0,0.0
0,0.0
0,0.15120868676343122
0,0.0
0,0.17353911995455767
0,0.0
0,0.28101792815251436
0,0.158857113645933
0,0.0
0,0.0
0,0.0
0,0.003072213893053474
0,0.14877427575140553
0,0.00018867924528301886
0,0.1818832796260555
1,0.5284860916668053
0,0.13235878576979174
1,0.1884770789827617
0,0.3252944447819376
0,0.274742368514648
0,0.0
0,0.0
0,0.20411322860647846
0,0.0
0,0.0
0,0.0
0,0.0
0,0.0
0,0.1870422829657375
0,0.0
0,0.0
0,0.30263682620980187
0,0.0
0,1.6863406408094435e-05
0,0.0
0,7.458702342817663e-06
0,0.17278259362770462
0,0.0
1,0.8018531674069694
0,0.0
0,0.0
0,0.0
0,0.0
0,0.0041611327451386146
1,0.5432602787278967
1,0.532741129764216
0,0.0
1,0.2347638133294202
0,0.0
0,0.00011415525114155251
0,0.0
0,0.0
1,0.424345571904999
0,0.0
0,0.0
0,0.0
0,0.09238736007126072
0,1.3010668748373666e-06
0,0.20137826095374625
0,0.2889628353142574
0,7.458702342817663e-06
0,0.0
0,0.40759586785980956
0,0.0
0,0.0
0,0.0
1,0.2725697692968345
0,0.0
0,0.0
1,0.2643604842417328
0,0.0
0,0.0
0,0.0
0,0.0
0,0.0
0,0.4030733233827562
0,0.2187711656343356
0,0.0
0,0.0
0,0.0
0,0.0007505773672055427
0,0.01857059670719573
0,0.22717693781708503
0,0.0
0,0.44729725620993704
1,0.31959215838038973
0,0.0
0,0.0
0,0.0
0,0.0
0,0.3585860384612101
0,0.0
0,0.3255860916086444
0,0.0
0,0.0
0,0.0
1,0.3661109830179666
0,0.0
0,0.0
1,0.38885107084867326
0,0.1800146470561831
0,0.0
1,0.17009123920785776
0,2.9585798816568047e-05
1,0.23464092217889995
0,0.1655733957190656
0,0.003676271752334417
0,0.0
0,0.16328686167912884
0,0.0
0,0.0
0,0.0
0,0.16295027739638837
0,0.0
0,0.2578743073275142
0,7.458702342817663e-06
0,0.0
0,0.005
1,0.40147815675208853
0,0.0
0,0.1870922424348876
0,0.40589762212990116
0,0.0
0,0.0
0,0.3154209957306472
0,0.3682603409263685
0,0.1899925584770645
0,0.0
1,0.7642803206676666
0,0.0
0,0.0
0,0.3072666366345216
0,0.0
1,0.36100743932682283
0,0.0
0,0.0
0,0.15155488387498733
0,0.0
0,0.0
0,0.0
0,0.0
0,0.20839594406726905
0,0.30940007183410945
0,0.0
0,0.0
0,0.272899413147784
0,0.32308897390209734
0,0.0
0,7.458702342817663e-06
0,0.0003592400690846287
1,0.19141283103100043
0,0.0
0,7.458702342817663e-06
1,0.16970872444127533
0,0.0
0,0.2715741885101075
0,0.0
0,7.458702342817663e-06
1,0.19709891552995587
0,0.13526164086013762
0,0.0
0,0.15814795493583486
0,0.18186300592953
0,0.02844968188036724
1,0.3160667463711078
0,0.0
0,7.458702342817663e-06
0,0.18123181707854452
0,0.0
0,0.0
0,0.1667071560320374
1,0.23286034546859008
1,0.3785159700262832
0,0.0
0,7.458702342817663e-06
0,0.0
0,0.23524309900212048
0,0.0
0,0.015035419021421238
0,0.0
0,0.0
0,0.0
0,0.12303067345110452
0,2.0876826722338202e-05
0,0.0
0,0.0
0,0.0
0,0.0
1,0.4952026417593391
0,0.0721285165521221
0,0.26434721631357366
0,0.22610715053694608
0,0.3333277375469668
0,0.0
0,0.0
0,0.0
1,0.16891330755139528
0,0.0
0,0.0
1,0.7484031298167172
0,0.0
1,0.37578908676346534
1,0.16772711194871825
0,0.0
0,0.17976300364506365
0,0.0
0,7.458702342817663e-06
0,0.0
0,0.0029476968510974534
0,0.13283299363324017
0,0.15971550631624795
0,0.17208240195017
0,0.00017241379310344826
1,0.18642104130273424
0,0.17225091936591658
0,0.0
0,0.0
0,0.0
0,7.458702342817663e-06
0,0.0
0,0.0
1,0.2890785164007098
0,7.458702342817663e-06
0,0.0
1,0.39349270287212496
0,7.458702342817663e-06
0,0.37686334940264415
0,0.0
0,0.0
0,0.0
0,0.0
0,0.0
0,0.0
0,0.0
0,0.0
0,0.24382481345920048
0,0.028204091359532314
0,0.0
0,0.0
1,0.9882806416176905
0,0.0
0,0.18152763597182753
0,7.458702342817663e-06
0,0.0
0,0.0
0,0.3631947760541663
0,0.21700457522832334
0,0.0
0,0.17876865282930154
0,0.0
0,0.2746091748531968
0,0.1931885576255971
0,0.0
0,0.0
0,0.0
0,0.0
0,0.0
0,0.0
0,0.0
0,0.0
0,0.1907810601693667
0,0.0
0,0.0
0,0.0
0,0.18365061421342221
0,0.0
0,0.0
0,0.0
0,0.0
0,0.0
0,0.1751885351209823
1,0.6674632778967086
0,0.01805351300486691
0,0.17760495783207592
0,0.29257225949002835
0,0.0
0,0.17396060373288677
0,0.0
0,0.0001450676982591876
0,0.3198055773990402
0,0.0
0,0.18961906512854798
0,0.049291159165389425
0,0.0
0,0.3897959203377721
0,0.0
1,0.3220163293803006
0,0.0
0,0.0
0,0.0
0,0.0
0,0.00020113199919142912
0,0.005635542962738193
0,0.0
0,0.3016113921804363
0,0.0
0,0.03877586124375229
0,0.15458189650855
0,0.0
0,0.0
0,1.3010668748373666e-06
0,0.0
0,0.0
0,0.19346073050971474
1,0.22568878310956944
0,0.0
0,0.0034839640600267245
0,0.0
0,0.15275135387886338
0,0.0
0,7.458702342817663e-06
0,7.458702342817663e-06
0,2.8735632183908045e-05
0,0.0
0,0.0
1,0.5770642041951235
0,0.0
0,2.9585798816568047e-05
0,0.41349021418118226
0,0.00011415525114155251
0,0.3179540457604357
0,0.0
0,7.458702342817663e-06
0,0.18116708166309928
1,0.35110337733133057
0,0.0
1,0.1973509534830114
0,7.458702342817663e-06
0,0.16366984464264958
0,0.0
0,7.458702342817663e-06
0,1.6863406408094435e-05
0,0.0
0,0.5021284810505589
0,0.28359466630389446
0,0.3036927084097598
0,0.0
0,0.1395292921118288
1,0.14081123331739875
0,0.2606746966793855
0,0.0
0,0.0
0,0.0
0,0.0
0,0.09236669844365274
0,0.0
0,0.0
0,0.0
0,0.3546740328241924
0,0.0
0,0.17499447516990568
1,0.4636634675759593
0,0.0
0,0.0
0,7.458702342817663e-06
0,0.0
1,0.4691364745751182
0,0.16106301807988807
0,0.18190122078440832
1,0.26462291246182307
0,0.1134673783701472
0,0.0
0,0.0
0,7.458702342817663e-06
0,0.0
0,0.0
0,0.1731441220154164
0,0.14022149115589577
0,0.21121049057819594
0,0.00950945964800279
0,0.0
0,0.0
0,0.0
0,0.0
0,0.0
0,0.2436606847545818
0,0.0
0,0.0
0,0.2928932017009837
0,7.458702342817663e-06
0,0.3550626575914693
0,7.458702342817663e-06
0,7.458702342817663e-06
0,0.15040293666069976
0,0.0
0,0.0
0,0.1815074204271974
1,0.6330031196237843
1,0.3327359993344372
0,0.31173967524357926
0,0.2167779401766527
0,0.19241668058496036
0,7.458702342817663e-06
0,0.1803044656651138
1,0.3985439738359966
0,0.0
0,0.0
0,0.18224970877526592
0,0.005
0,0.20718455281300557
0,0.00017241379310344826
0,0.0
0,0.0
0,0.0
0,0.12849658705383787
1,0.3118348992750334
0,0.21385305123209794
0,0.0
0,0.0
0,0.0
0,0.0
1,0.5678406071474675
1,0.3053308845052794
0,2.0876826722338202e-05
0,0.0
1,0.20619473003791255
0,0.00020113199919142912
1,0.32843476234265234
1,0.23361184873906146
0,0.0
0,0.0
0,0.00011235955056179774
0,0.0005576382380506092
0,0.24358548909748404
0,0.0
0,0.43035464383336547
0,0.17647257865294058
0,0.0
0,0.0011061344956791836
0,0.3431091231946134
0,0.2114948721311587
0,0.0
0,0.0
0,0.14163737183371
1,0.58185107893208
1,0.6135146681605465
1,0.31776934367735543
0,0.16792355275120702
0,0.0
0,0.2454530969961961
0,0.0
0,0.0
0,0.0
0,0.0
1,0.18426457056356546
0,0.0007434348232709351
0,0.2412640517729272
0,0.0
0,0.1623732855750386
0,0.3001705933183791
0,0.37711771406126554
0,0.0
0,0.0
0,0.0
0,0.0760324611807219
0,0.0
0,0.20283693890686838
0,0.0
0,0.0
0,0.0
0,0.0
0,0.24670217652905585
0,0.0
0,0.0
0,0.31926931144374526
0,0.0
0,7.458702342817663e-06
0,0.029085463218546433
0,0.0
1,0.25857148600000535
0,0.0
0,7.458702342817663e-06
0,0.003688662557220319
1,0.49801168680710534
0,7.458702342817663e-06
1,0.469833207024629
0,0.31810249073254243
1,0.16145062566825152
0,0.26553362336301267
1,0.29844840343495255
0,0.17672004937565233
0,0.0
0,0.0
0,0.0967121651061424
0,0.0
0,0.1810085765250643
1,0.42681727060554125
0,0.0
0,0.00011415525114155251
0,0.07310376263558199
0,0.23497576467092066
1,0.2101330910775933
0,0.28464509433771484
0,0.0
0,0.0
0,0.0
0,0.0
0,0.0
0,0.0
0,0.0
0,0.0
0,0.0
0,0.0
0,0.0002702702702702703
0,0.0
1,0.2592922927009026
0,0.0
0,0.18751493364438307
0,0.4339315271148042
0,0.0
0,0.0
0,0.0
0,0.0
0,0.0
0,0.0
0,0.0
0,0.14045751386436425
0,0.18230114628975858
0,0.0
0,0.14177985513663638
0,0.24754251648423847
1,0.5258956314266555
1,0.3741237831599847
0,0.0
0,0.38377837401608766
0,0.0
0,0.20027466263274085
0,0.0
0,0.0
0,0.14013717486262867
1,0.35020190681337837
0,7.458702342817663e-06
0,0.4526990971725383
0,0.0
0,0.0
0,0.0
0,0.26636121367465676
0,0.12274233884441169
0,0.0
0,0.0
0,0.0
1,0.39041825194543944
0,0.0
0,0.0
0,0.0
0,7.458702342817663e-06
0,0.2584296575038201
0,2.0876826722338202e-05
0,0.16571127515953404
0,7.458702342817663e-06
0,0.0
0,0.06604003067658117
0,7.458702342817663e-06
0,0.2661518706342759
0,0.3015194252472104
0,0.005
0,0.0
0,0.0
1,0.13287703825817357
0,0.033094526517109736
0,0.0
0,0.0
0,0.056838573186359896
0,0.0
0,0.20854810155715986
0,0.011843168709816953
0,0.28717829043620563
0,0.0
0,0.0
0,0.09219458619368455
0,0.0
0,0.0
0,0.0
0,0.0
0,0.0
0,0.0
0,0.0
1,0.3922100304086395
0,0.0
0,0.19116038121978854
0,0.0
0,7.458702342817663e-06
0,0.0
0,0.17609175677405203
0,0.2605918014712006
0,0.0
0,0.13398076020350705
0,0.5010889809247462
0,0.17387605764783778
0,7.458702342817663e-06
0,0.0
0,0.26519298233563765
0,0.0
0,0.002677090723976144
1,0.25526802512460395
0,0.24709662341363628
0,0.0
0,0.3363812541078529
0,0.03868266476902192
0,0.0
0,0.0
0,0.0
0,7.458702342817663e-06
0,0.0
0,2.0876826722338202e-05
0,0.0
0,0.125853950562741
0,0.2116347531333393
1,0.9882806416176905
0,0.0
0,0.0
0,0.0
0,0.0
0,0.01820209480242915
0,0.1770077026506968
1,0.2347531336776109
0,0.0
0,0.08698929690338111
0,0.0
1,0.19751534174751564
1,0.16425385300374007
0,0.0012745098039215685
1,0.2505466524803214
0,0.0
0,0.2717039611604299
0,0.0
0,7.458702342817663e-06
0,0.24514438293081445
0,0.0
0,0.0
1,0.48296572320211795
0,0.17106113187923552
0,0.33382960386198507
1,0.31363079472039423
0,0.0
0,0.1878890396513954
0,0.0
0,0.13123540283389484
0,0.0005576382380506092
0,7.458702342817663e-06
0,7.458702342817663e-06
0,0.0
0,0.0022281345969116114
1,0.3133364529170192
0,0.0
0,0.19637015995146573
0,0.2635660657488437
0,2.8735632183908045e-05
0,0.16844569297315856
0,0.0
0,0.0
0,0.0
0,0.0
0,0.0
0,0.0
1,0.22530992245774736
0,0.19787944468798951
0,0.0
0,0.0
0,0.0
0,0.23658830308069378
0,0.03459082040602059
0,0.0
1,0.25191843184312307
0,0.0
0,0.0
0,0.0
0,7.458702342817663e-06
0,0.18087441547143449
0,0.0
0,0.0
0,0.0
0,0.2761170459445483
1,0.3292439692758672
0,0.0
0,0.0004832810867293626
0,0.0
0,0.4156157271234149
0,7.458702342817663e-06
0,0.18571729948056626
0,0.0
1,0.5195414376912184
0,0.35671853455434077
0,0.0
0,0.0
0,0.0
0,0.0
0,0.003127072968490879
0,0.14513951243955453
0,0.0
0,0.0
0,0.005
0,0.0
0,0.0
0,0.0
0,0.0
0,0.0
0,0.0
0,0.0
0,0.0
0,0.0
0,0.0
0,0.0
0,0.05975678887529912
0,0.0
1,0.5797629652130853
0,0.5169752997413143
0,0.1657557269975406
0,0.0
1,0.41900976506775295
0,0.0
0,2.8735632183908045e-05
0,0.2925923926228269
0,0.0
0,0.0
0,0.23495335815808296
0,0.0
0,0.0012113801741619945
0,0.016591334284051643
0,0.015
0,0.0
0,0.26510638350653754
0,0.0
0,0.0
0,0.0
0,0.0
0,0.0
0,0.4024068256807699
0,0.0
0,0.23555345948775874
0,0.0
0,0.0
0,0.01692040065020445
1,0.5761843630238256
0,0.14716053299433615
0,7.458702342817663e-06
0,0.0
0,0.29052249607323
0,0.009350866625684705
0,0.0
0,0.0
0,0.0
1,0.25368851886828553
0,0.0
0,1.3010668748373666e-06
0,0.0
0,0.49133982971341905
0,0.0
0,0.21103542351175514
1,0.0814891763073903
0,6.546334271404736e-05
1,0.6177865518299485
0,0.0
1,0.18741950602146276
0,0.23448825138498933
1,0.3288942379814208
0,0.015
0,0.0
0,0.0669384103693977
0,0.27273481717352505
0,0.0
0,0.0
0,0.0
0,0.0
0,0.25717014148610984
0,0.19702386241705408
0,0.00011415525114155251
0,0.49225137817680287
0,0.0
1,0.5152559614340219
0,0.0
0,0.2639343140045512
0,0.0
0,0.0
0,0.0
0,0.0
0,1.3010668748373666e-06
0,0.12547815196318146
0,0.0
0,0.0
0,0.0
0,0.0
0,0.0
0,7.458702342817663e-06
0,0.15413052926864362
0,0.0
0,0.0
0,0.167791839162137
0,0.2476195950216502
0,0.1683166728137481
0,0.00034079203567615097
0,0.0
0,0.30042192092855663
0,0.0
0,0.0
1,0.36553495037834194
0,0.0
0,0.0
1,0.4476598748672926
0,0.31812358471734037
0,0.22623585881711886
0,0.19671552650487317
0,0.0
0,0.0
0,0.0
0,0.2293080619920865
0,0.0
0,0.15326177592077708
0,0.0
0,0.0
0,0.0
0,0.2330632051176938
0,0.0
1,0.4028408647030656
1,0.29643946439040564
0,0.0
0,0.0
0,0.0
0,0.0
0,0.0
0,0.3178859775939062
0,0.0
1,0.25978430008167847
0,0.0
0,0.0
0,0.0
0,0.20502391622865088
0,0.0
0,0.0
0,0.17535006527832409
1,0.40488959005844977
0,0.36603018027637163
0,0.19212875525798925
0,0.0
0,0.0
0,0.0
0,2.0876826722338202e-05
0,0.0
0,0.214102772512109
0,0.0
0,0.0
0,0.0
0,0.0
0,0.24854902811778384
0,0.0
0,0.0
0,0.0
0,0.0
0,0.0
0,0.0
0,7.458702342817663e-06
0,0.0
0,0.13830797063294217
0,0.29608019014450554
0,7.458702342817663e-06
1,0.18773512150134727
0,0.0
0,0.0
0,0.06513877681626828
0,0.014378810133531959
0,0.0
0,0.0
1,0.35732934401024574
0,0.0
0,0.31288588528912753
0,0.24337384854368194
0,0.0
0,0.0
0,0.0
0,0.0
0,0.0
0,0.0
0,0.0
0,0.0
0,0.0
0,0.15637997818583255
0,0.18539272157065514
0,0.19689649307045548
0,0.0
0,0.0
0,0.0
0,0.0
0,0.13394864430735529
1,0.3876627839792072
0,0.0
0,0.0
0,0.0
1,0.28685774557333305
0,7.458702342817663e-06
0,0.21110728790481878
0,0.3180963956551501
0,0.16051669093311063
0,0.0
0,0.0
0,7.458702342817663e-06
0,0.02906340785036494
0,0.0
0,0.00014018691588785047
0,0.0
0,0.0
0,0.20948049416604608
1,0.46794181658017897
0,0.3296719894061228
0,7.458702342817663e-06
0,0.0
0,0.00025
0,0.1513140001749468
0,0.0
0,0.0
0,0.16120089474764737
0,0.2862382223998259
0,0.0
0,0.0
0,0.0
0,0.0
0,0.0
0,0.0
0,0.17641979519206022
0,0.2928660107245974
0,0.5256937625624143
0,0.2682341469691076
0,0.18691737060685848
0,0.0
0,0.5205816890514098
0,0.0
0,0.2442786761977023
0,0.0
0,0.0
0,0.0
0,0.07353549094055886
0,0.0
0,0.0
0,0.0
0,0.0
0,0.26577191565740754
1,0.34965155283311633
1,0.8532877998611168
1,0.3845935048584156
0,0.12751402133692152
0,0.03180478900977815
0,0.0
0,0.30005512194650896
0,0.0
0,0.0
0,0.00018867924528301886
0,0.1289618438249452
1,0.3082142526072334
0,0.0
0,0.0
0,0.47755365412825773
0,0.0
0,0.0
0,0.18817165038425013
0,0.0
0,2.8735632183908045e-05
0,0.010831194277040044
1,0.44047813698618943
0,0.0
0,0.0
0,0.0
0,0.0
0,0.07186557624990728
0,0.0
1,0.5481163142488854
1,0.32305324271136604
0,0.0
0,0.0
0,0.0
1,0.2446969284390517
0,0.0
0,0.0
0,0.0
0,0.00012121212121212121
0,0.14396873573375402
0,0.0
0,0.0
0,0.4697068185662158
0,0.0
0,0.0
0,0.0
0,0.0
0,0.0004157954814143721
0,0.0
0,0.18106120768325482
0,0.0
0,0.0
1,0.16216139805646118
0,7.458702342817663e-06
0,0.17394768578062572
0,0.3394648446644716
0,0.0
0,0.01654416447273089
1,0.4171786425083471
0,7.458702342817663e-06
0,0.16710206570013458
0,0.0
0,0.00020113199919142912
0,0.0
0,0.6137233531438681
0,0.0
0,0.13789709911213419
0,7.458702342817663e-06
0,0.0
0,0.0
0,0.0
0,1.6863406408094435e-05
0,0.3096242438506918
0,0.0
0,0.26102074039944273
0,0.0
1,0.23443704602610044
0,0.0
0,0.0
0,0.0
0,0.0
0,0.0
1,0.5343907048643336
1,0.7864492734487512
0,7.458702342817663e-06
1,0.18084391055289692
1,0.4463984118914642
0,0.06139963756328735
0,0.0
0,0.0
0,0.09327774804361705
0,0.17878541750405272
0,0.0
0,0.0
0,0.6334465058913159
0,0.5114423304538233
0,0.0014389920424403182
0,7.458702342817663e-06
0,0.012713600788998641
0,0.0
0,0.0
0,0.2585096903872365
0,0.0
0,0.13211251438920532
0,0.21365451182529382
0,1.6863406408094435e-05
0,0.0
1,0.8428499389604408
0,0.02090909090909091
0,7.458702342817663e-06
0,0.0
0,0.0
0,0.0
0,0.0
0,0.0
0,0.0
0,0.0
0,0.0
0,0.0
0,1.6863406408094435e-05
0,0.006441285466941015
1,0.23137217346166028
0,0.0
0,0.0007505773672055427
1,0.22095745729111388
0,0.4320366079490528
0,0.0
0,0.25594238224208676
0,0.0
0,0.016748541151424743
0,0.0
0,0.1701659836604962
0,0.0
0,0.0
0,0.33259405350579746
0,0.052349459897083096
0,0.0
1,0.3880219700130679
0,0.048021223924406574
0,0.18545094287895858
1,0.2771403209111485
0,0.13362270281668728
0,0.1148519311599333
0,0.0
0,0.0
0,0.0
0,0.0
0,0.1551447623656389
0,0.0
0,0.0
0,0.0
0,0.0
0,0.0
0,0.06052830512068344
0,0.0
0,0.0
0,3.355704697986577e-05
0,7.458702342817663e-06
0,0.15417316470249356
0,0.23254735706123955
0,0.0
0,7.458702342817663e-06
0,0.13944158135614015
0,7.458702342817663e-06
0,0.0
1,0.7802757149723993
0,0.0
0,0.0
0,0.0
0,0.0
0,0.0
0,0.0
0,0.0
0,1.6863406408094435e-05
0,0.2230329745711319
0,0.37372636981057006
0,0.0
0,0.3949559099552282
0,0.001793824995991711
0,7.458702342817663e-06
0,0.30030553293819323
0,0.18449924481363852
0,0.0
0,0.2326765121692606
0,0.3742425682072598
0,0.0
0,0.30790746920351003
0,0.0
0,0.0
0,7.458702342817663e-06
0,0.0
0,0.0
0,0.0
1,0.31621927364814123
0,0.04174073089074503
0,0.29409762082439733
0,0.0
0,0.3550437033093221
0,0.0
0,0.0
0,0.0
0,0.0
0,0.43412672235927297
0,0.0
0,0.14020559357038384
0,0.298895820044517
1,0.35858775940714216
0,0.140979363801037
0,0.0
0,0.0
0,0.0
0,7.458702342817663e-06
0,0.0
0,0.0
0,0.18299742999585272
0,0.0007505773672055427
0,0.0
0,0.0
0,1.6863406408094435e-05
0,0.0
0,0.1729368643726905
0,7.458702342817663e-06
0,0.0
0,0.0
0,0.03929473027203762
0,0.0
0,0.14249485165627088
0,0.40629418576800347
0,0.0
0,0.0
0,0.07119543484587437
0,0.0
0,0.0
1,0.39505172007672784
0,0.0
0,0.17373354573832153
0,0.0
0,0.0
0,0.0
0,0.0
0,0.0
0,0.0
0,0.24286565407441862
0,0.16893826364967862
1,0.532131599928835
0,0.0
0,0.00034079203567615097
0,0.0
0,0.0
0,0.0
1,0.538738558160575
0,0.0
0,0.0
0,0.0
0,3.875968992248062e-05
0,0.0
0,0.018944263295875195
0,0.0
0,0.12867634198779776
0,0.0
0,7.458702342817663e-06
0,0.0
0,0.0010714285714285713
1,0.1677011606654303
0,0.0
1,0.38514209207639916
0,0.40187680487548966
1,0.36387337230297556
0,0.0
0,0.0
1,0.5460298350571431
0,0.0
0,0.0
0,0.0001388888888888889
0,0.22759950726844452
1,0.15532070501308806
0,0.0
0,0.320773560034031
0,0.25368181666810335
0,0.0
0,0.2749849972640546
0,0.20036542729132015
1,0.9878740720754484
0,0.0
0,0.0
1,0.48320007532691234
0,0.19182439699067141
0,0.0
0,0.38269863301071
0,0.20830941409086978
0,0.0
0,0.0
0,0.0
0,0.0
0,0.0
0,0.0
0,0.22997995739944815
1,0.2793174828413709
0,0.0
0,0.19353143841107479
0,0.15117454576822506
0,0.0
0,0.0
0,0.0
0,0.20382998988213052
0,0.19620905784494913
1,0.3600653677311901
0,0.005007458702342818
0,0.0
0,0.0
0,0.0
1,0.30447267673891676
0,0.0
0,0.0
0,0.0
0,2.8735632183908045e-05
0,0.0
0,0.0
0,0.36887977738756933
0,0.43126014527153883
0,0.0001450676982591876
0,0.0
0,0.0
0,0.0
0,0.0
0,0.0
0,0.0
0,0.17473713870216462
0,0.24850352084184646
0,0.0
0,0.0
0,0.06144643278323458
0,0.0
0,0.0
0,0.16301729756059266
0,0.0
0,0.0
0,0.0
0,0.0
0,0.0
0,0.0
0,0.0
0,0.2717808044695543
0,0.23168809471072777
0,0.3616900619683285
0,0.305267084238457
0,0.0
0,0.0
0,0.0
0,0.0
0,2.0876826722338202e-05
0,0.0
0,0.0
0,0.0
0,0.1856922857259061
0,0.0
0,0.0
0,0.0
1,0.8746931232421551
0,0.0
0,0.0
0,7.458702342817663e-06
0,0.2769440049382836
1,0.39814171152168043
0,0.0
0,0.0
0,7.458702342817663e-06
0,0.0110905367001972
0,0.0
0,0.0
1,0.5102238945227074
0,7.458702342817663e-06
0,7.458702342817663e-06
0,0.0
0,0.0
0,0.0
0,0.0
0,0.0
0,0.0
0,0.0
1,0.6863313381993343
0,0.0
0,0.0
0,0.0
0,0.1666696669148159
0,0.0
0,0.0
0,0.0
0,0.0014389920424403182
0,0.0
0,0.0
0,0.0
0,0.0
0,0.1920678436550935
0,0.0
0,0.0
0,0.0
0,0.1765193423223207
0,0.0
0,0.005
0,0.0
0,0.2434809260626421
0,0.0
0,0.0
0,0.0
0,0.17595486761554363
0,0.0
0,0.19971247483050966
0,0.0
1,0.2362707203924848
0,0.03004274771954786
0,0.033891271388345
0,0.15127620820545964
0,0.0
0,0.2126259624148143
0,0.0
0,0.19889234522051466
0,0.012563234200783062
0,0.3158904892168018
0,0.0
1,0.337986170961547
0,7.458702342817663e-06
0,0.0
1,0.20117154615141364
1,0.3806497914977443
0,0.1780596601778571
0,0.0
0,0.0
0,0.23538962981538053
0,0.0353125
0,0.0001450676982591876
0,0.0
0,0.0
0,7.458702342817663e-06
0,0.0
0,0.0
1,0.205876561917768
0,0.0
0,0.0
0,7.458702342817663e-06
0,0.0
0,0.36066483355653334
0,0.4028052396004723
0,0.0
0,0.0
0,0.0
0,0.0
0,0.0
0,0.01187634273700984
1,0.2480478007491638
0,7.458702342817663e-06
0,0.0
0,0.0
0,0.0
0,0.0
0,0.2916192848769839
0,0.0
0,0.0
0,0.23587238848116165
0,0.0
0,0.0
0,0.0
1,0.4844103722197734
0,0.0
0,0.0
0,0.0014015151515151514
0,7.458702342817663e-06
0,0.3008044809220472
0,0.17341636457465395
0,0.0
0,7.458702342817663e-06
0,0.2160645797746548
1,0.664204278195658
0,0.0
0,0.0
0,0.0
0,0.0
0,0.1435365881072784
0,0.33363582286003735
0,0.014383508835450176
0,0.25183765469638275
0,0.0
0,7.458702342817663e-06
1,0.2949716782343026
0,0.0
0,0.21936593191043166
0,0.0
0,0.06909484557274125
0,0.0
0,0.0
0,0.0
0,0.24931738602657494
0,0.0009090909090909091
0,0.0
0,0.0
0,0.0
0,0.039325285109966426
0,0.0
0,0.0
0,0.3767812403436574
0,7.458702342817663e-06
1,0.2448809444777438
0,0.3718631842963605
0,0.0
0,0.0
0,0.0
0,0.3673096353093721
1,0.4038601020442528
0,0.0
0,0.0
0,0.0
0,0.0
0,0.050482167057756676
0,0.0
0,0.0
0,0.0
0,0.20376434393478643
0,0.0010714285714285713
0,0.009098789062361176
0,0.0
0,0.1775875356258207
0,0.0
0,0.23087113266466205
0,0.0
0,0.0
0,0.1298540574455916
0,7.458702342817663e-06
0,0.0
1,0.8750477365117993
0,0.0
0,0.0
0,7.458702342817663e-06
0,0.0
0,0.0
0,0.0
0,0.0
0,0.0
0,0.3716480567294715
0,0.30582460572070197
0,0.0
0,0.0
0,0.0
0,0.0
0,0.18892547148065814
0,0.0
0,0.0
1,0.28889690114134425
1,0.29320040968415495
0,0.0
0,0.05861165513589919
0,0.0
0,0.2718418893374131
0,0.0
0,0.3549517619055014
0,0.0
0,0.1906535348528192
0,0.0
0,0.0
0,0.0
0,0.1169925956310077
0,0.39946411531949017
0,0.20185183979403148
0,7.458702342817663e-06
0,0.0
0,0.00018867924528301886
0,0.0
0,0.16831238042795685
0,7.458702342817663e-06
0,0.0
0,0.0
0,0.0
0,0.0
1,0.26083747556188697
0,0.0
1,0.3023751495163584
0,0.37452348405339314
0,0.0
0,0.022956934848075213
0,0.0
0,0.0
0,0.0
0,0.21886972846012254
0,0.0
0,0.0
0,7.458702342817663e-06
0,0.0
0,0.08169733355607414
0,0.30042192092855663
0,0.0
0,0.0011298606016140866
0,7.458702342817663e-06
0,0.2841295908203507
0,0.20150466301655304
0,0.0
0,0.19366807798095398
0,0.0
0,0.0
0,0.32043928703268476
0,0.31593673051966387
0,0.41333347860058667
0,0.0
0,0.0
0,0.0
0,0.2811332551340577
0,0.1854705823152272
0,0.22003095597583894
0,0.0
0,0.0
0,0.0
0,0.0
0,0.021518683794272783
0,0.0
0,0.0
1,0.2995822052254871
0,0.004830855131614703
0,0.03887955815769423
0,0.3736018964181877
0,7.458702342817663e-06
1,0.4142634439842115
1,0.31753983109546624
0,0.0
0,0.0
0,0.0
0,0.0
1,0.5141912470555824
0,0.0007505773672055427
0,0.3421547500595033
1,0.19119825990925196
0,0.0
1,0.7618849605849324
0,0.0
0,0.0
0,0.14622907173591532
0,0.0
0,0.0
0,0.0
0,0.0
0,0.0
0,2.0876826722338202e-05
0,0.0
0,0.0
0,0.0
0,0.431682361082409
1,0.3213364521865706
0,2.0876826722338202e-05
0,0.21745526472570811
0,0.22522422259831087
1,0.28226138382662597
0,0.0
0,0.0
0,0.0
0,0.0
0,0.0
0,0.1839671768003722
0,0.0
0,7.458702342817663e-06
0,7.23167369023464e-05
0,0.0
0,0.14332524176929093
0,0.0
0,0.0
0,0.0
0,0.0009870326073272064
0,0.40687553374160956
0,7.458702342817663e-06
0,0.0004970032604526275
0,0.0
0,0.0
0,0.0
0,0.16548759501358234
0,0.17310148817751694
0,0.0
0,0.0
0,0.21781574273824236
0,0.0
0,7.458702342817663e-06
0,0.0
1,0.16772476010439757
0,0.0
0,0.10003214258418618
0,0.0
0,0.4025144168501371
1,0.4360988068670364
0,0.1625709442389474
0,0.0
0,0.0
0,0.0
0,0.0
1,0.43922419528828066
0,0.0
0,0.24225933661068957
0,0.0
0,0.2739540572766907
1,0.25327654944701306
0,0.07094535129346163
0,0.14334212866267682
0,0.0
0,0.0
0,0.33038933392112374
1,0.8591295232870322
0,0.1819827713703836
0,0.0
0,0.29090445524492103
0,0.0011263010668748374
0,0.21759114583282638
0,0.019641946875399777
1,0.2131322250382372
0,0.20764761050547637
0,0.0
0,0.0
0,0.0
0,0.0
0,0.2130550385906905
0,2.0876826722338202e-05
1,0.35800274357578216
0,0.0
0,0.2520366434268744
0,0.2020360486999183
0,0.0
0,7.458702342817663e-06
0,7.458702342817663e-06
0,0.0
0,0.0
0,0.0
0,0.0
0,0.0
0,0.0
0,0.0
0,0.0
0,1.6863406408094435e-05
0,0.25000131745939996
0,0.0001450676982591876
0,7.458702342817663e-06
0,0.3873402138024076
0,0.2281496547076287
0,0.17430259121077463
0,0.0
0,0.0
0,0.02866264957642206
0,0.0
0,0.19909146449916967
0,0.0
1,0.5503143334943524
1,0.5897996946953848
0,0.0
0,0.0
0,0.0
1,0.6670699232922036
0,0.0
0,0.14447861366576636
0,0.0
0,0.0
0,0.0
0,0.0007505773672055427
0,0.0
0,0.0
0,0.0
0,2.0876826722338202e-05
0,0.0
0,0.10202307001685579
0,0.0
1,0.310037391010713
1,0.9300980162745516
0,2.9585798816568047e-05
0,0.0
0,0.0
0,0.0
0,0.0
0,0.0
0,2.0876826722338202e-05
0,0.25160972968239204
1,0.2971088029211882
0,7.458702342817663e-06
0,0.10283255257016685
0,0.0
0,0.0
0,0.0
0,0.0
0,0.18021813183759075
0,0.0
0,0.32334584909758535
0,0.0007103641778831258
0,0.0
0,0.0
1,0.4250174787104568
1,0.19599430339539214
0,0.013758155619436942
0,0.4171547926310962
0,0.0
0,0.0
1,0.6135146681605465
0,0.00011415525114155251
0,0.0
1,0.22701455393386902
0,0.0
0,0.0
0,0.16527242739933912
0,0.0
1,0.5736740516275397
0,0.418139532990782
0,0.1995003918579908
0,0.22341595049002347
0,0.0
0,0.16206899067913993
0,0.13914100168197263
0,0.0
1,0.4974631353244849
0,0.0
0,0.0
0,0.19299598497773554
0,0.0
0,0.0
1,0.3351718273695185
0,0.206442405924627
0,0.0
0,0.0
0,9.052924791086351e-05
1,0.16169621164561818
0,0.3336499047750934
0,0.18368186045630783
0,0.0
0,0.0
0,0.09072370336810265
0,7.458702342817663e-06
0,0.1796832906173922
0,0.0
1,0.13323176916287977
0,0.0
0,0.0
0,0.0001450676982591876
0,0.0
0,0.0
0,0.43880469444537273
0,0.0
0,0.0034839640600267245
0,0.1908202763790416
0,0.0
0,0.4141511982544877
1,0.24725444297410865
0,0.0
0,0.14914826779840515
0,0.0
0,0.16382804257625178
0,0.2538635454535867
0,0.0
0,0.0
0,0.0
0,0.38283637488812056
0,0.0
0,0.0
0,0.22705813615034626
1,0.20732830929942558
0,0.0
1,0.2856315938459587
0,0.0
0,0.13774537888519883
0,0.0
0,0.0
0,0.0
0,7.458702342817663e-06
0,0.0
0,0.3941354920266884
0,0.0
1,0.4207722153170061
0,0.19208459206307146
0,0.0
1,0.3228228982257962
0,1.3010668748373666e-06
0,0.0
0,0.2482063036206922
0,0.1472703464561136
0,0.3596220889143187
0,0.08925361868418336
0,0.2568821141122574
0,0.0
0,0.0
0,0.0
0,0.2996310965507208
0,0.0
0,0.0
1,0.7503030322191687
0,0.0
0,0.006509198924537694
0,0.0
0,0.0
0,0.14280622541965537
0,0.22183217723851079
0,0.0
0,7.458702342817663e-06
0,0.21706826092738518
0,0.24004441283269692
0,0.3923172021333427
0,0.0
0,0.0
1,0.16430468884965438
0,0.0
1,0.203586572599709
0,0.0
0,0.0
0,0.0
0,0.0
0,0.0
0,0.0
0,0.0
0,0.0
0,0.017166588296226682
0,0.0
0,0.008136988914723082
0,0.19750923927027253
0,0.0
0,0.0
0,0.0
0,0.19770697005077648
0,0.0
0,0.0
1,0.29343602521551726
0,0.0
0,0.0
0,0.2289692543767479
0,0.1502703143793114
0,0.0
0,0.0
0,0.013006051247146839
0,0.0
0,0.0
0,0.27279757245257324
0,0.0
0,0.018800455382838668
0,0.05475439679545393
0,0.24448317609393005
1,0.2995795659579125
0,0.0
0,0.0
0,0.2591579098333571
0,0.0
0,0.0
0,0.0
0,0.18255210011393228
0,0.49858101794707343
0,0.0
1,0.3534160677513082
0,0.189833120338461
0,0.08308540777148556
0,0.0
0,0.015293060489674574
0,0.29169871615255016
0,0.30503038013837125
0,0.0
0,0.0
0,0.0
0,0.3546420442842799
0,0.5971385229741621
1,0.4727211905745937
0,0.00018867924528301886
0,0.0
0,0.3650029509471618
0,0.005
0,0.0
0,0.0
0,0.26382089553656995
1,0.6708618640205453
0,0.19699027185201123
0,0.0
0,0.00018867924528301886
0,0.0
0,0.0
0,0.10947635166326426
0,0.0
0,0.0
0,0.07166120324482131
0,0.15378535547367098
0,0.0
0,0.0
0,0.0
0,1.3010668748373666e-06
0,0.0
0,0.1545599921499005
0,0.0001450676982591876
0,0.0
0,0.4802828339021562
0,0.0
0,0.0
0,0.0
0,2.0876826722338202e-05
0,0.04228709984525117
0,0.00018867924528301886
0,0.0
0,0.1832294834973096
0,0.0
0,0.0
1,0.41433920880550423
0,0.2102806572743457
0,0.0
0,0.008136988914723082
0,0.2149268486872355
0,0.0
0,0.0
0,7.458702342817663e-06
0,0.0
0,0.0
0,0.0
0,0.0
0,0.0
0,0.2600050538499742
0,0.0
0,0.009282612194019399
1,0.382745174093255
0,0.2831970143121384
0,0.0
0,0.0
0,0.0
0,0.0
0,0.20796056962041326
0,0.22563890054148036
0,0.0
0,0.1954418640418279
0,0.0007505773672055427
0,0.0
0,0.0
1,0.7350407048266423
0,0.0
0,0.19434117765714007
0,1.6863406408094435e-05
0,0.0
0,0.006771008929131428
0,0.28223120373781185
0,0.0
0,0.0
0,0.016734264106000013
0,0.0
0,0.00011415525114155251
0,0.39417369763307575
1,0.3835303018149955
0,0.29191090438165007
0,0.0
0,0.0
1,0.4038082226758737
0,0.1651137605518511
0,0.0
0,0.0
0,0.0
0,0.0
0,0.23940750349332907
0,0.0
1,0.2562826728154969
0,0.0
1,0.2743228199203223
0,7.458702342817663e-06
0,0.33360148409272794
0,7.458702342817663e-06
0,7.458702342817663e-06
0,0.0
0,0.0
0,0.0
0,0.0
0,0.16273267659977453
0,0.37568615344380907
0,0.0
0,0.0
0,0.0
1,0.4229066928899222
0,0.0
0,0.0
1,0.437040349437074
0,0.0
0,0.24429279903319676
0,0.0
0,0.164742110852422
0,0.0
0,0.0
0,0.0
0,0.0
0,0.13187694670325387
0,0.002948037323037323
0,0.0009870326073272064
1,0.22756535083519083
0,0.0
0,0.0
0,0.12099819654512571
0,0.0
1,0.18274378206884603
0,0.21044198746130566
0,0.0
0,7.458702342817663e-06
0,0.055789071061702
0,0.0
0,0.0
0,0.0
0,0.013555555555555557
0,0.02776559531227364
0,0.0
0,0.0
0,0.18763688254333608
1,0.38527747457590555
0,0.0
0,0.0
0,0.0
0,0.13641968654659184
0,0.0
0,0.08607003074936755
0,7.458702342817663e-06
0,0.2962957806255029
1,0.6148916738745955
0,0.18033890867011151
0,0.0
0,0.42928483971652587
0,0.3018141312095246
0,0.0
0,0.00020113199919142912
0,0.0
1,0.21780898871064275
0,0.1699864790498682
0,7.458702342817663e-06
0,0.4666974850282714
0,0.0
0,0.2808731772671687
1,0.4067704934163464
0,0.2927342908936296
0,0.0
0,0.19073291163103667
0,0.0
0,0.0
0,0.0
0,0.0
0,7.458702342817663e-06
0,0.03954418759542223
0,0.0
0,0.0
1,0.43273732750723676
0,0.0
0,0.0009048507462686567
0,0.0
0,0.0
0,0.0
0,0.0
0,0.0
0,0.22204512084037403
0,0.29551550911984914
1,0.2689662371725897
1,0.2522922602823417
0,0.0
0,7.458702342817663e-06
0,0.0
0,0.22246863830736674
0,0.010007458702342818
0,0.0001450676982591876
0,0.0
0,0.0
0,0.21325003020836064
0,0.2771842620468831
1,0.42397208303603745
0,0.0
0,0.300395107530837
0,0.0
0,0.08407498143366418
0,0.26201955334117966
0,0.2920574679041095
0,0.007145777910123977
0,0.0
0,0.16822873093585022
0,0.07272082219443893
0,0.0
0,0.0
0,0.0
0,0.0
0,0.24967049290735457
0,0.0
0,0.0
0,0.01214612543346383
0,7.458702342817663e-06
0,0.10866053170323692
0,0.0
1,0.19911440992964533
0,0.0
0,0.0007103641778831258
0,0.4832681136753496
0,0.0
0,0.0
0,0.17345003742631449
1,0.3322561743589671
0,0.22010553077025047
0,0.0
1,0.22976212774008395
1,0.49565365204048334
0,0.16939481868903883
0,0.0
1,0.5208916123570184
0,0.21034668301608395
1,0.13082933899535257
0,0.0
0,0.0
1,0.43908937970056156
0,0.0
0,0.0
0,0.23968397411835046
0,1.3010668748373666e-06
0,0.0
0,0.18245979521012715
0,0.0
0,0.0
0,0.0
0,0.0
0,0.0
0,2.0876826722338202e-05
0,0.0
0,0.0
0,0.0
0,0.0
0,0.18881428692702523
0,0.0
0,7.458702342817663e-06
0,0.0
0,0.0
0,7.458702342817663e-06
0,0.0
0,0.030367628180047044
0,0.0
0,0.3220315157039373
0,0.0
0,0.24818947606249847
1,0.21794592479069785
0,0.0
0,0.23030826190393497
0,0.33023228733916277
0,0.0
0,0.0
0,0.0
0,0.24281073157387642
0,0.3945675680318306
0,0.0
0,0.0
0,0.01816519368807297
0,0.0
0,0.0
0,0.0
0,0.018661835556005917
0,0.0
0,0.0
0,0.0
0,0.0
0,0.22717051797213894
0,0.0
1,0.3344073644887804
0,0.42907423342603834
0,0.0
0,2.0876826722338202e-05
0,0.0
0,0.14609253327940713
0,0.18244179969778124
0,0.0
0,0.0
0,0.33173990299716527
0,0.14151983780633465
0,0.0
0,0.0
0,2.0876826722338202e-05
0,0.0
0,0.0
0,0.2960266507649565
1,0.15613675734267937
0,0.0
0,0.4087976497192528
0,0.0
0,0.18296965106564772
0,0.35266868419580627
1,0.989996531348651
0,0.12668782380000157
0,0.1350793481828323
1,0.4799092551412808
0,0.0
0,0.0
0,0.0
0,0.0
0,0.0
0,0.25816450264689905
0,0.0
1,0.42549968030842167
0,0.0
0,0.18569358632375044
0,0.0912879544055118
0,0.0
0,0.154079025442458
0,0.0
0,0.1931011678623761
0,0.0
0,0.0
0,0.09417006647368563
1,0.22055698667281154
1,0.31888301007503217
0,0.0
0,0.0
0,0.0
0,0.0
0,0.08625704335047388
0,0.12844098661155165
0,0.0
0,0.13951789306858373
0,0.3263542798793963
1,0.24341308494724612
0,0.0
0,0.0
0,0.13445031147721948
0,0.44370978730670885
0,0.10239306676507347
0,0.00025
1,0.2647054972186845
0,0.0
0,0.0
0,0.0
1,0.4464116942486487
0,2.9585798816568047e-05
0,0.0
0,0.4391630312713748
0,0.0
1,0.4637031392221912
0,0.0
1,0.46191231169394825
0,0.15575164546647283
0,0.0
0,0.09072370336810265
0,0.0
0,0.0
0,0.21824748889841786
0,0.0
0,2.0876826722338202e-05
0,0.0
0,0.0
0,0.0
1,0.08470872647023343
0,0.00025
0,0.0
0,0.19344039703036459
0,0.0
0,0.43135091352208116
0,0.0
0,0.0
0,0.4433942476787934
0,0.21610750847878854
0,0.0
0,0.0741839016235175
0,0.0
0,0.10997315530264562
0,0.0
0,0.0
0,0.0
0,0.0
0,0.0
0,0.0
1,0.2561351688053091
0,0.0
0,0.0
0,0.0
0,0.0
0,0.0
0,0.013758155619436942
0,0.23308462940676644
0,0.0
0,0.0
0,0.23026109330469655
0,1.6863406408094435e-05
0,0.0
0,0.0
0,0.1881171695053828
0,0.19455202772426541
0,0.0
0,0.0
0,0.0
0,0.0
1,0.26814762253785246
0,0.0
0,0.3071125287620362
0,0.33274986762012465
0,0.0
1,0.30575197506160895
0,0.13609409829010247
0,0.0
1,0.4403733184400865
0,0.0005576382380506092
0,0.2621503385528808
0,0.2606826065806894
0,0.22439293899476495
0,0.0
0,0.20164167199659008
0,0.0
0,0.0
0,0.0
0,0.0
1,0.5193883205842225
0,0.0
0,7.458702342817663e-06
0,0.0
0,0.40784279101130244
0,0.0
0,0.14918750163889316
0,0.0
0,0.0
0,0.05049501594062006
1,0.9882806416176905
0,0.0
0,0.20785668440902252
0,0.0
0,0.0
0,0.0
0,0.0
0,0.010317502161888242
0,0.2401113847651744
0,0.17870695726134883
0,0.0
0,0.0
0,0.24096021259610312
0,0.15702773515112153
1,0.5456362979763292
1,0.4573698355560918
0,0.1508479851067018
0,0.01620833160905603
0,0.1261008285710364
0,0.0
0,7.458702342817663e-06
0,0.0
0,0.0
1,0.48051045345685794
0,0.0
0,0.0
0,0.0
0,0.0
0,0.0010654150942801413
0,0.09899487064124321
0,0.0
0,0.05727903870399153
0,0.0
0,0.0
0,0.0
0,0.0
0,0.0
0,0.0
0,0.0
0,0.0
0,0.3666552530210491
0,9.052924791086351e-05
0,0.0
0,0.0
0,0.0
0,0.0
0,0.0
0,0.2076280237507971
0,0.014536280710448775
0,0.0
0,0.00010739265431895795
0,0.16133948366759024
0,0.0
0,0.0
0,0.0
0,0.0
0,0.0
0,0.0
0,0.0
0,0.0
1,0.18604796696730816
1,0.23869876336292303
0,0.16635194199588693
0,0.0
1,0.17637969824355162
0,0.17276897730990956
0,0.2311472205034998
0,0.30755074599112714
0,0.00017241379310344826
0,0.3621381665612715
0,0.0
0,0.3332496687077376
0,0.17271839770971456
0,0.0
0,0.0
0,0.0
0,0.0
0,0.1640632947657195
0,0.3762222597956397
0,0.0
0,0.0
0,0.0
0,0.0
0,0.17654306570912304
0,0.2012943323932395
0,7.458702342817663e-06
0,0.0816164590782311
1,0.1825932084368623
0,0.0
1,0.17731789677992257
0,0.2905445435339995
0,0.0
0,0.0
0,0.0
0,0.0
0,0.0
0,0.0
1,0.24839030069935028
0,0.0
0,0.0
0,0.0
0,0.01747405449471381
0,0.0
0,0.0
0,0.0
0,0.21857664425983228
1,0.5117371591401111
0,0.3874421072042174
0,0.0
0,0.0
0,0.0
0,0.0
0,0.0
0,0.0
0,0.0
0,0.0
0,0.2839231041944532
0,0.0009187129392779645
0,0.0
0,0.004681701257790159
0,0.4123251255972143
0,0.0
0,0.0
0,2.8735632183908045e-05
0,0.041860929875778954
0,0.0
0,0.0
0,0.18934870331443185
0,0.0
0,0.0
1,0.2056775791326623
0,0.00011415525114155251
0,0.0001450676982591876
0,0.16198236178585024
0,0.0
1,0.1700805494240699
0,0.17561211797600074
1,0.336809638090084
1,0.9882806416176905
0,0.005030833084088357
0,0.0
0,0.0
0,0.0
0,0.0
0,0.0
0,0.0
0,0.0
0,0.0
0,0.2848206353682912
0,0.0
0,0.0
0,0.1866567199668669
0,0.0063364994286064
0,0.0
0,0.0
0,0.0
0,7.458702342817663e-06
0,0.0
0,0.0
0,0.0
0,0.0
0,0.0
0,0.0
0,7.458702342817663e-06
0,0.0
0,0.0
0,2.9585798816568047e-05
0,7.458702342817663e-06
0,0.0
0,0.0
0,0.0
0,7.458702342817663e-06
0,0.0
0,0.19884883833092803
0,0.0
0,0.2863866754640182
0,0.34623375598541584
0,0.0
0,0.1918036901083327
0,0.0
0,0.0
0,0.0
0,0.3056741218119922
0,0.0
0,0.00025351138600495315
0,0.01724291579984871
0,0.0
0,0.0
0,0.0
1,0.2322606402917829
1,0.21591368393623273
0,0.2519727254784555
0,0.0
1,0.4200274728141379
0,0.0
0,0.4135254339830243
1,0.17022189819510802
1,0.22487520778960612
0,0.0
0,0.0
1,0.4640310800749458
0,0.368829777395369
0,0.1612305329786502
0,0.26585257367005943
0,0.0
0,0.0
0,0.0
0,0.33936195254927126
0,0.37609196200580897
0,0.0
0,0.015
0,0.0
0,0.0
0,0.24204304253270212
0,0.0
0,0.0
1,0.42909185539090655
0,7.458702342817663e-06
0,0.0
0,0.0009870326073272064
0,0.06943300180901797
0,0.021065620512437763
1,0.3852991244461055
0,0.025927940801057495
0,0.005
1,0.18667168412756563
0,0.0
0,7.458702342817663e-06
0,0.0
0,0.0
1,0.20285264051506702
0,0.0
0,0.003676271752334417
0,0.0
0,0.0
1,0.989371531348651
0,0.15955842789986402
0,0.0
0,0.0
0,0.00018867924528301886
0,0.20051295409290124
1,0.45384547679221876
0,0.00035169141914191416
0,0.0
1,0.14039375064635604
0,0.0
0,0.0
0,0.0
0,0.0
0,0.0
1,0.681414913436246
0,7.458702342817663e-06
0,0.0
0,0.0
0,0.0
1,0.5975725231335864
1,0.3947360811041679
0,0.0
0,0.20102313821703963
0,0.0
0,0.0
0,0.1811949204570806
0,0.0
0,0.03511683450113748
1,0.2564853731890721
0,0.0
1,0.2837027331109833
0,0.0
0,0.0
0,0.27855009148609416
0,0.16627647889847405
0,0.0
0,0.0
0,0.0
0,0.0
0,0.0
1,0.7926140765122274
0,0.0
0,0.0
0,7.458702342817663e-06
0,0.0
0,0.0
0,0.0
0,0.0
0,0.2203389602563777
0,0.0
0,0.0009187129392779645
0,0.0
0,0.0
0,0.3349929820231006
0,0.0
0,0.40198836518599224
0,0.0
0,0.2956751383987566
0,0.0
0,0.00030778811257615806
0,0.0
0,0.0
0,0.0012854757849028301
0,0.22042837175723765
0,0.0
0,0.17147158504192966
0,0.0
0,0.27652597998408845
0,0.16107744377485653
0,0.0
1,0.19494608641941047
0,0.0
0,0.18573901251834324
0,0.2370634004173327
0,0.0
0,0.059301719123819534
0,0.0
0,7.458702342817663e-06
1,0.3352277395456251
0,0.0
0,0.08178896920547206
0,0.0
0,0.0
0,0.0
0,7.458702342817663e-06
0,0.0
1,0.45626469981292794
0,0.12186565928195744
0,0.224185046970433
0,0.0
0,0.1693939268994971
0,7.458702342817663e-06
1,0.4846608690110938
0,0.0
0,0.0
0,0.2968034658327942
0,0.0
0,0.0
0,0.17416641188744553
0,0.4760121616625632
0,0.1472448797981932
0,0.0
0,0.0
0,0.44233707459130783
0,0.0
0,1.3010668748373666e-06
0,0.0
0,0.0
0,0.0
0,0.0
0,0.0
0,0.1906965867459576
0,0.0
0,7.458702342817663e-06
0,0.0
0,0.0
1,0.41908092941063396
0,0.2012943323932395
0,0.015124529114514857
0,7.458702342817663e-06
1,0.754157123964719
0,7.458702342817663e-06
0,0.132536669017794
0,0.11005556965615712
0,0.0
0,0.0
0,0.0
1,0.2232535803913427
0,0.0
1,0.3441336715858294
0,0.0
0,0.0
0,0.0
0,0.2799750164975417
0,0.32423790412939657
0,0.00025
0,0.0
0,0.0
0,0.0016739834612175038
0,0.0
0,0.0
0,0.0
0,0.0
0,0.1872085635509838
0,0.0
0,0.0
0,0.304747643993526
0,0.0
0,0.138613739590595
0,0.0
0,0.0
0,0.1687974201935176
0,0.0
0,0.0
0,0.2456616552381191
0,0.610485897858563
0,0.0388090417641574
0,0.0
0,0.17365669923533186
0,0.22890890564064884
0,0.0
0,0.0
0,0.0
0,0.0
0,0.0
0,0.0
0,0.0
0,0.06280859262892884
0,0.18663141423864463
0,0.0
0,0.0
0,0.0
0,0.0
0,0.14895779224447303
0,0.0
0,0.0
0,0.0
0,0.0
0,0.0
1,0.28300007738186883
0,0.0
0,0.14958736353970048
0,0.0
0,7.458702342817663e-06
0,0.0
0,0.00018867924528301886
0,0.0
0,0.2449664399390549
0,7.458702342817663e-06
1,0.43767316757839614
0,0.0
0,0.0
0,6.546334271404736e-05
0,0.0
0,7.458702342817663e-06
0,0.0
0,0.0
0,0.0003481333950596987
0,0.0
0,0.0
0,0.23763711593812759
0,2.0876826722338202e-05
0,0.0
0,0.0
0,2.0876826722338202e-05
0,0.0
0,0.0
1,0.3987470099360192
0,0.0
0,0.0
0,0.19388977070778107
0,0.45048270793029865
1,0.47226959661747187
0,0.15177513547565555
0,0.0
0,0.0
0,0.0
0,0.0
0,2.0876826722338202e-05
0,0.0
1,0.8785840520920588
1,0.13931648387179713
0,0.0003125
0,0.0
0,0.0
0,7.458702342817663e-06
0,0.0
1,0.34792653260197826
0,0.0
0,0.0
0,0.0
0,0.1962285618507707
1,0.19435684304037373
0,7.458702342817663e-06
0,0.0
0,0.0
0,0.0
0,0.005030833084088357
0,0.0
0,0.0
0,0.0
0,0.0
0,0.27232568358354037
0,0.17359752789016775
0,0.0
0,0.0
0,0.0
1,0.4621933049280325
0,0.0
0,0.0
0,0.002750876334882204
0,0.0
0,0.0
0,0.0
0,0.14006596034363533
0,0.0
0,0.2076712317466377
0,0.0
1,0.990496531348651
0,0.0
1,0.6995288198882962
0,0.0
1,0.4199531121160605
0,0.0
0,0.0
0,0.0
1,0.16138319434694515
0,7.458702342817663e-06
0,0.0
0,0.0
0,0.2692862597115967
0,1.6863406408094435e-05
0,0.0
0,0.0
0,0.0
0,0.0007434348232709351
0,0.0
0,0.0
0,0.2298621463216602
0,0.14826755963428637
0,0.0
1,0.21559013423825607
0,0.0
0,0.22665765293145973
0,0.0
0,0.0
0,0.0
0,2.0876826722338202e-05
0,0.15973831480576128
0,0.0
0,0.0
0,0.0
0,0.0
0,0.012713600788998641
0,2.0876826722338202e-05
0,0.0
1,0.44136160616018566
1,0.7499385740298439
0,0.14975695761928973
0,7.458702342817663e-06
1,0.9632080561109345
0,7.458702342817663e-06
0,0.0
0,0.0
0,0.0
0,0.2904643717415352
0,0.0007692739659813875
0,0.44736544930717537
0,0.0
1,0.02195035777651331
0,0.0
0,0.018687198237970472
1,0.2400747356352758
0,0.0
0,0.0
0,0.0
0,0.0
1,0.526997473003269
0,0.0
0,0.0
0,0.0
0,0.0
0,0.0
1,0.6346441239748594
0,9.052924791086351e-05
0,0.16165592802907583
0,7.458702342817663e-06
0,0.03328856822069301
0,0.0
1,0.2839141506138703
0,0.0
0,0.0
0,0.15977711862970934
0,0.0
0,0.0
0,0.0
0,0.0
0,0.0
0,0.0
0,0.0
0,0.0
0,0.22424977518716588
0,0.0
0,0.3675435705541794
0,0.0
0,0.15931996849599772
1,0.21705699391701816
0,0.0
1,0.5526946278286687
0,0.1428158355649825
0,0.0
0,0.246274840587576
0,0.0018276823372419693
0,0.0
0,0.01
0,0.0
0,0.0
0,0.0
0,0.0
0,0.2935979154119379
0,0.0
0,0.3394260134306694
0,0.19295919043111406
0,0.0
0,0.0
0,0.018847899146063166
0,0.16831155373607523
0,0.0
0,0.0
0,0.185477356610042
0,0.0
0,0.0
0,0.0
0,0.00017241379310344826
0,0.0
0,1.6863406408094435e-05
0,0.1760666290278464
0,0.05207323814637089
0,0.309833759035879
0,0.23414135567014488
0,0.0
0,0.0
0,0.01
0,0.0014271198166645046
1,0.4324228443098476
0,0.31905180431166164
0,0.0
0,0.25115004153694637
0,0.0
1,0.4334579542891161
0,0.0
0,0.0
0,0.0
0,0.0
0,0.00011336029813917402
0,0.0012745098039215685
1,0.2651770267427165
0,0.0013690476190476191
0,0.16924380321879076
0,0.0
0,0.0
0,0.3200541221402879
0,0.0
1,0.7492835947556326
0,0.0
0,0.0
0,0.1507485401424563
0,0.0
0,0.0
0,0.0
0,0.0
0,0.0
0,0.0
1,0.39904934556532223
0,0.0
0,0.0
0,0.14913092309304457
0,0.0
0,0.42070843871479163
0,0.148459572242659
1,0.2208548622461764
0,0.0
0,0.21385214843995318
0,0.0
0,0.45739434543273055
0,0.0
0,0.0
1,0.5086244294923135
0,0.23019128048916546
0,6.546334271404736e-05
0,0.0
0,0.17866874380235326
0,0.0
1,0.18259194836935816
0,0.25950488764824786
0,0.0
0,0.00018867924528301886
0,0.0
0,0.2759032877943697
0,0.16473636018668167
0,0.0
0,0.00018867924528301886
0,0.0
0,0.0135834756271304
0,7.458702342817663e-06
0,0.2578257145075227
0,0.0
0,0.0
0,0.4181752545964518
0,0.0
0,0.00018867924528301886
0,0.0
0,0.0
1,0.48879253585566274
0,0.0
0,0.00011415525114155251
0,0.0
0,0.0
0,0.0
1,0.3461006099377124
1,0.22450005001574272
0,9.052924791086351e-05
0,0.0
0,0.0
0,0.0
0,0.34791399937573586
0,0.0
0,0.0
1,0.24544140403138257
0,2.0876826722338202e-05
0,0.0
0,0.0
0,0.0
0,0.20964225512698417
1,0.540593963820675
0,7.458702342817663e-06
1,0.449663907055184
0,0.0
1,0.19924826039327054
0,0.0
1,0.15382397087856586
0,0.0
1,0.43169034376970117
0,0.0
0,0.0001450676982591876
0,0.0
0,0.0
0,0.0
0,0.0
0,0.0
0,0.13641658614780755
0,0.0
0,0.02141061923803034
0,0.0
0,0.19443807274360467
0,0.0
0,0.0
0,0.0
0,0.0
0,0.0
0,0.0
0,0.0
0,0.20266364439197798
0,0.0
0,0.0
0,0.0
0,0.16258910679366959
0,0.0
0,0.36440497003475175
0,0.0
0,0.3602995571752248
0,0.2299773624596419
0,0.0007505773672055427
0,0.0
0,0.0005576382380506092
0,0.0
0,0.0
0,0.0
0,0.0
0,0.1514521154911617
0,0.0
0,0.0
1,0.40558645290196715
0,0.0
0,0.0
0,0.0
0,7.458702342817663e-06
0,0.2971198694758304
0,0.0
0,0.22353612648374344
0,0.4388852481443389
0,0.19644486678850032
0,0.0
0,0.0
0,0.0
0,0.0
1,0.667376850421424
0,7.458702342817663e-06
0,0.030711689217643858
0,0.0
0,0.2203528017122628
0,0.2621773194708565
0,0.14644986944070337
0,7.458702342817663e-06
0,0.0
0,0.25976469917385936
0,0.0
0,0.0
0,0.26401036170650605
0,0.21201027660119082
0,0.16423219256503446
0,0.27484702026653623
0,0.29169780713644156
1,0.4814130346247864
0,0.19915525029295927
1,0.5743532027553431
0,0.0
1,0.3596394200674448
0,0.0
0,0.20956827048191248
0,0.22802075691642737
0,0.0013690476190476191
0,0.22191185216565695
0,7.458702342817663e-06
0,0.0
0,0.0
0,0.0
1,0.8687858541975508
0,0.0
0,0.0
0,0.00034079203567615097
0,0.0
0,0.0
0,0.0
0,0.0
1,0.6007315667315664
0,0.19983657009326092
0,0.20518630178552033
1,0.27221713555259697
0,7.458702342817663e-06
0,0.0
0,0.0
0,0.0
0,0.0
0,0.0
0,0.08147457106951472
0,0.15786353273370726
0,0.0
0,0.0
0,0.23562156597978523
0,0.18954977636623901
0,0.0
0,0.022080392778356935
0,0.1537357537886226
0,0.0125
0,0.0003333333333333333
0,0.0
0,0.22959120332226454
0,7.458702342817663e-06
0,0.0
0,0.0
0,0.0
0,1.6863406408094435e-05
0,0.0
0,0.2907764449965097
0,0.0
0,0.0054661601446673634
0,0.0
0,0.16044239914853528
0,0.19615140713133206
0,0.0
0,0.0
0,0.18550897056047272
1,0.18010880022117792
0,5.494505494505495e-05
0,0.0
0,0.0001450676982591876
0,0.0
1,0.42430614824703256
0,0.0
0,0.0029850746268656712
0,0.0
0,0.057530970733157376
0,0.0
0,0.0
0,0.0
0,0.0
0,0.0
0,0.08524177963920349
0,7.458702342817663e-06
0,0.0
0,0.22806779001669242
1,0.46869442138658834
0,2.0876826722338202e-05
0,0.0
0,7.458702342817663e-06
0,0.6767948186758713
0,0.0
0,0.2913399032927774
1,0.4037400095435311
1,0.5982311048971738
0,0.08014268533541224
0,0.0
0,0.0009187129392779645
0,0.33629721063345913
0,7.458702342817663e-06
0,0.21727935482297284
0,0.30469643875768687
0,0.1679414873247236
0,0.0
0,0.0
0,7.458702342817663e-06
0,0.0
1,0.31868402574994403
0,0.0
0,0.0
0,0.275483552143627
1,0.2889673148952738
0,0.21036138015410175
0,0.19718983102240134
0,0.0
0,0.0005576382380506092
0,0.0
0,0.0
0,0.0
0,0.0
0,0.0
0,0.4506888233252779
0,0.02
0,0.155933052591904
0,0.0
0,0.0
0,0.0
0,0.0
0,0.02620466687978454
0,0.0
0,0.007184537600046458
0,0.0
1,0.6535845738021606
0,0.0
0,0.0
0,0.0
0,0.28432445267788664
0,0.0
0,0.0
1,0.37533113879935054
0,0.0
0,0.0
0,0.0
0,0.3297740966716154
0,7.458702342817663e-06
0,0.4002912885476045
0,0.2339054173046237
0,0.2586526289326772
0,7.458702342817663e-06
0,0.21316888378275092
0,0.0
0,0.0
0,0.029613486760727645
0,0.20082407676999325
0,0.15784220418568226
0,7.458702342817663e-06
0,0.0
1,0.37376674713803465
0,0.19058146676248502
0,0.0
0,0.4752371327614825
0,0.0
0,0.04175687121832837
0,0.0
0,0.0
0,0.0
0,0.0
0,0.17302069225782762
0,0.0
0,7.458702342817663e-06
1,0.2986121944349591
0,0.0
0,0.0009090909090909091
0,0.0
0,7.458702342817663e-06
0,0.0
1,0.18859720760345444
0,0.20602474513780522
0,7.458702342817663e-06
0,7.458702342817663e-06
0,0.15965736606778747
0,0.12254470432722696
0,0.0
0,0.0
1,0.282743877787611
0,0.0
0,0.0
0,0.20761805043763396
0,7.458702342817663e-06
0,0.0
0,0.0
0,0.0
0,0.0293848168430878
0,0.0
0,0.0
0,0.0
0,0.0
1,0.26371185192914226
0,0.0
0,0.27373157587546637
0,0.0
0,7.458702342817663e-06
0,0.0
0,0.0058458143785719875
0,0.0
1,0.3079000460996249
0,0.0
1,0.37107445836627156
0,0.0
0,0.0
0,0.42042711769232777
0,0.0
0,0.0
0,0.0
0,0.0
0,0.0005969430002638617
0,0.3294311993620521
0,0.0
0,2.0876826722338202e-05
0,0.0
0,0.0
0,0.29431219725128926
0,0.005991073791322793
0,0.0
0,0.16605579027682485
0,0.0
0,0.44689482079110066
0,0.0
0,0.19314660476159554
0,0.0
0,0.0
0,0.0
0,0.2637825735774293
0,0.0
1,0.4605961691545676
0,0.0
0,0.0
0,0.0
0,0.0
0,0.0
1,0.4950941451079504
0,0.0
1,0.7648281635655604
0,0.2867270884010285
0,0.0
0,0.0
0,0.0
0,0.29094415374930754
1,0.1938105199477609
0,0.0
0,7.458702342817663e-06
0,0.0
1,0.2635678524254631
1,0.666822191628502
0,0.0
0,0.0
0,0.1957100965177367
0,0.0
0,0.0
0,0.18520960182118693
0,0.0
0,0.39985136930785287
0,0.0
1,0.2557920422889515
0,0.0
0,0.4079061533685633
0,0.0
0,0.0
1,0.14532707580762985
0,0.0
1,0.8347589163413605
0,0.0
0,0.37947971087915816
0,7.458702342817663e-06
1,0.6309509094643874
1,0.3000214645698342
0,2.0876826722338202e-05
0,0.0
0,0.19685377661475847
0,0.0
0,7.458702342817663e-06
0,0.0054661601446673634
0,0.0
0,0.0001388888888888889
0,0.07870115228856663
1,0.7802757149723993
0,0.0
0,0.15163706149710965
1,0.699756019936058
0,0.19909509660697144
0,0.2343971701186181
0,0.0
0,0.0
0,0.21424012133120346
0,0.0
0,0.231181782596383
0,0.0
0,0.0
0,0.17205595172707433
0,0.0
0,0.0
0,0.0
0,0.0
0,0.0
0,0.0
0,0.0
0,0.0
0,0.0
0,0.0
0,0.33887866227440006
0,0.0
0,0.0
0,0.0
0,0.0
0,0.0
0,0.0
0,0.28627643204195047
0,0.20137027410465524
0,0.14561660215464498
0,0.0
0,0.1764030332804337
0,0.25301026446687236
1,0.17815620840251878
0,0.0
0,0.0
1,0.158181893000104
0,0.0
0,0.33309800496999437
0,0.0
0,0.3791955216290258
0,0.18640636519355297
0,0.0
0,0.0
1,0.5797228141531731
1,0.49895444716881676
0,0.0
0,0.0
0,0.28195551817846976
0,0.3708273355855073
1,0.4503641849638845
0,0.0
0,0.0
0,0.0
0,0.0
0,7.458702342817663e-06
0,0.0
0,7.458702342817663e-06
0,0.0
1,0.4029182657718689
0,0.0
0,0.7076026280778592
0,0.0
0,0.26179844916536604
0,7.458702342817663e-06
0,0.0
0,7.458702342817663e-06
0,0.0
0,0.0
0,0.0
0,0.0
0,7.458702342817663e-06
0,0.0
0,0.0
0,0.0
0,0.0
0,0.0
0,0.0
0,0.0
0,0.0
0,0.09538503452059967
1,0.3957066048137724
0,0.0
0,0.0042603551765875115
0,0.0
0,0.3904915483459003
0,0.16418639134142132
0,0.0
0,0.0
0,0.0
0,0.0
0,0.0
0,0.0
0,0.0583099300769979
0,0.0
0,0.0
1,0.7870591843630862
0,0.0
0,0.0
0,0.0
0,7.458702342817663e-06
1,0.39203566424634284
0,0.33536606757918996
0,0.0
0,0.0
0,0.0
0,0.27549616101670643
1,0.3986211915328064
0,0.0
0,7.458702342817663e-06
0,0.1916959574071419
0,7.458702342817663e-06
0,0.13900114824900509
0,0.10690064886287683
0,0.20088810919275793
0,0.0
0,0.0
0,0.0
0,0.003579232513794529
0,0.23109099947474004
0,0.0
0,0.1539388320081431
0,0.21534989335868407
0,7.458702342817663e-06
0,0.0
0,0.0
0,0.0
0,0.15319729959087655
0,0.0
0,0.0
0,0.10067868931382509
0,0.0
1,0.21274428194894507
0,0.1592939509303164
0,0.1389188691079601
0,0.0
1,0.39337982732981447
0,0.0
1,0.5931016825815488
0,0.21067958489956828
0,0.25620202990541385
0,0.0
0,0.21385595884205488
0,0.0
0,0.2250876376967649
0,0.0
0,0.0
0,0.0
0,0.0
1,0.21199051535786256
0,0.19604283064430134
0,0.3749625524783999
0,0.14950814381399175
0,0.26064132650656774
0,0.31433483660711714
0,0.0
0,0.2615289405825938
0,0.0
0,0.24078485983688555
0,0.0
0,0.03147137677653524
0,0.0
0,0.0
0,2.8735632183908045e-05
0,0.0
0,0.0
0,0.0
0,0.03714788686405196
0,0.1951744290332351
0,2.8735632183908045e-05
0,0.19775630492861562
0,0.0
0,0.0
0,0.3031331617939624
1,0.8651655752685098
0,0.0
0,0.0
0,0.2022315297135311
1,0.15753169513802698
0,0.16921982224644125
0,2.0876826722338202e-05
0,7.458702342817663e-06
0,0.0
0,0.0
0,0.0
0,0.33537548142160156
0,0.14220294371250455
0,0.0
0,0.0
0,0.17348379560498298
0,0.0
0,0.5917722060074347
0,0.0
0,0.2362439879903252
0,0.0007434348232709351
0,0.0
0,0.005
0,0.0
0,0.0
0,0.0
0,7.458702342817663e-06
0,0.0
0,0.0
0,0.0
0,0.1342825235531812
0,0.1655065196910558
0,0.0
0,0.17842692451573147
0,0.17784219997010486
0,0.1639784163970489
0,0.053836989951075276
0,0.0
0,0.0
0,0.0
1,0.17412697491113321
1,0.6341577420847131
0,0.3686412818949649
0,0.0
0,0.0
1,0.21601703792147695
1,0.2642018854803487
0,0.31105567057059774
0,0.0
0,0.23748338634818061
0,0.0
0,0.21170039887211092
0,0.0
0,0.24288021678358745
0,0.0
0,0.0
0,0.173165660217855
1,0.1335082314055814
0,0.0
0,0.0
0,0.0
0,0.0
0,0.5864172638888465
0,0.0
0,0.18610394664619342
0,0.018944263295875195
0,0.190420524896359
0,0.0
0,0.0
0,0.0
1,0.19182349005129173
0,0.2719892887179607
0,0.022088698327677517
0,0.0
0,7.458702342817663e-06
0,0.0
0,0.0
1,0.5157078258818505
0,0.0
0,0.0
0,0.1743294044275596
0,0.23948833567661118
0,0.0
0,0.0
0,0.0
0,0.0
0,0.0
0,0.0
0,7.458702342817663e-06
0,0.0
0,0.17016626316359637
0,0.0
0,0.05352428818186799
0,2.0876826722338202e-05
0,0.0
0,0.1552953828493786
0,0.19128017893408422
0,0.0
0,0.0
0,0.12966830003406793
1,0.39710550468288003
0,0.0
0,0.029655137981231598
0,0.27137180619080964
0,0.0
0,7.458702342817663e-06
0,0.0
0,0.0
0,0.0
0,2.9585798816568047e-05
0,0.0
0,0.0
0,0.5224312238981562
1,0.2889663663047077
0,0.3352221161193836
0,0.0
0,0.0011975705205532145
0,0.0
0,0.2129854677107824
0,0.0
0,0.30436237474871897
0,0.13088233939818947
0,0.0
0,0.01935744616302601
0,0.0
0,0.2550964583336961
1,0.9767529013539652
1,0.058278989556706386
0,0.1615223910079709
0,0.3484760297193343
0,0.3954650273510111
0,7.458702342817663e-06
0,0.0
1,0.3797383283557137
0,0.0
0,0.16328686167912884
0,0.0
0,0.16224809587218117
0,7.458702342817663e-06
0,0.03667545123659854
1,0.2411268033403914
0,0.1856922857259061
0,7.458702342817663e-06
0,0.0
0,0.0
0,0.1387391468469421
0,0.0
0,0.0
1,0.3726445723619829
0,0.17498872862772683
0,2.9585798816568047e-05
0,0.0
1,0.31596893419233235
0,0.9889169858941057
0,0.18059835532787272
0,0.15707595573830166
0,0.2643115858645357
0,0.00010739265431895795
0,0.0
0,0.0010654150942801413
0,7.458702342817663e-06
0,0.0
0,0.0
0,8.759043918779774e-05
0,0.0
0,0.19741594608739074
0,0.011472081936289876
0,0.0
0,0.0
0,0.0
0,0.0014015151515151514
0,0.1929393216542666
0,0.0
0,0.0
0,0.0009187129392779645
0,0.005208333333333334
0,0.0
0,0.0
0,0.0
1,0.08648386793395661
0,0.0786965748996716
0,0.0
1,0.551202063747267
0,0.0
0,0.0
0,0.0
0,7.458702342817663e-06
0,0.13263149744591154
0,0.32858104492243206
0,0.2730437796864932
1,0.491280473812577
0,1.6863406408094435e-05
0,0.0
0,0.27893020775084093
0,0.08978551922653015
0,0.2103058286272601
0,0.0
0,0.0
0,0.27215975623600674
0,0.0011061344956791836
0,0.0
0,0.25696345108573315
0,0.0
0,0.0
0,0.0
0,0.0
0,0.28553467513987335
0,0.0
0,0.0
0,0.0
0,0.003995494586677743
1,0.6799059520164499
0,0.0006263527909261533
0,0.0
0,0.17733974784798215
0,0.0
0,0.15424740127699763
0,0.0
1,0.29034697875335463
1,0.49539933985682116
0,0.0
1,0.4457808249002612
0,0.0
0,0.361064787445387
0,0.2691488765050355
0,0.17226332182790344
0,0.15372716492574603
0,0.0
0,0.27533841888019106
0,0.0
0,0.0003508639737396444
0,0.0
1,0.8555064159049778
0,0.3397414837619184
0,0.0
1,0.3732787508908803
0,0.0
0,0.0014389920424403182
0,0.0
0,0.0
0,0.0
0,0.0
0,0.0
0,0.2282560021363996
0,0.2215656775743809
0,0.0
0,0.29540151247377927
0,0.005340792035676151
0,0.0
0,0.0
0,0.0
0,0.2835291616544579
0,0.39244300096503176
0,0.0
0,0.0
0,7.458702342817663e-06
0,1.6863406408094435e-05
0,0.0
0,0.0
0,0.0
0,2.0876826722338202e-05
0,0.033094526517109736
0,0.0
0,0.0
0,0.0
0,0.0
1,0.39192486416738276
0,0.19442400819317027
0,0.22860554598368357
0,0.0
0,0.0
0,0.33068241388121883
0,0.0
0,0.0
0,0.010862407310086017
0,0.0
0,0.34128487889769105
0,7.458702342817663e-06
0,0.0
0,0.29158792411213164
0,0.0
0,0.0
0,0.0
0,0.0
0,0.015016293996010583
0,0.0
0,0.00020113199919142912
0,0.0
0,0.0
0,7.458702342817663e-06
0,0.16303317973179307
0,0.0
0,0.10255397400925148
0,0.0
0,0.0
0,0.0
1,0.38470175460972444
0,0.0
0,0.22258456069487997
1,0.5846062469649003
0,0.00011415525114155251
0,0.22951654066394295
0,0.27354155932347923
0,0.0
1,0.989371531348651
0,0.0
0,0.42028953620844994
0,0.380026324666671
1,0.14995826994102354
0,7.458702342817663e-06
0,0.5300114609660247
0,0.0
0,7.458702342817663e-06
0,0.0
0,0.0
0,0.0
0,0.2363660308480911
0,0.29323401829360163
0,0.0
0,0.0
0,0.18866023929639064
1,0.6099627494081856
0,0.0
0,0.0
0,0.0
0,0.21597052680706144
0,0.0
0,0.0
1,0.2030184159890856
0,0.004871549158719997
0,0.13509646055222013
0,0.11669928356770738
0,0.0
0,0.1540698009250424
0,0.0
0,0.0
0,0.3431445883991097
0,0.15029479528332323
0,0.0
0,0.19484630042989173
0,0.21005193453804197
0,0.0
0,0.0
0,0.0
0,0.0
0,2.5906735751295337e-05
0,0.23772146412893622
0,0.0
0,0.0
0,0.23128204401042005
0,0.0
0,0.24403445233424667
0,0.0
0,0.0
0,0.005
0,0.00018867924528301886
0,0.18119194182978585
0,7.458702342817663e-06
0,0.04588078359666949
0,2.8735632183908045e-05
1,0.4416447423630781
0,0.00025
1,0.2896925722665123
1,0.3465977129591937
0,7.458702342817663e-06
0,0.0
0,0.18833829539325564
0,0.011977759957563758
0,0.013843840900139277
0,0.0
0,0.1878260975849734
0,0.02348466130122855
1,0.38514209207639916
0,0.0
0,0.11828008054845185
0,0.0
0,0.0
0,7.458702342817663e-06
0,0.14305764576734953
0,2.9585798816568047e-05
0,0.0
0,0.004838525391780665
0,0.32346655486026366
0,0.13316593448475658
1,0.3647180439194627
0,0.0036262969340541584
0,0.3350060678970728
0,0.28244655097423776
0,0.0
0,0.0
0,0.0
1,0.39212931836869663
0,0.3184491681845736
0,0.3291688717074087
0,7.458702342817663e-06
0,0.12901318964521302
0,0.017945063078488456
0,0.0
0,0.1604427542951387
1,0.4293142471073175
0,0.0
0,0.0
0,0.0
0,0.0
0,0.0
0,0.0
0,0.0
1,0.16804919177377325
0,7.458702342817663e-06
0,0.0
0,0.0
0,0.36150525490218804
0,0.0
0,0.23167931781540818
0,7.458702342817663e-06
0,0.20566008425080765
0,0.3735928383333391
0,0.00011415525114155251
0,0.12686788280934397
0,0.0
0,1.6863406408094435e-05
0,0.0
1,0.3124314509406312
0,0.0
0,7.458702342817663e-06
0,0.005673710901669491
0,0.00017857142857142857
0,0.0
0,0.15446829377769003
0,7.458702342817663e-06
0,0.0
0,0.15469452333205014
0,7.458702342817663e-06
1,0.28312806488865194
0,0.0
0,0.057359013827174676
0,0.0
0,0.0
0,0.0
0,0.0
0,0.0029850746268656712
0,0.0
0,0.17816224802813674
1,0.4142227663249085
0,0.1379347051878083
0,0.0
0,0.025964905510853457
0,0.0
0,0.27389289444556475
0,0.0
0,0.217712221265049
0,0.0
1,0.9228411805735529
0,0.2037499740604817
0,0.0
0,0.0
0,0.0
1,0.6234849325175056
0,0.29298055049162314
0,7.458702342817663e-06
0,0.2181744267410139
0,0.0
1,0.7461690654529235
0,0.0
0,0.3898063142373134
0,0.17581447708132264
0,0.0
0,0.0
0,7.458702342817663e-06
0,0.0
0,0.20606691483709516
0,0.0
0,0.0
0,0.36389668199920794
1,0.1981815465171644
1,0.2954293592059999
0,0.0
0,0.3409058959069536
0,0.0
0,0.0
0,0.0
0,7.458702342817663e-06
0,0.0
0,0.0011971830985915493
0,0.0
0,0.0
0,0.0
0,2.8735632183908045e-05
0,0.29968074448307463
0,0.3892814567873842
0,0.0
0,0.22473746859273622
1,0.6930481920042674
0,1.3010668748373666e-06
0,0.25933860584415497
0,0.18011478154371705
0,0.0
0,0.0
0,0.15167931477273217
0,0.0
0,0.012826977811517362
0,0.0003508639737396444
1,0.25116240264669687
0,0.0
0,0.22633645028065733
0,0.0
0,0.0
0,0.3367548730422583
0,0.0
0,0.0
1,0.1878279799751949
0,0.0
0,0.551647468158133
0,0.4181658037401128
0,0.0
0,0.0
0,0.0
0,0.0
1,0.41225257530916504
0,0.0
0,0.1560147095269852
0,0.39857345385758414
0,0.0
0,0.0
0,0.0
0,0.0
0,0.0
0,0.0
0,0.0
0,0.0
0,0.0
0,0.0
0,0.0
0,0.0
0,0.0
0,0.0
0,0.0
0,0.0
0,0.0
0,0.0
0,0.0
0,0.177221220350522
0,0.4508043290552922
0,0.005
0,0.0
0,0.0
0,0.0
0,0.23076398934731762
0,0.0
0,0.0
1,0.5230945391873542
0,0.0
0,0.0
0,0.0
0,0.0
0,0.0
0,2.0876826722338202e-05
0,0.2950515180419121
0,0.0
0,0.0
1,0.3513149466026011
0,0.0
0,0.0005576382380506092
0,0.0
0,0.0
0,0.0
1,0.30289776218052383
1,0.395496804472049
0,0.2619948225248843
0,0.0
0,0.0
0,0.0
0,7.458702342817663e-06
1,0.5716353106202605
0,7.458702342817663e-06
1,0.33030834321674907
0,0.0
0,0.32250844607208046
0,0.23163898338144592
1,0.37847480948428724
0,0.0
0,0.19008398190320164
0,0.0
1,0.9202630785732326
0,0.15905819671193652
0,0.0
0,0.0
0,0.12685497592000716
0,0.4661348879909187
1,0.3674713208255433
0,0.0
0,0.12981117103710185
0,0.20381583179098275
0,0.0
0,0.19143328997307854
0,0.0
0,0.23286957800201338
0,0.0
1,0.3665189714742336
0,0.09744029526220599
0,7.458702342817663e-06
0,0.23259721625461915
0,0.0
1,0.989371531348651
1,0.25107753663019033
0,0.42096823330531963
0,0.0
0,7.458702342817663e-06
1,0.20365182703820492
0,0.27745304394821035
0,7.458702342817663e-06
0,0.0
0,0.0
0,0.0
0,0.07725527700484691
0,7.458702342817663e-06
0,0.0
0,0.0
1,0.3444997792414628
0,0.43170617053077465
0,0.0
0,0.0
0,0.0
0,0.0
0,0.0
0,0.23136333006926932
0,0.0
0,0.0
0,0.0
0,0.29110295033376277
0,0.0
0,0.0
0,0.2748065514460986
0,0.00011415525114155251
0,0.00018867924528301886
0,7.458702342817663e-06
0,0.0
1,0.3368321996447714
0,0.0
0,0.0
1,0.6528578372777106
0,0.0
0,0.09636741416075814
0,0.3135712313071711
0,0.0
0,0.0
0,0.0
0,0.0
0,0.0
0,0.0
0,0.0
0,0.17749030745637132
0,0.199959734979185
1,0.3976160924729537
0,0.0
0,0.0
0,0.0
0,0.0
1,0.4538214315415265
0,0.0
0,0.0
0,0.0
1,0.2425878148611842
1,0.19151985961433954
0,0.0
0,0.0
0,2.0876826722338202e-05
0,0.0
0,0.254841162576818
1,0.7858137747559176
0,0.0
0,0.0007434348232709351
0,0.0
0,0.00340623624343147
0,0.2754023614341582
0,0.16630591739820855
0,0.14975138503542312
0,0.3795896713633012
0,0.0
0,0.25768093863100267
0,0.0
0,0.0
0,7.458702342817663e-06
0,0.0
0,0.0
0,0.0
0,0.36829571944994677
0,0.0
0,0.0
1,0.26477457169845
0,0.0
0,0.0
0,0.24685006047607047
0,0.512643804327224
0,0.3382265519643439
0,0.0
0,0.0
0,0.0
0,0.0
0,0.0
0,0.0
0,0.34040970996859765
0,0.0
0,0.0
0,0.0
0,0.260603102982723
0,0.32213445096244997
0,0.0
0,0.0
0,0.0
0,0.0
0,0.0
0,0.1439967022745594
0,0.0
0,0.0
0,0.4021619504673831
0,0.0
0,0.0009187129392779645
0,7.458702342817663e-06
0,0.0
0,0.0
1,0.43895987688460686
0,0.0
0,0.0
0,0.01989872408931904
0,0.021121212121212124
0,0.2184354217971672
0,0.04291171918944303
0,0.22203007986042778
0,0.2775346502369824
0,0.0
0,0.0
0,0.0
0,0.0
0,0.0
0,0.0
0,0.0
0,0.0
0,0.0
0,0.3157526364625531
0,0.0
0,0.0
0,7.458702342817663e-06
0,0.0
0,0.0
0,0.3613308411229113
0,0.3808945464704114
0,0.0
0,0.0
0,0.0
1,0.19051225556470502
0,0.0
0,2.0876826722338202e-05
0,0.3356536094617625
0,0.0
0,0.0
0,0.005030833084088357
0,7.458702342817663e-06
0,0.0
0,0.15074093515969017
1,0.3445642555263925
0,0.0
0,0.0
0,0.0
0,0.07146293298979901
0,0.0
0,0.24519861389910322
0,0.0047267103532534285
0,0.15555235454880398
0,0.0
0,0.0
0,0.0
0,0.26012661283285443
0,0.0
0,0.0
0,0.3976372567013339
0,0.0
0,0.00025351138600495315
0,0.0
0,0.3507004151048336
0,0.0
0,0.0
0,0.0001450676982591876
0,0.0
0,0.16292203137911684
0,0.44553685664851383
0,0.0
0,0.0
0,0.0
0,0.0
0,0.0
0,0.3404933006756692
0,2.9585798816568047e-05
0,0.0
0,0.005
0,0.24369752719492613
0,0.0
1,0.45261580082448466
1,0.3512608385242651
0,0.14528504823966495
0,0.2819339556800685
1,0.5201716336204111
0,7.458702342817663e-06
0,0.21307605570807778
0,0.0
0,0.0
0,0.0
0,0.0
0,0.003676271752334417
0,0.0
0,0.007727272727272727
0,0.17200171785365787
0,0.17546549456209984
0,0.001628987524745186
0,0.0
0,0.0
0,2.0876826722338202e-05
0,0.0
0,0.0
1,0.5702732527605877
0,0.0
0,0.0
0,0.00020113199919142912
1,0.17529507359595164
0,0.13997834479118787
0,0.0
0,0.0
0,0.0
0,0.0
0,7.458702342817663e-06
1,0.38560007905057087
1,0.3272428835036477
0,0.18043160077153964
0,0.0
1,0.464126865210675
0,0.0
1,0.2649209398051645
0,0.0
0,0.0
0,2.0876826722338202e-05
0,0.0
0,0.0
0,0.0
0,0.17064377817158974
0,0.0
0,0.001628987524745186
0,0.0
0,0.19230459252873305
0,0.0
0,0.0
0,0.0
0,7.458702342817663e-06
1,0.8088324556011511
0,0.13269267758628886
0,0.0
0,0.0
0,0.0008554218000374584
0,0.0
0,0.261992672285616
0,7.458702342817663e-06
0,0.3399484455517796
0,7.458702342817663e-06
0,0.0
0,0.0
0,0.1332808421188495
0,0.0
0,0.0
0,0.0
1,0.6303685357060138
0,7.458702342817663e-06
0,0.0
0,0.40413616572500316
0,0.0
1,0.41250689218393805
0,0.3606657136220234
0,7.458702342817663e-06
0,0.0
0,0.018944263295875195
0,0.1661641560777852
0,0.0
0,0.0
0,0.177589676974287
0,0.44502385565176966
0,0.0
0,7.458702342817663e-06
0,0.0
0,0.0
0,0.0
0,0.0
0,0.0
0,0.30821186149441326
0,0.13126417092596437
0,0.0
0,0.0
0,7.458702342817663e-06
0,0.21369857610456663
0,0.0
0,0.0
0,0.0
0,0.0
0,0.0
0,0.0
0,0.22459411928649142
0,0.0
0,0.00018867924528301886
0,0.06215578737695182
0,0.0
1,0.6602837087735252
0,0.0
0,0.07237029159540198
0,0.0
0,0.1552941129746714
0,0.15681237715414809
0,0.0
0,0.05863072601218648
0,0.30030565480126614
0,0.0
0,0.0
0,0.0
0,0.0
0,0.04974641328627158
0,0.0
0,0.17647610824693116
0,0.0
0,0.0
0,0.5393308849701054
0,0.0
0,0.0
1,0.31922560169874237
0,0.0
0,0.0
1,0.19751382424039296
0,0.1197379653461863
0,0.0
0,7.458702342817663e-06
0,0.0007434348232709351
0,0.0
0,0.2595199590606151
0,0.0
0,0.0
0,0.0
1,0.5313122843295037
0,0.0
0,7.458702342817663e-06
1,0.7539895545261838
0,0.0
0,0.23917564399334265
0,0.26314146083955564
0,0.0
0,0.16998799182435373
0,0.0
0,0.5567569065100321
0,0.17990867484476816
0,0.13932109505761064
0,0.49114193429512715
0,0.0
0,0.33815181313234105
0,0.2295123855316439
0,0.25185506998123
0,0.0
0,0.00017050218060368723
0,0.0
0,0.015092308947367447
0,0.0
0,0.0001388888888888889
0,0.0
0,7.458702342817663e-06
0,0.0
0,0.0
0,7.458702342817663e-06
0,0.27286699201221587
0,0.0
0,0.20911521090709745
0,0.0
0,0.0
0,0.0
0,0.0
0,0.2123034660497548
0,0.0
0,0.15761683392005002
0,0.03192849873779194
0,7.458702342817663e-06
0,0.18673894591793994
0,7.458702342817663e-06
0,0.0
0,7.458702342817663e-06
0,0.0
0,0.1743690617028609
0,0.28247878061824283
0,0.0
0,1.6863406408094435e-05
0,0.15066045043551715
0,0.0
0,0.0
0,0.0
0,0.4176795903285584
0,0.0
0,0.032181453770705276
0,0.0
0,0.1684727463596413
0,0.0
0,0.0
1,0.266422827841291
1,0.4349747362222302
1,0.18424754555630432
0,0.0
0,0.18062689614972688
0,0.006509198924537694
0,0.0
0,0.0
1,0.4471624428626418
0,0.3033328231673081
0,0.0
0,0.0
0,0.0
0,0.3669143456122335
0,0.19936218787400414
0,0.006250378137001428
0,0.0
0,0.28790898410634536
0,0.0
0,7.458702342817663e-06
0,0.0
0,0.0
0,0.0
0,0.0
0,0.0
0,0.0
0,0.0
1,0.3256526925826272
0,0.0
0,0.0
0,7.458702342817663e-06
0,0.0
0,0.3450317105615903
1,0.41099450888210826
0,0.0
0,0.013356331126035395
0,0.0
0,0.0
0,0.0
0,0.0
1,0.3764780980581259
0,0.2507942927512689
1,0.989371531348651
0,0.0
0,0.0
0,0.0
1,0.5425596998074222
0,0.0
0,0.0012745098039215685
0,0.0
1,0.5332899802416324
0,0.0
0,0.0
0,0.37817819286878673
0,0.0
0,0.14299421274313023
0,0.044986794396414516
1,0.3912068354140895
0,0.24205003131138128
0,0.0
0,0.21357567066073269
0,0.0
0,0.0
0,1.3010668748373666e-06
0,0.0
0,0.0
0,0.0
0,0.17524709014928963
0,7.458702342817663e-06
0,0.22807948691707097
0,0.0
0,0.0
0,0.0
0,0.0
1,0.2233352399045167
0,0.0
0,0.0
0,0.0
0,0.0
0,0.004691786133716389
0,0.0
0,0.21100124694972996
0,0.0
0,0.005
1,0.2457727926063265
0,0.005
1,0.4164283985951737
0,0.0
0,0.17481978326591513
0,0.15246604883062423
0,0.0
0,0.0
0,0.20535166818393313
0,0.0
0,0.0
1,0.21708138184409376
0,0.0
0,0.0
0,0.0
0,0.0
0,0.1921978284444326
0,0.0
0,0.0
0,0.0
0,0.0
0,0.0
0,0.42294930651802054
0,0.28926797444311975
0,0.0829506757110088
0,0.0
0,0.1645860452893333
0,0.0
1,0.2191652043845978
0,0.4307675889985867
0,0.0
0,0.0
0,0.20719255236250564
0,0.0
0,0.0
0,0.0
0,0.26205537805311424
0,0.0
0,0.18588748896138407
0,0.0
0,0.0
0,0.3071025066622038
0,0.0
0,0.1408078579249555
0,0.0
0,0.0
0,0.1874305103347766
0,7.458702342817663e-06
0,0.0
0,0.0
0,7.458702342817663e-06
0,0.0
0,0.3332914299841383
0,0.0
0,0.0
0,0.0
0,0.0
0,0.0
0,0.0
0,0.07016933138265163
0,0.0008945221817562242
0,0.0001450676982591876
0,0.0
0,0.0
1,0.23625504435785036
0,0.0
0,0.17275024766298158
0,0.22623862020923366
0,0.0
0,0.0
0,0.0
0,0.7486258702575371
0,0.0
0,0.0
0,7.458702342817663e-06
0,0.0
0,0.0
0,0.0
0,0.0
0,0.0
0,0.0
0,0.0
0,0.0
0,0.00017241379310344826
0,0.0
0,0.0
0,0.16399453697360616
0,0.0
0,0.0
0,0.0
0,0.0
0,0.0
0,0.0
0,0.4283878119675738
0,0.0
0,0.0
0,2.0876826722338202e-05
0,0.0
0,0.24206522947525042
0,0.0
0,0.0
0,0.09544913833642227
0,0.0
1,0.33620165227129567
0,0.0
0,0.15188475027269718
0,0.0
0,0.0
0,0.0
0,0.07586337905511804
0,0.1389205053195605
0,0.08345144911822153
0,0.196950645648662
0,0.238034736026624
0,0.0
0,0.04616730934192171
0,7.458702342817663e-06
0,0.25550371192080074
0,0.0
0,0.30706107432644314
0,0.0
0,0.1636261023403395
0,0.0
0,7.458702342817663e-06
0,0.0
0,0.0
0,0.23552889043961522
0,0.21736609877073343
0,0.00018018018018018018
0,0.18482242919595732
0,0.3091375349789217
0,0.3068919567549749
0,0.053550929918344516
0,0.0
0,0.21919914523282155
0,0.0003508639737396444
0,0.0
0,0.0
0,0.07476304273064194
0,0.0
1,0.14164153704860094
0,0.0
0,0.02
0,7.458702342817663e-06
0,0.0
0,0.18056689676290869
1,0.3091440929802102
0,0.0
0,0.23221148970798808
0,0.0
0,0.0
1,0.3589742377220755
0,0.0
1,0.4169715681103312
0,0.0
0,0.0
0,0.0
0,0.0
0,0.23305378350175038
0,0.01810842599871682
0,0.0
0,0.0
0,0.0
0,0.0
0,0.0
0,0.21059478939952936
0,0.0
0,0.14618661740575303
0,0.140544418336481
0,0.0
0,0.0
0,7.458702342817663e-06
0,0.0
0,0.0
0,0.0
0,0.0
0,0.23566468469285792
0,0.32712289270096434
0,0.0
0,0.0
0,7.458702342817663e-06
0,7.458702342817663e-06
1,0.5466429206169855
0,0.30711226517623347
0,0.0
0,0.0
0,0.0
0,0.0
0,0.0
0,0.05235141719355354
0,0.0
0,0.0
0,0.052212472328740794
0,0.08852426820880624
0,0.0
0,0.0
0,0.0
1,0.46910442345950243
0,0.0
0,0.0
1,0.1435422570187767
0,0.0
0,0.0
0,7.458702342817663e-06
0,0.0
0,0.0
0,0.0
0,0.0
0,0.0
0,0.0
0,0.0
0,0.24583114600764108
1,0.28983274399473413
0,0.0
0,0.0
0,0.0
0,0.0
0,0.0
0,0.0
0,0.0
0,0.32975738887672174
0,0.0
0,0.07274130758990249
0,0.0
0,0.0
0,0.26434836405092066
0,7.458702342817663e-06
0,0.0
0,0.14688737689079467
0,0.0
0,0.0
0,0.0
0,1.6863406408094435e-05
0,0.0
0,0.334267688829137
0,0.0
0,0.0
0,0.0
0,0.0
0,0.1826932327073835
1,0.17667920282533256
1,0.3447428353339068
0,1.6863406408094435e-05
0,0.0
0,0.23872538239301425
0,0.0
0,0.0
0,0.070426446804179
1,0.27848996933791953
0,0.0
0,0.0
0,0.0009870326073272064
0,7.458702342817663e-06
0,1.6863406408094435e-05
0,0.0
0,7.458702342817663e-06
0,0.15183311865943466
0,0.0
0,0.0
0,0.0
0,0.0
0,0.00018018018018018018
0,0.0
0,0.0
0,0.0
0,0.0
0,0.005291549611433727
0,0.039341835280882934
0,0.0
0,0.1517470129391508
0,0.0
0,0.17957826515764264
0,0.123723305114102
0,0.0
0,0.0
0,0.0
0,0.0
0,0.0
0,0.2243858217806677
0,0.0
0,0.33154189236922255
0,0.0
0,0.2187888629582412
0,0.0
0,0.0
0,0.3219879079377186
0,0.0
1,0.6458794467882062
0,7.458702342817663e-06
0,0.28828930991150353
0,0.0
0,0.0
1,0.5667190664293674
0,0.0
0,0.0
0,0.1917376652836788
0,0.0
0,0.0
0,0.0
0,0.0
0,0.17533726022137844
0,0.0
0,0.2832940281148472
0,7.458702342817663e-06
0,0.0
0,0.0
0,0.0
0,0.0
0,0.3390675131740526
0,0.2389120908479905
0,0.1891839053026261
0,0.0
1,0.398627485653129
0,0.0
0,0.0
0,0.2301415152230686
0,0.3401215162452747
0,0.0
0,7.458702342817663e-06
0,0.08663553222468114
0,0.00030778811257615806
0,2.0876826722338202e-05
0,0.0
0,0.0
0,0.04716489410429258
0,0.0
0,0.0
0,0.0
0,0.0
0,0.0
0,0.0
0,0.11550091169256302
0,0.0
0,0.355701279909779
0,0.3633314662556626
0,0.0
0,0.0
0,0.17135863379783603
0,0.0
0,0.0
0,0.0
0,0.0
0,0.1570582951757465
0,0.0
0,2.8735632183908045e-05
0,0.0
0,0.2518893856431411
1,0.3647180439194627
0,0.0
0,0.22397788798832302
1,0.7028549665769728
0,0.0
0,0.0
0,0.014921426524526587
0,0.13301237815609393
0,0.0
0,0.0
0,0.15389081768531784
0,0.0
0,0.37242395542771833
0,0.376652718757664
1,0.26052552234236065
0,0.0
0,0.022666802219292178
0,0.41889593144183435
0,0.0
1,0.3109707046668769
0,0.0
1,0.30057555731958185
0,0.0
0,0.0
0,0.17166990707631694
0,0.0
0,0.0
0,0.16850951502917172
0,0.0
0,0.0
0,0.18039778636035111
0,0.40312972084473836
0,0.005
0,0.12776616515846745
1,0.21732489963061233
0,0.18458489960497773
0,0.0
0,0.14810793015416363
0,0.0
0,0.07500839673787137
0,0.004580635592103018
0,0.21602048219075307
0,0.0
0,0.0
0,0.03737455365080483
0,0.0
0,0.0
0,0.25504869928689344
0,0.0
0,0.0
0,0.0
0,0.0
0,1.6863406408094435e-05
0,0.0
0,2.0876826722338202e-05
0,0.22017105786955088
0,0.3299959439043228
0,0.0
0,0.3804948046911376
0,0.08173558048110563
0,0.0
0,0.18212447647227237
0,0.0
0,0.32161306493876085
0,0.0
0,0.0
0,0.0
0,0.0
0,0.0
0,0.0
0,0.0
0,7.458702342817663e-06
0,2.0876826722338202e-05
0,0.0
0,0.0
0,0.0
0,0.0
0,0.0
1,0.2746428066301113
0,0.0
0,0.0
0,0.0
0,0.3100479921039516
0,0.24512807305499115
0,0.0
0,0.2902230253327337
0,0.0
0,0.033891271388345
0,0.0
0,0.0
0,0.0
0,0.0
0,0.0
0,7.458702342817663e-06
0,0.2667027616975509
0,0.14482093444408617
0,0.2076647092465098
0,0.18312958593535866
0,0.0
0,9.052924791086351e-05
0,0.179425204585889
0,0.0
1,0.18920342527456607
0,0.0
1,0.1586778499087645
1,0.18258635656170713
0,0.3226358504428552
0,0.0
0,0.0
0,0.0
0,0.0
0,0.0
0,0.0
0,0.1713260061079872
1,0.6497223428486703
0,6.546334271404736e-05
1,0.19229552762788568
0,0.0
0,0.19358964574228266
0,0.0
0,0.00018867924528301886
0,0.0
0,0.00018867924528301886
0,0.0
0,0.08316404162958292
0,0.0
0,0.0
0,0.0
0,0.0
0,0.0
0,0.0
0,0.0
0,0.158160800332727
0,0.00012121212121212121
0,0.0
0,0.0
0,0.0
0,0.0
0,0.001954225352112676
0,0.00011415525114155251
0,0.0
0,0.3294596842057548
0,0.0
0,0.023582345781055808
0,0.2897540904214075
0,0.0
0,7.458702342817663e-06
0,0.0
0,0.07337367031078433
0,0.0
0,0.11034095100841539
0,0.0
1,0.5161932326632066
0,0.0
1,0.21831063504125242
0,0.0
0,0.24429315406792504
0,0.29517025732440283
0,0.0
0,0.0
0,0.24284360810062966
0,0.0
0,0.19842598064201408
1,0.4476188172106831
0,0.0
0,0.2221625834716286
0,0.0
0,0.0
0,0.10714625741022869
1,0.20066989441636818
0,0.19970028188785083
0,0.36017081666467443
0,0.0
0,0.0
1,0.6893059001353347
0,0.0
0,0.008288116872122742
0,0.276914645533804
0,0.4021329925454546
0,0.3073259141984632
0,0.0
0,0.16227783146502422
0,0.0
0,0.0
0,0.0
0,0.0
0,0.0
0,0.0
0,0.0
0,0.0
0,0.0
0,0.0
0,0.0
0,7.458702342817663e-06
0,7.458702342817663e-06
1,0.8232116590454058
0,0.0
0,0.2741054157336153
0,0.5183079686137595
0,0.0
0,0.16699772148227882
0,0.0
0,0.0
0,0.0
0,0.33649563808370325
0,0.056239346909189865
0,0.44080213531385043
0,0.0
0,0.0
0,0.0
0,0.2096973605193175
0,0.0
0,0.0
0,0.015136604532995503
0,0.006509198924537694
0,0.0
0,0.3028090759327979
0,0.1692670178596333
0,0.0
0,0.0
0,0.0
0,0.18427979528655114
0,0.005
0,0.0
1,0.48585503466461993
0,0.0
0,0.3465476885214315
0,0.29848692815831884
0,0.1969069993150077
0,0.0
0,0.2663646599718213
1,0.32388853822155766
0,0.1952288225150839
0,0.059927781706729036
0,7.458702342817663e-06
0,0.25550719704939195
0,0.3244239548868075
0,0.0
0,0.0
0,0.0
0,0.18778253360544284
1,0.8056685940847939
0,0.0
0,0.0
0,0.04929489742355817
0,0.0
0,0.17107692932588006
1,0.26049329253399334
0,0.0
0,0.3246615125998795
0,0.0
0,0.0
0,0.0
0,0.22755282865772714
0,0.0
1,0.3646785662355558
0,0.2513817066025242
0,0.0
0,0.0
0,0.22748295074419805
0,0.29762105684496665
0,0.19963648263100622
1,0.4599793341255052
0,0.0
1,0.8970749489595157
0,0.0
0,0.00020113199919142912
0,0.0
0,0.0
0,0.3154542085476064
0,0.0
0,0.0
0,0.0
0,0.0
0,0.0
1,0.16143991350975792
0,0.0
0,0.18605210011393228
0,0.0
0,0.19327084343153925
0,0.1599290064387484
0,0.0
0,0.0
0,0.13337304552376666
0,0.0
0,0.0
0,0.0
0,0.0
0,0.1772995564799139
0,0.0
0,0.0
0,0.0
0,0.0
0,0.4174522414744874
0,0.00011415525114155251
0,0.0
0,0.3104516054325322
0,0.0
0,0.2378033115426409
0,0.0
0,0.0
0,0.18496563143630648
0,0.0
0,0.4550048956293186
0,0.0
0,0.003676271752334417
0,0.0
1,0.2513665556743392
0,0.0
0,0.3139338359478661
0,0.0
0,0.15881620141183939
0,0.0
0,0.0
0,0.0
0,0.0
0,0.0
1,0.6598011305209834
1,0.17220324744773122
1,0.7090699483679376
0,0.21337207300828775
0,0.0
0,0.0
0,0.34721860487075196
0,0.0
0,0.0
0,7.458702342817663e-06
0,0.0
0,7.458702342817663e-06
0,0.0
0,0.18724289576606737
0,0.33562876862244223
0,0.0
0,7.458702342817663e-06
0,0.0
0,0.0
0,0.10317408751949916
0,7.458702342817663e-06
0,0.003937494189484227
1,0.37879426251089
0,0.27167176239567525
0,0.16843420011506505
0,0.1736396933622034
0,0.0
0,0.0
0,0.6345226612117962
0,0.0
1,0.5107333461165348
0,7.458702342817663e-06
0,0.0
1,0.31479411852212585
0,0.0
0,0.24020067844815324
0,0.0
0,0.0
0,0.0676976865369645
0,0.0
0,0.24993608094648365
0,0.19652366624971707
0,0.0
0,0.0
0,0.1847417202275356
0,0.0
0,0.07603652625089845
0,0.0
0,0.0
0,7.458702342817663e-06
0,0.0593082778798512
0,0.0
0,0.0
0,0.2479795506832189
1,0.33723850039613323
0,0.14691314426046748
0,0.2520930341776919
0,0.0
0,0.0
0,0.0
0,0.5909027329221987
0,0.0
0,0.20815320949410474
0,0.0
0,0.0
0,0.12872948544747068
0,0.0
0,0.25207769726529494
0,0.7598175192056418
0,0.0
0,0.0
1,0.17588337224311332
0,0.0
0,0.0
0,0.0
0,0.0
0,5.494505494505495e-05
0,0.017861457989526444
0,0.0
0,0.0
0,0.0
0,0.2773132720308196
0,0.0
0,0.0
0,0.0
0,7.458702342817663e-06
0,0.2892339719130407
0,0.16481565968016634
0,0.0
0,0.0
0,0.14010307625241988
0,0.00018867924528301886
0,0.14535672189629628
0,0.0
0,0.14564978390546668
0,7.458702342817663e-06
0,0.009524824037725737
0,0.2252931192426676
0,0.0
0,0.0
0,0.0
0,0.0
0,0.2993126591490428
0,0.0
0,0.0
0,0.0
0,0.0
0,0.27978743871755457
1,0.19968754185117935
0,0.0
0,0.0
0,0.3438266096986242
0,0.0
0,0.0
0,0.0
0,0.0
0,0.0
0,0.16801309727653982
0,0.19217608033176745
0,0.1874142175681626
0,0.48160555708774555
0,0.0
0,0.0
1,0.6618443463640402
0,0.0009850514296670877
0,0.0
0,0.0
0,0.015180180180180181
0,0.0
0,0.0
0,0.0
0,0.08912596320895934
0,0.0
0,9.052924791086351e-05
0,0.0
0,0.1616674326349243
0,7.458702342817663e-06
0,0.17655827162083726
0,0.0
1,0.7905434037531677
0,0.0
0,0.27751280960771213
0,0.0009187129392779645
0,0.0
0,0.0
0,0.0
0,0.1914451584506895
0,0.3327810255150287
0,0.0
0,0.0
1,0.24206548720477947
1,0.18790271660940203
1,0.5850657894736843
0,0.0
0,0.0
0,0.0
0,0.0
1,0.4568701283581608
0,2.0876826722338202e-05
0,0.0
0,0.0
1,0.7253946443816445
0,0.22207900428759522
0,7.458702342817663e-06
0,0.0
0,0.1711770396587828
0,0.15309473578300592
0,0.0
0,0.0
0,0.20636249105585663
0,0.0001450676982591876
0,2.0876826722338202e-05
0,0.1381919697736682
0,0.0
0,0.0
0,0.0
1,0.4026840228949481
0,0.0
0,0.22595182489804555
0,0.0
0,0.0
0,0.00011415525114155251
0,0.0
0,0.15838011845452452
0,7.458702342817663e-06
0,0.1172789473579693
0,0.3071453598332998
0,0.0
0,0.0
0,0.0
0,0.09342918079736996
0,0.20724652351720463
0,0.0
0,0.0
0,0.06062692469233328
0,0.2112711653240179
0,0.0
0,0.2924097181231293
0,0.3460010308908929
0,0.0
0,0.0
0,0.0
0,0.006509198924537694
1,0.21931999005571506
1,0.9909051607246814
0,0.0
0,0.0
0,0.0
0,0.0
0,7.458702342817663e-06
0,0.0
0,7.458702342817663e-06
0,7.458702342817663e-06
0,0.0
0,0.0
0,0.0
0,0.0
0,0.0
0,0.0
0,0.23595382098740256
1,0.18948941817273643
0,0.0
0,0.0
0,0.16479393049095972
0,0.0
0,0.0
0,0.300862776304221
0,0.0
0,0.03170751659815598
0,0.24051312349836113
0,0.0
0,0.0
0,0.10241534775606102
0,0.17370378964701202
0,0.4044227465107541
0,0.0
0,1.3010668748373666e-06
0,0.0038888888888888888
0,0.0
0,0.0
0,0.36527405341997793
1,0.30449608414933677
0,0.0
0,0.405788533095888
0,0.40032363802618903
0,0.28297454296610874
1,0.6113822754320685
0,0.0
0,0.0
0,0.0
0,0.0
0,0.00018018018018018018
0,7.458702342817663e-06
0,0.1586977634848882
0,0.18317037984254855
0,0.0
0,0.0
0,7.458702342817663e-06
0,0.0
1,0.5717984715728981
0,0.0
1,0.22354679110200107
0,0.16049785665195615
0,0.0869346744485267
0,0.0
0,0.1864850093443795
0,0.0009187129392779645
0,0.0
0,0.0
0,0.3577304841822103
0,0.0
0,0.0
0,0.0
0,0.0
0,0.34621441836959105
1,0.10706432268820354
0,0.26792731383378654
0,0.28681751456071114
0,0.0
0,0.0
0,0.0
0,0.21838535661815642
0,0.0
0,0.0
0,7.458702342817663e-06
0,0.0
0,0.23955800874716363
0,0.005
0,0.02658233436441511
0,7.458702342817663e-06
0,0.2083135519324344
0,0.38362418851215563
0,0.14549001200637776
0,0.00018867924528301886
0,0.0
0,0.08118072433892409
0,0.3816085132949374
0,7.458702342817663e-06
1,0.46451236468211354
0,0.0
0,0.0
0,0.00011415525114155251
0,0.19413895254877986
1,0.4086290404002395
0,0.01
1,0.14801354053045368
0,0.0
0,0.15187363180368452
0,0.0001450676982591876
0,0.00011415525114155251
0,0.0
0,0.0
0,0.0
1,0.3012895333179719
0,0.0
0,0.0
0,0.0
0,0.0
0,0.0
0,0.1895243432071588
0,0.3364568873029711
0,0.0
1,0.41869417824872934
0,0.0
0,0.0
0,0.0
0,7.458702342817663e-06
0,0.0
0,0.0
0,0.0
0,0.0
0,7.458702342817663e-06
0,0.0
0,0.0
0,2.8735632183908045e-05
0,0.006509198924537694
0,7.458702342817663e-06
1,0.21910810367477382
0,0.0
0,0.0
0,0.0
0,0.1428460215268448
0,0.34673474943800636
0,0.0
0,0.0
1,0.6929216570233487
0,0.0
0,0.0
0,0.0
0,0.0
1,0.16610130438940313
0,0.19556248849357524
0,0.00018867924528301886
0,0.08059007255253611
0,0.0913406828743232
0,0.06215571579306052
0,0.0
1,0.32030116936132325
0,0.15285726151135687
0,0.0007103641778831258
0,0.19488603618143366
0,0.0
0,0.0
0,0.19284104519560055
0,0.0
0,0.0
0,7.458702342817663e-06
0,0.0
0,0.0
0,0.0
1,0.1267159723606914
0,0.0
0,0.0
0,0.0
0,0.0
0,0.0
0,0.0
0,9.052924791086351e-05
0,0.3243188710273994
0,0.0
0,0.0
0,0.0
0,0.0
0,0.0
0,0.0
0,0.0
0,0.0
0,0.0
0,0.0
1,0.3987480586938922
0,0.0
0,0.0
0,0.036847375816203065
0,0.0
0,0.21944077939637516
0,0.0
0,7.458702342817663e-06
0,0.1642172653356372
0,0.0
0,0.0
1,0.8800262591782092
0,0.0
1,0.3700513171185047
0,0.0
0,0.015
0,0.17985136149488695
0,0.0
0,0.07720193825203076
0,0.3588556845501883
0,0.0
0,0.0
0,0.19837262594054686
0,0.0
0,0.4348585589043967
0,0.0014102564102564101
0,7.458702342817663e-06
0,0.00011415525114155251
0,0.0
0,0.0
0,0.0
0,0.25160198866882605
1,0.4772054812339691
0,0.0
0,0.0
0,0.0
0,0.005
0,7.458702342817663e-06
1,0.45317478306342635
0,0.17837006734247438
0,0.0
0,0.2994659774855329
0,0.0
0,0.260958325442959
0,0.0
0,7.458702342817663e-06
1,0.4057412980252147
0,2.0876826722338202e-05
0,0.3448628505073512
0,0.0
0,0.0
0,0.0
0,0.3724019913797209
0,0.0
0,0.0
0,0.00020113199919142912
0,0.0
0,0.42616918351056204
0,0.00011415525114155251
0,0.00025
0,0.2581850451709857
0,7.458702342817663e-06
0,0.0
0,0.0
0,0.0
0,0.005001301066874837
0,0.0
0,0.0
1,0.31206587827399423
0,0.0
1,0.21341105577829877
0,0.0
1,0.20500227834348425
0,0.0
0,0.0
0,0.0
0,0.2838622857502686
0,7.458702342817663e-06
0,0.0
0,0.10948409811462242
1,0.2882718632671757
0,0.2723761735400233
1,0.20974531301935762
0,0.0
0,0.0029850746268656712
0,0.0
0,0.0
0,0.0
0,7.458702342817663e-06
0,0.0
1,0.4384841515392688
0,0.0003333333333333333
0,0.0
0,0.0
1,0.22929370230958113
0,0.0
0,0.011791284788119251
1,0.19186800607921195
0,0.25224653260016966
0,0.0
0,0.0
0,0.016302383161714763
0,0.20621422283587632
0,0.4741720954999293
0,0.0
0,0.0
0,7.458702342817663e-06
0,0.0
1,0.14404078192269387
0,0.0
0,0.0
0,0.0
0,0.0
0,0.0
0,0.0
0,7.458702342817663e-06
0,0.07720556366366192
0,0.00030778811257615806
0,0.24619945901372656
1,0.9145556028388278
0,0.3324887151358986
0,0.0
0,0.0
1,0.9882806416176905
0,2.9585798816568047e-05
0,0.0
0,0.20396264948188125
0,0.012376325691300006
0,0.0
0,0.3758691530823808
0,0.0
0,0.22450754278248933
0,0.0
0,0.0
0,0.1320074215997325
0,0.0
0,0.0
0,0.19271965986227158
0,0.3004293592059999
0,0.0
0,0.0
0,0.0
0,0.0
0,0.0
1,0.5317505665087918
0,2.0876826722338202e-05
1,0.6167716475518903
0,0.1539525628448172
1,0.22822121921338623
0,7.458702342817663e-06
0,0.14015759929640675
0,0.0
0,0.17401310613439183
0,0.0
0,0.06742897298225455
0,7.458702342817663e-06
0,0.0
0,0.14382488368337876
0,0.0
0,0.0
0,0.0013690476190476191
0,0.0
0,0.0
0,0.0009774436090225563
1,0.46405172408936907
0,0.24453616524670316
0,0.0
0,0.28499509569416
0,0.0
0,0.0
0,0.17986917378520775
0,2.0876826722338202e-05
0,0.25851821864857405
0,0.11999957465145944
1,0.17400760127637624
0,0.0
0,0.23246991835176814
0,0.0
0,0.0
0,0.0
0,0.0
0,0.0
0,0.24700596677564912
0,0.1557475607506338
0,0.20204245221579292
0,0.0
0,0.0
0,0.02721014492753623
1,0.6697402210548163
0,0.014369543679046817
0,0.20649625560784451
0,0.3608147375995228
0,0.0
0,0.16550098543255326
0,0.0
0,0.17688369707962515
0,0.0
0,0.029232923516545405
0,0.0
0,0.2080050561299812
0,0.20537229071372226
0,0.4017461733660599
1,0.18775714151275205
0,0.0
0,0.0
0,0.0
0,0.4563160852763093
0,0.0
0,0.4040745047146068
0,0.0
0,0.0
0,0.0
0,0.1891750012854982
0,2.0876826722338202e-05
0,0.27795978604121196
1,0.231180021379116
0,0.0
0,0.0
0,0.0
0,0.10449976509391068
0,7.458702342817663e-06
0,0.15188454296392562
1,0.631968639780217
0,0.0
0,7.458702342817663e-06
0,0.0
0,0.0
0,0.19678767028320163
0,0.2725024608822071
0,0.0
1,0.2683778295926762
0,0.0
0,0.0
0,0.25696385956311085
0,0.015
0,0.012008686021497194
1,0.48910677091488736
0,7.458702342817663e-06
0,0.0
0,0.0
0,0.30389389609665346
1,0.163258357302949
0,0.1365695488972053
0,0.0
0,0.0027111008613850207
0,0.0
0,0.15047377289767586
0,0.0
0,0.0
0,0.18070160597820692
0,0.0
0,0.0
0,0.0
0,7.458702342817663e-06
0,0.0
0,0.0
0,0.5469909173484102
0,0.0
0,2.0876826722338202e-05
0,0.0
0,0.0
0,0.14967425709685642
0,0.21856977055657464
0,0.0
1,0.38464296027841965
0,0.31803428303453646
0,0.0
0,0.0
0,0.0
0,0.0
0,0.0
0,7.458702342817663e-06
0,0.0050732059654442895
0,0.0
0,0.0
0,0.0
0,9.052924791086351e-05
0,0.0
1,0.4326362961992919
0,0.0
0,0.0
0,7.458702342817663e-06
0,0.0
0,0.12914913217461418
0,0.0
0,0.0
0,0.0
0,0.0
0,0.47512711415787234
0,0.256307745380335
0,0.4277711534507743
0,0.0
0,0.0
0,0.0
1,0.485171811051684
0,0.0
0,0.1412641812595552
0,0.0
0,0.1064860236972507
0,0.0
0,0.0
0,0.38032845966299567
0,0.0
0,0.2906968500913351
0,0.0
1,0.3789832898681641
0,0.3767521343931066
0,0.3515898062952894
0,7.458702342817663e-06
1,0.2854797340407154
1,0.3712038876012373
0,9.052924791086351e-05
0,0.33531189991140264
0,0.0
0,0.0
0,0.0
1,0.23866159576489424
0,0.5013122144331542
0,0.18401644747711055
0,0.0
0,7.458702342817663e-06
0,0.2205758039739903
0,0.0
0,0.0
0,2.0876826722338202e-05
0,0.0
0,0.0
0,0.016062618937953375
0,0.0
0,0.0
1,0.7707430805164995
0,0.0
0,0.1358598878045717
0,0.3791287086904463
1,0.5741702662890038
0,0.48792293088954297
0,0.0
1,0.49292835718466527
0,0.14377709670214675
0,7.458702342817663e-06
0,0.0
0,0.24900090534714095
0,0.0
0,7.458702342817663e-06
0,0.0
0,0.04452569931117885
0,0.0
0,0.25857844402013713
0,0.0
0,0.0
0,0.0
0,0.0
0,2.8735632183908045e-05
0,0.3918110975593375
0,0.29606928462158744
0,7.458702342817663e-06
0,0.0
0,0.0
0,0.3242411184286606
0,0.0
0,0.32660038695721566
0,0.0
0,0.0
0,0.0
1,0.18707766239109191
0,0.18278695713331608
0,0.4442826485054425
0,7.458702342817663e-06
0,0.200867034401643
0,0.17165925621555772
1,0.20101007529311032
0,0.34244331622520285
0,0.16337549023313994
0,0.40431174521764457
0,0.0
0,0.009006391566969182
0,0.0
1,0.9889169858941057
0,0.0
0,0.41670906101603833
0,2.0876826722338202e-05
0,7.458702342817663e-06
0,0.1989529639631801
0,0.0
0,7.458702342817663e-06
0,0.0
1,0.5666434625051121
1,0.42641133927266056
1,0.3869656863574413
0,0.19268266969722808
0,0.2307344121418618
0,0.0
0,0.29240809669205103
0,0.0
1,0.2721180611275899
0,0.30604804437999505
0,0.0
0,0.015121212121212122
0,0.174373179151087
0,0.0
1,0.5541672683243353
0,0.0
0,0.31068039193796104
0,0.0
0,0.0
0,0.0
0,0.19480057825780636
0,2.0876826722338202e-05
0,0.0
0,7.458702342817663e-06
0,0.0
1,0.5590295031902058
0,0.2134286283928043
0,0.0
0,0.003676271752334417
0,0.0
0,0.0
0,2.0876826722338202e-05
0,0.41403888618453294
0,0.0
0,0.0
0,0.0
0,0.0
0,0.28017582834832644
0,0.23744867069236988
0,0.0
0,0.13820631237708256
0,7.458702342817663e-06
0,0.0
0,0.0
0,0.0
1,0.7660677705149019
0,0.6003330995178037
0,7.458702342817663e-06
0,0.005090529247910864
0,0.0
0,0.0
0,0.0
0,0.2688580449102478
0,0.005
0,0.0
0,7.458702342817663e-06
0,0.0
1,0.2963124696565075
0,0.00025351138600495315
0,0.0
0,2.0876826722338202e-05
1,0.21137538571629574
0,0.005065463342714047
1,0.2834881642749527
0,0.0
0,0.0
0,0.0
1,0.7797850891787153
1,0.18049193757480264
0,0.0
0,0.0
0,0.0003481333950596987
0,0.0
0,0.0
0,0.0010714285714285713
0,0.27973305164322154
0,0.0
0,0.012781818181818182
0,0.1484759362430052
0,0.00011415525114155251
0,0.0
0,0.0
0,0.0
0,0.0
0,0.0
0,0.0017824074074074072
0,0.154101920043732
0,0.0
0,0.29165937627819166
0,0.0
0,0.0
0,0.0
0,0.0
0,0.0
0,2.0876826722338202e-05
0,2.0876826722338202e-05
0,0.0
0,0.0
0,0.0
0,0.3908260209235221
0,0.0
0,0.20145997093974574
0,0.0
0,0.0
0,0.0
0,0.0
1,0.8390540350746686
0,0.3054236285448509
0,0.22090535681550158
0,0.3260544312989261
0,0.0
1,0.3191561728397416
0,0.20636518630076708
0,0.34317643789058816
0,0.0
0,0.0
0,0.0
0,0.0
0,0.26117081501563055
1,0.27316592563896713
0,0.0
0,0.0
0,0.0
0,0.0
0,0.0
0,0.2911265234982291
0,0.0
1,0.31461200653009963
0,0.0
0,0.0
0,0.0
1,0.9168863300238135
0,0.0
0,0.0
0,0.0
0,0.0050732059654442895
0,0.0
1,0.4132620510144719
0,0.0
0,0.0
0,1.6863406408094435e-05
0,0.0
0,7.458702342817663e-06
0,0.0
0,0.0
0,0.0
0,0.0
0,0.0064647045568115265
0,1.6863406408094435e-05
0,0.0
1,0.2761577993631638
0,0.0
0,7.458702342817663e-06
0,0.0
0,0.0
0,0.0
0,0.0
1,0.6823247776651336
0,0.17540692249845943
1,0.7130655039592324
0,0.0
0,0.0
0,0.0
0,7.458702342817663e-06
0,0.0
0,0.0
0,0.0
0,0.0
0,0.0
1,0.6637909054334449
1,0.330787974319422
0,0.0
0,0.0
1,0.5338037657426115
0,0.0
0,0.0
0,0.0
0,0.3219908359392029
0,0.04913468272780707
0,0.21491093484546916
0,0.15783224714088942
0,0.0
0,0.0
0,0.0
0,0.0
0,0.0
1,0.2636976657084077
0,0.06473703912478795
0,0.0
0,0.0
0,0.33372068323961196
0,0.001047104580812446
0,7.458702342817663e-06
0,0.0
0,0.0
0,0.08572312999068503
0,0.0
0,0.0
0,0.34188252135668007
0,0.3231608051934041
0,0.0
0,0.0
0,0.3743908064635385
0,0.001930802007120231
0,0.07084092693481579
1,0.7894939089709615
0,0.011942049387532851
0,0.18213600861159396
0,0.5365482509026032
0,0.25800745786484114
0,0.0
0,0.0
0,0.0
0,0.008839551277269132
0,0.0
1,0.3769617307814215
0,0.0
0,0.0
1,0.4241939907438363
0,0.0
0,0.18093497190509134
0,0.37214411020809446
1,0.22624255660866624
1,0.161481575840984
0,0.0
0,0.062171083957567215
0,2.8735632183908045e-05
0,0.19505370603532934
0,7.458702342817663e-06
0,0.24174586613227714
0,0.0
0,0.0953715425193232
0,0.0
0,7.458702342817663e-06
0,0.2560868918828232
0,0.0
0,0.0
0,0.0
0,0.0
0,0.21003207595235268
0,0.13867624323616284
1,0.3184447486784712
0,0.0
0,0.0
0,0.0
0,0.0
0,0.0
0,0.24605281261143983
0,0.0
0,0.0
0,0.0
0,0.007145777910123977
0,0.0
0,0.0
0,0.0
0,0.0
1,0.5987709194842488
0,0.0
0,0.1888397200838088
0,0.0
0,0.0
1,0.45851804829242176
0,0.0
0,0.5016986027510416
0,0.22508850514646922
0,0.2686059648966218
0,0.2520308767027631
0,0.0
0,0.0
0,0.0
1,0.6460212653300558
0,0.0
0,0.0
0,0.0
0,0.5045419279925052
0,0.0
0,0.0
0,0.0
0,0.0
0,0.2071761914796718
0,0.0
0,0.0
0,0.07675681763706951
0,0.0
0,0.0
0,0.0
0,0.0
0,0.0
0,0.2514871542756537
0,0.0
0,0.0
0,0.0
0,0.0
0,0.0
0,0.0
0,0.0
0,7.458702342817663e-06
0,0.16459673464660352
0,0.0
0,0.0
0,0.216880434449145
0,7.458702342817663e-06
0,0.5740100274940487
0,0.0
0,0.0
0,0.0
0,0.0
0,0.0
0,0.0
0,0.0
0,7.458702342817663e-06
1,0.19944830763654295
0,0.0
0,0.0
0,0.0
0,0.3895936934451089
0,0.21223040448954988
0,0.0
0,7.458702342817663e-06
0,0.0
0,7.458702342817663e-06
0,0.3678249734744913
1,0.2877258332039066
0,0.0
0,0.0
0,0.26071427591953944
0,0.0
0,0.25024213810183893
0,0.21708288296823658
0,0.2630821399307058
0,0.0
1,0.2706066475921946
0,0.23547499780282535
0,0.0
0,0.0
0,7.458702342817663e-06
0,0.0
0,0.0
0,0.011170890976842228
0,0.0
0,0.0
1,0.24632786804253498
0,0.0
0,0.0
0,0.1967009163094528
0,0.0
0,7.458702342817663e-06
0,0.0
1,0.325221945378589
0,0.0
0,0.00125
0,0.0
0,0.0
1,0.41403794732708166
0,7.458702342817663e-06
0,0.2989526851576281
0,0.32846075996875107
0,0.3312392560960012
0,1.3010668748373666e-06
1,0.17020023267984327
1,0.3348350525395675
0,0.2170098053404515
0,0.0
1,0.48397440003171677
0,0.1405786243868511
0,0.0
0,0.005007458702342818
0,0.0
0,0.0
0,0.032340549211685395
0,0.0
0,0.0
0,0.2159068526406035
0,0.19788785039401713
0,0.0
0,0.0
1,0.9002512213158991
0,0.0
0,0.20768082793405232
0,0.0
0,0.14854912875308549
0,0.0
0,0.0
0,0.0
0,0.13333147350792263
0,0.0
0,0.2813905842468648
1,0.2753355486495332
0,0.0
0,0.06666900575561813
0,0.0
0,0.0
0,0.4288511913295182
0,0.0
0,0.00018867924528301886
0,0.21726784609641892
0,0.13820691575501212
0,0.0
0,0.0
0,0.23548977701292428
0,0.0
0,0.0
0,0.18656352889096312
0,7.458702342817663e-06
0,0.23366929878178333
0,0.2004655724555932
0,0.0
0,0.0
0,0.04460505731854143
0,7.458702342817663e-06
0,7.458702342817663e-06
0,0.043792059681803774
0,0.0
0,0.0
0,0.0
0,0.41133685477987414
0,0.0
0,0.0
1,0.28020985550464306
0,7.458702342817663e-06
0,7.458702342817663e-06
0,0.35670314529002306
0,7.458702342817663e-06
1,0.3295890674907636
0,0.0
0,0.0
0,0.0
1,0.8098528010830978
0,0.0
0,0.19800943723871917
0,0.3966343991448479
0,0.0
0,0.0
0,0.007184537600046458
0,0.0
0,0.4020783861240711
0,0.0
0,0.31555454376130115
0,0.0
0,0.0
1,0.221750545255486
0,7.458702342817663e-06
0,0.0
0,0.15554986516233543
0,0.0
1,0.6240692459928304
1,0.19982197942532715
0,0.0
0,0.0
0,0.0
0,7.458702342817663e-06
0,0.0
0,0.0
0,0.22587293834358968
0,0.07084092693481579
0,0.0
0,0.0
0,0.0
1,0.3807511584872415
0,0.26212548190902935
0,0.0
0,0.2251532155873748
0,0.0
0,0.0
0,0.0
0,0.14852279339616992
0,0.0
1,0.2541361795280027
0,0.13699374041952647
0,0.0
0,0.1956664373730243
0,0.0
0,0.31200793774970603
0,0.16262740722193925
0,0.2558029112412518
0,0.0
0,0.0
0,7.458702342817663e-06
0,0.015065463342714048
0,7.458702342817663e-06
0,0.0
0,0.0
0,0.0
1,0.9378572044909009
0,0.0
1,0.4053100241563898
1,0.39088208208246217
0,0.181742559193752
0,0.28698415024995155
0,7.458702342817663e-06
0,0.0
0,0.1771524540530696
0,0.4997982883956141
0,0.0
0,0.0
0,0.0
0,0.0
0,0.1734433503664048
0,0.0
0,0.2055528142508144
0,0.0005576382380506092
1,0.4122832771730861
0,0.0
0,0.19363082914167895
0,0.0
0,0.0
0,0.0
1,0.9667529013539652
0,0.0
0,0.0004968817649848797
1,0.3296027155247614
0,0.0
1,0.39498086422581336
0,0.42564214618651086
0,0.0
0,7.458702342817663e-06
0,0.0
1,0.4512971012435373
0,0.0
0,0.0
0,0.0
0,0.016448595384120846
1,0.5560697597814099
0,0.0
0,0.0
0,0.34236968126783757
0,0.0
0,0.0
0,2.0876826722338202e-05
0,0.35888975492349795
0,0.0007692739659813875
0,0.0
0,0.0
0,0.12288436037450076
0,0.0
0,0.0
0,0.0
0,0.0
0,0.0
0,0.0
0,0.23356224320698826
0,0.0
0,0.5277214098184967
0,0.1388178503118016
0,7.458702342817663e-06
0,0.0
0,7.458702342817663e-06
0,0.0
0,0.0
0,0.02620466687978454
0,0.0
0,0.0
0,0.10427251040443006
0,0.02957812723859034
0,0.0
0,0.0
0,0.0
0,0.0
0,0.20331773814157852
0,0.40146860471039275
0,0.0
0,0.2813500925570864
1,0.14783950335049265
0,0.12184943713310274
0,0.08205271997483336
0,0.3056321375505461
0,0.033891271388345
0,0.0
0,0.0
1,0.3681142164014811
0,0.005
0,0.0
0,0.0
0,0.15436770262759464
0,0.0
0,0.4084048288142816
0,0.047200736822709546
0,0.0
1,0.7435117138528793
0,0.0
0,1.6863406408094435e-05
0,0.0
0,0.17275213768444622
0,0.0
0,0.0
0,0.0
0,0.09467126386440594
0,0.0
0,0.0
1,0.217105490021524
0,5.494505494505495e-05
0,0.0
0,7.458702342817663e-06
0,0.0
0,7.458702342817663e-06
0,0.0
0,0.3816732109759684
0,0.0
0,0.18941665141640177
0,0.18314131827455593
0,0.17415369019002525
1,0.6577407114793
0,7.458702342817663e-06
0,7.458702342817663e-06
0,0.17140735208437424
0,0.00025
0,0.0
0,0.0
0,0.0
0,0.0
1,0.3421763903514012
0,0.0
0,0.0
0,7.458702342817663e-06
0,0.0
0,0.0
0,0.19836251929491575
0,0.0
0,0.0
0,0.0
0,7.458702342817663e-06
0,0.0
0,0.052140806767324396
0,0.0
0,0.1449314189464595
0,0.013264869867174685
0,0.005708279922297714
0,0.0
0,0.1836027265756709
1,0.31194523338918306
0,0.0
0,0.03200464670261537
0,0.0
0,0.0
0,0.0
1,0.7101586522560764
1,0.3796768656492266
0,0.0
0,0.2165904018413444
0,0.0
1,0.3954658785153535
0,7.458702342817663e-06
0,0.0
0,0.015778366893386738
0,0.0
0,0.0
1,0.17530156620605628
0,0.36811174436817806
0,0.12941483349349714
0,0.0
0,0.0
0,0.0
0,0.21171816017766037
0,0.1682636921493463
0,0.0
0,0.0
0,0.0
0,0.15355529355746048
0,0.0
0,0.0
0,0.0
0,0.0
0,0.0
1,0.6328042861943157
0,0.0
1,0.7238624846720789
0,0.0
0,0.07050409205700282
0,0.0
0,9.052924791086351e-05
0,0.20712758413257362
0,0.28962346915406423
0,0.2747648670322957
0,6.546334271404736e-05
0,0.0
0,0.0
0,0.000495107615061888
0,0.0
0,0.14850364843792913
0,0.0
0,0.0
0,0.0912281631829652
0,0.0
0,0.0
0,0.255942811721162
0,0.0
0,0.0
0,0.13453142285114494
0,0.0
0,0.0
0,0.24503314267169304
0,0.0
0,0.0
0,0.1523019471813814
0,2.0876826722338202e-05
0,0.0
0,0.0
0,0.0
0,0.0
0,0.0
0,0.0
0,0.0
0,0.0
0,0.0
0,0.0
0,0.0
0,0.0
0,0.16827804999491705
0,0.0
0,0.15101642261182907
0,0.0
1,0.29756319040743995
0,7.458702342817663e-06
0,0.0
0,7.458702342817663e-06
1,0.9031980556357468
0,0.0
0,0.21769490876802067
0,0.0
0,0.0002694763729246488
0,0.0
0,0.1385848703565685
0,0.0
1,0.17022189819510802
1,0.5046663388308353
0,0.043792059681803774
0,0.0
0,0.0
0,0.0
0,0.0
0,0.0
1,0.3483442484894794
0,0.0
0,0.0
0,0.1649718956372359
0,7.458702342817663e-06
0,0.0
0,7.458702342817663e-06
0,0.0
0,0.0
0,0.2977114725395191
0,0.0
0,0.0
0,0.0
0,0.31157938662106055
0,0.0
1,0.5648200325171638
1,0.2242739835765856
0,0.0
0,0.0
0,0.17898081055988233
0,0.0
0,0.24953158238977355
0,0.0
0,0.16653398196749974
0,0.09336452405099585
0,0.0
0,0.0002852546141470381
0,0.0
0,0.0
0,0.15109323566528446
0,0.0
0,0.36384198917391186
0,0.14269816843920657
0,0.448709218131868
1,0.3647114088862932
0,0.24383135175410178
0,0.0
0,0.005978839562140645
0,7.458702342817663e-06
0,0.0
0,0.2618531880995053
0,0.0
0,7.458702342817663e-06
1,0.4372614313102243
0,0.15268985622126194
0,0.006344575898622446
0,0.0
0,0.0
1,0.37345795197334897
0,0.0
0,0.0
0,0.4440693857246352
0,0.0
0,0.0
0,0.0
0,0.0
0,0.290460534171318
0,1.3010668748373666e-06
0,0.0
0,0.0
1,0.2635407560228723
0,0.2850670268550052
0,0.0
0,0.0
0,0.3478475356710165
0,0.041628849428362084
0,0.0
0,0.06699396592495326
0,0.015180180180180181
0,0.0
0,0.0
1,0.49020992552358583
0,0.3239903399012363
0,0.0
0,0.015817999297983328
0,0.0
0,0.0
0,7.458702342817663e-06
0,0.0
0,0.0
0,0.0
0,0.33907807563772585
0,0.0
0,0.0
0,0.0
0,0.0
0,0.0
0,0.0
0,0.14256562010725188
0,0.0
0,0.13142822885481178
0,0.04929217367384495
0,0.05150167058701932
0,0.0
0,0.0
0,0.0
0,0.0
0,0.0
0,0.0
0,0.4663346572490933
1,0.45024892093757635
1,0.7236476381803639
0,0.011702611857024934
0,0.0
0,0.0
0,0.0
1,0.2307385021910938
1,0.5545117163623795
0,0.3005509511132075
0,0.09536578428594204
1,0.6698574759695
1,0.11802218887791537
0,0.18598829890311872
0,0.0
1,0.4223422594490718
0,0.3570970573083695
0,0.0
0,0.0
0,0.20884601262992916
0,2.0876826722338202e-05
0,7.458702342817663e-06
0,0.0827573728707703
0,0.23898000603211486
0,0.18877815015193813
0,0.0
0,0.0
0,0.030890160453623774
0,0.0
0,7.458702342817663e-06
0,0.11843946763157585
0,2.0876826722338202e-05
1,0.5909027329221987
0,0.0
0,0.0
1,0.6113822754320685
0,2.0876826722338202e-05
0,2.0876826722338202e-05
0,0.0
1,0.6409058060275226
0,0.0
0,0.4106137530905336
0,0.0
0,0.0
0,0.302221740666252
0,0.18290001187972976
0,0.0
1,0.421688402355825
0,0.0
0,0.0
0,0.17713164618560215
0,0.033728759722998956
0,0.0
0,0.0
0,0.0
0,0.2836466691255437
0,0.0
1,0.41542567774359734
0,0.0
0,0.0
0,0.0
0,0.0
0,2.0876826722338202e-05
0,0.0
0,0.0
0,0.0
0,0.0
1,0.4072713742548046
0,0.0
0,0.003333333333333333
0,0.0
0,0.17665473140903543
0,0.0
0,0.2281236411790989
0,0.0
0,0.3043419778079132
0,0.004691786133716389
0,0.19945626335900765
0,7.458702342817663e-06
0,0.0
0,0.0
0,0.0
0,0.0
0,0.0
0,0.17618766214092274
0,7.458702342817663e-06
0,0.18628353361274708
0,0.00025
0,0.00035169141914191416
0,0.0
1,0.41266022301445254
0,0.010863290391276925
0,0.22164915207836
0,0.0
0,0.008127412312270743
0,0.0
0,0.0
0,0.0
0,0.0
0,0.0
1,0.5966682409128201
0,0.1442517563883056
0,0.0
0,0.0
0,7.458702342817663e-06
0,0.19964148078283783
0,0.0
0,0.0871336781041885
0,0.41006231039800456
0,0.0
0,0.0
0,0.0
0,7.458702342817663e-06
0,0.3049734790864946
0,0.1696031856349255
0,0.19454588311498758
1,0.5242100210680104
0,0.0
0,0.0
0,0.5458512537691663
0,0.0
0,0.04320288566535425
0,0.0
0,0.0
1,0.25353726146488
1,0.7299922862817687
0,0.0
0,0.0
0,0.0
0,0.0
0,0.22359821792160928
0,0.0
0,0.0
0,0.234335260750075
0,0.0
0,0.31276192747424714
0,0.0
0,0.0
0,0.0
0,7.458702342817663e-06
0,0.2492566132015962
0,0.0961054209688826
0,0.13981966647935562
0,0.0003481333950596987
0,7.458702342817663e-06
0,0.17140701595710947
0,0.0
0,0.0
0,0.20904530659707488
0,0.4918293759821031
0,0.0
0,0.0
0,0.0
0,6.546334271404736e-05
0,0.0
0,0.19646096385572623
0,0.0
0,0.0
0,0.0
0,0.0
0,0.16466195321670352
0,0.0
0,0.2964208193620752
1,0.6781376157134942
0,0.2899618838804359
0,1.6863406408094435e-05
0,0.16637387132008544
0,0.0
0,0.0
1,0.44390977209612315
0,0.0
0,0.0
0,0.0
0,0.16664183830090654
0,0.0
0,0.15073177601967935
0,0.1656722354540091
0,0.23191301210522902
0,0.0
0,0.0
0,0.0
0,0.0
0,0.0
0,0.1346733950909651
0,0.35078663747908073
0,0.0
1,0.26281039878043283
0,0.0
0,0.0
0,0.022956934848075213
0,0.0
0,0.056191639538731894
0,0.0
0,0.0712779789845708
0,0.17463710783631786
0,0.0
0,0.0
0,0.0
0,0.19353925780527154
0,0.0
0,0.0
0,0.46948200720356253
0,0.1799434747914587
0,0.0
0,0.0
1,0.33519314017721286
0,0.0
0,0.0
0,0.0
0,7.458702342817663e-06
0,0.17379206406627215
0,0.00020113199919142912
0,0.0
0,0.0
0,0.0
0,0.0
0,0.0
0,2.0876826722338202e-05
0,0.2485932053011225
0,0.0
0,0.0001388888888888889
0,0.0
0,0.24313253949777638
0,0.6676175945585133
1,0.27118526660354614
0,0.006974721946989418
1,0.35997418584295443
0,0.20703376485643685
0,0.12878498614792483
0,0.171874780752461
0,0.2820734136626668
0,0.0
0,0.0
0,0.15527491860364953
0,0.0
0,0.22045013527191082
0,7.458702342817663e-06
0,0.0
0,0.0
0,0.0
0,0.0
0,0.0
0,0.0
1,0.9489276771340716
0,0.0
0,0.0
0,0.0
0,0.0
0,0.20359140831792133
0,0.0
0,0.3139664869317427
0,0.34753774165976786
0,0.0
0,0.0
0,0.0
0,0.14707931146280603
0,0.0
1,0.37345795197334897
0,0.0
0,0.01
0,7.458702342817663e-06
0,0.0
0,0.0
0,0.0
0,0.0
0,0.1617533234587756
0,0.3057132000271198
0,0.0
0,0.0
0,0.0
0,0.0
0,0.0
0,0.3031317578969631
0,0.0
0,0.0
0,0.0
1,0.2529840381363358
0,0.20576201628687
0,0.0
0,0.00036128267828702235
0,0.0002900934401220442
0,0.0
0,0.22794545448344813
0,0.0
1,0.5192744261527033
1,0.6409148438804799
1,0.1960868762779722
1,0.2528763171799746
0,0.00011415525114155251
0,0.1733368905420897
1,0.20400160170956727
0,0.1725048907571529
0,0.0
0,0.0
0,0.0
0,0.0
0,0.025670376083731013
1,0.9242147730769875
0,0.0
0,0.0
0,0.0
0,0.0
0,1.6863406408094435e-05
0,0.0
0,0.0
0,0.0
0,0.0
0,0.0
0,7.458702342817663e-06
0,0.3001782468354893
0,0.0
0,0.0050732059654442895
0,0.0
0,7.458702342817663e-06
0,0.0
0,0.0
0,0.2519614501646022
0,0.0
0,0.10165453519590101
0,0.2000236784755316
0,0.14854671335498398
0,0.2762617479877238
0,0.0
0,0.0
0,0.0
1,0.304200442026533
0,0.0007103641778831258
0,0.18824579732286967
0,0.0
0,0.0
0,0.38660519539715443
0,0.0
0,0.2012943323932395
0,0.27372430777083684
1,0.1535551806335964
0,0.0
0,0.11613282175804304
0,0.0
0,0.0
0,0.0
0,0.0
0,0.0
0,0.14886984359538608
0,0.0
0,0.018642548167896116
0,0.0
0,0.0
0,0.0
0,0.0
0,0.0
1,0.18328809961091527
0,0.2184154555324516
0,0.13593946885553362
0,7.458702342817663e-06
0,0.0
0,0.0
0,0.0
0,0.19453507274541837
0,0.0
0,0.0
0,0.0
0,7.458702342817663e-06
0,0.0
0,0.0
0,0.0
0,0.4383570607738314
0,0.0
0,0.0
0,0.1410603496081792
0,0.0
0,0.0
0,0.0
0,0.0
0,0.057189181665859304
0,0.004873747428459768
0,0.0
0,0.0
0,0.0
0,0.0
0,0.0007434348232709351
0,0.4033639816240622
0,0.0
1,0.24174967325933008
0,0.0
0,7.458702342817663e-06
0,0.0
0,2.0876826722338202e-05
0,7.458702342817663e-06
0,0.18214889285373306
0,0.0
0,0.0
0,0.0
0,0.0
0,0.0
0,7.458702342817663e-06
0,0.00015211998806165464
0,0.18604129586621035
0,0.21182902339434745
0,0.0
0,0.0
0,0.0
0,0.0
0,0.0
0,0.0002702702702702703
0,0.0
0,0.15203650363156843
0,0.0
0,0.20493286109558936
0,0.0
0,0.0
1,0.3434326813183284
0,0.0
0,0.16047354438420833
0,0.012203038754468393
0,0.0
0,0.0
0,0.0
0,0.0
0,0.3174061624416953
1,0.40567590303871015
0,0.0
0,0.0
0,0.0
0,0.0
0,0.0
0,0.1482059167949186
0,0.0
0,0.0
0,0.0
1,0.6302002674178406
1,0.43160901873474294
0,0.20327062923981512
0,0.41682584672201267
0,0.0
0,0.01691887282595357
1,0.17168699218269728
0,0.0
0,0.0
1,0.3234287785082174
0,0.17296683431947632
0,0.005
0,0.10553664588577343
0,0.30337040577106317
1,0.6706642983102573
0,0.0
0,0.21579230441736194
0,0.0
0,0.0
0,0.0
0,0.0
0,0.26504774649262347
0,0.1084976264406602
0,0.0
0,0.0
0,0.0
1,0.15846810384690713
0,0.42205001005868986
0,0.0
1,0.2545516128884929
0,0.0
0,0.37885168125657454
0,0.0
0,0.0
0,0.0
0,0.0
0,7.458702342817663e-06
0,7.458702342817663e-06
0,0.15694504922801833
1,0.20393632223657995
0,1.6863406408094435e-05
1,0.4548712082763543
0,0.0
0,0.030987692704862405
1,0.39438482729413826
0,0.0
0,0.33782395498918605
0,0.0
0,0.14429106263157335
0,0.31086677405043106
0,0.0
0,0.0
0,0.0
0,0.0
0,0.0
0,0.0
0,0.002925611896595192
0,0.0050732059654442895
0,0.0
0,0.0
1,0.9202630785732326
0,0.0
0,0.0
1,0.18899907929555826
0,0.14878542981414764
0,7.458702342817663e-06
0,0.0
0,0.0
1,0.35490316586190107
0,0.0
0,0.0
0,0.0
0,0.0
0,0.01825586319739133
0,0.0
1,0.45007518874390096
0,7.458702342817663e-06
0,7.458702342817663e-06
0,0.26990289770078657
0,0.0
0,0.0005969430002638617
0,0.0
0,0.1789430263120403
0,0.26858900728416407
0,0.0
0,0.0
0,2.0876826722338202e-05
0,7.458702342817663e-06
0,0.0
1,0.3786065799009407
0,0.0
0,0.0
0,0.0
0,0.0
0,0.24771063034484506
0,0.17611995695923674
1,0.736948611900719
0,0.0
0,0.0
0,0.0
0,0.0
0,0.0
0,0.0
1,0.694192923807864
1,0.5691299525570277
0,0.3522480516240579
0,0.0
0,0.0
0,0.0
0,0.16467757108244252
0,0.0
0,0.0
0,0.2448761127303711
0,0.0
0,0.5924309021487874
1,0.6189942739801024
0,0.1494778366039083
0,0.0
0,0.30121053304341155
0,0.0
0,1.6863406408094435e-05
1,0.6661899418846242
0,0.21910065219677996
0,0.19044563596706673
0,0.11911817700013122
0,7.458702342817663e-06
0,0.0
1,0.44111915132122886
0,0.0
0,0.0
0,0.0
0,0.0
0,0.1971347184846711
0,0.14224394889261627
1,0.1914065456028618
0,7.458702342817663e-06
0,0.19628438395607645
0,0.11705559273770413
0,7.458702342817663e-06
0,0.22742563251474973
0,0.1906696199329869
0,0.0
1,0.6863313381993343
0,0.06547247889373288
0,0.0
0,0.0
0,2.8735632183908045e-05
1,0.497085707669086
0,0.0
1,0.20602078251035627
0,0.04662884942836209
0,0.0
0,0.0
0,0.0
0,7.458702342817663e-06
0,0.21611361110876262
0,0.0
0,7.458702342817663e-06
0,0.16281386424319833
0,0.0
0,0.0
0,0.2665487590801536
0,0.0
0,0.0
1,0.5591590813655873
0,0.0
0,0.02620466687978454
0,7.458702342817663e-06
0,0.0
0,0.0
0,0.25056093870405893
0,0.0
0,0.0
0,0.0
0,0.0
0,0.8076284913333543
0,0.0
0,0.0
0,0.0007434348232709351
0,0.3799416021651385
0,0.3180099847473252
0,0.024769158900441814
0,0.0
0,2.9585798816568047e-05
0,0.0
0,7.458702342817663e-06
0,0.0
0,0.0
0,0.10271998348377089
0,7.458702342817663e-06
0,0.0
0,0.0
0,0.0
0,0.018023404357136005
0,0.2037508633840378
0,0.0
0,0.0031519870597149086
0,0.0
0,0.0
0,0.0
0,0.00018018018018018018
0,0.0
0,7.458702342817663e-06
0,0.36027910370872446
0,0.0
0,0.0
0,0.0
0,2.0876826722338202e-05
0,0.4752650539921224
0,0.0
0,0.21352811279339248
0,0.0
0,0.003981119791666666
0,0.0
0,0.0
0,0.00020113199919142912
0,0.0
0,0.0
0,0.30624591030452986
0,0.0
0,0.005
0,0.23026319399198591
0,0.0
0,0.0
0,0.3336128329704465
0,0.0
0,0.19162864299598234
0,0.0
0,0.0
0,0.3434018303982836
0,2.8735632183908045e-05
0,0.0
0,0.0
0,0.0
0,0.0
0,7.458702342817663e-06
0,0.09381809533399744
0,0.4660236076041049
0,0.0
0,0.0
0,0.0
0,0.0
0,0.2327389933281077
1,0.26065606847834544
0,0.0
0,0.0
1,0.7055486429333321
0,0.005
0,0.0
0,0.011480925288433943
0,0.0
0,0.0
0,0.0
0,0.179244103261812
0,0.0
0,0.0
0,0.0
0,0.0
0,0.0
1,0.2553639883876089
0,0.0
0,0.22939451573983416
1,0.2649865388184677
0,0.0
0,0.0
0,7.458702342817663e-06
0,0.0
0,0.0
0,0.0
0,0.42983904414656415
0,0.0
0,6.546334271404736e-05
0,0.0
1,0.33922112177304664
0,0.0
0,0.22770587026574024
0,0.0
0,0.0
0,0.11433141862751177
0,0.31505765857676377
0,7.458702342817663e-06
0,0.17812725034651603
1,0.3503147367732912
0,0.0
0,0.20471772134946445
0,0.06218072564649098
0,0.0
0,0.0
0,0.31599156432428577
0,0.4910174598706064
0,0.0
0,0.0
0,0.0
0,0.0
0,0.26062519912298077
0,0.25099385229079685
0,0.0
0,0.00024074074074074075
0,0.0
0,0.34202025659455115
0,0.31678600806318596
0,0.0
0,0.001793824995991711
0,0.0
0,0.334411610442721
0,0.0
0,0.18808012264291843
0,7.458702342817663e-06
1,0.4640787961316779
0,0.3424401073473413
0,0.0
0,0.0
0,0.0
0,0.0
0,0.0
0,0.1802423705061903
0,0.0
1,0.3398296113419439
0,0.25528925976040273
0,7.458702342817663e-06
0,0.0
0,7.458702342817663e-06
1,0.19637419784304633
1,0.36387337230297556
0,0.0
0,0.20266836243439962
0,0.0
0,0.666192458883783
0,0.37103922956339763
0,0.2754243030576713
0,0.0
0,0.0
0,0.0
0,0.2389552529237121
0,0.0
0,0.690184218296357
1,0.1903077195160648
0,0.21401638756814148
0,0.17916156764019267
0,0.0
1,0.4282908144265491
0,0.005
0,0.0
0,0.2614016426277659
0,0.21609791200800746
0,0.0
0,0.0
1,0.20088402625118196
0,0.19490529003885132
0,0.2644287498404361
0,7.458702342817663e-06
0,0.0
0,1.6863406408094435e-05
0,0.0
0,0.0
0,2.0876826722338202e-05
0,0.09313235935534721
0,0.2374138267334159
0,7.458702342817663e-06
0,0.0
0,0.0
0,0.0
0,0.0
0,0.26023998992166736
0,0.27544089628404206
0,0.256002997029961
0,0.0
0,0.22328899130223326
0,0.0
0,0.12970857414735004
0,0.19829295916954412
0,0.0
0,0.12964248097644104
0,0.19004785602894028
0,0.0
0,0.06941309080990911
0,0.0
0,0.41293837197750016
0,0.0
1,0.827778782549416
0,0.0
0,0.41515709321522754
0,0.0
0,0.326274190280288
0,0.1429286185665496
0,0.12869122252406753
0,0.0
0,7.458702342817663e-06
1,0.30302091887141336
0,0.011843168709816953
0,0.0
1,0.12264728566440143
0,0.2688529548549648
0,0.0
1,0.7066174025209374
0,0.0
0,0.5515193538275955
0,0.0
0,0.0
0,0.0
0,0.343141358549895
0,0.25799156177974125
0,0.0
0,0.1040366313659548
0,0.19259749545579644
0,0.0
0,0.2684999508401402
0,0.0
0,0.0
0,0.5432258027219732
0,0.0
0,0.0
0,0.16667339788965743
0,0.0
0,0.0
0,0.0
0,0.0
0,0.0
0,0.0
0,0.0
0,0.0
0,7.458702342817663e-06
0,7.458702342817663e-06
0,0.15256559227867728
0,0.0
0,0.0
0,0.3497605143096662
0,0.0028360185061215987
0,0.0
0,0.0
0,0.35861855160439954
0,0.0
1,0.36521392415741716
1,0.4536171743027156
0,0.0
0,0.0
0,0.0
0,0.0
0,0.0
0,0.0
0,0.2509090331592362
0,0.3906192494783889
0,0.0
0,0.0
0,0.0
0,0.0
0,0.0
0,0.0
0,0.23939208606125653
0,0.0
0,0.005065463342714047
0,0.0933210108030094
1,0.41474421795127797
0,0.19013364937700114
0,0.0
0,7.458702342817663e-06
0,0.0
0,0.0
0,0.0
0,0.0
0,0.00030778811257615806
0,0.1478028684406939
0,0.1766927227899137
0,0.0
0,0.11292507173756229
0,0.0
0,0.0
0,0.0
0,0.30402614905810044
0,0.17388271295938634
0,7.458702342817663e-06
0,7.458702342817663e-06
0,7.458702342817663e-06
0,0.0
0,0.23547106055130876
0,0.0
0,0.0
0,0.12424362491569994
0,6.546334271404736e-05
0,0.17796140004937538
0,0.17688026824383607
0,0.0
0,0.0
0,0.0
0,2.0876826722338202e-05
0,9.052924791086351e-05
0,0.0
0,0.0
0,0.17038693899083235
1,0.250772399052071
0,0.0
0,0.1659683977657343
0,0.3588533299784672
0,0.13815942199400882
0,0.0
0,0.0
0,0.0
0,0.0
0,0.0
0,0.0
0,0.0
0,0.0
0,0.17116524434144767
0,0.0
0,0.0
1,0.47848030623514914
0,0.0007434348232709351
0,0.0
0,2.0876826722338202e-05
1,0.9882806416176905
0,0.0
0,0.0
0,0.0
0,7.458702342817663e-06
0,0.15321426174587405
0,0.27481025095039074
0,7.458702342817663e-06
0,0.0
1,0.4013081619870125
0,0.0
0,0.21673932720306957
0,0.15993070525064523
0,7.458702342817663e-06
0,0.0
0,0.0
0,0.0
0,0.17851471648414552
0,0.0
0,0.0
0,0.0
0,0.0
0,0.0
0,0.30606756185899997
0,0.0
0,0.0
0,0.0
0,7.458702342817663e-06
0,0.0
0,0.0
0,0.0009187129392779645
0,0.0
0,0.0
0,0.0
0,0.16116298714823749
0,0.02981689780804318
0,0.2938952335537065
0,7.458702342817663e-06
0,0.0
0,0.20708678284562687
0,0.0
0,0.0
0,0.1679190318125664
0,0.0
0,0.0
0,0.0
0,0.2531030886034509
1,0.4794548639005267
1,0.39775378335055156
0,0.20634205652019336
0,0.0
0,0.0
0,0.41342375228690165
0,0.0
0,0.2955209962969994
0,0.28215591717089306
0,0.0
0,0.0
0,0.0
0,0.0
0,0.0
1,0.22180829416343684
0,0.0
1,0.424345571904999
0,0.17489444262528156
0,0.0
0,0.12231660838846053
0,0.018695152343376917
0,0.37568719379578275
1,0.3458754047377073
1,0.41414506935486967
0,0.0
0,0.00012121212121212121
0,0.0
0,0.20092729936733306
0,0.0
0,0.0
0,0.0
1,0.4472887980502523
0,0.0
0,0.5349784339579222
0,0.0
0,0.0
0,0.2551231237795082
0,0.03608156367619156
0,7.458702342817663e-06
0,0.0
0,0.0
0,0.0
0,0.0
0,0.18171646641465106
0,0.0
0,0.0
0,0.13665273340633283
0,0.0
0,0.4523751587234626
1,0.27059523005829333
0,0.16112421532541618
0,0.0
0,0.0
0,0.0
1,0.2621315844603979
1,0.41557331026852345
0,0.0
0,0.25760329436020557
0,0.0
0,0.0
0,7.458702342817663e-06
0,0.0
0,0.17466637931210666
0,0.38439975384358804
1,0.29730527740123536
0,0.0
0,0.18509738201636247
0,0.0
1,0.317026280194348
0,0.0
0,0.21773186041293202
0,0.0
1,0.41675604062092786
0,0.0
0,0.0
0,0.0
0,0.0
0,0.0
0,0.0
0,0.07056290013523893
0,0.12865083208736125
1,0.35933042065147064
0,0.1968390726594451
0,0.1849633854579144
0,0.0
0,0.0
1,0.18914185112337412
1,0.2831738880059717
0,0.31302761686711633
0,0.0
0,0.0
0,2.0876826722338202e-05
0,0.43284731662266546
0,0.14053798107873958
0,0.16933171904974104
0,0.0
0,0.0
0,0.0
0,0.0
0,0.0
0,6.546334271404736e-05
0,0.12997194678980128
0,0.0
0,0.17328935229330894
0,0.23393799494556178
0,0.0
0,0.00030778811257615806
0,0.0
0,0.0
0,0.0
0,0.33589791287802556
0,0.229771547100781
0,0.0
0,0.0
0,0.2674341287018901
0,0.0
0,0.0
0,0.0009187129392779645
0,0.0
0,0.6593175792445537
0,0.010012490417112283
0,0.0
0,0.0
0,0.0
0,0.0
0,0.0
0,0.0
0,0.07200557251083645
0,0.0
1,0.28573174427335274
0,0.18502897669000617
0,0.0
0,0.0
1,0.41712368658510107
0,7.458702342817663e-06
0,0.17283611479196395
0,0.0003333333333333333
0,7.458702342817663e-06
0,0.0
0,0.00012121212121212121
0,0.0
1,0.4793211441267144
0,0.5192162990713637
0,7.458702342817663e-06
0,0.0
0,0.0
0,0.690421183601773
0,2.0876826722338202e-05
0,0.008136988914723082
0,1.6863406408094435e-05
0,7.458702342817663e-06
0,0.0
0,1.6863406408094435e-05
0,0.16863257240186427
0,0.0
0,0.0
0,0.28646119899547723
0,0.0
0,0.0
0,0.0007434348232709351
0,0.0
0,0.0
0,7.458702342817663e-06
0,0.007352185084344812
0,0.0
0,0.310850796569736
0,0.0
0,0.11091214606551324
1,0.6820382481656279
0,0.0
0,0.1465668608311693
0,0.0
0,0.13389223186872315
0,0.0
0,6.546334271404736e-05
0,0.0
0,0.27389943498886127
0,0.0
0,0.0
0,0.0
0,0.0009850514296670877
0,0.0036262969340541584
0,0.1695747586690846
0,7.458702342817663e-06
0,0.0
0,0.0
0,0.0
0,7.458702342817663e-06
0,0.42073115738786504
0,0.0
0,0.0
0,0.22124633335197413
0,0.0
0,0.0
0,0.0
0,0.0
0,0.23570531572251016
0,0.0
0,0.0
0,0.0
0,0.0
0,0.0
0,0.0
1,0.5776736082392976
0,0.0
0,0.0
0,0.0
0,0.0
0,0.0
0,0.0
0,1.6863406408094435e-05
0,7.458702342817663e-06
1,0.33661082062226183
1,0.17932096612755705
0,1.6863406408094435e-05
0,0.0
0,0.3393396512748097
0,0.0
0,0.39249073631997633
0,0.0001450676982591876
0,0.0
0,0.0
0,0.43693452762714236
1,0.19590188604956338
0,0.2740116709312473
0,7.458702342817663e-06
0,0.23225171679196502
0,7.458702342817663e-06
0,0.0
0,0.0
0,0.08156146004457034
0,0.0
0,0.16620829398991482
0,0.0005576382380506092
0,0.2647771621576225
0,7.458702342817663e-06
0,0.19355046364884337
0,0.0
0,0.0
0,0.0
0,0.0
0,0.0
0,0.049417441216671486
0,0.15168892258982455
0,0.0
0,0.0
0,0.0
0,0.42489240057447114
0,0.36811579198619365
1,0.5524671710330644
0,0.0
1,0.36531749984117423
0,0.0
0,0.0
0,0.18440693671064973
0,0.0
0,0.08091974534714408
0,0.0
0,0.015121212121212122
0,0.0
0,0.0
0,0.0
0,0.0
0,0.016377558006939723
0,0.0
0,0.0
0,0.0
0,0.0
1,0.506027673085924
0,0.0
0,0.0
1,0.4479025072020039
0,0.0
0,0.0
0,0.0
1,0.36015075421806436
0,0.0001450676982591876
0,0.0
0,1.6863406408094435e-05
0,0.0
0,0.22672939737104522
0,8.759043918779774e-05
0,7.458702342817663e-06
1,0.29428777611701645
0,0.20032884120997407
0,0.0
0,2.0876826722338202e-05
0,7.458702342817663e-06
0,7.458702342817663e-06
0,0.0
0,0.2909450435500551
0,0.0
0,7.458702342817663e-06
0,7.458702342817663e-06
0,0.0
0,0.0
1,0.9882806416176905
0,0.0
1,0.4244855173199062
0,0.0
0,0.14460266420825688
0,0.0
0,0.08968725035063736
0,0.0
0,0.00025
0,0.0
0,7.458702342817663e-06
1,0.42080285929403355
1,0.9959051607246814
0,0.0
0,0.05105582345158338
0,7.458702342817663e-06
0,0.00011415525114155251
0,7.458702342817663e-06
0,7.458702342817663e-06
0,0.0
0,7.458702342817663e-06
0,0.28494968747873567
0,0.3009669593558723
1,0.30690518462521316
0,0.011843168709816953
0,0.0
0,0.24675641641709664
0,0.1648377015649507
1,0.2978125968757708
0,0.0
0,0.0
0,0.0
0,0.0
0,0.0
0,7.458702342817663e-06
0,0.30095332696910043
0,7.458702342817663e-06
0,0.0
0,0.0
0,0.0
0,0.0
0,0.0
0,0.0
0,0.0
0,0.22244877861419815
0,0.0
1,0.5754334964093112
0,0.0
1,0.46833238614279815
0,0.14391564295344572
0,0.14821193012679534
0,0.0
1,0.5899250312435474
0,0.0
0,1.6863406408094435e-05
0,0.0
0,0.0
0,0.006509198924537694
0,0.31651913190415126
0,0.0
0,0.4209286502809216
0,7.458702342817663e-06
0,0.5763218132402854
0,7.458702342817663e-06
0,0.0
0,0.2028735463675725
0,0.07721233075866007
0,0.004056118226151534
0,0.0
0,0.17998553423306374
0,0.26132366953725383
1,0.47818972079438693
0,0.0
0,0.0
0,0.005269476372924648
0,0.0
0,0.0
0,0.01898663617723113
0,0.3234589843731104
0,0.0
0,0.0
0,2.9585798816568047e-05
0,0.0
0,0.0
0,0.0
0,0.17267262409794587
0,0.0
0,0.0
0,0.1796128419910274
0,0.2606727274762058
0,0.0
0,0.22936543250285457
0,0.0
0,0.0
0,0.0
0,0.0
0,0.0
0,0.0
0,0.0
0,0.0
0,0.2020978998947663
0,0.1757524003333629
0,0.16698080073555663
0,0.0
0,0.1760575481486867
0,7.458702342817663e-06
0,0.00018867924528301886
0,0.184494073959304
0,0.0
0,0.1762920964807964
0,0.0
1,0.6833588931268766
0,0.0
0,0.1486787358685115
0,6.546334271404736e-05
0,0.09996441280098002
0,0.0
0,6.546334271404736e-05
1,0.4492432028912618
0,0.0
0,0.19317877322543514
0,0.0
1,0.47921898846234273
0,0.0
0,1.6863406408094435e-05
0,0.0
0,0.005
0,2.8735632183908045e-05
1,0.19052636591584263
0,0.14372926589001928
0,0.03117572231792906
0,0.0
0,0.09875375248015861
0,0.19181087400364294
0,0.0
1,0.6390574489769161
1,0.2689765431727202
0,2.0876826722338202e-05
0,0.0
1,0.7031912964825484
0,0.38232516387321624
0,0.0
0,0.0
0,0.0
0,0.0
0,0.4086495157746697
0,0.0
0,0.16722316184242697
0,0.00011336029813917402
0,0.15082983969366365
0,0.1787444613875987
0,2.0876826722338202e-05
0,0.0
0,0.17735441104849528
0,0.0
0,0.11907178908923681
0,0.005029585798816568
0,0.4120996820996358
0,0.0
0,0.0
0,0.0
0,0.0
0,0.14213536112016187
0,0.0
0,0.0014271198166645046
0,0.0
0,0.0
1,0.16009333304057935
0,0.0
0,0.23527199617290379
1,0.5216671643456507
0,0.0
0,7.458702342817663e-06
1,0.6436559784526227
1,0.7127524808880495
0,0.0
0,0.0
0,0.031239498416990384
0,0.2183176354186532
0,0.0
0,0.00011336029813917402
0,0.006509198924537694
0,0.0
0,0.0
0,0.33049840257448193
1,0.7005134604122485
0,0.0
0,0.027399096704024403
0,0.0
1,0.259069728441115
0,0.018847899146063166
0,0.0
0,0.4207626018453692
0,0.0
0,0.17068313527405027
0,0.0
0,0.011553045611526775
0,0.3181306187575389
0,7.458702342817663e-06
1,0.2585055888314985
0,2.9585798816568047e-05
0,0.003981119791666666
0,0.0
0,7.458702342817663e-06
0,0.0
0,0.0
1,0.22389092120880646
0,0.0
0,0.0
1,0.5781401783815372
0,2.0876826722338202e-05
0,0.0
0,0.1560670378315849
1,0.28103983215698336
0,0.0
0,0.00018867924528301886
0,0.0
0,0.0
0,0.0
0,0.0
0,0.0
0,7.458702342817663e-06
0,0.0
0,0.03139275821431798
0,0.0
0,0.2366849680117676
0,7.458702342817663e-06
1,0.26775238903202186
0,0.16151178982709344
0,0.0
0,0.0
0,0.0
0,0.0
0,0.0
0,0.0
0,0.0
1,0.488462430759438
0,0.25782123604142404
1,0.2168390928996733
0,0.0
0,0.0
0,0.33226799130039875
1,0.42555654179489666
0,0.0
0,0.0
0,0.0
0,0.17091394071548063
0,0.15410944040819707
0,0.0
0,7.458702342817663e-06
0,0.0
0,0.1488835051910283
0,0.0
0,0.002805824580000642
0,0.0009187129392779645
0,0.001793824995991711
0,0.0
0,0.0
0,0.0
0,0.00020113199919142912
0,0.0
0,0.0
0,0.0
0,0.1861760591965893
1,0.34990091344724844
0,0.0
0,0.0
0,0.10287453630302414
0,0.0
0,0.0
0,0.4304869410179735
0,0.21434154446046227
0,0.0
0,0.0
0,7.458702342817663e-06
0,0.0
0,0.0
0,0.0
0,7.458702342817663e-06
0,0.13490798468106385
0,0.0
0,0.28622439278206935
0,0.0
0,0.0
0,0.0
0,0.19685919192558868
0,0.04902073639662375
0,0.0
0,0.0
0,7.458702342817663e-06
0,0.0
1,0.5312352483312924
0,0.0
0,0.22546816238228423
0,7.458702342817663e-06
0,0.2292960244350193
0,0.26792841465439043
0,7.458702342817663e-06
0,0.34103604683879823
0,0.0
0,0.0
0,0.0
0,0.0
0,0.0
0,0.0
0,0.0
0,0.0
0,1.6863406408094435e-05
0,0.20490723081494744
0,0.3352408911426625
0,0.2718777870072968
0,0.0
0,0.0
0,0.0
0,0.0
0,1.6863406408094435e-05
0,0.0
0,0.0
0,0.0
0,0.0
0,0.0
1,0.7550572005124337
0,0.0
0,0.19767307576960044
0,7.458702342817663e-06
0,0.0
0,7.458702342817663e-06
0,0.31027126577753344
0,0.15906960732273964
0,0.0
0,0.0
0,0.0
0,0.0
0,0.0
0,0.0
0,0.28984136449646675
0,0.19082690361292734
0,0.21329520468155524
0,0.018923444875635288
0,0.2967652172000493
0,0.0
0,0.0
0,0.0
1,0.666822191628502
0,0.16895307876671925
0,0.0
0,0.0
0,0.0
0,0.15721658857816453
0,0.0
1,0.3440282838299926
0,0.0
0,0.05765295830580035
1,0.40552207531614753
0,0.23182727812598508
0,0.0
0,0.0
0,0.0
0,0.0025308458290425146
0,0.013974882022232037
0,0.0
0,0.20248936581868054
0,0.0
0,0.0
0,0.0
0,0.18838128085665343
0,0.23494087696565788
1,0.719724631310873
0,0.0
0,0.0
0,7.458702342817663e-06
0,0.0
0,0.0
0,0.0
0,0.0
0,0.0
0,0.22620068020477774
0,0.0
0,0.0
0,0.0
0,0.08556953844418409
1,0.7870591843630862
0,0.1313179702203595
0,0.1490957141238863
0,0.0
0,0.0
0,0.0
0,0.0
1,0.2627421219164494
0,0.0
0,0.42408235246591325
0,0.0
0,0.0
0,0.00031339031339031335
0,0.0
0,0.0
0,0.0
0,0.15588711020657842
1,0.37570876044060114
0,0.0
0,0.0
0,0.0
1,0.7939780366595599
0,0.0
0,0.0
0,0.13314376022101856
1,0.28194776279577455
0,0.0
0,0.0
0,0.21653983991172918
0,0.0
0,7.458702342817663e-06
0,0.0
0,0.26415985555119836
1,0.21035643859407524
0,0.21152815080518172
0,0.0
0,0.0
0,0.4370609615875864
0,0.0
0,0.37393887386827124
0,0.0
1,0.20747445927306107
0,0.25287256889424614
0,0.03282882163786213
0,0.0
0,0.0
0,0.0
0,0.0
0,9.052924791086351e-05
1,0.2369149491514151
0,7.458702342817663e-06
0,7.458702342817663e-06
0,0.0
0,0.0
0,0.4318607306956631
0,0.0
0,0.20535046865727466
1,0.3329697964368167
0,0.0
0,0.193289826620562
0,0.39166002457490123
0,0.3267931535354446
0,0.0
0,0.0
0,0.0
0,0.1842018836763954
0,0.0
1,0.2977143768426125
0,0.0
0,0.22929849060773633
0,0.0
0,0.17150274215489497
0,0.0
0,7.458702342817663e-06
0,0.1388269960972119
0,0.28242553733518166
0,0.0
1,0.20092125718367482
0,0.0
0,0.033094526517109736
0,0.00034079203567615097
0,0.0
0,0.15672497352407522
0,0.0
0,0.14733107037612175
0,0.15121236907531457
0,0.0
0,0.16178160657493718
0,0.0
0,0.0
0,0.0
0,0.0
0,0.005
0,0.16778389816539088
1,0.3367323735755731
0,0.0
0,0.0
1,0.8615887193116248
0,0.30460740970568834
0,0.0
0,0.043889913405850266
0,0.0
0,0.0
0,7.458702342817663e-06
0,0.0
0,0.0
0,0.0
0,0.3393308254641928
0,0.19037296762536918
1,0.5072941146938313
0,7.458702342817663e-06
0,0.20318748182517102
0,0.0
0,0.0
0,0.3454724880837315
0,0.0
0,0.0
0,0.22193418848628257
0,0.0
0,0.0
0,0.00020113199919142912
0,0.0
0,0.29357342838843553
0,0.0
0,7.458702342817663e-06
0,7.458702342817663e-06
0,0.24742255603540683
0,0.07216936007402838
0,0.0
0,0.0
0,0.0
0,0.0
0,0.00018867924528301886
0,0.0
0,0.19933630044849676
0,0.2021756370577396
0,0.0
0,0.01052904646527044
0,0.15610831883129847
0,0.0
0,0.0
0,0.0
0,0.0
0,0.0005576382380506092
0,0.29751658099429745
0,0.0
0,0.0
1,0.39045620516214646
0,0.2314084092107423
0,0.0
0,0.1573469112727185
0,0.0
0,0.0
0,0.00024849543327430917
0,0.0
0,0.0
0,7.458702342817663e-06
0,0.0
0,0.0
0,0.0
0,0.0
0,0.0003592400690846287
0,0.0
0,0.0
0,7.458702342817663e-06
0,0.0
0,7.458702342817663e-06
0,7.458702342817663e-06
0,0.0
0,0.0
0,7.458702342817663e-06
0,0.42726976384151444
0,0.0
0,0.1246223796089264
1,0.4341384627159232
0,0.2822135383938686
0,0.00010739265431895795
0,0.14613050223585236
1,0.6031499447664236
0,0.0
1,0.08184755018095488
1,0.6443063469021001
0,0.0
0,0.006371212121212121
0,5.494505494505495e-05
0,0.0
0,0.0
0,0.3393470149249421
1,0.7509815509690473
0,0.43810198301443715
0,0.21046941276249118
0,0.0
0,0.0
0,0.25029865808654395
0,0.0
0,0.020686095413619578
0,0.0
0,0.00020113199919142912
0,0.005
0,0.39635311478617835
1,0.42056296803189314
0,0.0
0,0.0
0,0.3535627151056221
0,0.0
0,0.0
1,0.3041377790784074
0,0.0483403341290715
0,0.0
1,0.2922244430204986
0,0.0
1,0.18604166295947583
0,0.0
0,0.0050732059654442895
0,0.17787951316693998
0,0.27118224906058697
0,0.0
0,0.38551876911615607
0,0.0
0,0.0
0,0.0
0,0.04657647526621936
0,0.0
0,0.0
0,0.0
0,7.458702342817663e-06
0,0.28531410092154635
0,7.458702342817663e-06
0,0.0
0,0.0
0,0.18404620029089092
0,0.0
0,0.0
0,0.37864956158067964
1,0.5276779084934805
1,0.32337514214868995
0,0.2096302848127099
0,0.22145763260586673
1,0.3941864434053548
0,0.16578199802608118
0,0.22588550708371663
0,0.0
1,0.3121928014067467
0,0.0669384103693977
0,0.18676066432473784
0,0.0
0,0.0027089571535728117
1,0.3633105448604597
0,0.0
0,0.4926249470053448
0,0.0
0,0.09651695700138627
0,0.0003333333333333333
0,0.00125
0,0.0
0,0.09494374377619096
0,0.2193053977790715
0,0.0
0,0.0
0,0.1793344117948772
0,0.0
0,0.0
0,0.0
0,0.0
0,0.0
0,0.0
0,0.0
0,0.0
0,0.0
0,0.0
0,0.0
0,0.0
0,0.5291041278789674
0,0.0
0,0.32503093576207137
0,0.30589062909189596
0,0.005635542962738193
0,0.0
0,0.179597103909534
1,0.3624695885904057
0,0.0
0,0.14739335368743883
0,1.3010668748373666e-06
0,0.0
1,0.17944309149019552
0,0.0003333333333333333
0,0.0
0,0.005
0,0.37844673293444175
1,0.43520216363540415
0,0.0
0,0.49433731147675475
1,0.700186638066915
0,0.0
0,0.0
0,7.458702342817663e-06
0,0.0
0,0.0
0,0.17479885105566784
0,0.1663544779975283
0,0.0
0,0.0
0,7.458702342817663e-06
0,7.458702342817663e-06
0,0.0
0,0.0
0,7.458702342817663e-06
0,0.00018867924528301886
1,0.9893492832507635
0,0.0
0,0.22440453361864676
1,0.4990051084688496
0,0.21216072238658323
1,0.40249828570816065
0,0.08394292597096031
0,0.17934439363558724
0,0.0
0,0.0
0,7.458702342817663e-06
0,0.0
1,0.47995172480514503
0,0.07084092693481579
0,0.0
0,7.458702342817663e-06
1,0.30498231874804316
0,0.0
0,0.0
0,0.0
0,0.0
0,0.004830855131614703
0,0.20307436656842678
0,0.0
0,0.0
0,0.0
0,0.0
0,0.0
0,0.0
0,0.0
0,0.0
1,0.3123073559156586
0,0.29974285571018433
0,0.0001450676982591876
0,0.0
0,7.458702342817663e-06
0,0.0
0,0.22772153895737773
0,0.0
0,0.0
0,0.0
0,0.0
1,0.14802623775428556
0,0.18420666228627172
0,0.0
0,0.0
0,0.19152934115038098
0,0.2602604886232012
0,0.0
1,0.18416499985313264
0,0.13949692365866473
0,7.458702342817663e-06
0,0.19490712083383716
0,0.28236719118926906
0,0.00340623624343147
0,0.0029850746268656712
0,0.29645291640097626
1,0.699756019936058
0,0.0
0,0.0
0,0.0
0,0.0
0,0.2216199966443524
0,0.231369311176001
0,0.0
1,0.7466954865824615
0,0.0
0,0.14102170178627943
0,0.0
0,0.0
0,0.0
0,0.0
0,0.01934232637514834
1,0.3593123275926988
0,0.0
1,0.4363315754797854
0,0.0
0,0.0
1,0.18823248739889542
0,0.0
0,0.0003592400690846287
0,0.0
0,0.0
0,0.0
0,0.0
0,0.16513595525562427
0,0.03207708300715113
0,0.005
0,0.0
0,0.0
0,0.0
0,0.13431304164464147
0,0.2618381047548857
1,0.2148404523076228
0,0.0
1,0.4362789122001369
0,0.0
0,0.3419156163369631
0,0.0
0,0.3256052933464072
0,0.0005969430002638617
0,0.0
0,0.3944220387027693
0,0.3153342983236715
1,0.23014032385595243
0,0.0
0,0.7451526849729756
1,0.4451401843056313
0,0.0
1,0.6290322328106909
0,0.0
0,0.24417302558458057
0,0.0
0,0.2822067071030065
0,7.458702342817663e-06
1,0.1848175722887136
1,0.5133889097601407
0,0.0
0,0.0
0,0.0
0,0.1293269661580654
0,7.458702342817663e-06
0,0.0
0,0.0
0,0.0
1,0.2698620060568004
0,0.0
0,7.458702342817663e-06
0,0.17218952320141678
1,0.44375033293233945
1,0.2449555355685683
0,0.0
1,0.24334124738169535
0,0.0
0,0.0
0,0.42238139555886467
0,2.0876826722338202e-05
0,0.0
0,7.458702342817663e-06
0,2.0876826722338202e-05
0,0.0
0,0.3451360478708947
0,0.22271382284313435
0,0.0
0,0.48068729469527993
0,7.458702342817663e-06
0,0.33189319138718565
0,0.0
0,0.0
0,0.0
0,0.4325020886013021
0,0.0
0,0.0
0,7.458702342817663e-06
0,0.0
0,0.0
0,0.3302806937244085
1,0.40602638068440905
0,0.0
0,1.6863406408094435e-05
0,0.0
0,7.458702342817663e-06
1,0.16712405721886048
0,0.011356427242548458
0,0.0
0,7.458702342817663e-06
0,0.16518047606444966
0,0.0
0,0.0
0,0.0
0,0.0
0,0.0
0,0.2987734219659077
0,0.0
1,0.36041502647260015
0,0.0
0,0.18660305929048882
0,0.16030485606881084
0,0.2683439886479155
0,0.0
0,0.0
0,0.3693198061707552
0,0.0
0,0.0
1,0.754157123964719
1,0.20842084319449378
0,0.15949330086795432
0,0.0
0,0.0
0,0.0002941176470588235
0,0.0
0,0.0
0,0.2322458896099441
0,0.0
0,0.0
0,0.0
0,0.0
0,0.0
1,0.4393946314192673
0,2.0876826722338202e-05
0,0.0
0,0.0
1,0.43184790243461485
0,0.0
0,0.0
0,0.0
0,0.0
0,0.0
0,0.19999456137395363
0,0.2634690645824017
0,0.0
0,0.0
0,0.0
0,7.458702342817663e-06
0,0.0
1,0.4794351647061734
0,0.0
0,0.0
1,0.2825674459057289
0,0.0
0,0.0
0,0.0
0,0.19145293386220408
0,0.0005576382380506092
0,0.0
0,0.0
1,0.2679230605440894
0,0.0
0,0.0
0,0.0927391522699308
0,7.458702342817663e-06
0,0.0
0,0.0005969430002638617
0,7.458702342817663e-06
0,2.0876826722338202e-05
0,0.31100824549052275
0,0.0
0,0.31439669443482726
0,0.17391910062578186
0,0.0
1,0.5005807202375151
0,0.0
0,0.08990808093847072
0,0.0
0,0.152940422990257
0,0.0007142857142857143
0,0.0
1,0.19966069955907897
0,0.16617090755422054
0,7.458702342817663e-06
0,0.17563833272732626
1,0.8666328053548102
0,0.0
0,0.1609008350630675
0,0.0
0,0.0
1,0.42939648080072146
0,0.00020113199919142912
0,0.30876250285459544
1,0.1789426729305675
0,0.0
0,0.0
0,0.16182680104839178
0,0.4893192556528289
0,0.22061916184749036
1,0.3742220523453615
0,0.005442833454557114
0,0.0
0,0.2484378629216111
0,0.0
0,7.458702342817663e-06
0,0.0
0,7.458702342817663e-06
0,0.0
0,0.10337299665653886
0,0.0
0,7.458702342817663e-06
0,0.30844414959956357
0,7.458702342817663e-06
1,0.2165813784600362
0,0.0
0,0.0
0,7.458702342817663e-06
0,0.0
0,0.0
0,0.0
0,0.3718902699709401
0,0.33746186798377165
0,2.0876826722338202e-05
0,0.0
0,0.0
0,0.19222404992834646
0,0.0
0,0.0029388947110423496
0,0.0
0,0.273042168745856
0,0.0
0,0.2191536517528283
0,0.000755461811285255
1,0.42859207137294597
0,0.0
0,0.23201341594889766
0,0.19306373726981843
0,0.18862218007693088
0,0.21653117918820858
0,0.0
0,0.10606833984298346
0,0.0
1,0.4030048192945956
0,1.3010668748373666e-06
0,0.3985790201406876
0,0.0
1,0.3315219021899741
0,7.458702342817663e-06
0,0.3537300167408686
0,0.0
0,0.0
0,0.29102543773822154
0,0.24891705745510212
0,0.30591050858916696
0,0.2602638470698882
0,0.2353039605578441
0,1.6863406408094435e-05
0,0.0
0,0.006344575898622446
0,0.0
0,0.18539050388301337
0,0.0
0,0.0
0,0.14883464480772893
0,0.00020113199919142912
0,0.15843360073179194
0,0.0
0,7.458702342817663e-06
0,0.2366629468528729
0,0.17852804843820955
0,0.19134055975388026
1,0.37345795197334897
0,0.0
0,0.0
0,0.0
0,0.0
0,0.0
0,0.0
0,7.458702342817663e-06
0,2.0876826722338202e-05
0,0.29993222839510847
0,0.17237616990846902
0,0.0
0,0.31157390516564215
0,0.0
0,0.1726660406694908
0,0.0
0,0.0
0,0.1481439497748845
1,0.41184159531250897
0,0.0
0,0.0
0,0.2305074389016989
0,0.0
0,0.0
0,0.0
0,7.458702342817663e-06
0,0.0
0,0.0
0,7.458702342817663e-06
0,0.0
0,2.0876826722338202e-05
0,0.0
0,0.0
0,0.0
0,0.0
0,0.3490584040020802
0,0.000545074702456318
0,0.0
1,0.9161721694823235
0,0.006580141312249066
0,0.0
0,0.0
0,0.0
0,0.1354223555731103
0,0.0
0,0.0
0,0.16060920599765668
0,0.15488487135350826
0,0.0
0,0.0
0,0.2492225006419429
0,0.0
0,0.14615899522886092
0,0.0
0,0.002805824580000642
1,0.3871329125615579
0,0.24799706114070472
0,0.20080407810476383
0,0.27882066413330137
0,0.0
0,0.0
0,0.244350792325414
0,0.1387598538707292
1,0.3155683889496483
0,0.1778946895224804
0,0.0
0,0.0
0,0.0
0,0.0
0,0.0
0,0.13502483490790368
0,0.2289352225591507
0,0.0
0,0.0
0,0.0
0,0.2648448753706749
0,0.0
0,0.0
0,0.15106287484313324
0,2.9585798816568047e-05
1,0.4940276096580365
0,0.011472081936289876
0,0.0
0,0.0
0,0.0
0,0.0010654150942801413
0,0.32705284719260447
0,0.28566466673570373
0,0.0
0,0.0
0,0.19155069786187123
0,0.0
0,0.0
0,0.0
0,0.0
1,0.3166241509555849
0,0.0
0,0.2532870526674178
0,0.0
0,0.0
0,0.2316183484352925
0,0.44555141133842063
0,0.0
0,0.0
0,0.03778979297311847
0,0.3550945606439171
0,0.13436409763409626
1,0.5300613752872776
0,0.0
0,7.458702342817663e-06
0,0.0
0,0.0
0,0.0
0,0.0
0,0.0
0,0.0
0,0.0012503781370014273
0,0.0
0,0.0
0,0.4270952632861475
1,0.3165747620603516
0,0.3398856943700372
0,0.0
0,7.458702342817663e-06
0,0.0
0,0.0
0,0.20292441898840477
0,0.0
0,0.0
0,0.0
0,0.0
0,0.00017050218060368723
0,0.0
0,0.0
0,0.0
0,0.0
0,0.0
0,0.00010309278350515463
0,0.00018867924528301886
0,0.0
0,0.1879604320451619
0,0.0
0,0.00011336029813917402
0,7.458702342817663e-06
0,0.0
0,0.0
0,0.0
0,0.12791632600318198
0,7.458702342817663e-06
0,0.0
1,0.8477277718451417
0,0.0005576382380506092
0,0.0
0,0.0
1,0.3179145638369535
0,0.0
0,0.0
0,0.0
0,0.0
0,0.13044466760341086
0,0.18835565625848547
0,0.0
0,0.1629898036653983
0,2.0876826722338202e-05
0,0.0
0,0.0
0,0.0
1,0.4791746128904443
0,0.18756189249618635
0,0.0
0,0.0
0,0.2364943924547664
0,7.458702342817663e-06
0,0.00011415525114155251
0,0.0
0,0.12511976447577447
0,0.24561018879609517
0,0.3672672408885649
0,0.0
0,0.0
0,0.20407469069200318
0,0.0004968817649848797
1,0.4574902558954019
0,0.0
1,0.39863306683142335
0,0.17176490407020725
0,0.0
0,0.0
0,7.458702342817663e-06
0,2.9585798816568047e-05
0,0.0
0,0.0
0,0.24819163542126943
0,0.15055729629736628
0,0.07902923149116714
0,0.06820080118254584
0,0.0
0,0.19985033555313259
0,0.0
0,6.546334271404736e-05
0,0.0
1,0.47653917346969926
0,0.3763239129499998
0,0.0
0,0.258737540170604
1,0.3802207420726096
0,0.0
0,0.0
0,0.0
0,0.0
0,0.004871549158719997
0,0.0
0,0.1819054944479275
0,0.06856121207913334
0,0.1434697711172416
0,0.2822939163890265
1,0.1600358687967377
0,0.33699866283663205
0,0.0
0,0.07039285817284131
1,0.17698615538918838
0,0.0
0,0.0
0,0.0
0,0.1958958271925615
0,0.0
0,0.0
0,0.3159467030998499
0,0.0
1,0.2048927501957965
0,0.0
0,0.0
0,0.13617622391157483
0,0.002805824580000642
0,0.24270069587809387
0,0.0
0,0.0
0,0.0
0,0.0
0,0.0
0,0.0
0,0.0
0,0.0
0,0.0
0,0.15928398956841433
0,0.0
0,0.0
0,1.3010668748373666e-06
0,0.0
1,0.9788033782052019
1,0.3305087099741694
0,0.00923332492981611
0,0.00011415525114155251
0,0.0
0,0.0
0,0.0
0,0.1258990506854823
0,7.458702342817663e-06
0,0.005738608429654652
0,0.0
0,0.0007434348232709351
0,0.23023592103836102
0,0.38992177583881193
1,0.38237527555190964
0,0.0
0,0.3471635459055891
0,0.0
0,0.0
0,0.0
1,0.3794138799338377
0,0.18693515575277986
0,0.0
0,0.0
1,0.6148984882068094
0,0.0
0,0.2055899901271286
0,0.11491436649649878
0,0.0
0,0.34953922865424836
0,0.0
0,7.458702342817663e-06
0,0.0
0,0.4080990747662311
1,0.31950442319577554
0,0.0
0,0.0
0,0.0
0,0.0
1,0.3733697925983378
1,0.4611123616053237
1,0.24670466841859845
0,0.0
0,0.26381152317822054
0,0.0
0,0.12487260025687093
0,0.0
0,0.0
0,0.18015107143020578
0,0.0
0,0.15258961445138752
0,0.013608247422680414
0,0.0
0,0.0
0,0.0
0,0.0
0,0.0
0,0.593028792056519
0,0.0
0,0.005329514697920895
0,0.0
0,0.0
0,0.170912591075019
0,0.0
1,0.45582563786183306
0,0.0
0,7.458702342817663e-06
0,0.46099545994113117
0,7.458702342817663e-06
0,0.4027557269093676
0,0.0
0,0.0
0,0.00020113199919142912
0,0.0
0,0.0
0,0.0
0,0.0
0,0.0
0,0.0
0,0.030734838508016647
0,0.0
0,0.0
0,7.458702342817663e-06
0,0.0
0,0.0
0,0.0
0,0.0
0,0.0
0,0.22836142753928088
1,0.5938620421752401
1,0.4881044102045551
0,0.09938226786893631
0,0.21092887144784125
1,0.20920955628087973
0,0.0
0,0.17164309397568053
0,0.0
0,0.0
1,0.1696568711464387
0,0.37355574185790347
0,0.24155656086825647
0,0.24515883139402755
0,0.28240935455312305
0,0.31766042414929135
0,0.2801346559470019
0,7.458702342817663e-06
0,0.0
0,0.0
0,0.0
0,0.0
0,0.0
0,0.0
0,7.458702342817663e-06
1,0.8136288760285997
0,0.0
0,7.458702342817663e-06
0,0.0
0,0.1802305902985808
1,0.6202216636895959
0,1.6863406408094435e-05
0,0.0
0,1.3010668748373666e-06
0,0.0
0,0.0
0,0.0
0,0.0
0,0.0
0,0.16166626192493244
0,0.0
0,0.0
1,0.48306812794169063
0,0.0
0,0.0
1,0.8647997795847996
0,7.458702342817663e-06
0,0.0
0,0.0
0,0.0
0,0.0
0,0.0
0,0.0
0,0.16977767802067892
0,0.0
1,0.49534413704142877
0,0.0
0,0.0
0,0.24359551313872654
0,0.0
1,0.31083657589478025
0,0.0
0,0.31443764722644124
0,7.458702342817663e-06
0,0.0
0,0.0
0,0.19631894414109433
0,0.0
0,0.12932885620738277
0,0.0
0,0.0
0,0.0
0,0.0
0,0.028432406341655156
0,7.458702342817663e-06
0,0.2486742858603198
0,0.0
1,0.5454478266240338
1,0.41468480040460426
0,0.3030821738970087
0,1.6863406408094435e-05
0,0.0
0,0.0
0,0.0
0,0.0
0,0.0
0,0.0
0,0.0
0,0.1605224647284036
0,0.0
0,0.1375786131895544
0,0.0
0,7.458702342817663e-06
0,0.0
0,0.16844243525494224
0,0.0
0,0.0
0,0.0
0,7.458702342817663e-06
0,0.0
0,0.00015211998806165464
0,0.0
1,0.8600328307334416
0,0.0
0,0.14808723774589153
0,0.015
0,0.0
0,0.0
0,0.0
0,0.24426859693607297
0,0.0
0,0.17233771741384565
1,0.24041840517958224
0,0.0
1,0.2486624315997558
0,0.02109211771701464
0,0.1600270473177366
0,0.3067779146100744
0,6.546334271404736e-05
0,0.0
1,0.21672893520112435
0,0.0
0,0.0
0,0.0
0,0.18917067906636353
0,0.0
0,7.458702342817663e-06
0,7.458702342817663e-06
1,0.4539103922013005
0,0.0
0,0.0
0,0.0
0,0.17565618924587734
0,0.14841926383484064
0,0.18190426094609408
0,7.458702342817663e-06
0,0.1552892396511147
0,1.6863406408094435e-05
0,0.0
1,0.25549587068404045
0,0.3402842992630557
0,0.5805066126229427
0,0.0
0,7.458702342817663e-06
0,0.17678363893791116
0,0.0
0,0.0
0,7.458702342817663e-06
0,0.0
0,0.22920794281882728
0,0.00020113199919142912
0,0.0
0,0.28362202165819883
0,0.0
0,0.0
0,0.0
0,0.0
0,0.0
0,0.0
0,0.0
1,0.3762185939508539
0,0.0
1,0.18375969969869219
1,0.5970802624608114
1,0.4991865496352878
0,0.17690243721986135
0,0.0
0,0.0
0,0.0
0,0.0
0,0.0
0,0.0
0,0.25953818580328064
1,0.2759526456029612
1,0.39657917116514113
0,0.0
0,0.0
0,0.3428959496245113
0,0.0
0,0.0
1,0.21402000374737856
0,0.20317874483055928
0,0.1421530854204449
0,0.0
0,0.35322224555983966
0,0.02645688848596715
0,0.0
0,0.0
0,0.0
0,0.18748866240532813
0,0.0
0,0.005298533656351881
1,0.16144920475423968
0,0.0
0,0.0
0,0.0
0,0.0
1,0.4802462254342641
1,0.31290655943248114
0,0.0
0,0.011560327024534965
0,0.0
0,0.12693068170368774
0,1.6863406408094435e-05
0,0.29278902658819705
0,0.1925995016955126
0,0.0
0,0.18469037369505273
1,0.22994814695540458
0,0.0
0,0.0
0,0.31117763008302063
0,0.012024126845786444
0,0.0
0,0.0
0,0.0
0,0.0
0,0.0
0,0.06118029762674498
0,0.17108887786783733
0,0.0
0,0.0
0,0.0
0,0.0
0,0.0
0,0.0
0,0.0
0,0.1748011158820168
0,0.2546460820471302
0,0.19155191967086244
0,0.23218292434554827
0,0.0
0,0.20778108684507385
0,0.1532225716279321
0,0.0
1,0.33711271004831006
0,0.0
1,0.6759221825178442
0,0.0
0,0.00024074074074074075
0,0.489525795263964
0,0.22663963055009298
0,0.03009270285177795
0,0.0
0,0.0
0,0.26402762924481743
0,0.0
0,0.2566306795376631
0,0.0
0,0.0027745098039215687
0,0.0
1,0.5357496719524627
0,0.0
0,0.0
0,0.0
0,7.458702342817663e-06
0,0.25434024641149255
0,0.0
0,0.0
0,0.0
0,0.2084563817564517
0,0.0
1,0.24025996802730792
0,0.0
1,0.3286189527857696
0,0.0
0,0.0
0,0.1539902368591694
0,0.21227125599363775
0,0.0
0,0.3560784077193025
0,0.0
0,0.18809152033108872
0,0.0
0,0.0
0,0.0
0,0.170332304939975
0,0.0
1,0.5126600637708745
0,0.0
0,0.0
0,0.3648649408141554
0,0.28251776888543545
0,0.0
0,0.0
0,0.0
0,0.0
0,0.01149728800119062
0,0.0
0,0.0
0,0.24254111075188714
0,0.0
0,0.2584189476499464
0,0.3612244081968686
0,0.0
0,0.0
0,0.0
1,0.24338443594792028
0,0.0
0,0.0
0,0.4012812840786515
0,0.2585978521081632
0,0.0
0,0.0
0,0.0
1,0.4612318852250955
0,0.0
0,0.03867382042742576
0,1.3010668748373666e-06
0,0.0
0,0.0
0,0.0
0,0.0
0,0.0
0,0.22924253479210102
0,0.0
0,0.004580635592103018
0,0.0047826045294259364
0,0.19053072314313277
0,0.0
0,0.13062361191030056
0,0.0
1,0.4006199090149488
0,0.0007434348232709351
0,0.0
1,0.4512751943321938
0,0.31028654999806793
1,0.38239930412848594
0,7.458702342817663e-06
0,0.18968355906786574
0,0.4354972296615036
0,0.0
0,0.2146184268689779
0,0.10794663841636723
0,2.0876826722338202e-05
0,0.37066396372588545
0,0.0
0,0.0
0,0.13474409024601758
1,0.22175283245119087
0,0.3317293307429567
0,0.0
0,0.0
0,0.0
0,0.0
0,0.0
0,0.046128445269806875
0,7.458702342817663e-06
1,0.18516505664240776
1,0.8282388628728568
1,0.4996819535213434
0,0.0
0,0.0
1,0.43607124920267026
0,0.0
0,0.15800493133958068
0,0.0
0,0.45930185966859505
0,0.1340970707227411
0,0.0
0,0.3021047336445111
0,0.0
1,0.30327092134007455
0,0.0
0,0.011953484638338598
0,0.0
0,0.0
0,0.0
0,0.26279620695196293
1,0.3972465583912668
1,0.18817359179753052
0,0.25923074419043796
0,0.0014102564102564101
0,0.0
0,0.0
0,0.4268417833774134
0,7.458702342817663e-06
1,0.6280016313389665
0,1.3010668748373666e-06
0,7.458702342817663e-06
0,0.20799000691085737
0,7.458702342817663e-06
0,0.0
0,0.0
0,0.18782777348791846
0,0.14958247868095265
0,0.0
0,0.00034079203567615097
1,0.30439242556870477
1,0.3994363507776027
0,0.0
0,0.0
0,0.17399403659321375
0,0.1625022344323439
0,0.0
0,0.0
0,0.0
0,0.0
0,0.0
1,0.8666965028389769
0,0.0
0,0.0
0,0.009873747428459766
0,0.0
0,0.032340549211685395
0,0.0
0,0.0
0,0.0
0,0.0
1,0.38781720663018715
0,0.1378147919396116
0,0.00034079203567615097
0,0.0
0,0.0
0,0.0
1,0.2521482358986058
0,0.2806229125925628
0,0.0
0,0.0
1,0.19442910574921854
0,0.15345871366259997
0,2.0876826722338202e-05
0,0.3506976033165903
0,0.0
0,0.0
0,0.0
1,0.4987142363905272
0,0.0
0,0.0
0,0.0
0,0.00011415525114155251
0,0.0
0,0.0
0,7.458702342817663e-06
0,0.0
0,0.3000656389884061
0,0.0
0,0.0
0,0.3158193636828629
0,0.0
0,0.15097590062776478
0,0.1703619209507892
0,0.0
0,0.0
0,0.0
0,0.14381123553711717
0,0.0
0,0.22224719647194
0,0.0
0,7.458702342817663e-06
0,0.0
0,0.0
0,0.0
0,0.3557060249704885
0,0.0
0,7.458702342817663e-06
1,0.29248936008883175
0,0.0
0,0.0
0,0.0
0,0.012696610965438497
0,0.22794349816044981
0,0.0
0,0.0
0,0.14011727915717695
0,0.28490309055469465
1,0.44449578347662133
0,0.0
0,0.0
0,0.18487669150085734
1,0.3931529709462693
0,0.0
0,0.2496065697611565
1,0.6633694979839869
0,0.0
0,0.0
0,0.0
0,0.0
0,0.00016594452498152582
0,7.458702342817663e-06
0,0.0
0,0.0
0,0.21398040461548035
0,0.0
0,0.0
0,0.12393726488588021
0,7.458702342817663e-06
0,0.0
0,0.0
0,0.0
0,0.0
0,7.458702342817663e-06
0,0.31709918304931917
1,0.15577650051953323
1,0.2503836058405845
0,0.0
0,0.4675224457376133
1,0.3578160091002903
1,0.47890150960355043
0,0.1487857242681449
0,0.309043471511758
0,0.16328686167912884
1,0.38748294586625825
0,0.0
0,0.15871134297180378
0,0.0
0,0.0
0,0.0
0,0.0
0,0.1735628725603571
1,0.21558563203896658
0,0.0
0,0.04296798241859823
0,0.21584145088977075
1,0.1726457594221747
0,2.0876826722338202e-05
0,0.13161304739218763
0,0.0
0,7.458702342817663e-06
0,0.3561919470036676
1,0.4326366825786662
0,0.0
0,0.0
0,0.032181453770705276
0,0.28018884565435637
1,0.435010115576803
0,0.0
0,0.08394918438261179
0,0.0
0,0.0
0,0.0
0,0.0019311272896526733
0,0.0011061344956791836
0,0.3914941686103573
0,0.0
0,0.4141511982544877
0,2.0876826722338202e-05
0,0.007072124544392016
0,0.0
0,0.0
0,0.4295046244428176
0,0.011226880491727315
0,0.0
1,0.5325585597097755
0,0.12119578847520864
0,0.0
0,0.0001450676982591876
0,0.0
0,0.2281826460307793
0,0.0
0,0.0007103641778831258
0,0.0
0,0.018756117754149072
0,7.458702342817663e-06
1,0.5102238945227074
0,0.0
0,0.0
0,0.0
0,0.0
0,0.0
0,0.0
0,0.005
0,0.36141200316718086
0,0.17336020752356945
1,0.3415951708269923
0,0.0
1,0.34141490515000883
0,0.00011336029813917402
0,0.11860493829387223
0,0.0
0,0.0
0,0.08151615931705321
0,0.0
0,1.3010668748373666e-06
0,0.0
0,0.2719663782924714
0,0.0
0,0.0
0,7.458702342817663e-06
0,0.23371239609034342
0,0.18557396598906992
0,0.0
0,0.0
0,7.458702342817663e-06
1,0.37898646316012913
0,0.18344910539524456
0,0.0
0,0.0
0,0.0
0,0.0
0,0.436310987473464
0,0.0
0,0.0
0,7.458702342817663e-06
0,0.0
0,0.27106347626108146
0,0.0
1,0.31045702446134366
0,0.2960498802631006
0,0.17262413134170315
0,0.16793085930510762
0,0.4462626758045519
0,0.0
0,0.0
0,0.13541547671830917
0,0.1856256844355055
0,0.0
0,0.0
0,0.21420425841988913
0,0.0
1,0.48060534601209537
0,0.1609157019908176
0,0.0
0,0.0
0,0.0
0,0.0
0,7.458702342817663e-06
0,0.43064456434456005
0,0.0
0,0.2775721732432544
0,7.458702342817663e-06
0,0.0
0,0.0
0,0.0
0,0.0
0,0.16776054792010536
0,0.0
0,0.18241244595545236
0,0.07301327506022452
0,0.0
0,0.25242970733141273
0,0.22806291174885004
1,0.7509815509690473
0,0.007404565941768812
1,0.4974631353244849
0,0.0005283135752398788
0,0.006410750433545431
1,0.3989683310795413
0,0.0
0,0.19515009364823627
0,0.0
0,0.20617334957870453
0,0.0
0,0.0
0,0.0012745098039215685
0,0.0
0,0.0
0,0.15910220880217424
0,0.0
0,0.0
0,0.0
0,0.0
0,0.175407641463078
0,0.0
0,0.0
0,0.0
1,0.7892690412460938
0,0.0
1,0.7393853000908501
0,0.0
0,0.0
0,0.0
1,0.45410099163935824
0,7.458702342817663e-06
0,0.2500605871562852
0,0.15714375600456873
0,7.458702342817663e-06
0,0.21327971694770992
0,0.0
0,0.35931914348658855
0,0.0
0,0.0
0,0.0
0,0.0
0,0.3182129912708742
1,0.1737595444518125
0,0.0
0,0.0
0,0.1918411857314511
0,0.0
0,0.0
0,0.4189849443369878
0,0.22386937733419057
0,0.0
0,0.0
0,0.0
0,0.0006263527909261533
1,0.5306309905908688
0,0.0
0,0.0
0,7.458702342817663e-06
0,0.01407455009297858
0,0.12857254335909887
1,0.4520157988192522
0,0.0
1,0.5308657686161821
0,0.0
0,0.0
0,0.0
1,0.4858737915332554
0,0.0
1,0.15593047695236215
0,0.0
0,0.20887111090315788
0,0.0
0,0.0
1,0.47449688419773906
0,2.0876826722338202e-05
0,0.3803270612513179
0,0.0
0,7.458702342817663e-06
0,7.458702342817663e-06
0,0.0
0,0.0
0,0.0
0,0.0
0,0.4379090428554133
0,0.0
0,7.458702342817663e-06
0,0.17170381514701447
0,0.15108623108871236
0,0.0
0,0.0
0,0.26540839063047234
0,0.0
0,0.0
0,6.546334271404736e-05
0,0.0
0,0.008288116872122742
0,0.0
0,0.022550133332960333
0,0.0
0,0.0
0,0.0
0,0.0
0,0.0
0,0.35784101229167925
0,0.0
0,0.347323266545928
0,0.0
0,0.2310560600706664
0,0.37514790459436986
0,0.3235376272678142
0,0.0
0,0.0
0,0.0
1,0.7825822723861742
1,0.4274932998973712
0,0.942090267649396
0,0.0
0,0.0
0,0.0
0,0.2067520128969003
0,0.0
0,0.0
1,0.43748238954029395
0,0.01551150514850749
0,0.0
0,7.458702342817663e-06
1,0.6535845738021606
0,0.0
0,0.0
0,0.0
0,0.0
0,1.6863406408094435e-05
0,0.0
0,0.0
0,0.20816986310532307
1,0.2647789155319605
0,2.0876826722338202e-05
0,0.0
0,0.0
0,0.0
1,0.9185187387083502
0,0.2988599816498894
0,0.07442957740758115
0,0.19878853542423477
1,0.14440558328261308
0,0.0
0,0.0
0,0.0
0,0.0
0,0.37210872861344285
0,0.0
0,0.0
0,0.1760632520760302
0,0.031234056392103363
0,0.17910194530237294
0,0.0
1,0.6223466636895958
1,0.6299181425177856
0,0.0
1,0.848557153457992
0,0.27918058910992605
0,7.458702342817663e-06
0,0.0
0,2.8735632183908045e-05
0,0.0
0,0.0
0,0.0
0,0.0
0,0.2243689983935865
0,0.2460890150727666
0,0.0
0,0.0
0,7.458702342817663e-06
0,0.0
0,0.0
0,0.17624457722697073
0,0.0
0,0.0
0,0.19130535291406534
0,0.0
0,0.0
0,0.0
0,0.0
0,0.1882289417494166
0,0.0
0,0.40341731420496296
0,0.0
0,0.0
0,0.36562562388801284
0,0.22353551621611462
0,0.0
0,0.0
0,0.05360420344431246
0,0.0
0,0.00025351138600495315
1,0.34890271415254
1,0.6708681322317323
0,0.0
0,0.00011415525114155251
0,6.546334271404736e-05
1,0.2257281781148099
1,0.24849176608599816
0,0.0
0,0.0
0,0.023492113217410265
0,0.0
0,0.0
0,0.25305200821107654
0,0.0
0,0.006974721946989418
0,0.00018018018018018018
0,0.0
0,0.5245751056832905
0,0.14723315680854765
0,0.0
0,0.0
0,0.21298289370235135
0,0.2092348038608368
0,0.0
0,0.011280757680050896
0,0.04160893582198491
1,0.5931016825815488
0,0.003333333333333333
0,0.0
0,0.0
0,0.0
0,0.0
0,2.9585798816568047e-05
0,0.0
0,0.0
0,0.03117572231792906
0,0.0
0,0.1908772350606544
0,0.0
0,7.458702342817663e-06
0,0.0
0,0.0
0,2.8735632183908045e-05
0,0.00011336029813917402
0,0.0
0,0.0
0,7.458702342817663e-06
0,0.0
0,7.458702342817663e-06
1,0.6387160120035701
0,0.2192018004487224
0,0.0
0,0.0
0,0.1752609648032155
0,0.0
0,0.13000324812752864
0,0.0
1,0.5797228141531731
0,0.1552200379640037
0,0.0
0,0.0001450676982591876
0,0.0
0,0.14590042718571408
0,0.0
0,0.0
0,0.0
0,7.458702342817663e-06
0,0.00011415525114155251
0,0.19817203067453978
0,0.0
0,0.0
0,0.22665653965287397
0,0.0
0,0.0
0,0.3802343115584744
0,0.0
0,0.1730516247904141
0,0.16925976480927457
0,0.1850195920959634
0,0.0
0,0.18882869165492258
1,0.26367965334439847
0,0.0
0,0.0
0,0.0
0,0.0
0,0.0
0,0.0
0,0.0
0,0.0
0,0.0
0,0.1748542574808453
0,0.2270003793938641
0,7.458702342817663e-06
0,0.0
0,0.0
0,0.0
0,0.0
0,0.0
0,0.0
0,0.0
0,0.0
0,0.0
0,0.0
0,0.0
0,0.0
0,0.0
0,0.0
0,0.5195861040121731
0,0.0
0,0.22194276780127037
0,0.1451567135421492
0,0.0
0,0.14705782100139336
0,0.0
0,0.0
0,0.0
0,0.023696113789856536
0,0.0015
0,0.0
0,0.0
0,0.0
0,0.0
0,0.0004968817649848797
0,0.0
0,0.0
1,0.7104839156741046
0,0.19601590087487739
0,0.0
0,0.0
0,0.0
0,0.19650192413319342
0,0.0
0,0.0001450676982591876
1,0.34764672186927537
0,0.0
0,0.0
0,0.0
0,0.0
0,7.458702342817663e-06
0,0.0
0,0.23947820771802086
0,0.07434072923919653
0,0.0
0,0.0007505773672055427
0,0.01514052013939531
0,0.0
0,0.0
0,0.2558916938675694
0,0.1542131657224698
0,0.0
0,0.0
1,0.5817190049313455
0,0.0
0,0.2206439094761504
0,0.0
0,0.0
0,0.0
0,0.2431037408639189
0,0.0
0,0.26245318551537605
0,0.0
0,0.0
1,0.8623832269595805
0,0.0
0,0.26512221708373773
0,0.15640359240310844
0,0.3892186243650825
0,0.5622559178442725
1,0.20633150905909212
0,0.00011415525114155251
0,7.458702342817663e-06
0,0.0
0,0.0
0,0.0
0,0.0
0,2.8735632183908045e-05
1,0.37357477560017766
0,0.0
0,0.0
0,0.11464650788642507
0,0.0
0,0.0
0,0.13482376678736885
1,0.4987677469707928
0,0.2751410048812705
0,0.0
0,0.08709637355372193
0,7.458702342817663e-06
1,0.44615077613730536
0,0.0
0,0.0
0,0.0
1,0.18981521586167044
0,0.14087414004767532
0,0.0
0,0.0
0,7.458702342817663e-06
0,0.3304093164801707
1,0.37886810704387436
0,0.0
0,0.13084247990419637
0,0.0
0,0.0
1,0.9496155127247927
0,7.458702342817663e-06
0,0.0
0,0.0
0,0.0
0,0.0
0,0.0
0,0.20420667789499533
0,0.0
0,0.0
1,0.7855434037531677
0,0.0
0,0.0
0,0.24332986184145547
0,7.458702342817663e-06
0,0.23710512509166345
0,0.0
1,0.36599329945277786
0,0.0
0,0.23042444412672977
0,0.43088538695943207
0,0.246819828084174
0,0.0
0,0.0
1,0.345652352807062
0,0.29793445942978275
0,0.0
0,0.00242235504250549
0,7.458702342817663e-06
0,0.13546676929883547
0,0.27868129333645475
1,0.38759876234564644
0,0.0
0,0.0
0,0.32763397518556553
0,0.0
0,0.08838427375162759
0,0.0
0,0.0
0,0.0
0,0.0
0,0.0
1,0.3026837587370888
0,0.0
0,0.2672663923232521
0,0.0
0,0.003981119791666666
0,0.0
0,0.0
0,0.0
0,0.17270081931144227
0,0.0
0,0.0
1,0.19674838666662212
0,0.0
0,0.0
0,0.0
0,0.0
0,0.0
0,0.0
0,0.0
0,0.22577282024472375
0,0.0
0,0.0
0,0.0
0,0.41053997510659984
0,0.0
0,0.0
0,0.13227752869414489
0,0.0
0,0.00035829316308120856
0,0.0
0,0.0
0,0.23536929853738747
0,0.0
0,0.2829838579956918
0,0.2979564054009326
0,0.007369226926861381
0,7.458702342817663e-06
1,0.3252194754896203
0,0.4090556086887066
0,0.0
0,0.0
0,0.0003635060901674774
0,0.4648124952057172
1,0.30853869319162863
0,0.0
0,0.0
0,0.18929629433358336
0,7.458702342817663e-06
0,0.24346767643081563
0,0.15078454351801257
0,7.458702342817663e-06
0,0.0
0,0.0
0,0.0
0,0.0
0,0.0
0,0.11897637750330187
0,0.3080607476453572
1,0.7276823398529862
0,0.1929188415582736
0,0.0
0,0.1392782813917977
0,2.0876826722338202e-05
0,0.2049191341202716
1,0.7299922862817687
0,0.0
0,0.0
0,0.0
0,0.0
0,0.0
0,0.0
0,0.0
0,0.20291714685069714
0,0.3183217582959515
0,0.0
0,0.0
0,0.3950187833286231
0,0.0
0,0.0
0,0.0
0,7.458702342817663e-06
0,0.17667928699726992
0,0.0
0,0.0
0,0.0
1,0.3935059181046261
0,0.0
0,0.0
1,0.8179484448675841
0,0.011042443427383648
0,0.0
0,0.0
0,0.0
0,7.458702342817663e-06
0,0.17814915007910034
0,0.16305954060489333
0,0.0
0,0.0
0,7.458702342817663e-06
0,0.0
1,0.9764051607246812
0,7.458702342817663e-06
1,0.39768007001856065
0,0.0
0,7.458702342817663e-06
1,0.3509429486194366
1,0.1816594281968271
0,0.0
0,7.458702342817663e-06
0,0.0010654150942801413
0,0.11874612705863907
0,0.3682257538299918
0,0.0
0,0.02061007621829897
0,0.28560514497547496
0,0.0
0,0.0
0,0.0
0,7.458702342817663e-06
0,7.458702342817663e-06
0,0.0
0,0.0012745098039215685
0,0.0
0,0.0
0,0.0
0,0.16933897375871218
0,0.0
0,0.4361819289350747
1,0.985305915512874
0,1.6863406408094435e-05
0,7.458702342817663e-06
0,0.0
0,0.07297006915067888
0,7.458702342817663e-06
0,0.0
0,7.458702342817663e-06
0,0.0
0,0.0
0,0.0
0,0.02943084055622026
0,0.17494949780613728
0,0.0
0,0.0
0,0.0
0,0.19637151303460798
0,7.458702342817663e-06
0,2.0876826722338202e-05
0,0.0
0,0.0
0,0.47560789524923686
0,0.0
0,0.0
0,0.0
0,0.0
0,0.0
0,0.00025
0,0.0
0,0.2789272533669111
0,0.0
0,0.0
0,0.0
0,0.0
0,0.4422303974962324
0,0.11087831171157539
1,0.17737046005610865
1,0.17432549963717459
0,7.458702342817663e-06
0,7.458702342817663e-06
1,0.20933751423985553
0,0.0
0,0.0
0,7.458702342817663e-06
0,0.0
0,0.1618971008501088
0,0.0
0,0.0
0,0.0
0,0.0
0,0.0
0,0.0
0,0.0
0,0.16583441230377047
0,0.0
0,0.0
0,0.0
0,0.0
0,0.0
0,0.0
0,0.0
1,0.9886041365636788
0,0.1992855386816854
0,0.0
0,0.0
0,0.24032620528759932
0,0.0
0,0.0
0,0.0
0,0.0
0,0.0010714285714285713
0,0.033891271388345
0,0.37339287442038127
0,0.0
0,0.0
0,0.0
0,0.013638688637563812
1,0.2671416014278954
0,0.0
0,0.0
0,0.0
0,0.20199436122955425
0,0.0
0,0.0
0,0.0
0,0.20574379122786624
0,0.0
0,0.0
0,0.0
0,0.1891537307088593
0,0.26101082272147036
0,0.0
0,0.0
0,0.28674690384457174
0,0.0
0,0.0
0,0.0
0,0.1611380557131938
0,0.0
0,0.4001816309596793
0,7.458702342817663e-06
0,0.0
0,0.0
0,0.0
0,0.0
0,0.09942415577530238
0,0.0
0,0.0
0,0.42615858063297934
0,0.0
0,0.0
1,0.3937589855825459
0,0.0
1,0.5955088681328451
0,0.0
0,0.0025308458290425146
0,0.15622669711977016
0,7.458702342817663e-06
0,0.0
0,0.39654405941667265
0,0.5399961660130457
0,7.458702342817663e-06
0,0.008127412312270743
1,0.23341218325916935
1,0.8114780330673969
1,0.43848565661623584
0,7.458702342817663e-06
0,0.0
0,7.458702342817663e-06
0,0.0
0,0.503380090572382
0,0.0
0,0.0
0,0.0
0,0.0
0,0.14703779996734476
1,0.2853554110497514
0,0.4149599238655172
0,0.0
0,0.0
0,0.0
0,0.0
0,0.0
0,0.2298621463216602
0,0.0
0,0.0
0,0.2922040826004932
1,0.3044122786071841
0,0.0
0,0.0
0,0.0
0,0.0
0,0.3104666080961577
0,0.0
1,0.16798988220998784
0,0.0
0,0.0
0,0.0456376476493456
0,0.0
0,0.0
0,0.3062552429714362
0,0.0
0,0.4515788806169101
0,0.0
0,0.0
0,0.18545094287895858
0,0.0
1,0.43285600264002566
0,0.14788838440178803
0,0.0011111111111111111
0,0.12338987535914459
0,0.017504740888926472
0,0.26083791363675934
0,0.0
0,0.0
0,0.0
0,0.0
0,0.2728393218853705
0,0.0
0,0.0
0,0.0
0,0.0
0,0.17579358493111424
0,0.0
0,0.0
0,0.0
0,7.458702342817663e-06
0,0.026097411361784145
0,0.1917804862250233
0,0.0
0,0.16976109292480937
0,7.458702342817663e-06
0,0.0
1,0.7027854040528426
0,0.37670035636389015
0,0.0053495542518049565
0,0.0
0,0.0
0,0.2509617251322145
0,0.0
0,0.0
0,0.0
0,0.2667974460950671
0,0.0
0,0.0
0,0.2278850628211454
0,0.018069105788465902
1,0.6207646314332361
0,0.0
1,0.7297973709452529
0,7.458702342817663e-06
0,0.21301346338156787
0,0.21528006448686715
0,0.10076084169022001
0,0.0
0,0.0
0,7.458702342817663e-06
0,0.3198270817902749
1,0.2110779781632401
0,0.23165447973561673
0,0.0002702702702702703
0,0.0
1,0.26515754821807386
0,0.0
0,0.0
0,0.29371712620410095
0,0.0
0,0.0
0,0.0
0,0.0
0,7.458702342817663e-06
0,0.0
0,0.09399969947645495
0,7.458702342817663e-06
0,7.458702342817663e-06
0,0.0
0,0.0001450676982591876
1,0.4446422099861963
0,0.17539843862777812
0,0.0
0,7.458702342817663e-06
0,0.0
0,0.21200927980603043
0,0.18847575572162975
0,0.0
0,0.0
0,0.0
0,0.1785927685010441
0,0.0
0,0.0
0,0.0
1,0.40654778635160965
0,0.0
0,0.02002873563218391
0,7.458702342817663e-06
0,0.17299816728147718
1,0.2403065397941494
0,0.0
0,0.19373677719311633
0,0.0
0,0.0
0,0.354737883680516
1,0.18588150376311113
0,0.0
0,0.0
0,0.0
1,0.24648566010128536
0,0.0
0,0.011042443427383648
0,2.0876826722338202e-05
0,0.0
0,0.0
0,0.0
0,0.07447999342016126
0,0.24340524102348557
0,0.0
0,0.00018867924528301886
0,0.14976449017654667
0,0.0
0,7.458702342817663e-06
0,0.2484934978791491
0,0.35617638332200807
0,0.0
0,0.011977759957563758
0,0.0
1,0.29062187658327654
1,0.36545898588094006
0,0.31006364067279574
1,0.7297973709452529
0,0.23953289843994255
0,0.2727683828309002
0,0.0
0,7.458702342817663e-06
0,0.20287160830868692
0,0.0
0,7.458702342817663e-06
0,2.8735632183908045e-05
0,0.0
0,0.0
0,0.2534758538122569
1,0.24867337305623757
0,7.458702342817663e-06
0,0.0
0,0.15941484659659025
0,0.0
0,0.1502579818334802
0,0.0
1,0.47486333369723593
0,0.0
1,0.4245797848054316
0,0.0
0,0.14427410222768836
0,0.0
1,0.3965066971885338
0,0.10020954194410685
0,7.23167369023464e-05
0,0.3817829568173286
0,0.1717227563650489
0,0.0
0,0.14842633637814992
0,0.005103092783505154
0,0.0
1,0.28783801739522585
0,0.0
0,0.17607387836936625
0,0.0
0,0.05049501594062006
0,0.02090909090909091
0,0.0
0,0.2734409687630998
0,0.15659935385202764
0,0.0
0,0.0
0,0.23624833042313859
0,0.22465137531006937
1,0.1906465498651111
0,0.0
0,1.6863406408094435e-05
0,0.42579911446063023
0,0.1908893733867801
0,0.0
0,0.0
0,0.0
0,0.0
0,0.0
0,0.23483578551899698
0,0.1743213033344714
0,0.033891271388345
0,0.0
0,0.0007505773672055427
0,0.2832974116445136
0,0.0
0,0.0
0,0.0
0,0.0
0,0.0
0,0.0
0,0.0
0,7.458702342817663e-06
0,0.0
0,0.0
0,0.0
0,1.3010668748373666e-06
0,0.0
0,0.18623652794056766
0,0.19403940876892986
0,0.0
0,0.0
0,7.458702342817663e-06
0,0.0
0,0.0
0,0.0012854757849028301
0,0.0
0,0.01334774201694362
0,0.15829857724607735
0,0.0
0,0.0007692739659813875
0,0.0013690476190476191
0,0.0
1,0.2816732992271634
1,0.4607651733860509
0,7.458702342817663e-06
0,0.17454281413068642
0,0.011647409848783088
0,0.0
0,0.24437072625228265
0,0.0
0,0.0
0,0.3296774597574955
0,0.0
0,0.0
0,0.0
0,0.0
0,0.0
0,0.0
0,0.0
0,0.19908610796455395
0,0.2513277423669649
0,0.23484414569038647
0,0.0
1,0.21584969541541382
0,0.0
0,0.0
0,0.0
0,0.0
0,0.31195568088512127
0,0.0
0,2.0876826722338202e-05
0,0.0
1,0.43122651271729034
0,0.0
0,0.0
0,0.0
0,0.0
0,0.00018867924528301886
0,0.4135012076124371
0,0.0
0,0.2647893968434971
0,0.27582663485629033
0,0.0
0,0.0
0,7.458702342817663e-06
0,0.0
0,0.17895651493962547
0,0.07517401100630437
0,0.007259776291743236
0,0.0
0,0.16244315809445706
0,0.0
0,0.1802095002879986
0,0.0
1,0.31128891728940744
0,0.0
0,7.458702342817663e-06
1,0.45292782642420126
0,0.0
0,0.0
0,0.0
0,0.0
0,0.24772362654250696
0,0.0
0,0.2079993405454906
0,0.1932781151511785
0,0.14806725538722132
0,0.00998177447738221
0,0.0
0,7.458702342817663e-06
0,0.1925224271672159
1,0.5129671136011439
0,0.12560316799397186
0,0.0
0,0.2971690355284017
0,0.0
1,0.3700790061508512
0,0.0
0,0.19678062072784752
0,0.3193025054046527
1,0.2949898931602039
0,0.0
0,0.0
0,0.0
0,7.458702342817663e-06
0,0.0
0,0.582561600890848
1,0.4175078206554609
0,0.0
0,0.0
0,0.006090369638566324
0,0.0
0,0.0
0,0.0
0,0.1363172144081576
0,0.2534741837445063
0,0.0
0,0.0
0,0.3091075963814497
0,0.0
0,2.0876826722338202e-05
0,0.0
1,0.3021552151253917
0,0.0
0,0.0
0,0.39569461649594506
0,0.011846667922369897
0,0.0
0,0.0
0,0.0
0,0.18053123256624987
0,0.4241154234847693
0,0.338838034940054
1,0.22953658666661564
0,0.0
0,0.0
0,0.0
0,0.31775148869283304
1,0.13963289147386007
0,0.0
0,0.0
0,0.0
0,0.17508871486847444
0,0.0
1,0.7241547914258061
0,7.458702342817663e-06
0,0.16417865839574464
0,0.2792578720865785
0,0.0
0,0.0
0,0.0
0,0.011560327024534965
0,0.2947107514468213
0,0.0
0,0.018022007365502943
0,0.0
1,0.34997443516793375
0,0.01961968972785157
0,0.0
0,0.0
0,0.0
0,0.0
0,0.13075069690395227
0,0.42570991395399504
1,0.3222607779276596
0,0.00018867924528301886
0,0.0
0,0.0
0,0.0
1,0.18701144077723872
0,0.0
0,0.0
0,0.08685790550582494
0,0.0
0,0.3281529088225627
0,0.0
0,0.0
0,0.21404285253943459
0,0.0
0,0.25165782781462803
0,0.14703600567546907
0,0.0
0,0.0
0,0.4125481215591116
0,0.0
0,0.2452563177854865
0,0.34357009703282054
0,7.458702342817663e-06
0,0.06238511188310863
0,0.21349177990114698
0,0.23743791583427806
0,0.0
0,0.0
0,0.0
0,0.0019974023286961806
1,0.7707430805164995
0,0.0
0,0.0
0,0.0
0,0.16991511448930216
0,0.10102701420864534
0,0.1614790767192943
0,1.6863406408094435e-05
0,0.0
0,0.34732889045926035
0,7.458702342817663e-06
0,1.3010668748373666e-06
0,0.0
1,0.27552015121666146
0,0.0
0,0.0
0,0.0
0,0.0
0,0.19770290614717523
1,0.19740778714243676
0,0.2363243605493745
0,0.0
0,7.458702342817663e-06
0,0.0
0,0.0
0,0.0
0,0.0
0,0.0
0,7.458702342817663e-06
0,0.1299779376518996
0,0.0
0,0.0
0,0.4219588065297109
1,0.3980282965366178
0,0.18643410455626327
0,0.16135390818573087
0,0.15612527401163223
0,0.21900048290699808
0,0.0
0,0.0
1,0.17767798877135235
0,0.0
0,0.0
0,0.13131481671214884
0,7.458702342817663e-06
0,0.0
0,0.18314700927878175
0,0.0
0,0.0
0,0.0
0,0.0
0,0.0001450676982591876
0,0.24736406550159484
0,0.20370193433242267
0,0.0
0,0.0
0,2.0876826722338202e-05
0,7.458702342817663e-06
0,0.0012745098039215685
0,0.1988577678112806
1,0.27230066776837736
0,0.0
0,7.458702342817663e-06
0,7.458702342817663e-06
0,0.26605101156380995
0,0.18868342355143486
0,0.0
0,0.0
0,0.0
1,0.5903555019054237
1,0.5773757349719899
0,0.0
1,0.4737317660810882
0,0.0
0,0.0
0,0.2527139143236903
0,0.0
0,0.0
0,0.2918767965956515
1,0.17904179781968071
1,0.7433724951630145
0,0.18224150661069338
0,0.0
0,0.0
1,0.8021170866483571
1,0.44549033463740756
0,0.0
0,7.458702342817663e-06
0,7.458702342817663e-06
0,0.34893347115017037
0,0.0
0,0.3720643945215994
0,0.0
0,0.00018867924528301886
0,0.15567436877143995
0,0.0
0,0.0
1,0.41462352119830226
0,0.0
0,0.0
0,0.0
0,0.0
0,7.458702342817663e-06
1,0.34606844524621666
0,0.0
0,7.458702342817663e-06
0,0.15292584541349044
0,0.005007609229657923
0,0.0
0,0.0
1,0.6661899418846242
0,0.0
0,0.0
1,0.532921938876048
1,0.17219170328825534
0,0.0
0,0.0
0,0.16247182825273157
0,0.17981738777909842
0,0.13918687197320037
0,2.0876826722338202e-05
0,0.0
0,0.16644516038175058
0,0.2963797499048696
0,0.0
0,0.0
0,0.0
0,0.0014015151515151514
0,0.0
0,0.0
0,0.0
0,0.1895028250904506
0,0.0
0,0.0
0,0.23995840735893703
0,2.8735632183908045e-05
0,0.0
0,2.8735632183908045e-05
1,0.41349652738262804
0,0.008937494189484226
1,0.5727864952831182
0,0.0
0,0.0
1,0.3355950184897399
0,0.0
0,0.0
0,0.0
0,0.19990579444270304
0,0.0
0,0.0
0,1.6863406408094435e-05
0,0.19747256293536952
0,0.6230175028706016
0,0.0
0,0.0
0,0.0
0,0.0
0,0.0
0,0.0036262969340541584
0,0.0
0,0.0
0,0.0006929348041088942
0,2.8735632183908045e-05
0,0.0
0,0.0
0,0.0
0,0.0
0,0.1911909249674845
0,0.31222040849328403
0,0.277948159940989
0,0.0
0,0.0
0,0.0
0,0.0
0,0.0
0,0.0
0,0.0
0,0.0
0,0.0
1,0.4462080345676646
1,0.3942149875946766
0,0.1618458818918682
1,0.24790471082020507
0,0.20248461947718252
0,0.32970601413330713
0,0.42007801506444037
0,0.15919075553029877
0,0.26596274628888883
0,0.0
1,0.24163052948206082
1,0.3208360996298605
0,0.0
0,0.011977759957563758
0,0.0
0,0.40526622552827685
0,0.0
0,0.28836632874446055
0,0.22496715323683478
0,0.2405016760525295
0,0.24061521610742675
1,0.2401764157748558
0,0.0
0,0.0
0,0.0
0,0.0
0,0.539000547793615
0,0.08686694457855823
0,0.23609961642292873
0,0.16431964385844616
0,0.0
0,0.44407290115004366
0,0.0
0,6.546334271404736e-05
1,0.8736466435574141
0,0.0
0,0.0
0,6.546334271404736e-05
0,0.0
0,0.0
0,0.0
0,0.34476869456767
0,0.0
0,0.0
0,0.0
0,0.0
0,0.536506252873913
0,0.0
1,0.8782060197291938
0,0.0
0,0.00011415525114155251
0,0.0
0,7.458702342817663e-06
0,0.0
0,0.0
0,0.2707670092122507
0,0.0
0,0.0
0,7.458702342817663e-06
0,0.17120340635412767
0,0.0
0,0.0
0,0.0
0,0.0
0,0.0
0,0.0
0,0.0
0,0.0
0,0.0
0,0.0
0,0.12669491256960236
1,0.49729785679384425
0,0.2745163892107552
0,0.0
0,0.0
0,0.0
0,0.2458732753560156
1,0.8479689181638741
0,0.0
0,0.0
0,0.27855125890838545
0,0.08213956480240936
0,0.3583211197539257
0,0.0
0,0.0
0,0.0
0,7.458702342817663e-06
0,0.0
0,0.01724291579984871
1,0.6370408395631114
0,0.0
0,0.0
0,0.01
0,7.458702342817663e-06
0,0.0
1,0.8630667161736961
0,0.0
0,0.0
0,0.0
1,0.4867679464480409
0,7.458702342817663e-06
0,0.0
0,7.458702342817663e-06
1,0.46434316738584513
0,0.0
0,0.0
0,0.0
0,0.0
0,1.6863406408094435e-05
0,0.1451330588415726
0,0.013165193688072972
0,0.2644503755683552
0,2.8735632183908045e-05
0,0.0
0,0.3069350420352285
0,0.0
0,0.5003660760769614
0,0.12213282289145841
0,0.33903032374497416
0,0.0
0,0.3459332028402051
0,0.0
0,0.3703814984642401
1,0.6028288754188743
0,0.01961968972785157
0,0.0
0,0.263139910977386
0,0.0
0,0.0
0,0.0
0,0.0
0,0.0
0,0.0
1,0.2299022889060357
0,0.2666861500046808
0,0.0
0,0.12835296584157727
0,0.0
0,0.0
0,0.27035172773513694
0,0.0
0,0.0
0,0.0
0,0.0
0,0.0
0,0.0
0,0.0
0,0.0
0,0.0
0,0.0
0,7.458702342817663e-06
1,0.28688358077652143
0,0.0
0,0.17596782136793132
0,0.0
0,0.0
0,0.215371324392658
0,2.0876826722338202e-05
0,0.0
0,0.0
0,0.0
0,0.0
0,0.29759689521066895
0,0.0
0,0.0
0,0.0
0,0.24854669793995676
0,0.0
0,0.20228551902183145
0,0.0
0,0.10633164862793999
0,0.260863709789412
0,0.0
0,0.0
0,2.0876826722338202e-05
0,0.00789804934114003
0,7.458702342817663e-06
0,0.0
1,0.20354583971868628
0,0.0
0,0.0
0,0.0
1,0.7256821323995178
0,0.3511539898388577
0,0.0
0,0.0
0,0.0
0,0.0
1,0.6989680206016387
0,0.013356331126035395
0,0.0
0,0.1666034533323661
0,0.0
0,0.24445062880816237
1,0.16031725478782657
0,0.13230807698403335
0,0.0
0,0.3827174096998418
0,7.458702342817663e-06
0,0.0
0,0.0
0,7.458702342817663e-06
0,0.0
0,0.0
0,0.0
1,0.8802681278210784
1,0.47350036381737565
0,0.5434686046948978
0,0.0
0,0.0
0,0.18748779520572914
0,0.0
0,0.36417101348808534
0,0.23947871714713392
0,7.458702342817663e-06
0,0.0
0,0.0
0,0.0
0,0.0
0,0.07465229654859389
0,0.0
0,0.0
0,0.36610863746319566
0,0.0
0,0.0
0,0.0
0,0.03117572231792906
0,0.0
1,0.4035483715183969
0,0.0
0,0.19341375293740742
0,0.0
0,7.458702342817663e-06
0,0.23098389300463076
1,0.2516269483767896
0,0.2846296192745967
0,0.0
0,0.18257499144432301
0,7.458702342817663e-06
0,0.0
0,0.0
0,0.0
0,0.0
0,0.0
0,0.2998751720409687
0,2.0876826722338202e-05
0,0.25720791111822394
0,0.0
0,0.0
0,0.0
0,0.0
0,7.458702342817663e-06
1,0.24583880038137454
0,0.0
0,0.0
0,0.18765002179990872
0,0.0
0,0.13250663841723287
0,0.0
0,0.1237924694489708
0,0.309081821184378
0,0.0
0,0.0
1,0.10785774727934384
0,0.0
0,0.0
0,0.00037821064778742567
0,0.0
0,0.0006082423295743961
0,0.0
0,0.3716539329663568
1,0.4270513299384939
0,0.35204689815488466
0,0.16999977760198548
0,0.42115488261325723
0,0.24240489848530625
0,0.0
0,0.0
0,0.05218816957450244
0,0.1529363290339754
0,0.004213750915703554
0,0.0
0,0.0
0,0.18618561212450518
0,0.49481977315917547
0,0.13561720718811102
0,0.0
0,0.21168603203063704
0,0.3320655855755363
0,0.257866780764098
0,0.0
0,7.458702342817663e-06
0,0.0
0,0.018605617984481793
0,0.0
0,0.0001450676982591876
0,0.0
0,0.2355237880464302
0,0.0
0,0.0
0,0.0
0,0.0
0,0.13539151659027565
0,0.0
0,0.0
0,0.0
0,0.3182375419427092
0,0.31315576392267347
0,0.0
0,0.3552460990834411
0,0.02316634131291237
0,0.0
0,0.0
0,0.0
0,7.458702342817663e-06
0,0.2198775677314387
0,0.2045262148225103
0,7.458702342817663e-06
0,0.0
0,7.458702342817663e-06
1,0.9601417333688531
0,0.0
0,0.3591976660070189
0,0.22376734726776765
0,0.0
0,0.0
0,7.458702342817663e-06
0,0.0
0,0.0
0,0.0
0,0.03608156367619156
0,0.0
0,0.0
0,0.0
0,0.24388455470394155
0,7.458702342817663e-06
0,5.494505494505495e-05
0,0.2855668660009647
0,0.18069304526105096
0,0.005065463342714047
0,0.1054844046368347
0,0.0
1,0.5356853989079464
0,0.0
0,0.19713214120526093
0,0.0
0,7.458702342817663e-06
1,0.4947077674715378
0,7.458702342817663e-06
0,2.0876826722338202e-05
0,0.0
0,0.0
0,0.0
0,7.458702342817663e-06
0,0.0
0,0.37869866696668303
0,0.0
1,0.24194564800487556
0,0.03308029150670388
0,0.04320288566535425
0,0.0
0,0.14625868764642863
0,0.0
0,0.0
0,0.13066411314485224
0,0.0
0,0.0
0,0.0
1,0.7046769939233021
0,0.0
0,7.458702342817663e-06
0,0.15282718031471018
0,0.0
0,1.6863406408094435e-05
1,0.6921127652943982
0,0.05349378292499907
0,0.0
0,0.0
0,0.21170367047470895
0,0.2979031343624594
1,0.29381556113301555
0,0.336439157605458
0,0.0
0,0.0
0,0.17856706452998164
0,0.0
0,7.458702342817663e-06
0,0.25993004736236125
0,0.0
0,0.0
0,0.0
0,0.0
0,0.0
0,0.0
0,0.0
0,0.0
0,0.44953072955913437
0,7.458702342817663e-06
0,0.2401201964307409
0,0.0
0,0.3392030905019536
0,7.458702342817663e-06
0,0.0
0,0.0
0,0.17027431497038212
0,0.0
0,0.0
0,0.0737110901935211
0,0.3373847615500697
1,0.16741851882284187
0,0.005293975957880025
0,0.0
0,0.0007446808510638297
0,0.0
0,0.29154635722999334
0,0.0013938618925831204
1,0.2699719398586486
0,0.0
0,0.0
0,0.0
0,0.0
0,0.2154412177210334
0,0.0
0,0.0
0,0.08385349151474993
0,0.0
0,0.0
0,0.0
0,7.458702342817663e-06
0,0.411829441319574
0,7.458702342817663e-06
0,0.0
0,0.1528707040650991
0,0.2543629629526769
0,0.30204909042628314
0,0.17270871915427638
0,0.0
1,0.7958275971244639
0,0.0
1,0.9699195126923523
0,0.34244138885280617
0,0.0
1,0.5645959756368018
0,0.0
0,0.0
1,0.44241779582808555
0,0.10142894187745805
0,0.0
0,0.2710487916722206
0,0.0
1,0.3879536636373352
0,0.0
0,2.0876826722338202e-05
0,0.0
0,7.458702342817663e-06
1,0.1613639418211117
0,0.18521916612810524
0,0.0
0,0.0
1,0.42022389068095295
0,0.26283516434105164
0,0.0
0,0.0
0,0.0
0,0.0
0,0.13421567273152277
0,0.0
0,0.1688736993830025
0,0.0051141552511415524
1,0.341967052374127
0,0.0
0,0.0
0,0.0
0,0.0
0,0.22834336839067468
0,0.0
0,1.6863406408094435e-05
0,0.0
0,0.33409022496185714
0,7.458702342817663e-06
0,0.23529415666377498
0,0.0
0,0.0
0,0.4523578547314832
0,0.0
0,0.0
1,0.5484747195000493
0,7.458702342817663e-06
0,0.0
0,0.2658821303252413
1,0.5258838772966501
0,0.14267394923324977
0,0.0
0,0.0
0,0.00018867924528301886
0,0.12791139840751498
1,0.6049493452544307
0,0.0
0,0.0
0,0.0
0,0.0
0,0.0
0,0.0
0,0.4096748304283539
0,0.20976438719661153
0,0.0
0,0.0
0,0.031696197253627434
0,0.0
0,0.0
0,0.0
0,0.0
0,0.0
1,0.0011298606016140866
0,0.0
0,0.48625001681367636
0,0.0
0,0.0
0,0.0
0,0.0
0,0.0
0,0.0
0,0.0
0,0.1368354345227863
0,0.0
0,0.0
0,0.0
0,0.1740166102528088
0,0.2771901460530527
0,0.0
0,0.0
0,0.0
0,0.0
0,2.8735632183908045e-05
1,0.2675404769563706
0,0.17363321314826893
1,0.4664598204178677
0,0.0
0,0.16792337670670224
0,1.3010668748373666e-06
0,0.0
0,0.0
1,0.27331089922632684
0,0.30357486826999497
1,0.4183451303273648
0,0.0
0,0.0
0,0.0
0,0.00014711885696341655
0,0.0
0,0.0
0,0.0
0,7.458702342817663e-06
0,0.45706001433680027
0,0.03456322329223197
0,0.14475620100123743
1,0.4665996088648548
0,0.0
0,0.0
0,0.23927236779709127
0,0.0
0,0.028565294811432933
0,0.0
0,0.0
0,0.0
0,0.0
0,0.0
0,1.6863406408094435e-05
0,0.0
0,0.0
0,0.2721288393129778
0,0.1766262268372551
0,7.458702342817663e-06
0,0.0
0,0.0
0,0.0
0,0.0
0,0.0
0,0.38891752573417215
0,0.0
1,0.35494094599981385
0,0.0
0,7.458702342817663e-06
0,0.0
0,0.0
0,0.0
0,0.18537868084509249
0,0.18407263975808796
0,0.0
1,0.41949966122420895
0,0.23410935294840007
0,0.0
0,0.0
0,0.1637283818629259
0,0.0
0,0.0
0,0.329296387036541
1,0.4016276563332067
0,0.0
1,0.37625085022129384
1,0.2997228136128144
0,0.0
0,0.6170770363994551
0,0.07093980483245681
0,0.0
0,0.0
0,0.10397217348995919
0,0.3823866854841272
1,0.5343330176610245
0,0.0
0,0.0
1,0.31578483835198484
0,0.0
0,7.458702342817663e-06
1,0.9467529013539653
1,0.21694385172204356
0,0.0
0,0.005
0,0.0
0,0.0
0,0.0
0,0.0
0,0.0
0,0.0
0,0.0
0,0.0
0,0.0
0,0.1788063735035829
0,0.0
0,0.28591444002921274
0,0.0064113341369467424
0,0.0
0,0.0
0,0.16169695212527066
0,0.0
0,0.0
1,0.9378572044909009
0,0.28278386187188376
0,0.05049501594062006
0,0.6905165916512808
0,0.19863723519781173
0,0.0
0,0.3317067702979068
0,0.0
1,0.6155373748312379
0,0.0
0,0.0
0,0.0
0,0.0
0,0.0
0,0.25263413613473523
0,0.0
0,7.458702342817663e-06
0,0.0
0,0.17129257507789536
0,0.0
0,7.458702342817663e-06
0,0.0
0,0.0
0,0.1929554834643268
0,0.0
1,0.290204637703709
0,0.0
0,0.25324747282761534
0,0.0
1,0.4176119558557662
0,0.21556284054167027
0,0.0
1,0.38003367050330294
0,0.0
0,0.21156127366479013
0,0.0
0,0.0
1,0.2722926142546971
0,7.458702342817663e-06
0,0.27356677927897194
0,0.0
0,0.1661661178591789
0,7.458702342817663e-06
1,0.43842244521393375
0,0.0
0,0.0
0,0.0
0,0.3081622110522233
0,0.0
0,0.0
0,0.0
0,0.0
0,0.0
0,0.15771413231423756
0,0.19425649893256489
0,0.0
0,0.0
0,0.0
0,7.458702342817663e-06
0,0.0
0,0.0
0,0.30777638792267814
0,0.0
0,0.1744214000839249
1,0.5782970200495795
0,0.11613282175804304
0,0.23941042951698724
0,0.2437727027108268
0,0.0
0,0.005333333333333333
0,0.03488987978873019
0,0.26129668388818444
0,0.0
0,0.0
0,0.0
0,7.458702342817663e-06
0,0.0
0,0.16669631127690335
0,0.06670456642070911
0,0.0
0,0.0
0,0.32168839395767157
0,0.1743539254676083
0,0.0
0,0.2004544146002662
0,0.0
0,0.24984045710174135
0,0.17912546582376346
1,0.5575913102732133
0,0.2713178199856886
0,0.16902345233527796
0,0.023093434248008173
0,0.13982668670552129
0,0.0
0,7.458702342817663e-06
0,0.0
0,0.028738652130507046
0,0.18520504262257956
1,0.23258983439227618
0,0.0
0,0.13613724870967775
0,0.0
0,7.458702342817663e-06
0,0.0
0,0.0
0,0.0
0,0.24498899345001093
0,0.0
1,0.8863445633943461
0,0.0
0,0.0
0,0.18138395630502238
0,0.0
0,0.0
0,0.0
0,0.1184256338745513
0,0.0
0,0.0
0,0.0
0,0.0
0,0.0
0,0.0
0,7.458702342817663e-06
0,0.10522813782400467
0,0.0
0,0.2288023942066615
0,0.0007434348232709351
0,0.0
0,0.00024074074074074075
0,0.036232175355118246
0,7.458702342817663e-06
0,0.0003333333333333333
0,0.0
0,0.0
0,7.458702342817663e-06
0,7.458702342817663e-06
0,0.0
0,0.0
0,0.0
0,0.0
0,0.45270804284039523
0,0.2114216219250871
0,0.3309724105145101
0,0.0
0,0.18993088259718138
0,0.0
0,0.0
0,7.458702342817663e-06
0,0.005
0,0.0
0,0.0
0,0.0
0,0.0
0,0.018474907835404012
0,0.0
0,0.0
0,7.458702342817663e-06
0,0.0
0,0.0
1,0.21513216439361926
0,0.20637074161832625
0,0.1285047737414083
0,0.0
0,0.0
0,0.0
0,0.0
0,0.0
0,7.458702342817663e-06
0,0.0
0,0.3637463886213023
0,0.0
0,7.458702342817663e-06
0,0.31858131787107985
0,0.0
0,0.0
0,0.0
0,0.0
0,0.0
0,0.25446659090580853
0,0.0
0,0.0
0,0.01811011309237519
0,0.006381822300673877
1,0.17286341795860213
0,0.0001450676982591876
0,0.003672566371681416
0,0.0
0,0.0
0,0.00015211998806165464
0,0.17785463503180363
0,0.0
0,7.458702342817663e-06
0,0.0
0,0.0
0,7.458702342817663e-06
0,7.458702342817663e-06
0,0.0
0,0.0
1,0.25406643210797925
0,0.0
0,0.1521849414929665
0,0.1750465545652284
0,0.0
0,0.0
1,0.49583283922386884
1,0.28093191467050294
0,0.0
0,0.016666666666666666
1,0.306540759273303
1,0.3671607781521002
0,0.0
0,0.007282284599713691
0,0.0
0,0.29762939611306544
0,0.0
1,0.42237630540181775
0,0.0012745098039215685
0,0.0
0,0.0
0,0.18805431405040537
0,0.2203643933620401
0,0.17156828873769941
0,0.0
1,0.34386205416707794
0,0.16613244080440576
0,0.0
1,0.4387883200459827
0,0.0
0,0.0
0,0.0
0,0.0
0,0.0
0,0.22040813415731964
0,0.0
0,0.0
0,0.2574666383670727
0,0.0
0,1.6863406408094435e-05
0,0.0
0,7.458702342817663e-06
0,0.12809136948847472
0,0.21458350062505802
0,0.3383105148447035
0,0.34654170107819005
0,0.0
0,0.0
1,0.4612921963254141
0,0.0
0,0.1803839829807152
0,0.59258059772169
0,0.0
0,0.0
0,7.458702342817663e-06
0,2.0876826722338202e-05
0,0.0
0,0.0
1,0.4387325241512884
0,0.0
0,1.6863406408094435e-05
0,0.0
0,0.0
0,0.0
0,0.2219903925385957
0,0.002554729926802737
0,7.458702342817663e-06
0,0.0
0,0.0
0,0.23090970625003454
0,0.0
0,0.22536342601323425
0,0.1769109421126744
1,0.3042647433353842
0,0.0
0,7.458702342817663e-06
0,0.0
0,2.0876826722338202e-05
1,0.3775697638618034
1,0.7675322134209598
0,7.458702342817663e-06
0,0.0
0,0.0
0,0.1997120817438862
0,0.0
1,0.396431176246122
0,0.0
0,0.0
0,0.18848472714424466
0,0.18178131963420757
0,0.0003481333950596987
1,0.15146035775474695
0,0.0
0,7.458702342817663e-06
1,0.13789468782320716
1,0.6662039474868652
0,0.16387731315218854
0,0.0
0,0.0
0,0.1015337757458343
0,7.458702342817663e-06
0,0.0
0,0.0
0,0.0
0,0.0
0,0.0
0,0.0
0,0.0
0,7.458702342817663e-06
0,0.2421193460594263
0,0.0
1,0.1948316390213907
0,0.0
0,0.0
0,0.0
0,0.43606348828474367
0,7.458702342817663e-06
0,0.0
0,0.424345571904999
0,0.15259395670950296
0,7.458702342817663e-06
0,0.0
0,2.0876826722338202e-05
0,0.0
0,7.458702342817663e-06
0,0.18683631576832865
0,0.30661687682387295
0,0.1478972274400594
0,0.0
0,0.0
0,0.11948987232867761
0,0.0
1,0.2264697671969322
0,7.458702342817663e-06
0,0.0
0,0.0
1,0.34873923985496824
0,0.0
0,0.0
1,0.6104661037034194
0,0.0
0,0.0
0,0.23823836989597313
0,0.023699183901700595
0,0.1731442171611544
0,0.0
0,0.431407722656072
0,0.0798155985758957
1,0.29837298578974475
1,0.15964788858264828
0,0.19927381748937262
0,0.0
0,0.30679839870357245
0,0.0
0,0.0030638297872340424
0,0.2705802485193905
0,0.0
0,0.0
0,0.0
0,0.20402378348300743
0,0.44773140719891813
0,0.0
0,0.0
0,0.0
0,0.2793364666748462
0,0.0
0,0.2794536573133175
0,0.0
1,0.32319035022461307
0,0.0
0,0.22778509415915935
0,0.16951052266352604
0,0.0
0,0.0
0,0.16761370291566055
0,0.0
0,0.0
0,0.0
0,0.005
0,7.458702342817663e-06
0,0.0
0,0.17273541653650104
0,0.0
0,0.46196145863791743
0,0.5414151148495333
0,0.0
0,0.0
0,0.0001450676982591876
0,0.0
0,0.0
0,0.2017967043910895
0,0.0
0,0.0
0,1.3010668748373666e-06
0,0.4305632067829492
1,0.3832778930012498
0,7.458702342817663e-06
0,0.11111339505925936
0,0.25142505168063184
0,0.0
1,0.2981468691686227
0,0.0
0,6.546334271404736e-05
0,0.0
0,0.0
0,0.0
0,0.0
0,0.0
0,0.2865481482923267
0,0.19433946402869126
0,0.0
1,0.3865761786680445
0,0.0
0,0.0
0,0.0
0,0.40304306087997355
0,0.0
0,0.19399512483995296
0,0.20153228469264686
1,0.5781182463936875
0,7.458702342817663e-06
0,0.0
0,0.0
0,0.1730130056376967
0,0.0009187129392779645
0,0.0
0,0.18904423860488354
0,0.18260210088317042
0,0.5818642614896948
0,0.0
0,0.0
1,0.4095678694312961
0,0.04449429881422298
0,0.0
0,0.11552811359285244
0,0.0
0,0.0
0,0.0
1,0.2678079543320658
0,0.3229644699534001
0,0.36133510731827223
0,1.6863406408094435e-05
1,0.8090927641384171
0,0.00025
0,0.0
1,0.9878740720754484
0,0.0
0,0.0
0,0.20649975202423987
0,7.458702342817663e-06
0,7.458702342817663e-06
0,0.0
0,7.458702342817663e-06
0,0.0
0,7.458702342817663e-06
0,0.1480115229854278
0,0.0
1,0.4922208772154656
1,0.19427586801001762
0,0.2905576103350524
0,0.13323911005953104
0,0.22791185334496228
0,0.0
0,0.17949848453592795
0,0.0
0,0.15570681122450725
1,0.22776466881734175
0,0.3356083552835758
0,0.0
0,0.0
1,0.6160676943812706
0,0.3530811620649327
0,0.0
0,0.0
0,0.0
0,0.08473846976160238
0,0.00034079203567615097
1,0.9877048646819844
1,0.3274027266098477
0,0.23503571308612958
0,0.0
0,0.0
