y,p
0,0.22519964250806293
0,0.22052901984837703
0,0.028997422607925687
0,0.1050798626139202
0,0.3290988768529396
0,0.35425246426320806
0,0.04197935644394112
0,0.08642278948009177
0,0.09423390645736826
0,0.049058467128519745
0,0.04858938223624924
0,0.035140729104464176
0,0.04825783666530053
0,0.1423049872013286
0,0.02140567788274834
0,0.02049935631385986
0,0.030412934226195176
0,0.04670430167998147
0,0.11538935931222334
0,0.03325566440596594
0,0.16291868942716964
0,0.03576853293961958
0,0.05652326261666175
0,0.13748986321997803
0,0.0363007095426361
0,0.11099695499439946
1,0.286185956624202
0,0.2985644837093039
0,0.47365833309922534
1,0.4551074827363508
0,0.13152006492210316
0,0.06247519182852459
0,0.035245231186261945
0,0.028147216150051623
0,0.1503450900467893
0,0.11861352379452779
0,0.17534108416445898
0,0.04202296396240725
0,0.15873808849365698
0,0.0567196170551906
0,0.24588938801861027
0,0.19675926442733974
0,0.005080066214543237
0,0.059355500798722476
0,0.03508277656421385
0,0.04689714826325557
0,0.07743308694035701
0,0.14972879316894783
0,0.04039587776172104
0,0.1323788980312244
0,0.2394491698705394
0,0.21877881970269664
0,0.03606664891325412
0,0.4292814689883958
0,0.04197935644394112
1,0.4337661349303041
1,0.14642913802446172
0,0.029992954476727153
0,0.14062288019063163
0,0.01714068737188548
0,0.055390230673976096
0,0.047053989700279845
0,0.07872330314575575
0,0.06574195871229349
0,0.14170146983085008
0,0.06141923072567724
0,0.37369521210709467
0,0.04937137532785651
0,0.15757384607351435
0,0.07198360262156538
0,0.1324212835985278
0,0.07345855451792263
0,0.016682095127639556
0,0.06450402122653172
0,0.04729211780155563
0,0.20242890441671194
0,0.04800353591336681
0,0.3676033243430311
0,0.03666523817733124
0,0.04837840344072595
0,0.07446717602616526
0,0.24344293798897418
0,0.0455346288881405
0,0.018196683797609057
0,0.059679449048154885
0,0.3782978853858196
0,0.05247225451351694
0,0.4507995477440452
0,0.12575821424742534
0,0.047972947310050626
0,0.14583407617447675
0,0.12483409195461898
0,0.2583248231165032
0,0.03164518639287183
0,0.34811629593473
0,0.02751710485450198
0,0.05958143455360423
0,0.058376689472075485
0,0.08737563763038138
0,0.05270905074445517
0,0.13942156367122263
0,0.05061501438796563
1,0.12447734244925641
0,0.2396133931829111
0,0.05065265707455431
1,0.24768070014321023
0,0.09848124617767526
0,0.016682095127639556
0,0.04401339107079868
0,0.0497734698985276
0,0.04630680652402544
1,0.2523469559338193
0,0.06607426580437871
0,0.052551819247785035
0,0.057004808065780864
0,0.33081457348771093
0,0.021797218359468823
0,0.2604518062807519
0,0.04984755087124423
0,0.030857931311449826
0,0.29021330644005405
0,0.060911905046898
0,0.0009745725382588732
0,0.04931844651165583
0,0.04001852061694068
0,0.05440992100657876
0,0.031211415188200104
0,0.014123683650664146
0,0.1262526328551465
0,0.05013049079906268
0,0.016477424636920705
0,0.10802074948487343
0,0.05949616000231312
0,0.2968728072197268
0,0.35807590992260674
0,0.18525067502884168
1,0.16116156508236007
0,0.04768099827215543
1,0.282699179667974
0,0.16039818629541142
0,0.04831944095347819
0,0.13596754166716213
0,0.0171913457755456
0,0.05144867635437714
0,0.07300031987470619
0,0.04197935644394112
0,0.036580798494183615
0,0.022425284382702523
0,0.048248985113921866
1,0.23369576511544618
0,0.049169573404857864
1,0.10178262006274084
0,0.0508748564926498
0,0.06374868375523059
0,0.017752149307275988
0,0.044358658192359963
0,0.16060974086399427
0,0.04197935644394112
0,0.02905125742679911
0,0.2385142654587607
0,0.05336228557978029
1,0.16108613580908604
0,0.04042402264286396
0,0.032078831626698265
0,0.04460772977967991
0,0.044166912097926406
0,0.04917645631671369
0,0.15369625986611452
0,0.0550854851064337
0,0.05733739088367988
0,0.037516731205309795
0,0.014016478571369161
1,0.13286272031379057
0,0.05056557745434916
0,0.35515566027280243
0,0.41503515807904856
0,0.22507457858933774
0,0.11893816512725894
0,0.07492523383185695
0,0.04364476866770309
1,0.5593646132131402
0,0.1419781361499005
0,0.04900758978322112
0,0.016550915535072205
0,0.23632393238349525
0,0.04998892130945423
1,0.22443301296523943
0,0.18376702032754058
0,0.1652843913474241
0,0.2758813715782114
0,0.25279011926641876
0,0.07747734947642766
0,0.060272252741758056
0,0.41600150898596133
0,0.07019113452592773
0,0.04401251012306027
0,0.06765562752081938
0,0.023582258177719962
0,0.24355312364590395
1,0.10634525807283439
0,0.04289237531349931
0,0.013767595737818555
0,0.031751633260356515
0,0.05705163163225214
0,0.2773732973977853
0,0.17873384824822955
0,0.009426981865581809
0,0.10897151420264675
0,0.08352950311592167
0,0.4300250935408459
0,0.10475095169513647
0,0.11079076154806863
0,0.3779235889093386
0,0.04942125038630266
0,0.06548466474136208
0,0.06119708217903418
0,0.0402252427100162
0,0.02297136321745923
0,0.15658727040230083
0,0.014640827826475437
1,0.08396215512504282
0,0.06026800427435884
0,0.016192033747644344
0,0.281263920405701
0,0.03502603024523223
0,0.047185322655407695
0,0.12889199219748895
0,0.019910694213958743
0,0.04551242477762131
0,0.2101399127950184
0,0.03307268006570231
0,0.0941852248974226
0,0.0393417141640696
0,0.4105377462327449
0,0.029447611482547348
0,0.013087231376741353
0,0.06332381154802624
0,0.25024513968231915
0,0.15412000262262135
1,0.13761087980261894
0,0.04854652365645277
0,0.06926977175661704
0,0.0514894292315427
1,0.23151310505506834
0,0.038596520645745695
0,0.03387518947544233
0,0.30828481384459
0,0.06484591316083796
0,0.1965989187943702
0,0.0340404899841452
0,0.1445875645407351
0,0.13450400975323112
0,0.07019577072720204
1,0.14739423292892148
0,0.05806547819122983
0,0.061798201920747926
0,0.05258938149060387
0,0.011771597069454175
0,0.04594332616886547
0,0.057945193719929206
0,0.023134613280459335
0,0.06387982410990782
1,0.10802046318638461
1,0.16846193297832893
0,0.22548013475673467
0,0.05475835361754308
0,0.07334616045120841
0,0.034067605326764776
0,0.017139840127488596
0,0.06848588548974863
0,0.04826429870684867
0,0.04648094368779157
0,0.05832707767570007
0,0.05588177002831722
0,0.2772731159282458
0,0.06428750599262754
0,0.026607424421996234
0,0.05792590371121693
0,0.06069515120121974
0,0.22899222747060285
0,0.020148455872765893
0,0.06270907281794255
0,0.051889087997568945
0,0.03036354152451547
0,0.0470372212908658
0,0.15458557772567716
0,0.03281427165801754
0,0.05285984464078478
0,0.09645201751446189
0,0.05198859706588563
0,0.05763822933232111
0,0.10568754524343034
0,0.16933898069218767
0,0.05792590371121693
0,0.35980271527642166
0,0.10643674273871184
0,0.052083254488264216
0,0.03724970682212346
0,0.1257548607050861
0,0.09201393562409069
0,0.05418370372519976
0,0.418869240902248
0,0.16949776846215212
0,0.3597776791167792
0,0.05607441394258937
0,0.10846774540173487
0,0.04737381776925736
1,0.24307195068393525
1,0.18006952888055872
0,0.1909699022730517
0,0.050449425615497485
0,0.19575714247968584
1,0.1443530057500508
0,0.047744821798645136
0,0.04325395145883258
0,0.09450036156523241
0,0.13164002211047765
0,0.04140869482465267
0,0.1538517525279271
0,0.051929806136951
0,0.0806648454233786
0,0.06524974288199054
1,0.193638543068978
0,0.23237672515141938
0,0.05457208593662212
0,0.09363864419917321
0,0.19987337938013724
0,0.089699759933531
0,0.06833608420707082
0,0.14706992952009934
0,0.06740979816826725
0,0.11943637902099784
0,0.040190976187116714
0,0.04837840344072595
0,0.19466512764944274
0,0.017235446801340194
0,0.28816832752082444
1,0.0781092795900219
0,0.03302952452370086
0,0.188698832702064
0,0.028462466907957625
0,0.06082743929038097
0,0.0314185011719725
0,0.040650109763043306
0,0.03792704750589335
1,0.22948422698019277
0,0.03379517577664168
0,0.0431562108360187
0,0.3777942862941052
0,0.1692366468233899
0,0.012608114004492573
0,0.05544931155234944
0,0.055089555169743044
0,0.05792590371121693
0,0.2740354125127265
0,0.12613604589435815
1,0.2089349884931571
0,0.020583353569089857
0,0.015663392512341973
0,0.04344434983348035
0,0.09288364838622717
1,0.16167307635669365
0,0.06302232566795093
1,0.10016042625007561
0,0.055138055431095796
0,0.04901964308165279
0,0.04436336807000146
0,0.057364049117880234
1,0.360371964452165
0,0.06708483495495438
1,0.2523280789174726
0,0.016449440747712523
0,0.03203915597167696
0,0.061421835000067405
0,0.018038866892931917
0,0.12491202632887932
0,0.018549574285417002
0,0.04118946577895786
0,0.04796305146542847
0,0.03754802176777425
0,0.15608685556781446
0,0.017707498303444265
0,0.4351947896539678
1,0.04392679530899559
0,0.1417307021481559
0,0.06426107981920062
0,0.02243296010097278
0,0.08434227300477387
0,0.05280673426296983
0,0.03446146556094101
0,0.11199396585906639
0,0.04489055606510953
0,0.1253301716683298
0,0.058816063661489164
0,0.014667623144435255
0,0.01655638073332042
0,0.04780007494465339
0,0.08824528196887697
0,0.16654933366720792
0,0.05977637800393415
0,0.19435878716302465
0,0.05510464909309374
0,0.07030033871766887
0,0.040312768331796464
0,0.049854399437946534
1,0.2074776700262207
1,0.14479787942703787
0,0.01785245121311968
0,0.05139220493880517
0,0.10620685675874961
0,0.050008688320887076
0,0.12144380042490395
1,0.254436463938013
0,0.09576056997612453
0,0.06934754533594267
0,0.04620949212779514
0,0.059965745654893966
0,0.2254377413328154
0,0.08631762553594478
0,0.13746676653412804
0,0.038722519602656234
0,0.24417098305410517
0,0.016104823166856803
0,0.012815994963873915
0,0.029956556058298493
0,0.03858970410112482
0,0.052551819247785035
0,0.05971370576152825
0,0.03210505907758652
0,0.05246021768301572
1,0.23846211271049156
0,0.05810620075719398
0,0.06329384966059474
0,0.04459729858133087
0,0.061350547431185475
0,0.054951044020593434
0,0.1629864074021978
0,0.1488817936038687
0,0.24521259271985907
0,0.18433373398274397
0,0.015954206424077643
0,0.12358526561039902
0,0.22333444515975537
1,0.25927998647949596
0,0.38046156579178814
0,0.0400858186939074
0,0.015703717812587274
0,0.013847715948877624
0,0.03427579255165437
1,0.12407851131555435
0,0.03397704811110591
1,0.12357789678536477
0,0.05238660675208002
0,0.05209853310202634
0,0.06430986138920416
0,0.05780511452607558
0,0.18065016182623728
0,0.04725428139075322
0,0.07402153238345065
0,0.11134501732477639
1,0.09969492554646703
0,0.016183138080557467
0,0.2068842790578466
0,0.01525847763494816
0,0.030123159166072368
0,0.059375481378354904
0,0.0631660893821147
0,0.06232467825776673
0,0.0270849667531133
0,0.1601738083734579
1,0.09385915434704266
0,0.22163544324049889
0,0.07639667650046697
0,0.03758917314997433
0,0.013148636226397227
0,0.056500967965368964
0,0.06514863172503613
0,0.049848316275211746
0,0.06290149756993775
0,0.5738909570771064
0,0.20210869426673914
0,0.05853585068080254
0,0.055545860770292076
0,0.38094124098819465
0,0.04182191542689644
0,0.16883536036201632
0,0.03587438583424598
0,0.1635667927762073
0,0.05070661720016366
0,0.0311122390993189
0,0.26042614937370917
0,0.05111875078173189
0,0.040841684512414315
0,0.32878378482727644
0,0.07249666532419835
0,0.0676002430923157
0,0.044405710082022674
0,0.013807572268684244
0,0.33106717876422376
1,0.35308709162217816
0,0.04643764794573374
0,0.06142595007391152
0,0.046724272248694756
0,0.13439299844356128
0,0.033531685552575984
0,0.0746192737111702
1,0.16014987337876918
0,0.0573543552525726
0,0.21467247068048617
0,0.07003689764091223
0,0.10005607422163133
0,0.06086964822123642
0,0.18902080503794227
0,0.30207121511898016
0,0.05156218760428481
0,0.09048821245906434
0,0.06986394042262464
0,0.15460038904398904
0,0.43614531602243906
0,0.04789232086094032
0,0.06454725452758683
0,0.03646841519094688
0,0.07950246915858829
0,0.3174608514018515
1,0.19200094536189927
0,0.08590026548277127
0,0.038453746317199465
0,0.06281931622011923
0,0.18302365891685288
0,0.16377649866824082
0,0.036042473152870305
0,0.01529657622302288
0,0.016608843989150447
0,0.13823189432139338
0,0.09603954349837295
0,0.12271002011061144
0,0.07013245599568477
0,0.032231932831193584
0,0.031856577286742085
0,0.06795773889250846
0,0.05792590371121693
0,0.05257701192047741
0,0.11344550290801582
0,0.06823845201440266
0,0.03351461537416149
0,0.04170634177591933
0,0.03953338285192292
0,0.05030099900230565
0,0.1324145687586936
0,0.04957567815525877
0,0.03943770170258818
0,0.03325566440596594
0,0.055355266371234564
0,0.11165028564266978
0,0.27529417379672566
0,0.018189969196711335
1,0.3486710154574553
0,0.05577071473027191
0,0.05338191167098309
1,0.3198398325033921
0,0.016166512121438995
1,0.09846710623499129
1,0.19909842053917387
0,0.05116363315185288
1,0.5035792864261246
0,0.046041434640378305
0,0.10924916929599762
0,0.07124612979112536
0,0.09544439911000241
0,0.0787484666055472
0,0.056056259953094295
0,0.04014915851232601
0,0.040702807571365414
0,0.1006293936602676
0,0.04197935644394112
0,0.04996028123409228
1,0.15180239876560303
0,0.1701634563155253
0,0.04544521392483329
0,0.1516151724877391
0,0.06347464802853142
0,0.05792590371121693
0,0.05688125720555039
0,0.03162300754878814
0,0.051298566216256156
0,0.2503862369755033
0,0.06858968734656766
0,0.19002694915514623
0,0.05022504383668885
0,0.14853052599609695
0,0.06021802624431292
0,0.04241466939222021
0,0.044370539058924546
0,0.0713675611809397
0,0.05660356075980253
0,0.03567712662136436
1,0.3095201700982566
0,0.10840185633466308
0,0.012962892573975397
0,0.07326669632176214
0,0.04738659094915684
0,0.196419111218975
0,0.06824618920029495
0,0.013807572268684258
0,0.08134420898014784
0,0.06812061223145399
0,0.013057204237648752
0,0.04981435463151584
0,0.05094629322326327
0,0.15753060728790383
0,0.42927391565927464
0,0.06307644828905716
1,0.3209769358608499
0,0.04279433854669799
0,0.28434026483317865
0,0.05925998857983322
0,0.028910543169778796
0,0.06636683086963725
0,0.07869682120645118
1,0.2207994360888463
0,0.05274074005322511
0,0.00522577227094408
0,0.05425701403033413
0,0.04769975158000184
0,0.029049713649122726
0,0.06128068452881701
0,0.04030526269405242
0,0.03473788931912233
0,0.10909098495906945
0,0.034640033569168706
0,0.13082528343840832
0,0.09024107381249201
0,0.23205101447397838
0,0.1827369708325103
0,0.17947858128809774
0,0.13720840269992707
0,0.0658176769516999
0,0.20153492827046865
0,0.018348393759692362
1,0.2647934152951793
0,0.06357371476223285
1,0.35765268831329544
1,0.21747515001787818
0,0.08104315990376051
0,0.046364733005877255
1,0.17960619871929204
0,0.05268636597693828
0,0.12704806228030632
0,0.023099947880308058
0,0.05780075632107397
0,0.25056245509030617
0,0.02744718340471628
0,0.07459818476703393
0,0.04671165557601658
0,0.052938724089215246
0,0.016799301370725588
0,0.05638705063823677
0,0.05254754918009067
0,0.07351154080557501
0,0.036882186270691654
0,0.029442168673976487
0,0.05197903754938427
0,0.08748306973990602
0,0.2171555252305828
0,0.018649666727083257
0,0.06342713566499264
1,0.1109381146069499
0,0.04968511139390826
1,0.1635675759286296
0,0.049398396676367126
0,0.028568548390528747
1,0.11758874115377005
0,0.05432713428545046
0,0.03560279719788514
0,0.02077603512652959
0,0.1383229419138883
0,0.37600772041293085
0,0.05942062202358105
0,0.050678882591909245
1,0.13411764079260052
0,0.04421385596830477
0,0.047105624405597464
1,0.10413309919426494
0,0.055041073514500036
1,0.3056982921682053
0,0.030452798921653746
1,0.1031237501321487
0,0.03537427071765045
0,0.0501282302355195
0,0.06093125571345713
0,0.0474479827928533
0,0.06448542990943135
1,0.2931213270492478
1,0.14773208599435902
0,0.02648339431141897
0,0.019094662541960853
1,0.09104787065368111
0,0.089699759933531
0,0.030151243995012542
0,0.03704541641062714
0,0.030857931311449826
0,0.03365685113764559
0,0.019182340997074488
0,0.11815413696487519
0,0.06340869541580506
0,0.03638239720232655
0,0.054013542550015524
1,0.13818616903350753
0,0.01642006943014852
0,0.05676814043143732
0,0.25177469307558664
0,0.05835458713491602
0,0.028162580484856207
0,0.07028923346925359
1,0.12306975859111828
0,0.11790559144197751
1,0.30931140415095587
0,0.09940933643119568
0,0.06313687984380771
0,0.48943087224990334
1,0.09577367380310095
0,0.019173988170955565
0,0.3675205828214646
0,0.14170146983085014
0,0.06022113255645049
0,0.01700960219338582
0,0.10971937783089328
0,0.036035451253855405
0,0.012841927097343905
1,0.14721264693481
1,0.1990141067868979
0,0.16157282939893178
1,0.11472803731625443
0,0.061128424015946946
0,0.06706655612513188
0,0.08990705648609786
0,0.05441629400091792
0,0.12629714214341756
0,0.019448033559076414
0,0.043098847915445625
0,0.02413525879277812
0,0.0946015494405037
0,0.2937505659535499
1,0.11164938108614667
0,0.050813658376966685
0,0.017072132783778213
0,0.023930701985809426
0,0.3483248856409329
0,0.05243335800902833
0,0.03255195446978126
0,0.03449285110960339
1,0.22357847524229849
0,0.07580679802459764
0,0.270815243481391
0,0.04489983530164147
0,0.012660494678599721
0,0.0229076650601685
0,0.04211287680685513
0,0.01583562580269428
0,0.04014915473338916
0,0.05856591282173583
0,0.0603903294939568
1,0.12006704944963426
0,0.04370509670375426
0,0.12485137840918918
0,0.04197935644394112
0,0.3616190356748006
0,0.03774517214624088
0,0.17432285142711765
0,0.1668033701150407
0,0.03216777310660243
0,0.03875421223576992
0,0.001177475115336419
0,0.09656401259076638
0,0.04531254957399041
0,0.039117449422034975
0,0.06733964789536896
1,0.4072328109154193
0,0.05556950978274397
1,0.06749956901297427
0,0.01938757383566956
0,0.07126198920133321
0,0.04420442587656292
0,0.011796420264091029
0,0.06204450766065008
0,0.05701205018984167
0,0.4604833218654645
0,0.2174152038249974
0,0.04197935644394112
0,0.08704302320997712
0,0.11758103233032594
0,0.053693007990076425
1,0.09430293553924281
0,0.23305738836111775
0,0.04869966253826516
0,0.036483475478510934
0,0.4379498135861413
0,0.10546944838591782
0,0.0550967191694041
0,0.01768998688591022
0,0.05077156744219325
0,0.2396283754345266
0,0.04501220295057824
0,0.016729838098255602
0,0.08375321489253178
0,0.05156803960803426
0,0.030857931311449826
0,0.089699759933531
0,0.05361135251957954
0,0.25175254271204034
0,0.13803451861539853
0,0.1605639440670037
0,0.30173268465163083
0,0.05524463726055237
0,0.16598005127619253
0,0.3618500295568962
0,0.0872892710998152
0,0.1244262518633499
0,0.04954435194622518
0,0.14170146983085014
0,0.017081984819725143
0,0.1894367528540064
0,0.029222082887554346
0,0.04210937179480619
0,0.02145876213544322
0,0.04231703134245023
1,0.5190385271682295
0,0.0631484099600218
0,0.0833576628050115
1,0.08968880077986793
0,0.03352055093577551
0,0.07263622952988329
0,0.1708546859963714
1,0.09282167627609665
1,0.11298318083776074
0,0.11104646585127485
1,0.11549575209725499
0,0.013708498388752566
0,0.03807171679509464
0,0.037649035770151655
0,0.0614831832097108
0,0.04845707481253434
0,0.06919991148618065
0,0.04664184144313292
0,0.04110886710415667
0,0.0369662848859696
0,0.05606825537011241
0,0.11766660308476927
0,0.05717983494676056
0,0.046011293850719844
0,0.0636235073812924
0,0.05107461160798699
0,0.06629708346042754
0,0.16246044879562385
0,0.058358967715160186
0,0.05465318839108597
0,0.04800353552330273
0,0.02813151037958012
0,0.06466244501393142
0,0.17964870452162374
0,0.019910694213958743
0,0.09908569731979024
0,0.015381243429728306
0,0.061586725114880427
0,0.39884523795081656
0,0.06534891709179788
0,0.06065650245188523
1,0.1462204472403469
0,0.02729294580487747
0,0.03382028062916027
0,0.10944343392828218
0,0.1885572220357729
0,0.19478409671987826
0,0.1123434923788132
0,0.021722368488144236
0,0.05588440987402203
0,0.040733740327700795
0,0.207322339125782
0,0.051790526205553876
0,0.04274299340708649
0,0.01648370046102981
0,0.1926640311063883
0,0.045797592171755976
0,0.051859964109507335
0,0.06730884209134276
0,0.06221524137798085
0,0.016716192659033374
0,0.0169714826675567
0,0.47758078438697266
0,0.12124041778540869
0,0.03272840882857167
0,0.0548603521783079
1,0.12184929597869361
0,0.05105008566262068
0,0.18750312541461345
0,0.05396214410513277
0,0.022265131988549236
0,0.051783633296436496
0,0.05013049079906268
0,0.048785950740191555
0,0.04479901666365146
0,0.04197935644394112
0,0.022068019804212302
0,0.3526608945202184
0,0.05704665249160777
0,0.2602239965402234
0,0.15832042427378704
0,0.03832897808186334
0,0.05585323165327274
0,0.026356935322673355
1,0.2376171641749758
0,0.043771051301728425
0,0.40295131156758407
0,0.043997368081069285
0,0.031224453077647978
0,0.11623484895822671
0,0.06996606923907098
0,0.09341524038361167
1,0.5759036533785145
0,0.09329034213136218
0,0.04741392223414768
0,0.26423975431713537
0,0.12513315898688368
0,0.06420137118469842
0,0.08984394123819861
0,0.3117045640997151
0,0.18438215527890967
0,0.089699759933531
0,0.07571588556473459
0,0.01254178510335236
0,0.25931754511295085
0,0.050009135181329815
0,0.05035889600613134
0,0.05441629400091792
0,0.05777420378967255
0,0.11772518608814905
0,0.0513714285734223
0,0.07780615809665017
1,0.14838643473585192
0,0.04468255513925201
0,0.21068947062182658
0,0.0479645085861801
1,0.24231152122041938
0,0.04331394467407292
0,0.10094616453033342
0,0.05280391183363079
1,0.1246019271907269
0,0.037673456158707604
0,0.04477630791235426
0,0.015631398515133905
0,0.06790637124932097
0,0.17602144015871163
0,0.05096086581276744
0,0.0495008613444583
0,0.1779761633342588
0,0.06548389764236442
0,0.10062114641250003
0,0.06409702657206809
0,0.03328818938365396
0,0.013851708517050318
0,0.27615446154247875
0,0.2223119576826405
0,0.16426683698933459
0,0.22909139423068992
0,0.0769510870149578
0,0.05650366172339578
0,0.20096858822698382
0,0.14270667783840082
0,0.06237827847688106
0,0.36719862385733726
0,0.1273329313740654
0,1.6034102606792244e-06
1,0.3860344045903556
0,0.34053352652768826
0,0.012648602503716206
0,0.06855770918053958
0,0.13861250836241368
0,0.0184064537209684
1,0.09859588058360666
1,0.17471137771861206
0,0.058390712044854
0,0.4874713634537402
0,0.06281202851851533
0,0.060656978427562916
0,0.03474603643487463
0,0.06685191216412556
0,0.04500813193081839
0,0.03968454910604399
0,0.054539674247004316
0,0.055303201965489296
0,0.028143439332301106
0,0.04181087335325907
0,0.029944736233665205
0,0.32310263696145375
1,0.2422836496306609
1,0.11053878430072435
0,0.052088508598240296
0,0.055862956423950325
0,0.03770918128685435
1,0.12167263717048253
0,0.03737642357580247
0,0.4383161753986719
0,0.04055424302135089
0,0.029656670863702196
0,0.04017103876374613
0,0.15855276259335266
0,0.14005085319498212
0,0.21938266998328346
0,0.03824791015064474
0,0.04733221796864361
0,0.05409809141433802
0,0.07233829246918158
1,0.22080486984868672
0,0.05955050932282753
0,0.06953051218740744
0,0.05127244131791641
0,0.041441150775247404
1,0.2964241015994097
0,0.3850620675879388
0,0.013787876952011677
0,0.04422998336540447
1,0.17992454152417686
0,0.03328818938365396
0,0.017935513497272054
0,0.06640921316562474
0,0.033356043400164924
1,0.1005527888302715
0,0.016893740635044518
0,0.021008041178042777
0,0.05854614140550239
0,0.06148791578863691
0,0.2909439633040068
0,0.031421797294495214
0,0.03329431834184049
0,0.014508702051748654
0,0.05470827514916731
0,0.058674141921755074
0,0.06465781428005518
0,0.05428769149140438
0,0.016409172833765317
0,0.07804953712321883
0,0.11591517659766125
1,0.16158832029576634
0,0.05238739177336314
0,0.03595890092638606
0,0.05722757895190009
0,0.07598401447940509
0,0.11140833511371644
0,0.0872212114589789
0,0.019910694213958736
0,0.042111658896006585
0,0.04501346707039299
0,0.013833733388491318
0,0.4873375874178179
0,0.1554121515351795
1,0.25782421698780217
1,0.09555939797536916
0,0.046564677857311394
0,0.04548571515486439
0,0.06157242726247735
0,0.07193901694675188
0,0.06335483682598365
0,0.05441368086264593
0,0.05920744409960513
0,0.06400303452593475
0,0.11273758726077811
0,0.10386494060478442
0,0.03365526367498117
0,0.24817297625802895
0,0.21487968548948955
0,0.228199456957689
0,0.04879294398203797
0,0.00037304963569429833
0,0.2894157545675791
1,0.1466827696565508
0,0.04761005112477361
0,0.23046800544304016
0,0.017006689499671282
0,0.0669252456198874
1,0.12592213818871786
0,0.13354345953703622
0,0.060686366993110044
1,0.13317579281437256
0,0.053312455652328485
0,0.03639990816034812
1,0.20719788933308608
0,0.10170989785942314
1,0.5304005182222341
0,0.04293625525189661
0,0.1334135374123715
0,0.0699704880693476
0,0.049052825756772306
0,0.05430610467572485
0,0.14280098617028317
0,0.011796420264091029
1,0.12099516559449029
0,0.10050889613335706
0,0.038192192958794835
0,0.09640027718380727
0,0.032622851463204115
0,0.04260331403452289
0,0.05767888244632326
0,0.07326669632176214
0,0.043424108650546855
0,0.18390644655146657
0,0.08843575192002406
0,0.3812623764147937
0,0.06661826361658546
0,0.05352825330159531
0,0.05880390553288976
0,0.07532883835033231
1,0.16513302134425917
0,0.027966205680779826
0,0.07101989493821473
0,0.052964705337329096
0,0.049527523618142125
0,0.04467871930690912
0,0.06112154684971322
1,0.14445419872809134
0,0.06137087949092338
0,0.15203149182739203
0,0.10913800877431079
0,0.07210096865343285
0,0.04432161307318252
0,0.05394845983417491
0,0.06403083872194451
0,0.06681638329132898
0,0.06973646951367048
1,0.14035180215778695
0,0.06502196861299317
0,0.06407501245140834
0,0.05709892846938291
0,0.12473791560664693
0,0.3108050230971077
0,0.013842665767701198
0,0.014511667255775532
0,0.040391019670822356
1,0.15185575535452847
1,0.111082577269046
0,0.12491820979520792
0,0.037437289311103294
0,0.030509477805945026
0,0.03333421846941555
0,0.1497684019445495
0,0.048356036461897164
0,0.0351057160632247
0,0.34048272041546523
0,0.059796105652793585
0,0.39924952546043596
0,0.059346531865221215
1,0.14245978206148496
0,0.22863032089514962
0,0.049058467128519745
1,0.13197577536003974
0,0.1340244247810487
0,0.07178065030519688
0,0.040407917606312134
1,0.2664658985394256
0,0.08755775092652288
0,0.01613489532119981
0,0.03916495150752799
0,0.12072875651243474
1,0.09793519062666926
0,0.2942900691640399
0,0.043251411345027774
0,0.2716893925956802
0,0.34165429344071047
0,0.29041841294013643
0,0.04438616326399158
0,0.08598289778625641
0,0.07887669151648705
1,0.10878976817984592
0,0.12399953888787964
0,0.017752149307275988
0,0.04560805787437599
0,0.014127721719551347
1,0.10026887194996069
0,0.04486895598017777
0,0.047457384409712124
0,0.05971993281383436
0,0.04742868934057698
0,0.17059078435775185
0,0.2517779169742712
0,0.28139469523987315
0,0.12238177353441776
0,0.04384273128131777
0,0.06096618923392406
0,0.031558298622229794
0,0.049863225687425024
0,0.1272553748654105
0,0.03203915597167696
0,0.10103373162672992
0,0.2081554760706113
0,0.03139245692993882
0,0.4382675661838166
0,0.04986929652404175
1,0.12157971474008332
1,0.12852870668215013
0,0.046616205968582486
0,0.07728596933075793
0,0.2386712003020581
0,0.01582854046918395
0,0.07319142877398832
0,0.061461154451107176
0,0.0345099204445091
0,0.15574977588172342
0,0.058076791585219
0,0.041780237811715255
0,0.03607859188733863
0,0.016720225608157353
0,0.23670892635737778
1,0.1179070105069932
0,0.023310589695688017
0,0.07142817920387695
0,0.04522645449100325
1,0.04670028690513071
0,0.044223505150328725
0,0.029426045074067708
0,0.06353157480469802
0,0.055651704948155425
1,0.1530313391364439
0,0.04893553553498753
0,0.037952700168447887
1,0.1576244524593631
1,0.046759589250496815
0,0.31471135249431464
1,0.29165377778263235
0,0.05505937613298126
0,0.017235446801340194
0,0.025302360312062375
0,0.22208126319624474
1,0.3107635298285732
0,0.2208173677139687
0,0.20854579430123651
0,0.05641550787339038
0,0.033102908316253885
0,0.040122907367621315
0,0.01897195946879352
0,0.046173484165990326
0,0.10629897594193588
0,0.14511434881211646
0,0.03246158863704726
0,0.33665876280562373
0,0.0600823228465627
0,0.06450504248498475
0,0.03514022357501912
1,0.29897503387848967
0,0.2983133483985894
0,0.05309969164701192
0,0.05281043369713913
0,0.0475644733892923
0,0.09751717487950257
0,0.06798163896804725
1,0.09690306062461115
0,0.22618903780079214
0,0.2326035302737291
0,0.07972722398828716
0,0.06356011188185158
0,0.05455677637943553
0,0.04213623972889941
0,0.037743407062264776
0,0.0165470347879733
0,0.030857931311449826
1,0.21394782214927374
0,0.05584880209056851
0,0.40769444590167236
0,0.04899090113976992
0,0.043183826838159675
0,0.014064223983045002
0,0.1646413849572442
0,0.13739853745677985
0,0.22317828205073015
0,0.04662669837476296
0,0.08755669528634343
0,0.10539074296454654
1,0.2304224531937735
0,0.030151243995012553
0,0.22965809072796742
0,0.016575989243662232
0,0.1132723886868364
0,0.03033263755543923
0,0.25186158654586543
0,0.05148695599138488
0,0.06915386141598776
1,0.18270896102793302
0,0.089699759933531
0,0.1202046437130848
1,0.34897953298691664
1,0.18275260325660955
0,0.03976316465994486
0,0.05114933020307903
0,0.11390392984825472
0,0.0624862529899479
1,0.22956636667799102
0,0.2181179177669764
0,0.06335878746123584
0,0.0594104787486822
0,0.08897454731125741
0,0.05286356653462077
0,0.06399755211230172
1,0.2640160037385264
0,0.01320978763637373
0,0.18963822460375868
0,0.13267298012011358
0,0.13300300927823996
0,0.06338609724705294
0,0.04905846712851976
0,0.047045315050495376
0,0.049058467128519745
0,0.12227298958467626
0,0.08750763802850832
0,0.33244673290973736
0,0.03866862761500288
0,0.018445096320495256
0,0.030857931311449826
0,0.12044186271719391
0,0.08538541951978353
0,0.03746290984712609
0,0.2473363153268094
0,0.11236795771586594
0,0.04594496926419515
0,0.04289063975751177
0,0.05291054385985404
0,0.053588150954858485
0,0.011067298936564168
0,0.06028346096940429
0,0.05610116013441497
0,0.1211634563749331
0,0.038215329551819215
0,0.0711901795180612
0,0.0464728564146629
0,0.1366823726341312
0,0.4374404854813232
0,0.028830080563756133
0,0.049931533702766324
0,0.051876077130859254
0,0.15927008013696156
0,0.2372377291273481
0,0.4050921877053807
0,0.049414292839293675
0,0.4137495989914419
0,0.15360908312259397
0,0.05215771529593182
0,0.05379771634840729
0,0.07274828038580922
0,0.041100780089005404
0,0.057590244584021746
0,0.04777673041845592
0,0.06978574752294363
0,0.05330151001038785
0,0.07006282175854889
1,0.09937675977334395
0,0.14336948385555567
0,0.014960803060356992
0,0.05153714063366837
0,0.03467983599824858
0,0.14452432303883658
0,0.09252795273622695
0,0.16383752155348208
0,0.07004318163505788
0,0.10194205810428132
0,0.06009793447786265
0,0.06510560483420444
1,0.4340036815582224
0,0.031330510735423985
0,0.43467711706452816
0,0.11461885678373399
0,0.147034096897972
0,0.056093876748078794
0,0.030329607034750423
0,0.194987566565049
1,0.1313511112995904
0,0.04878160113266574
0,0.05512841879999917
0,0.051217984444624304
0,0.12227298958467626
0,0.06423171236773516
0,0.08391247883736831
0,0.05066009612198022
0,0.04368689478788274
1,0.14896328691105562
0,0.05754581985790591
1,0.3033832511728877
0,0.11498274347184381
0,0.05066188330214758
0,0.025357814361088898
0,0.043697595167619445
0,0.03386115146818628
1,0.06808233844094497
0,0.06799700952115487
1,0.21969402031911475
0,0.046290085810180806
0,0.04597417155962013
0,0.05801786253787005
0,0.04312599411859553
0,0.05575475469692457
0,0.03950860525703049
0,0.040943620823687805
0,0.052047876058537904
0,0.05400175589637592
0,0.05011987222241866
0,0.06441725939520909
0,0.047602797340679036
0,0.4391470431385366
1,0.09373371158849711
0,0.12090054771663179
0,0.063941993169654
0,0.05792590371121693
0,0.044852473184711125
0,0.03620305801866887
1,0.0771801722224127
0,0.12298560703724871
1,0.14670867541011104
1,0.2883872437928761
0,0.035293270717932736
0,0.04253658840518401
0,0.049358966382061706
0,0.06013061436187448
0,0.016782810358751024
0,0.13480325745941552
1,0.0009043430592392042
0,0.07075508761522047
0,0.15295261720635447
0,0.25616279039499246
0,0.0821655780845519
0,0.045092381768156095
0,0.29214202133458117
0,0.0543231409974368
0,0.024747206151696444
0,0.06683286782158501
0,0.46738449535907994
0,0.03575265771691835
0,0.18289127823021087
0,0.03125763965062278
1,0.13986769972762095
0,0.054402501773654334
0,0.14017576520372968
0,0.07611517380020216
1,0.10174852299581652
0,0.06404878576207533
0,0.058760628192316686
0,0.07986668430427465
0,0.053989527706619245
0,0.048715068066969104
0,0.11105136325375196
0,0.11069299246789642
0,0.022645904262894475
0,0.12982764469820937
0,0.12325896608051876
0,0.07332770502519353
0,0.02775837241954801
0,0.10605540015701345
1,0.1086681554249845
0,0.05130782007470509
0,0.05926761538065081
0,0.0313323760058344
0,0.04929766567877219
0,0.038647780771546424
0,0.04739658480564706
0,0.03828319957970767
0,0.034039923417650934
0,0.1104313010261664
0,0.14782282009204994
0,0.04621500260137943
0,0.18414784325765013
0,0.01642502669768961
0,0.44374194072169565
0,0.045848362213398934
0,0.04839681290091688
0,0.1152894191188382
0,0.12166999264469257
1,0.14790677423356946
0,0.03971125738128693
0,0.040702471249517064
1,0.3175698917957701
0,0.05766784116703815
0,0.23793767472298893
1,0.1620567083181665
0,0.0518396761687168
1,0.14722241145131143
0,0.050795932437990354
0,0.06501266100973085
0,0.08959352414544
0,0.3039574519955916
0,0.03397117654853666
0,0.1868118868719836
0,0.09685241679258243
0,0.11474243014321195
1,0.17783415338040892
0,0.04997276038269552
1,0.06532580065352717
0,0.17665906918063956
0,0.05632745845734797
1,0.12868277741277345
0,0.01573346160405754
1,0.3606958413208238
0,0.07715246756984433
0,0.10055403448053032
0,0.05132693708839607
0,0.07495334251951309
0,0.04905846712851976
1,0.09623025977326549
0,0.07221207670977636
0,0.06249968191092364
0,0.07623222066246733
0,0.06800708414177017
0,0.040849839828976914
0,0.3329767371262379
0,0.0610268474394736
0,0.17612008695255751
0,0.10917868304733117
0,0.1735755388470124
0,0.028461095403031086
0,0.04688737731730065
0,0.10549211851089951
0,0.12227298958467626
0,0.016143325553383714
0,0.053988133280636584
1,0.3450385735271695
0,0.25182275059310366
0,0.36822628448472816
0,0.04197935644394112
0,0.16878856277272347
0,0.10693120537065748
0,0.03290415885231939
1,0.03032185084188821
0,0.0538692852121744
0,0.12209272196216625
0,0.017883074589519994
0,0.10773719200586632
0,0.06314879527298807
1,0.09805603445509818
0,0.08375245202968985
0,0.019910694213958743
0,0.011584413552466739
0,0.09267607325878056
0,0.0384153935226126
0,0.3951969169148342
0,0.10949013446588028
0,0.04711692198798348
0,0.01496771255483351
0,0.01793502988755997
0,0.30103343278175443
0,0.04742833668252837
0,0.04439144567920734
1,0.12366323831811667
0,0.03083677272368581
0,0.02739924457071117
0,0.08707694510898294
0,0.04343730626208777
0,0.038211644749093145
0,0.03951919055707957
0,0.018732395881785626
0,0.06217958092285366
0,0.05521754590993311
0,0.01641417981827221
0,0.04666987627978598
0,0.04980722689163385
0,0.025669520524455248
0,0.04285791766648167
0,0.0496086306416801
1,0.1479905516967783
0,0.01885596813647072
0,0.0627643082195632
0,0.20521781820715235
0,0.058292394616405604
0,0.14401617537002587
0,0.031152706166743354
0,0.05733265201343887
0,0.013984065275131165
0,0.05394845983417491
0,0.04978051141647027
1,0.33692704903484705
1,0.23277662358685114
0,0.04273064967738753
0,0.05013049079906268
0,0.010176630331129765
0,0.12914644089349347
1,0.09945761313635093
0,0.04805690760073343
0,0.0672177531031168
0,0.06235614137467214
0,0.03522044630046833
0,0.18731259800811106
0,0.10968971770011791
0,0.05569837630516681
0,0.16201035266967448
0,0.0338694411375245
0,0.17232761392223936
0,0.048591939767426075
0,0.049296328093634635
0,0.03328818938365396
0,0.01793502988755997
0,0.3724745238169884
0,0.05687955962773158
0,0.031511360401027214
0,0.0423680985437443
0,0.05610617817919011
0,0.1144534398329915
1,0.12712433083722854
0,0.1585316743947082
0,0.0754756986251714
0,0.054806240042280234
0,0.10651103198794769
0,0.04588299436194893
0,0.06910417772177008
0,0.016929938768381277
0,0.036592489030040073
0,0.03210885114773461
0,0.04594496926419515
0,0.12550778633024287
0,0.10873111689234276
0,0.04868955093147497
1,0.09906752052085802
0,0.07545028538729401
0,0.046422652777155474
0,0.05347221555773242
0,0.08342308144219085
0,0.04991489750401619
0,0.2964320049598639
0,0.18567296080568976
0,0.036641816242791087
0,0.04293717420140282
0,0.05543369296197272
0,0.453302771077961
0,0.05934434400357188
0,0.025324287702250297
0,0.04948989866300334
1,0.09290618763607006
0,0.028838340864627585
0,0.15370949199115003
1,0.15897946175866184
1,0.13088054103184243
0,0.2855803049222897
0,0.27041530747239795
0,0.0009745725382588732
0,0.07635516623571462
0,0.13473620730535163
0,0.05044211518236128
0,0.07837853598093734
0,0.018558918796595564
0,0.1756811622987241
0,0.1286645663952221
0,0.06940554585127288
0,0.2558763751263375
0,0.1728201035551528
0,0.05722008950914591
0,0.055645432198539936
0,0.04933289408377108
1,0.27297002359386835
0,0.04423965407374625
0,0.05394845983417491
0,0.03382028062916027
0,0.23763068885339214
0,0.09391020326817939
0,0.10162886022308477
0,0.06292026066979846
0,0.11667880716623708
0,0.04293310392335144
0,0.14449354174222567
0,0.05352594027768275
0,0.16339399467651736
0,0.05217061493567214
0,0.04197935644394112
0,0.12947532254722205
0,0.11237019493922303
0,0.3804000201487886
0,0.05152053441717143
0,0.01809668574464135
0,0.08250978736055989
0,0.014503978507479273
1,0.18630580175004272
0,0.022470039109299903
0,0.014333942265677222
0,0.10299727426628781
0,0.46931803773457764
0,0.05363202977853906
0,0.07428002923215127
0,0.06604123388283056
0,0.047358462151145274
0,0.04718068882841251
1,0.11836330423396516
1,0.2652079175627373
0,0.2685193815713077
0,0.1387853231624459
0,0.04909678299593485
1,0.15788849210290462
0,0.15755685710966344
0,0.07786785972501337
1,0.13621750037266445
0,0.0692112771202612
0,0.2303903936406763
0,0.008173513901201203
0,0.07767665520764808
0,0.2416639723590506
0,0.03240848576113494
0,0.04867838853772692
0,0.03941359156383552
0,0.018326061798772515
0,0.012735073134350659
0,0.13317546241523515
0,0.019218183399924958
0,0.07822775902107812
0,0.3163490054280856
0,0.3118928202704584
1,0.1246019271907269
0,0.06461826084134532
0,0.050314250093101635
0,0.06040504085013136
0,0.16157092330857897
0,0.3244114999738338
1,0.13530513759172583
0,0.015111225588604574
0,0.06216126448674362
0,0.03779711804020969
0,0.0648153590964179
0,0.08822932406919172
0,0.034222330319442947
0,0.324231823173084
0,0.027966205680779826
0,0.04582268426620325
0,0.046107235036664904
0,0.12619562842412177
0,0.04777508091261973
0,0.06574115908994839
0,0.040044050919943466
0,0.06167102650958198
0,0.01521002916980532
0,0.04732969275050593
0,0.07879837490668451
0,0.06955043847276371
0,0.030311120077278056
0,0.3072185413088776
0,0.07435587687564615
0,0.04324732760847159
0,0.04226056738717545
0,0.04578525816559924
0,0.0457051804486387
0,0.06639941574013922
0,0.024618461614371586
0,0.04588029101997459
1,0.08942894203184686
0,0.0590253156661703
0,0.3049363419455634
0,0.013833733388491318
0,0.18370475104145306
0,0.022937696483882785
0,0.044344299706937144
0,0.07358236974083274
0,0.017883074589519994
0,0.13802151225413603
0,0.25954846435111395
0,0.08818948935091528
0,0.1295480796265794
0,0.03934647495213688
0,0.11635838113208342
0,0.049282241551593366
0,0.0446571950272345
0,0.0498807691591376
0,0.06641052780247882
0,0.04609311411183524
0,0.017338867107545522
0,0.0862995176556635
0,0.40561575615783124
1,0.228288513140155
0,0.0579824108341201
0,0.06150886190320144
1,0.10521746411586017
0,0.2673757720179015
0,0.06527812127988611
0,0.053655797293329935
0,0.008429489343741641
0,0.4181245280501491
0,0.07338472809232413
0,0.05545339941689054
0,0.047018314429528765
0,0.045220399935665186
0,0.013879807879645014
0,0.5007045886769346
0,0.0351358718539264
0,0.050002587135378154
0,0.030226813601109053
0,0.017089007670598177
0,0.030099588505785577
0,0.06113067421561339
0,0.08579161477252148
0,0.05566830985917637
0,0.17094889871463484
0,0.017869800247706923
0,0.2603784805040451
0,0.12268384045252963
0,0.08088879789595818
1,0.19017658169985707
0,0.050457198015980795
1,0.1807877312047892
0,0.04075761495871516
0,0.11844032498463997
0,0.023967935213733665
0,0.053280328427084
0,0.17324254658910912
0,0.10028864115626528
0,0.039970576783448564
0,0.04390207079837251
0,0.05824306650612501
0,0.1435209825079765
0,0.10851662901034087
0,0.04622862866527005
0,0.0278442349418552
0,0.04304864599839337
0,0.0779365269494282
0,0.049639801763383555
0,0.07054083586155833
0,0.015679097994071536
0,0.12889362556378092
0,0.06400742176142035
0,0.10811185181003719
0,0.10981130120996721
0,0.05013049079906268
0,0.029000310931199005
0,0.202323459122163
0,0.11487849892020635
0,0.12694540876357704
0,0.2540521416438273
0,0.04614047900497805
0,0.015551723901886647
0,0.06295606521066491
0,0.0708203185942096
0,0.040995738962034164
0,0.031461839600114457
0,0.14304594736438958
0,0.19822056371413352
0,0.05036178270520391
0,0.038333142852555006
1,0.15401557266449734
0,0.015655104547359123
0,0.12842528655155705
0,0.07824899216748828
0,0.1408596277480838
1,0.18007544144163604
0,0.05258946227767742
1,0.12670227288709407
0,0.07417696244103375
0,0.06417508710382365
0,0.04667844981323639
0,0.06425952476494211
0,0.0524024643099082
0,0.06416925247266668
0,0.15042638735881456
0,0.09564874813953807
0,0.04402759534948171
0,0.057329068953503155
0,0.059679449048154885
0,0.012731193900494596
0,0.04197935644394112
0,0.19174409931931158
0,0.0564106936677513
0,0.4733433219444794
0,0.04684915173593619
1,0.09590932104884162
0,0.19452219930883358
1,0.10312849105770547
0,0.33623897610346726
0,0.023810456109846976
0,0.10823407180305843
0,0.12399953888787958
0,0.20616731150199835
0,0.08452430214555978
0,0.031010137935316207
0,0.0541583557590173
0,0.019934903794568772
0,0.09500597213645579
1,0.08781349644452446
0,0.09997141119566025
0,0.3782816825420826
0,0.07596002839921358
0,0.10578937199054884
0,0.11501944313417885
0,0.4135477546254348
0,0.3241394821614198
0,0.017883074589519994
1,0.14204899036652185
0,0.05352648144981962
0,0.11180384450867015
0,0.18584173810243135
0,0.015555356754870776
0,0.05209754405778919
0,0.04913623290066477
0,0.031480615315622275
0,0.03669731047045395
0,0.40778429505795016
1,0.1063941403453925
0,0.05996819235087608
0,0.07459520694578152
0,0.26277172034949264
0,0.0605258320259473
0,0.061307040563102676
0,0.11455336310155302
0,0.048521886520946085
0,0.03257851481853649
0,0.1164120165164859
0,0.21145014723363048
0,0.14170146983085014
0,0.037806354013426
0,0.40608425099379675
0,0.28031520543789246
0,0.3065346679981835
0,0.18643758659003698
0,0.018224625396543622
0,0.01907449398161575
0,0.12487501837379374
0,0.12266622201980693
0,0.06095017720474666
0,0.1612902895170767
0,0.125072022357886
0,0.05296649065652586
0,0.0669043261487478
0,0.029117624212595287
0,0.016585734018841048
0,0.01590180173053765
0,0.477226781444803
0,0.05601981087299144
0,0.17951077326551418
0,0.09821405684945918
0,0.07571588556473459
0,0.05322792409860956
0,0.039107898258589485
0,0.056515164452299316
0,0.05455359310623804
0,0.06453187567284491
0,0.4168648538079101
0,0.0438123496805109
0,0.018378604137098676
0,0.16933952609020939
0,0.11264322172732484
0,0.04409569732814586
0,0.05873226461566341
0,0.03150800168802464
0,0.1787269521335511
0,0.0772978065738308
1,0.09585150020707489
0,0.1576440445202828
0,0.038330472836962205
1,0.14161407014738656
0,0.2830919013743045
0,0.01617880196354095
0,0.04943099833778258
1,0.12233989644669843
0,0.012938955792713609
0,0.20337433925916124
0,0.015475673235848347
1,0.27602890420949583
0,0.05148344358498889
0,0.048519395270041954
0,0.0332604102908242
1,0.07424546504667466
0,0.07230423983620227
1,0.10121511627988236
0,0.18218889252511886
0,0.06524630770985593
0,0.16097806697654946
0,0.0504963341000839
0,0.030503747038267824
1,0.5051107265312774
0,0.13601137334650998
0,0.030372174405526812
0,0.04319318601890345
0,0.3211558202566386
0,0.020797094363260302
0,0.05792590371121693
0,0.06642524602273622
0,0.07870626408088938
0,0.1216150644317518
0,0.19497309503376709
0,0.028936583754746316
0,0.2261285142436262
0,0.050982680356969436
1,0.19964989557724055
0,0.06717950874921957
0,0.09727463152706972
0,0.04598110316747558
0,0.01525847763494816
0,0.2904012512147914
0,0.4332528900690837
0,0.043027366864059585
0,0.07373705016944312
0,0.05131662479412192
1,0.10554415473788334
0,0.0175233262762217
0,0.3181015194073404
0,0.03726744911731926
0,0.05926761538065081
0,0.060113236600952476
0,0.05472028847248151
0,0.06555542175757986
0,0.1821141667074208
0,0.046876706037824754
0,0.06717621933150712
0,0.04218126079971679
0,0.09119646274200238
0,0.04543095237007401
0,0.10592605599540082
0,0.4505874558535461
0,0.04026698238428319
0,0.30484238431234645
0,0.06306794207195557
0,0.15492234012398656
0,0.20425264383808875
0,0.014045545736406252
0,0.06107899042109993
0,0.27420476623563184
0,0.13872217616043075
0,0.11295687865426372
0,0.07421959033760905
0,0.23324792724524734
0,0.051473637516719746
0,0.09825420354382043
0,0.01750622028944962
0,0.0524628710386464
0,0.03192610987837268
0,0.017177700234687066
0,0.05450269830768081
0,0.12649659630853405
0,0.2245937851869725
1,0.08713721779736694
0,0.03290539771935604
0,0.018158369337355734
0,0.23506066208383802
0,0.014070915113062068
0,0.2438307902635177
0,0.06334991055735958
0,0.055616547321657335
0,0.12236306860499863
1,0.45484260599999726
0,0.22544149172790373
0,0.025247154869098985
1,0.016765288999311134
0,0.05454398932043515
0,0.2938808573676313
0,0.05575057533974761
0,0.047608967816171854
0,0.022487747330562035
1,0.12075218253447166
0,0.12056186316898704
0,0.05774654990489659
0,0.06274682907569015
0,0.017103638678107363
1,0.4821661307778409
0,0.11461876199179222
0,0.4354762358104169
0,0.04834766567169997
0,0.022068019804212302
0,0.05761051472113865
0,0.04940237869538422
0,0.30419855715659855
0,0.052257648756920766
0,0.04012099677643566
0,0.03273164486148763
0,0.1039880039046011
0,0.013139182341264585
0,0.054032536799792745
0,0.016373282602147904
0,0.325229477459505
0,0.07240011341290847
0,0.0627578020950781
0,0.05283062393117309
0,0.061625089016287646
0,0.051963485641954764
0,0.23375855736406936
0,0.10272360028986485
0,0.05223848190800491
0,0.19825282466209465
0,0.20153343650394487
0,0.2782981718885409
0,0.10453375788654244
0,0.05362326310888621
0,0.06688593313059568
0,0.017883074589519994
0,0.0299394069654984
0,0.1496515598896004
0,0.05408255875058169
1,0.11267056582027503
0,0.203206602197902
0,0.057993684876121575
0,0.04676824309818917
0,0.10310745255509006
0,0.046668156833689266
0,0.29594658574428084
0,0.2542679876756627
0,0.04920279215755556
0,0.03017075741903333
0,0.04360795876830971
0,0.05342767162592101
0,0.06109112264888644
0,0.03895839361815326
0,0.0888484735110358
0,0.03261395094891599
0,0.2569216193694245
0,0.09733914697800124
0,0.04522821378365674
0,0.0429766415896488
0,0.3181053309000731
0,0.3357466104320802
0,0.018291857002190444
0,0.013851708517050318
0,0.009929949500814527
0,0.025680597932646966
0,0.04227282636431899
1,0.12517886221337315
0,0.052589076947979076
0,0.0526569506590542
0,0.04722163934532352
0,0.036644076712983635
0,0.06044356218281255
0,0.04687675051659482
0,0.04880684775274719
0,0.08604047201003108
0,0.053479676775375316
1,0.12278679930806864
0,0.05213759187751524
0,0.06345458290151643
0,0.05823959762594669
0,0.05403757509410645
0,0.3661799615201912
0,0.04540480721389399
0,0.05827817923545412
0,0.20191802928561248
1,0.08294106754116577
0,0.1144154138650002
1,0.10449575707545265
0,0.05849729444776349
0,0.052533369926773696
0,0.0695763531065577
0,0.057557292495772724
1,0.10640598498630235
0,0.019689650352121987
0,0.04380693440780164
0,0.05174637116644384
0,0.043315786806756684
0,0.017128433026928548
0,0.19283942430202844
0,0.030091053286645107
0,0.0501759254059998
0,0.013575764242637645
0,0.1581881553483396
0,0.30980911265892397
0,0.23559060089315081
1,0.12055375666570556
0,0.12227298958467626
1,0.0968178629722396
0,0.04763483490637561
0,0.008112175210764563
0,0.056911941593853474
0,0.061920991225139776
0,0.10259178277900367
1,0.3817825206991014
1,0.10857908081818993
0,0.05594702936808377
0,0.35014398631632304
0,0.04638511976772704
1,0.10219519700557646
0,0.05700926256562672
1,0.3809129840499621
0,0.05088384030449436
0,0.05844564882640378
0,0.01430305181670038
0,0.0009745725382588732
0,0.13169918043977102
1,0.09492480200062041
0,0.05335738894999275
0,0.013540855038139631
0,0.06713056586758047
0,0.13982645637855926
0,0.05874862308781603
0,0.18123968133085114
1,0.13084077144320422
0,0.05001771217688175
1,0.18893107021742264
1,0.13244155088059362
0,0.05938037544807152
0,0.0416595803802096
0,0.04244436271858412
0,0.06253396758905885
0,0.01749709535359157
0,0.0903227988098828
0,0.13388327575089104
1,0.13457966402021296
0,0.2954055792251411
0,0.018684954178626416
0,0.045115921709984276
0,0.04395709847763134
1,0.05567994077221413
1,0.45585661145621875
0,0.010274072333321334
1,0.1262362936928612
0,0.20880732616007386
0,0.058666715721877635
0,0.11767213753413105
0,0.06347058845831459
0,0.03639990816034812
0,0.07374053861087819
1,0.08330657719900347
0,0.01631474580689154
0,0.1330266929750105
0,0.02104572244393371
0,0.046212038293420334
0,0.022937696483882785
0,0.13799472230797655
0,0.03748486076602891
0,0.026441672011711947
0,0.04490303745784245
0,0.14170146983085014
1,0.12804727104466845
0,0.11133939120366886
0,0.05518631672500952
0,0.14505571088217148
0,0.0407717099315441
0,0.030329607034750423
0,0.16638276149875936
0,0.05772721196168881
0,0.10996561091872288
0,0.06705468315053391
0,0.014095994324950055
0,0.04932555682104355
0,0.02365545989414111
0,0.030857931311449826
0,0.014469275915120042
0,0.1261783464948962
0,0.01774674983643026
0,0.10727502851277299
0,0.062160754369672014
0,0.032171861297311526
0,0.19105182384966252
0,0.12509736196463295
0,0.09061290024451399
1,0.1893927798779994
0,0.08995831554459074
0,0.051626057949224896
0,0.03425575315470097
1,0.12892576511291237
0,0.04579460928793105
1,0.041310881217055694
0,0.16515911809018707
0,0.06613057530720194
0,0.053710391410706874
0,0.11793386961051443
1,0.12565636162549512
0,0.04082834054758749
0,0.04531647654911582
0,0.12855072246913735
0,0.05204920846034245
1,0.44778631578753647
0,0.0426154844961319
0,0.028704907411349602
0,0.10624088628980542
0,0.05526345185554955
1,0.13546711334927536
0,0.015954206424077643
0,0.1343798163015022
0,0.20924780145203453
0,0.18580653320588414
0,0.04609037087692056
0,0.04178520046067673
0,0.03985492516153775
0,0.048709676760502564
1,0.16856276591557073
0,0.056442805232858974
0,0.038623491739851114
0,0.40913860916635814
0,0.06766217747660787
0,0.13258425176961303
1,0.41961148788526414
0,0.06512409256993433
0,0.049058467128519745
0,0.12006841386965758
1,0.25520969422103296
0,0.025809268210608277
0,0.03949678329177223
0,0.048916117646071476
0,0.015399897881882117
1,0.6312963911285128
0,0.0340404899841452
0,0.06446179112858597
0,0.05214396045931301
0,0.17558039652344407
1,0.1341517036846628
0,0.03276789519132665
0,0.030945738106758155
0,0.24820652278556796
0,0.03231015889125705
1,0.1312942294024054
0,0.23059901793882684
0,0.2768206372804695
0,0.08393981512171998
0,0.048122298418663154
0,0.04293181423655409
0,0.016799301370725588
0,0.06912667320705347
0,0.04486895598017777
0,0.058618685355227594
0,0.06552885287199163
0,0.031092387353278683
0,0.049058467128519745
0,0.028603871027399988
0,0.03776146809425483
0,0.1624154866076255
0,0.032582157456012374
0,0.1433507548833166
0,0.06953312242540216
0,0.3096214855687631
0,0.01477481121602293
0,0.10791917731389256
0,0.04841074318150773
0,0.07141015926942096
1,0.11993439324136468
0,0.23578956412549207
0,0.05598950675003692
0,0.04799560123785916
0,0.37758580281840687
1,0.16273544351564342
1,0.28575660775573775
0,0.048668448755069406
0,0.08148281851187635
0,0.02757631097215589
0,0.058343008854349815
0,0.030096338069841994
0,0.05237819520038452
0,0.06482416819504666
0,0.07538667297250198
0,0.05372651949126452
0,0.16095981182924168
0,0.06773548494229582
1,0.37199807165956417
0,0.05792590371121693
0,0.24233892978905516
0,0.05629515145681015
0,0.06254227675290763
0,0.035263530550171965
0,0.16790419149882924
0,0.04521791873468691
0,0.05822384382916855
0,0.160566326013997
0,0.04197935644394112
0,0.09573486488323249
0,0.3139056893740655
0,0.05827841897088868
0,0.014150553405851115
0,0.03962283307195807
0,0.037380145982511506
0,0.017988978892132322
0,0.05770549292898718
0,0.03128545285963031
0,0.00882573722220211
0,0.253351081889589
0,0.05098873693071048
0,0.013807572268684244
1,0.36734948981875243
0,0.02215866518480605
0,0.0692037333462279
0,0.269403975516411
0,0.19098912608198937
0,0.02965404956131148
1,0.2515572315599219
0,0.12615913979540883
0,0.02810913110445216
0,0.13025043921585874
0,0.4542691906448513
1,0.11581109194789865
0,0.2618949083083108
0,0.052551819247785035
0,0.032862153355858834
0,0.013148636226397227
0,0.05261905665575654
0,0.04939265887472528
1,0.4456455517293351
0,0.06253684668967589
0,0.10754270487013255
0,0.07008675463133919
0,0.18621392027394706
0,0.4490395776348748
0,0.15183582016251262
0,0.18132975399577816
1,0.17773222891705562
0,0.23322488038999278
0,0.03892774946453454
0,0.013036413505879096
0,0.04654172837401824
0,0.03876639088134988
0,0.023428334816764824
0,0.10277116049632087
1,0.16055775749573617
0,0.052390811563824476
0,0.05599176098197461
0,0.0590669115365273
0,0.15288535721644744
0,0.12748333373947834
0,0.05139768266405351
0,0.030287038033337675
0,0.08113080999304785
0,0.05800335408310363
0,0.04197063083481679
0,0.01824893312664062
0,0.02610795974683408
0,0.12433385906537515
0,0.04776623542677831
0,0.13060711428686303
0,0.05647365180827907
0,0.11119451547562166
0,0.017073443610247877
0,0.02836969576210877
0,0.01474623121416667
0,0.038357888897172294
0,0.06840030016715724
0,0.04368385534988991
0,0.043008171137926064
0,0.054683421559890144
0,0.38375571142346304
0,0.31962505739368946
0,0.05687010546397391
1,0.017348432283252297
0,0.12006560956951559
0,0.043774970052249
0,0.2807448520870252
0,0.060506404192823895
0,0.34975686901650604
0,0.05916781435592398
1,0.11938193288761845
0,0.08198039318259323
1,0.1158016436620176
0,0.029986728959140178
0,0.04290476517414483
0,0.053307786257992734
0,0.03646058056911447
0,0.07984461014795387
0,0.016166512121438995
0,0.08138690002384959
0,0.057209422245740105
0,0.013833733388491318
0,0.019539374038234646
0,0.05640154609817235
1,0.14507086809418746
1,0.1276478613363717
0,0.24607655363859002
0,0.05357988075053684
0,0.09197996503944027
1,0.18157950990972163
0,0.0817511842750992
0,0.06240755356691771
1,0.17028484697044297
0,0.054361428973576105
0,0.03682218258959025
0,0.15844310825634986
0,0.03180136486973349
0,0.05930607681688265
0,0.05618529684652358
0,0.04197935644394112
0,0.04796761376555399
0,0.13410278485442242
0,0.10998918912735157
0,0.05020783023580962
0,0.13635597603401617
1,0.13121408421041583
0,0.04793755151603214
0,0.16489710202778382
0,0.14178822763287577
0,0.03160451870928734
0,0.056890982580068264
0,0.1782266357965732
0,0.10489166860938054
0,0.046690622216321774
0,0.25325415624913206
1,0.198388253717699
0,0.24687776482668528
0,0.03706281384357367
0,0.05251860653759267
0,0.05792590371121693
0,0.030945738106758155
0,0.10181643560122557
0,0.06816436139424993
0,0.030857931311449826
0,0.2733812089596663
0,0.04498573020959766
1,0.3134154394951885
0,0.05518087668945491
0,0.03641215583294724
0,0.09193205795841561
0,0.0573078707700065
1,0.13978653267479735
0,0.13336755773345144
0,0.0505012104415137
0,0.03801710625912537
0,0.0567627338814609
0,0.09735298836090055
0,0.07986668430427465
0,0.057135079504266724
0,0.11811339142379451
0,0.3610842841869006
1,0.18321114582648515
0,0.18955752012959273
0,0.06893259647108112
1,0.4693534209478937
0,0.017712450701651204
0,0.06880682279008736
0,0.04416801098547246
0,0.08108145547679024
0,0.016190929467868945
0,0.055650851266938625
0,0.03682137232539166
1,0.39417554633666924
0,0.047593741725094334
0,0.13910707038339884
0,0.016097406062312018
0,0.032553873124289624
0,0.06128984368581053
0,0.050207437178413805
0,0.045899861301499145
0,0.04763786372386524
0,0.3307972274263767
0,0.05321390388715359
0,0.06349786097571822
1,0.11979520144665853
0,0.06024944764921835
0,0.053016360362849714
0,0.2704682534462236
0,0.05792590371121693
0,0.055805261030370014
0,0.1126513789427065
0,0.05306200849938737
0,0.07641914050688464
0,0.07017360881057534
0,0.4203173521574501
0,0.05831569502879134
0,0.2977552786979663
0,0.04702722967718406
1,0.15830398187418265
0,0.044984334911110695
0,0.042446977633143534
0,0.07934831244571151
0,0.08939490304411342
0,0.32582636558834704
1,0.12898666983437507
0,0.05590771081386692
0,0.07501035029382197
1,0.17194850998476294
0,0.03499398441856074
0,0.04579031814174552
0,0.045509176462927896
0,0.052504344108231474
0,0.06866951937751152
0,0.04953070661029579
0,0.07468421541275713
0,0.11006102920097047
0,0.06183167574030551
0,0.011702358500283234
0,0.0568171649418909
0,0.1829541852180166
1,0.15068866350254198
0,0.035263530550171986
0,0.07339113126259254
0,0.053984237571995504
0,0.04859797867695774
0,0.0541929026511123
1,0.07781468514849663
0,0.05259624143966686
0,0.05386598489513514
0,0.03353415377642316
0,0.052846160912789736
0,0.12129545091612856
0,0.03702279766657471
0,0.05257003843825026
0,0.0459363666005623
0,0.0544822441077732
0,0.04512821467646581
0,0.030857931311449826
0,0.021955065490336986
0,0.030230405043601978
0,0.020515273911195515
0,0.0340404899841452
0,0.04430114276875656
0,0.05238374395608115
0,0.06788581925713683
0,0.20847845432052886
1,0.27458650387786315
0,0.029610491097635565
0,0.10622558233317492
0,0.058980716985368706
1,0.1150988967977643
1,0.09338059141192837
0,0.05085151225463144
1,0.44101723150041755
0,0.01800240591426744
0,0.0668039535890418
0,0.15805037953078238
0,0.014801617108625716
0,0.03070835049322269
0,0.0750261259869728
0,0.29974569681091084
0,0.042092892088420576
0,0.06963244822363993
0,0.05091978839936505
0,0.0467868910717384
0,0.04648094368779157
0,0.017883074589519994
0,0.18026249832954874
0,0.048987524535737965
0,0.06311208039000844
1,0.21744914798504505
0,0.056585166255216014
0,0.15753060728790383
0,0.05918254810112485
0,0.08318238863290563
1,0.10611861789907094
0,0.031368653684891175
0,0.22077414659002734
0,0.564431811932899
0,0.013957374081782005
1,0.043926795308995445
0,0.13194138236556643
0,0.1539311703822569
0,0.0774173677758273
0,0.06335157071239425
0,0.06459392992992692
1,0.11176285699244842
0,0.04574385149727908
0,0.3280940711990634
0,0.10470353470136169
0,0.11649804787257752
0,0.13974051627445822
0,0.2582302285806227
0,0.15239621442406517
0,0.03156739923596446
0,0.14201782307967534
0,0.06268556508748198
0,0.044807065735926
0,0.05792590371121693
0,0.042412015557939026
0,0.13398529411450735
0,0.06323692107461011
0,0.106214613519275
0,0.044563417706030936
0,0.06062868363588264
0,0.06160486925453678
0,0.0644743388739428
0,0.05542581003563851
1,0.22137257145871586
0,0.2249508153973463
0,0.03225755055410499
0,0.03818348386683807
0,0.159105377884864
0,0.1283374086075486
0,0.05265161648179649
0,0.24672682594562245
0,0.07728058555329635
0,0.05280092999455835
1,0.16471815098673878
0,0.3413400912366331
0,0.013314748284978037
0,0.10026870884283866
0,0.09550385493409398
0,0.17203336128510593
0,0.03245497716433217
0,0.05461099523837358
0,0.07824611771032944
0,0.04894214550416243
0,0.32553935510640963
0,0.0589699019322972
0,0.13215293577471338
0,0.038560289894525604
0,0.1062190968286563
0,0.06479092280067407
0,0.05941013215314143
0,0.048591939767426075
0,0.09976721013045398
0,0.043028744198405355
0,0.05576700897883325
0,0.13151106489807063
0,0.0452413091596205
1,0.1560365533875885
0,0.05924720505576173
0,0.048840804010850565
0,0.0496527671538103
0,0.03334757820605755
0,0.06207109214480444
0,0.0920782694363567
0,0.03241132621736933
0,0.05683983227814563
0,0.034444748251165246
0,0.016799301370725588
0,0.07718893771205648
0,0.20890807569201522
0,0.4182082171774196
0,0.04744614788487275
0,0.06404131921803267
0,0.050424298174421275
0,0.028333224143354454
0,0.05096602874345683
0,0.2728262388908494
0,0.04231787495196917
0,0.04773132721501282
0,0.06272591412998497
0,0.1273440267653312
1,0.3798442493002421
0,0.1850048912222336
0,0.030509477805945026
0,0.031197053196012056
1,0.1339585946087923
0,0.04197935644394112
0,0.0454920881424453
0,0.10818678019992657
0,0.05287436731503446
0,0.2368113731577079
0,0.18166855862211398
0,0.032576139212971665
0,0.04494045076285611
0,0.2534606641846625
0,0.04407361349129168
0,0.049410810142857316
0,0.029647239079144943
0,0.08947646993775377
0,0.015329775158438955
0,0.08241674740548026
0,0.18353536406512788
0,0.013807572268684244
0,0.06163455692173131
0,0.04406885515656019
0,0.017428910960965195
0,0.06797246000085837
0,0.05932545502211346
0,0.02077603512652959
0,0.04369108618149234
0,0.20259397468332663
0,0.01978415482347081
0,0.06413595633861106
0,0.11061242808785736
0,0.04041519177228802
0,0.06942923878856028
0,0.41243642193150126
0,0.06283948691887058
0,0.06883263269040117
0,0.262820710431544
0,0.21775643968000144
0,0.06915079278223403
0,0.043270756387616696
0,0.05924837890681096
1,0.06353994911138952
0,0.038148038772532186
0,0.0550854851064337
0,0.046237654397168114
0,0.05353630887059708
0,0.3782354009856036
0,0.06090774781607313
0,0.04229057408776171
0,0.47890587361683734
0,0.10635770926065648
0,0.3110610811284622
0,0.057362362667177424
0,0.054518119467170084
0,0.32852291795280847
0,0.056642678878641634
0,0.054233560929690845
0,0.08406505336185406
0,0.03363706742998375
0,0.027306939751685716
0,0.07607122989056182
0,0.09872633342704505
0,0.09015098388761815
0,0.05315655947780761
0,0.04197935644394112
0,0.05792590371121693
0,0.045240804581768136
0,0.051596680644450124
0,0.27387649153921223
0,0.0025491069549754934
0,0.035998069231994105
1,0.15964665766235814
0,0.022607703513801237
0,0.06179246295897198
0,0.07329177835024712
0,0.3350718963690981
0,0.04028907880951609
0,0.07051600253859565
0,0.043828822708459544
0,0.10503735232281765
0,0.047738471890441156
1,0.21549888219137714
0,0.05288084582297987
0,0.09575601617310825
0,0.05551589182762312
0,0.11001171658220148
0,0.06664859074000752
0,0.05275765211217412
0,0.033922035554900254
0,0.0516479707620748
0,0.015033009565573496
0,0.10794956368883668
0,0.07422034522825754
0,0.0431237068222244
0,0.06327143170536187
0,0.0722293989202592
0,0.08057395605883046
0,0.054219809768160265
0,0.05632887772685686
0,0.05777053360313209
0,0.2781388257327126
0,0.06453724781911895
0,0.03113974175960948
1,0.4112748355199532
0,0.05103708963642536
0,0.1748874099801874
0,0.047774175577435886
0,0.017446236900222286
0,0.014860424396266855
0,0.05753837808379366
1,0.175547445592139
0,0.04165687863226355
0,0.23193697232537083
0,0.09997368336490675
0,0.14213405899491874
0,0.029584080897632228
0,0.15323981288054506
0,0.15432798897421887
0,0.042757788114931236
0,0.05496038145141934
0,0.03814381493580734
0,0.10842262360470892
0,0.08696579864534285
0,0.053779853060515824
0,0.09299249616761332
0,0.04729448665574947
0,0.13212182612976225
0,0.35565813146461644
0,0.01884145129145894
0,0.07695425148855348
0,0.05208475925981332
1,0.28494226763304537
0,0.059826252237986086
0,0.031329650647000086
0,0.08956760701424732
0,0.2967371851202857
0,0.19455573967130138
0,0.056508600966511904
0,0.04580789730114172
0,0.06690255776934124
0,0.05394845983417491
0,0.05410035492872946
1,0.10337857548937478
0,0.06829433275149736
0,0.057550947431875145
0,0.08538023500039463
0,0.0903227988098828
0,0.053093655625154515
0,0.04307789536120389
0,0.04261060359480158
0,0.07314125002382119
0,0.09373747930645525
0,0.05138506453039206
0,0.09412732726355756
0,0.07254396153542239
0,0.04295179403464838
0,0.048724959950198744
0,0.0340404899841452
0,0.0577264894126994
0,0.06177567707886728
0,0.05020188774607028
0,0.013957374081782005
0,0.14349823672864115
0,0.05592523989286139
0,0.10454788041638406
0,0.02225234702458436
1,0.19559652279847353
0,0.08454779567705013
0,0.013879807879645014
1,0.12970563959968578
0,0.11428375665082491
0,0.26027910054515013
0,0.04047872356960653
0,0.05063996362521947
0,0.04661404478020776
0,0.10840040282307936
0,0.016959374907229506
0,0.11991868687588159
0,0.05285937705404093
0,0.13478281742492343
0,0.053232670479792965
0,0.12123543337055269
0,0.014586633927329748
0,0.036274893044511376
0,0.04594414852980224
0,0.03924653067022671
0,0.028445519580437607
0,0.05299176044080207
0,0.01684726540724288
0,0.03746287228178285
0,0.129451511963573
0,0.14905275934163303
0,0.07069205038097187
0,0.059727024977424256
0,0.11732424092168862
0,0.16607937753227578
0,0.03325566440596594
0,0.11696860923231653
0,0.04639079301916949
0,0.026135950484258985
0,0.07860210162424958
0,0.06313585678928764
0,0.06191057244655385
0,0.032348476736413265
0,0.06870324638437154
0,0.03279999340452112
0,0.043626556805357465
0,0.14734289512619791
0,0.0476152525779771
0,0.046378035967364256
0,0.05693933012135097
0,0.057310286153164684
0,0.05483476268139557
0,0.04871175333316667
0,0.06130774203621059
0,0.05243830177831836
0,0.09344997457966484
0,0.014689680983994638
0,0.19988906866358894
0,0.09054688115306218
1,0.11830143806370258
0,0.21433878330277914
0,0.014392122728609574
0,0.03527009288286054
0,0.05045958168458834
0,0.13281805610388472
1,0.548724834599659
1,0.11116791153453802
0,0.06240547993147945
0,0.05780836323947546
0,0.421901731634807
0,0.1103499355952743
1,0.19011769364649092
0,0.04725527612803016
0,0.028661719258392965
0,0.06906520751813187
0,0.05124882820726415
0,0.03587023692105273
0,0.05170413737722557
0,0.050845966179673
0,0.035018389171884975
0,0.2560083712231327
0,0.04142564982574012
0,0.029089090490437536
0,0.05342867999165358
0,0.1113664249258005
0,0.12210688386669638
0,0.04660676966705831
0,0.05483003757831887
0,0.055681482522627994
0,0.019821110458537457
0,0.1046368886019371
0,0.15013083166881297
1,0.14501663849012766
0,0.06357129904652153
0,0.09935012395765022
0,0.3432510732138938
1,0.18240053591935232
0,0.03255994497550378
1,0.31125239167567015
0,0.030503747038267824
0,0.30661417686366
0,0.07278244648089763
0,0.051876077130859274
0,0.1398108955148924
0,0.037795466018237356
0,0.10297592753065979
0,0.05934434400357188
0,0.07742711174222565
0,0.22039293947203278
0,0.09405372070173969
0,0.05035256807858924
0,0.10427010117082255
0,0.04897366081380053
0,0.042088213284330434
0,0.047532594455889386
0,0.046977602087099994
1,0.12513259012806724
0,0.04866479983919532
0,0.052067387253395964
0,0.04957645113507479
0,0.05309077756621804
0,0.016166512121438995
0,0.023605813022153345
0,0.053288520738712375
0,0.05630556022993866
0,0.04701716759854913
0,0.12862001243023718
0,0.21250763300028408
0,0.017557323657636646
0,0.08206156366714906
0,0.02685965475888822
0,0.06515735362174584
0,0.013851708517050308
0,0.0557867959870514
0,0.1447811190339104
0,0.2924880603160286
0,0.0323971961839008
0,0.03413621762150001
0,0.3058167680098972
0,0.06042219033251735
0,0.12479167641262694
0,0.05168717766441434
0,0.14340710684476213
0,0.017064281108622962
0,0.053117553241207906
0,0.05641902689892006
0,0.05699379273304876
0,0.360198510558752
0,0.04191583828227824
0,0.09637234606256471
0,0.027585408889536884
0,0.16187423287957406
1,0.0998923805449613
0,0.04246314722813427
0,0.02635351791289454
0,0.05367161875814633
0,0.03255195446978126
0,0.07407539526371495
0,0.23166560322550847
0,0.02577364436375035
1,0.11148481191189606
0,0.06163470297752809
0,0.1495263875918378
0,0.06070230720158018
1,0.38205290436415595
0,0.08752893816651565
0,0.051142886329959315
1,0.1346655937031545
0,0.089699759933531
0,0.06740472367446738
1,0.14762061623970152
0,0.06958478613421114
0,0.0340404899841452
0,0.019604620446959393
0,0.09505086774191851
0,0.13400047358309325
0,0.04764158852596664
0,0.02878163887112839
0,0.04409928279018294
0,0.06351122722426532
0,0.018457283017308763
0,0.3866148337904685
0,0.053208803747092165
0,0.04197935644394112
0,0.054320552485850354
0,0.07304772962112561
1,0.08654850440128467
0,0.14418166497623877
0,0.035635468632268984
0,0.04553391392740516
0,0.04685643177908555
1,0.1403362630911209
0,0.04941987862789156
0,0.06310315446882768
0,0.04760377086014355
0,0.042263773554446805
0,0.34749593760555375
0,0.017883074589519994
1,0.1529293049246494
0,0.4239034513223073
0,0.051489956516181996
0,0.044494178286577514
0,0.11375038199087087
1,0.09575344361873397
1,0.14023318929520698
0,0.06208585584322534
0,0.06470092554991569
0,0.07119365230527265
0,0.05651328431897944
0,0.1791242697550429
0,0.053056210730507675
0,0.016166512121438995
0,0.10584171683913521
0,0.1385417197907574
0,0.07195898968157857
0,0.0881602828936502
0,0.09939907592930655
0,0.03702279766657471
0,0.023919713772684276
0,0.047923039211551464
0,0.21158832245258644
0,0.07039186585371932
0,0.12482664469741483
0,0.045060993347475535
1,0.10541226900497958
0,0.06661521960275946
0,0.050500222300105764
0,0.16377550322622877
0,0.04743916034840025
0,0.052551819247785035
0,0.2581374512352254
0,0.04270039447367258
0,0.14658106127824252
1,0.04483404981325995
0,0.022552572528623197
0,0.10155763231398841
0,0.15370949199115003
0,0.12292078254820395
0,0.059670400259313486
0,0.048245295242859074
0,0.07659860664420894
0,0.04334663650023774
0,0.05451149173927693
0,0.012289105740344235
0,0.3366789777684148
0,0.037387712766992875
0,0.036869388813186584
0,0.1670629166415255
0,0.11196350120819647
0,0.018038866892931917
0,0.09781548554162212
1,0.08163397286361823
0,0.05524779704054247
0,0.05385343252268313
0,0.19077179757554072
0,0.055615094167115665
0,0.08212310532379281
0,0.04427760837436644
0,0.05638951872499491
0,0.23467791918017025
0,0.048748591733311745
0,0.16783564645082052
0,0.051189026652374674
0,0.07778309521383839
1,0.14662239948366065
0,0.02567255788009746
0,0.11144437270038206
0,0.4201053923395419
0,0.048028019567613746
0,0.03209699723716583
0,0.24870975882314938
0,0.0827014875545373
0,0.13379047969038843
0,0.1779544018517558
0,0.04960972300641503
0,0.0461095553412634
0,0.052422422067172264
0,0.042608433272309475
0,0.05073329878896836
0,0.12129291224375018
0,0.050825692341376676
0,0.16446491072580596
0,0.21676287891150312
0,0.01611325098245639
0,0.15756895828729306
0,0.06939569739983663
0,0.07837853598093734
0,0.032771076269290066
0,0.02175310248382052
0,0.07183132401791233
0,0.06004356520012413
0,0.059594146403648705
0,0.03387018927324187
0,0.08861843098793362
0,0.17531756141133917
0,0.27960717827425424
0,0.04778442927401076
0,0.05070966828600647
0,0.0180162817085482
0,0.1063022199846431
0,0.035538310243518424
0,0.045984483992403895
0,0.23068310649932228
0,0.030503747038267824
0,0.05059228627193574
0,0.32437109738477193
0,0.0651920852776515
0,0.040601597075375966
0,0.08738281649664435
0,0.049058838368737596
1,0.17045369436416286
0,0.11526464287326749
0,0.3594130184510441
0,0.056123979539570185
0,0.016341520122353737
0,0.04916002248554931
0,0.06610436159657125
0,0.057146505575960085
0,0.043312522348392606
0,0.015645379804955253
0,0.046945324600282105
0,0.03727067060013044
0,0.05589160592132435
0,0.04600441972522522
0,0.03464531254108135
0,0.08499350284614901
0,0.027645173880767284
0,0.034773669060870524
0,0.058561672056031626
0,0.05307800380556853
0,0.08093990392630494
0,0.19404249765388282
0,0.4125108104526417
0,0.09173787828678102
0,0.03245441571258453
0,0.0675569722052917
0,0.05090848991069105
0,0.05575498524954475
0,0.038760880894617544
0,0.019910694213958743
1,0.37899778716854093
1,0.12689578686869024
0,0.02643258469988799
1,0.18425401836366112
0,0.06515241666168152
0,0.07359138504045913
0,0.05744597154766501
0,0.29449606957928426
0,0.05317974211072378
0,0.04197935644394112
0,0.048005602222047875
0,0.07382067895344735
0,0.12453468347749401
1,0.10963235793066743
0,0.1945665938366125
0,0.1459656873505793
0,0.03446146556094101
0,0.17879227182314228
0,0.10354634116523367
0,0.051696674629803305
0,0.024415050724481635
0,0.03548388779671388
0,0.04346996785560888
0,0.3864806633968733
0,0.06333963156777818
0,0.05166187236559937
0,0.029321444089852496
0,0.03891537749186052
0,0.050358328222328955
0,0.07486112636550912
0,0.049639801763383555
0,0.013707309359840157
0,0.05013049079906268
0,0.0701193663643455
1,0.18700915166334153
0,0.012181287157484186
0,0.05062311250807063
0,0.07748188110716638
0,0.036218594772423486
0,0.06138775376570342
0,0.12048214649001555
1,0.21170924357750343
0,0.06991776547652251
0,0.04833560288929861
0,0.05889816700074252
0,0.04599802499652215
0,0.017752387517799652
0,0.04448773123466634
0,0.04157268686482481
0,0.14418149292442
0,0.07248790184521928
0,0.046564047351530864
0,0.28800897218674126
0,0.016799301370725588
1,0.17995503905728802
0,0.11924826943045672
0,0.04580789730114172
0,0.042274907767213675
1,0.1309098079013003
0,0.07672791936848448
0,0.21043528727802122
0,0.05002974453096044
0,0.022263899291431345
0,0.09081074156292407
0,0.06564199941469519
0,0.46416445396878175
0,0.03585937079305674
0,0.3458217702655785
0,0.054178414043841376
1,0.5099377332404584
0,0.016230494902088097
1,0.14774361940283573
1,0.376621393121631
0,0.015551723901886647
0,0.36545917584326154
0,0.2180301248059222
0,0.013080681613437097
0,0.26132764644301365
1,0.1730327969461171
1,0.15546756825472094
0,0.034345424159113735
0,0.35429356417198965
0,0.11456189638966839
0,0.02759479239907444
0,0.029379795017233628
0,0.018158369337355734
0,0.014064223983045002
0,0.06292694399604974
1,0.10878186090126288
0,0.03932247441375114
0,0.04072096536782742
0,0.015551723901886647
0,0.2985089817048618
0,0.0152858104094411
0,0.08144054148132227
0,0.13350414569193736
0,0.017779189902435877
0,0.11848685295126352
0,0.06580069029779209
0,0.05657655462813577
0,0.06704192464579845
0,0.43968255971338327
0,0.089699759933531
0,0.13163683836850176
0,0.06801021972479172
1,0.3922091964525726
1,0.1406826788233561
0,0.12914644089349347
0,0.10412338206371076
0,0.07739344135997563
0,0.022552572528623197
0,0.16361950120909688
0,0.04520666168983503
0,0.07480534235682862
0,0.06409763201252588
0,0.1144814675308775
0,0.08148941479312918
0,0.05397521460200708
0,0.07924679586097666
0,0.4680426545296303
1,0.147828967911317
1,0.12696560034363155
0,0.03659396199319543
0,0.04837935975248845
0,0.03236083987047829
0,0.06723182714499334
0,0.045175275869036
0,0.06403799715665984
0,0.15660711150221343
0,0.36216814243917395
0,0.029404144658811533
0,0.04793617987568683
0,0.11156275287026304
0,0.04780366527406886
0,0.06074113736396277
0,0.04657305227821361
0,0.04107715814302334
0,0.019910694213958743
0,0.09498977656032856
0,0.05206766652417034
0,0.037725855527747744
0,0.13120695674293462
0,0.015551723901886647
0,0.04958589688365334
0,0.13306149869744544
1,0.10989790494261202
0,0.0557982216182752
0,0.05482552483799148
0,0.07839223716715589
0,0.014996900012344256
0,0.04264181540195112
0,0.059196306701231174
0,0.3296330671518479
0,0.04917668995309445
0,0.047533416585094725
0,0.012496215287567895
0,0.11142552722749245
0,0.038034102859676684
0,0.32154834454658254
0,0.07172595208099959
0,0.13382283795367625
0,0.03550837298299076
0,0.14187946490393705
0,0.04090675754029671
0,0.05413847478845736
0,0.0474738961949565
0,0.0903227988098828
0,0.09685724171755976
0,0.0888579674393654
0,0.0338694411375245
0,0.0793024067441263
0,0.0514815976824466
0,0.21651609761331864
0,0.030857931311449826
0,0.05886397559507124
0,0.05929634960463293
0,0.051020837029124105
0,0.057169980146874716
0,0.022730758125123016
0,0.03251142288488305
1,0.07987659542006212
1,0.12976949281974745
0,0.015137972684851344
0,0.03389246673981736
0,0.01774674983643026
0,0.049784276808379734
0,0.057627900679908944
0,0.04743772866826286
0,0.0664785464980388
0,0.0642696003363177
0,0.04272649473911178
0,0.09938684252930446
0,0.3362092429357168
0,0.24389636710005824
0,0.034039923417650934
0,0.0628714548784418
0,0.012121454053507537
0,0.09061610711982729
0,0.2588281399036869
0,0.10633387761172475
0,0.05874143649015039
0,0.014759383692642918
0,0.14590984815112185
0,0.10334738409391259
0,0.05116221357231639
0,0.06899126859210294
0,0.052390811563824476
0,0.015619603611971433
0,0.035299131430365296
0,0.04917767802371008
0,0.1568118495087618
0,0.04137399528550423
1,0.12892576480112694
0,0.05585845260217008
0,0.1604504565886766
0,0.11841173556981663
0,0.06894639263805029
0,0.06599785756032038
0,0.015535296913628954
0,0.015535296913628954
0,0.0742392746830966
0,0.06285424575056608
0,0.12588816371114758
0,0.1620102882840905
1,0.20865467229915954
0,0.05585118086596038
0,0.050600487348197436
0,0.10718422982478577
1,0.23292449551895297
0,0.041140890761286165
0,0.06109942710678392
0,0.06644824470938594
1,0.18821420739751601
0,0.038685313609217085
0,0.05092479687890107
0,0.06028708766953558
0,0.2572911988489213
0,0.045615535291110725
0,0.027774372283035323
1,0.10362783574968047
0,0.09085939374739999
0,0.030716925537952425
0,0.06438594481388542
0,0.11139890916054376
0,0.056377424593550815
0,0.0927739147445423
0,0.22033002806607677
0,0.23972277678527054
0,0.03612643797903066
0,0.26176345614747143
0,0.1189673519611572
0,0.07857643269900828
0,0.0374647590312789
0,0.22198635648112494
0,0.030857931311449826
0,0.017103638678107363
0,0.0651841185892644
1,0.08175827076539711
0,0.10975212425737742
0,0.053079128683090594
0,0.05358199877493526
0,0.0617576423184665
1,0.14822880091085452
0,0.05703311719022622
0,0.12005944657977034
0,0.06688144297681839
0,0.030972983873131056
0,0.05336375523973805
0,0.04821757649218137
0,0.1306775089193398
0,0.11002340821877062
0,0.09863710027619171
0,0.07230344144721151
0,0.0455071746829397
1,0.11814327415278789
0,0.03328818938365396
0,0.21389124265133078
0,0.07425879629818814
0,0.013108974477371827
0,0.07046768360459109
0,0.061770187376557165
0,0.030329607034750423
0,0.017735906323340985
0,0.016539577047136347
0,0.05170791708623072
0,0.016165765421961683
0,0.05362685495783826
0,0.05091748114186161
0,0.15615800740510336
0,0.30125565700968476
0,0.07226388825835083
1,0.0819205586301317
0,0.05530997788854794
0,0.10710972886965864
0,0.05162927746666038
1,0.19724512664411772
0,0.056497358005813854
0,0.033373587976266536
0,0.06484488875334511
0,0.04473575034926137
0,0.0734351895137484
0,0.0507173760401581
0,0.018434147979554446
0,0.04953433529968679
0,0.02394274327218107
0,0.09871112905016886
0,0.048816765956490066
0,0.3760115277783615
0,0.28543542624771023
1,0.06597301547429428
0,0.04351283907016046
0,0.06547069517010787
1,0.5788937381591666
0,0.038832037855981556
1,0.12757546342880108
0,0.04564433476582056
0,0.0509772863861218
0,0.054005027972149844
0,0.0515100952711764
0,0.1785300566042118
1,0.20497250048649013
0,0.14345010172035474
0,0.09075711977119338
0,0.06542469993396244
0,0.11234849102675663
0,0.04616492978964052
0,0.1053201265304582
0,0.055725500417859695
0,0.15675305426754255
0,0.05619742149982247
1,0.3264414789771129
0,0.051182189984666594
0,0.14445550286554065
0,0.10297809402463812
0,0.057417863524801965
0,0.009137991360700334
0,0.05764805525808461
0,0.04056882532772618
0,0.05521699344906332
0,0.07029507355478665
0,0.17582707610185025
1,0.14124724345830234
0,0.06740519615710475
0,0.12399953888787958
1,0.058473654483006246
0,0.12904494541517883
1,0.23912130740850243
0,0.01624919179838595
0,0.05239098402472075
0,0.08212713552976691
0,0.04569036324788922
0,0.14033956292920172
0,0.059181445751963574
0,0.05340824491923617
0,0.13258425176961303
0,0.017707498303444265
0,0.10687805800544284
0,0.0434765767731002
0,0.18616108474473264
0,0.05438982043448562
0,0.019599320690679836
0,0.058055802360230634
1,0.0994043345589718
0,0.06876974953256224
0,0.17932535173825936
0,0.015448565151866073
0,0.013341552767622738
0,0.08168850821806635
0,0.3279402239890939
0,0.03500282866513246
0,0.03411986452933684
0,0.0352786102889703
0,0.14929334242394152
0,0.38110236293047167
0,0.03537966903512373
1,0.15295061209137248
0,0.048073102435363925
0,0.017494322815602894
0,0.06313924877913903
0,0.01969724688362652
0,0.10843584364154299
0,0.0893496331181984
0,0.01717834424277925
0,0.03016226955365479
0,0.32152531611915225
0,0.060013063445759754
0,0.05415285535576883
0,0.0340404899841452
0,0.05521716394754011
0,0.04344990133435302
0,0.14681415914260088
0,0.17035811608374152
0,0.21520679816643026
0,0.10976733359667738
0,0.11562957388895288
0,0.037553795368784226
0,0.089699759933531
0,0.03991429246379963
0,0.05540231434273261
0,0.0632779124672618
0,0.09533858417404865
0,0.08728950761771942
0,0.046605237889782714
0,0.03808301592630326
0,0.0659922746601438
0,0.04178136509304059
0,0.060404872498498574
0,0.049784276808379734
0,0.12809086294498256
1,0.1217526367742159
0,0.03325566440596594
0,0.028312151678337727
0,0.41649314522842207
0,0.048725029758619684
0,0.04045561247306696
1,0.1398802067638483
0,0.02940701898048275
0,0.07817701525906419
0,0.05172844685064153
0,0.08149165324329996
0,0.04962633858702615
0,0.05602728913127335
0,0.04093621257461654
0,0.08205203735426037
0,0.06212999109743602
0,0.15397746548254995
0,0.13737177738894765
0,0.05344672465398225
1,0.0448031399993038
0,0.1564481433806944
1,0.27897063955399753
0,0.2885846323312896
0,0.047593741725094334
0,0.08393368328247673
0,0.021132538878856803
0,0.22859089738988495
0,0.058938681512280475
0,0.09012090016650715
0,0.06206684238089669
0,0.2780239221184479
0,0.015535296913628954
0,0.013807572268684258
0,0.11412059134288302
0,0.05926761538065081
0,0.015551723901886647
0,0.02970136310242506
0,0.055098890236933255
0,0.1541824774888061
0,0.18659056990800668
0,0.05675524441029331
0,0.1027419522685519
0,0.36056157465460836
1,0.16938887188756419
0,0.013842665767701209
0,0.09572758137208531
0,0.04197935644394112
0,0.017073443610247877
0,0.020020212167122076
0,0.1861908600642722
0,0.0764871777651128
0,0.03593116065865355
0,0.15075345559765677
0,0.12989121932957595
1,0.37427088016697796
0,0.07793132410039069
0,0.06642249794347584
0,0.049058467128519745
1,0.34141705982003545
0,0.019910694213958736
0,0.2173999456878919
0,0.03614258907366589
0,0.05792590371121693
0,0.03255653391806858
0,0.05394845983417491
0,0.05844790912465816
0,0.018852039045389804
1,0.1998709993572197
0,0.03297470605336983
0,0.06429050533827065
0,0.017128764689732432
0,0.19218634561451772
0,0.000553962014159925
0,0.14473703637018928
0,0.08270666303128196
0,0.059547901464770694
1,0.12117747864055581
0,0.03659248903004009
0,0.3174771158868008
0,0.1336792299600727
0,0.3363213350641553
0,0.39751864353331823
0,0.058349073962155745
0,0.19414464876174922
0,0.05981235368495743
1,0.2579479673692695
1,0.11791702619278746
0,0.20463307871074324
0,0.05926761538065081
0,0.10399448802545355
0,0.0009745725382588732
0,0.05192291887015223
0,0.33518857928494944
0,0.0858654011319601
0,0.014190324042760516
0,0.17015283440441464
0,0.04036614630128483
0,0.4227898965556841
0,0.044577556109374604
0,0.04992054262947132
0,0.04855367106038977
0,0.054592352269604946
0,0.049620674661685966
0,0.03910560723564828
0,0.16630486498426705
0,0.4411979956236977
0,0.17109443883115513
0,0.4483081629758465
0,0.04521699595857525
0,0.4454077343055243
1,0.09568377032555027
0,0.013842665767701209
0,0.09642474880514362
0,0.15636945950980652
0,0.1362940571286484
0,0.03154836687582683
0,0.05394845983417491
0,0.09656568540264114
0,0.05374183684863443
0,0.14561853296792351
0,0.30668312758261235
0,0.0576024372565525
0,0.12481724940379295
0,0.05700234850040636
1,0.08688327502707162
0,0.1711621432775795
0,0.31723173292552587
0,0.10525512605022815
1,0.06747231567639715
0,0.051820983007281
0,0.05715078218844743
0,0.03894771890228298
0,0.017045766696926163
0,0.015627616300106804
0,0.10867159921852303
0,0.05493006429557339
0,0.015625591066780287
0,0.026516338040714005
0,0.08466265805488582
0,0.036531656981830606
0,0.11403159616385783
0,0.03921021335778794
0,0.09601871249638004
0,0.07536251289915001
0,0.19657531817708046
0,0.1550314231459016
0,0.0470316222072917
0,0.013416435512326814
0,0.016766165731436113
0,0.0681817972181714
0,0.10687745191904682
0,0.07175191167045973
1,0.19454461697501366
0,0.017103638678107363
1,0.12201682938001113
0,0.12001954807426195
0,0.18965836048900636
0,0.015061833917988862
0,0.013196749818040221
0,0.06023433457788936
0,0.014499988310408218
0,0.04610371591000883
0,0.052982929809829875
0,0.16755420773763124
1,0.48574681646751766
0,0.143532706073401
0,0.0710927159292748
0,0.38794022515177673
0,0.06027777718409605
0,0.047204950375315684
0,0.04230312711351713
0,0.058013247870938256
0,0.07302443311638782
0,0.04896831717861513
0,0.08230499331860998
0,0.07808429077632227
1,0.1066811528127359
0,0.0340404899841452
1,0.24258664023558613
0,0.27700793184437433
0,0.0713790921056118
0,0.0164005098339478
0,0.014568059454220962
0,0.2800904836767446
0,0.1774846896621707
0,0.1380992271608494
0,0.055956068254919104
0,0.019213188196022378
0,0.02651482813890691
0,0.05080973422702594
0,0.04567084605133186
0,0.019703745067981133
0,0.08588701344796253
0,0.04303148481701898
0,0.04125661611165757
0,0.07121981098942053
0,0.06344277882654756
0,0.06466119241526143
0,0.0369847694272039
0,0.12237796181398869
0,0.03976628580742778
0,0.06797798435191665
0,0.06856267132983836
0,0.3425228054607977
0,0.04131218056291811
0,0.031646786065485474
1,0.17737945612883846
0,0.07795781085512353
0,0.01807522891710782
0,0.3002805408212452
0,0.0958794827208451
0,0.2964805634458814
0,0.04564050309805627
0,0.15738414950024152
1,6.149827618134808e-05
0,0.19922641919849793
0,0.13599851591506787
0,0.1365269003023024
0,0.08430006799708983
0,0.04847165463514912
0,0.04675485364685045
0,0.037281724123903334
0,0.06825061245310007
0,0.11582470440652576
0,0.3827611382817684
0,0.04577462941045417
0,0.04518654247890709
0,0.11484761892449015
0,0.073413047678388
0,0.06864327762101528
1,0.26289705815091435
0,0.04603494455218992
0,0.06517004059998596
0,0.04428311730959203
0,0.03258937109982675
0,0.12615858157198928
0,0.01759805053556155
0,0.09620530686224327
0,0.06624270433808754
0,0.12201813494749858
0,0.25046171006162904
0,0.061375937196395815
0,0.05934921495197257
1,0.1180730008788078
0,0.17266421705572169
0,0.04242485342565449
0,0.05792590371121693
0,0.0972077759338723
0,0.02924980130156572
1,0.14534148651508846
0,0.13897596917147767
0,0.15745012292618013
0,0.09529240079205809
0,0.05792590371121693
1,0.08382164420336437
0,0.14022395998198953
0,0.348134272289684
0,0.0310261648007505
0,0.02077603512652959
0,0.04077653382300649
0,0.05725263577298475
1,0.2032364055980865
0,0.04160646474995239
0,0.03855421113865549
0,0.04457848322737782
0,0.14126440547173996
0,0.1123545601376637
0,0.018094883969284006
0,0.056741223026288555
0,0.05805770587524899
0,0.041763452930347396
0,0.4893306506548842
0,0.06857255041014079
0,0.03860736255327445
0,0.03372019180923186
0,0.15140392920493267
0,0.07120679732420898
0,0.1947366420313075
0,0.11485835816664622
0,0.02369667525364473
0,0.3803745186437284
0,0.017823391739838112
0,0.047567018561693306
0,0.10248040304220134
0,0.03855558736085151
0,0.03236977293442063
0,0.12965325379110557
0,0.05682722394805369
0,0.0635615976361346
0,0.055942212576745656
0,0.13382213002762205
0,0.035018696305287346
0,0.3460974899790062
0,0.03763999232483594
0,0.04261618270558656
0,0.06166088820342353
0,0.17578406151251888
0,0.05935045072586229
0,0.030057932491123585
0,0.06741782860429761
0,0.029343803152759303
0,0.18127871882326993
0,0.0590126296994502
0,0.041644071602196214
1,0.15025877435101936
1,0.11521819238635643
0,0.0581754342677629
0,0.07099888112879445
0,0.046709497920006816
0,0.04837113637904983
0,0.06274324790544139
0,0.05412294889572244
0,0.06765071836854633
0,0.03299000017509165
0,0.06894144107681467
0,0.13072601247282115
0,0.3759470018784284
0,0.013139182341264585
1,0.1483810332858647
0,0.03379268348143241
1,0.1553956347899933
0,0.04518197910402861
0,0.03810671673955851
0,0.03805308191754197
0,0.16743404312123183
0,0.05103522419996049
0,0.01752055732348407
0,0.07523743251916729
0,0.25474137178992007
0,0.07459413239663848
0,0.012109254098889357
0,0.06269847007038105
0,0.05217332795701762
0,0.14102153060349526
0,0.10444854042378166
1,0.32406449671372606
0,0.05142563566194815
0,0.03273411687146842
0,0.033449064477467844
1,0.44601728823972986
0,0.05500504738424221
0,0.06974833931535253
0,0.15588860990947137
0,0.014027090117247343
0,0.2725213741666158
0,0.062433968368496726
0,0.0169714826675567
0,0.089699759933531
0,0.1687747550067523
0,0.01807680862919314
0,0.059580541420464
0,0.0687245412036264
1,0.292488569966763
0,0.043502478461955325
0,0.19836395346491964
0,0.05678174610996931
0,0.06804443399078479
0,0.04954493950831057
0,0.06462448965133748
0,0.015408249157377006
1,0.16536403850797038
0,0.045561304390534345
1,0.12956162006330182
0,0.05254712699232806
0,0.052551819247785035
0,0.051174489778650224
0,0.08922941979312203
0,0.055194178518091726
0,0.17659069648180073
0,0.04411048137352432
0,0.13671600411391086
0,0.04435229891664213
0,0.053444736849962385
0,0.2012797393876287
0,0.05524956101192829
0,0.0382612454471709
1,0.19737484004238634
0,0.0590032453573232
0,0.11485752252740322
0,0.0002808736848267771
0,0.06483615399401625
0,0.19458518802484476
0,0.06967264674460513
0,0.05491231599934919
0,0.0580009305052637
0,0.0491228720241694
0,0.14526395063668626
0,0.04730081828021139
0,0.1715582097071512
1,0.21970610449800854
0,0.06406527664736354
0,0.06171895667220727
1,0.2174307184719635
0,0.12062016878796922
0,0.03754112219918911
0,0.050395540240840656
0,0.4236603657244826
0,0.05934791248696197
0,0.054657272120302546
0,0.012045063261556936
0,0.07187886965201871
0,0.23971428477338577
0,0.057548472060074574
0,0.139458984147095
0,0.21181522835243474
0,0.019910694213958736
0,0.15586888413488126
0,0.3629144267732417
0,0.10749764033908878
0,0.05300315690188402
0,0.15112352842864052
0,0.201898583185247
0,0.053729241247697235
0,0.0658679884614336
0,0.10536869754956878
0,0.25895068702392454
0,0.07511099383068186
0,0.005108929540271156
0,0.12227298958467626
1,0.1187592531587208
1,0.2660123197731162
0,0.04659696582711415
0,0.07430731615898555
0,0.04951934900990638
0,0.014904661568830094
1,0.121260276228673
0,0.09360046760271623
0,0.0009745725382588732
0,0.03317722384643783
0,0.04615654498677262
0,0.08071856037499738
0,0.05556757778786139
0,0.06683188240770792
0,0.10931525800192668
0,0.058595666535077785
0,0.05234952660936763
0,0.12350671365133359
0,0.0507728106845344
0,0.07457588261540873
0,0.12017748892100293
0,0.16486453623759414
0,0.05299454970920959
0,0.03454347047440157
0,0.06876672077528502
0,0.20252093463186496
0,0.049081563380279296
0,0.1141308002552384
1,0.2336499200371759
0,0.016142448923149907
0,0.13058793308644262
0,0.0949017390973795
0,0.06355641035160411
0,0.052923184854268
0,0.07434663118508508
0,0.1546033679929758
0,0.03763359846921737
0,0.1520143189732798
0,0.014982382787068229
0,0.017618368566622744
0,0.03639025187498382
1,0.13338251831944345
1,0.11876969529080701
1,0.30646267386104353
0,0.040092288473961284
0,0.26277172034949264
0,0.18255353210220762
0,0.12725449585422569
0,0.04933570430922409
1,0.09373212520569787
0,0.18051178956677305
0,0.019428441786378415
0,0.055645561635461076
0,0.1444868850402708
0,0.016698424746745495
0,0.06151326127120661
0,0.013808133449277296
0,0.21460152334642987
0,0.0009745725382588732
0,0.09723322963335872
0,0.04061599271283578
0,0.03910296484672286
0,0.08983461253042536
0,0.06087802017483875
0,0.33634570933758867
0,0.06517781520225165
0,0.06763895825168727
0,0.0632739718204811
0,0.06500307620694934
0,0.0815264792403018
0,0.029654087378279004
0,0.052390811563824476
0,0.044669263823326956
0,0.272511763449385
1,0.159794996775099
0,0.015672737465071463
0,0.03885375539165027
0,0.04396248108898369
0,0.467837933434329
0,0.042736431205488666
0,0.02673619492671432
0,0.04565798324332269
0,0.05088534706018725
0,0.028143439332301106
0,0.07373368671144848
0,0.04935530093543524
1,0.15960604260543582
1,0.24015055434005664
1,0.18153075004882596
0,0.07695911452389315
0,0.3184479453079265
0,0.030857931311449826
0,0.13565315025280172
0,0.031538466710373164
0,0.06022226125100275
1,0.5825928399173412
1,0.1661548932451145
0,0.276245603113307
0,0.07294678057872285
0,0.16162242353799275
0,0.06914202289381467
0,0.014212421792206283
0,0.06185273065868212
0,0.2101533474643493
0,0.056954572530854335
0,0.06400541889476011
1,0.8171618466900189
0,0.06217929922552337
0,0.051972446683469356
0,0.06322175095157256
0,0.06411456245268231
1,0.06986410229594593
0,0.10723271093769546
0,0.04186403864919056
0,0.05455591633927661
1,0.12413592158229887
0,0.018955350607019868
0,0.07463299623368021
0,0.029580490827786476
0,0.06760381006174514
1,0.15180099358024704
1,0.2202591178269593
0,0.05971993281383436
0,0.02019136020547681
0,0.1525462659712596
0,0.300581999410159
0,0.05300964785431865
0,0.06117300914758006
0,0.05480133583593279
0,0.013133455621877527
0,0.08640288349578706
0,0.06666627164159811
0,0.044163056115971586
0,0.047738471890441156
0,0.3575504142821447
0,0.0429729816518253
0,0.2737773227522234
0,0.32926969890087227
0,0.0585030666872632
0,0.0488673265856716
0,0.04127898419453262
0,0.05539712856035291
0,0.20844767091909147
0,0.045525601939157535
0,0.04625169893303121
0,0.039256554297639745
1,0.26927867225528085
0,0.15891583623048974
0,0.03432804174466963
0,0.018209300662370625
0,0.3816648664088635
0,0.04261067047890484
0,0.059396310533464246
0,0.016697018633343115
0,0.046499638530202926
0,0.039289093171220126
0,0.10843860426891497
0,0.2573909072907977
0,0.06052489067718444
0,0.10723992166009017
0,0.054722716090698384
0,0.06394228233683961
0,0.05475025107025448
0,0.0368069387472692
0,0.30650278232715034
0,0.22054161864366492
0,0.04501587287734379
0,0.01582081236898593
1,0.14220880755652532
0,0.18040556716707815
0,0.05447110255069099
0,0.06965912255031387
0,0.017139840127488596
0,0.027966205680779826
0,0.03074426328988024
0,0.1110543904211949
0,0.050991258884821894
0,0.01645332615835568
0,0.04832448371741417
0,0.07380852814673158
1,0.15843673229181246
0,0.035378960851067925
0,0.055349929488705624
0,0.030503747038267824
0,0.05063765676570451
0,0.44773667072997564
0,0.05921220580420224
0,0.049639801763383555
0,0.015551723901886647
0,0.04921840819883485
0,0.11850264481783185
0,0.07306549590027381
1,0.11611214453559193
0,0.01774674983643026
0,0.06924192070963106
0,0.13448257432090002
0,0.09026891783768135
0,0.23597967545676352
0,0.037419481889717165
0,0.04854016191614856
0,0.11001095637312215
0,0.17519212764400588
0,0.12112539674963363
0,0.05992460861286078
0,0.048579831651057157
0,0.04479316210054592
0,0.06414720978005238
0,0.015663392512341973
0,0.034003184114598024
0,0.0861656829565234
0,0.016537157654203778
0,0.017776859900058634
0,0.05690489739479862
0,0.04801155494782982
0,0.04722163934532352
0,0.05242073666671001
0,0.2574357033058394
0,0.019182340997074495
0,0.06450330232430043
0,0.05203825129850796
0,0.05631824869796644
0,0.050163655718457524
0,0.07213427552127914
0,0.04621510459145002
0,0.19835793205429017
0,0.2342447603130387
0,0.06966165246460314
0,0.05838399480788778
0,0.13199365352053785
0,0.03255195446978126
0,0.051361737173503716
0,0.34434981368400036
0,0.11422903856003355
0,0.0475174029593944
0,0.07962399824876998
0,0.14170146983085014
0,0.051684373318257065
0,0.14648267513396646
0,0.12399953888787958
0,0.06420166134225413
0,0.04852940027806787
0,0.06462092951636958
0,0.06002283275008399
0,0.15179296218370228
0,0.04197935644394112
0,0.03227691448914111
0,0.07700521153534473
0,0.05602246785035943
0,0.007966657399175453
0,0.07188833156366015
0,0.016512835459073155
0,0.025155943031633852
0,0.029497360586363167
0,0.03804903616170167
0,0.0578570067476314
0,0.14030776313595836
0,0.05654223930142012
0,0.05494949740278122
0,0.2540881660721638
0,0.17815870998003278
0,0.05728515171177776
0,0.06002572612514985
1,0.1227488096334849
0,0.0731104550191006
0,0.11275888298430366
0,0.02907067896522568
0,0.10529389509853351
0,0.01642502669768961
0,0.03219013240021193
0,0.22762862103463466
0,0.03840661646292521
1,0.06518368208259027
0,0.09894314783179008
0,0.046594571782949415
0,0.040404698061180105
0,0.23644964877474722
0,0.26440322545115597
0,0.158669008310604
0,0.013807572268684258
0,0.352664812615157
0,0.051087997443637394
0,0.12133291715166138
0,0.013339536830156986
0,0.2344835509362356
0,0.062113699349669545
0,0.1435248759171841
1,0.11427082141933685
0,0.04709934226516445
0,0.2855534874418526
0,0.06176374645597259
0,0.05963787385868653
0,0.07812516105708511
0,0.05800543228308038
0,0.22624717025969804
0,0.4391535535874934
0,0.036649373937689
0,0.050340635462148134
0,0.23938151526253004
0,0.2189558706001179
0,0.05205911343384214
0,0.2430810772338013
0,0.115835305836263
0,0.287077322222964
1,0.14362102208949173
0,0.02898623646097658
0,0.05180512320553952
0,0.0568607280538552
0,0.06926897755675661
1,0.1348943047886837
0,0.1764997713911909
0,0.03657460981992658
0,0.052936774770415806
0,0.03250280279387507
0,0.04502107453030028
1,0.1590907428386439
0,0.050090101843476044
0,0.051697798753362986
0,0.04847146775606582
0,0.09655029227648461
0,0.048929151441952076
0,0.05189452883693671
0,0.06355233075188986
0,0.0518911239084561
0,0.3148324264993257
0,0.2751611100182439
1,0.19565995930289912
0,0.016345264582243786
0,0.05444905653643022
0,0.06455017260548651
0,0.08507944146639938
0,0.07167736538496627
0,0.016292108229926005
1,0.08378937321002165
0,0.05900651006716295
0,0.053235050287772076
1,0.21957205350797152
0,0.027438479248300812
0,0.05509214807207652
0,0.0414453128349896
0,0.078354693882486
0,0.06638515844468623
0,0.27880219426345604
0,0.17247514640125866
0,0.08534248977684568
0,0.16060106971991822
0,0.050975721408064195
0,0.02037897205003391
0,0.06106276309330121
0,0.030052308053016688
0,0.0512904550012062
0,0.30564387669581244
0,0.051985687710950905
0,0.06783003328748455
0,0.073421535066933
0,0.21365390031629067
0,0.047821556517280484
0,0.016345264582243772
0,0.3853534433015828
0,0.09380071851015542
0,0.04335226943442099
0,0.06064443318085806
0,0.08885519031005244
0,0.0618191165912422
0,0.05279961692576084
0,0.05946084796522894
0,0.06898981232783229
0,0.16394681205794198
1,0.11342431792572924
0,0.029106354158497837
0,0.1331682061870478
0,0.14217305413624026
0,0.13065064671926035
0,0.1804897108011643
0,0.053232670479792965
0,0.15949259392271656
0,0.055904396593608484
0,0.015196170794472712
0,0.11782460154947723
0,0.13235390846763445
0,0.11953922640988428
0,0.1755651602377908
0,0.06830619961097328
0,0.059880791461228926
0,0.04746690850856163
0,0.06804601831456063
0,0.1686525350099604
0,0.027058695374756914
0,0.14105755482953206
0,0.05975543446109009
1,0.4362139123049938
0,0.03495720439734449
0,0.11001507350629665
0,0.09848696162161935
0,0.04935632564469281
0,0.01292415376210183
0,0.08157484020553371
1,0.17583730876260223
0,0.06465898260961128
0,0.051125209926041505
1,0.10926532927752172
0,0.058376689472075485
0,0.254252529617929
0,0.07123888016040496
0,0.11762144452724273
1,0.5393417245846167
0,0.1365147468558167
0,0.03156442195516648
0,0.11719384130609184
0,0.015565583992614707
0,0.06190912880672561
0,0.5144603314094769
0,0.04275551616743986
0,0.11277739492270338
0,0.056317872653298934
0,0.06323787410379801
0,0.05229269994754077
0,0.089699759933531
0,0.040910483009486784
0,0.047219008751818434
0,0.035334579774057046
0,0.01680183756541369
0,0.031286375537512574
1,0.26390179528240587
0,0.03421007046779509
0,0.04886166574188003
0,0.09024991781550852
0,0.09104317883009057
1,0.09003828094251883
0,0.10424550626473744
0,0.05063379853437686
0,0.15241692365057607
0,0.06734759691865704
0,0.08709449881988485
0,0.05789583273077304
0,0.10117027961590794
0,0.018951450420539764
0,0.07249653984429671
0,0.06764495785081638
0,0.3558758008960056
0,0.02502440604284995
0,0.047254818802082606
0,0.03764643616660855
0,0.04119669438611417
1,0.10762904675437349
0,0.06002194836402422
0,0.05368657772297346
0,0.013851708517050318
0,0.04042577234407724
0,0.054549908537325144
0,0.043631331991745896
0,0.05758464189071597
0,0.04827463613628452
0,0.0358189284111322
0,0.027879362281949278
0,0.017338867107545522
0,0.06517151675210402
0,0.05690332676824899
0,0.04605658066533776
0,0.13521477082447314
0,0.10217893318659266
0,0.049614429500387955
0,0.24043037082651075
0,0.016713355952664453
0,0.10199854778599891
1,0.11464166175391076
0,0.05261337508198416
0,0.037408888498631644
0,0.05525665666360442
0,0.03723908713756862
0,0.07144949235950493
0,0.03783638610599662
1,0.42921671377514414
0,0.1373902031265589
0,0.03831434478817597
0,0.047347199517964525
0,0.03135852807817738
0,0.055820657044847795
0,0.008412396073697665
0,0.039925059653605745
0,0.1725800182722096
0,0.21257721808652583
0,0.04786866458788484
0,0.055507456236905436
1,0.1442480121859057
0,0.05645610364842645
0,0.07220615238752096
0,0.2529587664715336
0,0.18106330676001658
0,0.05994451106814877
0,0.04197935644394112
0,0.011970441673758872
0,0.08205642548062114
0,0.194987566565049
0,0.030878489929961984
0,0.21705256401180636
0,0.03076644943399047
0,0.14824372301071095
0,0.023256717976712384
1,0.155337604000631
0,0.26247160775022227
0,0.02812073208028664
0,0.059802652988869304
0,0.14348255971007529
0,0.06229255837589084
0,0.08659900219947922
0,0.10140325910498228
0,0.0669559212311972
0,0.06317624545183673
1,0.13216271727188095
0,0.25326538614846544
0,0.030503747038267824
0,0.0565772327273991
0,0.06490478733675088
0,0.05453069226495418
1,0.16308624489420473
0,0.015748142334121296
0,0.03269430173169708
0,0.030503747038267824
1,0.2794692739149664
0,0.013529347445026828
0,0.034265454396050096
0,0.1466427881193018
0,0.019910694213958736
0,0.12384705819407645
0,0.18395991383504498
0,0.13338425608843604
0,0.07366866210081874
0,0.03402876905317147
0,0.07160652976281455
0,0.14860263491313871
1,0.17052328090203678
0,0.06698421690792983
0,0.05896907671750895
0,0.030172058502438936
1,0.09443344174507648
0,0.38095439634634376
0,0.015970394815149527
1,0.12987880719912953
1,0.1849183626506252
0,0.13258425176961303
0,0.056257902655077685
0,0.03677158120300972
0,0.12266762891486971
0,0.049441440723251844
0,0.05792590371121693
0,0.19831888855210322
0,0.05823938227926914
0,0.030945738106758155
0,0.14002758881757507
0,0.05714304237890674
0,0.06986760752600776
0,0.27695953338531626
0,0.05728026999478418
0,0.19618546814718113
0,0.04569758543590797
0,0.03749902005622334
0,0.05965714744200515
0,0.05413139105618604
0,0.0525471690072209
0,0.12325825430873547
0,0.02215866102021203
0,0.08851812087035973
0,0.04728008321126781
0,0.08042924905832577
1,0.2038032317838147
0,0.10734288522209823
0,0.32774426099267395
0,0.05150249478345278
0,0.0765434439880037
1,0.05397792848484167
0,0.06554438766556508
0,0.10738175761390162
0,0.042603264029808956
0,0.2302925555566679
0,0.051961737550435566
0,0.0668722463320362
1,0.09655144617399342
0,0.09552492227347392
0,0.04171705376419271
0,0.05363426473205791
0,0.008429489343741641
1,0.11769021633132072
0,0.03288104270818672
0,0.014333942265677222
0,0.05799040213247321
0,0.06416084516252636
1,0.10970926440789552
0,0.1804933735672718
0,0.05112732902662231
0,0.04337375650490601
0,0.12300241939454379
0,0.02908733973189867
1,0.12171310243044754
0,0.10177784945536482
0,0.09505086774191882
0,0.030744263289880225
1,0.14716678630167013
0,0.08810060868361119
0,0.1297047914582482
0,0.03164422655916671
0,0.09183921348835994
0,0.07338472809232413
0,0.15536925677276844
0,0.011552652556081223
0,0.04030331878670424
0,0.09149474566555627
1,0.1427728814875571
0,0.03720427441230696
0,0.05207361302230801
0,0.13746851056169865
0,0.0960973421492565
1,0.1134322417157012
0,0.36180859181746083
0,0.039778061315952754
0,0.05088842245810063
0,0.026155447192613153
0,0.05645842812938443
0,0.0550854851064337
1,0.07418314229641661
0,0.015672737465071463
0,0.10663606948120175
1,0.10241243613295829
0,0.03138832631409848
1,0.30942147908139134
0,0.07984516089697775
0,0.4021965933580332
0,0.2936227069225809
0,0.040903914920870914
0,0.061944568879006165
0,0.029392007405347993
0,0.12024394285017234
0,0.040857696961235576
0,0.026004171026664153
0,0.051621298402693895
1,0.10241243613295825
0,0.048190051439994
0,0.089699759933531
0,0.1347968199810022
0,0.04545921313506541
0,0.058703874199782034
1,0.15667133372858558
0,0.1894424002595661
0,0.39463567699378516
0,0.06212996525019725
0,0.04452366365686413
0,0.4240353498481099
0,0.04930223125554655
0,0.033822412511911044
0,0.03659396199319543
0,0.4118775098383314
1,0.20765449426296523
0,0.06488655321416892
0,0.048187509015972955
0,0.03045897629255158
0,0.0502045952298094
0,0.03290576299076438
0,0.016537157654203778
0,0.0486499588714381
0,0.01642950447198063
0,0.017103638678107363
0,0.14057482850323025
0,0.06525903507418777
0,0.055475551860191305
0,0.013879807879645014
0,0.04951394389573311
0,0.06582544613816481
0,0.2615101394650287
0,0.0863265864069338
0,0.03696215669735746
0,0.07442890402180766
0,0.012069082470122549
0,0.21964199250457137
0,0.057300728386927985
1,0.1528698946279937
0,0.015118620534071274
0,0.0430783600337542
0,0.014689680983994638
0,0.012109254098889357
0,0.018580637971585164
0,0.055619276374266495
0,0.07037571959075471
0,0.049939415901279226
0,0.04701703389668603
1,0.06455017260548651
0,0.2512653049829176
0,0.09202721576260353
0,0.09572226166972794
0,0.03825222577255529
0,0.032042181216598534
0,0.07301743365986438
0,0.05120059816153969
0,0.2327338007967988
0,0.05215163476884382
0,0.04794208447972301
0,0.07007812277934285
0,0.266458657697406
0,0.01972646888015335
0,0.031051450254641993
0,0.06515023305557956
1,0.15119552904898942
1,0.12396041108688963
0,0.06431713289238976
0,0.055711523143860756
0,0.3141806958794743
0,0.028132249923556975
0,0.3360647103094894
0,0.0494123247386426
0,0.016166512121438995
0,0.012735073134350659
0,0.12070616692325922
0,0.05281345455371575
0,0.4306787026977853
1,0.19123252195142373
0,0.02651482813890691
0,0.04593416765695189
0,0.088564059526712
0,0.03758176310349278
0,0.11049720353287398
0,0.18513945888251618
0,0.001473840999637793
1,0.15322179354705365
1,0.10329637723288092
0,0.048389774912132304
0,0.054706318357242836
0,0.07917157057233996
0,0.07951784810622792
0,0.07612492378483716
0,0.028445519580437607
0,0.07410532699832796
0,0.13023933312198516
0,0.12206332708903303
0,0.06757536454485297
1,0.41253552168051194
0,0.14033910640149844
0,0.07647265016210805
0,0.05016957623188612
0,0.28195519567419697
0,0.057973544410202284
0,0.049133279442820206
0,0.05087383478766812
0,0.06814462972237834
0,0.0493588651655464
0,0.12329039372459695
0,0.06511565647372046
1,0.2013778814262573
0,0.21871729568035822
0,0.05192032675408889
0,0.05551191649827297
0,0.07581403417092424
0,0.07726730107183845
0,0.044593949035841435
1,0.10994423137166773
1,0.1880135465249919
0,0.2012101754518193
0,0.087286035915394
0,0.13318603322323663
0,0.05537402723223969
0,0.38948550382300967
0,0.21046120895943793
0,0.06544400628883529
0,0.054639105749658495
0,0.03248832397856584
0,0.06610083895764027
0,0.030744263289880225
0,0.044539045197968787
0,0.20993695645618793
0,0.058407348657429116
0,0.05872347863672531
0,0.14579049348074502
0,0.04197935644394112
0,0.05144550089752755
0,0.12490142655720728
0,0.032045062583398835
0,0.33386547494156094
0,0.11920567730558641
0,0.17120958973036793
1,0.0992265372938616
0,0.06509291385047242
0,0.045386152498229214
0,0.3011998996127001
0,0.02546530498057157
0,0.03570035265156226
0,0.04334654611666742
0,0.05792590371121693
1,0.18139298018899525
0,0.05942062202358105
0,0.04486895598017777
0,0.05800733141469624
0,0.05849385927457493
0,0.09466407183970052
0,0.031860731315664574
0,0.046416700149169265
0,0.037003158069853874
0,0.05469154685042301
0,0.35517400873488864
0,0.05600068023786032
0,0.05584914922481276
0,0.026065413197347082
0,0.04637077123557712
0,0.14206745398300227
0,0.09746731820567922
0,0.05941173269485093
0,0.302744245721552
0,0.02206938123162163
0,0.01793502988755997
0,0.016166512121438995
0,0.019594134549231507
0,0.17150261825732757
1,0.39415951376234504
0,0.031329650647000086
1,0.10453693478828421
0,0.04648094368779157
0,0.20003687852667806
0,0.054807106509838104
0,0.03603835387751592
0,0.05301475875337535
0,0.12893574039377143
0,0.08932388454071827
0,0.02272286064569622
0,0.015551723901886647
0,0.13310425273900878
0,0.048924991545958425
0,0.07521236308283463
0,0.01898976448737638
0,0.04252391893234433
0,0.05138481228774437
0,0.036400808115198136
0,0.0969117513116804
0,0.0496091000136206
0,0.0489879234035243
0,0.04711212477193166
0,0.18812250575186096
1,0.15642033638064742
0,0.0866298001663269
0,0.2966152633707547
0,0.04591678906181952
0,0.34606359014281224
0,0.05497406364458305
0,0.16189623254434246
0,0.2439963140314956
0,0.028654129581053893
0,0.03879761013293154
0,0.03786023542162684
0,0.05386928521217438
0,0.054863814276281606
0,0.04979866623102445
0,0.015645379804955253
0,0.027708208662541967
0,0.03890406606898377
0,0.3684568982949513
1,0.1801998389858101
0,0.04838654087489915
0,0.03786015284532579
0,0.015322963677812834
0,0.04882032312490451
0,0.017460488639809344
0,0.07294195655436321
0,0.0896009211568036
0,0.0205318902436944
0,0.08705650531425291
0,0.06530756403583207
0,0.05491893697334147
0,0.15645092964554105
0,0.0355622428097474
1,0.1187288646893491
0,0.06561338628680004
0,0.055408114310241556
0,0.1319705750313681
0,0.05370657828343733
0,0.08293887115169317
0,0.07388584065545002
1,0.23813195231077547
0,0.04539067548872514
0,0.03773172482214986
0,0.008123140667502315
0,0.14010719324306503
0,0.10171232300408478
0,0.13515530684046492
0,0.05723338779778002
0,0.04317062832183832
0,0.044387860831312874
0,0.28372309030699117
0,0.11736175686132858
0,0.07605150239793315
0,0.07640030719608644
0,0.01856239164773221
0,0.2524748619655115
0,0.12220779081623685
0,0.07924873102606292
1,0.21043743381752186
0,0.018518569354338946
0,0.10344084644070886
0,0.008429489343741641
0,0.043098280845943415
0,0.030857931311449826
0,0.05853862881160385
0,0.013807572268684258
0,0.04847444967454073
1,0.21794999544745366
0,0.05654460235866906
0,0.04302256230434407
1,0.2637222661790816
0,0.1560751331645198
0,0.08104978858363114
0,0.055132510684966794
0,0.014511524645457049
0,0.06768754935710403
0,0.12891439786787287
0,0.01576256516930597
0,0.06353999883892655
0,0.2320043370757396
0,0.06075324977959799
1,0.14389211305548555
0,0.04318053363668248
0,0.2898980322403033
0,0.08592393957795956
0,0.05849031435824082
0,0.0601776821604053
0,0.057734488127292566
0,0.11485835816664622
0,0.034425290221755486
0,0.19371977396488324
0,0.2550945959421405
0,0.05036351863173548
1,0.3026551056707629
0,0.030503747038267824
0,0.0501864336684912
0,0.0721112780909489
1,0.0887699637332787
0,0.043889355936228024
0,0.04979904145798501
0,0.058909056905196204
0,0.39957376786280674
0,0.03844437650524488
0,0.04293129792921942
0,0.08811072493365507
1,0.26248028382098215
0,0.018785949863322635
0,0.052390811563824476
0,0.28634646184919776
0,0.01793502988755997
0,0.34784307733270603
0,0.07743993446807824
0,0.055930075872266984
0,0.036506872524225215
0,0.3349651947708655
0,0.03033263755543923
0,0.027338331045916067
0,0.0666039737153159
0,0.11438707846451364
1,0.2976497381684679
0,0.24571016344864505
0,0.08669282832769368
1,0.384135629176157
0,0.016760760753310937
1,0.17543386951939077
0,0.016711282313885616
0,0.015039117972979367
0,0.05610534051039312
0,0.06170479638079081
0,0.3813052169860285
0,0.040714255208608434
0,0.057187783398027006
0,0.12184238450152889
0,0.01729929358552375
0,0.04291429618503318
0,0.13420358929529855
0,0.01873728844370083
0,0.10797955358569253
0,0.04702011622536716
0,0.30838040190806043
0,0.06100448410962059
0,0.04158676317768289
0,0.20381119244638346
0,0.34066265280951824
0,0.03762720435835398
0,0.06735376295896002
0,0.028491247540372185
1,0.13881148852973021
1,0.19516826564777243
0,0.04437306979140616
0,0.173135499813833
0,0.04904800650424255
0,0.04756968008161395
0,0.04499461543978393
0,0.07096530647486507
0,0.03907952077968851
1,0.14944058107876892
1,0.22181873018283843
0,0.0938711294243163
0,0.0265927089036459
0,0.043575612747293595
0,0.03210505907758652
1,0.38832493683236524
0,0.1685468394202277
0,0.05250448342458526
0,0.016166512121438995
0,0.04754941463407099
0,0.02651482813890691
0,0.05484819026053924
0,0.13786099759346124
0,0.32727126643869736
0,0.04948763488144334
0,0.01428363084105638
0,0.035592656940049004
0,0.0507173760401581
0,0.0635615976361346
0,0.03830697208631681
0,0.0529085246267902
0,0.22290368782591272
0,0.11877282635802605
0,0.12894290900728678
0,0.03325566440596594
0,0.05669012176645804
0,0.15728302942793845
0,0.008665496879970704
0,0.30072718774782703
0,0.05177919166573809
0,0.051978519186417216
0,0.1478095458847251
0,0.1175535738767717
0,0.11045231854189899
0,0.015369636621690268
1,0.07997379206731513
0,0.013767682027790188
0,0.1572830294279385
0,0.04624261516429175
0,0.3437423743067803
0,0.07223485524159816
0,0.04083618456582562
0,0.405354748800723
0,0.18517619585528464
1,0.10753804702301692
0,0.013851708517050318
1,0.39160884540230473
0,0.1030077968427088
0,0.03974324233705927
0,0.028304576381357534
0,0.09741549563618374
0,0.01736785662704551
0,0.1456185329679236
0,0.05594960302387887
0,0.05518594412210971
0,0.009426981865581809
0,0.04004940667388703
0,0.058309795155724306
0,0.04259112867077534
0,0.06222886693012745
0,0.030857931311449826
0,0.02046443835004447
0,0.06717140338598555
1,0.12431566620825622
0,0.3083927969579868
0,0.06751828808643709
1,0.23031991276696
0,0.16644396020913385
0,0.34828569594297637
0,0.08185700767053714
0,0.04941295864041223
0,0.03064803231905094
0,0.05558605599988482
0,0.04367420528238872
0,0.043785993319319295
0,0.15615800740510336
0,0.3370812398219847
0,0.04259478813368343
0,0.03325566440596594
0,0.017440226109629454
0,0.022995297123160285
0,0.07053457258945543
1,0.13166187929329737
0,0.06514538927114405
0,0.14332136831518386
0,0.4337072552931803
0,0.03255855339788895
0,0.048313832981496975
0,0.03221776697617884
0,0.042225313468187406
0,0.05572480348507523
0,0.3154819727721138
0,0.02966860666976808
0,0.05394845983417491
0,0.027826281384857127
0,0.05526345185554955
0,0.03575296118969716
0,0.053232670479792965
0,0.05176940412945333
0,0.018348393759692362
0,0.04757191062815818
0,0.049394103512046726
0,0.11997047652912304
0,0.01614744549282097
0,0.03734541014474115
0,0.1433861289507183
1,0.2384696115201932
0,0.035473147452650476
1,0.5067096435857862
0,0.07776259974568446
0,0.07122504309945696
0,0.07948851228288813
0,0.15961916766723178
0,0.030857931311449826
0,0.301445951408783
0,0.01337795674252594
0,0.11376850168625745
0,0.061475023956417754
0,0.01749709535359157
0,0.05705700457241901
0,0.04935157894993387
0,0.16999957206253843
0,0.018484412005126072
0,0.05500288502421401
0,0.06351835166551788
1,0.18018722002901347
0,0.054447039368403935
0,0.13110505991518123
0,0.10019376008900457
0,0.051906795735610224
0,0.05377575091468029
0,0.0007041901778556489
0,0.03183266610428185
0,0.29095329706620476
0,0.2659350362091288
0,0.018161376134911925
0,0.01713444752039087
0,0.11018046105873545
0,0.04898896632932375
0,0.10716881591443987
0,0.017359337439395325
0,0.044386932591296814
0,0.05707187528008433
0,0.06912517133105167
0,0.1921398721759572
0,0.055418413159801054
0,0.051062412049168546
0,0.04270029003090814
0,0.06353607763303631
0,0.2810889557484501
0,0.058470670065363134
0,0.05969425749959082
0,0.055633918133319284
0,0.06086362751168214
0,0.017752149307275988
0,0.01366912779881551
0,0.05496992134133143
0,0.027587651775138076
0,0.06643294136918805
0,0.05167183202525811
0,0.012824489426198576
1,0.20959437522471286
1,0.12263703349287168
0,0.054474211617345905
1,0.2602561948494636
0,0.03732784948557306
0,0.05323127551077121
0,0.10869576239328854
0,0.15594867294129738
0,0.03325566440596594
0,0.05590602772491047
0,0.051237847086832294
0,0.07558130682896708
0,0.05175137369980755
0,0.06218506313107557
0,0.167696823514519
0,0.14993627381221958
0,0.041022326463722135
0,0.0407351973532209
0,0.04486271388241639
0,0.18738327485555079
0,0.053515613539397926
1,0.04670028690513071
0,0.32362735300858625
0,0.12104731238714452
0,0.059952781442369776
0,0.03325566440596594
0,0.03331151448974353
0,0.04719366633814602
0,0.04237323782796078
1,0.2442459054577908
0,0.013795447954684039
0,0.18189844568451638
0,0.12344870917378359
0,0.035149241224249984
0,0.051219177533453494
0,0.032854440145651476
0,0.030789178034599705
0,0.051511984898010434
0,0.04507705930323664
0,0.050353271247269335
0,0.07029390675357065
0,0.30012586719986634
0,0.2274866321048122
0,0.0680781415027115
0,0.053534209111545994
0,0.04895392092397285
0,0.04862256942634595
0,0.08169653844037825
0,0.0837684585549873
0,0.4732106818554959
0,0.03314158696981044
0,0.05545715182766538
0,0.1858947566667511
0,0.04197935644394112
0,0.03052734417308594
0,0.0298914351252674
0,0.0539815763303063
0,0.06218643131847702
0,0.030857931311449826
0,0.12379568736426085
0,0.06618610487966596
0,0.09656883699772045
0,0.10478514850725774
0,0.07291337484169916
0,0.05167507224626629
0,0.11589864258806734
0,0.030419362973500293
0,0.03856105065077716
0,0.058460541952098696
0,0.045536220599263454
0,0.09244329376717632
0,0.08339422389477023
0,0.022730758125123016
0,0.06389080400083541
1,0.09618077005682753
0,0.015478121719348531
0,0.11507350066749242
0,0.050541504022317066
1,0.11813403216601408
0,0.04691868217532539
0,0.07032235850766311
0,0.06463443430992014
0,0.07148974595571446
0,0.06137547355419111
0,0.11088986745802999
0,0.016183138080557453
0,0.07780697939808373
0,0.007999451173799948
1,0.1508549774008319
0,0.019910694213958743
0,0.0346489804181551
0,0.07244367712488449
1,0.24651943055915926
1,0.17018963427835487
0,0.055517512790326774
1,0.04853436698812288
0,0.022329988167202233
0,0.057688762784233225
0,0.0500889913582874
0,0.0652660920794762
0,0.032693733864761924
0,0.044885916165960896
0,0.061528961891236855
0,0.06406162319446905
0,0.05686710059312319
0,0.20856934872969735
0,0.04754017945286485
1,0.0933255026559844
0,0.33676801550142754
0,0.26396987755443696
0,0.017549526596655783
0,0.2041881044979749
0,0.057385840809933246
1,0.11869256944445811
0,0.012386265237922715
1,0.11353792778729878
0,0.05476596495009762
0,0.29777770247190627
0,0.39707113102902847
0,0.05076141834238659
0,0.03417984952742665
0,0.019910694213958743
0,0.05734684808251396
0,0.01378660292496178
0,0.247566494155767
0,0.017851426991058652
0,0.06856551487887486
0,0.028159884859747977
0,0.05333098104653063
0,0.043446968521989926
1,0.12910920687610514
0,0.1563305137644566
0,0.05550699995745078
0,0.05768948979223257
0,0.09961035694616022
1,0.13083112848328157
0,0.09948861283319231
0,0.16855725214331463
0,0.05572239433808295
0,0.04570890111412241
0,0.037419481889717165
0,0.04997231792561995
0,0.26456857274174883
0,0.07713289835634268
0,0.07915915375267618
0,0.07127848566008482
0,0.06197733405941975
0,0.07524413465615842
0,0.04932427320572045
0,0.05146742052580144
0,0.1999999793663108
0,0.045213492709350295
0,0.1266454319864562
0,0.03673020795205767
0,0.05187201170696479
0,0.20648619802542134
0,0.03628661653098784
1,0.09932481463416042
1,0.2611132390644769
0,0.017127873926107495
0,0.03675601926134001
0,0.014333942265677222
0,0.05093689625120058
0,0.07194342344382397
0,0.16470751114066032
0,0.06517835954036084
0,0.049058467128519745
0,0.05595383528132038
0,0.042227737653622
0,0.05007016622642067
0,0.05164111974751238
0,0.18439675313862758
0,0.03553831024351844
0,0.039492904658895434
0,0.03217427531572091
0,0.07776701584267463
0,0.05010673853278816
1,0.09500219399917934
0,0.07107917031231653
0,0.07107153387863584
0,0.05607588202243514
0,0.022110509241510694
0,0.06575244697336272
0,0.13635597603401617
0,0.09925305693168036
0,0.04628576299188743
0,0.09505086774191882
0,0.01658964388546355
0,0.04778050301796139
0,0.049323740198020785
0,0.016537157654203778
0,0.12399953888787964
0,0.03553831024351841
0,0.0263816441184924
0,0.049058467128519745
0,0.16886288471885968
0,0.07516826735918698
0,0.09846587483927385
0,0.062427473611512845
0,0.049557991655538654
0,0.17075524480034018
0,0.051231447475362506
0,0.15634116250669144
0,0.11027910447603034
0,0.04179862982706425
0,0.29631211070459734
0,0.12250065081106531
0,0.054774196402454706
0,0.11533722500889451
0,0.03801710625912537
0,0.1550515254465929
0,0.009492320469528342
1,0.2753642532503386
0,0.02851901818860184
0,0.355671855192822
0,0.389173987551277
0,0.07638496346661997
0,0.053297618598161886
0,0.11659103180548687
0,0.11475682715936626
1,0.09398072057224849
0,0.0614572553192478
0,0.006052385201777534
0,0.1004681667740549
0,0.15864765764172425
0,0.037880619875118565
0,0.048810599129986906
0,0.15507233006292634
0,0.060700996157163456
0,0.11907529021838056
0,0.03177488091715779
0,0.11106942151315559
0,0.04779391519250761
0,0.3029483205834369
0,0.0453547781385795
1,0.198985046712729
0,0.05614011440749929
1,0.27216787616949834
0,0.06797732832044294
1,0.17286574628801635
0,0.06162871678678129
0,0.06701607395820645
0,0.05708124779948118
0,0.22322300973802858
0,0.030857931311449826
0,0.060720446248465294
0,0.057484305656307536
1,0.15594149229821466
0,0.060857533615206134
0,0.06913321326323506
0,0.1055056575858258
0,0.05723118610563153
0,0.0562721503165788
0,0.14188844830154007
0,0.04582615753759012
0,0.06219608665897589
0,0.05221116597758084
0,0.05720021025510262
0,0.03022040757090695
0,0.2453415339347928
0,0.05322363129024882
0,0.03573119095196934
0,0.08495686449826398
0,0.14067134805141857
0,0.01386086410194304
0,0.20426526887734553
0,0.06909991107828492
1,0.14066566701412214
0,0.11533496326951857
0,0.04197935644394112
0,0.17121835831787893
0,0.05011440492775211
0,0.08060922900612408
0,0.015025065880699866
0,0.05041624143846787
0,0.11491303054370895
1,0.09152483706221556
0,0.023093979832512664
0,0.10450703012996392
0,0.10322118719532317
0,0.09716145507500926
0,0.05053740073873027
0,0.06349026299618094
0,0.0698910908388707
0,0.05413675995218237
0,0.23875378633156275
0,0.32237700254047963
0,0.046177348747106384
0,0.038215928749703545
0,0.1138568920914469
0,0.04085022523533624
1,0.1478102468286026
0,0.2353102705154938
0,0.052918047418413695
0,0.1705754133098272
0,0.29152531070654897
0,0.047423626666621053
1,0.12314136191523196
0,0.04428671458968088
0,0.2580817277975844
0,0.04988540989842448
0,0.18435040123375238
0,0.07512873184778374
0,0.22058309861277414
0,0.037429129210441225
1,0.10355980206304241
0,0.14706992952009934
0,0.061654105678227246
1,0.11630260779643524
0,0.0405115279763203
0,0.05450248980385049
0,0.0435095530113049
0,0.08027585861668125
0,0.09999349297745017
0,0.014532107337944623
0,0.02976756380136835
0,0.037017124389264855
0,0.030857931311449826
0,0.00016925036547561187
0,0.05291095951747011
0,0.019910694213958736
0,0.05979227344793079
0,0.34380170659902626
0,0.048985778426199916
0,0.021258031295255064
0,0.04596561594445263
0,0.07385072682382972
0,0.05500984504823246
0,0.17800959179686462
1,0.130495457716518
0,0.04034761801378829
0,0.060082992433057446
0,0.03868144042630549
0,0.045086521210437644
1,0.5209636365663972
0,0.10367574560099524
1,0.1481851665708115
0,0.04832448371741417
0,0.12394203938647153
0,0.09209548618023637
1,0.1848456733128118
0,0.03744082457745588
1,0.09185070988879464
0,0.03638146391947139
1,0.1406826788233561
0,0.039228675040234744
0,0.14217515882238949
0,0.03325566440596594
0,0.2766043150833144
1,0.12459868961778968
0,0.05192472972939071
0,0.04597606824439351
0,0.055388365618085224
0,0.16468348300758512
0,0.04531093014314124
0,0.04714794690908441
0,0.2199921717088165
0,0.11398116415039994
0,0.016688836721980398
0,0.2819033690878934
0,0.04711481697666108
0,0.06302333356561261
0,0.13881514281759325
0,0.1825835507107527
1,0.13271726674119158
0,0.07156064017927292
0,0.05937846829405425
0,0.04485319568918365
0,0.04475343662700155
0,0.3321484456852314
0,0.229248950880116
0,0.39949775983889774
0,0.0622596872424706
0,0.19668701883347986
0,0.11513256753939693
1,0.2261833087267751
0,0.089699759933531
0,0.03299576856370277
0,0.049058467128519745
0,0.024803995026570453
0,0.032147111425012254
0,0.36488920303805894
0,0.17452323113672252
0,0.01784784834138446
0,0.14479930647914177
0,0.2554711815691138
0,0.03626152979736692
0,0.12671801080352055
0,0.016664057812765035
0,0.053118472707161
0,0.053852092492130965
0,0.43114834797905627
0,0.05175775271663675
0,0.013991588022025669
0,0.09221062473230182
0,0.047572336916605736
0,0.060317095189630646
0,0.03391975146132364
0,0.04044897429552615
1,0.1292138080069242
0,0.12489213897223697
1,0.18006471382904402
0,0.3653297676712239
1,0.09709700980714091
0,0.05459947273532149
0,0.023582786378390525
0,0.026825487215931525
0,0.1691963144720274
1,0.3021299087219134
0,0.046039940120183025
0,0.048045722567314667
0,0.03943335416615676
0,0.054767164786776214
0,0.059154427869028615
0,0.04351269116477358
0,0.05208324667022978
0,0.030503747038267824
0,0.04021513447473747
0,0.052257648756920766
0,0.016634830047727974
1,0.1480915946573884
0,0.04407426795714711
0,0.03412719548378455
0,0.030231310500514412
0,0.038360123782041296
0,0.04197935644394112
0,0.13891531504968102
0,0.12889141652258096
0,0.12122059290979718
1,0.10970907685127985
0,0.04093268280892171
0,0.05378320180601528
0,0.0713454074522353
0,0.04807562198915581
0,0.03236977293442063
0,0.04041021048942621
0,0.30227096247129603
0,0.06639911174549303
0,0.06498932570076485
0,0.06383038281317924
0,0.03485978869297568
1,0.10300936123169921
0,0.046345080083843894
0,0.07178841739745338
0,0.029368951906392438
0,0.4752045772656931
0,0.1295015627255506
0,0.014801617108625716
0,0.040345214418620955
0,0.06691110831433657
0,0.3826821632510952
0,0.018856281536270968
0,0.04679596088134322
0,0.034644071885319004
0,0.08159333507133798
0,0.05209054730892087
0,0.017587813638176648
0,0.11006163413700444
1,0.07874223947310414
0,0.05752193442569551
0,0.05468348644376239
0,0.04311478023091389
0,0.07164508920297799
0,0.2573062232317457
0,0.02709118084062266
0,0.040685205531214706
0,0.08116707005583558
0,0.041005534245493656
1,0.09843454823380399
0,0.07317423047126399
0,0.1501361421639516
0,0.24188690632499454
0,0.030857931311449826
0,0.04516562315265483
0,0.055976956191987816
0,0.044178599806696583
0,0.049058467128519745
0,0.04862026309028416
1,0.10364869695372411
0,0.14708380370058283
0,0.04486895598017777
1,0.2218449688447449
0,0.0423830692406264
0,0.054769688526900735
1,0.18743488622715007
0,0.044185694523506305
0,0.017814291798019646
0,0.3589870245634185
0,0.030915830632517655
0,0.14988949027617102
0,0.05845444019797263
0,0.04980754982116249
0,0.05491480847722424
0,0.057948569847757404
0,0.049058467128519745
0,0.14681415914260088
0,0.060666979632613395
0,0.00015880352458720593
0,0.1039947860279345
0,0.019606837426768838
1,0.23432673666687942
0,0.01831795700986548
1,0.15007605631094997
0,0.051472023625271125
0,0.04472326250111965
0,0.01678141973540856
0,0.061522837882392614
0,0.14388949283842986
0,0.1449549268249858
1,0.07901888840621726
0,0.044724512458525635
0,0.06633604943210294
0,0.07493473182585848
0,0.07107523519486858
0,0.037709128487898605
0,0.27267399880343185
0,0.04393083216598639
0,0.03632301959368675
0,0.0850646594516131
0,0.044321613073182504
0,0.062166761707503244
1,0.18620482090305257
0,0.31646528884063796
0,0.055834895200214035
0,0.15110475564804482
0,0.045564671562616524
1,0.3632550843822046
0,0.02925015694528719
0,0.024827672679591288
0,0.04354116304890422
0,0.11796031217630912
0,0.17956755094103294
0,0.050401526509169035
0,0.057726330696488255
0,0.3830949947178715
0,0.07554656697064549
0,0.05373948369486679
0,0.06860010436303693
0,0.12717513216446333
0,0.20681525717752428
0,0.016735771944387884
0,0.16787720473028214
0,0.24180176756183447
0,0.07335778558368422
0,0.05784433957034106
1,0.13516032516737211
0,0.039457582511881785
0,0.089699759933531
0,0.06346163554319607
0,0.017139840127488596
0,0.06893387709868039
0,0.013215993523022804
1,0.13470670191635148
0,0.05085529518009546
0,0.0502346988331215
0,0.030503747038267824
0,0.04172077895267449
0,0.05508597105533627
0,0.11701623561551573
1,0.11544850884963158
0,0.013807572268684244
0,0.05074547848013131
0,0.384362199605514
0,0.051707097674751144
0,0.05869097094620779
1,0.14348631167480222
0,0.049123080141210376
0,0.038220884944649244
1,0.1054926808730317
1,0.21388634310104296
0,0.0526030254882038
0,0.3909949509717335
0,0.016537157654203778
1,0.31496067544821893
0,0.22049990181889462
1,0.10014969127359055
1,0.16633409516291708
0,0.016537157654203778
1,0.1760558241230219
0,0.04775048315286737
0,0.030093403495464178
0,0.062372437459346064
0,0.23018949436568673
0,0.10228879399937171
0,0.021827811762695215
0,0.06706359499527328
0,0.16005080443967662
0,0.0479170520732374
0,0.42353862605059056
0,0.05055819987166139
0,0.04620815948164657
1,0.09883340573520043
0,0.08317267541898739
0,0.046043604847544696
0,0.10203226840498546
0,0.0673178830957654
0,0.034860378379506535
0,0.1490352744243862
0,0.052352151479629995
0,0.0021138436427249217
1,0.13239433607914558
0,0.17083652458626303
1,0.13766053747989568
0,0.0505542273838553
0,0.10478514850725774
0,0.0879516130480281
0,0.047360682022197675
0,0.21692215905616358
0,0.05403696935637488
0,0.05533459494934282
0,0.047073446288044614
0,0.06777558768942697
0,0.06177649026103666
0,0.04505518048045959
1,0.20933520274638348
0,0.020579219914974984
0,0.04039099273953467
0,0.0009745725382588732
0,0.013924886667274273
0,0.014059783598630613
0,0.03731636735071229
0,0.03328818938365396
0,0.0487498971554743
1,0.11418535278866698
0,0.12544328810338637
1,0.14750396968909177
0,0.03807747038194597
0,0.13508710659426507
0,0.04545340378957565
0,0.0361925040443323
0,0.06459460099615338
0,0.054497568763919986
0,0.0930031440674976
0,0.11641460881566723
0,0.25571897998685467
0,0.07873308002666465
0,0.2617537229529825
0,0.06534104417004204
0,0.058076946086147864
0,0.04428494457407813
0,0.08575445760240454
0,0.05807454032399446
0,0.05936433450016583
0,0.0528102760972149
0,0.03162738614014131
0,0.05870541501717981
0,0.04197935644394112
0,0.07096122662871542
0,0.23379684174734816
0,0.013851708517050308
0,0.063424949189866
0,0.4528887203795999
0,0.016434240058254366
0,0.06442651350745211
0,0.03348050969620698
0,0.08141814898970078
0,0.025496986256493617
1,0.10891012815288854
1,0.1855439184172457
0,0.08070362272882119
0,0.048974737646395275
0,0.26297343867271283
0,0.13244306088439847
1,0.10556745929371841
0,0.0711102064452341
0,0.13632858573524612
1,0.3989269024906852
0,0.223737836878399
0,0.13552988221358303
0,0.03850813838264353
0,0.04791517534741324
0,0.05839882151323801
0,0.052640976487299866
0,0.109173275256693
1,0.1320989784283942
0,0.01666911061870024
0,0.34075233055617427
0,0.20402168380751257
1,0.1161699497568884
0,0.050615234701394736
0,0.05050219393505345
0,0.09359193329238294
0,0.1430407948305257
0,0.06504678245298402
0,0.2658517939337623
0,0.05013049079906268
1,0.07795097140400989
0,0.041665154918452504
0,0.06601829512201865
0,0.051112305096719844
0,0.019910694213958736
0,0.016682095127639556
0,0.05231126432260306
0,0.02461245926739046
0,0.04214492484705916
0,0.05926761538065081
0,0.09050011785519374
0,0.044763705507442526
0,0.038941329380426236
0,0.16024803624001477
0,0.25768623119530243
0,0.13071177568078388
0,0.06782059806653284
0,0.046932371938009705
0,0.07122598190010207
0,0.03553831024351841
0,0.03199981151840952
0,0.07834997341333909
0,0.012703677608244177
0,0.06745770308720574
0,0.04129891750917274
0,0.0444994087284734
0,0.1435533982199913
0,0.15280941544938295
0,0.04350137871139173
0,0.04927558003807212
0,0.05133077792700987
0,0.05861347835260826
0,0.12048214649001592
0,0.04432161307318252
0,0.022730758125123016
0,0.05847933041238415
0,0.061104699906886877
0,0.05957066106338635
0,0.29261815511322453
0,0.10794869684949399
0,0.05440049682770274
0,0.16588435153149902
0,0.06679257435170087
0,0.01378660292496178
0,0.0144122274298242
0,0.045832006582517223
0,0.15103978834436033
0,0.05742453580980979
0,0.2725991323094876
0,0.05179969649809632
0,0.052314705028562405
0,0.29797270569954354
0,0.03910285197561037
0,0.10389642177150894
0,0.05569837630516681
0,0.0507173760401581
0,0.06783698113621509
0,0.017246406878433575
0,0.05706566007415651
0,0.05841764987195942
0,0.06455900481214136
0,0.1928028036450045
0,0.06338758210257381
0,0.03045897629255158
0,0.0436749824866462
0,0.18693006635342493
0,0.40608036272315406
0,0.47915966169534363
0,0.10467078131927637
0,0.0319205162392158
0,0.049152119002225464
0,0.07476307656900447
0,0.01678141973540856
0,0.20804831966054663
0,0.05930022451558606
0,0.03325566440596594
0,0.24175412886101677
0,0.12683552819447189
0,0.05852348428922054
0,0.05090848991069103
0,0.057350969265935386
1,0.0853133884846279
0,0.04647636502513076
0,0.10812822647199177
1,0.21706172315061148
0,0.06528679854281919
0,0.0642366252858598
0,0.06309160728612657
0,0.05251635932943123
0,0.04800353552330273
0,0.06323696112341486
1,0.13020038328959302
0,0.0552677625913618
0,0.04306162525186251
0,0.03749240433708942
1,0.15203866668672983
0,0.1304498886377622
0,0.22564526997956727
0,0.10577276663645889
0,0.05963911481320865
0,0.06738191574755148
0,0.04371078646903907
0,0.05111047723980529
0,0.05507252910782354
0,0.05581249637077461
0,0.051970970921298015
0,0.04839489360378734
0,0.0595484538477084
0,0.019409515323673947
1,0.38136292955422946
0,0.0404925974155538
0,0.12188969010437659
0,0.06605223074566939
0,0.03763893699161862
0,0.0520231763127772
0,0.08142242830614216
0,0.1821086144431445
0,0.03255195446978126
0,0.1424397854924653
0,0.15756264611668713
0,0.03594700490693429
0,0.018675882674956634
0,0.06602759491786647
0,0.019910694213958736
0,0.06308061148002177
1,0.3806444126040221
0,0.33130429521234644
0,0.2295188959242558
0,0.05934434400357188
0,0.09674334016782593
1,0.3462210698232755
0,0.05069366076965394
0,0.05601342998027052
0,0.11474565968104268
0,0.05062695315739714
0,0.12454409698685352
0,0.07476174278923292
0,0.12518598838902656
1,0.1875750440930584
1,0.11972590527345796
0,0.11390079948753722
0,0.014333942265677222
0,0.13911232294941703
0,0.039309714302450734
0,0.05420111266528595
0,0.2004546008689825
0,0.017460681761967266
0,0.05713148349632997
0,0.043992462781012355
0,0.03800482535886007
0,0.033413835199351614
0,0.03078591683496538
0,0.06815634654323535
0,0.0672418995154529
0,0.05956667236651735
0,0.04423242419304987
0,0.055452800122136
0,0.04548736209707301
0,0.06186233926146698
0,0.028264215574730033
0,0.09803659973397238
0,0.04859564859510502
0,0.015894832868776496
1,0.06131218860385453
0,0.06333018162331001
0,0.10223409292280652
0,0.27459979927120093
0,0.0301288683684512
0,0.10550459513031724
0,0.016720225608157353
0,0.3826936561726716
0,0.032276199470149015
0,0.04728653574433719
0,0.1479195057000468
0,0.03441626969522037
0,0.052551819247785035
0,0.013238774418018436
0,0.39606590733319513
0,0.06466286831125906
0,0.06223708074847182
0,0.06145722763898393
0,0.009543845614209744
0,0.22982473479009252
0,0.029843614965047834
0,0.11691531058786209
0,0.2003847467349637
0,0.0355813626753043
1,0.2722194067240391
1,0.07409567407525978
0,0.048852062758160265
0,0.019599320690679836
0,0.06983862375277781
0,0.11897272394455059
0,0.05998483206104617
0,0.07276450548448861
1,0.11147575567252711
0,0.031981029811111936
0,0.3956555817122555
0,0.17025041700431293
0,0.037967483830024996
0,0.2897226440808558
0,0.04822196709245699
0,0.052551819247785035
0,0.179773222773153
0,0.04862048828533065
0,0.08954527928800142
0,0.058196495564200965
0,0.07158001405914309
0,0.27603107844972785
1,0.2721949437964114
0,0.02132121193222898
0,0.15137414338175284
0,0.08099067573158582
1,0.12773000727853848
0,0.22146472594733024
0,0.04465244678983636
0,0.11548839276347654
0,0.23690848314285604
1,0.21720057120698055
0,0.03045897629255158
1,0.19165031995206852
1,0.13466598918102382
0,0.045220577600091696
0,0.016419223744700142
0,0.06279633052999338
0,0.03803165994003049
0,0.049866551886586924
0,0.28559920888493473
0,0.06349139445544268
0,0.016531155096342346
0,0.032359915967492554
0,0.055151417574059156
0,0.06300265162611678
0,0.051969182998437176
0,0.27077168751809966
0,0.018158369337355734
0,0.18660114063886993
0,0.40180544132422125
0,0.06715609390119388
0,0.012181287157484186
0,0.0689744834816718
1,0.2767146185763892
0,0.16662478155689833
0,0.05675342411505499
0,0.01668402011202282
0,0.07961574593201932
0,0.06164568865427201
0,0.02205278541438189
0,0.015767044323566376
0,0.02604662896099179
0,0.05411910723878163
0,0.1265246506343131
0,0.27054564379934787
1,0.30692436593081335
0,0.1921505607708706
0,0.030784829804254916
0,0.05574425532413327
0,0.062457360738532496
0,0.04871084394955152
0,0.3034157897690979
0,0.038965260124563666
0,0.07297988346432524
0,0.15905237704658493
0,0.06846908680970305
0,0.06398538448266303
0,0.18940766402201537
0,0.04749415927565745
0,0.03613951828855367
0,0.13188380424179433
0,0.07255378794792897
0,0.06079466643644248
0,0.17591665998744618
0,0.01802301081424858
0,0.05761961235453482
0,0.10968503490277641
0,0.05364540172977663
0,0.06083154070147353
0,0.030248226331481345
0,0.05467798065727054
0,0.01761264736088622
0,0.07934363205437239
1,0.17032417272226863
0,0.04593872574919671
0,0.07828790139809962
0,0.06070967601106303
0,0.052377707182000584
0,0.4513273102133631
0,0.055880411108719184
0,0.0627965110469932
0,0.07558709678567407
0,0.257391336909994
0,0.16041153903541544
0,0.05169426055154856
0,0.06074274911564349
0,0.05521712172594211
0,0.38259211077912975
0,0.05846292475270421
1,0.127032596644014
0,0.10088635561416541
0,0.05397615452057045
0,0.06072039634249568
0,0.1000699336766831
1,0.5248907857761314
0,0.05596367324063259
0,0.056812195426128816
0,0.015011991438423807
1,0.16388070290994725
0,0.15704361407443299
0,0.052654015955679055
0,0.09251527259547582
0,0.108956956027188
0,0.04309543135691046
0,0.12086431050158618
0,0.13258425176961303
0,0.05631255906263656
0,0.2486241133619984
0,0.015990970388226684
0,0.026955082153899284
0,0.0169714826675567
0,0.058675160020164534
1,0.06437778509422186
0,0.08726196939956016
0,0.05728306630119324
0,0.16003385046439075
0,0.06026183301046991
0,0.0912431907137735
0,0.027397626851541918
0,0.05508548510643368
0,0.0823411845467151
0,0.055664160097340105
0,0.06768207967851711
0,0.022937696483882785
0,0.2560837940706973
0,0.060121074304822136
1,0.06976865647084896
0,0.04595780906755826
0,0.07587412869345071
0,0.2118602280944288
0,0.01552646351401634
0,0.04561678655730774
0,0.03234582500432149
0,0.16574717612828074
0,0.10388671892571952
0,0.11444526762980987
0,0.05061067900103872
0,0.04897366081380053
0,0.0009745725382588732
0,0.06487859368760887
0,0.05397803703837756
0,0.019910694213958743
0,0.10877466154515218
0,0.052390811563824476
0,0.03720800737829439
0,0.035334579774057046
0,0.03842095073183121
0,0.04500739962602079
0,0.11559376686631609
0,0.04179475139779855
0,0.0773192599990778
0,0.03688323737976801
0,0.02602087486481374
0,0.0547019615928265
0,0.1394619805828397
0,0.04067641803475922
0,0.01324162887006337
1,0.7038636147622664
0,0.06462996590107713
0,0.25945423229681924
0,0.07375614898985516
0,0.017734387245358196
1,0.34930471859651685
0,0.10706451779246985
0,0.07462441125066893
0,0.17794686292754153
1,0.1433927515842973
0,0.04369414595745416
0,0.07211815241895186
0,0.09654058432889741
0,0.03818753509323555
0,0.04886142989076521
0,0.2792728094836503
0,0.07291002020056254
0,0.125434668351707
0,0.11998770279246476
0,0.05989727971148435
1,0.07854087340649019
0,0.038777773473716165
0,0.1559744592403154
0,0.06490243150893711
0,0.055996839538753035
0,0.022248668320209844
0,0.03696660127256155
0,0.05673386122639837
0,0.18046636960492043
0,0.029078006814089404
0,0.04799291313775066
0,0.10381678574921589
0,0.06738786557184495
1,0.12491496173026188
0,0.05992294724885179
0,0.05921854560494139
0,0.5029960573802174
0,0.054223215967254726
0,0.04700978047251006
0,0.24773778596278676
0,0.013760652810806899
0,0.07259804978869272
0,0.03891848274032471
0,0.05401780246080579
0,0.2178971237934812
0,0.2975028214945587
0,0.045271062361523846
0,0.0867632607589561
0,0.05217775494261164
0,0.1122119841107998
0,0.0473720492489519
0,0.013678429372352648
0,0.05918519283159121
0,0.06042122727393382
0,0.37928332538646276
0,0.15704361407443299
0,0.03284458927123351
0,0.09822765612980175
0,0.039517938981469845
0,0.08756315191726023
0,0.014680680167680062
0,0.14199122840978734
0,0.09505086774191851
0,0.048242438538653204
0,0.0517094470398596
0,0.45950198312665813
0,0.15734029836141028
0,0.0708990959903281
0,0.06999452156796022
1,0.1358833161788033
0,0.05565778703430315
0,0.048352977124960915
0,0.04325289508484666
0,0.01755545331183071
0,0.21270706381939467
0,0.017780286486428747
0,0.012121209032854793
0,0.06285729778888846
1,0.2586671632162575
0,0.12216055757328831
0,0.23095006320713243
0,0.1919168280431178
0,0.2823862532957107
0,0.05038669454424893
0,0.06129348056435881
0,0.017790174005085924
0,0.07172248323850604
1,0.0995677391207987
0,0.05610976326823106
0,0.0644094554976387
0,0.01658964388546355
0,0.10304676492771606
0,0.04821757649218137
0,0.06209288741714481
0,0.04077653382300649
0,0.056182381727171764
0,0.06149457831254954
0,0.030857931311449826
0,0.031421042690511526
0,0.171396915735074
0,0.14144942211831818
0,0.047913095596549035
0,0.049528282738550825
0,0.19912838256211818
0,0.12240623326219703
0,0.34727929186003514
0,0.11734741244778076
0,0.018856281536270968
0,0.13748986321997803
0,0.06273048679049786
0,0.022265131988549236
0,0.019910694213958736
0,0.024363443693179138
1,0.2265378047704144
0,0.037714986762380685
0,0.04781310168183442
0,0.37752868632821684
0,0.14013382388972803
0,0.05626007744348646
0,0.46421023379694637
1,0.12337397855694546
0,0.291289088533302
0,0.055185982548856545
0,0.04665382562402789
0,0.05374278595149715
0,0.045293052803950996
1,0.2091517460051657
0,0.08167319654416852
0,0.04925887262332756
0,0.050811963829890464
0,0.13999730193585133
0,0.05948175218341876
0,0.017286668871972218
1,0.07505154470293961
0,0.04768476758098768
0,0.017499876603431275
0,0.0597152082112852
0,0.036123083034451456
0,0.04931938368254415
0,0.05534515117704735
0,0.13955771685579202
0,0.07976280849581316
0,0.027683762448947907
0,0.051062719873122005
0,0.09926172149979315
0,0.08538072739667506
0,0.0481599642487528
0,0.33333770949650704
0,0.050380303855197615
0,0.05164805685277228
0,0.01641417981827221
0,0.04484427302700231
0,0.048915952012180665
0,0.031161736502383224
0,0.22829363194902477
0,0.05496466233407606
0,0.05229938362053949
0,0.053577139195555575
0,0.09410338067437828
0,0.06407437789341838
0,0.047863337359734484
0,0.05667184680702835
0,0.055570345474569634
0,0.07001244389344585
0,0.04197935644394112
0,0.046984283495638275
0,0.017277698372646238
0,0.007720499696556053
0,0.04839990516555947
0,0.03441626969522037
0,0.3549809146641983
0,0.054445984304827784
0,0.03566001976438773
0,0.05539493320300802
0,0.012566686632586076
0,0.017107312155726778
0,0.059312211058831006
0,0.1488817936038687
0,0.06781167470261043
0,1.784670903649098e-05
0,0.06272209030644584
0,0.051978519186417195
0,0.11797017236212978
0,0.3488466948235063
0,0.06199395458366503
0,0.06409253161484955
0,0.053001717774138334
0,0.061277739536687574
0,0.12075305359148715
0,0.05223841937785497
0,0.17257969794035818
0,0.43591471972972745
0,0.038220475654683936
0,0.06748738345736335
0,0.17897418535886436
0,0.015220724342958706
0,0.014486253080904983
0,0.04197935644394112
0,0.05139613343492335
0,0.03589345728945541
0,0.03195296476849025
0,0.11730960796536342
0,0.1512342415253924
0,0.030857931311449826
0,0.2371960712206948
0,0.33543845896928004
0,0.03459240341849702
0,0.03602343671660423
1,0.13153183877472727
0,0.030572904617776123
0,0.04100169477012257
0,0.052551819247785035
0,0.0407717099315441
0,0.056661839323911785
0,0.2908459532461839
0,0.012499351801841035
1,0.09987229496312744
0,0.21360570464945774
0,0.08625205279673508
0,0.06623103426319557
0,0.022448448208334214
0,0.04935203797015679
0,0.0642101656698748
0,0.11643766979614635
0,0.05183460898345186
0,0.06257284957492423
1,0.09407161831267825
0,0.11379526308773537
0,0.029299645405249142
0,0.03715604533053439
0,0.08505527297617481
0,0.0694258969880002
0,0.04202128491336359
0,0.06614035598038419
0,0.06245375232567366
0,0.0672486747897215
0,0.02962067956013996
0,0.07223236991235227
1,0.20236086583587887
0,0.1176668788210991
0,0.13009172366877916
0,0.03500023230132542
0,0.013191049207197844
0,0.14352592742187634
0,0.07789158186018694
0,0.05657361583634328
0,0.11537974265337764
0,0.07023691459329698
0,0.0025004214317075188
0,0.04229528027272991
0,0.3484798159595059
0,0.015303373151162421
0,0.007238399172257021
0,0.16985657766182838
0,0.12982436680515072
0,0.12043709874609035
0,0.03143042199773548
0,0.036932519687782495
0,0.19745619954043994
0,0.2581752779887358
1,0.2948150414113723
1,0.3053447571301926
0,0.06490553476717587
0,0.03793890349608522
1,0.18154812007089643
0,0.016166512121438995
0,0.16467228641380768
0,0.016475348542119853
1,0.18907691384494554
0,0.08716094172000795
0,0.049058467128519745
0,0.1316627338959398
0,0.04197935644394112
0,0.03318375246142362
0,0.03706320793783237
1,0.1283356222926638
0,0.058931127765670145
0,0.043242184885120674
0,0.07771199290348714
0,0.050034930328372654
0,0.01392233625049012
0,0.04344670075773949
0,0.03689223783434716
0,0.030298471222362816
0,0.053136222170873014
0,0.046078620862678735
0,0.27387649153921223
0,0.01765938903049093
0,0.047949868280996864
0,0.15189581015701567
0,0.03712398120082669
1,0.11725638150397735
0,0.05395556953373797
0,0.03484956922657531
0,0.05046223114577428
0,0.30628996615014514
0,0.06965539180679955
0,0.3910459781877835
0,0.016999380771286
0,0.03187787786101761
0,0.14703094669914338
0,0.05304349931462927
0,0.0969404269800792
0,0.05262070913140951
0,0.020123030350156966
1,0.09204751678409057
0,0.1165934234223051
0,0.0388308642356662
0,0.1366823726341312
1,0.3566966140636654
0,0.043763669895680285
0,0.03966715068927313
0,0.01765938903049093
0,0.05747854871841449
0,0.10478514850725774
0,0.1272544504925309
0,0.07960184216277404
0,0.06562743201412176
1,0.14643409441026217
0,0.04017574271882769
1,0.17195364244824338
1,0.200998772199291
0,0.10773621307526696
0,0.1394767696828583
0,0.034083411539747165
0,0.0162311969102456
0,0.06410774706105477
0,0.047594521043603406
0,0.3238739291836273
0,0.0463314325271144
0,0.04837840344072595
1,0.5115618058071901
0,0.05464837349981131
0,0.04975966411728224
1,0.09733683402225358
0,0.05672396012188898
0,0.03803555162744939
0,0.04197935644394112
0,0.12087581885772662
0,0.05205455244672525
0,0.017127864048505654
0,0.02693816836515325
0,0.061434859980254455
0,0.15658727040230083
0,0.29905442134679694
0,0.0502808196910818
0,0.015380700991950042
0,0.06847816436735205
0,0.10764974255986373
0,0.12021692798654343
0,0.03335746442108536
0,0.32002504859647707
0,0.0519351466278028
0,0.04727652154770581
0,0.0634729432427468
0,0.05796812346236227
0,0.05122562882357911
0,0.04960112379929845
0,0.17130142135245455
0,0.017550013478156365
0,0.05934654037709632
0,0.12531542417157704
0,0.04891378759107271
1,0.12612453806286864
0,0.04846726501887704
0,0.011234601938497872
0,0.2563691041409252
1,0.0971578607861655
0,0.10018272526722782
0,0.07964997275414232
0,0.18245570776197131
0,0.07097870166330551
0,0.06622927521208537
0,0.022116283519165766
0,0.06363263320745206
0,0.07058557870059123
0,0.13636548430423834
0,0.21138733948060545
0,0.025802938326849864
0,0.10891251142459306
1,0.24470477303379937
0,0.054021349017808175
0,0.016345264582243786
0,0.4678022099531327
0,0.1254925114495931
0,0.12370608704020543
0,0.05449842898704036
1,0.09628113697310477
0,0.06354344946648818
0,0.0550854851064337
0,0.03382028062916027
0,0.05374060468664539
0,0.022730758125123016
0,0.03320865227949293
0,0.03325566440596594
1,0.5019691214269567
0,0.06057512382090159
0,0.018978384229819022
0,0.3065043451512311
0,0.45145615129353844
0,0.013862241996293339
0,0.047967769642076885
0,0.05622125744713874
0,0.016097368110238642
0,0.11590175715626248
0,0.017143395150573653
0,0.03209708087443163
0,0.022465639115522774
0,0.06218643131847701
0,0.4727335298602227
0,0.1305753965842683
0,0.04923130193652895
0,0.11421614636308772
0,0.017223587679590518
0,0.1765306458506757
0,0.11109578886825683
0,0.1912603140305996
0,0.07082981685159312
0,0.03644580790145401
0,0.21680213984755198
0,0.022750478000823353
0,0.07532928361261715
0,0.0314585725318536
0,0.09435877610098471
0,0.043338526497401775
0,0.05398505073941841
0,0.0329406858613357
0,0.1206731348340736
0,0.047814429909297546
0,0.4077042760621255
0,0.04393711078415924
0,0.06218117267576522
0,0.017883074589519994
0,0.07850646484765345
0,0.04197063083481679
0,0.13004576503320706
0,0.2551423269769293
0,0.04197935644394112
0,0.03329680210346386
0,0.043817019259119475
0,0.026974500238242913
0,0.20774921297076598
0,0.15805037953078238
0,0.048953270318850675
0,0.06845794460302872
0,0.048591939767426075
0,0.40723720518313195
0,0.0864487822365048
0,0.018325663130425367
0,0.05400846694671299
1,0.16135377819202368
0,0.1575592069623372
0,0.04392061183686624
0,0.013807572268684244
0,0.08779806536413605
0,0.02812029638822843
0,0.05747950482201406
0,0.01793502988755997
0,0.030160074831765082
0,0.20204898692748577
0,0.05085110561945499
0,0.1189230762881268
0,0.05485299829973452
0,0.03102145331434459
1,0.3160384904200804
0,0.055082356379674374
0,0.06579127363508579
0,0.06972122125254956
1,0.13873234813363072
0,0.28060576859453745
0,0.2214430725480654
0,0.05252260370088117
0,0.04197935644394112
1,0.17462989323252567
0,0.5406705828633758
1,0.1262868785163022
0,0.031068138855961158
1,0.3129671614700887
0,0.013506498344475747
0,0.2643714176851315
0,0.04778185540665796
0,0.030408813736260188
1,0.09998008650948041
0,0.07255636256716262
1,0.11715514605851857
0,0.04837840344072595
1,0.12974119838400278
0,0.059198586479424345
0,0.11160587110150857
0,0.056881783018405484
0,0.054718999436497766
0,0.022202589843463082
0,0.0720639031672862
1,0.13207410805954242
0,0.10069165042155648
0,0.09309487683084597
0,0.05833430860071089
0,0.077598660130543
0,0.056540801515945975
1,0.40301632367961004
0,0.05078641757523823
0,0.0752902684340605
0,0.05246981014336149
0,0.06159767019416022
0,0.1570071534390095
0,0.022329988167202233
0,0.04866942038547578
0,0.063677513737687
0,0.06117128611087829
0,0.01488877314945955
0,0.12914644089349347
0,0.05009512102622507
0,0.028397008720213113
0,0.021982525772521862
0,0.13682938177323314
0,0.10617047894917597
1,0.11259684444129692
0,0.03458417609053664
0,0.3836581161013566
0,0.06193676314921181
0,0.05623525219602172
0,0.01793502988755997
1,0.1037038809769055
0,0.03632644001478316
0,0.05245444466948951
0,0.030857931311449826
0,0.06489789041292277
0,0.09101150147283077
0,0.03325566440596594
0,0.057474787692118945
0,0.18759345073352984
0,0.04161101849411403
0,0.04368785285545097
0,0.05836941296814925
0,0.02060378394422732
1,0.10703100990175046
0,0.018134949864812972
0,0.16603545721718668
0,0.04778442927401076
0,0.05207452940473018
0,0.04483783002292992
0,0.04605804702269095
0,0.0664622614126228
0,0.10227068611394233
0,0.048519395270041954
0,0.07161556711540777
0,0.08647077372787516
0,0.18745861186089202
1,0.10161568773749667
0,0.03585930940632023
0,0.03154855684234987
0,0.034957272580717076
0,0.21142240407713056
0,0.05928336336274596
0,0.07034410057785664
0,0.056623013750905865
0,0.041066759906446856
0,0.016166512121438995
0,0.06041589209201941
1,0.11538289949332409
0,0.14935198140304543
0,0.09728932811569517
0,0.05088730198177937
0,0.27137241428912057
0,0.05941545809071253
0,0.04290982132432936
0,0.04612160744458566
0,0.008141106155369827
0,0.017428910960965195
0,0.05589870895603692
0,0.0774289904832582
0,0.18432439475431162
0,0.14454446447011263
0,0.09141696868827566
1,0.11497745628568952
0,0.05298381717984328
0,0.02431921387549591
0,0.051291202468591444
0,0.2152434176591614
0,0.11502203090330351
0,0.10090290694376833
1,0.12838882647872993
0,0.020714422305092923
0,0.07044799643665998
0,0.05016251061155309
0,0.04609965324087047
0,0.05457648046189105
0,0.05076191109807416
0,0.030329607034750423
0,0.04428386458154899
0,0.1635763754464729
0,0.0824396950769998
1,0.3975087391597632
0,0.10803741834155565
0,0.043271915171787814
0,0.06846670035652155
0,0.2494158485847258
0,0.1555438353646711
0,0.014048741895650693
0,0.2630966953796799
0,0.09542567671035096
0,0.1478860385831313
0,0.25507165808449395
0,0.05372488237598795
0,0.01707433426659821
0,0.0636313648428673
0,0.058798174268918924
0,0.043145957928453244
0,0.002898720418190677
0,0.03724830331963768
0,0.035995229440350766
0,0.04097382972565691
0,0.042838413003030845
0,0.0184064537209684
0,0.07327609284751975
0,0.10560214736670724
0,0.1657486954752718
0,0.05851522691716886
0,0.05428474839961344
1,0.19878308174034376
0,0.05753224320107465
0,0.05405478865255627
0,0.03681348060645324
0,0.057889938632632656
1,0.19673966823262523
0,0.04555230430658572
0,0.04642236457656369
0,0.05526345185554955
0,0.1120713983803606
0,0.1931627254935177
0,0.10120051527456637
0,0.26041779830137524
1,0.10746902360686039
0,0.1142604808549486
0,0.04497466967297588
0,0.054361591576252824
0,0.04282338742083417
0,0.045964008464342516
0,0.12948512812869487
0,0.03819272682700764
0,0.06366325565964559
0,0.06810611667699688
0,0.04892540415932513
0,0.05567738127519108
0,0.09639963017526869
0,0.07887963770106607
1,0.21704063431068982
0,0.13412665804995202
0,0.1693397988437381
0,0.04023351987661796
0,0.06549937486621339
1,0.26957856241266853
1,0.12509954927969713
0,0.33817728613592035
0,0.04436958104567116
0,0.06855758813189322
0,0.0683748721123239
1,0.07435128210334033
0,0.06289074157786226
0,0.10382990707302807
0,0.051565448493248345
0,0.1976582488511599
0,0.06892420780952432
0,0.015247815767591153
0,0.015990970388226684
0,0.15533593179799088
0,0.30233336975223873
0,0.18685432337717311
1,0.2214233983548102
0,0.11925264194636676
0,0.09448663601956415
0,0.04994695143110977
0,0.15203149182739203
0,0.049534072732986704
0,0.38650338458828143
0,0.20603167248751633
1,0.07605609863952867
1,0.22385582719923455
0,0.32283597401895237
0,0.1101546916155248
0,0.060824122487148566
0,0.15203149182739203
0,0.09540274892849074
0,0.062241474188403
0,0.063030514574804
0,0.2557775818005578
0,0.05175664795410915
0,0.010339703141596004
1,0.18038089200434887
0,0.007860506656803651
0,0.0645198881483735
0,0.28731832343473934
0,0.14738959013346825
0,0.05033303751624694
1,0.13292007835118433
0,0.0507812116485654
0,0.09065786077228369
0,0.03647423981566182
0,0.19300962207890202
0,0.1705510486356362
0,0.031336480892288535
0,0.1566764509851303
0,0.08199426142493897
0,0.10177979876216509
0,0.06389237437718806
0,0.01755297982866478
0,0.04790682556297282
0,0.056722422460699785
0,0.014402986811640742
1,0.1355072051190387
0,0.03702279766657471
1,0.15920408016200238
0,0.1994399218814432
0,0.031159577583553363
0,0.06615725094273628
0,0.016869626408379156
0,0.015862106244971058
0,0.04486895598017777
0,0.3186461461431848
1,0.1748214721095965
0,0.05278474227690612
0,0.2976933432474183
0,0.042885418796935915
0,0.06323090976293347
0,0.0006003122539981283
0,0.05145433872129793
0,0.16489949003285995
0,0.0515829571332576
0,0.1190615013895243
0,0.059998875602890175
0,0.03329729755172981
0,0.07000841522681245
0,0.012902995667690207
0,0.03310863619765665
0,0.0357595067868341
0,0.030830372640967958
0,0.049937381062158025
0,0.03867592695627529
0,0.051230856165920755
0,0.11003391384908182
0,0.07416123553038283
0,0.12342683545563093
1,0.1493539428117981
0,0.08175519911504855
0,0.09095094892463562
0,0.0631171795289678
0,0.07786795261165112
0,0.15298910845224845
0,0.026236728679798395
0,0.07124990226276673
0,0.30300496283331685
0,0.066149549381912
0,0.23060688464972626
0,0.03458227273226593
0,0.15370949199115003
0,0.027670283554072434
0,0.02809068891616746
0,0.06949592891171474
0,0.05129926507603332
0,0.04442530898745612
1,0.14437263857312463
0,0.03849128133285644
1,0.45222622801061246
1,0.1757431912587912
0,0.11827513797546625
0,0.15877882307589417
0,0.42507769637262866
0,0.1834712396938909
0,0.08212775682646525
0,0.04837840344072595
1,0.08441749693230331
0,0.04429218349266586
0,0.12146279363741097
0,0.10152541849559307
0,0.014190324042760516
1,0.35862677368378837
0,0.13974817331904857
0,0.11913318949099952
0,0.07091964010640082
0,0.013842665767701198
0,0.049058467128519745
0,0.4992350112628107
0,0.30109026242066605
0,0.062465833317512334
0,0.062288839009371426
0,0.0886246969682611
1,0.333903735711579
0,0.03045897629255158
0,0.05387144109084067
0,0.08034193987842193
0,0.24439689166200287
0,0.313708038389432
0,0.06171907751774513
0,0.11631239419358233
0,0.1773859802752999
0,0.03875582111166069
0,0.05693933012135097
0,0.031646786065485474
0,0.04683654108923779
0,0.030951057131141862
0,0.3445021842450484
1,0.06337239881098274
0,0.0967646098000311
0,0.20918100970466405
0,0.06873866486746173
0,0.11141694569939002
0,0.043606680831815556
0,0.03549632147175262
0,0.04482759730497472
0,0.1572830294279385
1,0.30444552529143903
0,0.05295549462916171
0,0.057548875567721806
0,0.06758772595653607
0,0.05675113886292092
0,0.05394845983417491
0,0.03325566440596594
0,0.04823169194455634
0,0.013851708517050308
0,0.0668656378979137
0,0.04466833773488233
0,0.37617733666046066
0,0.060927621996347464
0,0.06673531367215468
0,0.052964705337329096
0,0.057637428890270834
0,0.1438001269294715
0,0.2683703236358325
1,0.18924785292543486
0,0.07331133549609319
0,0.04322835637894216
0,0.04292598893914644
1,0.19272963478821564
0,0.1919310065579527
0,0.0674645487749068
0,0.01387578107671542
0,0.04847379815276164
1,0.14870854617622917
0,0.029758087482902224
0,0.016081423848093634
0,0.24502769588753925
0,0.03825566518990062
0,0.0007535335728894576
0,0.062388420001683695
0,0.03734695933949281
0,0.056047402415371546
1,0.21089657898267936
0,0.07469201573127725
0,0.0694642868913734
0,0.04287744129494766
0,0.046898550806766984
0,0.13557625737004536
0,0.07874224723961422
0,0.06736674768138115
1,0.01845840355903707
0,0.14957415732853144
0,0.034366961861271014
0,0.04701021594254049
0,0.04976155550524108
0,0.09189790924355476
0,0.06317055214796545
0,0.030710998665644314
1,0.11648337786467104
0,0.030488439399867017
0,0.07584927058628198
0,0.03801710625912537
0,0.07184338355983184
0,0.22822483900585855
0,0.4039825894670398
0,0.15491255753687974
0,0.0555522887025483
0,0.04778287020509544
0,0.10350737088899711
0,0.06601856629208258
0,0.06517727455246752
0,0.06538837137867978
0,0.020624585823715905
0,0.3127999415543306
1,0.3497886838969839
0,0.028892353589135344
0,0.05301807836788482
0,0.0598107689279227
0,0.017916724499791245
0,0.09031860197109233
0,0.05613414132467326
0,0.3976969711716703
0,0.03760100366849562
0,0.07053339941260214
0,0.06160361285506036
0,0.049058467128519745
0,0.037749774100388746
0,0.08299480223618186
0,0.05739934735062174
0,0.03553831024351844
0,0.14875574591439764
0,0.12160161584214357
0,0.07330257239159903
0,0.04512868497851386
0,0.027056411959373135
0,0.15753060728790377
0,0.06517221037470909
0,0.18689710218488773
0,0.06688154734525958
0,0.1808849609338106
1,0.12120452290636756
0,0.060940398392739764
0,0.20975237436262295
1,0.3216132435465255
0,0.062124541139883284
0,0.030602558375096074
0,0.0423960497206
0,0.04432161307318252
0,0.06635710235060525
0,0.04728062555238757
0,0.06397850097639243
0,0.10423077910503116
1,0.13254959048644577
0,0.030950598554741797
0,0.0662789988744526
0,0.0477148818036288
0,0.013340933048618766
1,0.39169507247732105
0,0.07658207425555894
0,0.05792590371121693
0,0.182338848750423
1,0.27012612254458657
0,0.013957374081782005
0,0.0333560434001649
0,0.14758213164722492
0,0.04261450568514911
0,0.0517998403511161
0,0.056330932465986236
0,0.04098207137708358
0,0.04740708317851718
0,0.031281134722527894
0,0.05419639854868731
1,0.13445868667461092
0,0.03380127469695465
0,0.10194770426330048
0,0.06941584845727429
0,0.35929389458668515
0,0.0640643761678744
0,0.06683545990036227
0,0.032603374934202435
0,0.10960647352991501
0,0.14568012801371633
0,0.5144678400205093
0,0.062033442452361184
0,0.05013049079906268
0,0.24433374566528926
0,0.04515295373857105
1,0.29070754833012424
0,0.07557655022371904
0,0.05596223133681821
0,0.11762144452724273
0,0.12197611348155164
0,0.04518000154990606
1,0.07379073095465642
0,0.09181430935389628
0,0.04295253432123441
0,0.04225662104537687
1,0.19541865109515794
0,0.15493655100589027
0,0.04257653362495465
0,0.03466466979700361
0,0.05000514000002698
1,0.0841559396606521
0,0.4143809925550429
0,0.052551819247785035
0,0.1139281999886007
0,0.046502896915108866
0,0.048591939767426075
0,0.07284145639144633
0,0.05290708476571438
0,0.0498307964217327
0,0.0450649624061009
0,0.06079427440000607
0,0.057928053510371724
1,0.12192949191414305
0,0.06246880587967445
0,0.10875281502190966
0,0.013924886667274273
0,0.0755726961588661
0,0.018489566118457267
0,0.030747162450025088
0,0.04633274437959249
0,0.07918140580888118
0,0.04443301348613415
0,0.016382580725614743
0,0.09395708853815571
0,0.31390682937895525
0,0.05256325675153775
0,0.04475627154599983
0,0.274398379000582
0,0.12400119859774353
0,0.05902881996954989
0,0.4647468269486061
0,0.1255863621929301
0,0.009168347757515447
0,0.051650027528415264
0,0.11024124148317473
0,0.1284451115535747
0,0.07275508279639226
0,0.03334757820605755
1,0.13085191846474836
0,0.06207912579314212
0,0.03446146556094101
1,0.09945100692620873
0,0.17382344281935205
0,0.035875434544157876
0,0.16770704330741898
0,0.0346400416860912
0,0.01793502988755997
0,0.03794872610688497
0,0.12684162731019563
0,0.04812614919754288
0,0.07581403417092424
0,0.2728889206241622
0,0.0390515749462592
0,0.15728302942793845
1,0.06586406946143235
0,0.012906837417577501
1,0.2931486102012975
0,0.07286893404407666
0,0.16477534712041134
0,0.054980832576507065
0,0.04739343004283508
0,0.4300308981485756
0,0.0685565829700011
1,0.17042883137581924
0,0.0591682239839094
0,0.05792590371121693
0,0.05008766055588941
0,0.3751319969974855
0,0.15042464604910522
0,0.1583946154986418
0,0.21049735356237873
0,0.03801710625912537
0,0.2797801972764345
0,0.02208525648886711
0,0.0340404899841452
0,0.13820824264934006
0,0.06431655012173748
0,0.4025138545950322
0,0.16589889500288788
0,0.14485225987736078
0,0.10404061641924445
0,0.12712627741874974
0,0.07739361166359782
1,0.21091833424651799
0,0.0388985054494448
0,0.09739991046082794
0,0.08821343623690737
0,0.10495282103259121
0,0.04691075349203379
0,0.04243859656079745
0,0.07594917534424751
0,0.037186120146015786
0,0.1455934686844375
1,0.1340578858169101
0,0.13177635706326668
0,0.3099257471509373
0,0.05940288115344416
0,0.034562953504708706
0,0.11519744847654033
0,0.14256972514179356
0,0.06322352866890286
0,0.05085663741583873
0,0.046651168204918464
0,0.2314402874763284
0,0.016720225608157353
0,0.04708152264435264
0,0.10521445436674733
0,0.022937696483882785
0,0.04837840344072595
0,0.05318828083085257
0,0.04291469749100859
0,0.026661543514304147
0,0.2310112085415342
0,0.4006430183827334
0,0.0587487812570074
1,0.5524525159605012
0,0.026099094593286704
0,0.3608766726516771
0,0.045791430575461804
0,0.051298912028313735
0,0.05755942555142339
0,0.013212944445711349
0,0.05036142955750996
0,0.07272274816108472
1,0.4035917270396839
0,0.055651206002334246
0,0.10356398456003886
0,0.08713206312901234
0,0.2745985183370188
0,0.05004963031845395
0,0.18529147974279128
1,0.31432228528823547
0,0.016013008708563134
0,0.20859857748977148
0,0.016166512121438995
0,0.4145210525000988
0,0.037080497749408504
1,0.18022246884871615
0,0.03862824646999088
0,0.11907173286445598
0,0.05137495129971215
0,0.35213274326742505
1,0.13263658362961875
1,0.1080349021990325
0,0.14550778088328292
1,0.159931711990848
0,0.22715061562503355
0,0.03495720439734449
0,0.05187523845639887
0,0.027451135905726957
0,0.15866080606126665
0,0.029134506597197057
0,0.20381401680601222
0,0.08760158712174172
0,0.14583106999395457
0,0.013980667781769755
0,0.03819966043741547
0,0.1584147453213937
0,0.05372577714397529
0,0.11439939960365468
0,0.05354549109435182
1,0.13029475459879364
0,0.14018158209940662
1,0.12561900279188326
0,0.03619639519917082
0,0.019860649126570408
0,0.10674438739242005
0,0.033567170754641
0,0.05188621659482483
0,0.016990157931591296
0,0.04527053422746915
0,0.01386086410194304
1,0.2698588597976276
0,0.07065448242807548
0,0.36429261439514193
0,0.04086837530522187
0,0.12386331294628143
0,0.030705283623874226
0,0.07720915503453282
0,0.013238774418018436
0,0.07309654944549679
0,0.11774951134691006
0,0.05418619185805981
1,0.3579767036228095
1,0.08372237145203719
0,0.10177140642806204
0,0.050600487348197436
0,0.04745817564199674
0,0.04457848322737782
1,0.23906218795470052
1,0.07343478115591774
0,0.0539251832183987
0,0.03751861340700953
0,0.12188784391052206
0,0.02483965951530612
1,0.0995082462404236
0,0.04257097483952431
0,0.1464296527961504
0,0.43736312512906267
0,0.07996115300955903
0,0.097975495728645
0,0.07146251264940386
0,0.06368458402187273
1,0.10624207717382025
0,0.029959312925521227
1,0.2024152495155249
0,0.049550678297154815
1,0.25957647318586036
0,0.07897111590397221
0,0.3772060972231229
0,0.03734740213904504
0,0.07161851403897213
0,0.06056517322474365
0,0.06534234563223414
0,0.054899659724206705
0,0.07200021209643374
0,0.03829583863828669
0,0.049058467128519745
0,0.03688501257056346
0,0.09886430503662755
0,0.030857931311449826
1,0.11879026879579364
0,0.019910694213958736
0,0.018120686603353472
1,0.12543090174558966
0,0.08449399893976144
0,0.11418688988126856
0,0.06417313385138469
1,0.34882247399838856
0,0.05449102431548023
0,0.016716192659033374
0,0.05342215377048003
0,0.14362061940459347
0,0.03525066016245154
0,0.0763500486650076
0,0.016753238581980634
0,0.060906647891139996
0,0.05372038239984631
0,0.11021203724531209
0,0.03991059336500211
0,0.09260420596625404
0,0.13401653583311227
0,0.030503747038267824
0,0.438056246127782
0,0.1342710279483937
0,0.058650935604939676
0,0.013924886667274273
0,0.11117915387212221
1,0.2829770001434753
0,0.030503747038267824
0,0.0543388547039372
0,0.08146946437444214
0,0.04648094368779157
1,0.15530902734086527
0,0.03755760175281047
0,0.029682287621436192
0,0.059633532699552294
0,0.07381104258970571
0,0.029516599610058158
0,0.13096099020508103
0,0.1268782680147704
0,0.22132935602003345
0,0.07021748532397475
0,0.04835022336505665
0,0.09801497427818241
0,0.041640861020200405
0,0.0507173760401581
0,0.0636458826363561
0,0.050392754428744246
0,0.06213986074693359
0,0.05260330876701335
0,0.10231667791300411
0,0.15913056656185234
0,0.035656911776859035
1,0.1684097157175208
0,0.0527933684518562
0,0.36199165972218283
0,0.03819966043741547
0,0.30362996367844064
0,0.04334071714366535
0,0.017300778374305423
0,0.11249005510268568
0,0.05460206367435872
0,0.037867907303765734
0,0.13935045641720656
0,0.15345288941795457
0,0.03632028491116543
0,0.058755516559807375
0,0.06609958488665059
0,0.03174247979083604
0,0.12521607200727203
0,0.24153373581074794
0,0.017752149307275988
0,0.03720800737829439
1,0.10117899047419643
0,0.04330503591338493
0,0.04641588757490043
0,0.1223377643287769
0,0.012631139420145683
0,0.10999718848241412
0,0.016709434669484255
0,0.05960023315352262
0,0.053681152093366186
0,0.03991873721428937
0,0.15061285695381074
0,0.11143644696019021
0,0.05416997166883618
0,0.061632002343836964
1,0.12365072747741744
1,0.18096385276360527
0,0.2930267888160669
0,0.09916125911569348
0,0.03995404608073619
0,0.11519041997414174
0,0.138179949371874
0,0.04628654781923221
0,0.09818046382950127
0,0.05066009612198022
0,0.07431092994213474
1,0.16307231380118456
1,0.1390962350967447
1,0.2808902451473117
0,0.03631726040735946
0,0.03715972599807238
0,0.035987201920512475
0,0.34742718567860326
0,0.0420592755543363
0,0.05734533278535761
1,0.14347305239234856
0,0.1008333468464291
0,0.05530118072996885
0,0.05469915789750584
0,0.24598946221710363
0,0.12289635517532368
0,0.03390384758277013
0,0.04734295980059977
0,0.07122843827259928
0,0.06313894635172565
0,0.03329002580902967
0,0.013687420459127686
0,0.061432007233028975
0,0.447340039676756
1,0.11550400103547684
0,0.05131424811555363
0,0.05140924789623114
0,0.05629200767713412
0,0.013797364461187546
0,0.05367116568396939
0,0.1452441138016361
0,0.06794291012781033
0,0.058017704142984426
0,0.04888946698330798
0,0.01943701305745371
0,0.04465104899562097
0,0.06342914045881713
0,0.06575781367537942
0,0.06209792735028186
0,0.06470284508768734
0,0.049502495417076596
1,0.48952861460655994
0,0.03442255275111199
0,0.06355465003764749
1,0.06206782787508207
0,0.051148123350586536
0,0.11451140653392712
0,0.0986130918929256
0,0.06952220060536594
0,0.10938735916519743
0,0.06132471813316113
0,0.10387124971331778
0,0.3262595709012141
0,0.11166411997305964
0,0.08687686507458689
0,0.06183475479396857
0,0.06926483035690609
0,0.017103638678107363
0,0.056751602959207795
0,0.15658727040230083
0,0.2161453998251504
0,0.0682582968122359
0,0.07300288667217388
0,0.0588835941912489
0,0.17682758456963762
0,0.04543283967512241
0,0.2821937078512223
0,0.06277051099702707
1,0.04670028690513071
0,0.1485265655335378
0,0.38142463645662333
0,0.06978138360288234
0,0.12548755515296725
0,0.040798205686071745
1,0.20595192023000436
0,0.06445585230887264
0,0.019599320690679836
0,0.16567888447897897
0,0.15057893150160415
0,0.0653402316278913
0,0.016591378785987095
0,0.03766287521231454
1,0.09332775871725231
0,0.089699759933531
0,0.0625992402460172
0,0.04416166941201662
1,0.09027167884458451
0,0.036414757108049006
0,0.016177254652432776
0,0.18689502066010227
0,0.043870315538804876
0,0.023691050679699052
1,0.06615247473677839
0,0.0598005486960642
0,0.04119022294341574
0,0.04467606491023189
0,0.034734737232239396
0,0.016348067620766932
0,0.06078207806983224
0,0.17446835736052718
0,0.017876396991554522
0,0.05310571004369105
0,0.04158817490312127
0,0.0045678580277894055
0,0.03255195446978126
0,0.050896724108057664
0,0.09032122694004087
0,0.1815828174940239
0,0.051759197460276
1,0.13795625798768024
0,0.2472769951814547
0,0.055748675009517114
0,0.05100135216922206
0,0.1575172171242577
0,0.4587891779554103
0,0.04902852348229413
0,0.09600214556309826
0,0.47111273777190377
1,0.08395361397702303
0,0.05757166585297988
0,0.18944413452333
0,0.040961200390366576
0,0.0803658259936382
0,0.06216126448674362
0,0.05298794085322337
0,0.0656595153405898
0,0.03875582111166069
0,0.0160349436990918
0,0.21662934128425987
0,0.09878291670378024
0,0.029992954476727153
0,0.11175562350319893
0,0.22686032091447478
0,0.04970791565179724
0,0.039847240718155694
0,0.0884430177565647
0,0.04624276088194843
0,0.062302074972005274
0,0.17056426392477
1,0.34832440303842455
1,0.2184203174962139
0,0.14104986490118224
0,0.0373670043846808
0,0.047993888484461976
0,0.03718901855581743
0,0.04120853135886485
0,0.07333662609537485
0,0.13879152569390232
0,0.02268746616830014
0,0.04654833639379732
0,0.165505027073102
0,0.14747208317779456
0,0.07930250808492574
0,0.05079496345398434
0,0.03023925364488677
0,0.013879807879645014
0,0.057975077907376465
0,0.06968421242935466
0,0.047118746284843235
0,0.03775884375162977
0,0.03139961007736268
0,0.09397952280193465
0,0.07018441720982437
0,0.01880892595647715
1,0.14257225193222398
0,0.014770786586728177
0,0.011796420264091029
0,0.46421765114735
0,0.016720225608157353
0,0.05194782872301159
1,0.2646221941029101
0,0.0467683283134459
0,0.0653402316278913
0,0.04681295116257912
0,0.0340404899841452
0,0.06469395653295584
1,0.17287294708358455
0,0.043643893522274144
0,0.09782063405692666
0,0.04398382723457255
0,0.34747689562866113
0,0.04036678734830625
0,0.04404226776339635
0,0.2702711329601892
0,0.04197935644394112
0,0.14208969941224828
0,0.05995447825982141
0,0.1123526118521835
0,0.05868565297270322
0,0.042494860071459535
0,0.0823863117057763
0,0.018421521908051998
0,0.2169371245654442
0,0.0515132753780164
0,0.06012697348591764
0,0.05477178882608606
0,0.052551819247785035
0,0.03992199531926405
0,0.017700602107463326
1,0.2788904793935244
1,0.15048637309254403
0,0.052892151645316514
0,0.10854351525838977
0,0.03019930747109986
0,0.03127456007717861
0,0.038932418964984276
0,0.017556280773059586
0,0.03405708035804183
0,0.08677733407306028
0,0.12399953888787964
0,0.07371608251280444
0,0.3452837118688231
0,0.03687830458775782
0,0.050215375536305826
0,0.058304866091239124
0,0.053874228578698155
1,0.18645705447148672
1,0.15695727847520663
0,0.05541578454420337
0,0.17796493099637484
0,0.047433763968419765
0,0.3372050785741316
0,0.17750228368392112
0,0.02938978770510913
0,0.319541950949365
0,0.04363011176965951
1,0.09850733860082479
1,0.09457511579058059
0,0.052395207510905324
0,0.1888335619672821
0,0.053316689054984885
0,0.05093295658666973
0,0.1013725693261826
0,0.017316523985470577
0,0.07080768868979619
0,0.018161376134911925
0,0.013540855038139631
1,0.23627796010991972
0,0.05671629960487639
0,0.05507011658270109
0,0.09788430864564908
0,0.034370154243202916
0,0.03222424542722641
0,0.07227787332787505
0,0.05809755218645271
1,0.09727249474595456
0,0.0024590609576681933
0,0.014950225721435728
0,0.06108734758772036
0,0.14621214695324533
0,0.04732856677509567
1,0.01845840355903707
1,0.10181814653158912
1,0.09886944451682898
0,0.030366237320071716
0,0.047986232750902136
1,0.07007571643431887
1,0.10290444597045996
0,0.0462801280400246
0,0.08627859724478679
0,0.1270598035840465
1,0.1159884195076933
0,0.42392689017734625
0,0.032436227689693675
1,0.07679838392962597
0,0.14114818959960462
0,0.056033678885773944
0,0.05263387683122383
0,0.06361052217182128
0,0.028979785993699058
0,0.10716623094839112
1,0.11038322299139502
0,0.03142125017271922
0,0.0689432376865523
0,0.059072203273892475
0,0.05222100132844949
0,0.3454850689086573
0,0.04935632564469281
0,0.17979218554575305
0,0.2216735751495886
0,0.19621282013152438
0,0.13095495191011766
0,0.19990893189722636
1,0.15737239518151958
0,0.03833340326579
0,0.0550854851064337
0,0.015502064016704682
0,0.07026025943565974
0,0.05290671780516648
0,0.3166343090038318
0,0.051693731053792234
0,0.03570723348108186
0,0.05865299652384971
0,0.0438150912674108
0,0.21555099721681328
0,0.08786801344962215
0,0.016183138080557453
0,0.04304334743021133
0,0.10463257568564815
0,0.14386780720011708
0,0.04197935644394112
0,0.04197935644394112
0,0.05943087090372611
0,0.12996577732611572
0,0.022452209596842396
0,0.17551034356486567
0,0.10474915061593928
0,0.017530016595228747
0,0.10122114851846539
0,0.06892341294834492
0,0.038192192958794835
0,0.030377396966446507
0,0.04315086435144628
0,0.05036677130576068
1,0.0029561025022054486
0,0.05428270247350189
0,0.06245492702690398
0,0.06675536484272344
0,0.05462893898087912
0,0.07131302613302072
1,0.2070719860414158
0,0.015303373151162421
0,0.06205624968654633
0,0.030503747038267824
0,0.05382453627875281
0,0.14294256017953064
1,0.2024152495155249
0,0.04723581192557335
0,0.050091481274563095
0,0.11560491070602844
0,0.09749367495274636
0,0.07828963464072883
0,0.048005602222047875
1,0.0701653369340568
1,0.19197456735204638
0,0.033822412511911044
0,0.06577699215193587
0,0.21867851730176527
0,0.08340524827288803
0,0.0436388323094407
0,0.009115151242398652
0,0.0731901706267013
0,0.053951317687457534
0,0.0626797616070104
0,0.07715600422355239
0,0.0726242722707044
0,0.031076226497394353
0,0.06777379004480628
0,0.05394845983417491
0,0.1673957975055196
0,0.052312641325005536
0,0.06641474223161063
1,0.31287573160457904
0,0.1655582714838883
0,0.049682020161196265
0,0.19409604619976553
0,0.13899113385855785
0,0.28368072296146
0,0.04482759730497472
0,0.14414466781394808
0,0.053686716922590284
0,0.06259480499666178
0,0.24300206239920608
0,0.014206986523460747
0,0.25057595927993354
0,0.08464843056853086
0,0.09826735713714808
0,0.07732988174983987
0,0.36404896139099924
0,0.024508401823115696
0,0.015303373151162421
0,0.030808959756066432
0,0.05787765161320755
0,0.04309804205354561
0,0.05502393897268731
1,0.6213027062634394
0,0.03285262156165397
0,0.025155943031633862
0,0.1299961753388797
0,0.034625903062932735
0,0.04750677424415199
0,0.1933524751428506
0,0.058983318962598834
0,0.08394638387839372
0,0.05019385926423407
0,0.057264992619799844
0,0.013406966948829643
0,0.07895656906478071
0,0.0009745725382588732
0,0.04283106952561722
0,0.15846091609101237
0,0.016873230577717505
0,0.4153153295838156
0,0.05978987785246213
0,0.18360588930820868
0,0.21682544693552208
0,0.03382028062916027
0,0.294501525125636
1,0.33114785023004173
0,0.014123683650664146
0,0.12823852590584214
0,0.027639431699845014
0,0.03926966630984008
0,0.2408909168755612
0,0.030857931311449826
0,0.06685085051025053
0,0.06257284957492423
0,0.017235446801340194
0,0.03366966201005505
0,0.06354195840802901
0,0.06065640950428749
0,0.18687651617288994
1,0.24649664213924108
0,0.12686691704251754
0,0.25516919203043487
0,0.01573346160405754
0,0.05240152785830459
1,0.10224563428695066
0,0.04411973582039718
0,0.05942730736505179
1,0.12890494619347415
0,0.013483534581342884
0,0.07330015098954956
0,0.06621878807698067
0,0.05744423047903956
1,0.26360380789409327
0,0.04374478949806191
0,0.12815339872097925
0,0.018191203228649786
0,0.05530293727110007
0,0.18815764199806506
0,0.21966284386815177
0,0.29883041693371337
1,0.11850592557449353
1,0.0995848973067854
0,0.13228511641075133
0,0.04489886600567725
1,0.44231929994070174
0,0.07131242634496568
0,0.046234060119532044
0,0.03347133045559011
0,0.07179529006960099
0,0.1369885749358638
0,0.03140755599694772
0,0.3441207522074961
0,0.029080771523689715
0,0.055446114867494595
1,0.21237818749746096
0,0.05783316953981932
0,0.09796195918706982
0,0.18054930531303412
0,0.018326061798772515
0,0.04574078296666316
0,0.07756853602322945
1,0.4168519611886703
0,0.0431170791292043
0,0.06229885660086658
0,0.02116704187850425
0,0.01761264736088622
0,0.0764794818857796
0,0.05614556077194345
0,0.031878924307290994
0,0.03647132383613277
0,0.2664405395526772
0,0.08251564187795853
0,0.03468724034880699
0,0.06645215921688262
0,0.08230848290155732
0,0.04837113637904983
0,0.10388679769698407
0,0.04316527869519559
0,0.031028554016510976
0,0.04504978194133852
0,0.11562368771977447
1,0.42490302226699866
1,0.14987937716888938
0,0.03285799226975768
0,0.06283698875703511
0,0.04931705401148349
1,0.2762974274478557
0,0.04467286350244598
0,0.049301391103360945
0,0.020948406083696438
0,0.4231624534599936
0,0.11861707766957175
0,0.06839458056169008
0,0.04508893025334061
0,0.21111835294448822
0,0.12516883748883822
0,0.013342069806374184
0,0.05115903069880429
0,0.3883844839177702
0,0.06044625473674183
0,0.05586737470946005
0,1.5696951231207498e-06
1,0.09925263657944693
0,0.031171627929605757
0,0.09109820945547821
0,0.06273048682002683
0,0.11386834194945196
0,0.04860029351663367
0,0.05617372630554324
0,0.1444953633534998
0,0.06254989424979858
0,0.06297592541806796
0,0.05789614071070622
0,0.09144701040919508
0,0.061299191339623034
0,0.1308916676299429
0,0.059825292184921976
0,0.21979894217820925
0,0.27436592395882914
0,0.031646786065485474
0,0.13827313514005926
0,0.33874847129107866
1,0.10840916564621385
0,0.04360958290681165
0,0.12048214649001555
0,0.07236550121148017
0,0.06720991522008236
0,0.016306036075570605
0,0.04582498817376446
0,0.3013915952044665
0,0.03960342661123137
0,0.05552706489290606
0,0.07442988144792496
0,0.07227899470442321
0,0.05131247183545035
0,0.03634077500419359
0,0.10266046442266898
0,0.1046580678546288
0,0.060962461221618636
0,0.04941205198780811
0,0.06658448254527956
0,0.0956193935704773
0,0.2416072231006741
0,0.05441629400091792
0,0.48783968576196174
0,0.10971958608975971
0,0.21798360209936532
0,0.03381173453543621
0,0.06783003328748455
0,0.04641025810032852
0,0.07107780502307934
0,0.1449549268249858
0,0.09671421044299143
1,0.15260729812252846
0,0.04257590427046796
0,0.05632005600741404
0,0.05136978093051421
0,0.03628771206139351
0,0.016029197401363632
1,0.12998820237884043
0,0.04514958950557399
0,0.0693802243664445
0,0.054189586622938865
0,0.02768466671221532
1,0.15300515898303818
1,0.023454192945440214
1,0.27590126433342194
0,0.029093929985711333
0,0.09096903967059337
0,0.04884427034509003
0,0.37933711176275065
0,0.03334757820605755
0,0.0952854295774508
0,0.10570223939819814
0,0.017707498303444265
0,0.06384413314180415
0,0.021893476657001587
0,0.05552224571591827
1,0.0991355466380098
0,0.19765656086948094
0,0.1507401367177508
0,0.02673918738894484
0,0.018326061798772515
0,0.01634075717800309
1,0.12522605069685297
0,0.03122445307764799
0,0.06911141905545493
0,0.05171631756213361
0,0.12209272196216625
0,0.06436776480004783
0,0.05864600263902459
0,0.20407440444294045
0,0.05497399292233985
0,0.05707709591682288
0,0.4271858499344871
0,0.037733386506758844
0,0.03616842100707302
0,0.09352732574873207
0,0.05629020493222413
0,0.06463661354708353
0,0.06256803563891562
1,0.1818088677090363
0,0.04778078681133987
0,0.15200025329789268
0,0.030503747038267824
0,0.046273962829755086
0,0.205195553793324
0,0.12054735131972745
0,0.04968223096342508
0,0.09189256597919233
1,0.11866640789205486
0,0.07980441676732873
0,0.11622751189723068
1,0.18268899660517218
0,0.05553272275465537
0,0.10184861147063386
0,0.04777611055184429
0,0.008141106155369827
0,0.05329962393369994
0,0.014560985430596704
0,0.41397993913790504
1,0.2905331688984107
0,0.03702279766657471
0,0.040491385863580046
0,0.06332701354179256
0,0.044092727493064775
0,0.10078878473215946
0,0.05571523648795082
0,0.32366666832239593
0,0.094843654156562
0,0.42282248005659534
0,0.2916679636141497
1,0.1478880268458348
0,0.09696410094126638
0,0.04150504461505101
0,0.03378269792999339
1,0.1785926685828343
0,0.059285696886375173
0,0.0566669484462976
0,0.11329944745397477
0,0.03369829275184368
0,0.03586639058248122
0,0.4016021801829182
0,0.18297073689462998
0,0.046251870577362506
0,0.016166512121438995
0,0.046270849085338975
0,0.4669084589090425
0,0.022200062994308267
0,0.05807987258133109
1,0.2569040301873046
0,0.05039030243234864
0,0.05460694282617609
0,0.05475269229641299
0,0.05036275472150749
0,0.04874379551925374
0,0.03013578743600212
1,0.14528703697367376
0,0.07146859227833254
0,0.039224477716710344
0,0.07913516550360991
0,0.047519981636021974
0,0.018484412005126072
0,0.05602952109315562
0,0.04503108813535728
1,0.190281823174832
0,0.04046858702801708
0,0.06991475383071663
0,0.09236558213943756
1,0.43349277420900006
0,0.051115993360672164
0,0.07966730284167468
0,0.19461840759841392
0,0.16401984395962207
0,0.08262885123086257
0,0.12055322749231039
0,0.10196710523869865
0,0.017743868117836556
0,0.016084060783446978
0,0.04768099827215543
0,0.0398917189273036
0,0.0548382215478786
0,0.07525982974719066
0,0.04468211658296462
0,0.30486183004430634
0,0.09618612479513136
0,0.013698222903466487
0,0.03020903232552833
0,0.050175623860629265
0,0.055748088677639474
0,0.10690283507955992
0,0.12263747322369507
0,0.15536925677276844
0,0.052397154901031494
0,0.02077603512652959
0,0.03903725941852559
1,0.0016005374207097153
0,0.3348108924566813
0,0.2518625086584374
0,0.054320824255649464
1,0.12249156766205956
0,0.016529486909446976
0,0.20126930166309048
0,0.049058467128519745
0,0.22692178611188202
0,0.05612046529002694
0,0.12232803772083599
1,0.1227650768447566
0,0.05642060307604008
0,0.02887609814328258
0,0.04531230193042291
1,0.24240761867658225
0,0.05117825977232457
0,0.147503881636088
0,0.048022596021001965
0,0.13803451861539862
0,0.3291932826524908
0,0.060472402181815384
0,0.0293474668278927
0,0.06022597507300426
0,0.017958611741497148
0,0.01750739010345623
0,0.05399243190737025
0,0.06008283903156426
0,0.061637607834838556
1,0.14934838607793674
0,0.048340102591846734
0,0.01790391804372841
0,0.03762099951621199
0,0.15209816146812233
1,0.34687722011790195
0,0.17812367688299754
0,0.03325566440596594
0,0.0628652044827516
0,0.04791973125513189
0,0.0625354533002305
0,0.016972535451137524
1,0.3374135514570347
0,0.019469918415436997
0,0.06552639303291098
0,0.10029169389977728
1,0.13221922454492308
1,0.08309922402107782
0,0.060598843208414035
0,0.04809754043108977
0,0.07920544426649677
0,0.06549644654107602
0,0.05942062202358105
0,0.05682509706381519
0,0.05060555012847036
0,0.018489566118457267
0,0.08841375500884775
0,0.03307268006570231
0,0.045806721926049426
0,0.054609566908292814
0,0.07927857746813409
0,0.04881126491909777
0,0.032068135632426005
0,0.03840427242450309
0,0.0465393991997867
0,0.028011719550700063
0,0.07084513991493945
0,0.09094016034174679
0,0.04980294015134485
0,0.062048870680484466
0,0.17986325170728829
1,0.09551056875436291
0,0.052611547831303396
0,0.05363032660125717
1,0.23724619209143036
0,0.03794190184877838
1,0.24594860990878645
1,0.14021897560232374
0,0.01590180173053765
0,0.03985056008784391
0,0.04881354349694723
0,0.045690811216554265
0,0.017376973490891495
0,0.017707498303444265
1,0.39729020652004154
0,0.051887111350410686
0,0.30136383416156004
0,0.043089205381800604
0,0.1698264653362086
0,0.04530558532019456
0,0.03434342125450603
1,0.19136881494611926
0,0.07895445548840627
0,0.089699759933531
0,0.052835149643697794
0,0.05214211103161366
0,0.06294085645993197
0,0.04478403607863732
0,0.052240152994536326
0,0.15330480422440976
0,0.21488829840248724
0,0.04500563686942108
0,0.05575016376897185
0,0.02214869433078731
0,0.14788673837766111
0,0.01525847763494816
0,0.05434364129975211
0,0.4195327262283759
0,0.015691562213652817
0,0.06616869007451091
0,0.05539712856035291
0,0.04435633390855482
0,0.10542858543844164
1,0.14617813261320434
0,0.04723463033946128
0,0.07404232059786797
0,0.05666763863891756
0,0.027966205680779826
0,0.11297673183229244
0,0.1970484048920056
0,0.05394845983417491
1,0.2122714088767742
0,0.06654360430919067
0,0.07589136383246592
0,0.044715529004328444
0,0.001747029899533033
0,0.03052734417308594
0,0.13810985803054124
0,0.057418533451689485
0,0.05843444395680511
0,0.06752913041181334
0,0.15848481709591866
0,0.052257648756920766
0,0.01676696028767153
1,0.1454047340078083
1,0.14392194926569218
1,0.13071066789711405
0,0.05881401844178254
0,0.031359743867952324
0,0.03325566440596594
0,0.037381174810616556
0,0.07608145072344734
0,0.06522687955928595
0,0.06158466556825679
0,0.02758810613061328
0,0.01678141973540856
0,0.05485271607720061
0,0.0472975873904833
1,0.20322403406864525
1,0.09868583504930528
0,0.03242853812955448
0,0.052738579666598395
0,0.037317824007405895
0,0.04888724276600828
0,0.4753825484075556
0,0.12299444972966905
0,0.04215573204574969
0,0.06510770697434543
0,0.22131541020162174
0,0.0749697356965097
0,0.049058467128519745
0,0.048810599129986906
0,0.0665539327293291
0,0.04197935644394112
0,0.05637432699206527
0,0.03195296476849025
0,0.05928965127700386
0,0.055974959387322935
0,0.01353797502160027
0,0.15222089002795153
0,0.031216597227305774
0,0.06956239946034887
0,0.15604781817409294
0,0.45701569824624666
0,0.1825278279906309
0,0.04745810686686905
0,0.0190348355124281
0,0.0635615976361346
0,0.017441476227210984
0,0.12088422012215604
0,0.09400867095993093
0,0.06705510484734728
1,0.1242568285791653
0,0.24265160949185943
0,0.059287390524003704
0,0.022541059145826735
0,0.022265131988549236
0,0.07323587044070837
0,0.04798719747767176
0,0.06145367651664501
0,0.04348422363389094
0,0.03642806100323371
0,0.045421991593045954
0,0.04197935644394112
1,0.3686788302627962
0,0.0753476491967813
1,0.13063050854677444
0,0.023302036063974383
0,0.02140567788274834
0,0.13748986321997803
0,0.0009745725382588732
0,0.18628274489256555
1,0.03883145110485808
0,0.07696511511872085
1,0.404192465114922
1,0.09993492295855323
0,0.047970714241825974
0,0.1332084136054077
0,0.060810121799222905
0,0.01704906240938912
0,0.01386086410194304
0,0.06615588255104243
0,0.2916405440199665
1,0.11474997569113138
0,0.02376132871560862
0,0.054068690467910074
0,0.02362087754010454
0,0.04833909567966665
0,0.05611095824660474
0,0.13826104488158122
0,0.05117731850633108
0,0.33385275212125975
0,0.06783894381705402
0,0.18254085290227398
0,0.05429975478722903
0,0.056545882206753564
0,0.06390412285063952
1,0.4138717692733449
1,0.4140619945901849
0,0.03453776140836394
0,0.05094306294323489
0,0.029653204319070987
0,0.09219284229379936
0,0.039096691784798195
1,0.21667772387874565
0,0.05289056502844757
0,0.11071280528057013
0,0.08108942930452219
0,0.056830615303118746
0,0.04946344744626249
0,0.017443083940702164
0,0.051385108266048064
0,0.07404453167438886
0,0.43066233475464827
0,0.2805708622311507
0,0.01482726506024629
0,0.07996115300955903
1,0.1727167116156309
0,0.057823812306946366
0,0.10893896105784945
0,0.02774657491862924
0,0.020426348235456568
0,0.030017604667021622
0,0.16432229448334526
0,0.13961498515513424
0,0.032104395173241825
0,0.05900284664018836
1,0.24385468499330004
0,0.015235908309812099
0,0.2333333424184936
1,0.1455829482655481
0,0.03986624370760839
0,0.06522572598955918
0,0.09671421044299143
0,0.08659990762893595
0,0.02076437710581435
0,0.13746676653412804
0,0.05463473082234835
0,0.14954813288590135
0,0.04850537257606232
0,0.0405853357063538
0,0.016033609640848837
0,0.08285357519812742
0,0.24290683329581653
0,0.030857931311449826
0,0.16953850522837322
0,0.07010937045806412
0,0.04309336272810093
0,0.08215539824680435
0,0.05394845983417491
0,0.1612636565084774
0,0.2371960712206948
0,0.05017242244293163
0,0.13444614054423018
0,0.2839146578276134
0,0.10067041858776961
0,0.05394611714534966
0,0.052432667941658136
1,0.12440867848197197
0,0.055518865981454765
0,0.049058467128519745
0,0.05097548495571399
0,0.04766853745176279
0,0.07344917312486714
0,0.05759344703968658
0,0.014680680167680074
0,0.06966127434192954
0,0.30745705822499353
0,0.13264739794828517
0,0.04595260716023349
0,0.05646210786321324
0,0.01646734729309031
0,0.1476676283692804
0,0.0469616178780075
0,0.03741604342746385
0,0.23573888870056453
0,0.16802602974699962
0,0.049109621864433475
0,0.10988377040541507
0,0.08181330940968784
0,0.06240755356691771
0,0.05512841879999917
0,0.0846848385013419
0,0.07609696465563512
0,0.053969574387456414
0,0.061039789434903104
0,0.26191197082837303
0,0.12432784755125877
0,0.14516671734684794
0,0.4691617330661481
0,0.0533747832803193
0,0.3628168035833717
0,0.05323532200049811
0,0.04738249997671192
0,0.046095375526412664
0,0.1568118495087618
0,0.24834124171012537
0,0.03702279766657471
0,0.045250328543357934
0,0.019910694213958736
0,0.3425905449271541
0,0.19262465660512748
0,0.03293723044817208
0,0.05002952400411168
0,0.021813619938525222
0,0.09506731039949814
0,0.020426348235456568
0,0.053834783509832396
0,0.035351764467891414
0,0.07211830383876323
0,0.07195886383286497
0,0.12095558639061346
0,0.061996665820813
0,0.05878051646324116
0,0.03575501303989702
0,0.07481434523643747
0,0.10496297910601213
0,0.02350772971623591
0,0.08387309415304882
0,0.06969134162609612
0,0.049058467128519745
0,0.13962248744078187
0,0.03325566440596594
0,0.031335822869238875
0,0.052585329347118105
0,0.025001075152851195
0,0.03824324693418226
0,0.03274223469627429
0,0.09557385314136406
0,0.06673181313829683
0,0.06385238104938504
0,0.052925032710488665
0,0.03724693516257382
0,0.03242853812955448
0,0.10257512465351676
0,0.0658910303227473
0,0.013833733388491318
0,0.03744490915923797
0,0.018871160276717442
0,0.05521324763256768
0,0.01914701860563473
0,0.1310157931434782
0,0.07571868330935089
0,0.016183138080557453
0,0.017006689499671282
0,0.05109868916251711
1,0.3502859548762736
0,0.13748986321997803
0,0.028678429655572865
0,0.07187429796476924
0,0.04679801752001835
0,0.04777393834104115
0,0.1408019103036794
0,0.3416754586264749
0,0.05971993281383436
0,0.16906629906322243
0,0.07599306190319084
0,0.058891965094826686
0,0.05591017233651591
1,0.12725134760336956
0,0.05044793484536416
0,0.051594007564165205
0,0.01366771294664606
0,0.05273460186402458
0,0.12957515538377082
0,0.11073087394059389
0,0.2531929702751291
0,0.07969659994837856
1,0.09380291968662346
0,0.1834361829335263
0,0.045403934782480726
0,0.027740215745334435
0,0.0600178426480493
0,0.04786802946409919
0,0.03626832558731815
1,0.31670267691398035
0,0.03830699789754141
0,0.11353860467353492
0,0.039957111315562725
0,0.030289265230930024
0,0.04039986957307553
0,0.08041966606347227
0,0.05103708963642536
0,0.16330058996058414
0,0.03320144454527156
0,0.22062635881698056
0,0.03728249945492782
0,0.03637888315816438
1,0.1162793191504513
0,0.05081125778494995
0,0.05722812124595104
0,0.1554121515351795
0,0.16364508522245352
1,0.15504284473981456
0,0.08398207505540527
0,0.0738372880381308
0,0.06436357864362192
0,0.11238735880517782
0,0.13579390563695895
0,0.06590382734414708
1,0.15755166421988592
0,0.13429047625214718
1,0.16808055056562887
0,0.06271621857499027
0,0.05406113675564907
0,0.05367180052164855
1,0.11225893996715854
0,0.04740001129381047
0,0.22223338818703753
0,0.11082914930266165
0,0.04902801222887232
0,0.064872489309596
0,0.022243087137541744
0,0.047794536065975814
0,0.13029014239294612
0,0.12398102345443697
0,0.4519997580228434
0,0.04598075611950597
1,0.13723926081836768
0,0.0964205468291609
0,0.3058791614799467
1,0.08625510674691493
0,0.013665584665638737
0,0.045898651897910335
0,0.06876688635980752
0,0.02045210473155938
0,0.04413055250743544
1,0.15689946313153152
0,0.44769325100451535
0,0.04511334929378874
1,0.18011620950548524
0,0.013212944445711349
0,0.21509108340014851
0,0.11569277830566527
0,0.17152800350682962
0,0.02551717664036919
0,0.024020779536667466
1,0.11540345598108435
1,0.1666611907433553
0,0.0501735865261131
0,0.03628594641467125
1,0.0919918756712231
0,0.07312183141262785
1,0.21680749771354768
0,0.05444536067363484
1,0.10467579047997158
0,0.04475836275744355
0,0.07596380308430496
1,0.266366864486039
0,0.0979278877667542
0,0.0563236406330751
0,0.050909207063701986
0,0.20763229000406336
0,0.03530757631734605
0,0.22489140254904597
0,0.06316022782159449
0,0.05979626370927539
0,0.06218630655016441
0,0.10614338041460401
0,0.20307095775547496
0,0.06441750551074404
0,0.20023959839241068
0,0.030857931311449826
0,0.30470565746014733
0,0.019910694213958736
0,0.014206986523460747
0,0.05865144378559982
0,0.11625489910080584
0,0.02970841041494737
1,0.29617844807416555
0,0.04400021923673176
0,0.12399953888787958
0,0.045761631471000035
0,0.03525951689021506
0,0.23266674316965816
0,0.23045725003021383
0,0.0456329712314794
0,0.06413905022216003
0,0.05236527309191137
0,0.01514675161080834
0,0.10685278260033473
0,0.03499917791892822
0,0.03022190073075956
0,0.054433625583324714
0,0.03597191506771716
0,0.04197935644394112
0,0.03255795243916017
0,0.03172706724703107
0,0.10173410983074298
0,0.1592043717693545
0,0.10803407107906961
1,0.11358379082218474
0,0.07504086268610091
0,0.09394996002451608
0,0.27181321118163404
1,0.15583554582027578
0,0.0439623533914444
0,0.048897091861890084
0,0.12324845905216464
1,0.13436970578470103
0,0.21438630925551147
1,0.2657608467097517
0,0.15200025329789268
0,0.14170146983085014
0,0.06853620923894745
1,0.10164570309664657
0,0.057666342314746225
0,0.14010026591148148
0,0.10051017994591202
0,0.0475174029593944
0,0.0628430327167048
0,0.039970939037871585
0,0.031163014474284934
0,0.037246566210489385
0,0.05360879619795322
0,0.07290668474980413
0,0.040285202376705236
0,0.04401251012306029
0,0.07520782528207232
0,0.05569837630516681
0,0.07058793110009864
0,0.11588080292719546
0,0.030161074860630802
0,0.03256038281716523
0,0.07703502641592004
0,0.050600487348197436
0,0.014684395453865722
0,0.04786158328247319
0,0.15050352404505846
0,0.13072601247282115
0,0.038129190658036924
0,0.10156280416902708
0,0.11816311960581916
0,0.02759349082506728
0,0.07536084075586133
0,0.08425316483769242
0,0.1412350367803428
0,0.06219628421622494
1,0.12019749201342841
0,0.10626090184753657
0,0.047019081779098644
0,0.017000455158710504
0,0.0528119862263885
0,0.040583573128174635
0,0.05792590371121693
0,0.041658315074025676
1,0.15018517836387757
0,0.1968231997606267
0,0.15730220759279967
0,0.04730643767901056
0,0.1930866773750861
0,0.05578414349223191
0,0.062422484122638046
0,0.039061501948987706
0,0.33839002121709627
1,0.18449254375359558
0,0.029584080897632228
0,0.06217437398634776
0,0.060093165017302365
0,0.0475930377064421
0,0.05214450250995626
0,0.04475011285962478
0,0.05754581985790593
0,0.04465244678983636
0,0.016932755909518187
1,0.09788346041233952
0,0.05982879864761349
0,0.015935406225148857
0,0.1295988277417054
0,0.12429331425571846
0,0.435692376761213
0,0.18075667206158372
1,0.11460620798713718
0,0.3239550296014285
0,0.11433687391447382
0,0.04930223125554655
0,0.017246406878433575
0,0.03840427242450309
0,0.033454176990715796
0,0.10821030660837745
0,0.16261636586925843
1,0.12269321601900753
0,0.049012222021034606
0,0.03414386963506716
0,0.11519559178032776
0,0.13893760802439462
0,0.3041631001110516
1,0.33813122217138614
0,0.3153200452217484
0,0.04465022901516903
0,0.1429709472279615
0,0.1362882831942511
0,0.2405275591864285
0,0.21689530683786762
0,0.05092375588588385
0,0.3068572952930957
0,0.053842516259944184
0,0.06034678106363766
0,0.14785098673480168
0,0.10707255548639968
0,0.038453746317199465
0,0.11807053982612602
0,0.13983637124336468
0,0.017334918043625195
0,0.04733071575511826
0,0.1488817936038687
0,0.042255806817670286
0,0.12914644089349347
0,0.03868144042630549
0,0.042262863484416456
1,0.06215656503512717
0,0.35337362763352415
0,0.13311710994763198
0,0.06350530512472681
0,0.04961589149416191
1,0.13782408441152513
0,0.06365967081311158
0,0.0013888738501355202
0,0.0632228590874735
0,0.07606861165191971
0,0.16591669973920273
0,0.14209689720164773
0,0.015501727335158142
0,0.060981510400478785
0,0.03137417331174713
0,0.04499085808077417
0,0.013414519191960893
0,0.042649000773605755
0,0.23235778093978207
0,0.07293460022091336
1,0.08637834851165711
0,0.008162371101316653
0,0.3299538806184484
0,0.3842950988162672
0,0.0286475801316779
1,0.11700618586734636
1,0.07010754733121452
0,0.06173704878631962
1,0.24445999650544292
0,0.013386789202036327
0,0.29614757133996855
0,0.04761596245330129
0,0.05152123358282669
0,0.06731630610009884
0,0.08821050910267135
0,0.051798608339207006
0,0.052390811563824476
0,0.03357040062662818
0,0.05527727086884149
0,0.04096146094207761
0,0.07088867595118216
0,0.07608465188586454
0,0.07608902895429673
1,0.1232895955591988
0,0.038390253704854334
0,0.03505679433267609
0,0.4722919567585028
0,0.02878200562553525
0,0.36558463722432055
0,0.10228480196210908
0,0.056849925875184774
0,0.011570176128391093
0,0.07511847286494674
0,0.06419863033988635
0,0.24952912657291018
0,0.09174995880130794
0,0.056108109810002346
0,0.1088321643991294
1,0.15804147150449213
0,0.1174654385490573
0,0.050101380964442666
0,0.2751204072349836
0,0.04197935644394112
0,0.017299957748173143
0,0.07111019173699248
0,0.045760278105228445
0,0.057379734991073655
1,0.14738933188996753
0,0.06005149898868291
1,0.10538669652123703
0,0.09544590582180452
0,0.12931612115559907
0,0.035511273561251604
0,0.32219353553067254
0,0.04778154056609319
0,0.052703319696461165
0,0.047604141924409704
0,0.06246610895068219
0,0.07150486194011713
0,0.019910694213958736
0,0.0721120171843768
0,0.48402978226437254
0,0.22538495140837028
1,0.23233200708031446
1,0.1026887906177016
0,0.032387552826258235
0,0.0441889532740046
0,0.06457968681752461
0,0.19779772418983435
0,0.35175149825342367
0,0.04574206970677437
0,0.04351442880608187
0,0.04847777579652124
0,0.04930857140912001
0,0.04344976597916991
0,0.03212338972119047
0,0.4184095201076208
0,0.09664125757053912
0,0.0379297919360141
1,0.16532447634732456
0,0.14820123756812056
0,0.06961230907377511
0,0.028290808464799557
1,0.27067754724491516
0,0.03779023359431488
0,0.18293216364359283
0,0.089699759933531
0,0.015560961180681218
0,0.13727950132016267
1,0.38103744792222866
1,0.14034980922971643
0,0.27214310890806487
0,0.07865245704968536
0,0.016950562677149714
0,0.0682982454588768
0,0.043341810308092844
0,0.05243253470571224
0,0.2990011750606039
0,0.05722198623539771
0,0.042230451662478526
0,0.3783243613024911
0,0.08365089600446533
0,0.029992954476727153
0,0.017142833337127888
0,0.0362975286382388
0,0.07007620156606482
0,0.20628271173995957
0,0.025550432380507564
0,0.13070912625385925
0,0.4147377444626433
0,0.23564860665760345
0,0.05202271951168631
0,0.15501029017651394
0,0.04796223183274554
0,0.12786834950848222
0,0.0429221937300633
0,0.10509772177095138
0,0.016610440705460902
0,0.04753476910719752
0,0.05017069863542329
1,0.07204454977270404
0,0.12213714434931149
0,0.052340592982389224
0,0.2667824717947543
0,0.01386086410194304
0,0.05194284616655282
0,0.025001689534436503
0,0.13072601247282115
0,0.1699183805585462
0,0.15456256441926808
0,0.05044958592339004
1,0.2116710747646194
0,0.05671105320068253
0,0.04911847925101358
0,0.05830142665159233
0,0.043573654527200044
0,0.25513034953536273
0,0.0899001401560802
0,0.029241236614011606
0,0.03633620201358937
1,0.07904024270001368
0,0.07190633889260747
0,0.06959902183850043
0,0.05122581109349912
0,0.17741865558309194
0,0.04816973134382304
0,0.02914432361102783
0,0.051167653889188994
0,0.014658489376183916
0,0.11744244988144478
0,0.1755865755484877
0,0.05394112498536751
1,0.1321650260927959
1,0.09725851008867618
1,0.26417211124664625
0,0.04603300247949561
0,0.06079234523173394
0,0.032017915760101774
0,0.05565524778186641
0,0.060686337701637866
0,0.052479075436908024
0,0.356707115234682
0,0.03762878082667715
0,0.30720939700670924
0,0.030503747038267824
0,0.11002340821877062
0,0.030857931311449826
1,0.14917782391483644
0,0.13809741578040607
0,0.25291551654733496
0,0.25562816020878876
0,0.16615017753285388
0,0.016801786213506042
0,0.12222562110013056
0,0.0486666947177999
0,0.051405032744301936
0,0.062340031666079466
0,0.05442440992910253
0,0.04745718938384355
0,0.05920688855294627
0,0.20452366188723417
1,0.17416118562500119
0,0.05436300763734037
0,0.0009745725382588732
0,0.040910483009486784
0,0.04392935909929331
0,0.08558789207751841
1,0.25996663834744166
0,0.16251761531790587
0,0.24189117129057727
0,0.05343622039125544
0,0.3341891834648759
0,0.013851708517050318
0,0.09480702919341373
0,0.20843547296674297
0,0.2559972146953085
1,0.09815072671259095
0,0.06783469212983732
0,0.07530741588665321
0,0.068232144219064
0,0.35102268398198233
0,0.10044344792355028
0,0.2809058477163926
0,0.0479677696420769
0,0.059460937645141855
0,0.012798274676432603
0,0.016683284459493047
0,0.06665972543909723
0,0.04442244146384899
0,0.05676132669308494
0,0.05494797536598475
0,0.04837840344072595
0,0.12209272196216625
0,0.03916852840757742
1,0.11435342295267696
0,0.2371960712206948
0,0.22235234146574653
0,0.22804273905436048
0,0.05278323658028359
0,0.05100611060656331
0,0.2626145603980702
0,0.05153939154733485
0,0.32058182128204354
0,0.013540855038139631
0,0.21291450323993305
0,0.16550522737517648
0,0.030635665676846075
0,0.05182133142198249
0,0.013879807879645014
0,0.05502269825261889
0,0.10581464164195929
0,0.052819295985124005
0,0.0173398963468676
0,0.4797531017679573
0,0.09508216461198267
0,0.06167082584531022
0,0.2307735195827532
1,0.2781454957126678
0,0.13250590793082814
0,0.034814338653753746
1,0.16103878195052726
0,0.15645092964554105
0,0.3227201759939464
0,0.07573080881189415
0,0.08459120857930155
0,0.061781184588101716
0,0.028407312469639085
0,0.13380762928208162
0,0.06026096368875814
0,0.06166418869590381
1,0.13389148979305754
0,0.11378632742626842
0,0.06459036795546734
0,0.05581782885161373
0,0.06303019441280747
0,0.10472279479293048
0,0.06020787318810356
0,0.3502845278987152
0,0.0164005098339478
0,0.05519704774386799
0,0.09637042876324305
1,0.18674649006788338
0,0.043489639314017184
0,0.03610392159912698
1,0.1564795096509798
0,0.047967769642076885
0,0.05234493420358349
0,0.04541207604824464
1,0.1398707053544988
0,0.10926002713283013
0,0.11172555631351393
0,0.0834248595916108
0,0.017619659741939443
0,0.05131397436567418
1,0.12333123834381535
0,0.04132306762853962
0,0.04050039957506501
0,0.23243154147321188
0,0.029489753386319643
0,0.040526556381094696
0,0.13120083239351377
0,0.045690811216554265
0,0.0860001823872541
0,0.1769031168799839
0,0.13508433273943843
1,0.2274610896504895
0,0.06085325594732314
0,0.13337288297019068
0,0.04862174939311012
0,0.317231859352229
1,0.23720197315032956
0,0.10060794989479978
1,0.18876934832021747
0,0.061880100221015616
0,0.03253188237265939
1,0.07035897539129235
0,0.07676465681943903
0,0.052325702770226926
0,0.10531879091711933
0,0.05526596543408046
0,0.027672323705368044
0,0.1785654244166583
0,0.18306075200127253
0,0.01725973262945478
0,0.030857931311449826
0,0.11084986902592088
0,0.033311883900044206
0,0.07029538378642036
0,0.2819664815954608
1,0.4983133295449164
0,0.057994333075326115
0,0.05328059140245197
1,0.1506266699701251
0,0.048550870165625454
0,0.1558340774871354
0,0.13963489905758433
0,0.03222316799898864
0,0.034384091921867935
0,0.044237638695968695
0,0.05268015602217658
0,0.014806031202999491
0,0.026420218980706293
0,0.1317792044302362
0,0.04525044142470771
0,0.1048068577219943
0,0.053269597340617786
1,0.0037934979240515977
1,0.019453003594750638
0,0.05929312915042438
0,0.09977609527209254
0,0.018270777403143285
0,0.019506256542470134
0,0.24901155547959153
0,0.05534708197376665
0,0.013293069987786536
0,0.0313296506470001
0,0.04375926742299391
0,0.17123756472134716
0,0.05550903477209221
0,0.025394249336449768
0,0.05617217758207647
0,0.055748088677639474
0,0.01580797858665099
1,0.4139603753400675
0,0.13219691739234507
0,0.035089666509688665
0,0.012507111868935522
0,0.09744418780473971
0,0.096547518247397
0,0.14170146983085014
0,0.0452678266420018
0,0.016119328468847484
0,0.016323140837756777
0,0.024706297933811575
0,0.14567004102632564
0,0.0382913571231496
0,0.04682365684527075
0,0.06548466474136208
0,0.04197935644394112
0,0.11430008840343306
0,0.03833486803108374
1,0.10639504715668803
0,0.06407458315182087
0,0.04954332243224083
0,0.009010168577170075
0,0.04051752955473388
0,0.043787362245664645
0,0.04361077656911089
0,0.051575144466536736
0,0.18571389734106886
0,0.03805919465833694
0,0.0466428780087688
0,0.13880245124658008
0,0.05269927029164733
0,0.049027880166092205
0,0.18184067976304444
0,0.04596561594445263
0,0.0407351973532209
0,0.06062469630969508
0,0.015256937139892167
1,0.25129494051515516
0,0.10381618350624827
0,0.2007689821422477
0,0.06626335793117447
0,0.05845703609091615
1,0.36445018120090883
0,0.05782342032522543
1,0.38642650531859046
0,0.04771961029772797
0,0.022487763376648724
0,0.035561958725929904
0,0.04173249292008877
0,0.042448431222561
0,0.04197935644394112
0,0.05204324663522995
0,0.10246637189878241
0,0.1361565419020536
0,0.005081244619580857
0,0.05848819177004858
0,0.10874736913688342
0,0.05006982357715812
0,0.15732040889342078
0,0.14135294494357656
0,0.05263372686834022
0,0.03969253775912285
1,0.3310526489634644
0,0.03698283478762051
0,0.032045062583398835
0,0.28351963168454464
0,0.03269561087912198
0,0.060214155321723785
0,0.049558820091600224
0,0.06469179604542304
0,0.20849340352325035
0,0.01614244912389053
0,0.06456351206498723
0,0.18693673448834439
0,0.20810687789522678
0,0.29763844953095486
0,0.023678183855364812
0,0.08325407416928096
0,0.10170657579708943
0,0.051950310768148274
0,0.05433009863796993
0,0.04528396608331377
0,0.10918378072658548
0,0.12189399033241674
1,0.13212619313636345
0,0.2038592848039356
0,0.06070959371640197
0,0.1764260230103476
0,0.36367802925537274
0,0.012731193900494596
1,0.14409928964622043
0,0.26666729112748255
0,0.05281604918006797
0,0.079379145231513
0,0.09412732787650999
0,0.28594519764767573
0,0.31121402714167995
0,0.12994626506726847
0,0.12055635019237337
0,0.04482759730497477
0,0.06428031716188841
0,0.1796868731479191
0,0.26502966907092507
0,0.3564834741742433
0,0.05438982043448562
0,0.06645939385095105
0,0.05323562405575778
0,0.05322732312845633
0,0.12809152351374997
1,0.3714535189499456
0,0.01186635563026356
1,0.11243018359649319
1,0.08395200063468025
0,0.18033113633540615
0,0.056564216004067726
0,0.052503337974027446
0,0.12482594699998424
0,0.3913543633168523
1,0.09936021682884684
0,0.01341141063152792
0,0.23719277040347794
0,0.18190930389123477
0,0.06574230188557527
0,0.17287136921264992
1,0.09476367144076626
0,0.06402802613316222
0,0.18451009908766403
0,0.09702205311684817
0,0.0458931423629722
0,0.048917433032690395
0,0.154691214045297
0,0.043247327608471574
0,0.046374266924166165
0,0.06225188931706403
0,0.017443083940702164
0,0.05018235434932361
0,0.04966251633700663
0,0.0649347133799793
0,0.08786970109926177
0,0.02272286064569622
0,0.05619874154837585
0,0.06108204175976827
0,0.08443644432319147
0,0.12472753530215613
0,0.16128015757853992
0,0.050845966179673
0,0.038910034921841134
0,0.011796420264091029
0,0.05709813091451161
0,0.01537960975240188
0,0.3614120670264615
0,0.06302025870029128
0,0.06405339496585297
0,0.061615543603527154
0,0.04445871256909534
0,0.05786317373889402
0,0.05469803925164201
0,0.014463168455034741
0,0.04502157735007486
1,0.1802899384181425
0,0.045381585450552646
0,0.07356526863264413
0,0.016893740635044518
0,0.04036678734830625
0,0.04856062034978258
1,0.12944103271272797
0,0.06925806738426796
0,0.05210993649391637
0,0.22248196294743097
0,0.06030226287905197
0,0.10041960365289589
0,0.029007137399699408
1,0.19967307526084668
0,0.04317498620781163
0,0.05394845983417491
0,0.031447922917593345
0,0.050177721212589496
0,0.12399953888787958
0,0.026555165845773065
0,0.033709882601714
0,0.05129580528801322
0,0.05085616886078803
0,0.06585224706463737
1,0.3102651856123418
0,0.06701600925686696
0,0.027571015711572413
0,0.14123352659995222
0,0.04753874665740437
0,0.05395846898315722
1,0.12780119853191027
0,0.06423145260962725
0,0.31614281721282184
0,0.20281986131278051
0,0.045450134261556016
0,0.03610792571107716
0,0.035776973832364355
0,0.060907747816073075
1,0.15130910456325197
0,0.05249998258532977
1,0.16560584110716878
0,0.030857931311449826
0,0.07641169934475124
0,0.02420254213102528
0,0.25745653152435616
0,0.014259539354289905
0,0.06019037113729023
0,0.01881489396619589
0,0.030857931311449826
0,0.09019443582442477
0,0.06722708275787526
0,0.12501787543167603
0,0.00741513489787764
1,0.07127021604703848
0,0.203649597642294
0,0.03554142151585823
0,0.26515246277023674
0,0.14170146983085008
0,0.04518529624889026
0,0.04595457020912535
0,0.09407492079637626
0,0.06156662658578166
0,0.01341141063152792
0,0.03767146375460574
0,0.06634207672007544
0,0.13217544175838603
0,0.04707519408814439
0,0.014872981904806183
0,0.0714099776116916
1,0.43825812698038485
0,0.1572830294279385
0,0.06217533139183592
0,0.2749473446687659
0,0.019517742396650075
1,0.018458403559037075
0,0.14088082624706294
0,0.046410572445296276
0,0.10859816261966844
0,0.033770396795884304
0,0.13082325104045275
1,0.15509195196294862
0,0.045679276151147453
0,0.04648094368779157
1,0.24521848264904883
1,0.19370746149974377
0,0.030274108047020066
0,0.031932092191940264
0,0.013879807879645014
0,0.0348434787277895
0,0.06359465465035126
0,0.05436082422140513
0,0.030540955378038113
0,0.051857508785162834
0,0.03589345728945541
0,0.030503747038267824
0,0.10336629401361014
0,0.24359397194493465
0,0.022486160299172817
0,0.09046705314176796
0,0.4105314982874642
1,0.18515987979742343
0,0.05631488733368768
0,0.04840103891963187
0,0.04855037878786333
0,0.14830288203003625
0,0.017987647765727734
0,0.07251228633611992
0,0.07735977514002708
1,0.37941099763247693
0,0.05792590371121693
1,0.10576526298080909
0,0.2620243522593188
1,0.1252300247925103
0,0.02674007611047041
0,0.05697815344865547
0,0.20524739665152672
0,0.042787510678727186
0,0.19951620706465079
1,0.2957183196596738
0,0.12225801195702515
0,0.15051673209300231
0,0.03899843303565682
0,0.11226410046463826
0,0.05351972680677972
0,0.3120502966588139
0,0.07547206012738669
1,0.15411457601238307
0,0.1449428554499953
0,0.06638414991307959
0,0.04856573225080029
0,0.12238872043648401
0,0.3894845069879631
0,0.033294318341840504
0,0.012748791632951671
0,0.22060322775337243
0,0.1394619805828397
0,0.07129060774606426
0,0.02359292253113174
0,0.089699759933531
0,0.07057704645890109
0,0.0397513708011471
0,0.059738223960109645
1,0.12807686022181314
0,0.15658727040230083
0,0.11562522378915202
0,0.12673491241277737
0,0.22982601453635687
0,0.03747612815243702
0,0.39570766716936573
0,0.017005079994659413
1,0.20194347303513935
0,0.07074956196066513
0,0.016292108229926005
0,0.015546820147820141
1,0.11688349475638549
0,0.131987479995075
0,0.018351577447337505
0,0.07285982205547385
0,0.01571150597386458
0,0.03923599521582869
0,0.017173259490142753
0,0.07505043772893849
0,0.03624129043206752
0,0.05058712773986908
0,0.04905874941657941
0,0.08782486646906082
0,0.3006583577287497
1,0.12413592158229887
0,0.049058467128519745
0,0.4219282471411398
0,0.016627805534306497
0,0.07538139789818056
0,0.06155695782406923
0,0.14906165672517238
0,0.05018889243440892
1,0.14238021843866502
0,0.04077752050908126
1,0.19957349119136064
0,0.08729598924338094
0,0.06627478836685378
0,0.023810456109846976
0,0.089699759933531
0,0.013015952350135833
0,0.172431567884335
0,0.07656790985925732
0,0.07748665179729598
0,0.0529853128370052
1,0.32833551478397693
0,0.04953128166675351
1,0.22684821750045736
0,0.06582248184424108
0,0.3602766018643685
0,0.15266852719683763
0,0.060743140617947784
0,0.07068511394291811
1,0.3157509791935944
0,0.050249332468750164
0,0.043793237075011725
0,0.11485835816664622
0,0.055468222141048414
0,0.07816717800851644
0,0.13635597603401617
0,0.06932194720078888
1,0.07992265241814994
0,0.05544683682031817
0,0.06183827671699909
0,0.18981645698099164
0,0.06153705404545856
0,0.013215004088315826
0,0.040275336234783604
0,0.09181701579581365
0,0.06680532005769459
0,0.23396647694381434
0,0.031617906978816814
0,0.07043970077125136
1,0.12253060284957323
0,0.09612432663873224
0,0.047593741725094334
0,0.42438004433479987
0,0.05278052881435803
0,0.04340843621939494
1,0.1305053234441622
0,0.042331205284747854
0,0.06435804532759175
0,0.05448267148623708
0,0.054698684555736614
0,0.037752230224199296
0,0.05010342886992025
0,0.0009745725382588732
1,0.16563907336258973
0,0.06035076536260964
0,0.030857931311449826
0,0.07910800455842079
0,0.07718893771205648
1,0.12242567906176875
0,0.10609167599579458
0,0.05236202518434661
0,0.10771659023422714
0,0.08440425095767841
0,0.07752370749787814
0,0.12577991241727074
0,0.05627196273348306
0,0.016608829057304562
0,0.04694766626196405
0,0.04780596551251609
0,0.044019509963518284
0,0.014333942265677222
1,0.11896972574124609
0,0.0507173760401581
0,0.03541756953602475
0,0.05723437638335891
0,0.21358822688196039
0,0.03810851844614893
0,0.09572234199380328
0,0.08549131196762953
0,0.0970876208416806
1,0.4789144137239381
0,0.06442358058179731
0,0.12274286028132407
0,0.03125462634460493
0,0.07028939742925051
0,0.05610256502583557
0,0.051697798753362986
0,0.05753756969071118
0,0.03071092789545214
0,0.051764166697148076
0,0.047738471890441156
0,0.014770007697235086
0,0.08525327577504743
0,0.019599320690679836
0,0.052836316641234206
0,0.13476683020564342
0,0.06879098598558084
0,0.03586282397069778
0,0.11872280191804424
1,0.15113205047962494
0,0.05953024722918111
0,0.08120198544611136
0,0.4400035871142397
0,0.06760346723584199
0,0.12298665891519206
0,0.052810095141283285
1,0.10234891384786529
0,0.061086484439131054
0,0.0761169778489869
0,0.04057959853979717
0,0.06061712498061282
1,0.2833492151300723
0,0.07198791239879225
1,0.21848742865629653
0,0.03288104270818672
0,0.29410141441638354
0,0.1247017773351907
0,0.10521478072628448
1,0.5179605227321734
0,0.04775744193000726
0,0.03861363481948788
0,0.24671695374335903
0,0.11777295815950684
0,0.04516727217864133
0,0.042179722495284976
0,0.025231837642924814
0,0.03502603024523223
0,0.4190069870102466
0,0.04302520431111467
0,0.04197935644394112
0,0.2422139877580276
0,0.230689459146911
0,0.05041508032284559
0,0.06923073887173838
0,0.04712872042258879
0,0.06067760318514604
0,0.16326255502391904
0,0.051978519186417216
0,0.05239609270718762
0,0.07327638423137083
0,0.23680239232110584
0,0.016335274911427177
0,0.052630708360101044
0,0.06705094318449345
0,0.022730758125123016
0,0.11291143333080393
0,0.2731098887998578
0,0.05488893324935295
0,0.40303706921240845
0,0.04699616843011777
0,0.16770536517325615
1,0.19075440921760636
0,0.15742807588232316
0,0.0219206885605992
0,0.07964264388978598
0,0.05601006994753196
0,0.05341317833115771
0,0.05115402222437323
0,0.05072526320929987
0,0.017072779590801345
0,0.04908436112804013
1,0.19677321177145848
0,0.021297746972830493
0,0.03650382688148574
0,0.06256559212934129
0,0.3107903942405789
0,0.03203915597167696
0,0.026281087519210454
0,0.21467559427807137
0,0.07625213226835777
1,0.14761780345831552
0,0.4472070956152735
0,0.28723934678740837
0,0.09505086774191882
1,0.14891329516797627
0,0.06452442271991693
0,0.06486735643634468
0,0.01692115012147754
0,0.034799797014089355
0,0.11206109345990951
0,0.03656734369441366
0,0.030066437571728385
0,0.04678470949633764
0,0.03261109582337356
1,0.12036885837562843
0,0.045690811216554265
0,0.05419887938335905
0,0.06515032448913909
0,0.0635105759348119
0,0.2785153625765415
1,0.11474843091965971
0,0.023486019429969925
0,0.28729676649751956
0,0.05180924286691709
0,0.06894144107681467
0,0.18246567840197556
0,0.1380856445005456
0,0.030690768644349872
0,0.0561902481741804
0,0.17329589215821137
0,0.13789715175757586
0,0.03668368577845601
0,0.04782554114957881
0,0.05656318419665641
1,0.03468518435754515
0,0.02857537123522396
0,0.030377396966446507
0,0.03325566440596594
0,0.06858902317652067
0,0.03546313436975822
0,0.12526993135143027
0,0.19141413928368606
0,0.063211678273878
0,0.09813498413731819
0,0.04323401638811515
0,0.05707260241549844
0,0.041023277299439734
0,0.1449549268249858
0,0.07221934366641646
0,0.03603201158650408
0,0.04991513600265216
0,0.1062839524990064
0,0.017883074589519994
0,0.2612123495275421
0,0.3683479997490398
0,0.030857931311449826
0,0.15838571278853397
0,0.053497720706927286
0,0.04321195793116103
0,0.012922837060427074
0,0.19786385086726868
0,0.016166512121438995
0,0.041757152746560236
0,0.07373074162916385
0,0.07690695862968576
0,0.022045461550033892
0,0.01707433426659821
1,0.5618822720418449
0,0.060287861932083305
0,0.044272418972765654
0,0.05849319972743442
1,0.28380489500420497
1,0.2162026806119398
0,0.057391806473598234
0,0.04914813651077321
0,0.07216629602054027
0,0.06295701965244503
0,0.09290125376590838
0,0.035683823090465416
0,0.06256564799477476
0,0.364269747711238
0,0.016446495457842946
0,0.047439896341612706
0,0.06407501245140834
0,0.0638714701590813
0,0.05600072880724703
0,0.0532315921862195
0,0.06383411143366984
0,0.12351900954992207
0,0.01568243960736508
0,0.052257648756920766
0,0.22157162850454962
0,0.032866055342023665
1,0.13058477799548288
1,0.1327121671158451
0,0.016506781379061083
0,0.053970178971049956
0,0.0530675946767557
0,0.05337134751415173
0,0.1585645608757524
0,0.06146503957596367
0,0.06580144240156471
0,0.0811946095005961
0,0.055237898673868774
0,0.03515835223406077
0,0.01882230133142764
0,0.048862853304248104
0,0.05165797572853086
0,0.05394845983417491
0,0.05821879837361846
0,0.04917668995309445
0,0.05943690741858958
0,0.02243296010097278
0,0.10230122971012039
0,0.1231997229566968
0,0.30206737383840504
0,0.18231970858789776
0,0.19500707721311958
0,0.057430461628865045
0,0.048763327885980326
0,0.042928960285986174
0,0.031210663872369784
0,0.4505545062154028
0,0.016029197401363632
0,0.0481534678441249
0,0.0634659611177772
0,0.0636491716812609
1,0.14728208516631142
0,0.16926862602619475
0,0.01774674983643026
0,0.11786093156175233
1,0.11915588072339799
0,0.03501300815295203
0,0.04684917312626764
0,0.054422500341015624
0,0.07077234513964559
0,0.06591008342232076
0,0.07891178943222825
1,0.1642052633456768
0,0.05654068882977786
0,0.06208452300490907
0,0.049058467128519745
0,0.347630932955507
0,0.0658868011047203
0,0.05813027528637114
0,0.06268450670596921
0,0.16226258523632162
0,0.07305650758237567
0,0.11211543692930048
0,0.10199047067673224
0,0.10543497256311254
0,0.05501962957144762
0,0.15896172546503373
0,0.01793502988755997
0,0.28879736036318565
0,0.02635919557483029
0,0.030857931311449826
0,0.016991379794827403
0,0.04175307302157187
1,0.18679391304798604
0,0.041299988926550436
0,0.1148539391294547
0,0.09212369894539418
0,0.06665844594939699
0,0.1386424644617632
0,0.07985005858872452
0,0.15812210475996322
0,0.23705810738458663
0,0.0999868881752136
0,0.05624199154766975
0,0.3375051564706877
0,0.05201744973636673
0,0.07357760336838595
0,0.059887596535755226
0,0.01384089717516779
0,0.12518386934346137
0,0.045478782847562196
0,0.07247328130429141
0,0.30985577024708355
0,0.1905955259833135
0,0.042013687397909345
0,0.04198089262721983
0,0.05394845983417491
0,0.04439055404602577
0,0.06633638815861026
0,0.014469275915120042
0,0.033162032945012625
0,0.09015070734764888
0,0.02345957306388773
0,0.04789779987360346
0,0.05948118132601809
0,0.0960075560094146
0,0.06301887762791879
0,0.03210175077960201
0,0.14400879204357925
0,0.14207731773337345
0,0.04594496926419515
0,0.17575451402208853
0,0.36936908601322244
0,0.0543300723165105
0,0.038245761225575776
0,0.052541905185866024
0,0.04220187058647651
0,0.04234266373526793
0,0.062834086432529
1,0.12436474558790002
0,0.02818654799363563
0,0.13046280863013202
0,0.01657769534734691
0,0.03984249461514523
0,0.04803480003545136
0,0.2046440528275878
0,0.043432719673228426
0,0.14075645385796953
0,0.041956090316548116
0,0.16841030316396144
0,0.1348458865976578
0,0.14660982055022886
0,0.19067257666757637
0,0.3984466160804105
0,0.0304630381102295
0,0.0661393785600918
0,0.06083415543664437
0,0.04524513146292303
0,0.05528695636588632
0,0.028106336481491193
0,0.02973606786093176
0,0.041198488603611576
0,0.04258100533440931
0,0.03813577155763408
0,0.013173429479265112
0,0.01341141063152792
0,0.05198526989207846
0,0.07398983622050347
0,0.04262747747585331
0,0.03361528412711848
0,0.05106320010905534
0,0.042831527273599325
0,0.10398608284046801
1,0.1749470388685413
0,0.014237336546494816
0,0.03553787095355997
0,0.16453839959585506
0,0.026644212856622038
0,0.07373368619604559
1,0.1379729174084079
0,0.24741482839831902
0,0.05154741878750858
0,0.019910694213958743
0,0.05747342715789137
0,0.03720800737829439
0,0.055728082292521526
0,0.22394770238644893
0,0.189448721441445
0,0.02039194002231076
0,0.056496485114679376
0,0.19521012704475435
0,0.11192023570104309
0,0.09710960628263725
0,0.04203170512726757
0,0.06233073316162533
0,0.0877796787062805
0,0.052648799289221324
0,0.19847324535339428
1,0.16533417084469934
0,0.07667064140304372
0,0.05000176176856263
0,0.013133437595470735
0,0.05062183085192911
0,0.4471689135898813
0,0.016591378785987095
0,0.046874718842840335
0,0.04579117144554391
0,0.1512345156648138
0,0.016166512121438995
0,0.046649423863646185
1,0.042792139426725634
0,0.051093350797418
0,0.22349380129409419
0,0.06829750299954712
1,0.36249198735229876
0,0.01384717319401591
0,0.14218558727789857
0,0.11194311649444078
0,0.2612245839977139
1,0.10969548874249528
0,0.07112887974233731
0,0.18222093988899446
0,0.0663914143475279
0,0.33974495472217364
0,0.05081099160936022
0,0.05243673747490837
0,0.05538246729126407
1,0.12802605384236296
0,0.12914644089349347
1,0.4517886727210966
0,0.16618400080792442
0,0.025622565718870366
0,0.11887281195040152
0,0.0455448450676307
0,0.013842665767701198
0,0.2462582714137289
0,0.1926997588640465
1,0.15641930584031818
0,0.04946305449384422
0,0.053509029381175494
0,0.056334694450183305
0,0.05159715683257796
0,0.15155489657415633
0,0.26069679700869597
0,0.051714388753997344
1,0.22246484778168654
0,0.38633237740886983
0,0.049865585796500314
0,0.02966035408043581
0,0.01468554899452647
0,0.37077199824494655
0,0.1910571122081451
0,0.039398292194492826
0,0.15469098950217938
0,0.017103638678107363
0,0.04506704418738477
0,0.050353994256038204
0,0.036344206120746736
0,0.016335274911427177
0,0.07737653582090664
0,0.047268722031055664
0,0.05394845983417491
0,0.0009745725382588732
0,0.09923368755473251
1,0.1438206802999596
0,0.26277172034949264
0,0.054858539118288224
0,1.980596327741581e-05
0,0.04406961393115172
0,0.15602097172703794
1,0.21032937638892515
0,0.05164098952510793
0,0.3509436238859573
0,0.01550583956757322
1,0.4795874134026132
0,0.056342208173964514
1,0.09801158239400719
1,0.1901550385381166
0,0.03702595468753277
0,0.016858271966337587
0,0.04587353889303443
0,0.055497134413575115
0,0.044251837163115704
1,0.19732073742910572
0,0.22172864100430634
1,0.10782153763260423
0,0.015882893278262516
0,0.04896842934597069
0,0.13142994043404863
0,0.06255907995340308
0,0.19587079936308413
0,0.11699069422186574
0,0.12550598799134907
0,0.32929272565207135
0,0.061656307767860366
0,0.029370258429462993
0,0.017467303004830213
0,0.10396326370341634
0,0.03760901290806305
0,0.05900154013447968
0,0.05003584433927454
0,0.04564302520683167
0,0.08839570210946793
0,0.12373129458917577
1,0.10147843423582459
0,0.016498412770799088
0,0.04815655389265881
1,0.0837013250328274
0,0.2565196671551332
0,0.0325089149518703
0,0.06808753690640856
0,0.06679432314636963
0,0.11870427731314066
0,0.04066640338001479
0,0.03183321308233418
0,0.05720568058286203
0,0.03696094184095275
1,0.16773663626202168
0,0.13857460074024452
0,0.05114958511248834
0,0.0718155747941941
0,0.04671960811020935
1,0.14713456895558777
0,0.18270424645850766
0,0.03868144042630549
0,0.05394845983417491
0,0.061416258600387005
0,0.047591151230342014
0,0.10543959550958967
0,0.11736693434687274
0,0.0493213385165893
0,0.04991336329902802
0,0.0417964704549278
0,0.05504082167770968
0,0.1155154270084201
0,0.061903112879517525
0,0.04211265621100774
0,0.27513156228333885
0,0.04947923853920536
0,0.1338906326272081
0,0.017707498303444265
1,0.11932320856926357
0,0.04427625708081687
0,0.2724702439393522
0,0.047850719874132225
1,0.1195294415573301
0,0.037468902262190316
0,0.03298049313067478
0,0.0683528739780156
0,0.05092750330820353
1,0.30055374771730464
0,0.05708458939753857
0,0.0487813882179543
0,0.07677341422259545
0,0.06254381479189879
0,0.14710530366467775
0,0.017016588183011144
0,0.04425435651104524
0,0.1566561319868563
0,0.11622751189723068
0,0.14170146983085014
0,0.049058467128519745
0,0.06605563395767174
0,0.23741373821509607
0,0.047338551087243864
0,0.270083750679831
0,0.01463851925880152
0,0.18958293355712594
0,0.07481026290012391
0,0.04238391051030102
0,0.040402035064992514
0,0.11615564579796671
0,0.11045382438996937
0,0.232869616024605
0,0.030681771213880944
0,0.33788901509486435
1,0.11018040799591518
0,0.03864128769747257
0,0.15250749743832404
0,0.054886517031610474
0,0.0282773838955769
0,0.0565760001973374
0,0.01775642446360474
0,0.04554016599862482
0,0.04905846712851976
0,0.2590996183873791
0,0.0587317601001322
0,0.04968841719077313
0,0.0658774089662296
0,0.169966556379191
0,0.05686918739336678
0,0.30645478122930164
0,0.07393821434984192
0,0.03887511619363411
0,0.029721960841977736
0,0.0184064537209684
0,0.04453801157547986
0,0.13748986321997803
0,0.019910694213958736
0,0.14666912060783605
0,0.045616457074737854
0,0.06466244501393142
0,0.04632997324139297
0,0.030522885889550398
1,0.05152381443434785
0,0.14570923012020826
0,0.14172364546768756
0,0.014806678805503785
0,0.04937234066843877
0,0.2455837626535166
0,0.03234582500432149
0,0.018445957731422196
0,0.02140056643801747
0,0.04534430073536376
0,0.12446657218323046
0,0.1240854283055061
0,0.018469438903458785
1,0.08996340624269192
0,0.028396145999355422
0,0.2359039542682408
0,0.03712028506623744
0,0.03022040757090695
0,0.151840618008237
0,0.2754720525304846
0,0.03516925105588695
0,0.2535865316297841
0,0.05082045128727577
0,0.04197935644394112
0,0.0700432540397298
0,0.043979287721981786
0,0.03284231447785814
0,0.04998385214366633
0,0.02687939091442234
0,0.212541595799798
0,0.07382136983303718
0,0.04900533778810282
0,0.0476968335901177
0,0.044702559947978816
0,0.01134300554070877
0,0.052317381972125966
0,0.050903765874310544
0,0.1605704229605371
0,0.10006858871161207
1,0.21861187246051086
0,0.09423607460911092
0,0.033059508271414455
0,0.06288396124204164
0,0.089699759933531
0,0.08381612594092833
0,0.03331976982317984
1,0.14119446688880002
0,0.04808257954028844
0,0.03702279766657471
1,0.08113870945285845
0,0.012109254098889357
1,0.20278148381257846
0,0.1134322691378874
0,0.27723209696317785
0,0.017816825926895225
0,0.0655445264526221
0,0.054607975954475786
0,0.05287559513633112
0,0.051116448495717934
0,0.011447515575075224
0,0.03900647106374266
0,0.05174684026958412
0,0.033722129946161056
0,0.07209111337424602
0,0.06698421690792983
0,0.04106452733537606
1,0.11755680000935917
0,0.011208442064941615
0,0.06494973151109927
0,0.013801152950765373
0,0.054232875688196694
0,0.022692186705856942
0,0.045562759269011044
0,0.05522767681533173
0,0.03246102093113223
0,0.05842908914155455
0,0.05496155153620519
0,0.05607441394258939
1,0.14252842781660705
0,0.06823748999669789
0,0.26090010375779676
0,0.049058467128519745
0,0.0019436196856127208
0,0.071109957461352
0,0.04125051603095413
1,0.14021828414337303
0,0.040208339187674455
0,0.026032476893503104
0,0.051062412049168546
0,0.05813672812671341
0,0.054650336001084925
0,0.012681878045692775
0,0.06243287260450389
0,0.2835976973069221
0,0.04972010976514318
0,0.2873042612381645
0,0.06657073271727498
0,0.014016478571369161
0,0.055232344606659385
0,0.0512188427583248
1,0.25024543737638677
0,0.12233535282849756
0,0.03552677243099982
0,0.10322963351865344
0,0.01368854733821218
0,0.10742796237850691
0,0.06200976446320072
0,0.05357755963139759
0,0.05480114905034131
0,0.01576256516930597
0,0.13473910959351845
0,0.04873594094111715
0,0.058612573020704446
0,0.02218867811420906
0,0.06645680454627693
0,0.06162815204577058
0,0.1283864441362846
0,0.061148923038710876
0,0.05617369187855468
0,0.03720800737829439
0,0.016428636611874745
1,0.26709283091865177
0,0.06335482111939375
0,0.06362890402993163
0,0.030791441011700074
0,0.05730480770339239
0,0.05812313614052728
0,0.22414796656105693
1,0.14340330827714337
0,0.09555822752161576
0,0.06655514797419312
0,0.0245599303218803
1,0.1433820116003141
0,0.06368774013192093
0,0.05050219393505343
0,0.052254299435777404
0,0.07015077464899941
0,0.04905846712851976
0,0.04321188666801011
0,0.07519786990586097
0,0.08430264284001991
1,0.04575943449812843
0,0.06481973932882715
0,0.04049682482512998
0,0.07714781315596295
0,0.11843878281115147
0,0.049058467128519745
0,0.04171628229712148
0,0.046244975363161515
0,0.06252957820647195
0,0.006779404788085535
0,0.04165958038020958
0,0.011796420264091029
0,0.022568003904741802
0,0.0428781578170547
0,0.05528293098015896
0,0.12607599637037895
0,0.04374478949806191
0,0.056192618526323596
0,0.04393177638704224
0,0.05280919926381414
0,0.05343116164810335
0,0.035476630187500725
0,0.015647519020315328
0,0.25325318844310674
0,0.21120801092930772
0,0.030262200027819434
0,0.05511932107449742
0,0.322258463925476
1,0.19596806115861298
0,0.048112308151272945
0,0.013935126195386565
0,0.0012151792709994371
0,0.03868144042630549
0,0.0471055980524081
1,0.12861058847440254
0,0.15432798897421887
0,0.07131924336214077
0,0.07290882206852156
0,0.037234038117313836
0,0.12648971975251286
0,0.06201568218544966
0,0.04169047762643845
0,0.11002340821877062
0,0.04261071698522346
1,0.3088564753938223
0,0.049058467128519745
0,0.015535296913628954
0,0.030744263289880225
0,0.26277172034949264
0,0.11974402923109989
0,0.05604139878515165
0,0.04179217452531244
1,0.07509986568435215
0,0.019910694213958743
0,0.11526286980611639
0,0.04401184185577269
1,0.12817329503234118
0,0.10065128068094653
0,0.0529138755255003
0,0.015874106620397975
0,0.03490372512522597
0,0.13691033065256875
0,0.07018732451226549
0,0.212572118750998
1,0.16587874998705882
0,0.34545499592719114
0,0.035987201920512475
1,0.10946160281444903
0,0.04516621973695925
0,0.06766217747660787
0,0.04804710487066025
0,0.06839822603403174
0,0.049296328093634635
1,0.1751571529678734
0,0.06386120114984604
0,0.03328818938365396
0,0.03549577317001014
0,0.0450015921080058
0,0.2980196866849084
0,0.03616720441540722
0,0.0184064537209684
0,0.25313639172066404
0,0.07632127827676981
0,0.05246981014336149
0,0.021590298440010276
0,0.06267378348934405
0,0.05150190619081516
0,0.056021028391702525
0,0.14353476116014266
0,0.1767974671551649
0,0.019599320690679836
0,0.23929137175233456
0,0.060489017399996334
0,0.03314158696981044
1,0.2116751364777471
0,0.10747775879565775
0,0.017153151650362127
0,0.07542223447507575
0,0.05792590371121693
0,0.15013083166881297
0,0.05510177231565356
0,0.05975263011490738
0,0.08294569381140028
0,0.0275357586934203
1,0.2188355464244533
0,0.018917963522802245
0,0.0676714543199965
0,0.13750472867295926
0,0.051978519186417216
0,0.027246385501493043
0,0.15281010634075085
0,0.12359889988272782
0,0.018158369337355734
0,0.08159955083677373
0,0.2198469103220733
0,0.0486666947177999
0,0.12438257656251082
0,0.22858527481705093
0,0.05926761538065081
0,0.03052734417308594
0,0.42444255550676113
0,0.03215146406114578
0,0.08551289397824388
0,0.08219630787950759
0,0.050209061722586455
0,0.02312628195282309
0,0.07078345947121797
0,0.05945572997368971
0,0.19080658329938077
0,0.10805379020845234
0,0.041846307037285556
0,0.089699759933531
1,0.11313035114768485
0,0.1406693667519749
0,0.043865288177234646
0,0.10638842025216493
0,0.1046289533056556
0,0.07031046205975189
0,0.48907094532695927
0,0.23788399382899902
0,0.058872495755999385
0,0.29715913780086795
0,0.07172034194765192
0,0.35638058869360684
0,0.08534192251471967
0,0.017868606834494094
1,0.35819888584755266
0,0.04197935644394112
0,0.0734800312901339
0,0.02311196473397408
1,0.10572731431041976
0,0.04711663690337375
0,0.153268240220899
0,0.04579397924796557
0,0.04478188452639332
1,0.09417200955715425
1,0.25807216490926305
1,0.15302844518312847
0,0.03801710625912537
0,0.06475234353421488
0,0.08541601486515363
0,0.21745367890548833
0,0.14790027575431616
0,0.10705349501582724
0,0.07093770695963082
0,0.08489759606753078
0,0.01955231613230401
0,0.030857931311449826
0,0.031111974765566732
0,0.13796793755488576
0,0.03217186129731151
0,0.035527150348237224
0,0.05311530048853082
0,0.12337579055648455
0,0.029716886024628787
0,0.062015743557826894
0,0.12906854065016157
0,0.145961870607768
0,0.03335484311906087
0,0.07871217474183587
0,0.029739517732792743
0,0.017006689499671282
0,0.12814707345189483
0,0.05270295241741248
0,0.029058929265737356
0,0.1787137173571652
0,0.05271432797362397
0,0.09057952292307854
0,0.1798239398226601
0,0.039013179516316734
0,0.03894001841019022
0,0.048850198733840666
0,0.05864441770413398
0,0.03455252627397737
1,0.132850172962412
0,0.05429414637703019
0,0.01826647993926642
0,0.29451926550495805
0,0.1666328579703932
0,0.06204315028409632
0,0.08249748380805746
0,0.05993754805040089
0,0.06279560436097904
0,0.047031516524233
0,0.06531226273362471
0,0.049048470074156005
0,0.06446387349468707
0,0.017447262156209224
0,0.03135396382424626
1,0.29686317823044156
0,0.03336638315515691
1,0.08382165516295832
0,0.08995491077382346
0,0.033938837739169045
0,0.019975070376048204
0,0.03164518639287183
0,0.14848742338842344
0,0.0627502107487845
0,0.047837855712037546
0,0.03224543174791012
0,0.06383828060806128
0,0.2198364538686202
0,0.0130124990741477
0,0.1439849584254694
0,0.03325566440596594
0,0.07834483985632934
0,0.05460319673046884
0,0.03459451150154878
0,0.20153086393784217
0,0.48525523428676887
0,0.05842739236529261
0,0.05198208335683334
0,0.015175618226213695
0,0.37587141852437383
0,0.27970586751576126
0,0.050392125779693014
0,0.15800435080206654
1,0.10712024935689787
0,0.06362887973674411
0,0.15355032447495012
0,0.06456500460754087
0,0.09004215665828119
0,0.37199476214406857
1,0.39753241966746145
1,0.09712471978897134
0,0.041447378241130116
0,0.03624932602057711
0,0.07702446429031554
0,0.03152388826503472
0,0.042255816606851716
0,0.043711722829515784
0,0.04884083283818251
0,0.1518917720937044
0,0.045826165462346295
0,0.04714781906542667
0,0.17546431173602567
0,0.06049238096435596
0,0.0169714826675567
0,0.06065230503943319
0,0.04411665847840558
1,0.22031675601470677
0,0.04993550530326028
0,0.05030240162721172
1,0.1304831600143374
1,0.2541533948922539
0,0.038514648342916166
0,0.11368607498502793
0,0.07074729331113183
0,0.0759020722123411
0,0.05741123860385413
0,0.02876494422991194
0,0.07360922844563571
1,0.16319438282011853
0,0.048840074333938374
0,0.10098756854099755
1,0.4418799888928702
0,0.0317789387250279
0,0.22243414209542828
0,0.22241014399506331
1,0.09918637527592145
0,0.05929934679809429
0,0.07092423386473265
1,0.18265541378368494
0,0.052964705337329096
0,0.3004185403759659
0,0.05618529684652358
0,0.11469651237398423
0,0.017363327218698616
0,0.03734740213904504
0,0.08121042778981663
0,0.04598351260512541
1,0.3873181177677519
0,0.021258031295255064
0,0.10291649741962805
0,0.04849109607391936
0,0.3697223830409512
0,0.03998966392404422
0,0.08950460794766744
0,0.03564224407898226
0,0.08457322081467271
0,0.035250568278149715
0,0.06746338537833035
0,0.11623527332616726
0,0.041513178356436746
0,0.05541873935006636
0,0.10984907232374423
0,0.03155108670855398
0,0.039470532399967936
0,0.016610440705460902
1,0.11857065019093738
0,0.17187929406002386
0,0.018189969196711335
0,0.014352283822543813
0,0.05172306827366754
0,0.04281758362900033
0,0.01578744045822742
0,0.016078164724664595
0,0.07796396820083945
0,0.025469812742787187
0,0.0465110103222838
0,0.11710391743238506
1,0.387804406227965
0,0.07204747370838606
0,0.0540873674698863
0,0.062169309699820235
0,0.03821164474909313
0,0.07304227750408625
0,0.12027858144451806
0,0.10875123208252326
0,0.0356033447879962
0,0.06529367275739277
0,0.057370987087957764
0,0.09525730157083612
0,0.1723141633371155
0,0.07877083919880636
0,0.10059541948108684
0,0.008955825694769026
0,0.014319651670270644
0,0.047837855712037546
0,0.07005072546260853
0,0.39170618406476365
0,0.033618019227254436
0,0.1616774939851939
0,0.35315542415803997
0,0.2780940243926699
0,0.2993046062777714
1,0.09693129309339364
0,0.058024981758998985
0,0.044420579643414136
0,0.046098916050314055
0,0.06902666022423744
0,0.057859062506880665
0,0.07312144309034078
0,0.03457229557947244
0,0.05593884390847585
0,0.0773312138149934
0,0.13698670851299544
0,0.07934363205437239
0,0.04580807063260421
0,0.1159533736921
0,0.1402965895899077
0,0.35838796281013785
0,0.05654675871839131
1,0.16650471511624662
1,0.018458403559037075
0,0.03912484831803269
0,0.032306908118009514
0,0.05113059345445371
1,0.08409644004579507
0,0.07359200705879423
0,0.04128769358994301
1,0.01845840355903707
0,0.045116024430340455
0,0.03881853346365174
0,0.13445829607688387
0,0.06476173501476752
0,0.05934434400357188
0,0.03735782711695233
0,0.05737431139633372
0,0.05301831922129096
0,0.043141321634999806
0,0.04371095412383196
0,0.05467550129258805
0,0.05239601701200963
0,0.017074109062491964
0,0.10486721419972202
0,0.036830074725467316
0,0.05598950675003692
0,0.19278454249747015
0,0.031257203287790296
0,0.030829242233677646
0,0.04829930926712128
0,0.0415764863969233
0,0.07172586871745068
1,0.14161618101332804
0,0.20334962157102468
0,0.04592659881136028
0,0.14269895104669186
1,0.16759629397404663
0,0.019214617815528752
0,0.039576562611750465
0,0.17361533095544143
0,0.09867546762584616
0,0.025251172004960232
0,0.10813854979430754
0,0.048520717552813716
0,0.3033344345005695
0,0.03325566440596594
0,0.05493767373966419
0,0.041837295500265624
0,0.10536805358006483
1,0.27282963902036383
0,0.060388224689256094
0,0.055424331905739324
0,0.0742796218300258
0,0.0765280980711423
0,0.05194747736845783
0,0.0631166849784331
0,0.09720737204569822
0,0.01386086410194304
0,0.07055785216465844
1,0.10006941514501028
0,0.1979860828605829
0,0.0749267012744552
0,0.1438818012763131
0,0.053013958109176994
0,0.0591370137821594
0,0.053531873735054344
0,0.089699759933531
0,0.04011926458263607
0,0.050208248217959085
0,0.3710006798194413
0,0.1570477211923924
0,0.4007979076610132
1,0.2945426250118337
0,0.1221257679220715
0,0.04370085729038685
0,0.05699567484959797
0,0.06306642828632009
0,0.031906637762529964
1,0.06937130292492528
0,0.1808166121061394
1,0.15265521277180402
0,0.20095261761594285
0,0.05459197535610476
0,0.0756134256275206
0,0.016537157654203778
1,0.12040845463366877
0,0.06285436789920625
0,0.14877484395347632
0,0.16929400064409017
0,0.013241251878413221
0,0.03406771302765117
0,0.044816690933881444
0,0.0167943305677958
0,0.049659298246151014
1,0.041310881217055694
0,0.047153276831591186
0,0.4045656706960619
0,0.022068928592465783
1,0.3295792269551759
1,0.34347030133759804
0,0.0175082701883263
0,0.03289114645762606
1,0.418617768727762
0,0.051978519186417216
0,0.04337069455797468
0,0.38658055362517785
0,0.04237317440388986
0,0.04110180357255147
0,0.046378429962129555
0,0.05546428068074239
0,0.0446963022297237
0,0.2019082661960312
0,0.03325566440596594
0,0.11515508050892632
0,0.05796693676879319
0,0.013238774418018436
0,0.13803451861539853
1,0.10564330439555435
0,0.05070427471268762
1,0.06011934627673374
0,0.0575267662294871
0,0.016549408555676944
1,0.09112600022295018
0,0.017354420765174506
0,0.31221120707183164
0,0.0896996384435432
0,0.09937112381744281
0,0.052748259268025524
0,0.10777650375216295
0,0.05484333934377153
0,0.04884845179158276
0,0.0840308934854
0,0.15465169022820813
0,0.03974924900204358
0,0.017103638678107363
0,0.0502046491275052
0,0.049546551093722885
0,0.022634030820340743
1,0.11294367037733237
0,0.04025383900307124
0,0.057220972331990805
0,0.03336292871922398
0,0.017792936714936262
1,0.06275535467254642
0,0.019910694213958743
0,0.06731967550721393
0,0.04823383542330752
0,0.11898757453709523
0,0.07462181999061564
0,0.06186038183233403
0,0.018158369337355734
0,0.11806122285109952
0,0.05640670717902314
0,0.13813885640154383
0,0.16562167778721426
0,0.027273956754100527
0,0.07604903472082995
0,0.11931173652856165
0,0.07716192857625714
0,0.06712307520951524
0,0.044553508549371186
0,0.17336715577982148
0,0.10174466086446578
0,0.06253667455386283
0,0.14191452191065176
0,0.10151261578523132
0,0.05396511804183029
0,0.05758841980494577
0,0.226664225222085
0,0.05244455359113746
0,0.11877699884015992
0,0.18289497640846059
0,0.3353773089536164
0,0.36074260540021513
0,0.06558703663374009
0,0.031557326682938105
1,0.10787028845051762
0,0.17581194093420044
0,0.2525451706867353
0,0.0387535756758482
0,0.2644959711676079
0,0.3003689851586113
0,0.489040571256052
0,0.05419590412922929
1,0.12302806551783636
0,0.050845966179673
0,0.029274696028510194
0,0.045664947384086114
1,0.09731278094033977
0,0.07996115300955903
0,0.07292727014546407
0,0.089699759933531
1,0.2386383347968367
0,0.3061240013878275
0,0.1444329180025117
0,0.4653440520554645
0,0.20392483228443323
0,0.055485245979359075
0,0.04494117742780057
0,0.06767054797653901
0,0.03572054694503875
0,0.5437912194088526
0,0.4011099178287467
0,0.05551613254408619
0,0.3351862621728593
0,0.21583639394502255
0,0.049058467128519745
0,0.05022337086720341
0,0.016596390296741325
0,0.008412496718632525
0,0.05757064020445608
0,0.029054255699660442
1,0.0917802187613821
0,0.16673182330781572
0,0.09026845566975708
0,0.10303107662645745
1,0.2516010528237851
0,0.03019116170716339
0,0.08768439405680557
0,0.04937852361203239
0,0.04436511158973624
0,0.45050551113287196
0,0.04650199631566837
0,0.05990676833507457
0,0.04479316210054592
0,0.19242671132039973
0,0.03523704394272011
0,0.009696628615664428
1,0.1548174992512744
0,0.11340996724582234
0,0.24927304806276585
0,0.047033280986933726
0,0.06800386389437983
0,0.1724903917106943
0,0.04127388317493437
0,0.06071192293738084
0,0.019517278201105593
0,0.050845966179673
0,0.23311156247847103
1,0.13064831742284805
0,0.08918192908405281
0,0.043436709975547036
0,0.05706566007415651
0,0.059774701952679546
0,0.03882566851631663
0,0.04091787161110472
0,0.16745391765797418
0,0.29455562942236846
0,0.04201570090358112
0,0.05188491416895628
0,0.04197935644394112
0,0.04166360822952851
0,0.1982862640801962
0,0.0500564460477258
0,0.05441629400091792
0,0.09975237545258095
0,0.12568673844438527
0,0.016341520122353737
0,0.05161123889704565
0,0.05616733988647233
0,0.06830295760154168
0,0.1366823726341312
0,0.0623933130117103
1,0.17543201992310564
0,0.15325679487543048
0,0.18815358110957908
0,0.014333942265677222
0,0.4225263288432269
0,0.42252653694162345
0,0.05233586829417637
1,0.2981169164518004
0,0.062475188397532556
0,0.0748950639806139
0,0.029941157818827675
0,0.21856396169811282
0,0.04822983685067117
1,0.19322544348500278
0,0.08515716260770356
0,0.05833372537695396
0,0.046684842263979676
0,0.2797238015914324
1,0.177277238650238
0,0.06480414672650543
1,0.5049525669147142
0,0.04851939527004191
0,0.058421025807789004
0,0.031742479790836026
0,0.030503747038267824
0,0.4284613736522812
0,0.04843875754807478
0,0.031052090473437145
0,0.05801790910307722
0,0.03236323343030609
0,0.07167800825944753
0,0.04226293055295673
0,0.10568754524343034
0,0.041786843467893735
1,0.1254469709521574
1,0.1845631160240656
1,0.12023755912226788
0,0.04435114549898173
0,0.2809154013218089
0,0.13657022504712915
0,0.043616842467127666
0,0.04354223038755839
0,0.05468999709069853
0,0.30085595630932205
0,0.06909843635983991
0,0.04631129931180063
1,0.07368312763048283
0,0.05394845983417491
1,0.1249052739547639
0,0.06553459395892389
0,0.03702279766657471
0,0.023121781326523982
0,0.026159059399788066
0,0.04733003276542732
0,0.10314503565623619
0,0.016627805534306497
1,0.12437025604492372
0,0.06306064468389616
1,0.19361767078817108
0,0.26295196659622255
0,0.18020967532852808
0,0.017883074589519994
0,0.07948633604958096
0,0.01915817080423512
0,0.1061749515471781
0,0.36938761421493704
0,0.0152256751592833
0,0.1576932971651169
0,0.06111765721049718
1,0.46202007074560786
0,0.06253432175510741
0,0.01608452286289493
0,0.10167351500500042
0,0.05202363990408322
0,0.05092687324575794
0,0.031076226497394353
0,0.056214264987731494
0,0.11521335714586184
0,0.05595053285315434
0,0.05947383296011726
0,0.047837855712037546
0,0.13635597603401617
0,0.12752273406467243
0,0.048774087927551044
0,0.22968653061050875
1,0.21433512649790043
1,0.38464979493927537
1,0.2562458350002621
0,0.04097877683605746
0,0.044901125103692055
0,0.1579625831148885
0,0.12513315898688368
0,0.09907406923843799
0,0.04093235900922694
0,0.060793969245033434
0,0.04320953838277705
0,0.04132909140782381
0,0.02917219188113647
0,0.19034439731383107
0,0.055061407483842716
0,0.062231454212209734
0,0.3880055682043105
0,0.2045912013503891
0,0.03740626173135764
0,0.03689079172257407
0,0.016161426227640094
0,0.0674753211723222
0,0.021443985887023294
0,0.14500662119886196
0,0.089699759933531
0,0.05926761538065081
0,0.035964274132069596
0,0.03511867838008468
0,0.041535923981276035
0,0.19331101935379466
0,0.05099321705197398
0,0.07097443313013953
0,0.031916219107021505
0,0.05041771594439995
0,0.031220716392145128
0,0.2571366145905518
0,0.32558905474430494
0,0.0984704870407076
0,0.07286749418959432
0,0.07247544684917172
0,0.013924886667274273
0,0.05724108823454234
0,0.02272286064569622
0,0.04594496926419515
0,0.3806068841017836
0,0.05028553098130127
0,0.1374247196902213
0,0.016166512121438995
0,0.05711075033550229
0,0.281369475582192
0,0.03541841520311956
0,0.04599349959066134
0,0.05367956629260222
0,0.027360720027483725
0,0.20174195839960693
0,0.0449345203502727
0,0.05972390061126968
0,0.08248664727847722
0,0.03394910365723196
0,0.06418805096057123
0,0.08668226201701384
1,0.3052920883454628
1,0.1412169055225095
0,0.12111150048769517
0,0.0867194563514718
0,0.027010259351717227
0,0.03896824302548101
0,0.06238308252254078
0,0.05206885338543743
0,0.016078557891428136
0,0.3279737806246336
0,0.05603974469619116
0,0.055464668862453784
0,0.03290539771935604
0,0.02057550579800131
0,0.050197592604705396
0,0.014501016932565242
0,0.04237181921375163
0,0.04680654768369439
0,0.06406444447874747
0,0.05607441394258937
0,0.05749884307064624
0,0.048518732596352025
0,0.015303373151162421
0,0.08047789330708202
0,0.34203011248702275
0,0.07701632196050881
1,0.09544459971577059
0,0.021685968327605366
0,0.052862579633704894
1,0.10458777304155199
0,0.14170146983085014
0,0.0627677387752752
0,0.11410743302997196
0,0.08236993455073852
0,0.045205419143256
0,0.04639720095532094
0,0.05897803724856901
1,0.09990623255993193
0,0.015990970388226684
0,0.015623120727500866
0,0.049142275229667604
0,0.19962377369269088
0,0.04107443435986788
0,0.043170189533060475
0,0.14448023664318183
0,0.0328358583143092
0,0.06443855407291825
0,0.03735257994278147
0,0.026078432885654774
0,0.0444312723000218
0,0.03036085030980084
0,0.16674008611485702
0,0.29563892075061526
0,0.055602598779242014
0,0.05148820800453978
0,0.1598966649637701
0,0.02850116691694592
0,0.0960973421492565
0,0.030503747038267824
0,0.36602055545582723
0,0.2098665825630681
0,0.030857931311449826
0,0.05650860096651193
0,0.06409763618448322
0,0.0731958830708273
0,0.10559770531185968
0,0.055728264218403226
0,0.019910694213958736
0,0.14050483286965615
0,0.05858981609239335
0,0.05495997448382501
0,0.07717351080735402
0,0.3014411450128176
0,0.05460937402899194
0,0.13752379097008507
0,0.03242563668619735
0,0.04645581619279421
0,0.049058467128519745
0,0.03521930143791265
0,0.045456238132999066
0,0.0597206506342663
0,0.12254298913550307
0,0.05542432477305589
0,0.01387952544060638
0,0.19355469637230782
0,0.049639801763383555
0,0.22687385509921715
0,0.05161106515795538
0,0.32325658988910094
0,0.07910745635434431
0,0.016049616817010257
0,0.048232089607798304
0,0.05712066550336248
0,0.10657211907928199
0,0.0615917159312998
0,0.056508600966511904
0,0.034499413017883646
0,0.04235725942574401
0,0.11823299440780811
0,0.04693308655121793
0,0.21931687451460657
0,0.1709403911776948
0,0.04597914265183805
0,0.3196740091785622
0,0.14778904835145965
0,0.216353641821979
1,0.30733878509276025
1,0.16063206003173583
0,0.05557418004991631
0,0.1009547854432072
1,0.25171604668887426
0,0.2847277127835859
0,0.39422623075139807
0,0.05529617924848847
0,0.07175646092124992
0,0.23718690531645573
0,0.046512354222204316
0,0.08169020248899747
0,0.05801940068897001
0,0.062393313011710326
1,0.11197724824222288
0,0.044554714238147
0,0.061397077897126756
0,0.12901898841968457
0,0.03196196080304385
0,0.03880221755333301
0,0.05033788208292237
0,0.041022622446226155
0,0.014323586791585536
0,0.039018075319286125
0,0.05076932962105364
0,0.04287102960724294
0,0.4866451973467275
0,0.02546530498057157
0,0.1850545295093022
0,0.044753407486218824
0,0.05350381096657114
0,0.07520227539797368
0,0.020483591350190313
0,0.1649114720010067
0,0.04982693295490887
0,0.2503959028216011
1,0.07255539756588351
0,0.0400858186939074
0,0.034669913119877
0,0.1036682724310799
0,0.10342382734478461
1,0.32780395516737576
0,0.2852777952339237
0,0.06221224927296425
1,0.20222807270512327
0,0.09716147311258741
0,0.04074214807943301
0,0.05050341692996859
0,0.019444943605250436
0,0.0719947772557396
0,0.0324784223411209
0,0.030573236327916455
0,0.12911261855972508
0,0.017872299951570185
1,0.23154682392322312
0,0.1782475072961744
0,0.1346760156440668
0,0.1253418218275481
0,0.3077106554324183
0,0.0480932041884721
0,0.06721635902662865
0,0.01809668574464135
0,0.06036723625358967
0,0.081941075483893
0,0.01714044195566152
0,0.2893845167135098
0,0.03210505907758652
0,0.07257206934706678
0,0.14645744394226015
0,0.060911648261140386
1,0.5278483771394192
0,0.019910694213958743
0,0.049784276808379734
1,0.15985237892585621
0,0.15893129519783525
0,0.09900670166367054
0,0.13258425176961303
0,0.06431372158845623
0,0.22271682977188645
0,0.039849609097977086
0,0.036043703733735354
0,0.2917110167468808
0,0.017515946884215233
0,0.01333954190544646
0,0.10826015270317275
0,0.08854139370466937
0,0.07383963664693882
1,0.1135428254187495
0,0.1381122386953582
0,0.06872812356798053
0,0.08440794527031975
0,0.08885231546699993
0,0.0536857047232836
0,0.2064283772750945
0,0.04883356527496258
0,0.06755582013473722
0,0.05557530708317002
0,0.16101188686774504
0,0.05526345185554955
0,0.029358210385232238
0,0.09390274990081382
0,0.03386115146818628
0,0.4597790584899336
0,0.4176789330805539
0,0.05628885004010902
0,0.017161489480423692
0,0.2412463066076485
0,0.2656897554896863
0,0.014070915113062068
1,0.23265552617090152
0,0.08469488950384803
0,0.03815420174576148
0,0.03690597203619266
0,0.03952678628950019
0,0.07695149197142573
1,0.11853213720367242
0,0.06763461804656323
0,0.057303700595074995
0,0.050621859748776206
0,0.04455117743186073
0,0.058726340434855286
0,0.03217373018599343
0,0.08122929945582426
0,0.03579347366484416
0,0.06378792375752644
0,0.05136341422178328
0,0.0438093103205706
0,0.05822184752239105
0,0.1229536254631678
0,0.022730758125123016
0,0.05264740968283066
0,0.042296075648723404
0,0.15254091830157585
0,0.058639740125886734
0,0.08672511182831572
0,0.13686104654822043
0,0.28672777325200116
0,0.1488381834079814
0,0.08730999830571026
0,0.04852727075979932
0,0.045300902574614665
0,0.018158855952332627
0,0.03169634821888229
0,0.10842104612088747
0,0.07972866701708248
0,0.05275487718655955
0,0.13198862915826598
0,0.10832214984307523
0,0.04972112578117538
0,0.06056429819289292
1,0.15705966455180234
0,0.06087156793191753
0,0.08437603904235351
0,0.044182636319539496
0,0.055539089286132215
1,0.12079725405246994
1,0.12355716542180971
0,0.4545272370606404
0,0.04514864266705393
0,0.18535547257356283
0,0.06761976752964517
0,0.05521815240022614
0,0.03190064681385973
1,0.11566029913381395
0,0.04983340222813875
0,0.030448421563153267
0,0.04649605135947543
0,0.45592819806032336
1,0.14528155929512626
0,0.05322047447364247
0,0.1366823726341312
0,0.012411892700286148
0,0.057543373851194485
1,0.0678411739540014
0,0.06059884320841406
0,0.056543182698094455
0,0.01811620284551509
0,0.01649484016889563
0,0.06261257701107627
0,0.11935637186935821
0,0.19254964189059626
0,0.04924539914532544
0,0.026278877687637432
0,0.08355381518370279
0,0.0965605599521253
0,0.05191850572359336
0,0.1955446103322886
0,0.03432731820807693
0,0.25394895896475306
0,0.0378862829617208
0,0.23932623247393459
0,0.5148000909413972
1,0.06703043633813686
0,0.1131912458006426
0,0.04132117836145167
1,0.2767897048195473
0,0.2255536246174797
0,0.04909995266547196
0,0.13504185123099927
0,0.06879536883156051
0,0.03822930931264186
0,0.01824237071863406
0,0.08679141558245797
0,0.3505467914755539
0,0.13175289985404287
0,0.039220425650068655
0,0.06390436334093023
1,0.20120380382990993
0,0.06888809858092884
0,0.23356027842622573
0,0.022197864130695275
0,0.23430842118878453
0,0.043328442805144855
0,0.0752830274100414
0,0.06310782565312827
1,0.11934861200842063
0,0.030809727067219923
0,0.054940702487846806
1,0.12875032555164356
0,0.059440788166631876
1,0.24649025382380466
0,0.04503104927251445
0,0.0549441569013148
0,0.020189107670612945
0,0.05909766271323583
0,0.06617703656942303
1,0.11158343533670685
0,0.04187486926489408
0,0.14234898793262313
0,0.2577350834494411
0,0.0156703968158091
0,0.0599139554625496
1,0.16400052692001324
0,0.044368736242031775
1,0.11527583544962436
0,0.018167178931386495
0,0.10334005218760671
0,0.4140350192121518
0,0.051015912731613065
0,0.09210501960208188
0,0.12092673261228369
0,0.050788839576205475
0,0.09632134094217867
0,0.032553873124289645
0,0.044791396863081305
0,0.11957732900469772
0,0.3118509181672532
0,0.09956597163394484
0,0.06587044122081796
0,0.03382028062916027
0,0.05477033914071881
0,0.04240446776064364
0,0.016698158233435855
0,0.03553831024351841
0,0.07291598827382374
0,0.022322994531139805
0,0.3623773255991522
1,0.12567671839683317
0,0.020165429436702673
0,0.08251564187795853
0,0.04633985167387448
1,0.1357637487571527
0,0.053770115728119974
0,0.03325566440596594
0,0.07218161450356579
0,0.1783227994891431
0,0.15818060138133186
0,0.10747394737981812
0,0.051182189984666594
0,0.26687192368688434
0,0.11303315496311574
0,0.12280946316653836
1,0.18288648654508058
0,0.14137444389979031
0,0.0620068196909427
0,0.06414161887425952
0,0.039745422082460145
0,0.05737367198675662
0,0.05297116571373328
0,0.11731301578182136
0,0.16373328804545542
0,0.09675404090204495
0,0.016634830047727974
0,0.001977592609562013
0,0.056915152431525985
0,0.04129202562302269
0,0.03608216626291707
0,0.03226311809213941
0,0.09458065739957365
0,0.03535041591385453
0,0.014237336546494816
0,0.06807201008936976
0,0.13400793761050703
1,0.30014507954371517
0,0.371490949418558
0,0.049943449233012506
1,0.08402934712278076
1,0.19012172534466523
0,0.013807572268684258
0,0.05854940703819602
1,0.10299288305435988
1,0.107076152426042
0,0.13922899097391273
0,0.14745337584340018
0,0.09736375998372303
0,0.04908729336433322
0,0.04800025501037532
0,0.13372270571998338
0,0.0346676963292716
0,0.03328818938365396
0,0.04905846712851976
1,0.10083480533405954
0,0.02420254213102528
0,0.031646786065485474
0,0.050681368997338314
0,0.06861212114567677
0,0.10398071277338475
0,0.17823079527959457
0,0.11289167041091332
0,0.03180451120149314
0,0.037079315930515305
0,0.050045919745156486
0,0.018326061798772515
0,0.04933880511340364
0,0.03761779954082467
0,0.2116047915858624
0,0.05427786385548176
0,0.06100217690076317
0,0.3265099221583373
0,0.03382028062916027
0,0.1214601576188041
0,0.01194581280364914
0,0.050335264745053995
0,0.179082840358629
0,0.013924886667274273
0,0.04768099827215543
0,0.23085371943222524
0,0.09273872182981809
0,0.04197935644394112
0,0.057411759837921024
0,0.03314439488595674
0,0.05270924226140542
0,0.025545078465319372
0,0.03713890330294133
0,0.026025442055637383
1,0.06851093332656154
0,0.1084133780565434
0,0.1852205911517586
0,0.15558143253012346
0,0.06266510717844656
0,0.05027996639197731
0,0.2073419753984905
0,0.047967769642076885
0,0.3381737201591581
0,0.05751270256331037
0,0.04358670225063867
0,0.06261927502709169
0,0.05188272634822384
0,0.04665348346094555
0,0.035383380182941716
0,0.057009872156542823
0,0.050295553073264575
0,0.13509956697042236
0,0.302060809770296
0,0.14632640933039895
0,0.23549435434363702
0,0.017103638678107363
1,0.1193885166565114
0,0.24857625985238316
0,0.044737862139418466
0,0.05008427591740031
0,0.01547738096713581
1,0.19924141573741772
0,0.05580879550216323
0,0.04679877837773183
0,0.18255320708687453
0,0.035457366434690704
0,0.15511278212713944
0,0.04586215558809396
0,0.014466427727176373
0,0.11409803481676462
0,0.04026677703037634
0,0.0629131461971302
0,0.36782749178786117
0,0.04360390341120291
0,0.0398917189273036
0,0.029960649048817505
1,0.10753715746076957
0,0.04190757525002291
0,0.07576998096016883
0,0.050004662636056615
0,0.054865474743556936
0,0.013807572268684244
0,0.051701363131619105
0,0.05661571832217604
0,0.14218792321742826
0,0.045154463252919
0,0.015978575628401846
0,0.06850473829516514
0,0.1641753914631043
0,0.089699759933531
0,0.05112457258680902
0,0.07039533593436988
0,0.03534651875006508
1,0.05330188095256998
0,0.03573930045959627
0,0.09703800691736761
0,0.03542070085912695
0,0.06629647035875752
0,0.013795447954684039
0,0.047306476877769385
0,0.05306459379953437
0,0.05085832403245488
0,0.10076350563527575
1,0.0574602462391495
0,0.03492810774845549
0,0.013540855038139631
0,0.0092007849050045
0,0.09767479731061741
0,0.05774678752976236
0,0.12571071240853618
0,0.0014230359744303194
0,0.07465260035810113
0,0.14134932837984943
0,0.16008941514015276
0,0.03919295094768297
1,0.1023568619296065
0,0.03974914403638943
0,0.05004792927603341
0,0.04224805066207939
0,0.05700334388413656
0,0.015970394815149527
0,0.012748223603116466
0,0.5554070951560739
0,0.03196810935553396
0,0.017354420765174506
0,0.049058467128519745
0,0.011796420264091029
0,0.03967226804874077
0,0.04790728236892726
0,0.023853292923223315
0,0.038775039737988806
0,0.05405977300743345
0,0.05221046319417081
0,0.08612462565799674
1,0.12672436570670034
0,0.3062501888286019
0,0.049726844705107034
0,0.17530824690593785
0,0.06526677722095738
1,0.2681558842604278
0,0.044446143265632454
0,0.049051045516262735
0,0.0859103760588906
0,0.05633224650792804
0,0.05459443137723584
0,0.10747607503532607
0,0.14832904717314074
0,0.055456552634094464
1,0.34267598268452665
1,0.3154208179848813
0,0.06347779962154126
0,0.06141933269460711
0,0.029471428685411156
0,0.055924329532072256
0,0.05077161503686291
0,0.09571749912173513
0,0.049188771734615534
0,0.06827382171781149
0,0.038162311485785416
0,0.05396473218615508
0,0.033696776407093294
1,0.00451901100413696
0,0.04627193177548471
0,0.05651418738344258
1,0.12468109360602132
0,0.03960052659990529
0,0.03926053513076932
0,0.04662534844212137
0,0.0288144696680031
0,0.03689524549359367
0,0.04619672856696517
0,0.0550854851064337
0,0.3662785912904382
0,0.03554214720700843
0,0.048313832981496975
1,0.28435739490846396
0,0.1607107803357714
0,0.04542449771594249
0,0.0562451701335655
0,0.05583660262287104
0,0.31665080593604944
1,0.14074249914804898
0,0.25592246019082654
0,0.052950918837856645
1,0.07953133157956774
0,0.06722885738818261
0,0.039435480765383196
0,0.14506062936488254
0,0.01924752556568663
0,0.14178822763287577
0,0.28698532076192984
0,0.05280031477481503
1,0.28470200544602753
0,0.051598403043466176
0,0.059105712488855516
0,0.051709447039859614
1,0.45382793549385103
0,0.04990151836375775
0,0.01641417981827221
0,0.047989323878619275
0,0.08273965274421344
0,0.0431932225078538
0,0.01696953537812652
0,0.056721190513005365
0,0.08969088930218852
0,0.02021994797807713
0,0.014511524645457049
0,0.03729788491147904
0,0.06077314275141796
0,0.12266830068713858
1,0.2702944344720971
0,0.06775322493002162
0,0.016492118910177184
0,0.050037995938115414
0,0.013406333138897816
0,0.042361821643834285
1,0.06643122522003947
0,0.017994370174336725
0,0.2091385328614053
0,0.031742479790836026
1,0.1194657566852824
0,0.13656596942575447
0,0.05419103077829306
0,0.04595704784420044
0,0.03883107823757634
1,0.10211146779099302
0,0.11734751052805979
0,0.07652554097973445
0,0.10029359345613183
0,1.4838615428428593e-06
0,0.01657579438102405
0,0.5441242950018379
0,0.043142515668483705
0,0.030744263289880225
0,0.04413310868072636
0,0.05990788187594648
0,0.0532907066734168
0,0.07066183283128893
0,0.08000606122982122
0,0.2840896655597765
0,0.03262784076402953
1,0.2781498650695588
0,0.08544110931837291
0,0.04619012233476242
0,0.30986608855299425
0,0.0708225418465939
0,0.1410622284225165
0,0.05496092663657415
0,0.07882783517198105
0,0.05973668242333156
1,0.19230294081984123
0,0.05061250131586976
0,0.10117211772372353
0,0.08065491592336105
0,0.03749789443546932
0,0.04360306354490614
0,0.4373100466388817
0,0.044627912293960834
0,0.02790808955997986
1,0.1087979131084141
0,0.052278524050734076
0,0.04197935644394112
0,0.013273486010468941
0,0.04360717622389552
0,0.1294575842832886
0,0.013993045139615759
0,0.037513983575115345
1,0.3114037632292709
0,0.04550852008335264
0,0.04247750435897345
0,0.04754596261708381
0,0.061868666487125086
0,0.05068305321830497
0,0.05073456076719373
0,0.06577848889441083
0,0.05171667693487238
0,0.03843164434378103
0,0.03672233616689167
0,0.07076114953078384
0,0.05429601769394405
0,0.03384293285815571
0,0.039750890896117955
0,0.045814271639139474
0,0.05799842457026811
0,0.03914898938510974
0,0.274156109738745
0,0.006377157043041472
0,0.05151076207496091
1,0.2521892591732374
0,0.010248659136213164
0,0.0341977461615862
0,0.056521131722583814
0,0.05588856098026647
0,0.20549974416249345
0,0.08342417980396848
0,0.03167342633355935
0,0.11236124028898416
0,0.3037494916049635
0,0.014064223983045002
0,0.04995661883118012
0,0.048591939767426075
0,0.1007131353073973
0,0.028300515952362344
1,0.09644004801828311
1,0.09655144617399342
0,0.013416435512326814
0,0.07110484849220441
0,0.06180574050792894
0,0.07422793306884368
0,0.04175211298982178
1,0.11203557229432931
0,0.10822590966752506
0,0.110203993700362
0,0.14877484395347632
1,0.31107975958724504
0,0.15963490355615717
0,0.061965814253443455
0,0.057725009586903624
0,0.46469020529559074
0,0.04416643375445156
0,0.11309549798985337
0,0.06148266530526798
0,0.04437458336436257
1,0.19998663214527623
0,0.03562513389231452
0,0.044218298208300935
0,0.04368389225913651
0,0.07586598836776928
0,0.07095554860889837
0,0.3863508780862701
0,0.037483336490933404
0,0.13887041965555197
1,0.18972639596594276
0,0.18853604614612435
0,0.0691831671926035
0,0.04563478083869597
0,0.021506892224473655
0,0.04340590181242451
0,0.014402986811640742
0,0.07375687552648678
0,0.0731948979072214
0,0.05951562429627446
0,0.15289505300885325
1,0.0961844816735475
1,0.3491828325900678
0,0.03167342633355935
1,0.13703649540166585
0,0.11501677277070782
0,0.04742868934057698
1,0.1645217978937642
0,0.0992045999963517
0,0.012523798363085922
0,0.06778922497740784
0,0.11922484393729249
0,0.07718851404088796
0,0.06322432220256215
0,0.047284537319963585
0,0.06627664324212894
0,0.061568594508326836
0,0.03352154990083576
0,0.06106480049919603
0,0.07918967372511233
0,0.1124727337493657
0,0.05436506243195289
0,0.15118866856097615
0,0.10740706447805319
0,0.10343650003767847
0,0.0759086733097544
0,0.03868144042630549
0,0.053065098597225815
0,0.12956436883870762
0,0.1832963067040352
0,0.19557185790607104
0,0.03630180674087821
0,0.052360418276260784
0,0.07714559336062075
0,0.5598934555025923
0,0.15556584315405658
0,0.290122543301806
0,0.017786765598380515
0,0.0603474395581006
0,0.0340404899841452
0,0.031984414134588336
0,0.058202955370378506
0,0.052800559239941015
0,0.07660445360810825
0,0.0988111930766319
0,0.08266549943726514
0,0.03846233621230603
0,0.08220685183490725
0,0.139950050785802
0,0.07424727312204571
0,0.0957437033668155
0,0.053497720706927286
0,0.03935645744826918
1,0.20672996856547143
1,0.4864498367138519
0,0.20788318251579405
1,0.09674434654817479
0,0.034835420698809974
1,0.23220678620650423
0,0.031953629653320784
0,0.40148986274674764
0,0.06490243150893708
0,0.06165427854893082
0,0.29223542718586976
0,0.04945378624172287
1,0.17569944011825123
0,0.03719049275760848
1,0.38737098651459206
1,0.4203847664203368
0,0.04963203032036875
0,0.0815977558074747
0,0.06049307887503029
0,0.158877720356959
0,0.2825050428061065
0,0.22062103145818523
0,0.06847383580692226
0,0.02787561645408961
0,0.06839282613238433
0,0.06531886502436927
0,0.07585972882416595
0,0.030857931311449826
0,0.0370790218457229
0,0.050190626881242935
0,0.06786490054388919
1,0.41128315338951893
0,0.02059520895668519
0,0.049375497305893454
0,0.10653459767814642
0,0.06645664153112635
0,0.10869757297294692
1,0.0956891108151517
0,0.06657023139407849
0,0.08412687124135894
0,0.14687386160186225
0,0.03219894170516064
0,0.03134626128480567
0,0.07320290531419595
0,0.4070653497246833
0,0.11816311960581916
0,0.01840322537598964
0,0.04631844014618595
0,0.03868144042630549
0,0.070119295385273
0,0.016166512121438995
0,0.01323452424390916
0,0.02708808681290895
0,0.06309307317602283
0,0.05680457736995917
0,0.03266758227819235
0,0.05010211219355763
0,0.0009745725382588732
0,0.05349862711105317
0,0.09258192602645719
0,0.17876256266791196
0,0.09952266866774852
1,0.11273533582480746
0,0.0535610154501867
0,0.10794048305015778
0,0.12175035088661589
0,0.159259573091729
0,0.05340121792375891
0,0.036847617964073605
0,0.042776694564097155
0,0.037806375493128666
0,0.0517315580544345
0,0.2679287100575368
1,0.17661155815759305
0,0.19283704906421573
0,0.07390492782361126
0,0.42236333216525435
0,0.016469843129702004
0,0.05838627350045002
0,0.13296028429057843
0,0.04831383298149702
0,0.014071712052201587
0,0.03955361498828655
0,0.07188102319787729
0,0.03395435187811737
0,0.04535288167864159
0,0.08519411270030502
0,0.05362829291908695
0,0.06387581858323495
1,0.11340047000193511
1,0.2651933814146619
0,0.32318539050015765
1,0.09792312964975067
0,0.013707309359840157
0,0.12943836038551387
0,0.3414958848359359
0,0.03801007820772412
0,0.06046222172251538
0,0.12107635171504624
1,0.3115536754079632
0,0.04708404534472279
0,0.052326302153781167
0,0.05193567061786387
0,0.20020098275275955
0,0.07026914958435891
0,0.06886718039838387
0,0.032517726138061274
0,0.11096222920188384
0,0.09573877913952378
0,0.03365716154663614
0,0.06171028385318785
0,0.01254178510335236
0,0.026982590495632418
0,0.03445979555257595
0,0.039664118667721814
0,0.059253001779297966
0,0.14135424820577167
0,0.01812929720671227
0,0.0558011682013056
0,0.03798032753332766
0,0.08976817210960764
0,0.16935675812868922
0,0.0672270710006304
0,0.07475469834373652
1,0.1994891837622525
0,0.052025107035825205
0,0.06105823584206074
0,0.051084677083696566
0,0.030093264197152948
0,0.04120504025562712
0,0.04968283048675919
0,0.05534469266891771
0,0.031977849752106546
0,0.04212616029782125
0,0.013924886667274273
1,0.11504576059477699
0,0.06384413314180415
0,0.06188425739951088
0,0.19778830321156357
0,0.061544598163245076
0,0.045329383943384344
0,0.06279243790175884
0,0.04238749598075361
1,0.13624180134514885
0,0.026105213561214424
0,0.049058467128519745
1,0.4379395039439867
0,0.23616145674042083
0,0.29895685807012035
1,0.09006763077960472
0,0.016833669808195527
0,0.05590817961652444
0,0.10374722304141697
0,0.157090869412416
1,0.11435342295267731
0,0.048427964067441966
1,0.20565697013056444
0,0.13269632689318916
0,0.05035102619049785
0,0.18009405480207066
0,0.16602080568858413
0,0.11827152150054562
0,0.23517509523361937
0,0.3348916575325837
0,0.08015492117623448
0,0.061430356247791106
0,0.07484397605650518
0,0.0494063832512364
0,0.21073295154189364
0,0.06904642781509279
0,0.05807008910440717
0,0.04582163622151016
0,0.04254454241141617
0,0.04664560774942675
0,0.01556216339477992
0,0.40306627906614817
0,0.032694042057718184
0,0.15245794844962685
0,0.2712516235356182
0,0.04567074953775219
0,0.13258425176961303
0,0.1782627331990812
0,0.014265760309791924
0,0.14587703201760646
0,0.02977013599906922
0,0.07786426397707022
0,0.089699759933531
0,0.05419218660933995
0,0.05834495690829776
0,0.03617584080976828
0,0.10843479175946438
0,0.031742479790836026
0,0.04229580186349484
0,0.0520605295276237
0,0.030857931311449826
0,0.05896270734987928
0,0.016537157654203778
0,0.06200814837160501
0,0.17285601073872056
1,0.14598469006977574
0,0.04370288325034215
0,0.21802726234414102
0,0.03573261212103398
0,0.059505060903342795
0,0.16812343897059548
0,0.10776343439844491
0,0.03422896990317377
0,0.0680970616569727
0,0.0540227512975522
0,0.33163036356362197
0,0.01571027890611548
0,0.0478004832049021
0,0.0525191942663975
0,0.058297227794204175
0,0.028974409579206946
0,0.03221776697617886
0,0.06136144920537211
0,0.19622779400265716
0,0.05665413721683885
0,0.05792590371121693
0,0.04938606500116861
0,0.08909993636015132
0,0.0667925743517009
1,0.07935320499869812
0,0.06867845422068837
0,0.09712457552138067
0,0.06818659397466699
0,0.062411532553658916
0,0.031350431830640964
0,0.19688635356736436
0,0.019500782927774577
0,0.04732399354100519
0,0.15553180163784355
1,0.13515959598869873
0,0.03537506034468587
0,0.17104564312921605
0,0.03152325299104232
0,0.09162402172456137
0,0.05429261200600614
0,0.024860776480286343
1,0.01845840355903707
0,0.059943160462860426
0,0.014801617108625716
0,0.05460272509494693
0,0.03336315296370468
0,0.05331216155121796
0,0.3044851539794965
0,0.11031537623177132
0,0.044708720193113775
1,0.10818475348591568
0,0.3967642523707198
0,0.04934544989964049
0,0.07211494503704866
0,0.06734749953070712
0,0.02501636601387864
1,0.1858578555981335
0,0.03869012216647745
0,0.042226888563243595
0,0.12321986639112449
0,0.1261654101556616
0,0.05742339629086491
0,0.05260760407913728
0,0.06807015948713396
0,0.01791587951271631
1,0.019569641051838425
0,0.05497291398422296
0,0.04620333170178588
0,0.11746798235581123
0,0.029959312925521227
0,0.07436403409916394
0,0.035892747102218236
0,0.04118708961611412
0,0.17737939971491046
0,0.05232432064050884
0,0.03386115146818628
0,0.043429373947329014
0,0.030361308375598226
0,0.038105629818528323
0,0.04731676780189404
0,0.08082010272050236
0,0.06727652997241272
0,0.07530316385440557
0,0.030503747038267824
0,0.2810170292774453
0,0.03350366340002635
0,0.13190649474393343
0,0.18839915804158744
0,0.16513652433571221
1,0.12480438173228212
0,0.04130127342517366
0,0.041982158631100226
0,0.06827104393801686
0,0.012815994963873915
0,0.12276587472486572
0,0.03286659606300671
0,0.04430441459163413
0,0.030503747038267824
0,0.03732745706684754
0,0.03426447740201907
0,0.05439079304144446
0,0.09183316292962951
0,0.046492939114806446
0,0.4130399394260283
1,0.250862074212584
0,0.05392753740826921
0,0.13738480891793517
0,0.012392724924904393
0,0.03555457327857186
0,0.37971295544423195
1,0.28180871595313156
0,0.05061252266214775
0,0.06241353538324998
1,0.11535363649796757
0,0.023855713073694346
0,0.04382070807874659
0,0.05163640047061247
1,0.3057593545857197
0,0.05947990013268646
0,0.033426221394456286
0,0.13379235869532077
1,0.29239002306733797
1,0.27508319941408005
0,0.05639929684233447
0,0.3393112902098998
0,0.0744729495382293
0,0.048005602222047875
0,0.031076226497394353
0,0.44888031482809804
0,0.047569918994420785
0,0.0388774618523762
0,0.14903083718987323
0,0.0339590252506707
0,0.1025168194902965
0,0.18875409538619262
0,0.017792000123100022
0,0.035362543615823736
0,0.28771779378065354
0,0.03325566440596594
0,0.11057347388451302
0,0.0064993830300002
0,0.05308764512594517
0,0.01765938903049093
0,0.037775415553951024
0,0.05074538235987626
1,0.041310881217055694
0,0.03074426328988024
0,0.3060482841605095
0,0.34478420555544337
0,0.02802340705365745
0,0.3173100002297734
0,0.07052825604941497
0,0.14325693975353304
0,0.030857931311449826
1,0.18229100580774113
0,0.04432161307318252
0,0.04078289131520145
0,0.13748986321997803
0,0.042506807322584085
0,0.049860464644421024
0,0.07176481585203269
0,0.3205123694317789
0,0.03421464673862258
0,0.05454801270611682
0,0.10464729791507656
0,0.03905166469027459
0,0.048262626926554926
0,0.0565657333358257
0,0.04636709647748776
0,0.05872937767561464
0,0.29145711494903365
0,0.046944053131387276
0,0.1979116003202819
0,0.0496086306416801
0,0.22515157073077172
0,0.016096169648109757
0,0.06870030725886954
0,0.0840308934854
0,0.04756128107831831
0,0.05174233644377257
0,0.20195355770158382
0,0.04701842082262974
0,0.1495248418086788
1,0.22074185670839586
0,0.20214188146251277
1,0.13416825399044754
0,0.15522997749146533
0,0.19105811537747525
0,0.13635597603401617
0,0.05815891072543584
0,0.16298272190874186
0,0.1004794806014794
0,0.05959801279609641
0,0.03346788860055867
0,0.06737730288030823
0,0.06771688661348924
0,0.09525550106057636
0,0.032350953230999534
0,0.03127538679794993
0,0.15596174324215703
0,0.049787353122344884
0,0.03036354152451547
0,0.025155943031633862
0,0.02900479866494416
0,0.27515008609295005
0,0.16626957646098475
1,0.5027923403200582
0,0.07643335102477218
0,0.05548709843409815
0,0.047032283671873586
0,0.05517210662937255
0,0.058655897041316525
1,0.1859421039740885
1,0.10707445930741656
0,0.08034955365179207
1,0.1200581577181083
0,0.03325566440596594
0,0.06471263580207523
0,0.07701436559290789
0,0.06309401504518905
1,0.21731546695138212
0,0.025915754881149063
0,0.043226750948297483
0,0.06628011964386005
0,0.13831900888419177
0,0.046817549785095385
0,0.10731542179268022
0,0.3205765627791355
0,0.03698283478762051
0,0.01681616647333837
0,0.11650116232994674
0,0.03167100284845869
0,0.053020546695167835
0,0.08515046313218597
1,0.08493727421122435
0,0.04544538310727844
0,0.12744384416398735
1,0.19326482173095094
0,0.048024905626101635
0,0.078841189840153
0,0.05715182153437868
0,0.04954106012799783
0,0.04825936483822585
0,0.13458171837480262
0,0.15846351237258946
0,0.013212944445711349
0,0.04261973063314488
0,0.05924721763315514
0,0.06484411955011063
0,0.14477665149658261
0,0.1923169073177983
0,0.08108145547679024
0,0.18153278490720634
1,0.11680881098738144
0,0.03970831132609008
0,0.054803719002961916
0,0.032043583981758814
0,0.06212913382543707
0,0.36982753486767106
0,0.049058467128519745
0,0.6713793486575197
0,0.05792590371121693
0,0.043000349519317
0,0.01760260973325756
1,0.17381019316104265
0,0.05805045321078392
0,0.030377396966446507
1,0.1447099195130325
0,0.44741837198571466
0,0.028409253548710198
1,0.22546686577813912
0,0.029580829196039164
1,0.14281711137313655
0,0.12975339027245822
0,0.049989556876936285
0,0.06119802139041709
0,0.0967646098000311
0,0.09465833130536372
0,0.04054178517717045
0,0.04241253550537822
0,0.3408206015572696
0,0.05099386513384954
0,0.3127596791932548
0,0.15753060728790383
0,0.05706987763666887
0,0.018986256960457294
1,0.20674031604859025
0,0.06141812159370391
0,0.3238697195372526
0,0.12064431299131412
0,0.044005168376474786
0,0.0668348077594784
0,0.1339287903575149
0,0.17278305695718083
0,0.12364182445596127
0,0.04983237486749288
1,0.1309175677500757
0,0.04248396456633044
0,0.05515801721653809
0,0.1002123033992191
0,0.04197935644394112
1,0.305862264245493
0,0.04999541162588948
0,0.022069503013747074
0,0.24571646574157552
0,0.04651619233865821
0,0.05792590371121693
0,0.048644271859013204
0,0.10085240655270428
0,0.18033360527434103
0,0.12518992647359767
0,0.01793502988755997
0,0.05462765421482943
0,0.35677099442918103
0,0.10882550339743273
0,0.016741317361080775
0,0.05341700602417121
0,0.03797238422121272
1,0.3759769760194136
0,0.052099154713249114
0,0.1572830294279385
1,0.18195003427067824
0,0.015608552665062546
0,0.190452571691665
0,0.07081247488933952
0,0.15658727040230083
1,0.08403484330673135
0,0.15689594535904966
0,0.04334811332226094
0,0.26722957829136773
0,0.09380150007196114
0,0.017551596483776702
1,0.2801907239282464
0,0.089699759933531
0,0.04532274599399628
0,0.19590557883467508
0,0.06267332383739108
0,0.05946208170809383
0,0.0975822378405494
1,0.3092442209765768
1,0.10750306894551859
0,0.049381534826668946
0,0.03503386091826414
0,0.08919496368471963
0,0.13474950249036308
0,0.03657276203580945
0,0.1566364214460137
0,0.060303352011214784
0,0.01361675768660991
0,0.055217152643481676
0,0.1168552420207055
0,0.04898132135200256
0,0.052987487356811636
0,0.06553032091659516
0,0.04728582611604601
0,0.048912175278316115
1,0.06850167510715015
0,0.12862086628742883
0,0.15400944907033437
0,0.37887203478683357
0,0.11700151946817441
0,0.0452269883238099
0,0.05805934469408169
0,0.04823021952865803
1,0.33893411448893407
0,0.06821391773897814
0,0.012863338926017388
1,0.08482761652327946
0,0.016713355952664453
1,0.25461540451861275
1,0.15563606248094267
0,0.04389038442742229
0,0.08712089576880681
0,0.04126900615364988
0,0.036875288663909676
0,0.05927962719525007
0,0.04660978167497634
0,0.13344244602816516
0,0.1623862433394215
0,0.09466398084116717
0,0.026699601599378363
1,0.38034491233195483
0,0.09990594873312146
0,0.06465149493652939
0,0.06996448854446789
0,0.05875988383733648
0,0.029662988453198175
0,0.07396167378897812
0,0.053263719844577284
1,0.18798313489736015
0,0.035538310243518424
0,0.05799629825347942
1,0.10787731335294555
0,0.03911507078971261
0,0.18930208694232037
0,0.06430286702351805
0,0.05906381950930793
0,0.05620584939140946
0,0.014333942265677222
0,0.06340501445601698
0,0.051572956760806754
0,0.041395241621872775
0,0.056711639744677425
0,0.0975675136531059
0,0.07440454918444173
0,0.04527664730198378
0,0.05095143516191665
1,0.018458403559037075
0,0.016951287367800234
0,0.1027643036610513
0,0.05575498524954475
0,0.040617163429587724
0,0.016518889934674052
0,0.12101585734018938
0,0.1796430729020481
0,0.07455195243153381
0,0.1764980477106449
0,0.04944374346584804
0,0.16797172652844986
0,0.3778277762356923
0,0.01783090180627897
0,0.018212167571016007
0,0.015018932645397831
0,0.2308128934606573
0,0.09902220077295053
0,0.05472627103270327
0,0.04039217876014127
0,0.11202522496322283
0,0.20519938653623382
0,0.049794158630292816
0,0.06328217207698968
0,0.04837529394917801
0,0.3319331582442795
0,0.060693634271281084
0,0.02621976182652455
0,0.04975962273561363
0,0.057069050521451115
0,0.04533130114485819
0,0.2566844491823664
1,0.10014969127359055
0,0.11363937461618326
0,0.09929951943915521
0,0.21364862882922647
0,0.0585528251365347
0,0.10152785260205942
0,0.1554121515351795
0,0.01278530460855517
0,0.12225401229422177
0,0.021815984799238856
0,0.10441021536615225
0,0.2582069879020764
0,0.03580243872834503
0,0.43666424705939605
0,0.089699759933531
1,0.27809859429120404
0,0.062304153485805945
0,0.052482187278525445
0,0.049058467128519745
0,0.061557418082326086
0,0.028164820978295535
0,0.061462602917757646
0,0.05236304694843939
0,0.2445775413276834
0,0.013317070737807852
0,0.057823613127181865
0,0.2760979986993725
0,0.018900201649466687
0,0.04676175678839919
0,0.04817550889658569
0,0.013851708517050318
0,0.03328818938365396
0,0.10123222438839806
1,0.44028543246369756
0,0.046579668405911386
0,0.049658177229020405
0,0.04571246916912956
0,0.12466093430785835
0,0.021813619938525222
0,0.03604370373373533
0,0.04002862318800921
0,0.025736705255198465
0,0.047965116626928206
0,0.023485550042373866
1,0.10145042798897201
0,0.11556281134537529
0,0.026825487296100212
0,0.10824360152959463
0,0.129270907600321
0,0.23615285794767224
0,0.012055917340404013
0,0.035731190951969374
0,0.24100615545115356
1,0.10817557059333839
0,0.07627276036286243
1,0.15901168918298636
0,0.12024029438184296
0,0.2459643797715992
0,0.27387649153921223
0,0.04432161307318252
0,0.029371192574847077
0,0.042227658212285524
0,0.10049185348095364
0,0.13337691235818766
0,0.4591493364219319
0,0.013406333138897816
0,0.27180587533459594
1,0.24114857314110552
0,0.08128935741942797
0,0.04197935644394112
0,0.014204779181382618
0,0.05233369585301686
0,0.03420681228439868
0,0.11962467156936879
0,0.022197864130695275
0,0.010701647775682981
0,0.04127898419453262
0,0.14625057316926202
0,0.0333374465949615
0,0.5050634967882709
1,0.13834719695166436
0,0.12078954630033013
0,0.05433092978619225
0,0.048005602222047875
0,0.057783542141430104
1,0.07969063431056261
0,0.05622128328406527
0,0.41206242506281143
1,0.22170116113980168
0,0.06632405017924013
0,0.029176197312592557
0,0.009864060282115629
0,0.054921207354601174
0,0.048723883371288565
0,0.041822272077432734
0,0.2604484765013491
0,0.3230886202068761
0,0.15804008258070681
0,0.27429637507025006
0,0.0790145416472407
0,0.07522695149318828
0,0.04450609013392191
0,0.02008625026154091
0,0.05030665862007655
0,0.10454054003860118
0,0.017376973490891495
0,0.05253231187614968
0,0.11278507950827453
0,0.07308863354589919
0,0.21067819732340845
0,0.04129202562302269
0,0.03528707735249131
0,0.2025653150868958
0,0.04666565546443772
0,0.06108920966370916
0,0.3072891657305347
1,0.1095719132548729
1,0.2231584000636456
0,0.11555584107060589
0,0.10324258408470188
0,0.27521990351763026
0,0.15728302942793845
0,0.09652552353650343
1,0.13012529169391854
0,0.08536998334981402
0,0.07358090624248681
0,0.16089539840535166
0,0.024991159715333184
0,0.3406421397742176
0,0.017643590072692856
0,0.05219782215890629
0,0.14017576520372968
0,0.0427613801367371
0,0.3294026541145554
1,0.1775530537847892
0,0.09993403086374533
0,0.05836245475924728
0,0.04414543248819697
0,0.04368612642028861
0,0.05917830805202962
1,0.1675257155360938
1,0.2768749876618666
0,0.018775447113232663
0,0.024287991469720664
1,0.22350174174154358
0,0.02733965464563138
1,0.21602801508937533
1,0.0958876876907171
0,0.0641420530775361
0,0.0625871238798803
0,0.04253660184071382
0,0.031141859531595803
0,0.24315033872220101
0,0.03698584824126686
0,0.13799057294495293
0,0.22476509823812185
0,0.1005167824935059
0,0.06130978848778199
0,0.10931973691203127
0,0.14911846763851788
0,0.05754561029699317
0,0.05170091858309426
0,0.36995297726456106
1,0.15189925842347912
1,0.09627532835809882
1,0.08284403502833634
0,0.20326123205012459
0,0.062070526127188136
0,0.21566210205814812
0,0.06384035748804182
0,0.06292494058321171
0,0.1172342861159855
0,0.0615581743348115
1,0.31009049212514833
0,0.0009745725382588732
0,0.30341848977084884
0,0.05298235908914641
0,0.19145148641983145
0,0.11015854383167101
0,0.09337995108299624
0,0.07937856377444608
0,0.04312944751732078
0,0.05206556039463205
0,0.20187622974499733
0,0.054756724902695036
0,0.21110615045840084
0,0.039755656337174164
0,0.018939982524741744
0,0.11002340821877062
0,0.06044882126496567
0,0.12229828261948766
0,0.03460921801725455
0,0.04906766350428917
0,0.17782051331575058
0,0.05244965377898026
0,0.06502543341743333
0,0.25233710154210615
0,0.058743437161493266
1,0.2412538483770349
0,0.026426464658749777
0,0.03594333562672533
0,0.06305849070626339
1,0.17266640478088166
0,0.053516274074581566
1,0.10210960300510503
0,0.11597296707563023
1,0.3475999194324925
0,0.24449000274997243
1,0.10736552272858223
0,0.09163982460956066
0,0.052257648756920766
0,0.165505027073102
0,0.13009525485250925
0,0.05304120699539429
0,0.25407442563255206
1,0.19308967767151586
0,0.04717310448467145
0,0.04912007652736656
0,0.19979137466061248
0,0.18722916612140916
1,0.10927990889565879
0,0.1263276476389683
0,0.06211620962777903
0,0.030592702172900756
0,0.030503747038267824
0,0.05473289879360328
0,0.05297647706979198
0,0.06831621173201351
0,0.06875770897866675
0,0.07700484715032234
0,0.02443158812248767
0,0.048601060218737564
0,0.024902205250063272
0,0.0597886296887854
1,0.3569125462553888
0,0.15200025329789268
0,0.2890126775281093
0,0.19537422496234577
0,0.045904958341997266
0,0.041848491253459824
0,0.028462117549706737
0,0.03810757525111063
0,0.019910694213958743
0,0.019910694213958743
0,0.049058467128519745
0,0.10424853312582526
0,0.23918990945856386
0,0.037332591721425404
0,0.26821244503287167
0,0.2807085697176944
1,0.14789596732459043
1,0.10457203796207913
0,0.044264512276042306
0,0.12411067573727692
0,0.06991809803595354
0,0.1396666321621172
0,0.02431770643423052
0,0.017707498303444265
0,0.34304677637074404
1,0.19130934840477135
0,0.052390811563824476
0,0.1435180058751517
0,0.05677825055029103
0,0.07520881761007166
0,0.041179722238891305
0,0.2587909392311936
0,0.08553626799569956
0,0.0340404899841452
0,0.05616742263679923
0,0.062214642753642475
1,0.11494442919336763
0,0.052908143866538956
0,0.04967807784426489
0,0.03017177296787309
0,0.035944580540615875
0,0.10858186888532664
0,0.05326825508221735
0,0.23204272782914234
0,0.0340444013968794
0,0.0376887753033444
0,0.0076667032295223494
0,0.037709537099177404
0,0.18012454159159305
0,0.1439203955111355
0,0.04636185923455083
0,0.049058467128519745
0,0.10570372922378231
1,0.15079803395263447
0,0.07581403417092424
0,0.03122445307764799
0,0.030857931311449826
0,0.10564911273423844
0,0.02099374724513443
0,0.0712139851065512
0,0.12144058148584823
0,0.11800925107201249
0,0.04138609036532531
0,0.04340371879222962
0,0.024504020808767703
0,0.01655638073332042
0,0.02959075156236441
0,0.016078164724664595
0,0.06140449538809627
0,0.050265572833899604
0,0.034811175723891176
0,0.09691549220120477
1,0.1789926080509229
0,0.02218894612846791
0,0.14345198709596205
0,0.05237060324708085
0,0.022243087137541744
0,0.013483947081514878
0,0.15735175157728964
0,0.15504640507628442
0,0.15295261720635447
0,0.34982090475402927
0,0.11069280581518007
0,0.27759551029163404
0,0.15753060728790383
0,0.024513678347182155
0,0.4467212333213645
0,0.06984408866486473
0,0.046430915603692786
1,0.1994826941069396
0,0.5211264749681909
0,0.08105727725540278
0,0.12360555461984703
0,0.07013605104580636
0,0.04399017932878963
0,0.09299047984403848
0,0.035586757636577156
0,0.05529609818685219
0,0.17801500318555005
0,0.054845582189100454
0,0.05686045389342379
0,0.07338554109720545
0,0.09017381943678295
1,0.01845840355903707
0,0.06223583521417392
0,0.05800724075231908
0,0.04925497853582415
0,0.061002421936902085
0,0.13526512688566944
0,0.1569989758501928
1,0.04700686862872965
0,0.03045897629255158
0,0.12178973352936165
0,0.05656276984305719
1,0.12036610574468781
1,0.40911719867968777
0,0.032532617848505876
1,0.16925044755224244
0,0.052723851437284745
0,0.11067334362684102
0,0.01506564893217594
0,0.03487105787901594
0,0.11089524420102016
0,0.05705441495480566
0,0.05596647328174076
1,0.12436683334811274
0,0.27004575038647105
0,0.10434424167762027
1,0.13840320798557515
0,0.0627206285642705
0,0.1106785557990224
0,0.01386086410194304
0,0.2762712494870374
0,0.034468501102317965
0,0.031068138855961158
0,0.037570106741845286
0,0.017127864048505654
0,0.059686956353421174
1,0.0916454809821449
0,0.043646845249891646
0,0.27664559231310354
0,0.20030580523883157
0,0.030933425073762788
0,0.11105516871835029
0,0.04738113836613862
0,0.049639801763383555
0,0.016256642964884417
0,0.05586563834624468
0,0.042829611660508304
0,0.034551436011340274
1,0.3120126801208323
0,0.2725976010244839
0,0.038857095477477524
0,0.061046644356879835
0,0.013980667781769755
0,0.11469277553759133
0,0.07538591528454276
0,0.0841428590887567
1,0.18117013515871197
0,0.055784453681358426
0,0.05013548912145816
0,0.194987566565049
0,0.03444646405166872
0,0.3834760095547115
0,0.03277100468572764
0,0.030503747038267824
0,0.14067134805141857
0,0.3522511707791941
1,0.2982991939285366
0,0.03785602061885872
0,0.05371819529185132
0,0.059367977768317155
0,0.15205790187192875
0,0.0486666947177999
0,0.2947727825201031
0,0.03325566440596594
1,0.09647732956162045
0,0.17448973949439558
0,0.07168863490267499
0,0.04711301850210839
0,0.04372348123618322
0,0.03939970375561081
0,0.04125973545326231
0,0.2846069055180514
0,0.060024739356231475
0,0.0173733302645969
0,0.041747323653837376
0,0.06365710383839535
0,0.013948842503703901
0,0.030857931311449826
0,0.04097710370223479
0,0.049072533027735184
0,0.06436643662160751
0,0.0735471691386814
0,0.04197935644394112
0,0.0941027809243903
0,0.014967336010687978
0,0.03979898093785628
0,0.10154358492180122
0,0.09408204188741787
1,0.1232895955591988
0,0.2744643154212732
0,0.13773744068724905
0,0.051247509770566836
1,0.18918500347962391
0,0.14172016278798422
0,0.027010259351717227
0,0.13876660987190315
0,0.05111144186926745
0,0.04618144552751607
0,0.2893940569136069
0,0.07834619913493074
0,0.26081640251173555
0,0.13137056866045804
0,0.07287129733153819
0,0.047506148769521785
0,0.15060439078526114
0,0.05314144033176553
0,0.05890548274175456
0,0.06227575744323463
0,0.03469101278139137
0,0.041580346957288745
0,0.15337230200311808
0,0.016166512121438995
0,0.12027929315260417
0,0.04916026389578084
0,0.04141113256821827
0,0.07408764955591245
1,0.1183834101644724
0,0.08892637127957177
0,0.029185519226643825
0,0.056762798973351035
0,0.12221216807077709
0,0.17534714972941015
0,0.03328818938365396
0,0.040166164121297636
0,0.07828444749813691
1,0.2043943059752724
0,0.04897061005066141
0,0.045759162531282316
0,0.05401835525849873
0,0.4666135955799471
0,0.016537157654203778
0,0.11121003647572138
1,0.2699532024483743
0,0.042057472481786436
1,0.1376737205130674
0,0.023036699736932262
1,0.28964706656852807
0,0.40942538334794437
1,0.27037075130135513
0,0.07477187294053621
0,0.06223814201277782
0,0.07466405193257618
0,0.296592551780297
0,0.051645720152407655
0,0.04899061232784395
0,0.015627616300106804
0,0.019079399369493752
0,0.07573459487255943
0,0.15143516397411494
0,0.0699337642832115
0,0.10563117790814876
0,0.04711056895147218
1,0.18343637453278724
0,0.06087169789320723
0,0.14510429943058925
0,0.03203915597167696
0,0.017752149307275974
0,0.036106923896970976
0,0.0433163517125352
0,0.047593741725094334
0,0.36108193682124007
0,0.11816311960581916
0,0.048674770380082444
0,0.061185773574161995
0,0.05271137523746174
0,0.018158369337355734
0,0.05386743379049853
0,0.30212624982812364
0,0.042706130967087766
0,0.06750495158449772
0,0.14335002987516018
0,0.09920218136674148
0,0.21891900574649487
0,0.0325359131390503
0,0.11276183282568576
0,0.12065545128713448
0,0.033668765561927695
0,0.015463208698927568
1,0.40275124241109106
0,0.17379448850171705
0,0.051438294349420675
1,0.1044345676350048
0,0.17754663006149712
0,0.164347896986599
0,0.13298435004460765
0,0.048600759037735274
0,0.04614445368396989
0,0.01676155912908258
0,0.12374817997356721
0,0.05023347586930798
0,0.29949683346354866
0,0.055488956716778275
0,0.04057889000110513
0,0.0671162384762568
0,0.24944878924014097
0,0.04902500651474961
1,0.22111157493966857
1,0.25093802262855414
0,0.05947803897447227
0,0.02464837425715431
0,0.05827936391603091
0,0.051978519186417216
0,0.014651303278453442
0,0.1800258022137772
0,0.06544342252441605
1,0.15891241015725885
0,0.02205591646834455
0,0.05074042998448606
0,0.06189832561678747
0,0.1558847034953842
0,0.02819472218921307
0,0.05832290248137723
0,0.1943902607198236
1,0.1436605278421467
0,0.10014371559656128
0,0.21669811954537285
0,0.03458417609053664
0,0.03327964413106468
0,0.011208442064941605
0,0.04643099191268148
0,0.04918419023324118
0,0.12107833969144843
0,0.030861463240626184
0,0.06959284686180829
0,0.10019964714566287
0,0.049058467128519745
0,0.09881422057564583
0,0.04837840344072595
0,0.040026588652826045
0,0.05583150952842688
0,0.07719367474570918
0,0.022552572528623197
0,0.05701717747357095
0,0.05326412892768223
0,0.06751240985155757
0,0.13699756994227663
0,0.14209529690045952
0,0.039494959990885384
1,0.0814163808004857
0,0.035099945426705435
0,0.05011572032635597
0,0.4742326303600023
0,0.06508741137252338
0,0.05412934637453076
0,0.06582305262885754
1,0.08022619800889357
0,0.03497501843318469
0,0.08240083879737854
0,0.2878959913738289
0,0.059249189759058664
0,0.019910694213958736
0,0.050278242923815164
0,0.06265620037982746
0,0.0384158698436415
0,0.05593203389165961
0,0.050415897680871694
0,0.043540108835539396
0,0.04917668995309445
0,0.07097457413541942
0,0.10348864927123062
0,0.11872361815514951
0,0.053823808590697346
0,0.040119549957387736
0,0.0497601070462485
0,0.041998048280433124
0,0.2870191891909849
1,0.10966705169229363
0,0.06801346971352805
0,0.05534589454007598
0,0.05176033883403729
1,0.1811477900078332
0,0.04851939527004191
0,0.10518822454257895
0,0.4331019065907496
0,0.32753035268789793
0,0.07121504725623777
0,0.05908352487824424
0,0.035334579774057046
0,0.07077565139138911
0,0.05661510534018611
0,0.009127852557137713
0,0.057546196782682885
0,0.01605268237751832
0,0.11105768032914429
1,0.11535109449108139
0,0.09482053632559803
0,0.09803963478893242
0,0.011922171278300732
0,0.03512222784712158
0,0.2195227425387648
0,0.06698693428976858
0,0.03968406287277037
0,0.13715333679275307
0,0.26619434139447323
0,0.051420522904116354
0,0.0710449618626174
0,0.03999318714522775
0,0.06001113292999012
0,0.07328016670250867
0,0.04324866491764357
0,0.21501842425249454
0,0.13778455254895544
0,0.07925558296026342
0,0.10318649779806531
0,0.1090767573851018
0,0.05727026737791178
0,0.174699999883784
0,0.05496906501033787
0,0.1869701985264908
0,0.06840587259767225
0,0.07398834814080976
0,0.01821959264407771
0,0.071817536273589
0,0.06571087888168053
0,0.062076091955317735
0,0.05867595675974238
0,0.04323037933201719
0,0.35960412592741453
1,0.2936636897774542
1,0.13187781363316167
1,0.18555449041387162
0,0.1988762209538236
0,0.07750104422206111
0,0.047826223326849625
0,0.28848826094948893
0,0.0326421098333229
0,0.050018474122324526
0,0.13258425176961303
0,0.40843267424656227
1,0.39677720254762444
0,0.016335274911427177
0,0.09219284229379936
0,0.14332772264701274
0,0.001332279345134112
0,0.015647519020315328
0,0.16916423357172136
0,0.04841720968691534
0,0.02957290016891726
0,0.04852528484252487
1,0.12393981519842574
0,0.04858631845013584
0,0.08626704961018203
0,0.03046084762796535
0,0.06021422105845197
0,0.14723261671483662
0,0.04505697786624985
1,0.11447867162728721
1,0.23283611969458523
0,0.044744989653976386
0,0.0482171079440221
0,0.03082551038931675
1,0.40869398489302733
0,0.04272146625814095
0,0.07764391486751014
0,0.052923375280917985
0,0.004379040300522786
0,0.37983273471792867
0,0.03495720439734449
0,0.017354420765174506
0,0.06772195271141292
0,0.048127359693228296
0,0.08868935315047165
0,0.048168476433615715
0,0.06191552404639222
0,0.038911801552231125
0,0.04494820944395478
0,0.15474462352375218
0,0.05642763362118721
0,0.01580010148369345
1,0.20586035718543744
0,0.03673195596998287
0,0.13548881972680124
0,0.11996348245479001
0,0.05779633120800478
0,0.13226988489800998
1,0.2577317191637714
0,0.058870469634070326
0,0.3226645813777352
0,0.023262831075735808
0,0.027195677505975298
0,0.013633314837088245
0,0.11835671131655848
0,0.03201228886584102
0,0.35125580548608976
0,0.035843695809135434
0,0.04061143921332322
0,0.14954700319805708
0,0.042471185483238375
0,0.030890151860179262
0,0.08496153289252341
0,0.04967408871659
0,0.12287904501656936
0,0.042598608265911005
1,0.18730015662484611
0,0.051058145429165924
0,0.04521378975103797
0,0.053913166452213536
0,0.06109129744713183
0,0.05946832053318507
1,0.195923846090553
1,0.1204764240234321
0,0.15615800740510336
1,0.13916938475377225
1,0.14213146195492343
0,0.04783404761393275
0,0.05426725521484296
0,0.0542243171795789
0,0.2636492529402507
0,0.15059354029054112
0,0.02560151562626163
0,0.03325566440596594
0,0.1163833986048595
0,0.37324837287406104
0,0.05128066364618182
0,0.056367523068441866
0,0.04764806883510665
0,0.2371960712206948
0,0.07460394147600398
0,0.31952702409800293
0,0.015480009923716002
0,0.2635132951353364
0,0.09510647193079176
0,0.029502579457109455
0,0.06646962370605818
1,0.19994411080344127
0,0.001746974540641464
0,0.03915464137654378
0,0.0645965638206866
0,0.016893740635044518
0,0.061284068469828666
0,0.030857931311449826
0,0.06786808335455688
0,0.056291780336537464
0,0.021363184136997993
0,0.012311646900400626
0,0.049217594098604885
0,0.02895303355044887
0,0.06640989874684819
1,0.5341974312364164
0,0.06677234994355258
0,0.06429564118472741
1,0.11449048850641022
0,0.12890097072404766
0,0.04305855429873259
0,0.12443968089421106
0,0.0015645402090948696
0,0.04336264942777392
0,0.13163515899520695
0,0.2914459494438782
0,0.050942157751557325
0,0.01591087718678134
0,0.13203306932720563
0,0.09568338450648314
0,0.0638428811457461
1,0.5335227971425793
0,0.4640968915182372
0,0.1533023285059448
1,0.10702777680456761
0,0.1120398030111395
0,0.1176897942306088
0,0.07984566548821641
0,0.05914252995951489
0,0.04342290566080657
0,0.194987566565049
0,0.25821060160587544
0,0.05117504452973091
0,0.0516837660325088
0,0.04690210608776991
0,0.01941014560458831
0,0.046928808313922925
0,0.04505541845008492
0,0.0496262917370957
0,0.05817075886463443
0,0.05987946771225625
0,0.032908795262174786
0,0.3483421397772477
0,0.11166155870637996
0,0.1503374570764496
0,0.039795972205407065
0,0.1283806407537167
0,0.028618001904014614
0,0.017752149307275988
1,0.10459672614723216
0,0.043968196056825525
0,0.018275449697865983
0,0.05911900718987251
0,0.04905846712851976
0,0.04246872912430235
0,0.05096316778826864
0,0.03610327930395689
0,0.02324701628456223
0,0.19542279886267294
0,0.1874136655626074
0,0.040582572176843655
0,0.22796079684615794
0,0.03289250181454892
0,0.10924830534104954
0,0.1309612448560471
0,0.28689743513133975
0,0.05077416412786961
0,0.1318200237533288
0,0.12775316917727259
0,0.05741622415005046
0,0.36910494555964013
0,0.06461417183590941
0,0.0535587857009963
0,0.03641215583294726
0,0.04247361714287938
0,0.05232774657601055
0,0.04730711903968331
1,0.1269539587438708
0,0.08054704133853242
0,0.3812152948238178
0,0.03212138702321058
0,0.12187681115810052
0,0.053735927106485434
0,0.04842334705586121
0,0.025295870475603294
0,0.06908306972116075
0,0.40363966005337787
0,0.014960803060356992
0,0.17675013115550045
0,0.0861425288378721
1,0.19048073700165336
0,0.26982466244842124
0,0.051944269483299124
0,0.04149017756801386
0,0.04947569813634653
0,0.14222034080254733
0,0.04755324061730767
0,0.08322988613543605
0,0.20889543824792284
0,0.06451640548859647
0,0.04305857861664328
0,0.07107796632879487
0,0.029947291616936104
0,0.042177728904895
0,0.07214744976009718
0,0.038623491739851114
0,0.047967769642076885
0,0.011796420264091029
0,0.1248590795732308
0,0.05317940632352922
0,0.200719545052076
0,0.2688717809398621
0,0.08518611493176394
0,0.04899597710687513
0,0.3528808285179088
0,0.036056231595081464
0,0.04412033349675716
1,0.21190076292885315
0,0.0384958395317366
0,0.05467272118084414
0,0.017752149307275974
0,0.017128433026928548
0,0.031582033471677186
0,0.0619952997289136
0,0.07094323981739051
0,0.03346155977900257
0,0.1602315506041291
0,0.4156355681002136
1,0.15112061646261124
0,0.16598005127619253
0,0.03240798137511295
0,0.04699645385837597
0,0.020083956248658663
0,0.01693385474124928
1,0.13514031280364625
0,0.04030144752836414
0,0.07966790403860109
0,0.053497720706927286
0,0.07101072924592282
0,0.06595139238623966
0,0.05642538015315637
0,0.04458592953650971
0,0.4030469162147575
0,0.027830847601786123
0,0.04065711054171846
0,0.05664267887864166
0,0.09211378722752012
1,0.26581501063286467
0,0.032848721583822446
1,0.19242129714764658
0,0.2271396052961494
1,0.09413089262275724
0,0.013861935135178197
0,5.107293719178441e-24
1,0.11465537912368363
0,0.0684921735597476
0,0.12048214649001592
0,0.022211685530622978
0,0.3239170183120015
1,0.41768123443087624
0,0.06048886597163566
0,0.2828364894545734
0,0.1817191751510905
0,0.05791967011241459
0,0.1113138339525948
0,0.2436783349513024
1,0.041310881217055694
0,0.08581158814864659
0,0.06009338407251602
1,0.20224090843647965
0,0.10039714256451583
0,0.03316517800589062
0,0.16933791797338993
0,0.20988527619410605
0,0.045005264160335325
0,0.050113313066635364
0,0.06255680710348178
0,0.02826073355037811
0,0.0530964038010396
0,0.04584379216535513
0,0.35215842326757496
1,0.11889536228396065
0,0.04197935644394112
0,0.10122183069445634
0,0.24022948526497717
0,0.015478121719348531
0,0.06848275766372645
0,0.05588801873765158
0,0.2928675837080456
0,0.0856571923000561
1,0.11831481033011969
0,0.03056375173421279
0,0.045425147139619156
0,0.03899989097926846
0,0.05647915663231965
1,0.43834546435523586
0,0.05126094751513455
0,0.06622630466624459
0,0.036891173153475544
0,0.0313844886475398
0,0.04179314581319521
0,0.03951888103423991
0,0.11906939468502725
0,0.1326590823077754
0,0.036738707934696274
0,0.05796585086801003
0,0.06122179534206757
0,0.04512553271745002
0,0.05295842121629412
0,0.05363190600366137
0,0.01707433426659821
0,0.13138155145337735
0,0.24154807517197516
0,0.14681415914260088
0,0.04572510308165823
0,0.10400437569784456
0,0.0610147470207805
0,0.050017426365624874
0,0.34302217351917447
0,0.1149958140539738
0,0.0474917853309706
0,0.07342828783662478
0,0.06130845935781851
0,0.04194829089659983
0,0.0501334068922556
0,0.05327002433516153
0,0.09994370354193177
0,0.12727297337535737
0,0.15933064189131343
0,0.16359611035747756
0,0.017269067910665018
0,0.04197935644394112
0,0.04565296681767864
0,0.05509600134708104
0,0.048879173747846553
0,0.024851673850478376
0,0.029997827299415927
0,0.01357115656915027
0,0.09035684502774147
0,0.06106044908209594
0,0.03236323343030609
0,0.014333942265677222
1,0.15081902051892412
0,0.013665584665638737
0,0.05702385770046467
0,0.056513284318979416
0,0.2890445018287894
1,0.14552779142241118
0,0.018713123485459445
0,0.03467434527080617
0,0.15704361407443299
0,0.046192311416288274
0,0.013273129666739264
0,0.07089570744756202
1,0.12453688426769288
0,0.030718791689344403
0,0.03483883794393392
0,0.01569056294256083
0,0.06601329343235628
0,0.060642762588688955
0,0.07960705458996387
0,0.05528626337246224
0,0.030857931311449826
0,0.04502740685521745
1,0.10942288313071614
0,0.05264180245429426
0,0.03942874681625821
0,0.04390757709508694
0,0.07191765917398443
0,0.05673899956266919
0,0.05900595343330601
0,0.030684509838431025
0,0.049441612796690716
0,0.05394845983417491
0,0.01508961598205258
0,0.06114943413584624
0,0.06176621607840976
0,0.15272640192991838
0,0.06462485388450545
0,0.03160480904168148
0,0.048752212756981876
0,0.24660380767952567
0,0.018212167571016007
0,0.030374131428819076
0,0.0602995847002034
0,0.18679490316667055
0,0.055295003244620555
0,0.05990324629901104
0,0.055758848400213654
0,0.12427854593646764
0,0.030503747038267824
0,0.11113340344826732
0,0.06654763686906033
1,0.2764689114177897
0,0.11819578564257392
0,0.04952994738973529
0,0.11042362278131236
0,0.05512841879999917
0,0.08898468042665791
0,0.12558509075448474
0,0.13173567478678555
0,0.11171699937767163
0,0.22736815714764147
0,0.06310779376945187
1,0.20998315920576507
0,0.04650536912062547
0,0.05504132892631133
1,0.09937108328347713
1,0.18753791622089955
0,0.10570561048538919
0,0.0703872758593782
0,0.05315049386965852
0,0.15538660055230386
0,0.006338277817799759
0,0.03535398858673502
0,0.021839692880450814
0,0.03209525750459667
0,0.06480676936307328
0,0.06084271194010524
0,0.06894144107681467
1,0.09312651379737528
0,0.05053146900561275
0,0.05398525844196947
0,0.03427265490978678
0,0.062169309699820235
0,0.12629749749339259
0,0.10726500026369404
0,0.016681004417129122
0,0.061818393792777135
0,0.022454289834131815
0,0.0314185011719725
0,0.030857931311449826
0,0.31547498230009363
1,0.3036029813055949
0,0.037867843406246646
0,0.14050483286965615
0,0.06401783454535713
0,0.06718232800782667
0,0.04727674706255699
0,0.09068293918110432
0,0.05199208504444738
0,0.03810275120794037
0,0.19004414723385238
0,0.06455258034531267
0,0.03062317236320037
0,0.07480534235682865
1,0.16862537718178627
0,0.05259464433207823
0,0.050726466747525
0,0.02684202475800599
0,0.035075476056450644
0,0.20988351403080563
0,0.11417133470947585
0,0.054673431581148665
0,0.15370949199115003
0,0.17754329636649727
1,0.0709099113381534
0,0.08918090044692725
0,0.03360341518373988
0,0.07107796632879487
0,0.05394845983417491
0,0.26877061476333525
0,0.42948033910789285
0,0.0768040883802601
0,0.16759550382767538
0,0.05191582703618506
0,0.05290103101002052
1,0.1904981353194258
0,0.089699759933531
0,0.12733772436575486
0,0.04631629310269244
0,0.1746489983411418
0,0.1009542201853701
0,0.0475249269941517
0,0.06028098721721491
0,0.26238922494744527
0,0.05966539253203804
0,0.03241377434028681
0,0.06195624265504521
0,0.04585979614017366
0,0.0484464175211783
0,0.04815757868380101
0,0.03816175808232443
0,0.1159481500501272
0,0.03727686273687416
1,0.12006689296727105
0,0.2050124327798705
0,0.051474886774147036
0,0.05709254710211498
0,0.05092772897601295
0,0.13047063626924954
1,0.1382674584416668
0,0.035146713176056193
0,0.013601637454226106
0,0.04119060989165161
0,0.0452037223203638
0,0.11883384683590442
0,0.06285451813614852
0,0.0739161066753661
0,0.03376387461462785
0,0.15250069135144848
0,0.07709712720182217
0,0.17114521452669632
0,0.0344302766965736
0,0.10067284221796102
0,0.021831705817764117
0,0.0837194862066541
0,0.05429409115054333
0,0.11762144452724273
0,0.3103504805471616
0,0.03589237482681507
0,0.044908115743065
1,0.12875907807999326
0,0.015163868904413723
0,0.030857931311449826
0,0.04483001980517415
0,0.04852276502290414
0,0.030744263289880225
0,0.044464406145642205
0,0.059316472338217546
0,0.0475068491388917
0,0.10775735376952746
0,0.0561810554803364
0,0.029914261070804502
0,0.00923198251053827
0,0.05715165987038157
0,0.07113934176085
0,0.09999567309186648
0,0.06689332752546515
0,0.0393534183212481
1,0.17295422070352995
1,0.1789003368170052
0,0.03380184121353005
0,0.07692557567843065
0,0.03452358027107505
0,0.32313775763829466
0,0.030857931311449826
0,0.14930738133643023
0,0.018158369337355734
0,0.08263203964673188
0,0.04556817527721146
0,0.015303373151162421
0,0.05709847919853097
0,0.16707956247457806
0,0.02969931098005828
0,0.16502657365677587
0,0.057130774701157336
0,0.03825918876788448
0,0.03364593140337755
0,0.04332969214049798
0,0.2624169250798799
0,0.059927174588705716
0,0.048172010348305844
0,0.017936901644271863
0,0.016166512121438995
0,0.05843013348956308
1,0.2086787066354299
0,0.030911838869907417
1,0.336755145009116
0,0.0717478445165676
0,0.02035435273419331
0,0.06413706213883785
0,0.03864987374151189
0,0.026993205907845395
0,0.013760652810806899
0,0.16357309605263048
0,0.05370959950096002
0,0.06540321295366351
0,0.028222296020867545
0,0.022487763376648744
0,0.22450085190239083
0,0.12065545128713445
0,0.030791441011700088
0,0.07870324974816668
0,0.056082325020610994
0,0.32330625518500433
0,0.09127526224367812
0,0.0610070098385557
0,0.4109048175477537
0,0.04347972160613039
0,0.06513971955374655
0,0.31137378827233214
0,0.4297102022992673
0,0.12896719456063951
0,0.0355044217674907
0,0.06791738333316133
0,0.053295779721158024
0,0.243980990907612
0,0.1622130841346816
0,0.013861773556957445
0,0.04557813504913395
0,0.06943648506595809
0,0.051697798753362986
0,0.05221707857997219
0,0.12714949608392248
0,0.043603755521474455
0,0.007807202061868101
1,0.12264908720978525
0,0.06273230482805292
0,0.4120381783033333
0,0.13583304693458959
0,0.05090422589060588
1,0.22177497558794995
1,0.1641854442801078
0,0.014915971776705375
0,0.0793787363312853
0,0.05006683876017771
0,0.07612017032787881
1,0.11842071198501065
0,0.06528406049927005
0,0.33896139164127864
1,0.34478582118224926
0,0.05394845983417491
1,0.15686015146538157
0,0.036329271859386676
0,0.06731501605697833
0,0.3889321509745157
0,0.03675208387418338
0,0.05943193787181516
0,0.03820810830525647
0,0.04548642590271873
0,0.04623606908819653
0,0.05441629400091792
0,0.016654190844797023
0,0.04350594892945112
0,0.030536199001764807
0,0.14280699337581032
1,0.21811349924857493
0,0.05277044545470065
0,0.33360968216873144
0,0.16999604240297714
1,0.11788878184180886
0,0.049058467128519745
0,0.06339367825581664
0,0.033382464735889794
0,0.04655493983182406
0,0.05621848088020373
0,0.18473413486088072
0,0.05048674487918079
0,0.15753060728790377
0,0.06601812165248747
0,0.03938230566279458
0,0.2197995652779961
0,0.07923777452614819
0,0.05624253018780219
0,0.08413008554221535
0,0.04127123001514952
0,0.14544028331077583
0,0.03386115146818628
0,0.05887408658605594
0,0.12456151814167224
0,0.04853810152362081
0,0.049055447371929385
0,0.2747924796243871
0,0.35331342155594286
0,0.058151891270118064
0,0.061508698919462444
0,0.1154948430319794
0,0.04145222376653547
0,0.14170146983085014
0,0.030857931311449826
1,0.12068266346332168
0,0.037630722436455495
0,0.5073653035842166
0,0.04128004109104661
0,0.1315085797484186
1,0.14854149078209733
0,0.21622699724880826
0,0.03569958297761033
0,0.07046090423386236
0,0.05792590371121693
0,0.04671813174872956
1,0.10765928162778296
0,0.08434206720128659
0,0.11725616681777334
0,0.03801807629902032
0,0.2827313779204032
1,0.18158675442600578
0,0.16276399953424944
0,0.34628808442964
0,0.0517236184613591
0,0.07325363030561041
0,0.40657284899312124
1,0.28483656419878006
0,0.4334690700050422
0,0.06129350057917541
0,0.2634771694170228
0,0.08486007037079106
0,0.11479532927012215
0,0.13978586790796166
1,0.2547748355420115
0,0.21935903388039502
0,0.013406333138897816
0,0.052551819247785035
0,0.06676693229909986
0,0.014478992674741125
0,0.2079911387544028
0,0.04097543564515509
1,0.13015672976069254
0,0.048907845194075844
0,0.09581723313997652
0,0.14640003948502134
0,0.044514936864207814
0,0.15658727040230083
0,0.03553831024351841
0,0.08296828720105198
0,0.05164481586927906
0,0.018142161594901167
0,0.03045897629255158
0,0.05512841879999917
0,0.021722368488144236
0,0.030236992364085818
0,0.11816311960581916
0,0.029190836520487293
0,0.14887256926013995
0,0.035255665005212745
0,0.048591939767426075
0,0.15869446867721274
0,0.25505778204269663
0,0.0652322554648804
0,0.03432357592070288
0,0.058692180489765905
0,0.30416832111764663
0,0.05258552891144757
0,0.19146364773252547
0,0.03458417609053664
1,0.16899531882812197
1,0.1079181746933105
0,0.07349474904757358
0,0.04702071911780607
0,0.0356838230904654
1,0.11267704081484656
0,0.05609638159955092
0,0.1114027420811131
0,0.06987273360051394
0,0.04600907820021472
0,0.06162002192626355
0,0.06393488284149654
0,0.03045897629255158
0,0.045021578986703704
0,0.05564717543399719
0,0.046480889323548526
0,0.0557991839204364
0,0.10819674686075254
0,0.016681122955900397
1,0.2681626317217205
1,0.08487722387828461
0,0.03175528468015453
0,0.03892655615608604
0,0.06911133262405882
0,0.016698424746745495
0,0.047421416855530155
0,0.05075298785066059
0,0.045247526822774976
0,0.40630269318070794
1,0.11379631473054147
0,0.05344148778427786
0,0.16108187073077254
0,0.056534893109998416
0,0.1383229419138883
0,0.05696342236301554
0,0.016585284171747188
0,0.04319873148214227
0,0.09796942779552416
0,0.2633159310166986
0,0.059198586479424345
0,0.06347064640407256
0,0.04845567999476381
1,0.20606177183818364
1,0.25095795638350676
0,0.2311999413778446
0,0.0965398831485843
0,0.016575989243662232
0,0.025614790207902412
1,0.096314056887749
0,0.06721798369319704
0,0.07500789206965268
1,0.12262516038347451
0,0.022856742382938208
0,0.04837840344072595
0,0.2832925011969675
0,0.01646054763706212
1,0.1751028245127163
0,0.13196486111082026
0,0.33368811010745514
0,0.07978438487921566
0,0.05839882151323801
0,0.2334724039055186
0,0.17509710882697843
0,0.013212944445711349
1,0.13510810671942236
0,0.05820389505882488
0,0.04646611442744171
0,0.14290074722928006
0,0.06278837411689117
0,0.194987566565049
1,0.29103022542987766
0,0.10336207242138232
0,0.05543312850464745
0,0.05883161175928196
0,0.0600270845634494
1,0.19302165231747156
0,0.09889201681043028
0,0.28568034667358266
0,0.051264892391796595
0,0.1332193134527201
0,0.06298739831880187
0,0.052892151645316514
0,0.37430892798835574
0,0.09703800691736761
1,0.3403203823808061
0,0.030503747038267824
0,0.05417641222588126
0,0.02909594542202944
0,0.062341191633125494
0,0.07454330961421098
0,0.21767741364719853
0,0.015593525128004087
0,0.04967336083042341
0,0.25209549960783145
0,0.014333942265677222
0,0.2601898555039126
1,0.3226555420029436
0,0.04267890965338931
0,0.17142369747328307
0,0.07818907346992673
0,0.41094476018570975
0,0.12107611744271228
0,0.05722367383714812
0,0.047606874659156764
0,0.017186947290431017
0,0.11105233673371963
0,0.03620792902748855
0,0.06361634087227501
0,0.11039744005598254
1,0.06621775159011788
0,0.07204182424385112
1,0.17934882807641322
0,0.04864995149659648
0,0.36061493779992015
0,0.054648342324132286
0,0.052986789861534093
0,0.0626109922317008
0,0.15658727040230083
0,0.044580385785944636
0,0.11690839243773331
0,0.04246962041166645
1,0.4349933778949065
0,0.3083996914081531
0,0.03342498957753436
1,0.1677992083289292
0,0.05013049079906268
0,0.051282160298875466
0,0.10517414162994071
0,0.20661385504470828
0,0.17292592442590027
0,0.13635515823390204
0,0.25043525527948596
0,0.04886078988958976
0,0.061441377838582285
0,0.0527263999633545
0,0.12310691710358422
0,0.030221079938606284
0,0.04937650589178553
1,0.4396623205805546
0,0.06059404159466499
0,0.047738471890441156
0,0.04418985761981753
0,0.05531780788550528
0,0.08600739465417173
0,0.13230614446030609
0,0.032553739059860635
0,0.05693933012135097
0,0.2476655755411157
0,0.20679618705778793
0,0.2113774779614016
0,0.04069001654923675
0,0.034136803155775386
1,0.32956610394955554
0,0.07146118459461204
1,0.1777428810662003
0,0.03842689385573411
0,0.03881860080879418
0,0.030503747038267824
0,0.062178058276883615
0,0.049058467128519745
0,0.05471609183220885
0,0.05713953586349906
0,0.03644182908326276
0,0.00040255531018246226
0,0.03382028062916027
0,0.05155295053399915
0,0.22967886090056666
0,0.0624834151029874
0,0.06401779767545647
0,0.07331077588890773
0,0.26540648060697325
0,0.030761483723322276
0,0.0438652552719132
1,0.15228097438560673
0,0.06492016201343963
0,0.04535288167864159
0,0.10981461785855581
0,0.32255175901367633
0,0.04864747124983475
0,0.05854795098619683
0,0.15595936669904184
0,0.08007553433727886
0,0.042561537947095406
0,0.09639964618073675
0,0.020591975861557445
0,0.04046461715827102
0,0.13082227785791778
0,0.15093735635343877
1,0.1478904112667942
0,0.030857931311449826
0,0.07065553025878427
0,0.12412591061178835
0,0.017354420765174506
0,0.018661035020212543
0,0.0475490349459139
0,0.11618838978369554
0,0.14340294943741333
0,0.022634030820340743
1,0.23741325439659003
0,0.14446309188717868
0,0.07927318432116594
0,0.031742479790836026
0,0.19729681184483414
0,0.2634718762725283
0,0.1267498663625545
0,0.03255195446978126
0,0.05586894127696198
0,0.04254194160591068
0,0.2600077736548028
0,0.11272314899123709
1,0.3773480163808305
0,0.11451140653392712
0,0.03332809032674758
0,0.06726867415546942
0,0.09376992968501943
0,0.06675611198574513
0,0.016029197401363632
0,0.09003082520139667
1,0.10629384552590311
0,0.2450491808058984
0,0.025013010492105706
0,0.11647410777281908
0,0.05616238586131182
0,0.03524200269848921
0,0.23380968750287395
0,0.06019253812463847
0,0.06248322737660204
0,0.06823542312398331
0,0.28319677659343395
0,0.0621690478588558
0,0.03173065446975167
0,0.030134802471194426
0,0.047413523210073014
0,0.046568152399711814
0,0.2260204933929869
0,0.03505338506056082
0,0.036510328232762575
0,0.3151425357395929
0,0.04197935644394112
0,0.03535795773342053
0,0.030503747038267824
0,0.04430093058429704
0,0.3621338705213099
0,0.13258425176961303
0,0.05627797093292925
0,0.3706314521061184
0,0.08077055593377391
0,0.03325566440596594
1,0.07100419578980875
0,0.11021758088803932
0,0.049411428526625244
0,0.04979033186021956
0,0.380225823620299
0,0.052248757676986876
0,0.050186653397000985
0,0.05083029493252485
0,0.04921247822936499
0,0.030700424205249387
0,0.055475551860191305
0,0.03777507045425487
0,0.04480962524792638
0,0.0904820543546421
0,0.047686919559284446
0,0.06346645295019307
1,0.09506741233427093
0,0.4007612747143875
0,0.0422536399852012
0,0.060856262416689365
0,0.05590026612219875
0,0.052551819247785035
0,0.2829394654867263
0,0.18768746364681213
0,0.14067134805141857
0,0.08281034169819171
0,0.0665539327293291
0,0.05082649794954372
0,0.047690369841840184
1,0.07030867633724491
0,0.09632134094217867
0,0.2405319141487216
0,0.043590387032884925
0,0.01583562580269428
0,0.14651124801964813
0,0.12925047420980812
0,0.0667631103741439
0,0.05454785688071897
0,0.2151824518739011
0,0.04197935644394112
0,0.06681790834601292
0,0.1218742511737142
1,0.11179009041630447
0,0.30216745531251077
0,0.04878734949509465
0,0.03555807575409042
1,0.1122965348749113
0,0.1121636595442107
0,0.031742479790836026
0,0.04197935644394112
0,0.04469340303942032
0,0.03920625666854102
0,0.3270152115630251
0,0.06908182112660662
1,0.21365606950054739
0,0.04834524918558337
1,0.162133908310761
0,0.0382734967985976
0,0.1554939078404039
0,0.10449895154744619
0,0.10823264312669896
0,0.05312613020695128
0,0.05903991129800819
0,0.05311936006501553
0,0.05792590371121693
0,0.17401541095563516
0,0.10035009845080786
0,0.04556584107705475
0,0.06118079121211032
0,0.06240890503592734
1,0.15431713373482558
0,0.07992606078949056
0,0.044387830984460246
1,0.09571764793385334
0,0.05772011678922119
0,0.17460755948422702
0,0.05270556839674145
0,0.23282933507587356
0,0.051519650349880784
0,0.01854500768842566
0,0.05568907524969885
0,0.05303160157286655
0,0.27311473324479035
0,0.07427072549982733
0,0.04107259683176569
1,0.17106560470791068
0,0.11002340821877096
0,0.014379275982084534
0,0.13966012754881438
0,0.03180626779185428
1,0.2728999456271086
0,0.36996479270200944
0,0.07013168667337358
0,0.03502603024523223
0,0.10286891042040582
0,0.03714330653956686
0,0.03229353450642681
0,0.08108694902548476
0,0.03078691430269614
0,0.051635712897337906
0,0.056930104554937404
0,0.04586183694141683
0,0.14055508066910702
1,0.2115614898858038
0,0.15378905251506764
0,0.0340404899841452
0,0.06518825161514313
0,0.24006961266112076
0,0.045528161167415794
0,0.05958698472715836
0,0.03326810156726107
0,0.25288021717616976
1,0.09788096428270672
0,0.4541332341321226
0,0.030503747038267824
0,0.10537375547207167
0,0.14343376619016507
0,0.04604834839723722
0,0.026308893903124166
0,0.06339097382972775
1,0.41133625366376986
0,0.061874193173775495
0,0.05885730700762372
0,0.16943728027462923
0,0.08244571713612664
0,0.24947820380458452
1,0.11837221700003228
0,0.13831997386833317
0,0.015647519020315328
0,0.08440294742813162
0,0.029249903150256384
0,0.018764945205501305
0,0.04345576633554648
0,0.05020083446641696
0,0.07263682085068848
0,0.1664691512432122
0,0.018158369337355734
0,0.051397154023968036
1,0.34553649602412595
0,0.08537068764043218
0,0.34628642557783856
0,0.04230846240357928
0,0.05422522055537677
0,0.017883074589519994
0,0.058000520687169335
0,0.05792590371121693
0,0.4512117967116799
0,0.12282927542017798
1,0.46450371663664813
1,0.10568557691062887
0,0.06611545054132019
0,0.055560443325720715
0,0.032582157456012374
0,0.14260717289794506
0,0.0435747919616319
0,0.027482554299537245
0,0.02157239875055109
0,0.03524579079723167
0,0.18676490062129905
0,0.3480248096572112
1,0.6097952851195894
0,0.017045766696926163
0,0.47910400281879656
0,0.037915588594289854
0,0.08861520242031047
0,0.138772841504369
0,0.10556118956391355
0,0.15012724693676271
0,0.06161066497671905
0,0.14582743015985872
0,0.17132008295830445
0,0.018488249535309573
0,0.04869966253826516
0,0.06739474590446565
0,0.016171657991262536
0,0.10813004585629901
0,0.017707498303444265
0,0.03289023242353688
0,0.1099268667257194
0,0.05575498524954475
0,0.210391692620146
0,0.057448492950724475
1,0.3854755760769655
0,0.014016478571369161
0,0.062241974685367525
0,0.10029575322471891
0,0.043090975160812325
0,0.10208300244797348
0,0.4225125666944032
1,0.13008389787689967
0,0.26546793051047907
0,0.04842422197788098
1,0.3400621836575961
1,0.5331139336228131
0,0.22309890245053385
0,0.04692258439680284
1,0.10796177598038913
0,0.31205195918560097
1,0.19919724264825553
0,0.05782623282696094
0,0.043047501792799876
1,0.12061476060460583
0,0.05062164050307022
0,0.03633902022225818
0,0.13752372703914076
0,0.05013049079906268
0,0.05554644050742057
0,0.38821321421519855
0,0.06194775651989675
0,0.06674927284108388
0,0.045777608237346286
0,0.013729617784639743
0,0.041010490938261396
0,0.060128486823754386
0,0.06146906895621201
0,0.013930385648922008
0,0.020907004585797227
0,0.047775374227802134
0,0.12808363371839296
0,0.05880888936029274
0,0.10486581984753174
0,0.042553513787253375
0,0.016379392905494415
0,0.14209418420454714
0,0.06258770721257943
0,0.175112180656901
0,0.05561696539071775
0,0.12779713652924707
0,0.014564644123849196
0,0.21275813084802306
1,0.14206165260046352
0,0.03176901325529315
0,0.1942112220494172
0,0.15312650970056504
0,0.014207594751587274
0,0.10877466154515218
0,0.03754492665323453
0,0.09632319801256696
0,0.17754472768163368
0,0.05638393983303723
0,0.05565720152334692
0,0.060421687810955006
0,0.09720057322511266
0,0.05417073593470121
0,0.030503747038267824
0,0.08441567608462938
0,0.04587353889303443
0,0.17794686292754153
0,0.017587813638176648
0,0.05849506811013877
0,0.1480027820188627
0,0.030857931311449826
1,0.1393284662510158
0,0.20960507645630075
0,0.030986080774047936
0,0.05231718182914224
0,0.016651967431662876
0,0.0858862408199268
0,0.08876674904755784
0,0.0607987782838511
0,0.030857931311449826
0,0.03131053122500042
0,0.4066313900566965
0,0.049058467128519745
0,0.015469390406534016
0,0.05634249295898641
0,0.05992988053874094
0,0.011549748297119087
0,0.12804691574024377
1,0.3738235597624029
0,0.05279790700162366
0,0.11352128301129956
0,0.018158369337355734
0,0.1775819227020804
0,0.11521668321675477
1,0.06489508145222107
0,0.44427141723050245
0,0.41832131880543844
1,0.08967141645111282
0,0.021955065490336986
0,0.04798373251059157
0,0.023995585420634402
0,0.033631625769108754
0,0.06298672334342326
0,0.15546651142102655
0,0.048846456050339264
1,0.34455247484142304
0,0.06547712668356637
0,0.331083914918307
0,0.11166956871059833
0,0.054500028344758235
0,0.41812022198945636
0,0.05685885217509461
0,0.4130487237102973
0,0.01444003532658842
0,0.030486397190620112
0,0.22696485945538505
1,0.12683293783783142
1,0.20415165405936522
0,0.03619280667509411
0,0.06241727181289779
0,0.01753620729630519
0,0.05179237314756839
0,0.2178784698432104
0,0.37929457771312053
0,0.049392772577862155
0,0.20993759097078923
0,0.38398932731388286
1,0.3135479068767576
0,0.06532203076488215
0,0.019910694213958736
0,0.43872884606370366
0,0.13579761466786994
0,0.06434508884886496
0,0.03736737252438649
1,0.2699070709912705
0,0.0887277682073814
0,0.043045167914376924
0,0.05639532557734351
1,0.15779426265381932
0,0.08326290474227983
0,0.0465249524450173
0,0.12650731516295133
0,0.026933669152907895
1,0.11446360033304966
0,0.04481036265981214
1,0.11562091985951166
0,0.24395226406217713
0,0.06463867343094737
0,0.06292961482807072
0,0.05026092461679367
0,0.038234680809588244
0,0.13477071117583236
0,0.03208687553581639
0,0.06372510323213514
0,0.013599410866444355
0,0.015551723901886647
0,0.02014387461406149
1,0.13178968702542965
0,0.04869598532434797
0,0.04510937271789456
0,0.09969952906758334
0,0.02234947311192205
0,0.13776487827548245
0,0.12473791560664693
0,0.04923802291839297
0,0.1416794061256511
0,0.16198089231826188
0,0.012597143678398169
0,0.06861311506392341
0,0.037663932004557726
0,0.08550384668597351
0,0.024887565794298048
0,0.030503747038267824
0,0.05920419526604593
0,0.0662991516283434
0,0.03790231792226629
0,0.04478688568748233
1,0.11841128439886467
0,0.05406314056141738
0,0.04395058079077783
0,0.04429854057506213
0,0.04769727070166532
0,0.05947597360366479
0,0.23230753418466527
0,0.09733929775760716
0,0.042030260272186454
0,0.06369260054720433
0,0.2876490594393134
0,0.02995149757964914
0,0.0479677696420769
0,0.0594503423005708
0,0.18934939457480254
0,0.1267463861886461
0,0.06394758219717178
0,0.05640447259178212
0,0.01362468535559847
0,0.06857788307131546
1,0.05897951383741558
0,0.06566455424877925
0,0.15531664424800878
0,0.16165111368279886
0,0.04997245235449268
1,0.20765536403807094
0,0.2525333633050905
0,0.05346906242842313
1,0.13789181274776793
0,0.03364235931335524
0,0.22743142942826516
0,0.12217991683352414
0,0.24759271177410902
0,0.03538614620037904
0,0.4298839259110643
0,0.03947995157427371
0,0.06045329579043884
0,0.06181405592170172
0,0.050960155917031444
1,0.24425033856431064
0,0.05780852944343748
0,0.05421224743376726
0,0.01025322836692672
0,0.09506971487717483
0,0.045711841412801484
0,0.12184903446384965
0,0.07739056999872361
0,0.02925407325661945
0,0.1358052977301072
1,0.018458403559037075
0,0.06359967184634621
0,0.27919361135868925
0,0.10696505836851401
0,0.060061533584914006
0,0.07448929353215916
0,0.04682022066317938
0,0.07795781085512353
0,0.2521110911057648
0,0.3238491241384061
0,0.1155589528642867
0,0.05572454870374481
0,0.12349181970870085
0,0.1905359867380088
1,0.10575791426382927
1,0.14062764118537463
0,0.40656261646320346
0,0.3772535379257839
0,0.19786083324978532
0,0.055782585876469795
0,0.039112616516798
0,0.06779488725796946
0,0.05005588497233727
1,0.13645814473449214
0,0.15919937684434554
0,0.06084095276194269
0,0.06015763977320179
0,0.03904928064239009
0,0.04642375006908726
0,0.04426933315615505
0,0.016434240058254366
0,0.09377294450444297
0,0.049058467128519745
0,0.018053865746826707
0,0.04373149174268738
0,0.05206665020846003
0,0.021765998649265456
0,0.0340404899841452
0,0.043920151199029984
0,0.049248716181591795
0,0.20404731239094223
0,0.04041300581547137
0,0.016166512121438995
0,0.05485459679091713
0,0.033160644495737315
0,0.046014222309886645
0,0.02606485571485161
0,0.15186539410552466
0,0.16332545615231445
0,0.02018706680947454
0,0.060291256084149716
0,0.20999531615898223
0,0.015061833917988862
0,0.03976756912475203
0,0.013807572268684244
0,0.054172729170622054
0,0.01889855701597246
0,0.11401461360101088
0,0.06104710442938541
0,0.055946803719035085
1,0.19517467076065945
1,0.11857066335016878
0,0.06137133973568295
0,0.05136979971518539
1,0.10683653115934207
0,0.14047257561588114
0,0.18167579117353977
0,0.13290592143334728
0,0.017026205368826663
0,0.4462529979225028
0,0.06635065928638813
0,0.09669054486450775
0,0.20249760882685156
0,0.030857931311449826
0,0.013010726811588214
0,0.038766351986359714
0,0.03925787412192479
0,0.2792783784257311
0,0.15618005638053678
0,0.013842665767701209
0,0.04176246822771112
0,0.0609532811741225
0,0.045849920488182254
0,0.25132682590680716
0,0.12917061284426112
0,0.06865033744936604
0,0.20366364062309686
1,0.29009650629578665
0,0.06715897481880981
1,0.4306986108592076
0,0.1109000105780712
0,0.07223741164241926
0,0.2371960712206948
0,0.046098117782756826
0,0.05172298180185184
0,0.0677151004330235
0,0.04730954668514545
1,0.19168803064946785
0,0.04197935644394112
0,0.012593571955384754
0,0.039775262249721416
0,0.11442153705338878
0,0.055323972349028826
0,0.02077603512652959
0,0.06285224145138513
0,0.09549985207904386
1,0.14007383126257647
0,0.11394906927233878
0,0.013833733388491318
0,0.02978829431767086
0,0.05952882012232693
0,0.01644631406368336
0,0.06570815622357293
0,0.06439736704056662
0,0.059225379174166495
0,0.0374866319215324
0,0.07895785864490203
0,0.06996230423800744
0,0.04935368782254212
0,0.04835476912988305
0,0.17729199149794397
0,0.016166512121438995
0,0.032862153355858834
0,0.02815970489147605
0,0.07376868161113552
0,0.09522730194880855
0,0.04226061369355891
0,0.31295238811142306
0,0.05877067128351779
0,0.04167776277485953
1,0.07925686342125997
0,0.052622967372334975
0,0.020900527452269585
0,0.34002361840971224
0,0.05233610908135737
1,0.2551339307719078
0,0.07876983667238292
1,0.391991224233402
1,0.018458403559037075
0,0.09208060133340917
0,0.051458722139167454
0,0.028721774008421557
0,0.02077603512652959
0,0.03319875329663672
0,0.05763103942312203
0,0.06035829750235449
0,0.02747074235110446
0,0.04784801175795804
0,0.18457505302887542
0,0.06413832310474832
0,0.04479316210054592
0,0.31766118079025185
0,0.08936195661795975
0,0.05710092151069263
0,0.06303752766057552
0,0.014469275915120058
0,0.02860181793264813
0,0.05743606340245484
0,0.016166512121438995
0,0.10318414769516157
0,0.029028031594949072
0,0.06295739732233238
0,0.12769295766379227
0,0.09582511735130858
0,0.04278099842167959
0,0.0882044119541762
0,0.02787694345259065
0,0.03539734696189856
0,0.14050483286965615
0,0.12914644089349347
0,0.049744877756025735
0,0.036001524374894726
0,0.07109892464910769
0,0.28933467820071046
0,0.05493851154916407
0,0.002983615530231497
0,0.0784617657400406
0,0.039162506012122865
0,0.3366087528551808
0,0.04263203122291538
0,0.03876361558083463
0,0.03780862591576018
0,0.1296863200378783
0,0.04444113580154452
0,0.09122433193935181
0,0.1346658743306377
0,0.06018501032177709
0,0.031022522544012485
0,0.05792590371121693
1,0.2189738772061201
1,0.3696200964568633
0,0.06849349110122652
0,0.0588778413007012
1,0.13814504410983278
0,0.047608967816171854
0,0.262769058922843
1,0.19859270680306426
1,0.1333578248430151
0,0.06254078457704178
0,0.05068058068154917
1,0.09645104139270781
0,0.14707053179412907
0,0.3653525248070524
0,0.16445478946439931
0,0.018934825858104805
0,0.07123243055925149
0,0.052132760211629686
0,0.1684871077520434
0,0.18270651837704835
0,0.056915851461438544
0,0.07258252820831741
0,0.03803798490387606
0,0.0719254504504618
0,0.13293093949367527
0,0.07778869022370512
0,0.03157462070275138
1,0.31956596686530614
0,0.05710222609426317
0,0.05442440358783081
0,0.06353404595984895
0,0.06606187735345907
0,0.28844964875961226
1,0.1647257096256809
0,0.004119115463581297
0,0.013178472597891549
1,0.26902632071087
0,0.1268306575775849
0,0.06972122125254956
0,0.03195073816271454
0,0.07443583019984523
1,0.1714903555736191
0,0.053117553241207906
0,0.05071263211214808
0,0.020515273911195515
0,0.05850371883375944
1,0.06535841964484247
0,0.09334657673755063
0,0.050696455438960265
0,0.04229093910885169
0,0.053313273183309175
0,0.10086572856647957
1,0.11335563339602811
0,0.06218506313107557
0,0.01706454682929824
1,0.0765220542888994
0,0.05216849929236748
0,0.06581043280593092
0,0.03728876235147448
0,0.08146946437444214
0,0.06008924068023383
1,0.10296727915293416
0,0.029980299443601265
0,0.051454891126298835
0,0.013196749818040221
0,0.1125218096764292
1,0.20917860899139853
1,0.12128272918593246
0,0.07580690356374813
0,0.20218514259229578
0,0.02651196295338143
0,0.05150120124353165
0,0.25967682898857297
0,0.06697003875463939
0,0.2867773539236932
1,0.11950752872283246
0,0.05176478631953479
1,0.11455705891826388
0,0.04635739557506742
0,0.053890581027601026
0,0.2411937499543881
0,0.09353669239310565
0,0.11485749377375055
0,0.04730530005781738
0,0.054241275810370394
0,0.03179198560814775
0,0.06125965733886776
1,0.12355568111824923
0,0.06537427040730913
0,0.03668156848966236
0,0.0398917189273036
0,0.044928145815824216
0,0.062335988986608956
0,0.034604068465272975
0,0.09689868145897237
0,0.4289795114800226
0,0.013678429372352661
0,0.0687667132824846
0,0.05428228928390695
0,0.04988385170671789
0,0.31223703643998174
0,0.005802313105602076
0,0.12039347233977482
0,0.07849039024702897
0,0.40276760316063165
0,0.11762144452724273
0,0.0665565257199434
0,0.06538572580058187
0,0.01879760173760091
0,0.07047090707366865
0,0.274306701732601
0,0.016013008708563134
0,0.4424087839328977
0,0.016608829057304576
0,0.17536985101085859
0,0.19953429795606858
0,0.05559855571164145
1,0.15255681265554125
0,0.09505086774191882
0,0.10648265642515575
0,0.16083625037843555
0,0.04322549391234431
0,0.33145134275186144
0,0.03348050969620698
0,0.0927739147445423
1,0.1372084394946903
0,0.05574146771509056
0,0.07548291550379052
0,0.05549582746183872
0,0.05098316844243042
0,0.0215917775884356
0,0.038188864305830544
0,0.035691893508586384
1,0.11409450802519029
0,0.46213934711574406
0,0.11851817838782894
0,0.027615328899263266
0,0.12060516554466262
0,0.08169020248899747
1,0.21357453441708552
0,0.046040032319399155
0,0.04773785702150895
0,0.11317898064563985
0,0.04839387866153849
0,0.06756536113141215
0,0.13652773230789433
0,0.10965673909896846
0,0.05798515028723738
0,0.09598752656351855
0,0.028883023131588727
0,0.1360822351051926
0,0.0363622133679182
0,0.05013049079906268
0,0.050505045405090855
0,0.0511399225368737
0,0.049837318037555096
0,0.038725276512846685
0,0.06139374353786613
0,0.21518072416004264
0,0.032853420751539957
0,0.1555287205566899
0,0.038869130871468954
0,0.050102887890626224
1,0.2569856461374513
0,0.1287921247924775
0,0.17612658591510086
0,0.11856385035065227
1,0.2383910020133552
0,0.0927739147445423
0,0.291601055636653
0,0.04259079213063538
0,0.05188491416895628
0,0.060515573212153166
0,0.060854572338692306
1,0.1770182448051286
0,0.0427642505940746
1,0.10291036098472568
0,0.06302684567622831
0,0.07067234063667302
0,0.04665024444797857
0,0.3566279213052797
0,0.14838098395284285
0,0.03737556180774654
0,0.08258046363754377
0,0.06387113081615439
0,0.0760144226079408
0,0.013833733388491318
0,0.0209376279680033
0,0.01655638073332042
0,0.046593119669536054
0,0.10889803120040814
0,0.028814222959381006
0,0.03985492516153775
0,0.13673542228538224
0,0.05619765290488875
0,0.40114606957731236
0,0.04905846712851976
0,0.05669455735735831
0,0.08311316019563551
0,0.05071373962113635
0,0.029584080897632228
0,0.2908548583366408
0,0.035039067877623474
0,0.12204306060936967
0,0.06292026066979851
0,0.32763040984145314
0,0.09409925257325195
0,0.08487087364576483
0,0.07302712437226852
0,0.05395830723717736
0,0.03798311272660487
0,0.14080626504035915
0,0.015645379804955253
0,0.04194250775191298
0,0.09429744870970717
0,0.16162294677483569
0,0.0592220136446382
0,0.012902995667690207
0,0.043968196056825525
0,0.01344988299094366
0,0.30740163333732007
0,0.06059884320841406
0,0.0761172063706699
0,0.022142791896685173
0,0.03325566440596594
0,0.04041461931143468
1,0.4720084392783416
0,0.05805015984260147
0,0.3625346419035674
0,0.017344181407839082
0,0.03744082457745588
0,0.030857931311449826
0,0.041065045185400564
0,0.04197935644394112
0,0.13134924640696422
0,0.028486606404810894
1,0.18915170261137856
0,0.05792590371121693
0,0.03248691080520686
0,0.053097011994692384
0,0.07401262264840952
0,0.033724982733362836
0,0.03828965665412613
0,0.02647186527703133
0,0.05584528472646515
0,0.14217515882238949
0,0.04705078448870108
0,0.1425799511386478
0,0.05384949459355239
0,0.06186124280680501
0,0.052747888253804144
0,0.05508548510643368
0,0.03971146413842757
0,0.059881325691456405
1,0.2265378047704144
0,0.059351745576716713
0,0.06340834624765626
0,0.16821233754437856
0,0.11747782342484994
1,0.10282652964202671
0,0.29599765990385396
0,0.07930353317128548
0,0.055345266815690346
0,0.01403972895615217
0,0.05263753306906029
0,0.019209716860966553
0,0.0554336441643922
1,0.14491899161644411
1,0.22416540055063797
0,0.04480207912284603
0,0.04455455165820175
0,0.054984506849432624
0,0.05453589857370289
0,0.047967769642076885
1,0.13069788900784354
0,0.0546191879180555
0,0.049531131224733564
0,0.061975144664635114
0,0.30681456892083075
1,0.092045357548431
0,0.028618001904014614
0,0.004207792439356983
0,0.1011468271599597
0,0.012681878045692763
0,0.09215192384162095
0,0.01684726190839424
0,0.05830739411378549
0,0.0311122390993189
0,0.06574115908994839
0,0.16656226601520174
0,0.3648533337338614
0,0.03532028598132898
0,0.058555256732105786
0,0.035984864788367835
1,0.1875036720590894
0,0.0322385209441036
0,0.016991379794827403
0,0.05918745601511962
0,0.03859993004943529
0,0.06511640541582758
0,0.04243229950956218
0,0.2537531232077328
0,0.027966205680779826
0,0.0976471698524071
0,0.01537960975240188
1,0.06479712992240551
0,0.05363113311212997
1,0.1606456754103083
0,0.0658736715915237
1,0.16838870005414167
0,0.05253849367129464
0,0.08717421713515651
0,0.01576895272359404
1,0.4110026193737456
0,0.036700570269306745
0,0.04884487140082525
0,0.06970568178929668
0,0.16539856053741817
0,0.03070835049322269
0,0.14008289214232855
0,0.06944144897321093
0,0.0540079217998052
0,0.0009745725382588732
0,0.016166512121438995
0,0.061494044139803195
0,0.16112392828887534
0,0.389836989801327
0,0.03764607476491076
1,0.11712619739190565
0,0.08580870580236967
0,0.2211006438333808
0,0.05464683169217459
0,0.045276746266034014
0,0.0624598854339486
0,0.05526345185554955
0,0.32342752142227404
0,0.06683545990036227
0,0.01681562640945897
0,0.015539100425299192
0,0.06833322584553471
0,0.047691880837519816
0,0.056508600966511904
0,0.09568399516982515
1,0.1430998055501057
1,0.09850733860082479
0,0.07486471499296189
0,0.0381996604374155
1,0.17111073005083868
0,0.15452448623786172
0,0.04122745038872431
0,0.07738050064142062
0,0.05701134530744787
0,0.15958940756108772
0,0.0318973230172643
0,0.01848638151698129
0,0.041907573411470375
1,0.108756300725791
0,0.03947581687414325
0,0.33183845393416195
1,0.34340999102663816
0,0.04905846712851976
0,0.057080254504711055
0,0.03868144042630549
0,0.037072688609751034
1,0.12598619138533398
0,0.2371960712206948
0,0.0271558545525547
0,0.06640509950633988
0,0.055509986424579535
0,0.12327160201283284
1,0.13368984440832352
0,0.04345110628637751
0,0.43261194968840594
0,0.038740129262401474
0,0.23056800025999194
0,0.06046615262924039
1,0.3388016262494848
0,0.06318053530009951
0,0.05452818779072542
0,0.2752544071851824
0,0.06848928243987916
0,0.03082551038931675
0,0.060887901467908935
0,0.05839747070086724
0,0.059507993216749586
0,0.08791149371224229
0,0.049730903356223835
0,0.013515392653502174
0,0.12066231535610802
0,0.049126368754997665
0,0.18227357663823557
0,0.044814393658073
0,0.1795415327581966
1,0.11275642890202825
0,0.032553751646683615
1,0.17053680459980305
0,0.4031850651434766
0,0.04253536867325572
0,0.39562636283820024
0,0.042863276080850214
0,0.04492764512468845
0,0.10887788235104387
0,0.07273832777260297
0,0.07921780289321347
0,0.03195073816271454
0,0.03534973162160504
0,0.1122800090712701
0,0.04953916069897672
0,0.12777957132028542
0,0.14752001020740063
0,0.055497134413575115
0,0.02876494422991194
0,0.07576687214821695
0,0.09568358781619227
0,0.013797364461187546
0,0.038183150282903915
0,0.2963695303853927
0,0.0427263806338325
0,0.057993684876121575
0,0.051320632268889874
0,0.026057213541963994
0,0.052964705337329096
0,0.03629357994797065
0,0.2525561578435566
0,0.0844291492371833
0,0.2704377993231444
0,0.2424502265471491
0,0.05544822560725548
0,0.03727152525684737
0,0.020661114450809568
0,0.04808883473541208
1,0.07488540331022095
0,0.10788009306525945
0,0.07642653159374739
0,0.19815983095318968
0,0.05165569950556948
1,0.09426757724988376
0,0.05855927975350839
0,0.08946137732856443
0,0.06305149469313846
0,0.02053076195993304
0,0.054956653322371624
0,0.05023548336820291
1,0.20064768785356912
0,0.048945324120269314
0,0.36893298888460296
0,0.06417432854263239
0,0.05424684710397366
0,0.3232647438518702
0,0.049803483822084355
1,0.11452002497364808
0,0.0381170198640829
0,0.024293754356523766
0,0.3201589619566411
0,0.016166512121438995
0,0.04644573717341064
0,0.04352358614458124
0,0.01591275155150782
0,0.05001965033639613
0,0.016166512121438995
1,0.2712533475506361
0,0.06317798301288095
0,0.03489897250500904
0,0.32099712944957964
0,0.0669696678236275
0,0.1792761164065822
0,0.1072838815732298
1,0.1372306618434539
0,0.05605883777248168
0,0.27394320219280055
0,0.03248505921616338
0,0.09945891532739441
0,0.04931869662791717
0,0.051062412049168546
1,0.3539599130844546
0,0.018118999243291915
0,0.12472784899246428
0,0.014313752411771383
0,0.11941271928238811
0,0.09862378098914487
1,0.16581019942204017
0,0.16437787416338745
0,0.048111133968085605
0,0.05490309754911488
0,0.0448319176746866
0,0.0904675748614816
0,0.2888284545416014
0,0.0488487300938508
0,0.06456326891216321
0,0.04197935644394112
0,0.3005226141307205
0,0.04640852152901663
0,0.09161244706536223
0,0.05333456903339763
0,0.017005079994659413
0,0.08606706880802541
0,0.017354420765174506
0,0.04696679763445745
0,0.07115790896407384
0,0.04885075252068693
1,0.1181907247510022
0,0.0670587217452487
0,0.060826929018248994
0,0.043448767879327145
0,0.06336679892958869
0,0.04068616006233955
1,0.0467996000577882
1,0.2166051906167999
0,0.05295242307801769
0,0.015647519020315328
0,0.046421095429185766
0,0.021074858940643173
0,0.12110347565548042
0,0.035896140760648024
0,0.05007730871678405
1,0.317622522155502
0,0.019165778222913054
0,0.04355676244552184
0,0.01358611060819091
0,0.05754133624682267
0,0.2662737115117814
1,0.14640654646929877
0,0.04579944060901599
1,0.1255631421473306
0,0.06049277007466043
1,0.15926821313362355
0,0.07972789429860584
1,0.23771369248064908
0,0.057581945605196215
1,0.13711461161261124
0,0.03762901019789352
0,0.02553618669352343
0,0.056771472848257336
0,0.04102345809589543
0,0.04312846361373417
0,0.09748568345270282
0,0.031646786065485474
0,0.3967616415356459
0,0.0001888095106581426
0,0.019933361842429238
0,0.04778898195224819
0,0.07592455797617091
0,0.042963287312254954
0,0.05792590371121693
0,0.015349575509716641
0,0.06418692011548292
0,0.05985944559078942
0,0.12038538232226619
0,0.28164324174569244
0,0.12151654244956049
0,0.017103638678107363
0,0.033760722241530455
0,0.01793502988755997
0,0.09731433838249201
0,0.05286728288006114
0,0.11358868324799429
0,0.05706038625814432
0,0.11106886590739506
0,0.22918286692156317
0,0.06601343787505957
0,0.04468577395645601
0,0.0331369701904209
0,0.015979806463577606
0,0.06118885520962429
0,0.062174125570241615
0,0.06362203598287637
0,0.4143458528673863
0,0.029631531282927035
0,0.08433727158694511
1,0.15005069824426287
0,0.04122046635854233
0,0.05655635230790245
0,0.04721589446504887
0,0.03563527337519713
0,0.15467762838136243
0,0.03988975262722033
0,0.1544939460662561
0,0.13079345292835248
0,0.09727164950652131
0,0.05485323307056613
0,0.031985057838200916
0,0.05929811242785906
0,0.013930385648922008
1,0.11191961007817232
0,0.03246008799020325
0,0.16078229521030876
0,0.0006493857983638751
0,0.17153800787612186
0,0.2987261340377461
0,0.25209732908797866
0,0.04768099827215543
0,0.035791676129629385
0,0.06791353261243029
0,0.04077653382300649
0,0.05156320299347784
0,0.17535135760083864
0,0.40081270434396143
0,0.2918274578604744
0,0.15539996158594194
0,0.10043525037337848
1,0.1486096709753321
0,0.09251051412831278
1,0.09980285664866495
0,0.022845535149017597
1,0.19431036841280094
0,0.054940724812728124
0,0.08769544373389127
0,0.15336389834136432
0,0.03572255345531469
0,0.11298330830361811
0,0.14170146983085014
0,0.10481511496044013
0,0.018961536948700067
0,0.018270777403143285
1,0.07839399931188931
0,0.058735351798249506
0,0.08111420414481735
0,0.02536967298576272
0,0.060524447728732576
0,0.02916742773037448
0,0.02192729234607941
0,0.05490625549007826
1,0.11695341129546423
0,0.20358597854087204
0,0.14793004745332175
1,0.1893903899908496
0,0.07013245599568477
0,0.018158369337355734
0,0.05494110798001502
0,0.03645382265045241
0,0.05190117620969782
0,0.05926761538065081
0,0.2907221609754737
0,0.15178490294925767
0,0.055570556304584795
0,0.017354420765174506
0,0.12786317426408336
0,0.20095208973024167
0,0.057391720777457085
0,0.1259877536845909
0,0.41804032655412676
0,0.00807407610930608
0,0.05313102488511342
0,0.09746731820567922
0,0.17741854927395118
0,0.04906158725862244
0,0.0631401563931533
0,0.04727599460754939
0,0.05065910154770445
0,0.029921141463637835
0,0.04001566726100078
0,0.11838191239522906
0,0.049058467128519745
0,0.05963139011077373
0,0.06036589388410705
0,0.11727180645178586
0,0.10162379599372244
0,0.04398966413363611
0,0.06047973465216086
0,0.28337778885193116
1,0.11063147158080605
0,0.01706878497807511
0,0.017299957748173157
0,0.037962293470905836
0,0.05487354307231103
1,0.16178031328191372
0,0.1408319698298052
0,0.08015868070487309
0,0.089699759933531
0,0.09835825032967221
0,0.08464489485967168
0,0.05394845983417491
0,0.1408319698298052
0,0.0526707368857941
0,0.047669188314442855
0,0.2129529078486919
0,0.03485391166704286
0,0.03968196954624155
0,0.11661134006502034
1,0.16517346525630838
0,0.056508600966511904
0,0.07611347682432498
0,0.09016400701032003
0,0.12739292905766683
0,0.013957374081782005
0,0.12272012136958482
1,0.07729263865701658
1,0.09625423224935896
0,0.07204465425354846
0,0.11120917986012713
0,0.06704376834329255
0,0.15817592056811858
0,0.0720764939215877
0,0.2016089008430205
0,0.09083879221624681
0,0.048622713240644114
0,0.03659396199319543
0,0.07366741969708175
0,0.03720800737829439
0,0.01668852586399492
1,0.32606660035801305
0,0.05204401787051704
0,0.051488635031205404
0,0.1893360236127851
1,0.11041652827281209
0,0.10195173772869053
0,0.16380829951692732
0,0.016537157654203778
0,0.030569451504920332
0,0.0427118529195325
0,0.03184762849129663
0,0.012109254098889357
0,0.030503747038267824
0,0.047889098977542184
0,0.12017972895924578
0,0.3020816676544941
0,0.26319962089018645
0,0.06550899811369978
0,0.01641417981827221
0,0.05394845983417491
0,0.01392233625049012
0,0.052748259268025524
0,0.06750257011221188
0,0.1490162412957514
0,0.02147525299077067
1,0.0990125692856506
0,0.0511651116912503
0,0.04197935644394112
0,0.016713355952664453
0,0.26075574707312615
0,0.033359956506316034
0,0.047663543847739104
1,0.1657182157881353
0,0.08824285136079517
0,0.07031569123365487
0,0.02077603512652959
0,0.018871969411927113
0,0.05602823613753275
0,0.06962077742470586
0,0.14173859915609138
0,0.22681349242563092
0,0.03638958979587535
0,0.2982548885266723
0,0.0557637257583076
0,0.04726478806158961
0,0.09516662120407654
0,0.3884743003838529
0,0.17424634225676766
0,0.04778442927401076
0,0.05549146713444667
1,0.12048920548486661
0,0.06497495591809639
0,0.02266657166064409
0,0.11812559871961514
0,0.06191048410778606
0,0.05420957080605801
0,0.04796808480695469
0,0.06494847356949163
0,0.014278454126010358
0,0.05323916429491152
0,0.12023439989118564
0,0.03744236655326138
0,0.09664504946871763
1,0.13604034301616225
0,0.05278468414851189
0,0.001462407715574518
0,0.016801786213506042
0,0.11362472062799571
0,0.050448174524375576
1,0.1771769214175645
0,0.11006703416466156
0,0.15728302942793845
0,0.022870856004532435
0,0.1905068652123354
0,0.06112168484646438
0,0.04413097701206709
0,0.03319122049328479
1,0.2807391401372159
0,0.048158150335804076
0,0.014969098213584924
0,0.17235682366814656
0,0.028461095403031086
0,0.04583747141100895
0,0.09520665678315754
0,0.013851708517050318
0,0.07163998735261459
0,0.06874057215284908
0,0.04704929873155487
0,0.05473975491857218
0,0.05688604401807486
1,0.38406829497738876
0,0.07039146970431552
0,0.2793971776320124
0,0.05622236666393104
0,0.07003590652600833
0,0.023725522301227892
0,0.0447945465235747
0,0.047643111162282176
1,0.1783395116733899
0,0.04921247796710486
1,0.2574417454275925
0,0.02445076797514069
0,0.01647317349995565
0,0.1637181777256789
0,0.07575111936041103
0,0.02412622384444529
0,0.04008647651530452
0,0.051567954423033545
0,0.04609390116549741
0,0.1319285762845905
0,0.013842665767701209
0,0.04218196714343364
0,0.04435991601007966
0,0.04197935644394112
0,0.14680259108788873
0,0.11671326055827874
0,0.07626280133256401
0,0.08445284738883359
0,0.01549578633356422
0,0.11964084821655857
0,0.013340933048618766
0,0.13493479844667097
0,0.05553926046058411
0,0.015381243429728306
0,0.06125374026319688
0,0.22528824545557175
0,0.03134513053628182
1,0.11345002756977898
0,0.053115040238261135
0,0.01645332615835568
0,0.01378660292496178
0,0.06691732863180304
0,0.01742699755372327
1,0.10140317286658346
0,0.011517243136495763
1,0.12940255781185872
0,0.08561972762985436
0,0.06744535677821843
0,0.052551819247785035
0,0.04826921991740695
0,0.09877431884749963
1,0.2024279017161055
0,0.04909071390541432
0,0.14170146983085008
0,0.03791685325522788
1,0.10626534840868844
1,0.10628690889248725
0,0.04912837337658121
0,0.03862191134253769
0,0.1338520640926141
0,0.05526662434682436
0,0.030857931311449826
0,0.3801236581936775
0,0.04119031638355468
0,0.09974878571953227
0,0.0697792556589296
1,0.29593733514654413
0,0.039539311009628215
0,0.14538008414915865
0,0.04336473353560449
0,0.0442840247510391
1,0.2817142509266167
0,0.04351141426817786
1,0.4964402525921226
0,0.06246125300748776
0,0.15646725043933324
0,0.03519570849568715
1,0.1366287115920903
1,0.17380662446438133
0,0.04986613862206316
0,0.052047724247070694
0,0.12782521344048445
0,0.06452998664837507
0,0.06823332915168322
0,0.06215371797579657
0,0.046378073116011595
0,0.03175013062516736
0,0.12741319800416004
1,0.10461467970455514
0,0.05217089985814935
0,0.20172951393433272
1,0.19927825671134625
0,0.15246564445023833
0,0.2122068563493161
0,0.05013452390099187
0,0.02121607965174341
0,0.13002366337173993
0,0.06750658494701886
0,0.1110556528009177
0,0.053232670479792965
0,0.0882425256054531
0,0.35799654747939935
0,0.07951631380280429
0,0.042915537391340366
0,0.02227245063973339
0,0.11064986415234374
0,0.04792822690843176
0,0.04797835213508107
0,0.03317709482624215
0,0.016608829057304576
0,0.049529600378178516
0,0.07542050029379854
0,0.08047169335622029
0,0.06114138665215497
0,0.021676077444697323
0,0.12048214649001555
0,0.0619770042060555
0,0.05490897243299432
0,0.06445460863312114
0,0.20982183521382303
0,0.2856939642192358
0,0.19472632298398573
0,0.07813094628899608
0,0.46172006683819017
0,0.14957327483030747
1,0.2156652967236982
0,0.017707498303444265
0,0.04379005795513706
1,0.13573838608903527
0,0.04197935644394112
0,0.17854574217154157
0,0.04424029509988767
0,0.20984092131831064
0,0.2758382733921855
0,0.0656165852308456
0,0.04251428221449354
1,0.12325314143453872
1,0.1204104715101482
0,0.02146745110906752
0,0.06171145792232005
0,0.4322624878345626
0,0.165717472254051
1,0.43738582100590406
0,0.07171896612784519
0,0.052397154901031494
0,0.013807572268684258
0,0.06219547173632874
0,0.033210180771462545
0,0.073839730598342
0,0.09148530941364155
0,0.12343122355089678
1,0.14718020315645697
0,0.030503747038267824
0,0.26116601046016197
0,0.04725893105454354
0,0.11777401432335002
0,0.05245553731859702
0,0.052625205662966426
0,0.05290103101002055
0,0.04601368332107078
0,0.0512586878351245
0,0.04900770645944748
0,0.044366048644234476
0,0.03797050359139282
0,0.07110769606956266
0,0.011574984491678599
0,0.032276199470149
0,0.05280380397970556
0,0.024168939488450898
0,0.05659185591089869
0,0.047538767554361115
0,0.04281490558737333
0,0.0856463543143848
1,0.12193846059433329
0,0.07814273082270423
0,0.04504387246552111
0,0.046888803459414506
0,0.15580546120209127
0,0.43387296111773166
0,0.024303197486456582
0,0.053146035229487874
0,0.014843735491950609
0,0.011141182167425356
0,0.05569810517366026
0,0.07444520458339164
0,0.10741418475697334
0,0.013249496370824308
0,0.05063379853437686
1,0.09849549218035604
0,0.049058467128519745
0,0.0405957017777178
0,0.1123162819460945
0,0.051537887369847
1,0.16584278429854002
0,0.11572936304751687
0,0.016666989228511366
0,0.051084897747587885
0,0.03995998605145376
0,0.11593943733512348
1,0.12332349711341119
0,0.05575739185730819
0,0.021850215258077385
0,0.12997056851373237
0,0.033801571029543766
0,0.12347772253014423
0,0.19396404373193601
0,0.23683974185975082
0,0.05792590371121693
0,0.594354170241627
0,0.05394611714534966
0,0.05615568736311319
0,0.17886431312719892
0,0.013807572268684244
0,0.16825404850707987
0,0.23279275899801705
0,0.03584571720879472
0,0.05168213321224102
0,0.027015672858256633
0,0.06015319288510814
0,0.11182503052243696
0,0.05298238710233543
0,0.06067897987230619
0,0.11406986707725172
0,0.06455734349830544
1,0.18110376737236675
0,0.25634067083212975
0,0.41627831595818543
0,0.013035868150054425
1,0.1771412903668506
0,0.015731995930684778
1,0.12407851131555435
0,0.23187703881864244
0,0.12965512941748136
0,0.04385194594826252
0,0.3740319087363361
0,0.04736500689095563
0,0.16363451220288153
0,0.04833529641146203
0,0.03325566440596594
0,0.02132121193222898
0,0.0171913457755456
1,0.15562686155690864
0,0.09006790589177144
0,0.16094609268142065
0,0.20884940521846726
0,0.17803553127387975
0,0.23140197627253112
0,0.04464266607829658
0,0.1410021022177053
0,0.047349991650196925
0,0.35953139833220404
0,0.049058467128519745
0,0.09118076289450117
0,0.12769295766379227
0,0.03203915597167696
0,0.031490251481942344
0,0.04630847992748936
0,0.049639801763383555
0,0.06144242021248819
0,0.064133190877952
0,0.11051618805495987
0,0.03302952452370086
0,0.11540436845864803
0,0.030857931311449826
0,0.06120356561892427
0,0.1605972100289272
1,0.14290979842134585
0,0.059479956098811744
0,0.03868144042630549
0,0.19100177270922034
1,0.3201282883014561
0,0.18060436969432997
0,0.05441629400091792
0,0.037066802505996574
0,0.04977545007649539
0,0.05218131221429345
0,0.05985181343884374
0,0.3381838282514616
0,0.24795365062836577
0,0.048336625313479445
0,0.012220580872923477
0,0.14226968396388118
0,0.040795231964000915
0,0.06454478020765256
0,0.03644085569595194
0,0.20344602975964005
0,0.0009745725382588732
0,0.016166512121438995
0,0.1784218954502827
0,0.04197184351184621
0,0.03600798217191286
0,0.03188102220651372
0,0.060130548825095734
0,0.043338335786665155
0,0.030847844569739834
0,0.13444614054423018
0,0.47187028757779886
0,0.154773164898934
0,0.11019896929715892
0,0.10313742391460819
0,0.31162968929240925
0,0.2526634625725156
0,0.13090613719243788
0,0.017335136481558336
0,0.02485418652030098
0,0.07235221770151827
1,0.30161908145848804
1,0.09884235090448935
0,0.44545960576260224
0,0.055185681817781725
0,0.0661094001881369
1,0.17887810687035435
1,0.28067709789439693
0,0.34353426488811567
0,0.0002788275138456993
0,0.30554581197214387
0,0.04444720833217643
0,0.08677221507884383
0,0.08265073729651136
0,0.2859705997431288
0,0.015217895062945429
0,0.017286668871972218
0,0.17850162942101847
1,0.2849407324958144
0,0.02919631188006971
0,0.05792590371121693
0,0.06045131852520662
0,0.05450183849772793
0,0.09167907345466494
0,0.01180523593824198
0,0.09738555483700666
0,0.055919836974759676
0,0.35807781059016136
0,0.05942062202358105
0,0.04594496926419515
0,0.0502046491275052
1,0.1936318664396729
0,0.1790636754005495
0,0.05513388568288624
0,0.05653862749586468
0,0.05277535920899524
0,0.014680680167680074
0,0.012824489426198588
1,0.12313287664750844
0,0.06218130757992953
0,0.054357747077570906
0,0.10529958850292918
0,0.2507050641956309
0,0.06089320389308895
0,0.00784808978252833
0,0.016720225608157353
0,0.02602087486481374
0,0.05926761538065081
0,0.07806373914425331
0,0.034025510961257
0,0.01703627251438833
0,0.10171574971563421
0,0.0447631173563547
0,0.07381351311910118
0,0.053453859686212545
0,0.04160904955720247
0,0.3381480477676762
0,0.15976953162150181
0,0.023930701985809426
0,0.057537054706713144
0,0.30994334888303415
1,0.09981565973280529
0,0.15420782453549617
0,0.0507728106845344
0,0.15608213033468538
0,0.04367489038913287
0,0.045956915528072954
0,0.050575770182960056
0,0.026650876197854948
0,0.06339877130780658
0,0.06374846168930674
0,0.055335966785569214
0,0.06713109922579806
0,0.09930341686350218
1,0.18686791489537102
0,0.10974423130113356
0,0.04860435023721065
0,0.07506281548478223
0,0.0383332236976331
0,0.13778406073699417
0,0.050182605907164
0,0.09118102273116517
0,0.1202046437130848
0,0.0414216877578879
0,0.177299549601368
0,0.03876851891227611
0,0.36553195290451684
1,0.04621772767655675
1,0.3509921718020178
0,0.3647218120169347
0,0.1510177899697705
0,0.17953680871663869
0,0.1415799572962867
0,0.058966279437340945
1,0.27440109377093214
0,0.001360016353792215
0,0.0967646098000311
0,0.05940140637623271
0,0.26780873850771514
0,0.15658727040230083
0,0.11037620374334238
1,0.13516761938488284
0,0.09006503359148837
0,0.05885527980022841
0,0.05663051323234438
0,0.054879971475359356
0,0.41639824391423275
0,0.07164385124716581
0,0.06540072383715535
1,0.12398877268113168
0,0.24568776059464675
0,0.041907416418936194
0,0.04638279698490726
1,0.17626745284421114
0,0.06568713806696186
0,0.38654833919737014
0,0.07003791966464874
0,0.23284742869973996
0,0.06461967586066544
0,0.11644028902601362
0,0.046502613980019945
0,0.15370949199115003
0,0.08253495790317872
0,0.05196421510729445
0,0.08483392413154306
0,0.08018244544252938
0,0.14246685428730713
0,0.15364497339019031
0,0.049639801763383555
0,0.04764584231069909
0,0.06535666931681354
0,0.02660636185704346
0,0.09950252417752431
0,0.04071205791239638
0,0.03573328645649829
0,0.06613372837417339
0,0.04458948949368751
0,0.03587283853273565
0,0.01582027838303554
0,0.04631099552370912
1,0.11832661233951973
0,0.07015568585397217
0,0.048249402512732374
1,0.16673546903524353
0,0.02413525879277812
0,0.04780212708701972
0,0.015547657418947494
0,0.036916040155977416
0,0.37721660384995964
0,0.008840539729589082
0,0.1426927361049898
1,0.17706482800129328
0,0.026031438894390486
0,0.04989608452111019
0,0.13056553987485958
0,0.21393178641259972
0,0.17158932151666234
0,0.04000194485820722
0,0.04781034773746369
0,0.20181494152120402
0,0.06127671836022205
0,0.04198755440006511
0,0.17461015918713288
0,0.0672909629094139
0,0.04545321185871603
0,0.06065231521486409
0,0.014969098213584936
0,0.13232731584618204
0,0.13477710654610334
0,0.016784864422885536
0,0.03368539647210586
0,0.26245385768992047
1,0.10461247732129286
0,0.06458696929940781
0,0.04567997617214175
0,0.14380585673750346
0,0.03051908563455697
0,0.1999212632282974
0,0.06338607350087862
1,0.19268418664805015
1,0.12437449356392483
0,0.06523621453637161
1,0.11378769542473362
0,0.0728884688050706
0,0.12762669975175747
0,0.2411008836220654
0,0.3322691341272598
0,0.34534362491050175
0,0.06439817731139635
0,0.10427134882643578
0,0.0855583704582875
0,0.05211482084702656
0,0.04580810122675289
1,0.1525999573506823
0,0.12059060040289807
0,0.017321965469450584
1,0.15719507599533392
0,0.04766699784446109
0,0.04993229227442732
0,0.06883441904323562
0,0.07804953712321883
0,0.11002340821877096
0,0.07250010466406606
0,0.05410846774136263
0,0.11972068411929002
0,0.07597733085437974
0,0.061093462357788904
0,0.0976405970077963
0,0.026120922083518183
0,0.17260169915426263
0,0.05191185449013675
0,0.04455405909643507
0,0.24265709934494695
0,0.13067773596160667
0,0.05219967781267766
0,0.05049612571118005
0,0.0719959558655133
0,0.030945738106758155
0,0.05256802878994158
0,0.016720225608157353
0,0.02205591646834455
0,0.04499946855380997
0,0.07581403417092424
0,0.013506498344475747
0,0.047298669136069824
0,0.05898770701436261
0,0.04905846712851976
1,0.07631843495611351
0,0.25580637180880467
0,0.3594953600307906
0,0.0509419911738968
0,0.07280573745826646
0,0.392040915858209
0,0.015887111287383897
0,0.017005079994659413
0,0.0696766291683848
0,0.04594496926419515
0,0.35151559696188633
0,0.03896682127709784
0,0.05637584624319849
0,0.1362001780752184
0,0.046742797043724534
0,0.0574339142335906
0,0.03702279766657471
0,0.051820785028955485
0,0.04525423353629554
0,0.025155943031633852
0,0.027720557582929673
0,0.05761614094488087
0,0.041874448312775474
0,0.047306734766060336
0,0.4543285229636602
0,0.06789399670764358
0,0.22784008259623093
0,0.019264438255574806
0,0.016166512121438995
0,0.017376973490891495
1,0.1647685808547505
0,0.04917668995309445
0,0.4293490022204589
1,0.15981385265750242
0,0.058532353280100896
0,0.11006993733653916
0,0.10885763659005969
0,0.04941791597270314
1,0.0650492497695549
0,0.0717134811450783
0,0.12139917799468167
0,0.1046495680492625
1,0.5706450421105221
0,0.035631632338142455
0,0.1541126925812345
0,0.0587014201119262
0,0.03646752447348542
0,0.03783081491507188
0,0.11276551642596186
0,0.04136427600451541
0,0.11124960086878136
0,0.40439803632916743
0,0.05396818379208524
0,0.04958292643097008
0,0.1382065450698462
1,0.13354157712389275
0,0.05792590371121693
0,0.04747520850586243
0,0.03821404693257615
0,0.22071083337063177
0,0.0530431685020028
0,0.05453567067495226
1,0.09069351346857256
0,0.03847637168691643
0,0.42472025407022346
0,0.10779205396634614
0,0.047687419573298605
0,0.18038085963476125
0,0.053497720706927286
0,0.0520306459810085
0,0.13844533520983685
0,0.10186487215085199
0,0.07715013419443147
0,0.25561550863649535
0,0.4804079721831345
0,0.05029149101041656
0,0.04914225338172134
0,0.06992814245385195
0,0.08825859200826781
0,0.03916281563416546
0,0.22785491691028562
0,0.12669437872371378
0,0.04952465787465181
0,0.08343564289516625
0,0.03196930249278738
0,0.11117220072948782
0,0.05192399722984348
0,0.049058467128519745
0,0.01685694276866299
0,0.050249983450345044
0,0.21939643391575525
0,0.11913416061874307
0,0.009540930905578521
0,0.029375594627849926
1,0.13016288578755722
0,0.04814207079040043
1,0.1472561054780351
1,0.370194753967932
0,0.03964564969562943
0,0.017103638678107363
0,0.1529676404421965
0,0.075287208172087
0,0.06309397684847433
0,0.033892562892390704
0,0.1033371757706393
0,0.3645521319998189
1,0.19212890612410516
0,0.10905130512257458
0,0.060891764817707944
0,0.06572518183520759
0,0.04419407652262679
0,0.06384347098280552
0,0.07887315329894552
0,0.046920094256930736
0,0.032978337396521326
0,0.08994481161478823
0,0.33883026203404976
0,0.28187663027012694
1,0.10155378925627272
0,0.045488034988483805
0,0.0350043708880753
0,0.20583666095590974
0,0.0760752849627948
0,0.06958921209946377
0,0.05626663427110791
1,0.12287550530745552
0,0.18084740161779148
0,0.10238632173918762
0,0.035967244431194624
0,0.12534776547955845
0,0.03154152231032818
0,0.016664057812765035
0,0.11522568318361821
1,0.10624979294221297
0,0.06071414674000902
0,0.04991609501187347
0,0.06022527774388495
0,0.030603921330566632
0,0.01649260199693363
0,0.04904554216942759
0,0.030503747038267824
1,0.19161614670665547
0,0.03627321024713683
0,0.021578821528810896
0,0.0529138755255003
0,0.18443641998464685
0,0.046494645158273666
0,0.27037519775437935
0,0.07376860427031567
0,0.29791992896392516
0,0.1542075173230895
0,0.057491382040375176
0,0.41814425540494937
0,0.054399602623265327
0,0.03329508052916958
0,0.014469562695065372
1,0.3150736673066226
0,0.023240150403008104
0,0.07233300288164983
0,0.061540106955885895
0,0.02776329039063912
0,0.062336055779909465
0,0.23520188052942168
0,0.048591939767426075
0,0.05193243758651963
0,0.4750082453493271
0,0.022515216662124707
1,0.2880351279026489
0,0.05910846696817379
0,0.24479755190624097
0,0.053396075676859375
0,0.0696117642470995
0,0.06795267761260838
0,0.04547188935077345
0,0.08309811978002028
0,0.04173601664556359
0,0.09363716933419346
1,0.11687732834065201
0,0.41048102901078215
0,0.04698266594376193
0,0.11438523755411269
0,0.06601556808714744
0,0.18159056271399993
0,0.03319875329663672
0,0.08397074684382169
0,0.051402080863193006
1,0.15488287931041372
0,0.0867181861400458
0,0.059874050061745246
0,0.02856313591216793
0,0.04868161891594415
1,0.11191408580221143
0,0.23842243389043816
0,0.05076469880060234
0,0.15315049126252642
0,0.054327320357274014
1,0.11892630927889845
0,0.03325566440596594
0,0.1372740391499462
0,0.10347191694998302
0,0.049618263004062094
0,0.014333942265677222
0,0.14170146983085014
0,0.03528640667257829
0,0.29503918855164546
0,0.08180164032799123
0,0.05765145283657636
0,0.531555586688522
1,0.10347499594684177
1,0.1125166165023722
0,0.06969112935132682
0,0.12007184567066297
0,0.04311878403109901
0,0.013833733388491318
0,0.04535453158071657
0,0.07033728294246248
0,0.0491637901921136
0,0.0469295582121162
0,0.08622360743112088
0,0.01572795475121116
0,0.05100589828032618
0,0.03302952452370086
0,0.10035139208592529
0,0.17095868205687353
0,0.048820630938949575
0,0.23665814620672018
1,0.12259870181326267
0,0.048644493346108895
0,0.3026358958542577
0,0.13528592287585134
0,0.014502111930123244
0,0.038781917509623114
0,0.1921585448457661
0,0.016553060274128135
0,0.2752418223652738
0,0.056207646431535176
1,0.23319449791597333
0,0.06054874013565295
0,0.1084563894897169
0,0.03686095112207228
0,0.06864341860756072
0,0.15432540183955434
0,0.061608825202386135
0,0.04404484001659672
1,0.10240865737410243
0,0.046487432916976656
0,0.1179244901817565
0,0.1139592581472624
0,0.015169342621329046
0,0.017883074589519994
0,0.09854109258245673
0,0.05896868501858602
1,0.07368513902837145
0,0.06673876970401199
0,0.3405753880206213
0,0.10243005158370995
0,0.06216816021702191
0,0.049058467128519745
0,0.049058467128519745
0,0.01663910492300906
0,0.09671421044299143
0,0.07788675891789479
0,0.013711239603639803
0,0.03024853778755504
0,0.06271987209845087
0,0.04989009854320028
0,0.039673807196739845
0,0.030223319747262424
0,0.05433435234571376
0,0.03278901176808296
0,0.0715055828405234
0,0.06683654053689503
0,0.019910694213958743
0,0.07308168123205654
0,0.05397615452057045
0,0.22173204115642065
0,0.14108584186588874
0,0.0013480355792326888
0,0.06991165284907443
0,0.049058467128519745
0,0.028081148244601086
0,0.102385064005089
0,0.08458916021649641
0,0.052339133845937184
1,0.2111837544970495
0,0.05363533299274015
0,0.08699658826942001
0,0.05797861569415969
0,0.11669943875570035
0,0.04492677410682974
0,0.0550854851064337
0,0.10617822897383704
0,0.089699759933531
0,0.06100613906296069
1,0.10845223676681287
0,0.05018137802771917
0,0.029520127354730634
0,0.060069447516557
0,0.0764117899180611
0,0.05394845983417491
1,0.1797627405692934
1,0.09055723989071132
0,0.3435531209399448
0,0.06624595324101322
0,0.05357476234019095
0,0.055841351289470056
0,0.04432161307318252
1,0.1657899011399647
0,0.05119562913830442
1,0.13924942176734253
0,0.12669578996615016
0,0.1279619199996284
0,0.11373744441710995
1,0.13866096522047613
0,0.05155185267395997
0,0.25158037320441706
0,0.017394778971869564
1,0.11566191786024681
0,0.23648365728651544
0,0.04428648743329725
0,0.016498412770799088
0,0.3598364290705391
0,0.19589708384288207
1,0.1593886123858333
0,0.03256356963840823
0,0.3913626073066693
0,0.0943190076201532
0,0.05841981250043117
0,0.21281337364922406
0,0.08007583801723571
0,0.18430241095942942
0,0.047127025570307755
1,0.10261303424296565
0,0.09947175603802431
0,0.03606707532656829
0,0.17007183245116475
0,0.05575207928460421
1,0.06543829214179218
1,1.7199600756081165e-07
0,0.21189142612101705
0,0.059012271751658775
0,0.05380374565920237
1,0.25801798341766197
0,0.3102525102342191
0,0.042679912750463046
0,0.021174980075770247
0,0.054897298549934276
0,0.042406749344095676
0,0.17445049527878273
0,0.03221776697617884
0,0.032862153355858834
0,0.021643654455019947
1,0.27774949068139515
0,0.2338185033013359
0,0.03314158696981044
0,0.09076350614361577
0,0.056198924614374576
0,0.1537890525150681
0,0.1366823726341312
0,0.10656599611745586
0,0.018158369337355734
0,0.04946675372815546
0,0.04798271851054694
0,0.13759232249369938
0,0.052013024519617174
0,0.045946365608187774
0,0.25215620197232386
0,0.12926831390367893
0,0.13258425176961303
0,0.07437977094253388
0,0.052953707534489414
1,0.22291313788177175
0,0.020322687749521527
0,0.05248552905612669
1,0.10236461212385625
0,0.046305382019714625
0,0.13242757045413997
0,0.1159273525688661
0,0.08093099160111504
0,0.04197935644394112
0,0.0883951873554002
0,0.037033684224889785
0,0.05279743022554998
0,0.04944245214812167
0,0.06613302105501097
0,0.3882071873442852
0,0.11713779614175786
1,0.14535068183940222
0,0.033021388057312105
0,0.07792291749173567
0,0.03849913491329148
0,0.04207070789273954
1,0.112340842922941
0,0.04066413115238227
0,0.053881183295956606
0,0.029855980552324492
1,0.14745039147997607
1,0.14289222106715524
0,0.013738947410006936
0,0.029584080897632228
0,0.04639024538353254
0,0.02860137469767671
0,0.24606951679409417
1,0.09681288397946267
0,0.03094569196224244
0,0.0009745725382588732
0,0.04197935644394112
0,0.04334980104911418
0,0.2557453303388458
0,0.29544566771204794
0,0.36968442654536654
0,0.13164120140167604
0,0.054252547691602995
0,0.08225043412501226
0,0.049643900786563985
0,0.0854553876346653
0,0.06015196053611149
0,0.0495001416162298
0,0.06259932103228523
0,0.04197935644394112
0,0.19070860439041365
0,0.0572416723119866
0,0.052356465717211725
1,0.24010465773497636
0,0.05128645888712273
0,0.05088019011952705
0,0.35762467228450723
0,0.13061304609907437
0,0.11988695127519676
0,0.02271324953249819
0,0.012709307229031198
0,0.052949142737100434
0,0.03485286567985735
0,0.03692012484287668
0,0.05206890338357671
0,0.32610554193978314
0,0.05930005020861732
0,0.033564979739283865
0,0.05246867403318741
0,0.10815941742474432
0,0.09988713379979507
0,0.036757623195210025
0,0.06164928192833426
0,0.03876676423458045
0,0.03735123993570915
0,0.06226540775147213
0,0.2014926982276732
0,0.030503747038267824
0,0.017707498303444265
0,0.12177627953068988
0,0.07318502287172292
0,0.06480368084605849
0,0.07312270779486289
0,0.013879807879645014
0,0.06331878094384624
1,0.1449960815797939
0,0.01814424371808254
0,0.044011236971513316
0,0.057440187771645834
0,0.012186379661031607
0,0.13464764685916197
0,0.10976232461192895
0,0.04934526646130249
0,0.2936265593840525
0,0.0817256027853994
0,0.030857931311449826
0,0.04848176960925962
0,0.031296945455067664
0,0.1672097278698881
0,0.06807914411030981
0,0.019094662541960853
0,0.06823530276441024
0,0.0141398264276516
0,0.2889367560891539
0,0.03328818938365396
0,0.04763143039442199
0,0.12209272196216625
0,0.06385724133377488
0,0.03868144042630549
0,0.1240913145602893
0,0.19731869246503658
0,0.0560888686607911
0,0.04837840344072595
0,0.0721761126552655
1,0.21987371149488125
0,0.0429968508385811
0,0.04525191371045204
0,0.21339587512901706
0,0.03563174078646385
0,0.04463344957627164
0,0.09206445591521921
0,0.046108376192063406
0,0.04839335652314813
0,0.1966854587344714
1,0.09880493584881485
0,0.05531861303189967
0,0.05237702949727769
0,0.044089694740057916
0,0.1887813342288739
0,0.06151024908023183
0,0.1352128960409121
0,0.052907212698857856
0,0.13653437677700678
0,0.05131686482037296
0,0.056426376587159786
0,0.046464719062774676
0,0.0996123441388197
0,0.052974835315225656
0,0.01793502988755997
0,0.15828098007712782
0,0.05519027772080287
0,0.09119182513615413
0,0.04624564295819451
0,0.15551729360992228
0,0.04344275809952526
0,0.016506781379061083
0,0.027979776826326585
0,0.050468764827128726
0,0.2865907859764431
0,0.1399225015307642
0,0.06103863116188074
0,0.05712264220719998
0,0.06242127402753984
0,0.049396062953882776
0,0.04659501141518627
0,0.13814227561465192
0,0.02778416834490988
0,0.02322959047661266
0,0.017886273890319295
0,0.14409195588015414
0,0.06393869785228319
1,0.14471023392416996
1,0.2880433785873573
0,0.1190355825526498
0,0.26404843930218014
1,0.3101025621971596
0,0.09750516933959609
0,0.2516302154954736
0,0.03934055865029487
0,0.030503747038267824
0,0.031024285881640537
0,0.07427216244111662
0,0.05116518286465768
0,0.06272882073004757
0,0.04749763922473725
0,0.29917966985204936
0,0.11359767860489559
0,0.0654911730552052
0,0.08165430684561478
0,0.017598955519863558
0,0.04975210116975259
0,0.05032353413643296
0,0.03328818938365396
1,0.10218111745789883
0,0.02406485405706746
0,0.030857931311449826
0,0.025448088572840043
1,0.26030850518072257
0,0.20030675071208418
0,0.05364781829631402
0,0.05510379500965895
0,0.03650963432635451
0,0.049639801763383555
0,0.027180614928129194
1,0.12226982109548168
1,0.3247488242286144
0,0.33839522535103783
0,0.04481667573364932
1,0.11136215533010427
0,0.04127849097011687
1,0.2611345812462932
0,0.019910694213958743
0,0.029809040965345247
0,0.05361607453223266
0,0.0079912301363498
0,0.05989955766294622
0,0.05907710889574387
0,0.23649087989631976
0,0.04239001562333073
0,0.06469937455501175
0,0.06060242533682303
0,0.2742709237844906
0,0.05562985909732668
0,0.22393384975239805
0,0.03873097937624598
0,0.03625751503709338
1,0.11513510152592837
0,0.12259448846523019
0,0.04835438225282425
0,0.05423734565785128
0,0.07344984430717962
0,0.0560248191093222
0,0.1885205262860544
0,0.15536925677276844
0,0.10944632755764458
0,0.03650382688148574
0,0.01752055732348407
0,0.089699759933531
0,0.30451040774611693
0,0.03917334781039072
0,0.03866342477793272
0,0.05788733432851938
1,0.10039573808754076
0,0.05542080135537504
0,0.05569837630516681
0,0.22707378482211463
0,0.05732161052289028
1,0.16495170853077024
0,0.10565079585984141
0,0.056498286442854734
0,0.08338965596378516
0,0.05648087767650693
0,0.26788944262429215
0,0.014034618186663414
0,0.03658807322432168
0,0.1374811022712328
0,0.13391175672755704
0,0.05569837630516681
0,0.048591939767426075
0,0.04179918597789481
0,0.022730758125123016
0,0.06214113597722595
0,0.035885536034339326
0,0.049058467128519745
0,0.22389366732240426
0,0.45399690362024814
0,0.048744812500258056
0,0.04371479983953065
0,0.06074992902249322
0,0.34470311893764544
0,0.04679850291905269
0,0.013386789202036327
0,0.04793191576059651
0,0.04762035787559837
0,0.021758613371504455
0,0.049058467128519745
0,0.14072341253787243
0,0.052491722100897545
0,0.05315310523103678
0,0.05790202348520669
0,0.014206986523460747
1,0.13994582086654309
0,0.06026544152387476
0,0.07227080318737561
0,0.029935942875917505
0,0.06908964548577418
0,0.3824859183706412
0,0.018729329984314154
0,0.04284588818968263
0,0.1412098005381849
0,0.04989024751433976
0,0.05844590806759826
0,0.04473531789345073
0,0.07040286081257524
0,0.05054024288460235
0,0.06342471836502796
0,0.29866580781411295
0,0.07324414408184073
0,0.015970394815149527
0,0.10100184773904211
0,0.04717794903834665
0,0.1452944824553258
1,0.15174886164590196
0,0.05152672649015738
0,0.06045877452540572
1,0.4211123422187675
0,0.12270246165221901
0,0.01366771294664606
0,0.054239915064941316
0,0.0009745725382588732
0,0.012738654432430097
0,0.14367640935334294
0,0.04548311574078674
0,0.03798885969657013
0,0.0671351934295879
1,0.08111195898705052
0,0.040289353226912995
0,0.03654130682983105
1,0.10002003455824372
0,0.043159511405942014
0,0.08647616269952153
0,0.1395145766361252
0,0.055950211310795396
0,0.29237858632581165
0,0.03215351314797528
0,0.10652475229119228
0,0.10359070174273863
0,0.2467120447258565
0,0.0888323130991317
0,0.06247033609846913
0,0.1298344525232794
0,0.16806070381813717
0,0.23580857961221122
0,0.05866753326817811
0,0.06673595940270288
0,0.018158369337355734
0,0.20945685029936453
0,0.02876494422991194
0,0.03385543961205739
0,0.05703762959566617
0,0.053336844560998034
0,0.0534285201301434
0,0.05150347931596958
0,0.0796701912675709
0,0.11311594920197886
0,0.08087212442947583
0,0.12189751450074754
0,0.010608540052357071
0,0.060281986163127174
0,0.05987275454602002
0,0.044211335351768445
0,0.2689862110250448
0,0.04197935644394112
0,0.3907389421376062
0,0.07957664959295668
0,0.03720800737829439
0,0.1521298111474891
0,0.03738541995265804
0,0.04682109649737775
0,0.03422896990317377
0,0.1693799142688584
0,0.2372234728769202
0,0.11277277817510971
0,0.016204890921468068
0,0.030448421563153267
0,0.17658729310129084
0,0.05341518967242885
0,0.02573586228865984
0,0.051062412049168546
0,0.13064209026258528
0,0.06086499201096486
0,0.05046827056976451
0,0.055685379115718
0,0.22653530750995945
0,0.01813607310743875
0,0.02077603512652959
1,0.3604990145942936
1,0.44290556548562093
1,0.12269655078899414
0,0.08654774168795266
0,0.20003217977882887
0,0.047738471890441156
0,0.03510972833122386
0,0.054526344901794956
1,0.1354513442458915
0,0.2684456572955538
0,0.06347459962967801
0,0.09133408293866382
0,0.047356153496276296
0,0.041034466158526066
0,0.1152181579936811
0,0.046846393815685956
0,0.02394274327218107
0,0.11488849800784195
0,0.049639801763383555
0,0.15704361407443299
0,0.030503747038267824
0,0.05687327287092691
0,0.03495720439734449
0,0.0427923867702541
0,0.05144273025730897
0,0.01941014560458831
0,0.025155943031633862
1,0.2674734673402489
0,0.053693007990076425
0,0.05891769227543752
0,0.03553831024351841
0,0.0426412372922484
0,0.32758009369488483
1,0.26460000855789173
0,0.09219284229379936
0,0.07060411656155698
0,0.061492892356379336
0,0.09910997007429495
0,0.041284925836382574
0,0.03122445307764799
1,0.3974393550023992
0,0.11007740580149128
1,0.06518274672302035
0,0.049058467128519745
0,0.03693699163648734
0,0.03890396752674842
1,0.4092384185995228
0,0.051262216455530175
0,0.05100003088277186
0,0.04826623586327868
1,0.1579239602507485
0,0.039292099860519104
0,0.061831665580950254
0,0.11947239326066539
0,0.023104247551029806
0,0.24469684354562815
0,0.05718796855131065
1,0.23097758338070024
0,0.09519723162406867
0,0.04054832780281298
0,0.12288482973727731
0,0.022512663766526362
0,0.06739393913398542
0,0.045759162531282316
0,0.016972535451137524
0,0.1373251426325763
0,0.06554461045564278
0,0.10407185737803658
0,0.09394701471869635
0,0.12069167037140272
0,0.06246990994769287
0,0.027966205680779826
0,0.05990707480448669
0,0.055700898075173984
1,0.12370306371693918
0,0.041260158817920715
0,0.01759805053556155
0,0.06569700410498593
0,0.03868144042630549
0,0.06246860697645993
0,0.06572343724714029
0,0.07853458433243377
0,0.046755692824839754
0,0.07239109625610925
1,0.09768975982502415
0,0.14530578190913146
1,0.196751366428478
0,0.015551723901886647
0,0.15890325373467754
0,0.3521552118087171
0,0.06092367143074632
0,0.03679571206252324
0,0.2504066556550452
0,0.052232439424501426
0,0.018326061798772515
1,0.15912990995403584
0,0.05395691532853895
0,0.05195937677017986
0,0.012902995667690207
0,0.06294039643544129
0,0.105082381565369
0,0.04619819854782021
0,0.06213381683970522
0,0.0617129057755528
0,0.03868144042630549
0,0.05371731242955164
0,0.2434696744788695
0,0.15992798808164768
0,0.2709971822709212
0,0.057294179753305564
0,0.3425626001867231
0,0.017254034351863165
1,0.2561328184292622
0,0.06543539022377326
0,0.017693544514709007
0,0.055296149933355826
0,0.09383716901772225
0,0.0448480466616613
0,0.04194157159982559
0,0.01831334532476794
0,0.1600872863685029
0,0.05697302996266863
0,0.1485607601534777
0,0.06317597080543008
0,0.03713603576957437
0,0.1381525794970317
0,0.0642065619640759
0,0.43690533062639664
0,0.0356483657260682
0,0.043978939402176204
0,0.2687873320040895
0,0.11378486502986655
0,0.0761036772167784
0,0.024889526189683816
0,0.07249996721868632
0,0.05135994147725148
0,0.14723055438156996
0,0.019182340997074488
0,0.035783937720085396
0,0.039216788633818125
0,0.057207256753195615
0,0.03370298821200331
0,0.06179025787942064
0,0.08675621191583717
0,0.05967264295526764
0,0.032284871524847436
0,0.21681669193762962
0,0.04837840344072595
1,0.38234280704346707
0,0.04744230442226736
0,0.35953094281726544
0,0.11856442574640785
0,0.06023131010959992
0,0.13635597603401617
0,0.05618293906949759
0,0.1467179250836624
0,0.06344337552523371
0,0.021454497227882213
0,0.04210899202005515
0,0.05691884786275145
0,0.053658319932390425
0,0.07084418795837916
0,0.0169714826675567
0,0.03868144042630549
0,0.06411034289122894
0,0.04950290762609507
0,0.05792590371121693
0,0.017215233549314313
0,0.05245573691815591
0,0.06492632221449787
0,0.09166395404034525
0,0.11485835816664622
0,0.05792590371121693
0,0.06392733267808483
0,0.049296074520669544
0,0.09471044341192689
0,0.01658964388546355
0,0.3161763754690489
0,0.0371450910136401
0,0.044054820451469814
0,0.0478963652973924
0,0.09266266052047824
0,0.139150550080423
0,0.04934014621505845
0,0.022125041166653703
0,0.16525649136738763
0,0.0629029419896187
1,0.13394758260485992
0,0.06138416667538792
0,0.09510814475977523
0,0.014930519882415423
0,0.06490243150893711
0,0.026644811372503636
0,0.2025217874225292
0,0.4789267845643766
0,0.2326966668724141
0,0.12051962384500083
0,0.17157017259607352
0,0.017978900082347916
0,0.07028271465554992
0,0.045690811216554265
0,0.09753846109829643
0,0.013711239603639803
0,0.505015021831442
0,0.03520503211287784
0,0.31185859459097953
0,0.066597244249552
0,0.04874379551925374
0,0.04365758377625341
0,0.050359486462437604
0,0.23562782773962718
0,0.13229673957270974
0,0.06358831687861272
0,0.35136645112626014
0,0.15319383762930336
0,0.1045322549831165
0,0.15128345924756872
0,0.0533567474190735
0,0.13805147420478583
0,0.054514169491594815
0,0.058704974789654356
0,0.058161717572479676
0,0.14973260481166595
0,0.03325566440596594
1,0.4270517080232296
0,0.045697409936283476
0,0.0013106618631989252
0,0.03553831024351841
0,0.014640827826475437
0,0.0766167437389106
1,0.2268934147164875
0,0.05122816533060615
0,0.23984554988638457
0,0.05985257056166311
0,0.06150594705948324
1,0.2727301845827224
0,0.03669133355819123
1,0.09516123050162559
0,0.04830951449387542
0,0.07251715933050192
0,0.04197935644394112
0,0.13726029252367875
0,0.10851284751697525
0,0.1676626916509707
0,0.04957374723521402
0,4.73568028160324e-06
0,0.0308354936603154
0,0.01904871596549168
0,0.058222846453887346
0,0.2529817401537579
0,0.044510724535002634
0,0.38605994735035504
0,0.291388688727683
0,0.05346461452928965
0,0.05162504395567012
0,0.04572453828909215
0,0.03621504585092265
0,0.14954700319805708
0,0.05168363486201348
0,0.018390002531765093
0,0.12374253807823563
0,0.10949222415142175
0,0.02002076683751288
0,0.06062705621834697
0,0.029687688460262318
0,0.11474406724906357
1,0.09766088127006532
0,0.17453319034347428
0,0.03899012379330661
0,0.03919221095493249
0,0.06678370963769402
0,0.0348882425392698
0,0.09203680188982229
0,0.12502479874908312
0,0.04245861523865469
0,0.058895630613734845
0,0.07678665863588512
0,0.16006253564452957
0,0.06349641048278445
0,0.016929938768381277
0,0.05039129788274121
1,0.10465106944749465
0,0.04664754165627482
0,0.040975048743303516
1,0.2844050493789133
0,0.030723681358523484
0,0.062191682174347174
0,0.052583967556304345
0,0.0507426565050625
0,0.04064152337667189
0,0.06220562903576766
0,0.06537246903708813
0,0.013957374081782005
0,0.01387952544060638
0,0.030857931311449826
0,0.09164129102356541
1,0.38344173124802616
0,0.05277671468074483
0,0.10587295964177353
0,0.07010732779597796
0,0.04989564090402408
0,0.0476797928563057
0,0.030857931311449826
0,0.049058467128519745
0,0.30513043262013667
0,0.043655594614761074
0,0.005378086584098716
0,0.047326212889442
0,0.02812029638822843
0,0.10338919467583435
0,0.05388415367603858
0,0.06326510098163629
0,0.30564429020844763
0,0.04115695302165488
0,0.04900560952882475
0,0.056327020693911295
0,0.029907762014526565
0,0.03659396199319543
0,0.11390926089430582
0,0.047338158384352
0,0.047967769642076885
0,0.05421363138850433
0,0.0649356045205174
0,0.35816089449283056
1,0.22814861367841963
1,0.2712001877582571
0,0.02918037569054026
0,0.05394845983417491
0,0.1829613997049646
0,0.0633459655324002
0,0.015874106620397975
0,0.04529193518736754
1,0.11910913909525814
0,0.03322784520066286
0,0.042939065293738865
0,0.06275617780865529
0,0.05496825409936728
0,0.030945738106758155
0,0.05435256558764924
0,0.15658727040230083
0,0.26277716435462156
0,0.060048303758841404
0,0.0380007318213014
0,0.07661827660536145
0,0.015570367408427004
0,0.06351057593481192
0,0.04326602666008381
0,0.051536346262113245
0,0.03276418559570898
0,0.049058467128519745
0,0.04233416334634007
0,0.0784339279595615
0,0.07141310218659556
0,0.19982802930806695
0,0.03977841592951111
0,0.40348429952013554
0,0.4510728054171361
0,0.016753238581980634
0,0.05569223731169729
0,0.05784987510083751
0,0.0578173021628976
0,0.059143006160792044
0,0.16048432430081128
0,0.014864556167342032
0,0.4082217338366502
0,0.05433290864991187
0,0.38678100770066604
0,0.04920393207227097
0,0.058242084165268625
0,0.11544813350040548
0,0.06836759029436469
1,0.1272067157109764
0,0.11431621920902245
0,0.23841995155125062
0,0.03099384821379599
0,0.029584080897632228
1,0.34181830264998947
0,0.059432058168901056
0,0.045217092537818186
0,0.09714953888825578
0,0.059873052164984855
0,0.04753823607865799
0,0.044693971742830706
0,0.04203057583009991
0,0.12519122524416632
0,0.055758403967162085
0,0.0801348110331481
0,0.029400394712076148
0,0.06144019290769478
0,0.024303197486456582
0,0.041853643111951805
0,0.08108145547679024
0,0.1423915133783818
0,0.34215553002731414
0,0.0661838258771136
0,0.05444994840050617
1,0.13274770179269807
0,0.05287328207933087
0,0.048252916406618176
0,0.19977264716107757
0,0.12660818148050879
0,0.047020766233277306
0,0.037688541866771494
0,0.06357189186235601
0,0.06525136735182308
0,0.04853055498449016
0,0.05444542187068196
0,0.019381055515920308
0,0.07576492581092474
0,0.06327842001493338
0,0.07357758114039317
0,0.017619659741939443
0,0.05349084838513103
0,0.0477579883560186
0,0.04906473550368736
0,0.3918998252688188
0,0.05060052066733987
0,0.30546839516046476
0,0.12661465432101074
0,0.01277352309768488
0,0.0393426530373762
0,0.1504670480271734
0,0.06849851815161856
0,0.030147698200782762
0,0.07187698397077999
0,0.059947522914376584
0,0.15013142116676167
0,0.04964142400974223
0,0.031557326682938105
0,0.17038190345029863
0,0.29636893510269163
1,0.10109119422871923
0,0.062154926899910534
0,0.22231631953131034
1,0.20307550848285572
0,0.05096294237628285
0,0.045563989067043106
0,0.16070625933786684
0,0.21945453522943276
0,0.07477740741112417
0,0.051378643939611245
0,0.18355269837666566
0,0.0281110395050694
0,0.17394656737974792
0,0.34418931282498894
1,0.17121361880425007
0,0.06262819297536047
0,0.07717351080735402
0,0.10033932465157698
0,0.015990970388226684
1,0.3078422561784149
0,0.05380735714766337
1,0.17743942560341594
0,0.052047233587014
0,0.07902980434768642
0,0.35187013385154403
0,0.0494296504083955
0,0.04767237617610059
0,0.0799416269833989
0,0.07505332114550611
0,0.030857931311449826
0,0.23583932631552784
0,0.12197971836736289
0,0.07596309502413953
0,0.4105622737327433
1,0.26000212909689613
0,0.4390056345951692
0,0.030268940135358725
0,0.23557808273906863
0,0.1771017628017735
0,0.31522849273873577
0,0.11223997368965673
0,0.18337720091454915
0,0.05728995148589722
0,0.05950410545258693
0,0.12313808301993276
0,0.06383184530344645
0,0.05359149480226981
0,0.256857177836774
0,0.049258341969549715
0,0.06668999938547626
0,0.05410463738587818
0,0.060281986163127174
0,0.026840791868205167
0,0.056027289131273326
0,0.05337863580329345
0,0.20683141123907725
0,0.18958836513436986
0,0.15719124622888805
0,7.862036786506167e-24
0,0.10559892543444946
0,0.049914208311055155
0,0.09290764988509288
0,0.01624797424088176
0,0.19977825100665444
0,0.0509801310726698
0,0.060308000406085895
0,0.07499954330566948
0,0.053775441100491275
0,0.12048214649001592
0,0.03255195446978126
0,0.04796433758186987
0,0.026982785079346445
0,0.04251384745245182
0,0.0706071411431802
0,0.017883074589519994
0,0.048279953227471396
0,0.03985215259571628
0,0.05535503719994763
1,0.16946090085226334
0,0.06442535930313541
0,0.047566761267498314
0,0.06613046239185931
0,0.19116103776152144
0,0.10244067592453415
0,0.04973246811355837
0,0.2029513803003407
0,0.023263934605190384
0,0.04948464611330756
0,0.014749281364672814
0,0.015355449057063797
0,0.04796588748714161
0,0.06265089464572454
0,0.035651205490873764
0,0.03604692924667249
0,0.12572078816891433
0,0.3559927253475013
0,0.2542519844001123
0,0.11172723529520147
0,0.06301058914624871
0,0.058605568698755175
0,0.1153858699850762
0,0.04151327667455833
1,0.3681682739349188
0,0.05415891232436416
1,0.17000761038786227
1,0.32693419929872075
0,0.2509591201070552
0,0.0713319174580461
0,0.06742749258190671
0,0.03942605396811542
0,0.04716977908023649
0,0.052257648756920766
0,0.02272286064569622
0,0.09159131339727757
1,0.09951044776918552
0,0.06401008910546772
1,0.12486607765444395
0,0.07323292293061034
0,0.4274155725737014
0,0.06093625267575382
0,0.03963387087237587
0,0.017376973490891495
0,0.007249022705036962
0,0.022197864130695275
0,0.11372491432422104
0,0.04356145975428368
0,0.05463973853067277
0,0.035080744774493945
0,0.013506498344475747
0,0.04903627130397857
0,0.015033009565573496
0,0.05191209244024001
0,0.11206867627817971
0,0.030823077116349695
0,0.01583562580269428
0,0.05274349624966494
0,0.032359915967492554
0,0.030857931311449826
0,0.061981474773663066
0,0.04337363829030985
0,0.05060203055889156
0,0.17047490332886478
0,0.06509294285534147
0,0.07296188771720036
0,0.21367415258786307
0,0.024317685973264745
0,0.0527092422614054
0,0.04944807128256216
0,0.27121722356502365
0,0.05353051588759292
0,0.18197363703090266
0,0.03152397027780973
1,0.49203156909974133
0,0.053135115355519354
1,0.13122494897235015
0,0.03168839896190658
0,0.18653634403370564
0,0.13282464622463747
0,0.02322959047661266
0,0.054698684555736614
0,0.1177264746501148
0,0.040347876891156785
0,0.21966667794752534
1,0.10523802444616556
0,0.08757067689946497
0,0.2039615047899234
0,0.04014199082846136
0,0.016029197401363632
0,0.10276974538073863
1,0.39279011825458554
0,0.09573750202472807
0,0.18170603043356634
0,0.06148715181514202
0,0.044914349663451404
1,0.10900119868995338
0,0.04651871295045305
0,0.05806653282956572
0,0.12104936528378364
0,0.11467846345287691
0,0.1286960738873629
0,0.05200324893461922
0,0.29864243139765045
0,0.059966212448329746
0,0.04452431289166809
0,0.04763826202913891
0,0.05001346572606488
0,0.062337533238835195
0,0.0517372548981048
0,0.04853573638666173
0,0.033281015515170966
0,0.04073696394206454
0,0.027737208122019325
0,0.04072500086816709
0,0.055496876710027426
0,0.03580912703524848
1,0.12809263857624503
0,0.04249073472770326
0,0.17857566351520793
0,0.12928002121785986
0,0.07086438049966615
0,0.15535411955246775
0,0.089699759933531
0,0.04377105498871917
0,0.09319258518159658
0,0.3160153629210195
0,0.09272871001501598
0,0.11132013906725896
0,0.04344158014184432
0,0.050979502845506924
0,0.022420022043543132
0,0.09667734036329183
0,0.12399953888787958
0,0.061016706656493426
0,0.3344461352250087
0,0.047738471890441156
0,0.04427986449152833
0,0.40171853153730613
0,0.11169542197124703
0,0.04113199221939418
0,0.06890488454515994
0,0.05561760275253024
0,0.09680293076928055
0,0.05589598776252082
0,0.0457916965931088
1,0.13916115964798428
0,0.030503747038267824
0,0.13305307637307168
0,0.11472003772604383
0,0.31462097257129357
0,0.05420913739271583
0,0.12379633290698228
1,0.21781188256324416
0,0.1072543689486503
0,0.10231664284541175
0,0.07467903272454215
0,0.31782828391507767
0,0.12276458390622404
0,0.06143122097203118
0,0.27387649153921223
0,0.0612420023189168
0,0.138559465007714
1,0.11860900772197805
0,0.052728843030957234
0,0.06413019876020654
0,0.24915166751856987
0,0.01778807898239095
0,0.13136194097715845
1,0.1255701032305627
0,0.047151216596267156
0,0.08640597154818573
0,0.061417506374234106
0,0.057403720401983556
0,0.1402093090910681
0,0.2104604693440892
0,0.015535296913628954
1,0.18458564052136558
0,0.3907607541123347
0,0.015979806463577606
0,0.03045897629255158
0,0.12857333592749223
0,0.10498539788701039
0,0.11814737369766727
1,0.1148670313078101
0,0.08572228082258493
1,0.15869693839894056
0,0.06816658900430035
0,0.027840131924253476
0,0.060503606423165004
0,0.014333942265677222
0,0.2200933265780911
0,0.06022636105225672
0,0.056094905972888034
0,0.04596602482497973
0,0.08700312461543865
0,0.04685670637831885
1,0.11694550243482325
0,0.04197935644394112
0,0.11639702545042618
0,0.06590931324754304
0,0.4003620793094745
0,0.248662470312001
0,0.013341552767622738
0,0.054694761589556565
0,0.42773030188328287
0,0.05542408871972575
0,0.054011938295881884
0,0.05737936729354541
0,0.04194984540971919
0,0.3439573316023637
0,0.04864405993945412
0,0.019559629481696882
0,0.06592924584170591
0,0.05654346383367537
0,0.10377167033445173
0,0.0562645679449707
0,0.031833225399734454
0,0.13091659986843157
0,0.04335791244265695
0,0.29244306731649083
0,0.06941342861988863
0,0.056410710429156415
0,0.11007742177007895
0,0.041625768074281595
0,0.42487786460568505
0,0.016608843989150447
0,0.050011443708713875
0,0.05991259775884133
1,0.39697001149636196
0,0.03443120706701383
0,0.16663597613739423
0,0.020002066756646578
0,0.43961416368552825
0,0.06990657152608819
0,0.06291860013248599
0,0.03448456636333591
0,0.05813165257492274
0,0.014333942265677222
1,0.13846272706892754
1,0.04074983662066678
1,0.0727394108760727
0,0.1555041588942581
0,0.08441254181914824
0,0.07873557032127351
0,0.07556613697968988
0,0.04199167682184023
0,0.05181822034907041
0,0.046108376192063406
0,0.13303963624389017
0,0.029527459383808952
0,0.04319307513537436
0,0.09847665630467627
0,0.13220729406871592
0,0.018326061798772515
0,0.05194787628977611
0,0.06059884320841406
0,0.028774032256488002
0,0.1254205202932191
0,0.05588590445910585
0,0.21177456381515672
1,0.1970694727898136
0,0.12663517215701067
0,0.14965242261689687
0,0.10218667524152394
0,0.07606379192874325
0,0.05274971088905745
0,0.10327479557554606
0,0.06639968927792328
1,0.2693258224107634
0,0.02951923094793471
0,0.051948527862995156
1,0.2155524910046916
0,0.0370956843691561
0,0.10268515788126535
0,0.042217317346567376
0,0.0591108176685186
0,0.3384829179752857
0,0.01990054673532307
0,0.2873606123982726
0,0.11682320087523942
0,0.05363741414457018
0,0.04796120326035962
0,0.11104854705273165
0,0.05394845983417491
0,0.3396170757425652
0,0.042805752621275485
0,0.02383555227168835
0,0.04465277383521199
0,0.10535538942391504
0,0.033989260008859434
0,0.02946061776781834
0,0.14268430045926203
1,0.12706988850247777
0,0.19485708328681833
0,0.2081000871759201
0,0.06519070189662489
0,0.05448908175660083
0,0.018648109639911172
0,0.0642078427240953
0,0.017883255774170874
0,0.23003392682070836
0,0.05806490453969935
0,0.039438018294327915
0,0.07018136132373223
0,0.04946071552047688
0,0.38561058894878125
0,0.13746709098558205
0,0.07202258401727486
0,0.04352777736944862
1,0.42914993924029354
0,0.020426348235456568
0,0.020181610529847363
0,0.049657116050231355
0,0.06126708953116763
0,0.036716666429374066
0,0.13753875146617625
0,0.06555363239935176
0,0.05249064833419951
0,0.0783926500691586
0,0.3334961314460361
0,0.04789886639629861
0,0.015343604371211118
0,0.019910694213958743
0,0.1572830294279385
0,0.09083471582516256
0,0.22543031796497506
0,0.05100411568963987
0,0.038480212752791676
0,0.18828921615878658
0,0.034391046678236566
0,0.3297532868566816
0,0.022248668320209844
0,0.30660690334350665
0,0.13630949839358453
0,0.19294224159246912
0,0.31347854695284294
0,0.05842948514020392
0,0.059483164214891596
0,0.061441113420895706
0,0.017104201474340743
0,0.22438428871245705
0,0.016720225608157353
0,0.060214724245446744
0,0.16512058074348013
0,0.04681183023616738
0,0.2127608306207927
1,0.3283654407478987
0,0.06675016175149429
0,0.015954206424077643
0,0.2877936805767064
0,0.05633194099713237
0,0.043702192401099946
0,0.06101981839354069
0,0.12769295766379227
0,0.05885175045201934
0,0.09218957420022629
0,0.19423812661605974
0,0.26131837385618845
0,0.11548977591084444
0,0.07245744772831357
0,0.1306247516995351
1,0.10117899047419643
0,0.05679506613032677
0,0.09144969405973505
0,0.05602757990787692
0,0.07670363091378098
0,0.05363019155886073
0,0.07514413568631548
0,0.056194412434970246
0,0.07348365442092027
0,0.05725746285149565
0,0.04459630836944409
0,0.01572795475121116
0,0.16079656499702447
0,0.10865228305390649
0,0.4606799004052807
0,0.048738622575811644
1,0.12222102650983742
0,0.06352470172808189
0,0.20805006962935646
0,0.06649334833481499
0,0.016698424746745495
0,0.07192132608127991
0,0.04856326757287455
0,0.32342231239089875
0,0.17047065822779217
0,0.05244935801766734
0,0.06682474283869567
1,0.23680198859422913
1,0.35135509764180667
1,0.04427144038175982
0,0.07122390705418889
0,0.05251610016480633
0,0.03869613474896575
0,0.055338523816950834
1,0.06499962406947152
0,0.04892540415932513
0,0.05071013138275115
0,0.06442535930313541
1,0.08550757408041203
0,0.22996918723494944
0,0.034629274648050226
0,0.046240726058751846
0,0.11084471422114107
0,0.25469368020483496
0,0.04795221733107726
0,0.05473843066134955
0,0.2951503279269922
0,0.01149551896535695
0,0.040976214328519035
0,0.07556109605943577
0,0.032684926998875846
0,0.02651196295338143
0,0.06894144107681467
1,0.09157888727812116
0,0.04284313161643848
0,0.10201226383342704
0,0.052042347682984526
0,0.01550583956757322
0,0.10458551705586858
0,0.013701790738663509
0,0.21681472104253038
0,0.09264463127041854
0,0.17057919441407215
0,0.0933863029814716
0,0.015178018963228858
0,0.015551723901886647
0,0.042412278121153696
0,0.07307291793368789
0,0.24738787899995623
0,0.04338353263483618
0,0.03548435344692299
0,0.10702380486738215
0,0.390393474522479
0,0.01806720185111161
0,0.11152311053359334
0,0.1440265092249377
0,0.03376511682534702
0,0.028015710832681753
0,0.038952743060329795
0,0.047738471890441156
1,0.1708706302438788
1,0.07941794154285232
0,0.11816498662598096
0,0.031477887685188825
0,0.017286668871972218
0,0.050337384486891804
0,0.04017103876374613
0,0.018158369337355734
0,0.03661901159291134
0,0.0923585200521196
0,0.05270774509535539
0,0.07338354304318558
0,0.01426034521177108
0,0.08251564187795853
0,0.03629063612719211
0,0.05609273980816972
0,0.17698495639920292
1,0.10429623480429914
0,0.049148303717163125
0,0.005885439835339588
0,0.19191449750099826
0,0.07331467573279396
0,0.10203413282974852
0,0.10154481082193625
0,0.014333942265677222
0,0.012333866047356132
0,0.1469694718783
0,0.08219842214364673
0,0.06296439400476214
0,0.08348643655647177
0,0.08097899010570463
0,0.15944194801734515
0,0.033278230468149955
0,0.047176422195923946
0,0.0005325963199046672
0,0.02663818419841267
0,0.054610134435897136
0,0.11772766692073204
1,0.31889396335244924
0,0.043169221864080634
0,0.1972575541960338
0,0.13735284927257252
0,0.18913821837833522
1,0.09633136416039592
0,0.048609971964549394
0,0.018158369337355734
0,0.07021349322623877
0,0.03996728221527757
0,0.06486735643634468
0,0.03845499708465027
0,0.2147944672330501
0,0.2760145534383237
0,0.024148986275062193
0,0.06379886438806061
0,0.028486606404810894
0,0.05180943357533982
1,0.09889859166335593
0,0.04751676196403755
1,0.41228211453695607
0,0.23441217232195288
0,0.1258843407166811
0,0.016650355645732643
0,0.11316570737367344
0,0.06754288797456373
0,0.0402573754278084
0,0.06901108578061978
0,0.12783063036926987
0,0.05714308472074237
0,0.030857931311449826
0,0.1719009000565439
0,0.05221125818319309
0,0.10180624377730547
1,0.44493609160703745
0,0.5588579916071346
0,0.33279397352584095
0,0.05992738902058224
0,0.05137051300618655
0,0.06560270931926132
0,0.13121702286916131
0,0.04816699818698773
0,0.05898193817217752
0,0.047581824777598834
0,0.05394845983417491
0,0.2754641945724309
0,0.011210258238205768
0,0.18227785995875953
0,0.09158240784346347
0,0.18645497707709804
0,0.40196679434411264
0,0.373730383201328
0,0.06260518581205445
0,0.031694857043128875
0,0.18447258808645858
0,0.11436184716772613
0,0.029194076086980582
1,0.08871348534100797
0,0.05822155662718469
0,0.06540621820423614
0,0.08736170336537304
0,0.22776421172697592
1,0.172382979672842
0,0.011113848288500908
1,0.22126797396562034
0,0.016770610966901824
0,0.2917301690770269
0,0.03237376156104883
0,0.0427517532213069
0,0.05653400209189544
0,0.03659396199319543
0,0.04978890492010985
1,0.11365651892328071
0,0.0523234467960651
0,0.014333942265677222
0,0.022265131988549236
0,0.017752149307275988
0,0.07833641087390235
0,0.11801196855794263
0,0.10548271564573641
0,0.055695069523200295
1,0.1913805207657211
0,0.05071634451860743
0,0.032553739059860635
0,0.06332604584080359
0,0.0623933130117103
0,0.033526068383763055
0,0.065624661721623
0,0.04092082923381987
0,0.05471058536665252
0,0.03469612660771175
0,0.059147415712496536
0,0.017394778971869564
0,0.03190064681385973
0,0.047738471890441156
0,0.03519570849568715
1,0.509791767640597
0,0.05033958811788694
0,0.021248067299578604
0,0.04790761174405111
0,0.21721540242556703
0,0.16037922138720692
0,0.04224801147344785
0,0.017244045584441564
1,0.15350775624846583
0,0.0393687249325174
0,0.04197935644394112
0,0.11190451902579647
0,0.08108145547679024
1,0.33578899032009185
0,0.3964432090292466
0,0.11451140653392712
0,0.07716962736019412
0,0.19895884445852965
0,0.08483367400499298
0,0.029068801768415406
1,0.20553624954211605
0,0.4409179573621686
0,0.059198586479424345
0,0.06260935024889713
0,0.04288603460594349
0,0.03394910365723196
0,0.1148304560199062
0,0.045710432344007526
0,0.03907476507760725
0,0.12407461998110901
0,0.04197935644394112
0,0.029159117126734448
0,0.08108145547679024
1,0.41707526389046246
0,0.048578265667440695
0,0.0573187755854295
0,0.04424872391812029
0,0.02974701243866738
0,0.03052213125036403
0,0.05149287313784081
0,0.056388660180160276
0,0.12343158733329389
0,0.040421035728386984
0,0.062088193343961685
0,0.01606570310363566
0,0.016820578838637197
0,0.08240961859350017
0,0.031228882677443115
0,0.06096640600052495
0,0.015970394815149527
0,0.049058467128519745
0,0.06487194335330834
1,0.2459302704989886
0,0.031877672370077936
0,0.05530962201198845
0,0.024077036631792805
0,0.014323586791585536
0,0.22908843989382213
0,0.05115437211091873
0,0.03519570849568715
0,0.2128623024177986
0,0.058301846347011105
0,0.04940352622653088
1,0.11072164909036099
0,0.045931067041829046
1,0.10856355995491036
0,0.04633316979773255
0,0.07271288071739207
0,0.16244491044479895
0,0.042105824995514164
0,0.09260403128688709
0,0.1553285783600728
0,0.06026634291796199
0,0.025768445164201174
0,0.20864988417342878
0,0.03325566440596594
0,0.12977337085099624
0,0.057775854124336855
0,0.046588682977475475
0,0.12273775818011447
0,0.03194425561276427
0,0.05303952829157574
0,0.05486715572082119
0,0.41136133272933767
1,0.11576652728384615
0,0.059990651223629184
0,0.03325566440596594
0,0.06072106218440557
0,0.1007877631737269
0,0.03684362428527626
1,0.1228678622534178
0,0.29236561660770155
0,0.051106724182159204
0,0.12732985548022444
0,0.04233878733838203
0,0.47326012408540274
0,0.04760775535496205
0,0.03601642068482371
1,0.1367298787683956
0,0.04694161143156814
0,0.12776481626454259
0,0.06123672709399639
0,0.04766550897044015
0,0.0674599650640071
0,0.09438239285707654
0,0.05464355959024477
0,0.05600350122331744
0,0.02454720668769508
0,0.07648456674431373
0,0.15955622127641964
0,0.04538027377506091
0,0.04895492103368412
0,0.39233131197782983
0,0.09796195918706982
0,0.030784030620502893
0,0.017883074589519994
0,0.2140927961379644
0,0.07902550062475606
0,0.04394036921413056
0,0.013196749818040221
1,0.162964188474211
0,0.0674312640062561
1,0.06711199564972586
0,0.12456151814167224
1,0.11045960355815644
0,0.0183967047589531
0,0.08021952620764106
0,0.06219648601659492
0,0.2098728644102179
0,0.048591939767426075
0,0.0679221046518119
0,0.1259276335385813
1,0.16118785958536228
0,0.1809833024410194
1,0.09830762209945107
0,0.01657579438102405
0,0.07459557874391694
0,0.07340602650020618
0,0.051328871216366735
0,0.09580873888088601
0,0.054253741314074594
0,0.10913253369325439
1,0.11567563271658934
0,0.051748283995030786
0,0.05157659380701649
0,0.021758613371504455
1,0.3856134397351759
0,0.04697273264704697
0,0.29812435294690504
1,0.1644459337413664
0,0.3493391442839917
0,0.05045748563911212
0,0.01735568730538102
0,0.03689209934915224
0,0.24351723983147938
0,0.1714909100982285
0,0.07740563920862555
0,0.04901643945574686
0,0.15753060728790377
0,0.06145673158591699
1,0.1899403866247989
0,0.049253863034484036
0,0.051351430739983925
0,0.017662576763648737
0,0.019971910103609946
0,0.045366050579551814
0,0.01822275838602274
0,0.04640852152901663
0,0.05915774243855163
0,0.06772803850416291
0,0.12034320531465872
1,0.09347061746569961
0,0.008775457997950565
0,0.05855770002465963
0,0.06740149710960157
1,0.01845840355903707
0,0.03013132388888418
0,0.07362247292008443
0,0.07640349677085499
0,0.07922026728511274
0,0.05154059430194783
0,0.10281391854959575
0,0.0757647114420123
0,0.3039523059704502
0,0.05320123842209346
0,0.0648082237299919
0,0.39841989999764793
0,0.05790373772423756
0,0.04506950327087797
0,0.410300169292081
0,0.11277039457638507
0,0.015869240209152292
0,0.048352518085292374
0,0.045687004522255235
0,0.04197935644394112
0,0.06541063994439032
1,0.19417211835547224
0,0.049415749318349245
1,0.13651902516142256
0,0.18675262437091802
1,0.18416656305165185
0,0.045690811216554265
0,0.09057147626046641
0,0.05977761234415549
0,0.0908399450202544
0,0.07996115300955903
0,0.2646936137253797
0,0.05693933012135097
0,0.04837840344072595
0,0.2048388977523773
0,0.08108145547679024
0,0.017707498303444265
0,0.03573835279817643
0,0.061684988595444565
0,0.06793509716960044
0,0.04479024073320259
1,0.09873883587534009
0,0.16074263394604663
0,0.016799301370725588
0,0.10618304769309632
0,0.05980006321645303
0,0.024858100624801982
0,0.09771634573936425
0,0.05108871113826496
0,0.3377726561311243
0,0.41687935588903957
1,0.33220601051580845
0,0.04745727238874103
0,0.12452219220643258
0,0.054374862022774875
0,0.02854818975645826
0,0.056025480954542316
0,0.06465922660663173
0,0.05111092916852486
0,0.13227543393942479
0,0.22392767850400128
0,0.258741353117276
0,0.045312074051203584
0,0.06341307052333281
0,0.10747076278172524
1,0.10112234682637247
0,0.22252968502319548
0,0.33199186216476134
0,0.44756862762489685
0,0.030377396966446507
0,0.2126226231410951
0,0.12121106875060599
0,0.2963470443069138
0,0.050537065510383304
0,0.07438083456720569
0,0.051092405381135304
0,0.12473357899451103
0,0.15462426332806178
0,0.10345064113893869
1,0.36691691911749424
0,0.017005079994659413
0,0.03160218190211389
0,0.01384717319401591
0,0.13696794155125014
0,0.04517494046104604
0,0.12666291389009854
0,0.03589893513664651
0,0.055817497242871515
0,0.08280983655334209
0,0.3912357394807153
0,0.0471328335238471
0,0.12199281545535832
1,0.19995377731324804
0,0.04197935644394112
0,0.03376578395411138
0,0.05098300594932561
0,0.26762107422216913
0,0.03420422204630541
0,0.09599814651200443
1,0.18842349788208804
0,0.0363745146144332
0,0.05542581003563851
0,0.050541149142380025
0,0.06635193383377062
0,0.37566290205028274
0,0.09612358553310245
0,0.07053649298691984
1,0.13608052347567579
0,0.04905846712851976
0,0.08324918267482652
0,0.20594258001376406
0,0.06266926358460546
0,0.04583175317758868
1,0.12193850192347173
0,0.034999177918928204
0,0.03277283845419642
0,0.2371960712206948
0,0.12990433345642932
1,0.07508866387735519
0,0.19242078554642733
0,0.0507618798511512
0,0.05657318381591997
0,0.0130124990741477
0,0.13531113939693376
0,0.05922234650720932
0,0.016753238581980634
0,0.08314307402436787
0,0.04203358369126898
0,0.03256038281716523
0,0.05419639854868731
0,0.05720463060447166
0,0.07544073864900305
0,0.07838761324300254
0,0.10561597296599991
0,0.089699759933531
0,0.04057959853979717
0,0.04701101500132796
0,0.05394049396802164
0,0.29070850857203134
0,0.12309699516036955
0,0.061499175243927784
1,0.4333018560599378
0,0.13655323541226397
0,0.06959865270570681
0,0.05394845983417491
0,0.015339390635472863
0,0.06043983969680297
0,0.05329734683871861
0,0.033385531781849935
0,0.09259461380414431
0,0.06885839158423657
0,0.038518365389646224
0,0.06391574742837003
0,0.0418888647633026
0,0.04030182843569155
1,0.1654974635275474
0,0.049446865865626355
0,0.0662619051733714
0,0.038790324032958755
0,0.05394845983417491
0,0.3213803677791371
0,0.046449807941157516
0,0.036646455800716
0,0.047967769642076885
0,0.031199383027473607
0,0.12181214164066613
0,0.2739854821194047
0,0.10273431085918815
0,0.06018384999140386
0,0.05933797856737508
0,0.12296749220324421
1,0.12023342583318286
0,0.038941270335512285
0,0.4330334840410863
0,0.04981085331707916
0,0.0888354928949493
0,0.04815144780811705
0,0.02805701654928091
0,0.17739519573697318
0,0.0318974387264941
0,0.12939757183133174
0,0.016952011054997402
1,0.1351903040125865
0,0.16954586036986244
0,0.09321130039194477
0,0.03688233243674877
1,0.2637410959839359
1,0.04897486822990935
0,0.04301807231265668
0,0.15552703460613845
0,0.05334263074918028
0,0.01728855716563704
0,0.04928348126283638
1,0.14393799555026213
0,0.24544855921170808
0,0.09996071550774882
0,0.03868144042630549
0,0.061732978585879526
0,0.2190794536575514
0,0.050440220224290455
0,0.013787876952011677
0,0.05433295304986761
0,0.07624253100366832
0,0.046079860615311996
0,0.1746842505450695
0,0.05819978091068432
0,0.0501710885518056
1,0.10211146779099302
0,0.030208273167749607
0,0.4680921680571622
0,0.5128650657706583
1,0.37352992414285396
0,0.1334607669011999
0,0.04709160668480543
1,0.2853910922753322
0,0.2250733726965135
0,0.15704361407443299
0,0.0417940276798488
0,0.21252344055285485
0,0.014206986523460747
0,0.03971378273555972
0,0.04371605861856306
0,0.10791993812752405
0,0.030857931311449826
0,0.1646255455168238
0,0.06171872243336742
0,0.05802676990378712
0,0.047465548682049385
0,0.013536127277540902
0,0.03302952452370086
0,0.2156309700138054
0,0.1693385507389315
0,0.03187372768131529
0,0.05167781478094341
0,0.0681865907623626
0,0.15254786139432966
0,0.02336760494461103
0,0.14926405654418343
0,0.06584809983933507
0,0.057604977616256506
0,0.04960633462556844
1,0.14353017482241798
0,0.125254379053286
0,0.32512650001975113
0,0.05747854871841449
0,0.1488936371446003
0,0.16394721956203695
1,0.22798813544739754
0,0.07689373354208281
0,0.09827547027301367
0,0.16209123498258793
0,0.06422150982167728
0,0.19088502438886165
0,0.05339704874419453
1,0.06583096604834103
0,0.0507773948458795
0,0.21507222495301662
0,0.04384751743418765
0,0.03563527337519713
0,0.13358066888305092
0,0.051876077130859274
0,0.05433711684212974
0,0.01578744045822742
1,0.33581375376614603
1,0.3601775779837865
1,0.10828882236618811
0,0.2533924929779741
0,0.22986655072629458
0,0.1447811190339104
0,0.11194930140272161
0,0.049626970890777854
1,0.1851712965664648
0,0.3515426030868368
0,0.05266518486600038
0,0.02381782044348571
0,0.16940225813708049
0,0.05792590371121693
1,0.08580672234761186
0,0.052551819247785035
0,0.0025093953570477444
0,0.06451531201739928
0,0.01243948008936127
0,0.09857737432870078
0,0.18312279941717183
0,0.047170599647996386
0,0.0475957110732261
0,0.0990183010342347
0,0.047750944621412175
1,0.22705552021347541
0,0.4291230955525289
0,0.019218183399924958
0,0.05033937622258981
0,0.05865008922664955
0,0.03804869069718198
0,0.044302310853572904
0,0.13951502812604172
0,0.056112963772228755
0,0.012902995667690207
0,0.052551819247785035
0,0.057800225552283
0,0.11901420936550154
0,0.1082293672976489
0,0.08432417737292794
0,0.41612029653384286
0,0.07374718683569294
0,0.09682888824230226
0,0.043330010212480216
0,0.050973336858901284
1,0.09617220746712951
0,0.2033979390543746
0,0.03870587018020568
0,0.06093248174789694
0,0.08068493789752813
0,0.057583957528912696
0,0.04430253279274044
0,0.15078898614500716
0,0.009822173450341603
0,0.05240281856752902
0,0.035731190951969374
0,0.07836980185342562
1,0.19239329733712476
0,0.09071580643835471
0,0.08529069438514954
0,0.05526345185554955
1,0.1565624111871077
0,0.09902073394037242
1,0.1357254851533748
0,0.015501727335158142
0,0.018649666727083257
0,0.05775661204559387
1,0.12254438218690078
1,0.19238631266968198
0,0.06181010658666654
0,0.05320477120042578
0,0.056951310895570456
0,0.04224219056292197
0,0.0342995856306981
0,0.05379504943458693
0,0.21211270033409305
0,0.016171657991262536
0,0.0730651329521371
0,0.10492205312326144
0,0.055383160935541825
0,0.062136387913815726
0,0.032789221022725176
0,0.01679156818420412
0,0.04587438529727023
0,0.14954700319805708
0,0.040812888988758976
0,0.3731824454529389
0,0.016166512121438995
0,0.15567548561397004
0,0.1537890525150681
0,0.030979831150807192
0,0.04657277811095545
0,0.046854078385293374
0,0.040298114915733256
0,0.056399183598892046
0,0.0550854851064337
0,0.0603896958716864
0,0.11600988529215425
0,0.05366713872004586
0,0.12975442298474202
0,0.021958603855719093
0,0.31066508310110597
0,0.050932974613614033
0,0.05465598198841804
0,0.05204728213344457
0,0.022265131988549236
1,0.12896868854084284
0,0.12512593633602823
0,0.18494056369950812
0,0.10114872171495334
0,0.033970124154535423
1,0.10615005083913627
0,0.4663366123818367
0,0.13351554955643943
0,0.04577136640533682
0,0.03164518639287183
0,0.059835974394591464
0,0.05624950517446381
0,0.11870946459218781
1,0.1320463329245121
0,0.03325566440596594
0,0.022265131988549236
0,0.05153263746785763
0,0.053508381113274966
0,0.016799301370725588
0,0.2191124147795915
0,0.01887096154748562
1,0.4730325460637484
0,0.04330149970005247
0,0.017394778971869564
0,0.061651109087005995
1,0.06755696767368534
0,0.05051643833478637
0,0.0645159499508538
0,0.03217734720689957
0,0.09259461380414431
0,0.04163010517198363
1,0.15529237152180653
0,0.04690306814205486
0,0.04075199102486241
0,0.03228949104409584
0,0.013927086745626456
0,0.11966153464459237
0,0.05988816569417663
0,0.06690316522865673
0,0.056560532154809634
0,0.01791884695085818
0,0.09189256597919233
0,0.030329607034750423
0,0.05394845983417491
1,0.43132100857697986
0,0.021676077444697323
0,0.10334248211220319
0,0.05155897626688742
0,0.03699313083239686
0,0.0437503361317222
0,0.01753620729630519
1,0.10713855901476514
0,0.1145193537913251
1,0.23285853568044107
0,0.05395806818412765
0,0.032644837574094705
0,0.06174422813911627
0,0.036991580680232505
0,0.09505086774191882
0,0.016716192659033374
0,0.04209047726144852
0,0.0340404899841452
0,0.04572877693398412
1,0.10252176094055533
1,0.14003810827386468
0,0.06345848044822093
0,0.03162738614014131
1,0.13613519010624642
0,0.06348869552658985
0,0.021541783103804824
0,0.05889095263770409
0,0.3364766769511873
0,0.07064788211851404
0,0.20865382796996979
0,0.1797936882246527
0,0.07436745860754257
0,0.04932152654093264
0,0.04073129712241746
0,0.022596682312157106
0,0.016575989243662232
1,0.08441588697256575
0,0.10333784008458924
0,0.0655211297145492
0,0.06027963431827895
0,0.16752853231643947
0,0.049116736816736374
0,0.03840427242450309
0,0.02140353065676259
0,0.04997065636312377
0,0.1447426690320122
0,0.03108633692041504
0,0.07510885652450013
0,0.1716122593012953
0,0.14407977398038574
0,0.06657569351429894
0,0.07503150556763576
0,0.15818222533435028
0,0.06652899182250308
0,0.13888567148141165
1,0.10291856412874098
0,0.13227942635367168
0,0.17877999724189808
0,0.13482953821702362
0,0.18841278276106085
0,0.05944738171675402
0,0.04557731802528484
0,0.053895812561086893
0,0.20047133969469474
0,0.18352471345428106
1,0.29644848713148514
0,0.07191352598502015
0,0.05134842300344593
1,0.11080426980622357
0,0.062439779025415226
0,0.08906563095943923
0,0.15707182473897358
1,0.05617366187777687
1,0.18965137984540806
0,0.055839652153006916
0,0.0910814122216479
0,0.031858592642542385
0,0.12354844428045625
0,0.035116669826028346
0,0.2770382612582151
0,0.05867044461816091
0,0.09074156468529718
0,0.05926761538065081
0,0.039254508401483
0,0.3681984196340855
0,0.066693578346559
0,0.06345379567071936
0,0.01676155912908258
0,0.0600208942331066
0,0.09965177389710274
0,0.0847522924999713
1,0.12843559891871908
0,0.04544170318990712
0,0.06337444970736933
0,0.04853238723319627
0,0.08546541886681339
0,0.04817871026753134
0,0.17268917733394618
0,0.015143751814265284
0,0.01895730315083651
0,0.02483965951530612
0,0.15042250088907322
0,0.05600961439386545
0,0.0521417557417872
0,0.043058104817132514
0,0.039378533584049524
1,0.12677918015088843
0,0.0557562505912959
0,0.2343979967291743
0,0.04788457749671574
0,0.060481544510208686
1,0.35083779541750837
0,0.01739430464395187
0,0.15511784715429883
0,0.14009970616935766
0,0.1634657572647553
0,0.04082034931039113
0,0.06250233664117602
0,0.05414206167984106
0,0.05192950342224781
1,0.15110000549674857
0,0.04066001464592337
0,0.0899613505485409
0,0.012181287157484186
0,0.18771630024690292
0,0.05947890609744626
0,0.04800665426780362
0,0.04888297658313393
0,0.05346540130035279
0,0.135465905536098
0,0.08283924902886385
0,0.03737384853100589
0,0.3309865975132249
0,0.05302128575937532
0,0.062218278948036554
0,0.04292752314278991
0,0.07125805586913134
0,0.0470226383402687
0,0.13557188916952378
0,0.01670548944857305
0,0.06462669040303812
0,0.05530118072996885
0,0.053275773793558204
0,0.06240262844694766
0,0.052943767328738935
0,0.0458584047521341
0,0.033967353183249456
0,0.3402367712977531
0,0.06642470372237684
0,0.08079394603803429
0,0.2915658961295899
0,0.08319824839199146
0,0.1287111093251826
0,0.04168405733907157
0,0.06265632531866286
0,0.016598726504919767
0,0.03459205340570734
0,0.05532624167818072
0,0.05738384251950411
0,0.017443083940702164
0,0.06751200814100221
1,0.12524561461040645
0,0.04620249786874729
0,0.050729737086267684
0,0.04649179372773314
0,0.14611336387973953
0,0.38850202632247904
0,0.0367775697841019
0,0.14170146983085014
0,0.01784784834138446
0,0.03493612761612811
0,0.11130438909822922
1,0.33213505841538066
0,0.03580181945634433
0,0.0948306295043636
0,0.20404482819335926
0,0.05581734522183516
0,0.32548716875438294
0,0.11544449014678909
0,0.09369807820983149
0,0.06222857169973467
1,0.1859157520799067
0,0.41305222382961854
0,0.038835175549544285
0,0.04892830257442222
0,0.03511867838008468
0,0.06498424568325173
0,0.06021173353250672
0,0.1639134850767147
0,0.061426943764050126
0,0.06774692793051167
1,0.3312679022827338
0,0.0581146048823597
0,0.017338867107545522
0,0.11796608163867185
0,0.05125134923062382
0,0.0832547383131199
0,0.0668538402386297
1,0.13193956513233432
0,0.045539525356249985
0,0.10512089031399766
0,0.035331795709660795
0,0.05417681776057414
1,0.12400665634647139
0,0.0346261307037116
0,0.36147070579604323
0,0.14162054894479412
0,0.3051028397999967
0,0.05013049079906268
1,0.1512116868534691
1,0.20049287821587797
0,0.0988390289565756
0,0.04312911107311494
1,0.14130274261096495
0,0.048471770050285926
0,0.06064030565729191
0,0.024086105611164005
0,0.06660702295734199
0,0.05286925019015446
0,0.4487592808978468
0,0.035818104978230056
0,0.03328818938365396
0,0.13612022766756018
0,0.11506565320281519
0,0.0163879514231501
0,0.00018468242704515437
1,0.0791511378452658
0,0.12218537226399423
0,0.13736818690985303
0,0.07497413463334823
0,0.18204341794550316
0,0.04021211131230077
0,0.047908515094995906
0,0.04197935644394112
0,0.2298071530224031
0,0.062299021141442645
0,0.12718128410019722
1,0.13403789221530066
0,0.02249893519224148
0,0.07477533523474586
0,0.008733574118502783
0,0.05004444702695094
0,0.10885771877058648
0,0.06015235742338106
0,0.06269896601731835
0,0.26026501894067455
0,0.44511067094647677
0,0.030183305889420114
0,0.06079575508309484
0,0.2995713984637654
0,0.05847811707382842
0,0.053973302463579086
0,0.13484380877457278
0,0.05633712800308184
0,0.16080141662123826
0,0.3766508639639647
0,0.07345713830011702
0,0.018781985720639074
0,0.12354157148260866
0,0.056386478085984286
0,0.03642004896456543
0,0.13911799485138704
0,0.05022638318544673
0,0.05353762804283138
0,0.054457427172593206
0,0.11301623385478643
0,0.0508225997569549
0,0.06294441694593228
1,0.2306154624393518
0,0.11966153464459237
0,0.07167953631151819
0,0.06761172379032306
0,0.03771201830240363
1,0.18095595429663905
0,0.03495720439734449
0,0.06608157955176025
0,0.03256356963840823
1,0.02785576422487201
0,0.011819234588742187
0,0.12308833082929127
0,0.16751567988567959
0,0.046880465272096765
0,0.016512835459073155
0,0.14913140603937686
0,0.09505086774191851
0,0.09816262212691651
0,0.1315944297262744
0,0.0074186389081389
0,0.08399617177233373
0,0.048373271401737215
1,0.3122540655406664
0,0.036914463847752564
0,0.020466937740510286
0,0.4267426482499336
0,0.03752982027930912
1,0.09853038800494004
1,0.1841728248223246
0,0.07569031969912972
0,0.06140793548245597
0,0.05252216560022836
0,0.03628918618331117
0,0.02450142232498862
0,0.055229067584152636
0,0.20668059517670925
0,0.13861916172605024
0,0.013056029619916011
0,0.02140353065676259
0,0.05748259377438042
1,0.2313840392053421
0,0.14271986075903556
0,0.045475218470316006
0,0.2156422765921749
0,0.038768630075422986
0,0.07086356283367959
0,0.013980667781769755
0,0.26424282843522334
0,0.05965381895830893
1,0.12067260279406919
0,1.3332376281950174e-34
0,0.048034830029838584
0,0.31631208726105486
0,0.06831618563480796
0,0.23024846334844853
0,0.1257625284772162
0,0.24550479939552677
0,0.04274004465756408
0,0.01286334462005379
0,0.07401171313474472
0,0.052981218465699184
0,0.05600417522116293
0,0.06329384966059474
0,0.030503747038267824
0,0.034242557230558746
1,0.0843559632135388
0,0.039022210889742094
1,0.11119039350922663
1,0.19228204628923623
0,0.12902060304075763
0,0.18525443947266282
0,0.041273660259947005
0,0.06409472435793563
0,0.33006306793890017
0,0.11538060960106689
0,0.049639801763383555
0,0.04620177916944125
0,0.11556001770476071
0,0.089699759933531
0,0.28943093155032446
0,0.05103109611130487
0,0.2856939015889368
0,0.029545134873424476
1,0.16910400301151293
0,0.06668767411800161
0,0.19179504208129738
0,0.03822098830383542
0,0.047218579329846216
0,0.05942062202358105
1,0.04615920168064963
0,0.06294936787139813
0,0.059520359130217235
1,0.14873449602268823
0,0.024293754356523766
1,0.22953154427970957
0,0.19187212880760238
0,0.05412207005599217
0,0.056010935706797556
0,0.03819368833945231
1,0.16965929684425085
0,0.10047355231016179
0,0.01721016881801638
0,0.05569837630516681
0,0.3250229312403688
1,0.18012155907095118
0,0.03858083812523966
0,0.02780705334075671
0,0.1009444523383116
0,0.05077006192295342
0,0.01393058366186486
0,0.046259406880379494
0,0.18955476203738156
0,0.0327245704476766
0,0.059683975512996076
0,0.03921600519699746
0,0.050651887937692965
0,0.03336617492775487
0,0.03954826040905702
0,0.013339536830156972
0,0.03848441034904394
0,0.03325566440596594
0,0.058046311158767586
0,0.10640941975925561
0,0.046724427788510825
0,0.12479972574813229
0,0.45722084295596804
0,0.03712501176227108
0,0.018158369337355734
0,0.11966153464459237
0,0.017123283397122407
0,0.048215474457464935
0,0.0527145202572857
0,0.06535709361781594
0,0.04425692233511091
0,0.08766098761396138
0,0.4520789996457174
0,0.053999089643089436
0,0.044747123538225075
0,0.04584097624165367
0,0.0711720150607641
0,0.12675364847128748
0,0.08639273058520991
0,0.017084367010578007
0,0.12644539339976366
1,0.34379918628545886
0,0.09020294934185327
0,0.2065788421889816
0,0.14121466375505703
0,0.04950718980877285
0,0.06382763960496829
0,0.03372057628699876
1,0.21452803744439114
0,0.052870334903492466
0,0.03398103366441148
0,0.07801395535654414
0,0.401503668772579
0,0.09389516470891801
0,0.20045052238822628
0,0.11938151850002234
0,0.05531941777597003
1,0.10050955470167797
0,0.058156533459201784
0,0.030945738106758155
0,0.05282419525962662
0,0.22291378599153402
0,0.13399306655559687
0,0.05546671417534065
0,0.01941467678266702
0,0.10262199690253841
0,0.057806315577579884
0,0.05770115829969287
1,0.12576802065790277
0,0.021326214683797792
0,0.11807053982612602
0,0.04724501060347867
0,0.05715897963083574
0,0.12619018489529393
0,0.06268615638479084
0,0.3399007565771567
0,0.06164996310020283
0,0.08979663940174407
0,0.1464422328859378
0,0.11218969343335565
1,0.10386584459895164
0,0.03624257135475207
0,0.08553152927033861
0,0.2860958587955375
0,0.04791646071439768
0,0.06229885660086658
0,0.06294253971981296
0,0.037372935664721704
0,0.014862962765344772
1,0.15514239751302725
0,0.012109254098889313
0,0.05537028669142138
0,0.12521607200727203
0,0.0020051005691489655
0,0.03921454158269834
0,0.2460423837761002
0,0.017497232368890538
0,0.01887111725371537
0,0.017883074589519994
0,0.05848735806102521
0,0.0763509592116612
0,0.1400353401724676
0,0.052288952109470245
0,0.07815961135583457
0,0.2807060763684177
0,0.05941851996264793
0,0.017186219953351102
0,0.09798322681258936
1,0.0847409503146684
0,0.04827780773155785
0,0.16818255124219486
0,0.0420080833897622
0,0.03702177751020282
0,0.01641417981827221
1,0.12081636809295225
1,0.2668565284488137
0,0.04590486160177819
0,0.30304830556892665
0,0.04427546071545254
1,0.1739039035878931
0,0.052390811563824476
0,0.017707498303444265
0,0.07198998341264311
0,0.04717646059979804
0,0.01633620600208656
1,0.14241834528183844
0,0.09557073355864108
0,0.03443010561805178
0,0.053321860786165014
0,0.015833066536649756
0,0.0169714826675567
0,0.14869852659704552
0,0.28941949250394305
0,0.031646786065485474
0,0.07214130063731643
0,0.04137897095340768
0,0.10187347083446027
0,0.06075491136405009
0,0.051983239891356996
0,0.03452948476595209
0,0.04358789894120425
0,0.0571153511146197
1,0.06344419784320196
0,0.049324133620705396
1,0.11898242491120051
0,0.04964567471367098
0,0.11218242273398062
0,0.049358385775693195
0,0.04193688648643322
0,0.09972773371706649
0,0.22691663747074195
0,0.10673145240168196
0,0.04151282751320898
0,0.016596390296741325
0,0.05792718485418072
0,0.042788087111519886
0,0.01734235390953878
0,0.045105707333291896
0,0.046741199840641394
0,0.05084596617967301
0,0.0591724463989348
0,0.06987100450657573
0,0.03247393569087813
0,0.17233677893422072
0,0.07133277894936925
0,0.04868211077231862
0,0.4239637015887728
0,0.0597713224669346
0,0.050128376111485365
0,0.1319106860207697
0,0.04019632150069379
0,0.03304615352475492
0,0.16591106825362656
0,0.05526345185554955
0,0.04455254556805271
0,0.06104821383351152
0,0.053883252393398036
0,0.0540292712476724
0,0.04252486649866657
0,0.017080043958556435
0,0.07855491098915429
0,0.06490243150893708
0,0.08748790190457294
0,0.061768220584273996
0,0.12048214649001592
0,0.021950888830164328
0,0.24057154603123496
0,0.0472634187668282
0,0.1739019566111286
0,0.053184978510971245
1,0.30610175472738016
0,0.057406779141045784
0,0.051476086635552504
0,0.10208011974767241
1,0.13868030089064007
0,0.051467264780479055
0,0.08373774442993726
0,0.12130473726179229
0,0.03143071440144181
0,0.05315017226077543
0,0.09410726821706797
0,0.057239419066673736
1,0.19659397698103026
1,0.1272602636655844
0,0.14008205611310126
0,0.04908597378153286
0,0.015627616300106804
0,0.05008618147156263
0,0.06141297495830369
0,0.03549632147175262
1,0.4825532029419969
0,0.01362468535559847
0,0.046080266776381565
0,0.2045527826646244
0,0.02141811810940739
0,0.016292108229926005
0,0.03744082457745588
0,0.06691969577489643
0,0.03452416064220501
0,0.179686541065484
0,0.05643665354992647
0,0.049977212927260574
0,0.054170319177832486
0,0.10827082147982683
0,0.061440093974171814
1,0.10279946345638784
1,0.1002472224312355
0,0.05149288700604907
0,0.013374759249999478
0,0.26436781535541526
0,0.018509055658064655
0,0.07846247016785757
0,0.04596133193088526
0,0.23889086049841837
0,0.029650240040318823
0,0.04883801550977593
0,0.024140529715428252
0,0.05623898573873069
0,0.05679036778676645
0,0.0989244647857956
0,0.017792936714936262
0,0.0971427431480259
0,0.06521032647200847
0,0.15205415000387876
1,0.3654504457718636
0,0.3298130753554699
0,0.048932800074307226
0,0.045650603185278804
0,0.03755716402175597
0,0.049736905305258955
0,0.11283042614358925
0,0.0009563847498900361
0,0.05229750699966088
1,0.14421808869754782
0,0.21077501111079872
0,0.05116635873257874
0,0.049456116646134536
0,0.017801807837873485
1,0.12491496173026188
0,0.057488728876759175
0,0.10189775873456633
0,0.14789946342669097
0,0.07160766311139166
0,0.05320259423704928
0,0.089699759933531
0,0.029107515466150112
0,0.139481099720446
0,0.05013049079906268
0,0.0456863663216099
0,0.05512841879999917
1,0.18521325827554197
0,0.18367609522435707
0,0.07151691362654448
0,0.04608278887447355
0,0.1444145862628078
0,0.10383882726776596
0,0.043938659676264716
0,0.07521797778661467
0,0.14372074501872922
0,0.04974785302461691
0,0.05711897065797913
1,0.14718529341193864
0,0.10285906750431696
0,0.05394845983417491
0,0.06649709711980577
0,0.03164518639287183
0,0.04870590776512449
0,0.07374760077097388
0,0.02256573816812177
0,0.27387649153921223
0,0.06441725939520909
0,0.12105339124813616
0,0.01657579438102405
0,0.017359337439395325
0,0.0651735816439353
0,0.016434240058254366
0,0.038614798648777954
0,0.04823293696946933
0,0.37432115571088187
0,0.0584599212271838
0,0.20717236307463222
0,0.07050897816311243
0,0.1374334071802801
0,0.09677801614890133
0,0.05556124873768962
0,0.06708483495495438
0,0.050838736098818456
0,0.0625806270848412
0,0.07946156003691904
0,0.1998476099480016
1,0.13347868947671745
1,0.09571144697694468
0,0.067624174367718
0,0.05655992740903179
0,0.09131393649996726
0,0.04197935644394112
1,0.15080582740804413
1,0.12686747532379272
0,0.30288486695322964
0,0.23620401295342297
1,0.11389546842592296
1,0.3270174585127554
0,0.26504209998792705
0,0.047705581741368006
1,0.19932646883056399
0,0.12240301013377232
0,0.04793851876890406
0,0.031056516857194596
0,0.16685525162215914
0,0.045656158779339144
0,0.03374079865788302
0,0.20275582661481178
0,0.27690234786686063
0,0.19405069276310957
0,0.0336506208313472
0,0.06171054224221156
0,0.14149014540499438
0,0.047933619550865766
0,0.07467903272454215
0,0.26833831337856834
0,0.04487635317886372
1,0.06424320106306712
0,0.03569816093062726
0,0.051959319957628945
1,0.09633702235636764
0,0.05650860096651193
0,0.05257413427462508
0,0.02442648031113775
1,0.22352441076339666
0,0.09888730866343402
0,0.2546765010665025
0,0.03105940780645806
0,0.03329739092199911
0,0.19233487053591194
0,0.16076002682909007
0,0.03885709544631168
1,0.11895952189169087
0,0.22591393103546523
0,0.04732909206064503
0,0.20656840932082826
0,0.0754756986251714
0,0.05232843774268622
0,0.05148291282464349
0,0.01564428660311426
0,0.13320611129785878
0,0.01774674983643026
1,0.2727913146045595
0,0.049742051306287116
0,0.16188831128003167
0,0.015314603132251753
0,0.05020032141072166
0,0.048571238690566995
0,0.051710878686029464
0,0.05030209362677255
0,0.03439834930771977
0,0.0620932653241324
1,0.21684293434644458
0,0.018326061798772515
0,0.06448680560167065
0,0.06023516397392404
0,0.12261894611667787
0,0.03541824242910431
0,0.13053132112795213
0,0.059149631294967454
0,0.10299988035669885
0,0.062462473657387316
0,0.09106467413860204
0,0.038488556539099016
0,0.04594496926419515
0,0.03860647043269914
0,0.04439885523178579
0,0.02205591646834455
0,0.02580908186312462
0,0.2542358071483902
0,0.05676170149884261
0,0.1218972853006116
0,0.048449726525268244
0,0.06194819869039458
0,0.018167518647160784
1,0.5406382050623461
0,0.13498969332680813
0,0.1568871206790586
0,0.045693920927034115
0,0.4151557352163311
0,0.080085208627514
0,0.029962070423070128
0,0.03734740213904504
0,0.024105100730254066
0,0.04218487284909613
1,0.12672822270828532
0,0.43527789202864764
0,0.04760289261975094
0,0.05905181935207335
0,0.03725922316579465
0,0.1350680237447088
0,0.03404733872204861
0,0.2387322067514951
0,0.09504548090015001
0,0.056048022519755276
0,0.03608464264622774
0,0.015560961180681218
0,0.03550249947192316
0,0.18205659459545875
0,0.30101584770451634
0,0.23825979615164208
1,0.09970787414481425
0,0.03322150392089648
0,0.04620659270650036
0,0.11331406332381914
0,0.04453311826315989
0,0.11868566143042757
0,0.04646747523602747
0,0.06251633500960113
1,0.3832123594714953
1,0.10939845177289767
0,0.04695607211112617
0,0.036765294620468306
0,0.08445933940836588
0,0.06323288968186216
0,0.13910199296264622
0,0.08018244544252938
0,0.014333942265677222
0,0.13473971470998264
0,0.015947413004476416
0,0.23485346358633363
0,0.030857931311449826
0,0.06859364452940477
0,0.036893769547058364
0,0.15728302942793845
0,0.09512766325675089
0,0.1181535959610368
0,0.3933227229774577
0,0.05535612427625344
0,0.06360453504259889
0,0.1204329884567814
0,0.053497720706927286
0,0.023873506657403027
0,0.12920769956538658
0,0.3006869387998164
0,0.06392617124379694
0,0.044604486880894634
0,0.031204054981950956
0,0.046502896915108866
0,0.04837033835126034
0,0.08223816781500315
0,0.060309391783725214
0,0.031104140376614804
0,0.04616296270947889
0,0.05267326438562331
0,0.10487131295041027
0,0.022349473111922057
0,0.1949851517407613
1,0.12255059733868709
0,0.12076539175002862
0,0.029840146850060503
0,0.20869532247688669
0,0.029406712586846045
0,0.05244267884059313
1,0.18575484934475384
0,0.0603558500330961
0,0.018382843278337748
0,0.01804993562099711
0,0.2507325498064618
0,0.04957749589596858
0,0.18783926595275263
0,0.23214048637458162
0,0.3632979603935757
0,0.05046233531448272
0,0.05792590371121693
0,0.04737602092478202
0,0.09494694849913446
0,0.047279644552059
0,0.4238975540056508
0,0.1609672959176207
0,0.014668845553975608
1,0.09264879825920204
0,0.062399670492420435
0,0.05404096622744379
0,0.0641697304308534
0,0.06024108345531116
0,0.14780363739655225
0,0.06212299235559637
0,0.33828663647068763
0,0.2949373131642169
0,0.052864230707194426
0,0.02820416518941161
0,0.03261858904592071
0,0.22889798305773623
0,0.050475531414227386
0,0.07178841739745338
0,0.14171570176535786
0,0.2078224942999701
0,0.013948842503703901
0,0.05287486401546033
1,0.2146152933610567
0,0.050194407677004504
0,0.0479930399217052
0,0.050411630692688676
0,0.1289218537579857
0,0.41103726376365085
0,0.024727801543386406
0,0.041432218994834624
0,0.06132499502552769
0,0.0596790605809129
0,0.11112943883536038
0,0.014502111930123244
0,0.048582532646582716
0,0.24555342114274492
0,0.03535795773342053
0,0.037285169144139464
0,0.039879202929603064
0,0.17184767912335153
0,0.1169077092626894
1,0.11867374047565324
0,0.19129969141398917
1,0.2613734085482298
0,0.2118034042913235
0,0.24071077797255588
0,0.26721197557571696
0,0.37706373947827704
0,0.089699759933531
0,0.016681004417129122
0,0.3426300633037841
0,0.06456403460237613
0,0.32820218480080254
0,0.1538289759480218
0,0.01632314083775679
0,0.049058467128519745
0,0.08082374494925695
0,0.05792590371121693
0,0.05847005112665325
0,0.07875150444655266
1,0.1548119261594824
0,0.013861935135178197
0,0.04048079551562212
0,0.00966347339461982
0,0.015064943722407619
0,0.23967214123559735
0,0.05476471517234836
0,0.13059114687756623
0,0.21673937051458894
0,0.06137150007499792
0,0.0626788451566707
0,0.016506781379061083
0,0.07464730304012676
0,0.032306327851988635
1,0.12564091815681977
0,0.05425808335978569
0,0.02759522188900734
0,0.038975133860987395
0,0.07435128483446315
0,0.052051691856428994
0,0.033538691906227436
0,0.06644599245268258
0,0.10058997038637042
0,0.11208430117306009
0,0.04972864839802568
0,0.049743599743940284
0,0.10925151851333302
0,0.013807572268684258
0,0.04496695359357304
0,0.11481416254776017
0,0.01245393143833872
0,0.012681878045692775
0,0.04190840072126832
1,0.2040627157710629
0,0.11604434042827802
0,0.07345855451792263
0,0.1448065685055439
0,0.040665989010469965
0,0.013922279552270036
0,0.2553956233521018
0,0.08315443801293972
1,0.10687856500652572
1,0.10049315934128283
1,0.34092096722019255
1,0.20272814148869445
0,0.11019507311688957
0,0.38304473220937985
1,0.35340817933935076
0,0.11506339386099636
0,0.06517677551959385
0,0.05294580297655491
0,0.042908492981259816
0,0.04878556216140141
0,0.38731919381245206
1,0.06954801720231168
0,0.017460681761967266
0,0.04197935644394112
0,0.05406611054400968
0,0.07376788940792747
0,0.030329607034750423
0,0.06479031753554126
0,0.08002193053752191
0,0.01852494959484439
0,0.04368580117170258
0,0.07175871005157111
0,0.054549908537325144
0,0.22082742820849197
0,0.048978732124107784
0,0.09259461380414431
0,0.018158369337355734
0,0.03916156804798281
0,0.04737866322582366
0,0.017707498303444265
0,0.49549468011469183
0,0.04844476273901565
0,0.17504658565023803
0,0.19057500793146978
0,0.3083047454557067
0,0.11446354486736966
0,0.04197935644394112
0,0.038892971310102484
0,0.04547536586052654
1,0.17533662270761105
0,0.059198586479424345
0,0.09694088854273182
0,0.03445406251165125
0,0.03685711896884214
0,0.06350707359220446
0,0.09500763272278917
0,0.12771191408992533
0,0.1498096411257823
1,0.18737808764872246
0,0.07119469197895162
0,0.08758026050948567
0,0.031076226497394353
0,0.05304573932758929
0,0.04837840344072595
0,0.022561403265521977
0,0.05159520064733298
0,0.24645818819406748
0,0.05528663980666788
0,0.008571465738169016
0,0.049257207107674617
0,0.052257946966333284
0,0.05145255775008685
0,0.06924056390204061
0,0.05394845983417491
1,0.1372198189442482
0,0.4100228568190824
0,0.43580375407014116
0,0.08781120896494661
0,0.016119120133696745
0,0.04913579033879076
0,0.08983461253042536
0,0.1681486118202285
0,0.14217515882238949
0,0.0430303459026723
0,0.032464430012597495
0,0.15704361407443299
0,0.01624919179838595
0,0.028445871078794843
0,0.0677469279305117
0,0.1040370050145419
0,0.048517087929098986
0,0.06949397454391654
0,0.35256925754107654
0,0.030250206130875586
0,0.06581739770728692
0,0.05780204451417901
0,0.05825568926501685
0,0.10604327745978014
0,0.31519890116678506
0,0.05594720074722091
0,0.050439278305306014
0,0.05946632488302314
0,0.030155012797732753
0,0.0009745725382588732
0,0.16459904881422374
0,0.05767865374659598
1,0.13235751708026822
0,0.05606301483471643
0,0.05460768137144953
0,0.06886897607031381
0,0.05441629400091792
0,0.04201570090358112
0,0.07941071824499506
0,0.089699759933531
0,0.05581521825899405
0,0.03948442758974977
0,0.07116529224787134
0,0.035672793063122356
0,0.15658727040230083
0,0.05384715452223996
0,0.1446538805806844
0,0.26155211717485954
0,0.02268943634252757
0,0.04053876597516852
0,0.08009289109988453
0,0.060315345498817646
0,0.02046443835004447
0,0.04861056945339746
0,0.05637047293314653
0,0.29300607797697864
0,0.014893943787456497
0,0.2558320149371864
0,0.042638246040394345
0,0.030857931311449826
1,0.27371754125619385
0,0.08375321489253175
0,0.33912979831217416
0,0.12044717708371788
0,0.03142833282222231
0,0.09734433048035943
0,0.025879015567922416
0,0.06037824475148577
0,0.14785160340251985
1,0.13660607762241886
0,0.07346701875229754
0,0.08171208873255073
0,0.08177950774354754
0,0.0506281541256985
0,0.06049901882034117
0,0.18487448107944174
0,0.07711129302718062
0,0.04964950200214658
0,0.06508010580238169
1,0.10591108842995711
1,0.13470988128900457
0,0.11877408307707449
0,0.14494077080958628
0,0.05899097014052138
0,0.16755512843697046
1,0.2889007693881005
0,0.05961797442384955
0,0.04837840344072595
1,0.11701272691579433
0,0.21756410771126936
0,0.03907914422355189
0,0.06972024914429291
0,0.3718846183741366
1,0.09841985619228846
0,0.07146973284460499
0,0.219324485568593
0,0.06462827205489065
0,0.06752959059414662
0,0.08590161258836833
0,0.05624054667519003
0,0.1767181904022438
0,0.14732091203054357
0,0.028234010358830913
0,0.01831410041295333
0,0.04772630886986911
1,0.2849309400687979
0,0.015363805800417138
0,0.05765535716928747
1,0.17788256053744272
0,0.05476669005789061
0,0.20409357501818312
0,0.03246102093113223
0,0.054230309263015156
0,0.04564340610169348
0,0.1105048871261045
0,0.14139117150303662
0,0.05294840998162805
0,0.14935386982656249
1,0.3124146066293816
0,0.029934648535429285
1,0.11298827540687274
0,0.03240784805238867
0,0.12260970664482453
1,0.11515727288999801
0,0.05364397361875181
0,0.13381869331425053
0,0.194987566565049
0,0.06303062074323243
0,0.11537703517430356
0,0.06172331019309286
0,0.054184133084986374
0,0.05521398820806645
0,0.0503265081186598
0,0.065429514560122
0,0.08014150493658387
0,0.1145948797526804
0,0.09259461380414431
0,0.06526187398181445
0,0.047209655678639335
1,0.11864495567823256
0,0.05566924925280286
0,0.05139770080545575
1,0.3596920274537895
0,0.22829757305635115
0,0.02938291649100832
0,0.06578862118947362
0,0.056753069675155976
1,0.18608866604946447
0,0.03382214538165127
0,0.055068527162789795
0,0.049639801763383555
0,0.04766607448771251
0,0.3052783466170731
0,0.12048214649001555
1,0.1789006240837007
0,0.03589345728945541
0,0.1569268055457054
0,0.18222389292221808
0,0.042136431807499757
0,0.044388049659711735
0,0.019910694213958743
0,0.16934444390354575
0,0.28439487012667675
0,0.08389150771153073
0,0.04578225063977503
0,0.05137449485218086
0,0.15658727040230083
0,0.03949678329177223
1,0.20154037422941365
0,0.013922279552270047
0,0.06001856571524684
0,0.03082696742711766
0,0.04594496926419515
0,0.10751937995433943
0,0.1414070210846261
1,0.12718599596692298
0,0.06609905362132794
0,0.06441071087558058
0,0.028885282207058674
0,0.07012588319607187
0,0.04370605033736842
0,0.09796942779552416
1,0.2270256397286077
1,0.04565182353234507
0,0.11578811991970388
0,0.04984806569485071
0,0.022960299949103157
0,0.07986668430427465
0,0.29849685000454235
0,0.04423211522263482
0,0.014333942265677222
0,0.10496392427448896
0,0.04527637345654
0,0.11743671492457054
1,0.478702286874931
0,0.2456628203063857
0,0.049600536340913645
0,0.10656416452356952
0,0.017187950407253336
0,0.029522157727434908
1,0.10147079263011403
0,0.293426447579281
0,0.3466276390989608
0,0.3465465349279966
0,0.0363007095426361
0,0.03196827098736768
1,0.09299573480825939
0,0.06205243489802218
0,0.06506023243095561
0,0.049536762008724894
0,0.05432314099743678
0,0.13987562205035348
0,0.07475640944825308
1,0.21479201407611226
0,0.029404144658811533
0,0.27873204492274134
0,0.14114584275377948
0,0.07767013484972242
0,0.13729390993960167
0,0.09859971547591113
0,0.057991221379095584
1,0.10936987349992706
0,0.002551282635047235
0,0.04648687532203627
0,0.06756993230332263
0,0.028333224143354454
1,0.13891724621262114
0,0.04627489439446947
1,0.3012412963230141
0,0.1035512693516403
0,0.047807632242423216
0,0.049994326617356526
0,0.12048214649001592
0,0.03485391166704286
0,0.1281124576169661
0,0.06132461892726782
0,0.0534632785095466
0,0.14298427451097082
0,0.10309698710589822
0,0.03133251269594956
0,0.0983055739028877
0,0.026909843389400535
0,0.06025215442960901
1,0.08552259900824268
0,0.06531854260853365
0,0.05257138559005736
0,0.035383380182941716
0,0.019910694213958743
0,0.04289934519003454
0,0.11099937809040863
0,0.060541283086275016
0,0.04559784450826175
0,0.05187276055511476
0,0.018713123485459445
0,0.14686156384247367
0,0.04837840344072595
0,0.03591893796690297
0,0.0009745725382588732
0,0.08636482864134586
0,0.19388703162169574
0,0.11304681967535209
0,0.051383238456538936
0,0.027950754938996163
0,0.06449868703997784
0,0.03804589483193858
0,0.052641249286722216
0,0.03320962697981577
0,0.13218573993266028
0,0.07388982017161198
0,0.056982206025994804
0,0.14387579370149084
0,0.07359850013264332
0,0.04715308341022455
0,0.1084726607174583
0,0.060387424618550505
0,0.06344988923002637
0,0.053236442631918755
0,0.09741549563618374
0,0.025155943031633862
0,0.0631115049425781
0,0.019910694213958736
0,0.038270580228032564
0,0.12410743315523659
0,0.05548115674744182
0,0.01966362979909429
0,0.040926741363171384
0,0.043432297410591895
0,0.17896297436530498
0,0.027700221753827005
0,0.33839603788587574
0,0.07243074979317098
0,0.07685013078241476
0,0.2315929887145434
0,0.01743651232906236
0,0.018539553136501557
0,0.060806981062096976
0,0.07916052149480529
0,0.2959351008534528
0,0.03727152525684737
0,0.05674161347193504
0,0.16106386919217475
0,0.06207912579314212
0,0.016874474036800906
0,0.1232774185568462
0,0.01761264736088622
0,0.08532657130018455
0,0.04711162285363319
0,0.04718766948035802
0,0.14990625418534403
0,0.034302359353485364
0,0.015647519020315328
0,0.006197008831997667
0,0.0569322510443545
0,0.047949868280996864
0,0.15658727040230083
0,0.09013925743240697
0,0.11830831390236013
0,0.059708650400217465
0,0.05185107608860478
0,0.07993527007983202
0,0.046280832793885555
0,0.0912366579836217
1,0.169662077712219
0,0.028363676214584268
0,0.03164518639287183
1,0.08080240138438166
0,0.058747119763908395
0,0.05176199094487541
0,0.13177105178418186
0,0.13444614054423018
0,0.060861060150612316
0,0.03092841482501976
0,0.13060124987553154
0,0.050522398865178016
0,0.06120349213336366
0,0.07916363605601752
0,0.06814071061821028
0,0.04297151963078436
1,0.11548389159795312
0,0.033825725988149556
0,0.15601922632064796
1,0.24782020603234156
0,0.04152330880542114
0,0.06147289090416454
0,0.0508873809113637
0,0.06622061715149849
0,0.032415039847214305
0,0.06088001791843669
0,0.35344742126948825
0,0.037117749757867025
0,0.04802815318319788
0,0.06447305598632828
1,0.2858929998022952
0,0.06323932456563355
0,0.2691589673242277
0,0.06377759902106125
0,0.05695146433061852
0,0.06685974053277399
0,0.12274464963225952
0,0.048591939767426075
0,0.34873528041844915
1,0.26056945006190946
0,0.04470740862349607
0,0.3600266033624508
0,0.1424941317235315
0,0.047547513527051895
0,0.04709773688234825
0,0.18378088623991423
0,0.16536399661599396
0,0.06255707961921349
0,0.07307591492935119
0,0.13901760495859078
0,0.0567250082389267
0,0.14748443358683405
0,0.13741364630902803
0,0.04763529349540268
0,0.04450413915476562
0,0.04266286450935182
0,0.10256811561292664
0,0.1749246179770437
0,0.0406528766348647
0,0.03409209868831285
0,0.03534840409547052
0,0.2962372743301548
0,0.034134193144891994
0,0.2308399121312757
0,0.02874950657224519
1,0.1528573566123849
0,0.18320630377288522
0,0.04806766952884378
0,0.030503747038267824
0,0.0648178813209421
0,0.05576217998780709
0,0.06418197454286108
0,0.4582925768099635
0,0.03724620459343181
1,0.12013264746518486
0,0.3137762471908541
0,0.058820093197099
0,0.07438544961308972
0,0.04551337163419469
1,0.2708466253115914
1,0.09407161831267823
0,0.06248930699171172
0,0.23959769937134998
0,0.05218145124454064
0,0.03016775351563247
0,0.17741204146644515
0,0.2013199185988917
0,0.062013689062239356
0,0.15324952481580903
0,0.03782210823419536
0,0.12346848185872905
0,0.06167006720648732
0,0.08355947725776292
1,0.2557250212848833
0,0.18360533496065748
0,0.09792066838269022
0,0.09722780578216211
1,0.24172386111078947
0,0.04305618564690912
0,0.040838175782367606
0,0.11295317097518832
0,0.10930455874073206
0,0.04125006382062884
0,0.014502111930123244
1,0.16750259092793707
0,0.19415584648089132
0,0.17128515570314665
0,0.03704541641062714
0,0.04795406971056524
0,0.030311120077278056
0,0.05420654383636532
0,0.089699759933531
0,0.046244209091461645
0,0.10922193315351775
0,0.10484062325244502
0,0.03305679277122722
0,0.0524223879860094
0,0.0317663497105894
0,0.058177761818975354
0,0.06753889870214425
0,0.4092446041793382
0,0.11019901026643536
0,0.33611365314492314
0,0.04525422695429409
0,0.2950188638680087
0,0.04502484093053297
0,0.12688663028034958
0,0.09084256193911072
0,0.03848505276845926
0,0.13845796048654438
0,0.1535560737167559
0,0.05193510779625972
0,0.07304009439539715
0,0.06167142961213059
0,0.13077877863308204
0,0.039907843216521924
1,0.1291771544295935
0,0.040910894548020264
0,0.14859821921619798
0,0.045274818865264334
0,0.11174857597245443
0,0.10820373446816368
0,0.45443106292713376
0,0.10744792049105062
0,0.04141944103365678
1,0.2810462229358387
0,0.12098252655878959
0,0.05052490307537798
1,0.18225813664618412
0,0.2129853542065473
0,0.047698959943070614
1,0.10051628678085547
0,0.03491044860490554
0,0.22207236224930163
0,0.03685841640545442
0,0.048460949843433854
0,0.12399711137219131
0,0.1912397062803747
0,0.12731811119494962
0,0.11485835816664622
0,0.06830459157083857
0,0.16202039665356294
0,0.01753620729630519
0,0.15898651800213526
0,0.045559659791386084
0,0.04416247445826605
0,0.10232026912006208
0,0.01594203087659935
0,0.04974721477581735
0,0.18029040244501712
0,0.03420620097678573
0,0.05243443578448209
0,0.039946913685319545
0,0.05894665431250852
0,0.05365444029554585
0,0.060768399840980196
0,0.044569341453487864
0,0.08231255737073791
0,0.03563527337519713
0,0.059931272474392984
0,0.2330793321669403
0,0.05799429405615314
0,0.05522795945095196
0,0.11274964018451689
0,0.028105861858989684
0,0.054968805036252545
0,0.047953301183303085
0,0.21099283829653043
0,0.03657276203580945
1,0.15861867764228077
1,0.13319357979748628
0,0.089699759933531
0,0.042623690156749355
0,0.032256768323030476
0,0.05933690051578587
0,0.05676615426488144
0,0.05329185821112102
0,0.0958580989122708
0,0.2531806120922011
0,0.051460778306954655
0,0.05645339522872572
0,0.0376699847191995
0,0.01774928377598492
0,0.016118359379480925
0,0.05950028314718047
0,0.1710577205635573
0,0.05800230521562482
0,0.05347619781274513
0,0.062260935350757766
1,0.2074060678544102
0,0.07039816144792775
0,0.06535670536338305
0,0.0319655862125683
0,0.026574159950239477
0,0.08015984818622802
0,0.06729032251585651
0,0.018713123485459445
0,0.06764097958066324
0,0.22884640375055904
0,0.2192121526522417
0,0.061316802953927704
0,0.5031622763655657
0,0.04350906844966608
0,0.051381617927346634
0,0.05459665780674821
0,0.1280906560653989
0,0.09863935790099036
0,0.04010486531492475
0,0.07328979091755326
0,0.029446359401596244
0,0.06571784050402221
0,0.17666083069809155
0,0.07868473744113717
0,0.08211239762333047
0,0.10906361641872389
0,0.044621317506812634
0,0.27039517643010536
0,0.3879576949132851
0,0.0789418344349971
0,0.04777026743835228
0,0.05512841879999917
0,0.0611392320573984
0,0.04350868656499867
0,0.04629666158064266
0,0.05750191329928156
0,0.18328987073241765
1,0.2345188718168237
0,0.07417041322489179
0,0.10047687913845718
0,0.1269231310168804
0,0.10754551433629775
0,0.06948161298279758
0,0.06786903969588902
0,0.052526504951254785
0,0.050770333189862904
0,0.03236323343030609
0,0.05536528115992537
0,0.05743910137715772
0,0.04529126688929507
0,0.36218585345662935
0,0.05804681916685561
0,0.0428096331466779
1,0.16208875425580943
0,0.0009745725382588732
0,0.03903545061189302
0,0.049495692373046844
1,0.01845840355903707
0,0.04784321361360592
0,0.0671732561101261
0,0.04765229143895426
0,0.04593872574919671
0,0.42076826248371907
0,0.12996024348632607
0,0.1572830294279385
0,0.04933537657666872
1,0.1945653641637948
0,0.13818005396918445
0,0.07141086625617195
0,0.20626561161645307
0,0.02949463212813168
0,0.05959004983573938
0,0.014469562695065372
0,0.051626085377131876
0,0.09278505789121504
0,0.06050750710049685
0,0.05525391279209022
0,0.0507173760401581
0,0.06181028054655454
0,0.042827100623097386
0,0.16396749010785547
0,0.048411584062746954
0,0.053497720706927286
0,0.05357640568851825
0,0.035108803234612664
0,0.02884559895669619
0,0.0594757809098754
0,0.06561902417523285
0,0.0407570938848655
0,0.13405267901467657
0,0.058097307010851564
0,0.13130652594553424
0,0.06600794141031338
0,0.18017506109593726
0,0.04343296363348897
0,0.017939220785848576
0,0.13276772981194024
0,0.013547568133900663
0,0.03183146669173106
0,0.23191331064270743
0,0.027022009736546306
0,0.04653613504176742
0,0.04728356039950237
0,0.10897175829364338
1,0.36819487984900134
1,0.17267168902083913
0,0.16195926275094247
0,0.0667769398087268
0,0.017668373116909608
0,0.1754384114670762
0,0.017883074589519994
0,0.11755662401603961
0,0.21837568285686795
0,0.045786351373114674
0,0.016716192659033374
0,0.044012514519078706
0,0.04935483649973954
0,0.07326597836628056
1,0.21387741192067378
0,0.058817412406944006
1,0.21765507475502927
0,0.3014829144219886
0,0.04131046234926138
0,0.07567524158205458
0,0.13258809215935555
0,0.13526459146220726
1,0.1407689112389185
1,0.14650873032973663
0,0.042309148197202676
0,0.035900355636760306
0,0.061797570515191934
0,0.10168898781165461
0,0.0791645278451234
0,0.042729295797551956
0,0.03807955648831854
1,0.08298871099562305
0,0.030503747038267824
0,0.2305328748077105
0,0.06496194262856798
0,0.014469562695065358
0,0.14307770614892037
0,0.14310817557991415
0,0.12521607200727194
0,0.06009568724650734
0,0.011141182167425356
0,0.05717662450718331
0,0.017384299663562496
0,0.16744893734556549
0,0.04539871077068575
0,0.04501426845727926
0,0.4256575054789442
0,0.01793502988755997
0,0.1471075278720604
1,0.40342198331179263
0,0.44639843908338955
0,0.012635734271880215
0,0.09310578261863456
0,0.05765369999077455
1,0.06572278610171725
1,0.12276793429659165
0,0.06843097372742205
0,0.2791205280594234
0,0.051697798753362986
0,0.02472278091538057
0,0.022622208469347923
0,0.014699552267095087
0,0.23157217340208547
0,0.17024263005874407
1,0.1137053978927429
0,0.1503374570764496
0,0.10718308472096344
0,0.06275955558771777
1,0.13414392186662047
0,0.06630220890769839
0,0.1422311541143665
0,0.04483287250062375
1,0.0966380341206136
0,0.04029517136848832
0,0.01535313130579029
0,0.06485700562394116
0,0.06318194839206262
0,0.06103175159241224
0,0.039010782338199344
0,0.13244567566748655
0,0.38642035634455807
1,0.14670356493567188
0,0.09696146011229158
0,0.28512523476724844
0,0.048964148811550166
0,0.046364733005877255
1,0.09604867593107523
1,0.27384518555782134
0,0.5745151879374627
0,0.04342368840710888
0,0.06449809242925039
0,0.018403479439872025
0,0.2304186132481378
0,0.37937809175336934
0,0.2225695415863198
0,0.05988372694484441
0,0.039548955072128134
0,0.047763056552136994
0,0.049436139083197064
0,0.03922602612704116
0,0.044026948224597455
0,0.38766541671743915
0,0.051757533211019315
0,0.39858292526549477
0,0.14333228989887994
0,0.014237336546494816
0,0.0672445922849044
0,0.03444073841322369
0,0.07368286394275297
0,0.013293069987786536
0,4.797237413390476e-06
0,0.27176134477082386
0,0.03307653532379842
0,0.025421251446470942
0,0.1436157713910194
0,0.06016774596546624
0,0.040816079686252116
0,0.0660488034208027
0,0.04409492752240382
0,0.07889629700331881
0,0.05234042210760611
0,0.05411320225801906
0,0.04200424123089481
0,0.0588490932053211
0,0.11384644214971291
0,0.06001950075113737
0,0.049735345379444615
0,0.18023404471208096
0,0.061076716595231166
1,0.14057120640793752
0,0.14786496943881172
0,0.05881244659789403
0,0.05145783691109378
1,0.15035876480130617
0,0.0388749956785514
0,0.08923639513150228
0,0.055628562953511325
0,0.05747854871841452
0,0.06509933512596615
0,0.007379496572318419
0,0.07798506280609487
1,0.14373089074129292
0,0.33562324171047514
0,0.05404072163029473
0,0.05464140304458364
0,0.21227305575107142
0,0.14312769206627027
0,0.05834018628496201
0,0.049674180756033255
0,0.028315672707092055
0,0.055580336401022494
0,0.08560072620645251
0,0.05401404064074498
0,0.20275324342096046
0,0.0560093741153545
0,0.05250257327306914
0,0.13828084542528044
0,0.033954876890658896
0,0.06916246692927545
0,0.0009745725382588732
0,0.05881268500333465
0,0.04197935644394112
0,0.15026103674070496
0,0.08811131871540322
0,0.05607441394258937
0,0.17615580164794678
0,0.029139800637863183
0,0.11416609320646123
1,0.10530921037959938
0,0.028749259820113473
0,0.34006430306705937
0,0.032363233430306074
0,0.35658048131182773
0,0.26277172034949264
0,0.044026948224597434
0,0.05104226021079709
0,0.20631621021565566
0,0.03499106818554703
0,0.017695850132663896
0,0.05969408383080973
0,0.05705097079941647
0,0.04519353299968523
0,0.35755970159412614
0,0.03417695301262692
0,0.09782164609482513
0,0.03535795773342053
0,0.04197935644394112
0,0.12036342438489675
0,0.10509012147605931
0,0.05841028648858813
0,0.014939469779519902
0,0.1381067595238191
0,0.012780697792495157
0,0.06791605836600009
0,0.015813309629450215
0,0.05492964296516613
0,0.14384527757638574
0,0.017883074589519994
0,0.05459305762001231
0,0.05866398692451284
0,0.17260169915426263
0,0.051182189984666594
0,0.04575230388123406
1,0.179560330147132
0,0.01312359994141635
0,0.02131755845191341
0,0.08983461253042536
0,0.017103638678107363
0,0.0470200644124698
0,0.07078312853003281
0,0.025653271951668766
0,0.034252472397083324
1,0.303626805844373
1,0.1470984047787383
0,0.026066510129192505
0,0.21227305575107142
0,0.17901299032345783
0,0.07042303386473954
0,0.18121317434411863
0,0.024409513570433986
0,0.0300116865904381
0,0.05394845983417491
0,0.09331561379125747
1,0.3672822749417198
0,0.11512084673954555
0,0.0469209464960594
0,0.11615001921802244
0,0.14170146983085014
0,0.013851708517050318
0,0.04968953747920754
0,0.11288908559255734
0,0.05142004853669274
0,0.27806808786552295
0,0.029331656124441885
0,0.13027622294331015
0,0.05224438268062728
0,0.23126398934146805
0,0.029030922409445714
0,0.051180164282445983
0,0.06426284035375979
0,0.3510257649335507
0,0.016493785800452774
0,0.25217027781554946
0,0.432764992645037
0,0.01309267335479487
0,0.05991698275276865
0,0.04905846712851976
0,0.21417320048050148
0,0.0993179188494812
1,0.14603875887129883
0,0.04330210601813503
1,0.16783401698492253
0,0.016874474036800906
0,0.06276496405378247
0,0.16485159715218523
0,0.06656680362096566
0,0.5098936458740712
0,0.04761960802516676
0,0.030166604634917257
0,0.03474674324212622
0,0.05620480839718225
0,0.011796420264091029
0,0.05340020274942489
0,0.17546993751811218
0,0.055942242910944365
0,0.04225177547407102
0,0.07222352093462416
0,0.04788166577563871
1,0.17527086372777387
0,0.06092826869847377
0,0.061148163633839264
1,0.18718182025850538
0,0.0542797936653841
0,0.038878117150634973
0,0.0288724221420962
1,0.16614929677054774
0,0.03390551867995667
0,0.045133500447728
0,0.03114736314659598
0,0.0413546567376004
0,0.20549319761794899
0,0.04050709101713008
0,0.06038611283559894
1,0.22022014215873809
0,0.11616776170318803
0,0.04197935644394112
0,0.06050644888788876
0,0.035263530550171986
0,0.04017103876374613
0,0.12769295766379227
0,0.12834639021471111
0,0.03868144042630549
0,0.03558802155123705
0,0.038017106259125355
0,0.045756978084050735
0,0.07968966882232571
1,0.018458403559037075
0,0.02610875790373567
1,0.14616426804340182
0,0.06465488915529875
0,0.27797898891493117
0,0.032476196007807864
0,0.08799366234658372
0,0.017883074589519994
0,0.03764241837249774
0,0.02307455272018007
0,0.13778121899491863
1,0.19617301721974706
1,0.07874223947310414
0,0.06175970671681874
0,0.06948677917959346
0,0.04058124571046657
0,0.05646271031427188
0,0.04864152268450101
0,0.029106354158497837
0,0.06712081704861775
0,0.10475546593431029
0,0.15368440196650213
0,0.14890304083652148
1,0.20153457375427622
0,0.12147219067148451
0,0.01564070585123772
0,0.34114391247615244
0,0.20350018014195917
1,0.1554465200549387
0,0.05605303570217677
0,0.06128848251219718
0,0.005959145034555561
0,0.03783353314955753
0,0.04858712552506731
0,0.037234038117313836
0,0.22881906201245708
0,0.06884104639269098
0,0.12777368515046333
0,0.03522321467242643
0,0.06876469655694661
0,0.03325566440596594
0,0.07903879084557673
0,0.0695674768418805
0,0.032283377235721326
0,0.16993638052365714
0,0.061491534922945894
1,0.17507399747458047
0,0.04894887889683903
1,0.13078638387405728
0,0.2719621822171344
0,0.3129591227729455
0,0.06351677024203378
1,0.46329600226131207
0,0.06947373841619384
0,0.03076644943399047
0,0.04185454913908135
0,0.08267244527907346
0,0.047738471890441156
0,0.09075928678247362
0,0.013879807879645014
0,0.13090796071862307
0,0.03295022823994732
0,0.17656039304998855
0,0.14864623035936603
0,0.04344725259672025
0,0.09837498843064622
0,0.36039755731835765
0,0.03352647785776123
0,0.1174646323741398
0,0.206334381854362
0,0.2879385624818082
1,0.19734566754164853
0,0.06111694590598095
0,0.04582752801556253
0,0.06712388979656131
0,0.05063493706910618
0,0.04214303403812126
0,0.0571342271795783
0,0.07087253982704522
0,0.04214441573599369
0,0.10395949404891716
0,0.02647712707280549
0,0.018158369337355734
0,0.01855571861750938
0,0.0343226565987247
0,0.31220581334949765
0,0.06196177003702798
0,0.04801997503918762
0,0.10847802217591505
0,0.10828046966013946
0,0.044739063171868675
0,0.26457132547589457
0,0.038286560768966325
0,0.03621621374126185
0,0.06339393130842014
0,0.021813707668217424
0,0.012649020332307434
0,0.057678779300953324
0,0.02002215018325637
0,0.01487850616363314
0,0.3316501846873651
0,0.1456055327993373
0,0.21282515256604206
0,0.07664257116805684
0,0.23577076081261988
0,0.04284281775358281
0,0.025928246950757676
0,0.12415601235809506
0,0.017231468711812494
0,0.4194427016420734
0,0.0437536738074067
1,0.11009010635904365
0,0.02406459218094291
0,0.23111858081508793
0,0.044410186975602325
0,0.28345417153224406
0,0.057821589345372494
0,0.04610524033699132
1,0.10694741306270769
0,0.03821690747618791
0,0.27415584785145064
0,0.030218480512206318
1,0.2278457091098675
0,0.06431825055319733
0,0.028207949317711627
0,0.04688758715890712
0,0.04439277207461079
0,0.02641383377607202
1,0.1583237049957959
0,0.0708948255931726
0,0.1221197968472937
0,0.057298100818348546
0,0.07850303035626827
0,0.11018617450560068
0,0.05835629240311506
1,0.10692667826537608
1,0.36356743918467477
0,0.018353149690882555
0,0.03678612985996655
1,0.10733626806826059
0,0.09707529428258752
0,0.05689792796925737
0,0.01605268237751832
0,0.13635597603401617
0,0.017707498303444265
0,0.12304597989877945
0,0.06410350481529228
0,0.15825885335180326
0,0.05330573467261401
0,0.22667999059342214
0,0.11601011371861573
0,0.054531896378945906
0,0.03922998872729173
0,0.22933523000000586
0,0.06050949501933714
0,0.09012785122587881
0,0.023888391309013414
0,0.12283052931624236
0,0.06144019290769478
0,0.017135129436713505
0,0.043450124313659855
0,0.05387747093990467
0,0.26552012171645795
0,0.05279944018566284
0,0.04779349646991218
0,0.03477780024563375
0,0.0513273856058435
1,0.21701773935613974
0,0.0722899896613362
0,0.24445767085898892
1,0.36626354840696346
0,0.017436269848713697
0,0.035955321349512334
1,0.11623759125523891
1,0.15928150745282516
0,0.03461481254328006
0,0.043268499263526064
0,0.1398345239431766
0,0.25160852022637353
0,0.061816246103019064
0,0.054968860723514916
0,0.047738471890441156
0,0.21681669193762962
0,0.034732020089483326
0,0.1158866601751956
1,0.20124601952379587
0,0.03938532212857357
0,0.2910875338113956
0,0.05382715698964262
1,0.14037797943844166
0,0.07576687214821695
0,0.050281966966649355
0,0.09897789134661236
0,0.07042505539435286
0,0.17100503410916393
0,0.029434359155469204
0,0.06355185605713515
0,0.14432711073545482
0,0.0525673296658952
1,0.14077733270231452
0,0.03022040757090695
0,0.07694489872895904
0,0.023656571008834334
0,0.10888152037093148
0,0.043257375575031516
0,0.030503747038267824
1,0.23885428603449302
0,0.06117634627248009
0,0.07369379690765952
1,0.12381015388004572
0,0.04609578644928491
0,0.05757610936417847
0,0.10888257719459275
1,0.15752557827627048
0,0.03219342583044701
0,0.04719862480084046
0,0.04616553498802395
0,0.05839693308266722
0,0.05436300763734037
0,0.013842665767701209
0,0.018652308823495445
0,0.03449285110960339
0,0.089699759933531
0,0.13920825672386775
0,0.05108344640056428
0,0.06233066334221158
0,0.04021722051666321
1,0.32442142872779284
0,0.15284802683632215
0,0.05394845983417491
0,0.04437202545146498
0,0.05601942432658901
0,0.05588797849101122
0,0.05815077128606878
0,0.06153963338697391
0,0.06131986493495999
1,0.07671339966206753
0,0.08639948685809638
1,0.14510503005750702
0,0.04592673729742033
0,0.034186497743356074
0,0.4635399907421161
1,0.22086546278057712
0,0.06236131663396988
0,0.04589790816220536
0,0.06282224882976514
0,0.2662981423043416
0,0.19977951027511398
0,0.018158369337355734
0,0.035694358249453974
0,0.05295674438612069
0,0.31943132450698164
0,0.05758721704943997
0,0.039259463206244086
0,0.0704594964274033
0,0.031629291562659714
0,0.04027084625692882
0,0.06815373889432538
0,0.054825446381778435
0,0.025190955305606992
0,0.12433385906537515
0,0.046923941160238535
0,0.019508378328449393
0,0.07539316595244025
1,0.10882639941259592
0,0.05007836683712239
0,0.05169848992633485
0,0.014355541761365293
0,0.03140340381645678
0,0.05010939650685316
0,0.260612635120329
0,0.08543777001458014
0,0.049823297339697245
0,0.05438236028637147
0,0.03661504088951081
0,0.13635597603401617
0,0.06484451139943065
0,0.08597630679147497
0,0.03852755967195461
0,0.3738028375518602
0,0.03949903616506444
0,0.16270091018587168
0,0.017186947290431017
0,0.045170727506819115
0,0.02936034275924913
0,0.12054986408559608
0,0.05134275497263625
0,0.05388315720720257
0,0.05515978343797326
0,0.03849922956331511
0,0.03582834841289295
1,0.11228600513613948
0,0.11002340821877096
0,0.18916272883772817
0,0.03634772554539799
0,0.2048544719781359
0,0.11782280433263786
0,0.13630949839358453
0,0.13457783880963872
0,0.04340562493238474
0,0.044298092694069965
0,0.05694656443189908
0,0.05009181727773438
0,0.016498412770799088
0,0.01367236551629743
0,0.02394274327218107
0,0.013551423453447287
0,0.03070835049322269
0,0.29770274030010885
0,0.12837485934976614
0,0.11919384718697024
0,0.14377903227425434
0,0.058502087293913006
0,0.0470103564567951
0,0.06114810046224348
0,0.03068657492506468
0,0.04539262491539975
0,0.014333942265677222
0,0.036752287633504466
0,0.05346352768304963
0,0.04603348679718783
1,0.06981213770289023
0,0.04197935644394112
0,0.20118473920886323
0,0.15327847756380034
0,0.05321354450242578
0,0.05270924226140542
0,0.09275938576068364
0,0.20764589548561557
0,0.014689680983994638
0,0.04479169411635564
0,0.07750709741965552
0,0.05005004482518498
0,0.0013251550731929506
0,0.048985778426199916
0,0.14305784963344373
0,0.10031410629306353
0,0.24926877534551067
0,0.2331160040883539
0,0.38359022796958125
0,0.07536830720803411
0,0.015225675159283285
0,0.1175287189820629
1,0.10634683122941253
0,0.08721514629459515
0,0.014447668069029154
0,0.060224574674847126
0,0.043174494848817295
0,0.36717472313188226
0,0.010276704249601958
1,0.26363502425624596
0,0.06537728217620259
0,0.05379273854663784
1,0.1168663579641929
0,0.14747833765368493
0,0.03328818938365396
0,0.04197935644394112
0,0.01804811834580421
0,0.06392177444125134
0,0.08669590694701164
0,0.05921157043663899
0,0.16023157244405484
0,0.05445604634204399
0,0.0930098577912089
0,0.0521408546685585
0,0.05343876339174295
0,0.17438429933377014
1,0.10108738807097493
0,0.029014923389613336
0,0.014039728956152155
0,0.06721383743226812
0,0.012681022999985015
0,0.3521030405981823
0,0.019910694213958743
0,0.029932764366114594
0,0.044883278118750446
0,0.17582977857190554
0,0.0472402198002616
0,0.015535296913628954
0,0.033987659936844876
0,0.16697060103575292
1,0.09992842139547785
0,0.2836645218359677
0,0.349506860762764
0,0.03605415752228289
0,0.05755094743187512
0,0.06941780668479823
0,0.03893947533035506
1,0.4745574702478314
0,0.030503747038267824
0,0.12460720300376937
0,0.09245963635279619
0,0.04389103922281705
0,0.010643409128827335
0,0.05578703406914381
0,0.007793414149301049
0,0.07387324948150041
0,0.3360583374323181
1,0.15633604131572265
0,0.0388227024079489
0,0.07818842943304505
0,0.066975901691879
1,0.11792784685929322
0,0.12289635517532368
0,0.05545934471120661
0,0.46355871798785686
1,0.38357281598377646
0,0.036980766746123564
0,0.04643034355472085
0,0.2105505728840973
0,0.03868144042630549
0,0.12351271119453353
0,0.04107329567689897
0,0.17439953512741493
1,0.3030247987643173
0,0.13160179547151596
0,0.01608452286289493
0,0.05229661116153067
0,0.02788680953554293
0,0.03904830882007352
0,0.26743894779612437
0,0.049058467128519745
1,0.37228370847502656
0,0.1994845228277426
0,0.18333933622341023
0,0.06601889600828113
0,0.12109273913291344
0,0.017883074589519994
0,0.05822597265570437
0,0.043861661402905636
1,0.46147335407588824
0,0.07662202651727525
0,0.055686367563741644
0,0.04796242035187127
0,0.05435508529661199
0,0.12123999268129541
0,0.08383800282103336
0,0.12394068008116188
1,0.12136930869745248
0,0.007387664904753414
0,0.4175477183940492
0,0.424908248326538
0,0.05792295732256701
0,0.019785907228487217
0,0.05441001994404162
0,0.0834311416202238
0,0.36501794003030436
0,0.016893740635044518
1,0.10294106622042007
0,0.008093051550474632
0,0.11270849257990478
0,0.05538366022043231
0,0.27123444922597806
0,0.06507480623808469
0,0.15728302942793845
0,0.23375694977125971
0,0.1484665726595012
0,0.062223892901624875
1,0.31719466908988686
0,0.05099157347292635
0,0.07581403417092424
0,0.03208231457976253
0,0.030857931311449826
0,0.3259366529431
0,0.057417283404848224
0,0.2300676547751677
0,0.28920063563860293
0,0.08626704961018203
0,0.17418577556053116
0,0.030237052553828008
0,0.043966538596243464
0,0.056521131722583814
0,0.06790637124932097
0,0.005173817667990959
0,0.22141709345803817
1,0.19046272932203995
0,0.05253214855448679
0,0.013833733388491318
1,0.6501319764271859
0,0.09668362256906103
0,0.03338081372313252
0,0.1590448767388682
0,0.06354911168172418
0,0.03691572518352419
0,0.06264323475097332
0,0.0698788241857569
0,0.029663146591506543
0,0.060579566493515126
0,0.14987730716733075
0,0.24056062992919006
1,0.11331957787978156
0,0.07395123001818957
0,0.0967579570708375
0,0.019910694213958743
0,0.01340633313889783
0,0.24449283533485552
0,0.018325663130425367
0,0.05786938863958586
0,0.160309597944755
0,0.0505792432467874
0,0.059517768170709
0,0.02730628378830034
0,0.061918699310719756
0,0.0985606548018526
0,0.06833322584553471
0,0.08774375338854042
0,0.0623933130117103
0,0.1397291742567426
0,0.07381410031310205
0,0.04663662627290268
0,0.016807310816045036
0,0.05041508032284559
0,0.056463246536800495
0,0.050374424665742545
0,0.06799936447032681
0,0.09597010004990829
0,0.3625345604374021
0,0.02705737782960952
0,0.18482303092343527
0,0.34105543587949533
0,0.0478542695440102
0,0.05056821605735147
0,0.05748560361474367
0,0.04319196633896848
0,0.03102739997550178
0,0.12186338647186726
0,0.04854077910716468
0,0.13120083239351377
1,0.1110363365759677
0,0.2770772484773671
0,0.03657276203580945
0,0.12689435949153788
0,0.04832362299810308
0,0.051509952809458075
0,0.06045191123194261
0,0.044132516620781805
0,0.0340404899841452
0,0.03614489134016151
0,0.07629805657593694
0,0.031315574885866726
0,0.021946153905140445
0,0.056104664008564675
0,0.03866185782961099
0,0.05755052204091539
0,0.06523626549317318
0,0.15370949199115003
0,0.0162311969102456
0,0.052253306353149856
0,0.027444343981284983
0,0.050248210576100086
0,0.053913092347090144
0,0.05700242818609647
0,0.14250734874044882
0,0.03007187228114286
0,0.25804102577947974
1,0.14367666735859197
0,0.23796789562958534
0,0.062464923049719005
0,0.1511620938885318
1,0.10036582853929708
0,0.06490648550970651
1,0.14458140638992764
1,0.46990914706497244
0,0.06159390070480972
0,0.0016178164760552746
0,0.027959780632338834
0,0.07786920816287621
0,0.008209261696719363
0,0.12790750748292043
1,0.09953263467326717
0,0.1877847749478333
0,0.249719201849111
0,0.04197935644394112
0,0.016760752839023996
0,0.19074774392364663
0,0.07344024500943623
0,0.0628282129771134
0,0.04382935289147281
0,0.027507564132638298
0,0.09260044397087752
0,0.1742228190576012
1,0.07944184797014366
0,0.0670280444969882
0,0.013850973793998304
0,0.16347348346042614
0,0.03241389320590656
0,0.057783462115866525
1,0.45720446446546864
0,0.09181492309870083
0,0.07176856544900545
1,0.07612011088404477
0,0.0653507796506747
1,0.11057336944380206
0,0.06380359092295769
0,0.09259461380414431
0,0.08416794973048196
0,0.15110978222321525
0,0.043596888831225755
0,0.13131962559975097
0,0.034004758889651994
0,0.05038666176433351
0,0.05382565232505949
0,0.13785105070176312
0,0.015534104348256996
0,0.0739439408086511
0,0.04279213094410017
0,0.07259729822571954
0,0.10751997751634591
0,0.053988133280636584
0,0.05983360085790951
0,0.021655513150021375
0,0.253655239030217
0,0.05477831291620934
0,0.054686101978379684
0,0.1996674300707685
1,0.1435423732141974
1,0.20704294147872868
0,0.4310727725403143
0,0.2519310666712914
1,0.19735900245167518
0,0.24272426571163797
0,0.12477521199930845
0,0.044534386317379424
1,0.12166474156390264
0,0.07466405193257618
0,0.19908203438417854
0,0.04197935644394112
0,0.06399193110656036
1,0.20698973014814548
0,0.05931435649400114
0,0.0788128173465892
0,0.0615539905013327
0,0.13469259421052995
0,0.04658503869936702
0,0.002915620096153507
0,0.051315937233898996
0,0.062162277043176575
0,0.21494240390744346
0,0.050845966179673
0,0.019018808395305772
0,0.31573434049299315
0,0.06671957582834115
0,0.04852940027806787
0,0.015258404273374597
0,0.015902596315863445
0,0.013509913899712152
0,0.02374734599707548
0,0.07183714084943953
0,0.013807572268684258
0,0.053804348159909685
0,0.05934541360801785
0,0.03669968138673952
0,0.046771214716564986
0,0.13653642756914228
0,0.013550191904575178
0,0.18168808239277712
0,0.13646577880066327
0,0.061450479956695295
0,0.023078978940926392
0,0.1002601839068916
1,0.40487631765245713
0,0.1414715905311042
0,0.24853155323494253
0,0.0501168933925065
0,0.054734226927452855
1,0.5064342633819844
0,0.053599385046267975
0,0.01896170052367721
0,0.059418174255849575
0,0.15524695734759733
1,0.4048279018700138
0,0.05133254825353697
0,0.11623559323599705
1,0.10760889551758847
0,0.04697102715360143
0,0.05814180771474156
0,0.04698244959604209
0,0.04437469950161639
0,0.06592481849531247
0,0.2551026237689941
0,0.33511436329152955
0,0.01678205604362625
0,0.01658964388546355
0,0.04698318242977632
0,0.04038051284565135
0,0.0754512244994785
0,0.06700444791610934
0,0.07167983375138438
0,0.0473823175761223
1,0.0008731155142636647
0,0.03608664005214807
0,0.1088971394292355
1,0.07004579836196524
0,0.4408975104777945
1,0.22034571015235266
0,0.3597093514108962
0,0.29666863009382793
0,0.0710889052512529
0,0.009426981865581809
0,0.03642806100323371
0,0.07577724708199046
1,0.05197378604457906
0,0.13872869471545116
0,0.04413005193424105
0,0.04683654108923779
1,0.18140127881499274
0,0.05472115022489266
0,0.05594994990217308
0,0.015478121719348531
0,0.052551819247785035
0,0.06271269145641878
0,0.1017959521508957
0,0.04927874397703655
0,0.016098343234506367
0,0.02272286064569622
0,0.050559422669602026
0,0.03912397111166836
0,0.06068185758579725
0,0.05557998017080977
0,0.01786817171373931
1,0.10931449026346504
0,0.2524522844433081
0,0.02296052866899017
0,0.06631541771090002
0,0.039429951677906375
0,0.04048340832368397
0,0.1295963491523351
0,0.060720679444460635
0,0.032560658422438965
0,0.04511095094944893
0,0.04691127359796373
1,0.2553098247007541
0,0.11718856195635312
0,0.05031513926494503
0,0.05462978077622222
0,0.13312025040763453
0,0.40506991725907704
0,0.043271932491413034
1,0.09245061901383353
0,0.2280902935995502
0,0.029520074495755066
0,0.3607694702066268
0,0.1348758687135432
0,0.0433498010491142
0,0.08333681539757705
0,0.25599447995638147
1,0.19927825671134625
0,0.019910694213958736
0,0.04197935644394112
0,0.047942791299268976
0,0.022878277884136027
0,0.08468527270802934
0,0.2019301873122864
0,0.05571731675605456
1,0.19491093896892325
0,0.0813105820249099
0,0.19294187516011962
0,0.037340608760351966
0,0.013892662191070302
0,0.059312956423731245
0,0.06220602421814157
0,0.08775010687933481
1,0.15653222434893302
0,0.014801617108625716
1,0.16364223515735832
0,0.015859699971495007
0,0.06462454728549522
1,0.22101864427304674
0,0.03329022997579819
0,0.03869735673656476
0,0.06258254391961557
0,0.01583562580269428
0,0.017872299951570185
0,0.029610990548337286
0,0.08411040372000804
0,0.16290553849887923
0,0.018403064285331266
0,0.05024747826679488
0,0.013129391492218307
0,0.05316918751776594
0,0.17982489815104935
0,0.2252473140457609
1,0.28529392494805544
0,0.0493874144008469
1,0.14865766885042142
0,0.07895336056130471
0,0.1959419639605585
0,0.04476412400294873
0,0.11671489232803094
0,0.045301457188842376
0,0.08140203497744555
0,0.16950703603899686
0,0.14073440512083413
1,0.18021120583478592
0,0.06505780397521198
0,0.09378968547103807
1,0.10860912208797331
0,0.03203915597167696
1,0.10041183965228281
0,0.04750709985852996
0,0.20507987594257257
0,0.019604544393071324
0,0.12977273007202167
0,0.033621132849454366
1,0.34300996872628614
1,0.1042295758293956
0,0.06636242957667941
0,0.1469400645245321
0,0.05475657225489498
0,0.43691517436427735
0,0.0362949545957211
0,0.0872103514924108
0,0.05413193785177859
0,0.0162311969102456
1,0.111648284210565
0,0.040825391444855814
0,0.04673838843874869
0,0.16215399391344285
1,0.5037883782823193
1,0.1622230875940477
0,0.06045549837921732
1,0.20216117825120236
0,0.031224453077647978
0,0.052044017870517066
0,0.060355625569625634
0,0.04592700470304338
0,0.056614002714090124
0,0.033791669829280876
0,0.05092237625248882
0,0.05261897273748112
0,0.11907469707084413
0,0.2573600418712088
0,0.013414519191960893
0,0.12233711656223505
0,0.048519395270041954
0,0.19227355585053274
0,0.04899836785557672
0,0.041811054267245996
0,0.029014833028878122
0,0.2637273544874541
0,0.04444364616666945
0,0.03290539771935602
0,0.07977273271895559
0,0.04372173512801573
0,0.019722104954666538
0,0.2016552678246549
1,0.13449104118321523
0,0.016139487315665196
0,0.041745348495632446
0,0.06217131415358065
0,0.022771358133463426
1,0.14830963780039258
0,0.06714554025727823
0,0.015598701838984907
0,0.03386508167373784
0,0.18308674799299499
0,0.054467784194543865
0,0.06594918224110462
0,0.047277820097681035
0,0.014096200435981024
0,0.0371721953177656
0,0.35250534754615104
0,0.04897366081380053
1,0.3756853124302172
0,0.050845966179673
0,0.26216493195010154
0,0.09229140424704557
0,0.1912345567196423
0,0.032604856300630744
0,0.013833733388491318
0,0.2972265985849996
0,0.03195296476849025
0,0.042484840374218825
1,0.23846716439561103
1,0.13851861384838488
0,0.2876002661029833
0,0.05165264682430535
0,0.06278143468299945
0,0.05758639594461571
0,0.04892875167071611
0,0.03868144042630549
0,0.10777143726881859
0,0.04643764794573374
0,0.06568355621117274
0,0.07401852808331653
0,0.04229034343010809
0,0.05438664734313098
1,0.17794856851060295
0,0.044711017107246995
0,0.03488556498171889
0,0.016119930327092812
1,0.2771351582755066
0,0.016720225608157353
0,0.051619300200750166
0,0.025635815320922083
0,0.053497720706927286
0,0.06640875479001004
0,0.08509844003683563
0,0.15606305828064765
0,0.04978818486185735
0,0.06568396391320325
0,0.12399953888787958
0,0.0689432376865523
0,0.056005081530465566
1,0.10980669604047717
0,0.07087576416844538
0,0.04687764969656972
1,0.1577909814437441
0,0.07279479965710325
0,0.11816311960581916
0,0.07262859446794608
0,0.20937920786515526
0,0.030869149739477082
0,0.01793502988755997
0,0.051513021006128916
1,0.12135487700277489
0,0.04457993046892943
0,0.06715736719294536
0,0.09360333106461716
0,0.057264992619799844
0,0.016558065260435906
0,0.04587673407793089
0,0.039429951677906375
0,0.06049364437665434
0,0.0591700762956151
0,0.05358720592146951
0,0.291257080663525
0,0.1591636076780759
0,0.018087422729275146
1,0.10590287138703629
0,0.06706351678098378
0,0.12382119734970565
0,0.06060467174584715
0,0.3842340897770558
0,0.04931830158841222
0,0.02077603512652959
1,0.18592624658308926
0,0.110853149344576
0,0.06156149508867115
0,0.22167223105628955
1,0.13395859460879228
0,0.04742168120495756
0,0.3273134533277845
0,0.03743172608827946
0,0.037805862869367636
1,0.1546394458703034
0,0.02655651006191084
0,0.15688977843226168
1,0.2922105285280483
0,0.04650703179188573
0,0.05759329458764574
0,0.06414126575503643
0,0.2082974055022476
0,0.10475672839609715
1,0.16071638475824232
0,0.06730144527652239
0,0.05164707494812319
0,0.36097742951395234
0,0.06011276867498738
0,0.04409522894948685
0,0.035188662413275305
0,0.03569085589870051
0,0.017655520715194977
0,0.10880411867849045
0,0.029163367462626547
0,0.052329496013550525
0,0.11809048706503462
0,0.03652362241746082
1,0.22280243515305273
0,0.0540073998571455
0,0.015824872119074008
0,0.048591939767426075
0,0.07287014519745036
0,0.014799473501348921
0,0.06193180657690527
0,0.10837422647072172
0,0.12907098222160204
0,0.05650860096651193
0,0.07066261850823886
0,0.14806702639409608
0,0.17844091250454724
0,0.04741783404452755
0,0.04521199083403708
0,0.05489096575216728
0,0.08842394261091427
0,0.06904013921475867
0,0.4823913998825215
0,0.036525768681304464
1,0.14939652534721393
0,0.044160171205775034
0,0.43847570509365374
0,0.3054562055129509
0,0.24667894449467553
0,0.08305064472402139
0,0.05512841879999917
0,0.012950945262184908
0,0.029466387525660095
1,0.11743735014676185
0,0.04753726310498914
0,0.46198263886843816
0,0.014801617108625716
1,0.29345609225305624
0,0.03801710625912537
0,0.10503524928841591
0,0.02955864273231417
0,0.04826915667795293
0,0.07427834343382046
0,0.22486754144106555
0,0.24095682032187832
0,0.1277604155153954
0,0.17150568664222898
0,0.030329607034750423
0,0.05977943548508712
0,0.053553446953262515
0,0.1298954804834249
0,0.29989722947128766
0,0.07251884054884726
0,0.05460269802595671
0,0.13237758307291253
0,0.02426134437719621
0,0.1013345898790296
0,0.03305323806807071
0,0.0363007095426361
0,0.0771045471149882
0,0.22760986416663745
0,0.353738624974755
1,0.12542931875975197
0,0.016531155096342332
0,0.012055917340404013
0,0.04886346508092626
0,0.039070462541633155
0,0.11487065550293069
0,0.05629508332128408
0,0.03468624635539736
0,0.018167178931386495
0,0.3790700575184365
0,0.21437316953834823
0,0.06162823359259646
0,0.1382159615046686
0,0.02450958222032268
0,0.11528495254637994
0,0.057931439583167946
0,0.025515144922475006
0,0.38179431490775617
1,0.2334769401689478
0,0.07391808398353616
0,0.048258361996950695
0,0.1603656377636668
0,0.012911858650824745
0,0.06283679681739066
0,0.05638901099940609
0,0.04514008940297733
0,0.058275924342070386
0,0.14006367299013112
0,0.0927739147445423
0,0.01367236551629743
0,0.06202272593167404
0,0.05794630666129371
0,0.08000130521986656
0,0.04219095227984287
0,0.0704990111953722
0,0.1992759925210236
0,0.04568574321608024
0,0.016950562677149714
1,0.1206938955912183
0,0.1462048526691534
0,0.05494713356278217
0,0.05370405834451585
0,0.03401963054043077
0,0.4145883087975799
0,0.07011562457967227
0,0.05167286513821701
0,0.37284817806881554
0,0.10855057073684832
0,0.04992790771027236
0,0.09568381526224058
0,0.09104852728856386
0,0.04956855568646026
0,0.23018643979493394
0,0.05425701413065274
0,0.03924797205683827
1,0.13388153225763302
0,0.3342431805389917
0,0.16151791799714912
0,0.12163164842699915
0,0.03940920762298311
0,0.04633213711393786
0,0.17678885712656056
0,0.08900747549296184
1,0.17651936523801148
0,0.21650957502750262
0,0.05173520276897828
0,0.049979356262695306
0,0.022265131988549236
0,0.05910116773720817
0,0.04876784110046445
0,0.33200011756799985
0,0.20134800268962358
0,0.014469562695065372
0,0.048178854461939286
0,0.016531155096342346
0,0.1651031956244758
0,0.04627665458742358
0,0.0540815392326776
0,0.1712096329685639
0,0.029542041822970027
1,0.1061270033656619
0,0.15217602905051975
0,0.052425016287183115
0,0.05805156612548399
0,0.0737202127190619
0,0.04581638370387083
0,0.5133527477958916
0,0.14534838079354195
0,0.03860472131235724
0,0.04862730623365232
0,0.10112840220458606
0,0.04307339779619935
0,0.04186964879228076
0,0.1488817936038687
0,0.07996115300955903
1,0.4918283761691062
0,0.017823391739838112
0,0.11030493107293682
0,0.051263004209138645
0,0.030857931311449826
0,0.17196842562753165
0,0.18138215324959206
0,0.07401061211313759
0,0.04812740904845695
0,0.08125769049184878
0,0.261805190394223
0,0.09744714849616089
1,0.13745778476064927
0,0.03535795773342053
0,0.03816857802781407
0,0.07358963568448934
0,0.03427405245688234
0,0.06269309562483551
0,0.056033544070053655
0,0.0462822237462626
0,0.04696661070616787
0,0.04634798478251761
0,0.022773244168270278
0,0.01607296334843065
0,0.1430644614411883
1,0.10690253349645674
0,0.40966664040165846
0,0.04880259693118877
0,0.0575291132579398
0,0.038675547199246624
0,0.14017576520372968
0,0.0985107574834267
0,0.0734391679837262
0,0.03729316429698144
0,0.04181708821370358
0,0.02334316146175567
0,0.07097870166330551
0,0.05214213699615339
0,0.05884967003030546
0,0.03476472452425925
0,0.014722747822262785
0,0.04664009247030677
0,0.016364073181698847
0,0.061805746204556124
0,0.07402499930028895
0,0.3223368862012981
0,0.07971857625711712
0,0.05319584813557996
0,0.1296433367217866
0,0.040894355356655226
0,0.0541858431028679
0,0.044530563173436705
0,0.4459326440129135
0,0.03451754161220748
0,0.057618861630416185
1,0.1335844624118535
0,0.03223440576533174
0,0.05797881488992277
0,0.04940201922245953
1,0.19231644202394524
0,0.052176393376335374
0,0.07165181355449682
0,0.06308214944272947
0,0.11485835816664622
0,0.355478234654992
0,0.30354629967926366
0,0.04559874446104357
0,0.3499043114890661
0,0.04710950451741814
0,0.05268384526057766
0,0.05864204988635357
0,0.014680680167680074
1,0.10122225761744626
0,0.10404544562882456
0,0.013777367320622876
0,0.06212473027305046
0,0.10589276992960617
0,0.04965921660182137
0,0.12926831390367893
0,0.046290629066396624
0,0.4370862089962255
0,0.11207989526949967
0,0.1394219339544989
0,0.04511559073967051
0,0.014333942265677222
0,0.26160835618253453
0,0.0586442221421594
1,0.1126027196323984
0,0.04197935644394112
1,0.22791865787855736
0,0.1907092185534845
0,0.075870818403287
0,0.05180672848610282
0,0.03860785017819141
0,0.04040895935395187
0,0.05029690393138871
0,0.06279733548996631
0,0.0992544691741983
0,0.2455434549340126
0,0.316595184867851
0,0.13801767545249058
0,0.048550797822085615
0,0.15892050023094426
0,0.194987566565049
0,0.049405705620494435
0,0.06669035120381725
1,0.12242597172038397
0,0.18535540290988475
0,0.05351490311171969
0,0.1816426844788069
1,0.1251902744531156
0,0.02166856075032356
0,0.046501277677742
0,0.07969925803790964
0,0.06208033780191167
0,0.03835368038132307
0,0.06353924104621712
0,0.11179994590899914
0,0.0788691273689545
0,0.22313483996359804
0,0.3622010863169099
1,0.4364186879757075
0,0.3436039217843377
0,0.06205814295622937
0,0.08664041494742916
1,0.18268980233089907
0,0.05771795906137281
0,0.07264592012637283
0,0.05676227323480907
0,0.21051687127607152
0,0.0680765421935781
0,0.08393210056228062
0,0.212225309943815
0,0.050855722427811216
1,0.22661688973161978
0,0.08469264447596486
0,0.04594496926419515
0,0.16748755294958909
0,0.03927070414793039
0,0.12117520591778211
0,0.052289416933542644
0,0.014385027864688676
0,0.053497720706927286
0,0.06918710854816522
0,0.051062412049168546
0,0.01678141973540856
0,0.04764032942138918
0,0.051950970031215085
0,0.03255195446978126
0,0.24194219522305643
0,0.07516950703018292
0,0.023912260296607778
0,0.047593741725094334
0,0.016698424746745495
1,0.06385264573219489
1,0.182613639196408
0,0.046210330086133865
0,0.06696712607854165
0,0.052932848635943476
0,0.01414114972858161
0,0.05298288511599804
0,0.04876450711856872
0,0.052975220012942956
0,0.04430907582862908
0,0.06119068698042729
0,0.0009745725382588732
0,0.19607977862124135
0,0.11807704448948811
1,0.1280930290941821
0,0.017857493158187
0,0.15534215875984841
0,0.06592464054987435
0,0.05812506933335398
0,0.04998717798905785
1,0.12584859602217371
0,0.2849346319051415
0,0.05526437620691761
0,0.0793232473981244
1,0.09327771776521376
0,0.04594496926419515
0,0.37668640262481745
0,0.5361590783284904
0,0.04186937052239517
0,0.1684059102330452
0,0.030431312678053695
0,0.07034695771819725
0,0.05370572409748611
0,0.17967013619393046
1,0.13951461183687391
0,0.05248530102992549
0,0.0346705822871763
0,0.03255195446978126
0,0.05347276821100758
1,0.13546750999352392
1,0.13906616324653168
1,0.38794588433900823
0,0.016341520122353737
0,0.15185065309248696
0,0.054490008231864534
0,0.14233744152341415
0,0.043342582501127457
0,0.04008341943373888
0,0.2832822379171549
0,0.0717134811450783
0,0.23823383692961983
0,0.02057337775786182
0,0.054388519547846716
0,0.015954206424077643
0,0.05185825339353072
0,0.02104572244393371
0,0.04362298507055243
0,0.26986864499183216
0,0.04930329678973423
0,0.0357100674071551
0,0.028474676428424422
0,0.03868144042630549
0,0.3155214732596534
0,0.06078532910924046
1,0.3207846281969531
0,0.053497720706927286
0,0.037513983575115324
0,0.1428466913155599
0,0.15370949199115003
0,0.10161203796960135
0,0.045095606288867905
0,0.047114230791635625
0,0.028038056890806927
0,0.07784315351213468
0,0.0717204246859573
0,0.05792590371121693
0,0.019453741892631802
0,0.05093976465345012
0,0.04223103856290116
0,0.17888110416399364
0,0.04957238393909651
0,0.04566429455077152
0,0.05335209550716793
0,0.04706276186937081
0,0.04989714584614986
0,0.07444572816980373
0,0.06528287442343804
0,0.029610990548337286
0,0.31722457361308887
1,0.16852743449930777
1,0.1417052707286769
0,0.22072758858547673
0,0.13660871086509993
1,0.18133432182024503
0,0.04819923959261068
0,0.14609762601808454
0,0.04389147061946181
0,0.07919668103387272
1,0.2135069571357468
0,0.21293561091240032
0,0.1659682971725556
0,0.11914664948523122
0,0.10495077036001974
0,0.10893830643428021
0,0.18023601525898647
0,0.12235036238718988
0,0.016304891738046338
0,0.052531968177917394
0,0.07409554859509307
0,0.04989564090402408
0,0.019007130626167913
0,0.028389803708386403
0,0.03318398837655213
1,0.12626728760061276
0,0.036468402630055255
0,0.05578592226835606
0,0.03323247372095657
0,0.08264835789662499
1,0.09971948316907807
0,0.029931300334250222
0,0.06039619201147359
0,0.0466284928378479
0,0.061734534213001076
0,0.06274324790544139
0,0.058388224840761935
0,0.1149958140539738
0,0.0447956190930105
0,0.08716263061740072
0,0.13120083239351377
0,0.0315935347652122
1,0.17453488369833106
0,0.030857931311449826
0,0.05526998876798341
1,0.09471499574358463
0,0.03630539153747476
0,0.049058467128519745
0,0.04696834499902521
0,0.05847387130666813
0,0.07388050839797507
0,0.04787788621807404
0,0.029584080897632228
0,0.39564604997835146
0,0.04095528612646539
1,0.11223643595965888
0,0.017780286486428747
0,0.04264850668834498
0,0.10139189570115391
0,0.0684931380627156
1,0.14586063459408635
0,0.014321049718270652
0,0.18405507049929382
0,0.15615800740510336
0,0.15013083166881297
0,0.06285111725215496
0,0.08250542055770786
0,0.016166512121438995
0,0.11682643568377868
0,0.03234350005290128
0,0.05902173327394393
0,0.04736017967607349
0,0.05256446697334969
0,0.05196663080800525
0,0.037113575534038976
0,0.1946667076982223
0,0.04276017627581531
1,0.11069672644697304
1,0.3962167509361754
0,0.10154944156883897
0,0.025459014902897932
0,0.06894144107681467
0,0.04845405704805428
0,0.02004865596470912
0,0.044527064938887785
0,0.057937441547745105
0,0.07321480813988013
0,0.06894144107681467
0,0.3562139865935444
0,0.07259862432675515
0,0.20882185105035017
0,0.05151477529107008
0,0.07392382613637957
0,0.04645531571619605
0,0.11114208756857524
0,0.05142254969997373
0,0.07226843154141417
0,0.017883074589519994
0,0.05323562405575778
0,0.06722682939526467
0,0.050665391878010536
0,0.11762144452724273
1,0.1306476507946827
0,0.06175868798355619
0,0.07084456432614022
0,0.0728821796560847
0,0.056611088587054395
0,0.089699759933531
0,0.04478700686419938
0,0.1449944478814035
0,0.036468402630055255
0,0.21227983292989283
1,0.37988218684610714
0,0.0638178274808993
1,0.3864901304639898
0,0.05006997486579576
0,0.10671230765387832
0,0.10909053796579103
0,0.04509736121830204
0,0.106214613519275
1,0.10668806695780363
0,0.05704201826208065
0,0.06506928013387574
0,0.022265131988549236
0,0.09251200982747548
0,0.05548958488835885
0,0.028011719550700063
0,0.04279938247831748
1,0.15615157067968016
0,0.06271860654584299
0,0.047107660090615
0,0.012109254098889357
0,0.4125295475179059
0,0.21884276340729042
0,0.36085338258363775
0,0.03547472119910717
0,0.34170510061011566
0,0.030945738106758155
0,0.03089263782377672
1,0.43876188661220894
0,0.08511674631945693
0,0.06361335894453099
0,0.03183932243976236
0,0.03775512019286459
0,0.2121823918458865
0,0.07600327081234347
0,0.05014339553082539
0,0.03620305801866887
0,0.04257176604215347
0,0.18213482538080236
0,0.028022211518668724
0,0.058654718815721964
0,0.06800740521333182
0,0.06419276293493308
0,0.13635597603401617
0,0.08251564187795853
0,0.060755128927282465
0,0.03785602058373579
0,0.060484572327515015
0,0.049876895663581576
1,0.139046919887587
0,0.057007573023583454
1,0.13727274623909183
1,0.111082577269046
1,0.1225439672487163
0,0.3491005144697715
0,0.013879807879645014
0,0.012797766202341751
0,0.047556791375957135
0,0.06889489701655735
0,0.06303956537127839
0,0.03933933167995116
0,0.17887884480887783
1,0.12316904164005718
1,0.12659661605984585
0,0.06461971319167398
0,0.045837222741706464
0,0.10119198289852877
0,0.015804040324482183
0,0.06491545176990328
1,0.2743513738318439
0,0.23373050801437087
0,0.4310652139597889
0,0.018038866892931917
0,0.12053092209503341
0,0.12488043614289036
0,0.05900328376465268
0,0.062115229938075854
0,0.04555251206970608
0,0.33319731065564007
0,0.043538506732962196
0,0.05999528399702969
1,0.4176143198326365
0,0.058294391059620955
0,0.04923761595135884
0,0.050266592363549904
0,0.04103092131544874
1,0.45389735525189484
1,0.22300243337722517
0,0.029584080897632228
0,0.15717817963455544
0,0.019910694213958736
0,0.44194684147618707
0,0.03114736314659598
0,0.0684519788621873
0,0.10289792241315096
0,0.030232144184164377
0,0.14694016095172563
1,0.1156381664961341
0,0.0817241649819284
0,0.07090846905781407
0,0.17733247823867665
0,0.1286269257866518
0,0.047717674892616836
0,0.03196466269790668
0,0.018158369337355734
0,0.06500112386169643
0,0.03062391076083686
0,0.06420862148961932
0,0.22771961722835998
0,0.055467460303167355
0,0.05394845983417491
0,0.04754025506217782
0,0.04619480735385497
0,0.06514188712418499
0,0.04162042244465082
0,0.025614790207902412
0,0.32497025245856676
0,0.11226914101866681
0,0.38200015057083464
0,0.13433294591288486
0,0.017338867107545522
0,0.26247399265849686
0,0.2675221404709557
0,0.013879807879645014
1,0.1524661385663653
0,0.04292640863335784
1,0.1082694413783753
0,0.010946924574540913
0,0.04416470167889457
0,0.18236736088350117
0,0.11005972169795186
0,0.06251164373075103
0,0.05603843893115325
0,0.03305323806807071
0,0.13131882493057825
0,0.04136755071136832
0,0.17706756138966723
0,0.02069680189324304
0,0.04007828850925332
0,0.02665103834758236
1,0.48840087023723305
0,0.08082374494925695
0,0.08123935753740956
0,0.032322500630769586
0,0.03479256392423729
0,0.16042520449629183
0,0.06589843941794075
0,0.05802327346533417
0,0.05539920316509719
0,0.2920550651165432
0,0.013406333138897816
1,0.33295284081000825
0,0.07146058990067056
1,0.19078735357389157
0,0.05397615452057045
0,0.05569848226270552
0,0.32451297443058197
0,0.14050159908728432
0,0.04417690183647281
0,0.5345406128120868
0,0.06234630560628693
0,0.10894817621008045
0,0.050154722967168205
0,0.05204037213754722
0,0.0807752745159015
0,0.24321081621688537
0,0.07067881374021336
1,0.10981792866002739
0,0.016891574550797737
0,0.013982845677088627
0,0.1709531284420575
0,0.12741068938213782
0,0.05240523795162185
0,0.054206221194701185
0,0.018862207410046548
0,0.0318198984988503
0,0.23569744390769534
0,0.07008391191405425
0,0.04848449863620431
0,0.14950194580464302
0,0.02616206076313069
0,0.12633918965981508
0,0.09008314770437285
0,0.04197935644394112
0,0.036194625608209026
0,0.0534524912258501
1,0.17586802710824462
0,0.056384876081920964
0,0.018973694853072744
0,0.09774631835217362
0,0.1151886140988044
0,0.04197935644394112
0,0.022835534990308427
0,0.036157353910180136
1,0.13932050872560056
0,0.06715784151928125
0,0.05490867413568803
0,0.04589729170754272
0,0.05141767052053456
0,0.07739927027721505
0,0.04310467438618919
0,0.06472597208969735
0,0.04738524299145233
0,0.4044919758391959
0,0.057908061225477
0,0.11232140498278442
0,0.0579119692341417
0,0.1813385723931694
0,0.05037345628190946
0,0.4500292541026279
0,0.13635597603401617
1,0.1543149237264883
0,0.0009745725382588732
0,0.019407201423578713
1,0.15242561915424085
0,0.27450453910413486
1,0.1272720330492529
0,0.05499005027532006
0,0.1595733698342029
0,0.14136019355332138
0,0.04518647058181298
0,0.12211942004158313
0,0.09950077949717195
0,0.04588029101997459
0,0.14558147527643023
0,0.015703717812587274
0,0.04673881044533604
0,0.31906791965538417
1,0.14846396089189814
0,0.056804136931773455
0,0.030164457963345374
0,0.054188951199283436
0,0.04157033208651742
0,0.016166512121438995
0,0.05273308528876632
0,0.06795233053051906
0,0.04768099827215543
1,0.1141985406892008
1,0.019453003594750638
1,0.21426786148083027
0,0.024351608057279057
0,0.12456151814167224
1,0.12491077252707926
0,0.047991781246613394
0,0.33310077590894105
0,0.05762889097756508
0,0.14718202179582984
0,0.07362348752561014
0,0.05570804726605457
0,0.15617615724488595
0,0.014210695879205638
1,0.22796061253467714
0,0.052804740682810894
0,0.20541291114651228
0,0.049058467128519745
0,0.07432207834168751
0,0.06976104848685864
0,0.10151667637267518
1,0.24789201259065155
1,0.4741195159958905
0,0.306423036140002
0,0.05781611658028004
0,0.06493748652348479
0,0.09006558031193729
0,0.15001505284378075
0,0.07044799643665998
1,0.10861868382739008
0,0.04622737317646528
0,0.04933868080963435
0,0.2134448181638006
0,0.10753840291948087
0,0.030503747038267824
0,0.019910694213958743
0,0.11019294724403059
0,0.2188405207977097
0,0.015635939352707476
0,0.0300206822896054
1,0.39198472984263977
1,0.09184531424784081
0,0.021758613371504455
0,0.03164518639287183
0,0.3848210207834322
0,0.0944920141798122
0,0.06705355713888249
0,0.07572744829545208
0,0.034051929642615685
0,0.06083545847453616
0,0.0407164654596057
1,0.08275958358288721
0,0.06581630064935308
0,0.05853585068080254
0,0.3120650089392778
0,0.060193384034645005
0,0.4210394114903206
0,0.1554121515351795
0,0.045737826795555755
0,0.05787765161320755
0,0.06931039305940422
1,0.16658686270014922
0,0.4380939580973721
0,0.032643755181319054
0,0.05741733667481904
0,0.07236446354298595
0,0.07313834444884788
1,0.2939912304644978
0,0.1621172974090208
0,0.04852921017717745
0,0.14706992952009934
1,0.10391718454203121
0,0.1982690472772781
0,0.04948770039429777
0,0.14767441286417965
0,0.033148135202294315
0,0.04429472109685881
0,0.02945907968325516
1,0.20885683236004676
0,0.037132022001401366
0,0.07474841954469824
0,0.05637727905554019
0,0.04046336335416421
0,0.17794686292754153
0,0.07132919279288615
0,0.05302300751170626
0,0.042559683140231896
0,0.1342007709300762
0,0.06896810703701235
0,0.05452063572053192
0,0.16785599549053448
0,0.026188270563566738
0,0.18754793950938486
0,0.1008479804972841
0,0.053235212844447766
0,0.06103724954516483
0,0.07256010970658777
0,0.14031732173463674
0,0.04651135419247012
0,0.16326266910057133
0,0.022900218219192033
0,0.03815608222851482
0,0.013293069987786536
0,0.013931100696854996
0,0.05286750375458979
0,0.1443558054410936
0,0.05109777039234357
0,0.033956505697686615
1,0.19148998544457185
0,0.06801489320315184
0,0.042801447461420714
0,0.07187837869588498
0,0.06975817632273004
0,0.2668427839615217
0,0.06646992481857064
0,0.05610039960577998
0,0.23442034532146852
0,0.15758303349284225
1,0.17207971273153286
0,0.04368629534995657
0,0.07424363985593271
0,0.36769041271164843
1,0.13378468596016957
0,0.05650366172339578
0,0.0673226226164848
1,0.10237995972223853
0,0.08330717688732253
0,0.0748541632355383
0,0.05757458803545656
0,0.035017300562920455
0,0.011910461710346008
0,0.09081181665363236
0,0.05667394893082799
0,0.05161463038175583
0,0.0801208447946398
0,0.06663530320260855
0,0.014622296421366839
0,0.2828345153078002
0,0.04432161307318252
0,0.01384717319401591
0,0.049058467128519745
0,0.07965766633326316
0,0.16971174558929272
0,0.03640066019325342
0,0.1847149387484452
1,0.08454897453537084
1,0.2042815275092375
0,0.0612420023189168
0,0.1923289308608324
1,0.20792846683624266
1,0.10159656677077386
0,0.25898075236744483
0,0.1431813523414818
0,0.0967646098000311
1,0.20702637055570527
0,0.0659125325561518
0,0.26546618575688796
0,0.05926761538065081
0,0.07230161907812117
0,0.036651291313806074
0,0.089699759933531
0,0.30133655025923156
1,0.32399220796209066
0,0.04742868934057698
0,0.07941011659762812
0,0.2964954137707784
1,0.09330767709981803
0,0.04595023337298346
0,0.34971441593405117
0,0.072191052678025
0,0.04851939527004191
0,0.09659482116557243
1,0.19349391550179806
0,0.07868646689401478
0,0.052209653095076254
0,0.05050219393505345
0,0.14695570735365063
1,0.14983400195094582
0,0.04699367593149267
0,0.12295843354153466
0,0.030857931311449826
0,0.06011762507966385
0,0.048211990811591804
0,0.048776302457832446
0,0.06179193356399386
0,0.11988278805218422
0,0.06047765277096844
0,0.26016870001790954
0,0.056508600966511904
0,0.19558223262523355
0,0.047594594836444876
0,0.015355449057063797
0,0.1282313981888764
0,0.0626400402491169
0,0.057147087311024684
1,0.1949821030677686
0,0.4121968027844278
0,0.05627582168001667
0,0.009688725932852372
0,0.051018218024650924
0,0.17691824360143085
0,0.0610205213368108
0,0.059198586479424345
0,0.051215245109287016
0,0.13792324811351758
0,0.06041589209201941
1,0.12444908356308756
0,0.03630908372862936
0,0.04648114069758904
0,0.06367932044465949
0,0.03772860724909669
0,0.046709604312005014
0,0.089699759933531
0,0.05250248101493752
0,0.11259047358983619
0,0.2554200614796962
1,0.12882108573486864
0,0.06255516283914163
1,0.11769553039093975
0,0.06219260755147805
0,0.4672376437962446
0,0.05485716179953309
0,0.049639801763383555
0,0.1682443137908992
0,0.01875779039082515
0,0.05013049079906268
0,0.04115864149689469
0,0.4290932178520251
0,0.06506314266130285
0,0.0456426684906055
0,0.04706394871859843
0,0.22456395378404723
0,0.1500269697393247
0,0.05308541647337274
0,0.03256038281716523
0,0.08356056717501224
1,0.19115621518674406
0,0.3479981636206727
0,0.04901996415579532
0,0.06256391398650189
0,0.057000121382847026
0,0.051377710334697485
0,0.13683486207568324
0,0.06574115908994839
0,0.03246758018390917
0,0.07400775268579476
0,0.019910694213958736
0,0.11106742979616213
0,0.05614180509176967
1,0.44669891981280796
0,0.15056265125373455
0,0.13767674228504012
0,0.09895825057069892
0,0.1416795510774716
0,0.061870988181768574
0,0.05421200404814757
0,0.2489299140790301
0,0.22341072609829687
0,0.04786802946409921
0,0.03457502069736749
0,0.12255736329762955
0,0.013293069987786536
1,0.13709561568530154
0,0.27575653650210075
0,0.08108145547679024
0,0.049639801763383555
0,0.0612556651835556
0,0.05099157347292635
0,0.06735780082853667
0,0.9311003107527869
0,0.048140689749876404
0,0.4249967033181992
0,0.09990867094894366
0,0.03907950336513072
0,0.03162869140198988
0,0.0833510781499026
0,0.0315616159916876
0,0.11273792751259319
0,0.05485299829973452
0,0.19206987331494235
0,0.15018580355945527
0,0.03325566440596594
0,0.36617883006355306
0,0.11929889902314249
1,0.09953263467326717
0,0.06005114653239054
1,0.1352139853031345
0,0.06797248886561358
0,0.002072011156167651
1,0.15808501432326416
0,0.04814361526412618
0,0.2029320785323311
0,0.045398362153599776
0,0.11243684868528216
0,0.03074426328988024
0,0.058897559005173315
0,0.03008378180091053
0,0.03108541897569719
0,0.057618482708216005
0,0.40281818417332804
0,0.04370551935986305
0,0.06701590006803627
0,0.04905846712851976
0,0.056788636660155524
0,0.10550423475387863
0,0.041435321095527465
0,0.10828617726287974
0,0.016166512121438995
1,0.10337603092326224
0,0.01759805053556155
1,0.07998637522541101
0,0.06029308637411777
0,0.042959612496580146
0,0.055317278381942656
1,0.116132149112704
0,0.03604370373373533
0,0.45255205309557717
0,0.3338584597861779
0,0.047825141460947206
0,0.30278949343193834
0,0.04247273527593557
0,0.2383118195793685
0,0.04079754449075569
0,0.06473918312795111
0,0.057770184043626605
0,0.06302975028764718
0,0.27549395764341345
1,0.13366888480286276
0,0.06585458554210094
0,0.04837840344072595
0,0.09808697620638483
0,0.030857931311449826
0,0.05195873484222318
0,0.14215093265613263
0,0.17065602715742906
0,0.05397615458178093
0,0.04812740904845692
0,0.07143386053012646
0,0.06403996224028452
1,0.15252353498480078
0,0.08242810627264358
0,0.05200473759424862
0,0.02983653164707321
0,0.13432274278726997
0,0.3900642888219962
1,0.17169794462562096
0,0.01793502988755997
1,0.35455342406474943
0,0.06040859496293316
0,0.05728367488527515
0,0.057569098938585
1,0.7147572544456037
0,0.03236323343030609
1,0.5110424723346161
0,0.014538590853502266
0,0.28828467128560675
0,0.060173432006206715
0,0.05310023184871229
1,0.1319620101460243
0,0.04973683435951173
0,0.1505948938414131
0,0.05500305348052358
0,0.17833879212054807
0,0.03604370373373533
0,0.039889994316728995
0,0.07296114270724283
0,0.09667366301784869
0,0.021712847300304396
0,0.12566111115860215
0,0.015501727335158142
0,0.051326170227430634
0,0.2373646969340395
0,0.2670473445894106
0,0.05359334341671665
0,0.03178213111853817
0,0.16244081909462812
0,0.05961988746287987
0,0.0538392037676235
0,0.04503666442346543
0,0.03675037812933843
0,0.058211412225037916
0,0.05495981496667263
0,0.33018479719562316
0,0.05459413264754341
0,0.03016064593063625
0,0.019028679250617443
0,0.03273338468916252
0,0.04275108962201258
0,0.13590704512956184
0,0.016627805534306497
0,0.10398471816323028
0,0.042171583332415774
0,0.2716251931339074
0,0.1257967705927982
0,0.1079878721552288
0,0.04015636437369681
0,0.06127517706804276
0,0.04381451868346838
1,0.10080776985843115
1,0.20151278535785605
0,0.16334108220317317
0,0.016537157654203778
0,0.04425766075130157
0,0.05468261369382013
0,0.1599440300367203
0,0.0797811666914606
0,0.049058467128519745
1,0.14146837644146898
0,0.13893660077329123
0,0.04689419347529187
0,0.021896990232409385
1,0.0990125692856506
0,0.06355654481870596
0,0.02879966004007576
0,0.0490972293095461
0,0.04530194453483371
0,0.03068657492506468
0,0.04599139306722812
0,0.05288592383649736
0,0.2664272472547532
1,0.20465587358138995
0,0.04293128733676966
0,0.06513268970224212
0,0.06468029602882416
0,0.08258224081709838
1,0.13985699054588865
0,0.17230998054215266
0,0.21305787312017896
0,0.300607796362574
1,0.29750068321010525
0,0.04197935644394112
0,0.0184064537209684
0,0.06940258481857528
0,0.03313163869279909
0,0.17817972482071834
0,0.06574115908994839
0,0.018212167571016007
0,0.26917671333710363
0,0.3214308448311197
0,0.10228300391386573
0,0.04402356572996748
1,0.10044027356694582
1,0.13754541103851423
0,0.06548269485083903
1,0.13302778012548325
0,0.21385277486155443
0,0.037716907403162664
0,0.04905846712851976
0,0.0319535139757533
0,0.03468892854745705
0,0.037267082584915796
0,0.02900075185816022
0,0.09281611961992749
0,0.1539891398931998
0,0.2795574632782715
0,0.033766011707525065
0,0.05566415139156541
0,0.046420795849241345
0,0.021758613371504455
0,0.04365229132002053
0,0.08197863362469579
0,0.04018632615272838
0,0.034417553550963965
0,0.09885746064776672
0,0.04923061087953152
0,0.05596676620881286
0,0.01624919179838595
0,0.06058100477263714
0,0.08108194288944823
0,0.06909559798482068
0,0.11224815789897599
0,0.02950375005229571
0,0.05530118072996885
0,0.08553075789585766
0,0.23375846286007101
0,0.04650959278778986
0,0.07984617054249205
0,0.385675630152762
0,0.017443083940702164
0,0.09122433193935181
1,0.17404082319827383
1,0.15071217804222933
0,0.04735032717582591
0,0.052660051166113366
0,0.044026948224597434
1,0.3172292190965329
1,0.11797794806627367
0,0.05985844323652704
0,0.01719999364919329
0,0.13301190861483916
0,0.033587978912962724
0,0.04293965037880852
0,0.16242669497757994
0,0.016729173795520462
0,0.1919845216252072
0,0.06349733569413427
0,0.04053788662997294
0,0.09583129415990367
0,0.13947738955200434
0,0.04851982726936733
0,0.044220875146167585
0,0.10603366975890118
0,0.15388431582606
0,0.12810088355585858
0,0.11766580372344876
0,0.08914662156174681
1,0.12407851131555435
0,0.030785599891418818
0,0.042343080540345406
0,0.1449549268249858
0,0.052771286938790934
0,0.03496153390110686
0,0.029057008435705058
0,0.06204275160861053
0,0.06400002161037327
0,0.12304876074039593
0,0.03952822695452483
0,0.17680854524316458
0,0.013540855038139631
0,0.07924679586097666
0,0.06867592890880396
0,0.04922685235226909
0,0.03373363427820493
0,0.06381436299087583
0,0.061263822335647054
0,0.058210535021844596
0,0.05319801331399365
0,0.04709944639623915
0,0.033202079293317796
1,0.20236843035018692
0,0.23745476938942287
0,0.05394845983417491
0,0.059749408396429275
0,0.11602749029832524
0,0.031277673014008474
0,0.4590534714065327
0,0.03255195446978126
1,0.12325314143453872
0,0.1650717291867018
0,0.057158723050240674
0,0.030082095045796703
0,0.047186206362573466
0,0.27751154581026016
0,0.03467715324864743
0,0.06550330979296613
0,0.042179643904477565
0,0.0486666947177999
0,0.05610254332487744
0,0.2605338553861736
0,0.056266925071883134
0,0.017668373116909608
0,0.14152414486044654
0,0.051978519186417216
0,0.04019911129282514
0,0.30955970901814217
0,0.031224453077647978
0,0.11909074379813134
0,0.15685534609764948
0,0.32433463650728706
0,0.054027671911510346
0,0.2647391434140382
1,0.5195617676334721
0,0.01707433426659821
0,0.05438941595623746
0,0.05441681027192251
0,0.05057714113097954
0,0.042654140437822126
0,0.01366771294664606
0,0.014864556167342032
0,0.012962741713872695
0,0.04509960634834364
0,0.10058580089349749
0,0.21779098694390123
0,0.08729598924338094
0,0.03057591642259615
0,0.05614889586842958
0,0.07825174113055851
0,0.047719989969778644
0,0.05526454950209458
0,0.06549950100659764
0,0.07621785044727716
0,0.05839228855823039
0,0.0472867225441926
0,0.07686618273547416
0,0.014789221513491999
0,0.014801617108625716
0,0.055374027291238574
0,0.062059595807711095
0,0.10853520182222758
0,0.06106779491842254
0,0.1768207868761068
0,0.37527393982482676
0,0.03669637559189365
0,0.10657244586424651
0,0.013879807879645014
0,0.04384807026185271
0,0.04634896416946864
0,0.06590818411373237
0,0.04448564821210311
0,0.08374728790284557
0,0.04495770780237455
0,0.019381307270488698
0,0.01811620284551509
0,0.058195475746560574
0,0.017006689499671282
0,0.049058467128519745
1,0.12330813618913418
0,0.23564063208116293
0,0.03294972941067118
0,0.06850201797164727
0,0.06638978100266986
0,0.21239327709167993
0,0.022823457798340482
0,0.026170984572728154
1,0.2624103062770425
0,0.05980386124588485
0,0.014568059454220962
0,0.032935584095154236
0,0.042397230409749964
0,0.060249235083666336
0,0.031490653664144705
0,0.31155615664011993
0,0.18937454020560446
0,0.0496822309634251
0,0.06464571423304831
0,0.09932117029480525
0,0.021132538878856803
0,0.03328818938365396
0,0.10293022608936382
0,0.09718430083713141
0,0.05407522938928464
0,0.005689573659168607
1,0.10642157517621607
0,0.059825105156430615
0,0.15642722872832768
0,0.049058467128519745
0,0.017103638678107363
0,0.05063481533541715
0,0.17088803758463073
0,0.043501382932042566
0,0.42428058352462666
0,0.13635597603401617
0,0.04880751710457022
1,0.13047125759071496
0,0.03479189741033803
0,0.3430059346821464
0,0.36579965965483013
0,0.19709039892851368
0,0.11534136686023395
1,0.17903816509492226
0,0.03862615140727084
0,0.07380067741153022
0,0.05122822144868331
0,0.015169342621329046
0,0.014333942265677222
0,0.017883074589519994
0,0.026475256867083845
1,0.30346785182385705
0,0.017460681761967266
0,0.048607100482450004
0,0.24460886395984702
0,0.06516711020569049
0,0.09584665536947633
0,0.31633660255107776
1,0.42425756165329664
0,0.15142726235599557
0,0.01643348248875512
0,0.22898123419572208
0,0.05561227688621118
1,0.09750019062648302
0,0.0533777638665185
0,0.0415314958585288
0,0.0629125189786042
1,0.39672598041638035
0,0.26053997768796944
0,0.0675478808452927
0,0.01898102303342988
0,0.029365554722086993
0,0.08667129503701587
1,0.09805730430179299
0,0.046001878191221965
0,0.43424645637458076
0,0.08185066418896397
0,0.03985879618496573
1,0.12560569808517164
0,0.08993524600751052
0,0.06310429291576916
0,0.021332423729785742
0,0.014249276799080675
0,0.051743501553035094
0,0.018808271981023125
0,0.07281940789726708
0,0.03868144042630549
0,0.062277317051393714
1,0.12179866798004103
0,0.06486983155524355
0,0.0754911095867027
0,0.21069963977879222
0,0.07338393426711234
0,0.17091720087119197
0,0.05905360580971396
1,0.1215017515309919
0,0.018158369337355734
0,0.09821434060900486
0,0.18914862750818412
0,0.27754225644972774
0,0.05465318839108597
0,0.044572725194117105
1,0.08059256052264292
0,0.3178147359675215
0,0.056915729572544795
0,0.05523001280375364
0,0.0486666947177999
0,0.3126106440197514
0,0.26395257254445664
1,0.08646551407988959
0,0.05591315898033834
0,0.04565592466870938
0,0.12901596803224105
0,0.033230667508319614
0,0.07064888767968994
0,0.022604023302740993
0,0.047585416012780726
0,0.03637783400659088
0,0.050851436469749656
0,0.016078164724664595
1,0.4586085512229882
0,0.04909122750903211
0,0.07822182215379687
0,0.008121073673375851
0,0.0778002470733487
0,0.06042480842384658
0,0.04594496926419515
0,0.039861300453022434
0,0.12090398203616994
0,0.036171731781865266
0,0.0698161481680337
1,0.2533160062722858
0,0.020322687749521527
0,0.052611540957050645
0,0.022448448208334214
0,0.01793502988755997
0,0.0631374978438283
0,0.04837840344072595
0,0.016816959882070683
0,0.2107189063020851
0,0.09591010112291193
0,0.050479283100746355
0,0.049633074623047585
0,0.11896840973116511
0,0.03255195446978126
0,0.043227331740163695
0,0.12449567249953397
0,0.0161166800125785
0,0.06257302820103307
0,0.05701490749896234
0,0.032363233430306074
0,0.13209504228795121
0,0.04035415301997556
0,0.16177426978445483
0,0.31759756873500694
0,0.18325326414899476
0,0.03504578406416
1,0.5158850540275072
0,0.460667835794086
0,0.0781203672647671
0,0.044738380698294035
0,0.055875350382745104
0,0.11937350181179855
1,0.15105114121114172
0,0.06903412752299197
0,0.04171007925001388
0,0.1297134846954767
0,0.04347264192999172
0,0.17524974285091718
0,0.08969877436675576
0,0.05868908696289026
0,0.09505086774191851
0,0.04772862404425772
0,0.05852449050047762
0,0.03616842100707302
0,0.031676176758605325
0,0.07410750759887293
0,0.16061160746757383
1,0.0641532665163669
0,0.3362000798703475
0,0.0831572317923415
0,0.3368932325075121
0,0.04945710987321073
0,0.10050026192777772
1,0.10878720339058881
0,0.05512841879999917
0,0.06714774422268875
0,0.019494709179150232
0,0.03626478491268565
0,0.019409515323673937
0,0.028126189201745207
0,0.0525443453990089
0,0.09400687057027858
0,0.2178731876969764
0,0.036625448180154424
0,0.05603407110039955
0,0.08737489739157375
0,0.03440145763077351
0,0.018856281536270957
0,0.04041778211478518
0,0.05710531663431674
0,0.17721588012287828
0,0.042462951641805684
0,0.012123702052467758
0,0.041475605293005556
1,0.1337506480757232
0,0.05995648587777829
0,0.05846785099971619
1,0.12801496768169696
0,0.06787459848439789
0,0.0485240119295344
0,0.015537763402247294
0,0.019547279394303688
0,0.03575131524575712
0,0.1480941712773796
0,0.0896162145825021
0,0.05017728004715637
0,0.03758577161172509
0,0.04874379551925374
0,0.0400476941984176
1,0.07992265241814994
0,0.030033758523169005
1,0.14796340913457756
0,0.05934861817489644
0,0.039795972205407065
1,0.22305423536654634
1,0.10661100668833164
0,0.04837840344072595
0,0.11113888413191864
0,0.04611289061784859
0,0.2533253099886544
0,0.13757841134847296
0,0.039688763902507626
0,0.07497718352017002
0,0.42599438288095587
0,0.04702004395098852
0,0.021258031295255064
0,0.04623317445090402
0,0.03628457501997767
0,0.03787036900164406
0,0.07452592436407345
0,0.032019141523224944
0,0.05854724372403248
0,0.015460661442166979
0,0.028726691914950985
0,0.39980917946728056
0,0.01768091386758497
0,0.2111602496419507
1,0.06449773201374256
0,0.030945738106758155
0,0.037695745852980925
0,0.0661766492027271
0,0.19908713676020998
0,0.03217940815503397
0,0.05394845983417491
0,0.036551435810576065
0,0.06034926433382867
0,0.035253338947930604
0,0.035053272676047256
0,0.07345318774100527
0,0.3336038011738739
0,0.040889562051211234
0,0.04228816114840451
0,0.06353006642539798
0,0.13511738739242166
0,0.05586515543347699
0,0.05155974053294919
0,0.014237336546494816
0,0.06342137504377789
0,0.1488388122566358
0,0.018158369337355734
0,0.096417374263495
0,0.0431337281424908
0,0.04029984398176173
0,0.06121541291040935
0,0.04113610162218926
0,0.053214671452105615
0,0.14819612990605727
0,0.061690052423978736
0,0.060151373267472226
0,0.0646463804019113
0,0.05203622149875564
0,0.1018838451776667
0,0.1270070658952598
1,0.19426692961789657
1,0.3979187039269939
0,0.03583047976945664
0,0.04722163934532352
1,0.2429367455568558
0,0.053232670479792965
0,0.047360046854587966
0,0.08359110416543628
0,0.06474845170586527
0,0.14254146078275273
0,0.05954479177697643
0,0.04262469253347104
0,0.053616547514561116
0,0.04519908735190595
0,0.042902669381725274
0,0.13231325720397435
0,0.03468923856689304
0,0.3119585444824148
0,0.04684113703007556
0,0.059586628195682126
0,0.060470814687696044
0,0.06068185758579725
0,0.04709189717007223
0,0.05747811732005865
0,0.023094215656502905
1,0.06583703279672085
0,0.10957862896340277
0,0.13905694643523336
0,0.05708921610957384
0,0.009228419469885583
0,0.016970561478872426
0,0.04130969833426575
0,0.0625947028041483
0,0.09219284229379936
0,0.0733825875196839
0,0.04896266042646866
0,0.10742189633857824
0,0.056455122039727385
0,0.04622134496533387
0,0.05111118959867
0,0.060439131291392105
1,0.11439986051446718
0,0.08151547495515105
0,0.04504861020171032
0,0.11762144452724273
0,0.23453454647024202
0,0.04383827546633803
0,0.05740602552744408
0,0.019910694213958743
0,0.2785092076772254
0,0.042769212186553225
0,0.052364463561866574
0,0.06072138959357862
0,0.17856067434794162
0,0.2160034637328355
0,0.021987832031821725
0,0.04331686248432193
0,0.09973050891946618
0,0.04311707915328823
0,0.06736574076481837
0,0.019910694213958736
0,0.16492466917880846
0,0.03358339531289268
0,0.13183564792305563
0,0.04452561912129426
0,0.06289173311855382
0,0.018280318311539458
0,0.065496998496857
0,0.03369947158553657
0,0.27342109842483886
0,0.0579926468788302
0,0.05636468194504648
0,0.1394443185622991
0,0.011796420264091029
0,0.037277809561412086
1,0.21818342489921583
0,0.04076645864004108
1,0.16685677564430412
0,0.07797565788498807
0,0.06434159976776282
0,0.08894502072662078
0,0.12521607200727203
0,0.0318380164874555
0,0.12432784799801999
0,0.09661607446196735
0,0.09705914932310974
0,0.4415454383224675
1,0.11004998232114593
1,0.16068977035529391
1,0.12025697194249148
0,0.04432161307318252
0,0.03300506805627063
0,0.05485574627290483
0,0.04579097877239024
0,0.09359641513373007
0,0.05512841879999919
0,0.04197935644394112
0,0.07306794540593803
0,0.034034364687926776
0,0.39269401719933544
1,0.1147916394451133
0,0.12888644428804383
0,0.04483288149159034
0,0.017752149307275988
0,0.08182054840487428
0,0.019910694213958743
0,0.05958311040694093
0,0.1619879136338031
0,0.05465318839108597
0,0.07996115300955903
0,0.4402999448877296
1,0.3090190754488366
0,0.03665296783870594
0,0.05016964521914428
0,0.0736697313188228
0,0.0169714826675567
0,0.1389852502916423
0,0.05394845983417491
1,0.3217735920797975
0,0.05106564318371669
0,0.06892341294834488
0,0.17693726278233599
0,0.01641417981827221
0,0.057265264458671715
0,0.11470537020009203
0,0.056857973570420335
0,0.13477669481916918
0,0.03277415599632473
0,0.03534840409547052
0,0.15243036819256064
0,0.03663971840206182
1,0.11093988305638211
0,0.2734769260328379
0,0.07153380396549788
0,0.08991043436705219
0,0.2564156326496426
0,0.19972050407679015
0,0.04153758452599208
0,0.02427446165063407
0,0.06361813392896454
0,0.08622635150576798
0,0.17981429422699619
0,0.07020967428904883
0,0.053890602667105915
0,0.031344139053653804
0,0.015766609720253708
0,0.07864457878334116
0,0.0728293205794197
0,0.06969903312030469
0,0.03325566440596594
0,0.040956099810930256
0,0.12418503677122579
0,0.1080843810185309
0,0.05914761795599778
0,0.10418303629703064
0,0.031068138855961158
0,0.0356838230904654
1,0.09530910859003999
0,0.13050299065378038
0,0.07730548713422325
0,0.058636915928387615
0,0.034354976006899844
0,0.09467850228422493
0,0.03833833271212816
0,0.08251564187795853
0,0.062465833317512334
0,0.22461656672282362
0,0.013924886667274273
0,0.04368044438707699
0,0.1765917840762287
0,0.1393801300971158
1,0.10849799855723805
0,0.047967769642076885
1,0.15667133372858558
0,0.03055104749211167
0,0.0917867002446438
0,0.07773309661970623
0,0.2670901227472844
0,0.05479540445016471
0,0.028309500736609865
0,0.09739354578529759
0,0.1529910920730572
1,0.3062733491595912
0,0.2849653646160204
0,0.024095796716416363
0,0.059485781858111035
1,0.2679834016940129
0,0.06406521982764654
0,0.03043467658455387
0,0.11074200498941869
0,0.06265508847608345
0,0.05307830001999432
0,0.016799301370725588
0,0.04267725872824775
0,0.12319972295669675
0,0.05234352382413818
0,0.06726386154430275
0,0.0368280390895559
0,0.07789801634116587
0,0.05658668166783207
0,0.022837390456097582
1,0.16095789189437432
0,0.0260680552388809
0,0.05590937507539549
0,0.08716908912480834
0,0.056076982999153376
0,0.2768610020865015
0,0.07863009293756153
0,0.04484835985586812
0,0.049291727879746255
0,0.017246406878433575
0,0.18271641101503985
0,0.05612084902945237
0,0.013980667781769755
0,0.02758614385383421
1,0.11562109751119996
0,0.05656456008998913
0,0.032770501552543775
0,0.038276679523736604
0,0.14902887718572433
1,0.2386629443141278
0,0.015256937139892167
0,0.22513868356669078
0,0.07995057622748672
0,0.05792590371121693
0,0.20395926444288903
1,0.2968900187440219
0,0.050165347719271024
0,0.02293404580212188
0,0.016537157654203778
1,0.41829653864179817
0,0.01904871596549169
0,0.06794715538234744
0,0.04897230025099117
0,0.07394006280374386
0,0.061438601287309984
0,0.060559307341531865
0,0.1399271102201188
0,0.1451477567764438
0,0.124798753106492
0,0.04950583749164838
0,0.2677419092057282
0,0.05630824575685185
0,0.03352154990083577
0,0.17754333771305497
0,0.11076086180017704
0,0.033098688735339
0,0.07597243357835481
0,0.03320168514328694
1,0.23091937627093695
1,0.16179180800613419
0,0.020899947413826885
1,0.15667133372858508
0,0.1329285796146574
0,0.08618612034441249
0,0.13175289985404287
0,0.043356098028243216
0,0.4011752121505597
0,0.044556079335079365
0,0.03774604999478023
0,0.026137301712503624
0,0.04491059887799868
0,0.04197935644394112
0,0.13040357705287942
1,0.17852059125187936
0,0.14170146983085014
0,0.050096583390052164
0,0.09661020197652413
0,0.05268714268725185
0,0.2630006988425866
0,0.0506692575286407
1,0.09644579928925437
0,0.03881646717250424
1,0.1724568681436572
0,0.030857931311449826
0,0.20198015438320774
0,0.06328787892350086
1,0.3344538317209996
0,0.24766631830891717
0,0.06596692917657232
0,0.11742583871974228
0,0.10060327541755977
0,0.07525374540593933
0,0.2595434440961136
0,0.017693353095544637
0,0.05694071942543372
1,0.3635646644852884
0,0.04415831250733925
0,0.17750328529387763
0,0.07297455164334123
0,0.1357982539315438
0,0.003354809109443797
0,0.024163723707004266
0,0.09764053967354953
0,0.1864388471226352
0,0.05944550726895229
0,0.05698220602599478
0,0.4322998859898687
0,0.07399403852908074
1,0.09150049735832776
0,0.06872417974130292
0,0.030509477805945026
0,0.3951171590727731
0,0.12649711472462422
0,0.05985546081440357
0,0.03853375663250156
0,0.04108221423444743
0,0.04475758184974619
0,0.07142925395854334
0,0.3742923483336148
0,0.2883364188378802
0,0.04950718980877285
0,0.049058467128519745
0,0.06721336241391199
0,0.13617792968740175
0,0.037958239474734645
0,0.07449477537859554
0,0.03868144042630549
0,0.019521284003374644
0,0.06160785069638588
0,0.01853880715991293
0,0.06425250229795823
0,0.03763999232483594
0,0.06122729732580946
0,0.03782210823419536
0,0.040200250565905225
0,0.04832448371741417
0,0.013027250269897664
0,0.12734966100255096
0,0.3202174836864659
0,0.028654358006295365
0,0.05020560993598688
0,0.035538310243518424
0,0.04906739955120639
0,0.05160295256761167
0,0.04776946641542598
0,0.05746562448838562
0,0.06471115694841882
0,0.327977573639846
0,0.01641417981827221
0,0.03201664684952565
0,0.04986364226438709
0,0.019910694213958743
1,0.25001630576576334
1,0.1857523691102449
0,0.03589345728945541
0,0.5042043644708214
0,0.15926864277852323
0,0.05735907403263191
0,0.28943283474580994
0,0.04376994105886367
0,0.03958474264326088
0,0.3727071721031167
0,0.043830231657194844
0,0.05111976703380937
0,0.04631054185252349
0,0.01393058366186486
0,0.018248843668103084
0,0.044758393140034686
0,0.07728123595987735
0,0.13428132090722966
0,0.29167213787418544
0,0.28330362452421887
0,0.05448953502640238
1,0.12652408403771348
0,0.053976193818023536
0,0.01367236551629743
0,0.03255195446978126
0,0.04628037105394051
0,0.209307867653487
0,0.05891986927007559
0,0.04873855500547852
0,0.023955262213443927
1,0.11646254463305206
0,0.04886192816811823
0,0.09051402682045662
0,0.016336993282370094
0,0.013842665767701198
0,0.049172866501778684
0,0.09565163382130308
0,0.030871586105113966
0,0.08881551948705645
0,0.2593804570241955
0,0.02668643016632348
0,0.03268636431378621
0,0.10621688224561257
0,0.060697853508639585
0,0.09079571241891313
0,0.06071277230918949
0,0.047475798827318234
0,0.17794686292754153
0,0.3999768118907621
0,0.04335566182066866
0,0.14128246285836846
0,0.048862382780520325
1,0.08992283841469295
0,0.053931822558934236
0,0.0537702006100129
1,0.17410570815855014
0,0.051148144896195104
0,0.03325566440596594
0,0.059217836804375756
0,0.02876494422991194
0,0.30327884259061916
0,0.060567127646618715
0,0.15037571879456602
0,0.23157087495609843
0,0.31589527706024234
0,0.1878927769984231
0,0.062099453668637485
0,0.04036678734830625
0,0.2277547411310132
1,0.11750178758854068
0,0.0420641893417053
0,0.029721627019367893
0,0.1486966620081638
0,0.04778778692236564
1,0.40908901008639464
0,0.058875623758084354
0,0.21153351062441617
0,0.14308523439934887
1,0.25658750758768945
0,0.056517290454476066
0,0.05187259824620801
0,0.03813542983167448
0,0.04586366228563499
0,0.049112790565413976
0,0.3650947384011664
1,0.09300301024605945
0,0.11594671635159629
0,0.06275576187091175
0,0.06362614264636945
0,0.017883074589519994
0,0.04791690575544603
0,0.02077603512652959
0,0.39354357580359633
0,0.30583937260952077
0,0.04792804952086677
0,0.049081792250614424
0,0.12777852782793972
0,0.0725334351268537
0,0.060492380964355934
0,0.07604899565562158
1,0.10341120044937366
0,0.23719607122069547
0,0.04262954522512578
0,0.15833275122879598
0,0.14386306752388012
0,0.05407089950947255
0,0.017551416348544544
0,0.04748330066168166
0,0.3274538172726383
0,0.13176693198038328
0,0.18582161235570804
1,0.16184475698691655
0,0.0634816041046115
0,0.08494906553202551
0,0.07289038837288707
0,0.4471886263283134
1,0.08018644110028439
0,0.07038218393856613
0,0.013924886667274273
0,0.04425620845079142
0,0.2506993378480991
0,0.030857931311449826
1,0.08184476258249
0,0.03614489134016151
0,0.39044295735118195
0,0.4838450499989283
0,0.058127285715541634
0,0.014460395581660946
0,0.05316004775129079
0,0.1570074557885541
0,0.2102626393784708
0,0.06761227288340765
0,0.14275591812952557
0,0.04536824099159554
1,0.3052596960301076
0,0.11788906279125652
0,0.05458290549131773
0,0.019910694213958743
0,0.04660160367283408
0,0.014689680983994638
0,0.07541789034825148
0,0.09952859550419309
1,0.12689965192978425
0,0.0430979243100338
0,0.05875217256124704
0,0.062052413818127754
0,0.04801992636280391
1,0.29292669864604
0,0.017460681761967266
0,0.0008485568025588737
0,0.23562651856738243
0,0.045008137712579666
0,0.11213029760119948
0,0.09632134094217856
0,0.06230652723136025
0,0.2943589928788811
0,0.06092110545604251
0,0.1411541200088473
0,0.28311254591762547
0,0.04658146217618526
0,0.06719652467776183
0,0.20275605849444128
0,0.012954764717257268
0,0.1929951794491217
0,0.18012465300995
0,0.04768099827215543
0,0.12730602620547504
0,0.16301499032761305
0,0.1295745264110611
0,0.05699131217586278
0,0.0987827276420557
0,0.12048214649001592
0,0.08160980053624568
1,0.10211146779099302
0,0.0715468125074784
0,0.015676583653553032
0,0.06719006968316017
0,0.16195214846944983
0,0.252320488231148
0,0.3737096096173137
0,0.028657825353043044
0,0.043793319463818065
0,0.07796931632582937
0,0.06049229013889811
0,0.05013049079906268
0,0.04805851901042377
1,0.21816825887558255
0,0.030857931311449826
0,0.03189540611779726
0,0.03534640039951303
0,0.05126349880655004
0,0.09459125578125163
1,0.17708317135505094
0,0.1873588780814895
0,0.05377132173365032
0,0.034005254774089146
0,0.06780770692489321
0,0.043309495025063094
0,0.04054122299965456
0,0.04760197406821108
0,0.041217750469131814
0,0.0391580880786623
0,0.31764519548369186
0,0.048618004629978916
0,0.01366771294664606
0,0.23030663111540792
1,0.5787236886070618
0,0.36696557142831815
0,0.08886208492788607
0,0.17322941032633582
0,0.11565868585132039
0,0.043711722796296995
0,0.04863409440251322
1,0.17216417652138216
0,0.05895098821817057
0,0.11816311960581916
0,0.42172320134948105
0,0.056835304896157714
0,0.022369639229822
0,0.1520427406948742
0,0.05067005367878703
0,0.03714684871977681
0,0.0571519748253013
0,0.05157369305716266
0,0.01825711075615256
0,0.2446126464208541
0,0.14028335859158989
0,0.03347990375141987
0,0.08590026548277127
0,0.047970863349483375
0,0.09319196915701644
0,0.046509748773254804
0,0.09859691510698947
1,0.17687445891043646
0,0.027350886630878833
0,0.15704361407443299
0,0.03589345728945541
0,0.11282101112873902
0,0.11613256070845511
0,0.057984750131294074
0,0.05809426385655848
0,0.05839882151323801
1,0.2057364649696089
1,0.16072139145582884
0,0.051735393059857006
1,0.1810956764082177
0,0.046364733005877255
0,0.05014500844173084
0,0.13570203191078914
0,0.031646786065485474
0,0.013192305054928966
0,0.30922261638431486
1,0.17825558350472404
1,0.09685212380553762
0,0.2127241403534284
0,0.044927730464102096
0,0.06314521013672614
1,0.2738021666698778
1,0.10446860323354501
0,0.21142240407713056
0,0.0529366958774035
0,0.029923555933600715
0,0.1050140562928846
0,0.06597233396054625
0,0.18921136671674937
0,0.01681921631906918
0,0.056640699292915986
0,0.311823942067739
0,0.04820679265147578
0,0.05926761538065081
1,0.115615612855327
0,0.04696541387925988
0,0.1449549268249858
0,0.07282115702219409
0,0.05349925007300175
0,0.038623491739851114
1,0.24873172677395197
0,0.059157217787290065
0,0.06761682148014267
0,0.35602086448972303
0,0.056431125339432085
0,0.047991781246613394
0,0.017707498303444265
1,0.10151104938680758
0,0.02394274327218107
0,0.06778936718823925
1,0.10474765422741067
1,0.17995103931387926
0,0.017073443610247877
0,0.04098215786641258
0,0.11599312123780241
0,0.29593243267114816
0,0.3619320260484193
0,0.043464502186736
0,0.04447545648944626
0,0.12513612459839918
0,0.15606805671519824
0,0.07600443242943222
0,0.0326036221445814
0,0.04771322985277377
0,0.025669520524455248
0,0.05624915193453634
0,0.0214853283521585
0,0.08962097044950978
0,0.26241416989603394
0,0.0630566805826859
0,0.050868360326613224
0,0.24189427179525547
0,0.0289385320474194
0,0.017374801300811142
0,0.033179417759542196
1,0.13003320377084024
0,0.21170907925619606
1,0.1637342449140138
0,0.06144156446257413
0,0.04951536989860153
1,0.17202246814405417
0,0.03328818938365396
0,0.056128622424860844
0,0.05012498729973692
0,0.42002176989601675
0,0.014237336546494816
0,0.04009411923738319
0,0.030705283623874226
0,0.15526263014811778
0,0.10039724572081297
0,0.07065213686870057
0,0.05305748143109845
0,0.059721466883781105
0,0.0706385692413744
0,0.05313840551115127
0,0.04550111938044771
0,0.016537157654203778
0,0.03085715687123222
0,0.06896804600780976
0,0.030084527735732364
0,0.07736659741022904
0,0.017883074589519994
0,0.044691611550377555
0,0.047465209069991875
0,0.3067551072860953
0,0.2471596596292428
0,0.1148499630534217
0,0.05589459226889654
0,0.04293425134195197
0,0.015478121719348531
0,0.05082625941239818
0,0.04325054911469598
0,0.04970132075804297
0,0.04180644542297381
0,0.044911900361539914
0,0.048262302009377964
1,0.42795844497621016
1,0.16848825200528592
0,0.14310582721829027
1,0.10459844579573879
0,0.19412808064744286
0,0.14850384048574253
0,0.12181703625537911
0,0.21162043424366947
0,0.11467620613591084
0,0.060712297569789686
1,0.39581488803030945
1,0.3327473597047812
0,0.048343454605178186
0,0.07565029453819462
0,0.048789336383473526
0,0.12199732262387893
0,0.023410591494901614
0,0.08562076748149919
0,0.42250233840754126
0,0.2441417027233883
0,0.14530697457512934
1,0.09436299346822373
0,0.06200676816970563
0,0.013797364461187546
0,0.028265003721956672
0,0.03325566440596594
0,0.16131011742135956
0,0.16789384282675446
0,0.10440520467688215
0,0.10544159100812456
0,0.03255195446978126
0,0.10021204569109614
0,0.061050781884168646
0,0.14842591444424189
1,0.14715017683734644
0,0.01572795475121116
0,0.05465318839108597
0,0.10880408814608783
0,0.03539661837826583
0,0.05320419863259162
0,0.059623762190837475
0,0.12038287493896123
0,0.08335972534078694
0,0.02129854411279639
0,0.01386086410194304
0,0.04728260096796796
0,0.17159912861799542
0,0.061588684085744146
1,0.13661209593708518
0,0.04380832073153569
0,0.05519601743087306
0,0.01676155912908258
0,0.02619852031426399
0,0.0668794975000321
0,0.03495720439734449
0,0.21678745581001868
0,0.044230209901789067
0,0.05264988518544325
0,0.03532525814235731
0,0.10716897486571886
0,0.1359092383724577
0,0.06324954271811248
0,0.06537562211614702
0,0.038740827646476135
0,0.040830637507227846
0,0.017246406878433575
0,0.049058467128519745
0,0.04091358723055449
0,0.01885596813647072
0,0.03174470520754007
0,0.10467435833564041
1,0.13156003322786894
0,0.3589522607860982
0,0.06035021681630134
0,0.06553149656911904
0,0.049386292716039504
0,0.19820776550704744
1,0.13328693202447678
0,0.03844549083146772
0,0.029205381744945903
0,0.4202419835154887
0,0.21511516795509952
0,0.10975005009642924
0,0.04995661883118012
0,0.014175136549904316
0,0.04990042608814107
0,0.03563527337519713
0,0.0432750765471868
0,0.1336812777658268
1,0.18242047773154754
0,0.1503970516812533
0,0.049152272926774626
0,0.006112957192106503
0,0.03778400958358736
0,0.05093116558890766
1,0.1309395905547583
0,0.03305922152964951
0,0.06833020429515053
0,0.050091827721416536
1,0.0938882210893609
0,0.03641215583294726
0,0.03456007247137529
0,0.03229271192827001
1,0.1170259854171679
0,0.05039625163573358
0,0.05088316213122452
0,0.01737673845697482
0,0.031224453077647978
0,0.02902822557419522
0,0.07195676995938619
0,0.0604270327411083
0,0.27466637711539443
0,0.033886618893106984
0,0.05517730307696816
0,0.1517430219412408
0,0.018038866892931917
0,0.36032389628629247
0,0.48072725476432465
0,0.21306038404709157
0,0.015954206424077643
0,0.4709908476741052
0,0.045343313571270756
0,0.13760454393950267
1,0.11446164309701823
0,0.11552299097829478
0,0.048482436156971995
0,0.15032771354238844
0,0.05113670348599934
0,0.0641664230248928
0,0.017499876603431275
0,0.05953501024501589
0,0.032272809495411926
0,0.06419233078860641
1,0.33641925725543803
0,0.11094112764019258
0,0.04550527087118824
0,0.3542511595107856
0,0.020730908919557103
0,0.06768156913797052
0,0.4181569470126373
0,0.043217208081558635
0,0.04809518002393286
0,0.03325378950336555
0,0.0553758032585451
0,0.05792590371121693
0,0.0331256891646794
0,0.05611695024503471
0,0.037653435307064706
0,0.1449549268249858
0,0.057941879745737127
0,0.03485391166704286
1,0.1702642846800289
0,0.04675658241291779
0,0.14632875784738467
0,0.015256909980765607
0,0.04230394929371971
0,0.3809888390237602
0,0.06200814837160501
0,0.04753658847661238
0,0.016166512121438995
0,0.059125866879096926
0,0.06548466474136208
0,0.19740613097332002
0,0.05792590371121693
0,0.043753958957921356
0,0.2622214036989387
0,0.36318686038141684
0,0.12456151814167224
0,0.099934893856728
0,0.05376470631273676
0,0.31021389943742667
0,0.2651355838944161
0,0.022197864130695275
0,0.05159666764996229
0,0.04941797542803788
0,0.4665612865526791
0,0.04866669471779986
0,0.016029197401363632
1,0.1985648473304812
0,0.019910694213958743
0,0.013851708517050318
0,0.030857931311449826
1,0.13193075744460453
0,0.10614391359648305
0,0.022234630007871844
0,0.08718577897354862
0,0.03840952394762984
0,0.0688000513929982
1,0.06979086056190323
0,0.07064290235473727
0,0.04497572801232332
0,0.3734759338248323
0,0.05391461183993903
0,0.1990139221629422
1,0.25031347798382503
0,0.20605100232496779
0,0.02287105299886482
0,0.12657951682525284
0,0.052757803001064064
0,0.017752149307275988
0,0.05116832473903982
0,0.05459354839389026
0,0.0557474182508386
0,0.0340404899841452
0,0.01337795674252594
1,0.4161126898722847
1,0.1363388657339624
0,0.15712280901097073
0,0.05604139878515163
0,0.04204230345263282
0,0.2437300900943372
0,0.033505054349569595
0,0.4187149298196394
0,0.295097675779688
0,0.036178099824605646
0,0.04943547687455968
0,0.05504018881333357
0,0.049582049036544326
0,0.03217186129731151
0,0.062123590260788196
0,0.0361282356502679
0,0.05535323982884085
0,0.24002533373936924
0,0.04837840344072595
0,0.09393220920753884
0,0.017443083940702164
0,0.1227486974629951
0,0.06710436342639743
1,0.06319232695203646
0,0.14103164355733497
0,0.13999965187580177
0,0.11762144452724273
0,0.04201570090358112
0,0.11027748209827068
1,0.17151335782205201
0,0.21439022510167347
0,0.053497720706927286
0,0.12256602628927031
0,0.05418011468048561
0,0.05581631933048204
0,0.05512841879999917
0,0.07812516105708511
0,0.018297267671845755
0,0.06462433326998474
0,0.4254997242405641
0,0.0550854851064337
0,0.24979570224379014
0,0.08781703376247475
0,0.05152462366342551
0,0.06093950810308344
0,0.04519967383014164
0,0.03867168181847345
1,0.28585495409388356
0,0.04847541261487988
0,0.052151634768843796
0,0.18764399498631398
0,0.05551732515431082
0,0.09337092946022171
0,0.0369668814792465
0,0.25330430691348943
0,0.116441270796209
0,0.050924377895934764
0,0.013745580278188287
1,0.12629968636776193
0,0.020777078994810915
0,0.05048185015570668
0,0.050373484389639074
0,0.03873120879977178
0,0.144691555711207
0,0.021758613371504455
0,0.12220886001605996
1,0.07947067789723541
0,0.08811493146233854
0,0.07192186929703902
0,0.1608530306755143
0,0.09185462411221562
0,0.060878893192392716
0,0.06090604129835184
0,0.09531245402130217
0,0.18343052769377502
0,0.2193146633679004
0,0.06861467379981637
0,0.03325566440596594
0,0.10824151322778273
0,0.4315910830024198
0,0.22808506864984762
0,0.013027250269897664
0,0.25230529100760213
0,0.11286797897892482
0,0.1251364865931179
0,0.023664689465934717
0,0.03566889014890436
0,0.015256937139892167
0,0.09342857928609943
0,0.01583562580269428
0,0.033327544166085896
0,0.059676978099944815
0,0.109794796859918
0,0.05865660705123693
0,0.0405418116568024
0,0.05394845983417491
0,0.058224539910233936
0,0.22809364313295982
0,0.027966205680779826
0,0.056913063032185435
0,0.04485977967654947
0,0.20646144260383123
0,0.2071869954953235
0,0.06822927684636027
0,0.12948122280394248
0,0.07388447773396493
0,0.033667708262105515
0,0.013833733388491318
0,0.013340933048618766
0,0.039018075319286125
0,0.09900568135614538
0,0.10636215688027441
0,0.15658727040230083
0,0.042355589354293594
0,0.09131716823760895
1,0.06621585023630425
0,0.032049222875632444
0,0.16746937294807274
0,0.2894208857180662
0,0.046172352044356685
0,0.042102714994392484
0,0.09826735713714808
0,0.027043912672841185
0,0.048440699637786126
0,0.03215351314797528
0,0.14245349553612133
0,0.0579386001056782
0,0.05190663291260521
0,0.055200230834214783
0,0.15665681372893092
0,0.07033465621968962
0,0.02182223050355162
0,0.5114061921951372
0,0.36075579057593266
0,0.1011513002804465
0,0.049219074548961995
0,0.10791789581935098
1,0.09947630423291108
0,0.08502868920527155
0,0.3202769204273523
0,0.035525744322472914
0,0.05885527980022841
1,0.7364589476538245
0,0.05349210808649554
0,0.04545139226606892
0,0.04648889598239061
0,0.040691322620145895
0,0.07331887330877862
0,0.05532181181666868
0,0.020753413128814874
0,0.30223280172315414
0,0.046435762698585466
1,0.17293213011717706
0,0.07640808354311474
0,0.11924689189288686
0,0.10587295964177353
0,0.08800573847012741
0,0.10877466154515218
0,0.05462521399272968
0,0.13584906057772592
0,0.02594996304158949
0,0.012859090712051886
0,0.03255195446978126
1,0.2024152495155249
0,0.05307082131892894
0,0.048591939767426075
0,0.27577507937776924
0,0.031919692441646226
0,0.04150776821810684
1,0.4345184223316669
0,0.09717106675077658
0,0.13538209285640346
0,0.04533599989548074
0,0.3360872945602336
0,0.09146240642688572
1,0.1039526690915408
0,0.16206724931327812
0,0.012864860172574735
0,0.019217961533729032
0,0.11204656650229905
0,0.07106173585623929
0,0.04194357767287595
0,0.460693756447963
0,0.16377550322622877
0,0.05321445547085979
0,0.015381243429728306
0,0.014469562695065372
0,0.03183146669173104
0,0.018453533305682862
0,0.059876296955628794
0,0.034709268118024446
0,0.2753743260184456
0,0.03686189840672333
0,0.14563235495654178
0,0.0642820384784353
0,0.32188277774658364
0,0.03742746233850607
0,0.01755297982866478
0,0.0803904475733343
0,0.20940329372890368
0,0.05784873692028183
0,0.08995831554459074
0,0.09864751737108725
0,0.21224412239105186
1,0.27448426070774357
0,0.07194355868997189
0,0.049239161612953844
0,0.05725449926098454
0,0.031852715407167005
0,0.15303474673128842
0,0.05955651833788194
1,0.19626629682108007
0,0.05604139878515163
0,0.05487004343989572
0,0.057447863870968764
0,0.017451679332272516
0,0.292913166305081
0,0.06539878592403864
0,0.05877385334227888
0,0.07684187743240246
0,0.03712855052026098
0,0.05310416717039408
0,0.015623120727500866
0,0.06802034172576737
0,0.14511268737633973
0,0.11646833538880391
0,0.015078366801730225
0,0.4313793064565189
0,0.08571949342692828
0,0.21473761578932088
0,0.12330881669511427
0,0.07749658963878196
1,0.20399575355095698
0,0.04610958396179448
1,0.04670028690513071
0,0.14212133132660837
0,0.08391595213207596
1,0.1439179711428228
0,0.14590984815112185
0,0.051698859230250443
1,0.4729393440969325
0,0.0758215932745452
0,0.051698064961142765
0,0.11276608044221863
0,0.043238293738981415
1,0.21753618462343047
0,0.06068185758579725
0,0.0617659736125449
0,0.03277328440146602
0,0.07437977094253388
1,0.28156975062702394
0,0.3885000210061896
0,0.06936996811890979
0,0.17794686292754153
1,0.12196142096882262
0,0.27651069901005415
0,0.06068185758579725
0,0.05113164405861993
0,0.05394845983417491
0,0.013215993523022804
0,0.11989522184085553
0,0.059313700549888465
0,0.14217905760819805
0,0.12458564806280832
1,0.13536557377028108
0,0.06667311328809582
0,0.042533617002408305
0,0.04726609510305639
0,0.027317853651067245
0,0.18332295983014682
0,0.0592588951747474
0,0.02967593848215439
0,0.03236323343030609
0,0.15869817333750272
0,0.02940989164665021
0,0.07879588298704544
0,0.013777367320622876
0,0.07452622810821757
0,0.1285358594138384
0,0.016335274911427177
0,0.046681247179217046
1,0.09520265922355117
0,0.029713325933997534
0,0.06165928952320622
0,0.17732989790121576
1,0.12596981631590112
0,0.22749884665553366
0,0.02859462907136179
0,0.04034483507968378
0,0.0433656241264392
0,0.15407499028844399
1,0.3789666374269544
0,0.050975146767032326
0,0.043317979958820606
0,0.05063727055010211
0,0.05998220348718172
0,0.044478111590441446
0,0.07121704625924806
0,0.24612404420860107
0,0.11527355743611568
0,0.057719109842156766
0,0.05023159589907939
0,0.03509741959802338
0,0.04197935644394112
0,0.03702279766657471
0,0.08224543934293332
0,0.018530928768059698
0,0.09420512670423689
1,0.10242041661500025
0,0.13072601247282115
0,0.1180441002182942
0,0.022514761193223272
0,0.05429530081600944
0,0.046188645385438536
0,0.011463028412681082
0,0.02177915174225336
0,0.028926920086101808
0,0.05256722042424119
0,0.11522157746110238
0,0.03563511217745376
0,0.08520991180742765
0,0.03883178566198288
0,0.1341707714812503
0,0.09235119186913893
0,0.07354451732494856
0,0.012859090712051886
0,0.021807069948808416
0,0.047552011006871404
0,0.030732643686489362
1,0.18727063307607092
0,0.13011715408160432
1,0.14633027671170687
0,0.03534840409547052
0,0.24942509542939637
0,0.04815381547612881
0,0.08298441441877946
0,0.03308056612424505
1,0.3172189708317052
0,0.0877644623829265
1,0.11062989502883117
0,0.03403441291301666
0,0.05529168228302894
0,0.06564199941469519
0,0.04933696428862857
0,0.014680680167680074
0,0.15378905251506764
0,0.05419639854868731
0,0.047837855712037546
0,0.11426401579926135
0,0.014538179397086693
0,0.12682047847262726
1,0.3499503756704177
0,0.058765296462299756
0,0.05189413906879977
0,0.27976959151060465
0,0.05720408141667999
0,0.05351226100532819
0,0.07228594110167627
0,0.049058467128519745
0,0.053408270954829404
0,0.05421363138850433
0,0.018356081217165338
0,0.028927367057303807
0,0.015392408964785996
0,0.03328758909102144
0,0.32401227898288193
0,0.3014275687633102
0,0.11966153464459237
0,0.044859065077508316
0,0.08182068102243455
0,0.05765366257105608
0,0.055164442157914516
0,0.06572279466138124
0,0.1718928741822798
0,0.016166512121438995
1,0.13351246586861362
0,0.07528620676806845
0,0.047837855712037546
0,0.04779630365331611
0,0.05111100726874493
0,0.06163242278385791
0,0.19340010705786156
0,0.09967455371980566
0,0.025798273217383833
1,0.19069116102839764
0,0.20552456813613293
0,0.018250394131341476
0,0.01816559212380584
0,0.06867600350230744
0,0.05436684092201058
0,0.052451004036824116
0,0.16466039468862076
1,0.1717915189696571
0,0.052075154643438745
1,0.1835217676001374
1,0.3936724843338605
0,0.06160568892937272
0,0.13869459038492554
0,0.04234558024416068
0,0.028066654516826734
0,0.07304629760032541
0,0.1263285191957719
0,0.24127344934832362
1,0.11099327248921433
0,0.015565583992614707
0,0.05606595078420764
1,0.2433359970762469
0,0.046671894564905524
0,0.0533118154349081
1,0.04575943449812843
1,0.33481552930176456
0,0.06249108557234712
0,0.055161436004560443
0,0.04013785950535017
0,0.03458417609053664
0,0.052551819247785035
0,0.01761965974193943
0,0.060083686919254926
0,0.02270781408021801
0,0.01969506925727678
0,0.050446797853760245
0,0.05329585707384108
0,0.03930835991462051
0,0.13726029252367875
0,0.12262648520732454
0,0.04770188392611825
0,0.03995800919073779
0,0.10581184831432079
0,0.2974238038095034
0,0.04975368585735337
0,0.06018572613680904
1,0.08428483289848163
0,0.09094583838232582
0,0.13551549668393903
0,0.08088201911634149
0,0.11288236365334217
0,0.06388322258136715
0,0.12879442024325147
0,0.06847742052741507
1,0.10247882462063385
0,0.004225863349694026
0,0.016142246689003537
0,0.017707498303444265
0,0.016720225608157353
0,0.06844183268096238
0,0.2225431396547172
0,0.05975757930118354
0,0.0381996604374155
0,0.060321556630406205
0,0.09868577626018382
0,0.09891394758506185
0,0.07656854552517477
0,0.02362087754010454
0,0.05611085923618829
0,0.1948501645993624
0,0.06736017580214791
1,0.17910772892228544
0,0.04815095977722039
0,0.10475535622992532
0,0.06441071214258612
1,0.2787691986062035
0,0.09920655642232767
0,0.06207911414904134
1,0.1757339026601585
0,0.02365545989414111
0,0.08862554902773963
0,0.011141182167425356
0,0.06275202657397387
1,0.14045704780085005
0,0.179264495305338
0,0.11822487112820608
0,0.05942062202358105
0,0.12346686060952118
0,0.036179843019818705
1,0.42427453915145036
0,0.013011430429262852
0,0.022265131988549236
0,0.06214880329757938
0,0.1353649309415262
0,0.06062159870864202
0,0.06868930134655092
0,0.05034004493036402
0,0.05161289515192327
0,0.028241724811916395
0,0.28116769815733167
0,0.3044910672735419
0,0.027211874872662745
0,0.0481055554958291
0,0.016720225608157353
0,0.15658727040230083
0,0.05116065258622644
0,0.05966347025346035
0,0.03501855511481656
0,0.04678606507448078
0,0.3801325828659494
1,0.16086484960278857
0,0.08631336912459268
0,0.1493212565783897
0,0.3277391095766041
0,0.06000396382209644
0,0.053926943500394585
0,0.10574887139745244
0,0.23247815264158303
0,0.04480411835951961
0,0.06555320075290837
0,0.04905846712851976
0,0.1523641581012433
0,0.0480524495516992
0,0.13896803501000898
0,0.13319744274009973
0,0.01749480518778122
0,0.0536627666038551
0,0.11025634901669702
0,0.15653764917594193
0,0.0505792432467874
0,0.17690453766315944
0,0.13120083239351377
0,0.21702002614545227
0,0.09842710791814331
1,0.11421627619024781
0,0.09403717436806118
0,0.1764093032224283
0,0.16074686663227183
0,0.3046313031566019
0,0.0410056830969171
0,0.039018075319286125
0,0.04218385610455045
0,0.05255914058047814
0,0.11098366532170584
1,0.19889536297363097
0,0.07331578292638236
0,0.3560487702761638
0,0.07805819644565828
0,0.08527151548728651
0,0.05925321023499914
0,0.038961269392974916
0,0.014207594751587274
0,0.15801594142895709
0,0.04958696753974031
1,0.12209991366208935
0,0.060583721899019304
0,0.07230436864276041
0,0.10853095779468618
0,0.05020780116901405
0,0.08453866045761378
0,0.05808593734844242
0,0.0690859500904208
0,0.0161166800125785
0,0.048742288742203294
0,0.05504705665528062
0,0.022937696483882785
0,0.07226129702463212
0,0.06918574405646037
0,0.12521607200727203
0,0.10567678149524617
0,0.11816311960581916
0,0.022297015122391215
0,0.0009745725382588732
0,0.03063084948130099
0,0.045227244435750935
0,0.07082103711284261
0,0.09403908189818624
0,0.055081122756539674
0,0.08096571586876279
0,0.025879015567922416
0,0.033922035554900254
0,0.037513983575115345
0,0.12218537226399423
0,0.042975097248116295
0,0.05279113184592265
0,0.06892628499402068
0,0.2735834656611498
0,0.3568909970856894
0,0.1328036106857334
0,0.04436816681598254
0,0.27564379236782116
0,0.013879807879645014
0,0.031509422625388236
0,0.034189182216728765
0,0.022768133363332096
0,0.058127922947630625
0,0.053978934443601044
0,0.007750749557569818
0,0.04837113637904983
0,0.07061755182009767
0,0.04607638307071128
0,0.043793598897648243
0,0.12639717555130253
0,0.03773092036074823
0,0.05409761789840068
1,0.17498800141313034
0,0.017823301743683764
0,0.10649428601619126
0,0.07265791229473957
0,0.03434342125450603
0,0.0632570086491748
0,0.05474122049060298
0,0.05343556499825914
0,0.03632644001478316
0,0.04905846712851976
0,0.1782854908814999
0,0.04821709615880855
0,0.04693157784637068
0,0.1682177458635221
0,0.047800686579946815
0,0.04599822895768936
0,0.02324314141463789
0,0.06207346832229943
0,0.017779189902435877
0,0.169210304687568
0,0.028264849506666554
0,0.01716210993103832
0,0.14031258792775855
0,0.046510200588454564
1,0.44187051593661014
0,0.019428786455969838
0,0.06333759412275923
0,0.05450392996288337
0,0.04197935644394112
0,0.05336111979703729
0,0.19166368242026408
0,0.055064765909752275
0,0.057588557020348666
0,0.045753369177275384
0,0.050470755141984874
0,0.0372866562411971
0,0.062293141356788324
0,0.061050781884168646
0,0.04434571597817713
1,0.09201646128887234
0,0.06223936088562198
0,0.09495172186285375
0,0.3146732836767529
0,0.013238774418018436
0,0.01880892595647715
1,0.12687800244056605
1,0.12920471515374027
0,0.07511540208290172
0,0.07542363721677293
1,0.13037296983622046
1,0.1403154229840361
0,0.05993483613980666
0,0.0576204284126596
0,0.044752091195777534
0,0.24540936536455552
0,0.06050498176993491
1,0.1443773956482302
0,0.0508980153953949
0,0.02973640708074002
0,0.04688279865512686
0,0.4065826859010496
0,0.10469402023222237
0,0.48618304515509814
0,0.10568754524343034
1,0.1393720408632441
0,0.5149706131360056
0,0.05374453145926483
1,0.1388077719301482
0,0.03246102093113223
0,0.01793502988755997
0,0.04124185115213217
0,0.017903103407174083
0,0.015755376305811846
0,0.23725080386831707
0,0.04696213655486111
0,0.004403020295545571
0,0.16603872021697114
0,0.05089384235437315
0,0.028574365432469766
0,0.03183146669173104
0,0.03802824585574105
0,0.26302794430754695
0,0.017510298733374143
0,0.1502657614647521
0,0.18975265678741693
0,0.06756402189299529
0,0.02836089655794629
1,0.4271777360621083
0,0.16435079723333618
0,0.09730988687439557
0,0.0827942807414486
0,0.030856273570126217
0,0.059420622023581025
0,0.05269927029164733
0,0.042061184315034895
0,0.06203172086173021
0,0.051182189984666594
1,0.13978046944896264
0,0.05191185449013675
0,0.03070835049322269
0,0.1383229419138883
0,0.04776522740582696
0,0.06945513481590886
0,0.1973629334744503
0,0.027635189753056403
0,0.057388461587661574
0,0.05273305416511094
0,0.05828837219735405
0,0.12551461450762544
0,0.05529527273445418
0,0.269506089770612
0,0.22874057055788288
1,0.23828190031485755
0,0.051145606905850516
0,0.028547972138167302
0,0.04813673118446899
0,0.04978455075916505
1,0.07920601600283747
1,0.13320833440860896
0,0.035210011561419355
0,0.052551819247785035
0,0.028401115055273776
0,0.1043954110805511
0,0.048810599129986885
1,0.12758323860881465
0,0.03176760236121018
0,0.03184283323811091
0,0.09522669719796537
0,0.1579404978753265
0,0.059517281159512735
1,0.3247459846900065
0,0.05345406661294985
0,0.03676059400453921
1,0.166016532583236
1,0.10144081599156407
0,0.3519057639281696
0,0.05287630435935823
0,0.016292108229926005
0,0.10686859797156743
0,0.05496825409936728
0,0.06008491014051195
0,0.01854500768842566
0,0.02374734599707548
0,0.026752983708173972
0,0.024022383739235445
0,0.04400384871102086
0,0.04717327956233983
0,0.03334757820605755
0,0.12072517481024535
0,0.02787561645408961
1,0.15318185299376544
0,0.02499310660565256
0,0.02936890005375011
0,0.01885596813647072
0,0.11141278679042434
0,0.08446445806982382
0,0.041666637490548254
0,0.21899670366148735
0,0.10393252752121876
0,0.048313832981496975
0,0.01761264736088622
0,0.054065930824170494
0,0.06218653607387756
0,0.07428477081651906
0,0.20406756210944615
0,0.1352272547337534
0,0.35642757782722706
0,0.03325566440596594
0,0.055584325224588955
0,0.1775638131696397
0,0.05379331456812464
1,0.12378269063546682
0,0.05165179156162475
0,0.04942165145921039
0,0.06466713966177881
1,0.13214536890018685
0,0.055756695784336584
0,0.04398695547668572
1,0.10573666354846556
0,0.04571020417640504
0,0.02577312043176266
0,0.12148865980857823
0,0.1319843963023206
0,0.10053156187683494
0,0.05082165656235789
0,0.0986920660564406
0,0.20935597758574562
1,0.19144095834391434
1,0.25946466680453717
0,0.1283938014211446
0,0.05810575013634056
0,0.19693017423423023
0,0.0168165617989457
0,0.028445519580437607
0,0.1169139697466877
0,0.05450392996288339
0,0.10383242226988718
0,0.06726756136035685
0,0.31531734808265777
0,0.2722250544540234
0,0.016166512121438995
0,0.071997852651607
0,0.05307033786254
0,0.1777871579975468
0,0.03868144042630549
0,0.24131160806008412
0,0.013904749717938689
1,0.1413313541753962
0,0.07729457132036809
0,0.1835029170018928
0,0.13068784036296138
0,0.06881697167206356
0,0.0033235427909071745
0,0.2711170595718398
0,0.07133921683205234
0,0.03794293784075169
0,0.05288567864469257
0,0.0002474794260508035
0,0.15704361407443299
0,0.06077959355252572
0,0.1079670390036314
0,0.15645092964554105
0,0.2902389200580542
0,0.10196109809913144
0,0.038453612334911784
0,0.014046785766759318
0,0.030013681899288384
0,0.1108706839974371
0,0.2403670047979998
0,0.24531862995517392
0,0.018337654299714415
0,0.07110366843009107
0,0.05013049079906268
0,0.1253008381306303
1,0.0900093222967287
0,0.05294562728905118
0,0.08512379841206288
0,0.17780315390495352
0,0.0340404899841452
1,0.16653191968972605
0,0.053643089046133866
0,0.061966442044973945
0,0.06484413089304071
0,0.059835823149266755
0,0.050845966179673
0,0.06409453532737622
0,0.04250166654814687
0,0.31052598332789233
0,0.2267241634014891
0,0.0706824040974066
1,0.18197803052218228
0,0.05131773887654724
0,0.03331905195117778
0,0.04945846467839616
0,0.11704356003252091
0,0.05512841879999917
0,0.2949178352535565
0,0.19920674379613637
1,0.12646017798562378
0,0.05753820743797792
0,0.07493516526158615
0,0.06488577389030831
0,0.07728439850523801
0,0.0690174417849368
0,0.06125742945508603
0,0.10094252180099136
0,0.34601676057853775
0,0.09393070634616217
0,0.058787699593143616
0,0.05980743860391809
1,0.07882444313154381
0,0.14626479850910595
0,0.06777189842006084
0,0.07727790634696274
0,0.015663392512341973
0,0.049058467128519745
0,0.05506797264361797
1,0.11661227522192377
0,0.10393078942233995
0,0.12212174737006713
0,0.030367239007441434
1,0.12777395209646938
0,0.04554229612640213
0,0.04740840374461842
1,0.03884441989322474
0,0.05179833788201032
0,0.042153119474441995
0,0.38185453632561633
0,0.19011514353198805
0,0.03511867838008468
0,0.06809499253108672
0,0.14184463369828543
0,0.05646547710277587
0,0.1300584709413024
0,0.29798141674740936
0,0.059177137836207504
1,0.10367821466475736
1,0.26778834817023855
0,0.24173056749723695
0,0.26922791525710593
0,0.09859330975973603
0,0.011796420264091029
0,0.14072534052313562
0,0.01768091386758497
0,0.1077855378350308
1,0.10250158312315805
0,0.23362936942849827
0,0.051677959628953954
0,0.014333942265677222
1,0.09499466753988099
0,0.1660515306157215
0,0.05654223930142012
0,0.0661363063766029
0,0.024653132046930103
0,0.2876299366727731
0,0.04741344226685554
1,0.06553300681084365
1,0.19648692729357006
0,0.3211106822618848
0,0.048510610069823136
0,0.030857931311449826
