y,p
0,0.21841229450671507
0,0.2399701111832723
0,0.00044918243752545343
0,0.00018741075940985525
0,0.21836322018973772
0,0.22965235405087023
0,2.640761634804553e-05
0,3.287869061009056e-05
0,4.326111594363484e-05
0,1.7443508496320248e-05
0,5.324466698441725e-05
0,0.00010520087589873945
0,4.4736117439645404e-05
0,0.0012829223574121226
0,3.425177814301116e-05
0,9.420205289438449e-05
0,0.26753244483954103
0,5.982931013679316e-05
0,0.001282922357788726
0,8.140093824193075e-05
0,0.20473482482807923
0,0.2820571595845265
0,3.1816389586318916e-05
0,0.0012829223607954791
0,0.2831008924997871
0,0.23284012890889785
1,0.4526395384281105
0,0.23719059945171714
0,0.26814706295200974
1,0.3642417767828723
0,0.24733901105540634
0,7.975719205067704e-06
0,0.28641331689098415
0,8.456633788326288e-08
0,0.20606148398435484
0,0.2878267274448054
0,0.23964655648496008
0,4.355023717354868e-06
0,0.2460017535277364
0,9.683744017826373e-06
0,0.24319479360798435
0,0.20568305640664106
0,0.00034128165256023976
0,3.151081230837521e-05
0,0.00010250889557247095
0,8.251276769900112e-05
0,0.2815828866923197
0,0.2559765733108612
0,6.982431629344412e-06
0,0.2809280841074615
0,0.21142360564497453
0,0.2101230362646463
0,0.00015830615887808754
0,0.2133946323098127
0,2.640761634804553e-05
1,0.21612625639387445
1,0.2611017299672694
0,0.2703861011597679
0,0.6567436553859134
0,0.00011208747095139354
0,1.3808345673722184e-05
0,8.344375336523497e-06
0,6.38074969149254e-05
0,7.575745399838594e-05
0,0.20422926653294324
0,2.682642578313902e-06
0,0.22421298889037375
0,3.756912647574012e-05
0,0.2876924479601804
0,0.20233068888129196
0,0.0012829223570432233
0,0.0010348402391463975
0,9.902163921551457e-05
0,9.310434372455494e-06
0,3.7719175356271635e-06
0,0.2046497319069724
0,8.09434733538017e-07
0,0.22625374337334125
0,7.965937316070103e-05
0,1.4032101842993322e-05
0,0.10760499410336825
0,0.2064846669604952
0,0.00011964517172080564
0,5.024194494629527e-05
0,0.2860598042728417
0,0.22028079801172967
0,4.5074770436769783e-05
0,0.23198406896557866
0,0.2787719499781543
0,0.2870949759207281
0,0.2878483836661599
0,4.844561961738926e-05
0,0.22573274132176205
0,3.5851354089082226e-05
0,0.22172704618476163
0,2.1649251722227337e-05
0,0.20092777683720747
0,9.113556111033459e-05
0,0.2368196175340248
0,3.7900637007712e-05
0,0.2164238769448464
0,1.7206491025026392e-05
1,0.28157021550100236
0,0.24310651548922757
0,4.556373236096204e-05
1,0.20230998739684808
0,0.28852850287210163
0,9.902163921551457e-05
0,1.2339843768579874e-06
0,1.7307190355923847e-06
0,2.714731508729818e-06
1,0.21305721962521754
0,2.7742972764862686e-06
0,4.473611744456223e-05
0,4.3731023157461685e-05
0,0.23203316184697836
0,3.819066261930276e-05
0,0.2177410494597057
0,3.100573864108425e-05
0,2.6044105533884664e-05
0,0.21717373520387206
0,0.00018523423841909018
0,0.0012829223647219743
0,2.36896797844242e-05
0,0.00020173160909639696
0,4.722390646208024e-05
0,0.2724123675771648
0,0.0002153324252238999
0,0.2854106240505867
0,0.28173402116692314
0,0.0002700258849287834
0,0.2857840564674252
0,4.738714588342712e-05
0,0.2176620084785157
0,0.21714642793240174
0,0.25962795769187635
1,0.21647140238105333
0,0.20233993866436617
1,0.24757323480925886
0,0.2860152269361539
0,3.748178617102502e-07
0,0.2792376156496224
0,0.00015948053835851964
0,3.849914542855244e-06
0,8.86099816806008e-05
0,2.640761634804553e-05
0,4.541721693846848e-05
0,8.251276770501653e-05
0,0.20231654421218345
1,0.23563893842849654
0,0.2137373557139386
1,0.235390013780931
0,2.9405247360547204e-06
0,1.7850270097520206e-05
0,0.0001308247751405401
0,3.166687738331308e-05
0,0.26227169519598315
0,2.640761634804553e-05
0,9.773031386599577e-06
0,0.21749025529649663
0,2.3554828710477997e-06
1,0.2778156665837703
0,9.403165725588822e-06
0,0.00011467058147803686
0,3.636513751736033e-05
0,2.348528395931802e-06
0,6.8483523667344705e-06
0,0.24326599991199635
0,3.1377954393679885e-05
0,2.236845430397097e-05
0,8.713434966967591e-07
0,0.00013082477514592255
1,0.28645849332893625
0,2.5761092163935903e-05
0,0.2265180622530991
0,0.23356803955578087
0,0.21014563606227338
0,0.25947583963221676
0,9.784887854938907e-06
0,1.9431629412977705e-05
1,0.2132738486761052
0,0.20086005087769482
0,1.2351419851809673e-05
0,5.8786988111766857e-05
0,0.13670296101395524
0,8.984866256987114e-06
1,0.20421136849212057
0,0.11293826042965302
0,0.24990096771900414
0,0.21738393880227508
0,0.21785016405775595
0,0.22394297221309392
0,5.256734586819778e-05
0,0.2882053673251166
0,9.695404898371585e-05
0,5.502491577555384e-05
0,0.00010179015601399922
0,6.544598930161014e-05
0,0.20306379468662444
1,0.28818445740208076
0,1.5002962007105949e-05
0,9.937901378972293e-05
0,9.70503725022067e-05
0,5.0146237377216195e-05
0,0.21754806022920828
0,0.11966479654221412
0,0.00011964517171928428
0,0.19311168212170451
0,0.0012912778531154574
0,0.2131851524253393
0,0.21081072490934938
0,0.2331158403270527
0,0.2215640161237147
0,1.6327502437114017e-06
0,5.462213260402603e-05
0,6.074928926698905e-05
0,1.5884781881809927e-05
0,9.128822347244539e-08
0,0.20686467433419356
0,0.0003325072125261596
1,0.2719941828787713
0,0.0006994117590772883
0,6.301922628503184e-05
0,0.22430806714040352
0,0.2745122471086874
0,5.00180693584814e-05
0,0.611318593163056
0,0.0012829223601639153
0,4.9413845016164656e-05
0,0.2892331367360446
0,2.0532163914390822e-05
0,0.2807110255654928
0,4.7606626699613096e-06
0,0.26012413440958826
0,1.4427116506411609e-05
0,6.943049335999429e-05
0,6.429034460693084e-06
0,0.2303750912869576
0,0.2183330265862426
1,0.2845084547397602
0,9.137906979043255e-06
0,2.697426450393989e-05
0,2.466088116252072e-06
1,0.20237237688984444
0,2.5016416847130726e-05
0,5.915600284804555e-05
0,0.20221372056136325
0,2.7051841082059864e-05
0,0.20482595987906163
0,3.184160376872826e-05
0,0.24030729133934922
0,0.25545128774912945
0,2.1210604612902924e-05
1,0.2014597635746617
0,7.226725808215824e-05
0,3.8650797708534456e-06
0,3.9861367705017256e-05
0,0.00025150304813964356
0,4.727142312310398e-05
0,0.21553001484113413
0,0.00035242672247419156
0,0.00021533242521402224
1,0.28732123666901915
1,0.25294403920072833
0,0.2242893581315086
0,1.9915445364082424e-05
0,1.915349041311817e-05
0,6.465292237671125e-05
0,7.706631161386585e-05
0,6.020729154132124e-05
0,7.718600389685025e-06
0,2.7401864589252562e-05
0,0.21421696850982846
0,2.784673517523467e-05
0,0.13709902964327148
0,0.00013587011952679096
0,6.64756258153719e-05
0,6.4706099510922204e-06
0,5.084666502670602e-05
0,0.23308190511484522
0,6.015764536783177e-05
0,5.061096060307816e-05
0,5.465848205792672e-05
0,1.9118077518246602e-05
0,4.359652317843316e-05
0,0.24416547185285786
0,0.014214126039192549
0,2.603397536443783e-07
0,0.19650560177879675
0,9.682271309561719e-06
0,4.1058896497236465e-06
0,0.001282922358202118
0,0.20545702827829332
0,6.4706099510922204e-06
0,0.22265725137867437
0,0.2844878779664964
0,0.00013510170148204874
0,3.580918947674137e-06
0,0.207943269569482
0,0.28720082199996116
0,4.2437926042203e-05
0,0.30822512031000504
0,0.2890552034758513
0,0.23242373958757806
0,4.1538037263214434e-05
0,0.24454528572087647
0,5.383856813006519e-05
1,0.24003267516127538
1,0.23320861504931012
0,0.24575887279028047
0,1.2755140571178627e-05
0,0.12655431567969022
1,0.28769106620195284
0,0.00012954424595167495
0,2.6407616339098322e-05
0,0.28316235422095276
0,0.28244054484288034
0,6.554662969988733e-06
0,0.27781868794719583
0,2.0821949931145266e-05
0,2.3741053773118274e-05
0,6.647562581361752e-05
1,0.23272607127935177
0,0.21703852537930757
0,8.912436986939822e-05
0,0.2805785319711622
0,0.21696138655282682
0,0.0012829223597576633
0,3.1062046173958844e-05
0,0.001282922360115854
0,5.1691008973696633e-05
0,0.2676479652083654
0,6.919738112543372e-06
0,1.4032101842993322e-05
0,0.22711951500509192
0,2.953653213310543e-05
0,0.2050690860294471
1,0.28491968018672564
0,0.00018449379644321773
0,0.20455192604301495
0,1.664978037352479e-05
0,2.7236037665919013e-05
0,3.421642705610418e-05
0,1.5176391219810226e-05
0,5.8062499173307e-06
1,0.21767980665257688
0,9.218789913727884e-05
0,0.23228464516030012
0,0.21187758756502095
0,0.25179908979749305
0,8.359953100336514e-06
0,1.6600664810907348e-05
0,2.6486487319922297e-05
0,6.4706099510922204e-06
0,0.14303739453778141
0,0.11656890793057545
1,0.20374710188187392
0,0.00022443437271942742
0,8.994976771735134e-05
0,8.032124793598689e-05
0,0.2246766133902021
1,0.2817340214049443
0,2.011646296539451e-05
1,0.2876598465697954
0,0.00013436362702610015
0,7.377258858392602e-05
0,5.426591214170342e-06
0,1.2252149117730132e-05
1,0.22344910492935655
0,4.149762727221967e-05
1,0.21914424731996973
0,0.000133341296934835
0,1.2673382664404804e-05
0,0.23101826582224513
0,0.000166586090438463
0,0.2876915199535146
0,8.949829196440184e-05
0,2.437483151456986e-05
0,4.722390646075514e-05
0,3.263793240587241e-06
0,0.24643651725995003
0,0.00024472574166351917
0,0.2198134140569302
1,0.6868136502584054
0,0.2449440387532384
0,8.25759500118405e-06
0,8.296683098547315e-05
0,0.2884113701615443
0,0.00023545090482039304
0,7.743288822612252e-05
0,0.2827586895970666
0,3.458161485390045e-05
0,0.2622034563957858
0,5.695416655395343e-05
0,8.782676059138685e-05
0,0.00010250889557229452
0,7.268744677670915e-05
0,0.00015807099356763846
0,0.26720926620387425
0,2.0404324906918362e-05
0,0.2248084758809163
0,1.380834567279195e-05
0,3.3149665699956474e-05
0,0.27927285381609285
0,0.00022870844170724578
1,0.2474092935358652
1,0.2587237363383116
0,8.764250552857512e-06
0,9.593487716443956e-05
0,0.2833105368442079
0,6.662629931668276e-05
0,0.27436246056062447
1,0.20630989499832655
0,1.065759378216697e-05
0,3.710167480415623e-05
0,5.693369112302541e-05
0,0.2813726129662006
0,0.2099989421256404
0,0.21693482185683668
0,0.0014572461774449868
0,8.510986615389014e-07
0,0.2175907109584016
0,6.018940137541873e-05
0,0.00038776881397376597
0,1.6621892712878977e-05
0,1.0216857449980607e-07
0,4.473611744456223e-05
0,2.007316560476742e-06
0,4.465604238447657e-05
0,4.7083539229030313e-05
1,0.2380127190484994
0,0.00034415308501370325
0,0.00011964517172024802
0,9.059268731006017e-06
0,0.00011964517172135645
0,3.4732974604536128e-06
0,0.24568407372413575
0,0.0012829223566721824
0,0.21873118314286366
0,0.25854893938004864
0,5.2235713187404604e-05
0,0.11573330926221828
0,0.20322178478814043
1,0.5303573343217387
0,0.21314457189975008
0,1.2936751143867173e-05
0,6.015764536877862e-05
0,0.0001595754831439021
0,0.000737479646171
1,0.28908275246987636
0,3.0770047954203595e-05
1,0.24041729604315845
0,2.9774505707766888e-05
0,7.848279904798688e-06
0,3.768815267879045e-05
0,0.000416014545664081
0,0.13103390473583873
0,8.716820054707328e-06
0,3.078904181692647e-05
0,0.28441217835595234
1,0.2884515370650689
0,0.00026036141470725955
0,0.20724735623649598
0,0.00010250889557752914
0,1.6942928068485992e-05
0,2.437914399098055e-05
0,2.534897810793174e-05
0,0.20231870600490934
0,4.8360828645004066e-05
0,0.24194538429184204
1,0.28886976094078004
0,0.207958234534115
0,1.3606453851572269e-05
0,2.00098418506339e-06
0,7.268744678162242e-05
0,6.647562581693005e-05
0,4.395421586894423e-05
0,3.1030972525991087e-06
0,3.79385759459988e-05
0,0.21525583776935647
0,0.24753101452623819
0,2.150209982449934e-05
0,0.2189510778719994
0,0.2356754849088133
0,1.1541226603860977e-05
0,0.23473631203258744
0,2.533658707356506e-07
0,0.20724231465201862
0,8.842212384659432e-05
0,2.949413881011265e-05
0,0.13016572131814938
0,4.436439628566425e-05
0,5.725275456759423e-07
0,0.21774822083201348
0,7.058087471371019e-05
0,0.2023349183840238
0,1.5083878444053322e-05
0,0.00015269385576204792
0,0.23306385057233658
1,0.23293512082590004
0,0.0004212952250467432
0,5.864399632816088e-06
0,6.5373005212979105e-06
0,0.20841213141576828
0,0.00013623442432872404
0,0.0004680469987549012
1,0.21205968660505664
0,0.00014769356526087054
0,0.2614515003975555
0,3.7897784748402525e-05
0,0.2626401784335753
0,2.7562099764286513e-06
0,0.219092477522405
0,0.22855982701085112
0,3.710167480467692e-05
0,0.2765364686410441
0,1.601675804301669e-05
0,0.2861099066567105
0,0.2083127569161219
0,1.0105393131799999e-06
0,2.0218650602254632e-05
0,8.483941381135814e-05
0,0.20391379441029225
0,0.2175005256740937
1,0.20225482302762726
0,0.0012829223585535592
0,9.07195341916618e-05
0,2.5831211867292364e-05
0,0.2052439899747481
0,0.21538910450245347
0,1.0233933143456001e-06
0,2.684139345703873e-05
0,4.664610559954117e-05
0,0.20698879579623822
0,0.19640603938469633
0,0.2871770212041888
0,0.20233491839698106
0,4.0513568899959424e-07
0,0.00018449379644225995
0,6.693859648347884e-06
0,6.4706099510922204e-06
0,2.1922592241806226e-05
0,0.21842150610519745
0,3.789957998660776e-05
0,0.00021533242521793526
0,6.848352366497045e-06
0,6.371552303233591e-07
0,2.475716890538297e-05
0,0.2589435559561551
0,1.297292902695752e-06
0,1.1670681496266847e-06
0,8.140093824193075e-05
0,0.0002955211771045884
0,0.28304177906201017
0,0.1416517711287434
0,6.647562581778799e-05
1,0.3029812803915078
0,3.7238339780117276e-05
0,0.00023343832178558235
1,0.2414694916720707
0,6.378173332704936e-05
1,0.2089416146859844
1,0.2028447254169674
0,8.782676059141913e-05
1,0.2493561469618471
0,3.7545874250224987e-07
0,0.2695600161872188
0,0.00034954026345082996
0,4.186102213382351e-05
0,2.9302689291415478e-05
0,1.122487358929893e-05
0,1.4845897687840811e-05
0,3.1227426158723775e-07
0,0.26507325225459266
0,2.640761634804553e-05
0,2.3487114513628842e-05
1,0.28429181996216735
0,0.21639559466910874
0,1.844992976284994e-05
0,0.2757317406728254
0,8.032124793732996e-05
0,6.4706099510922204e-06
0,5.772344013132451e-05
0,9.989392963466591e-07
0,3.946475933719033e-06
0,0.21818662658657503
0,5.0779346132329106e-06
0,0.22921193409191032
0,1.172748978565487e-05
0,0.0012829223595948723
0,4.2729572385282824e-05
0,8.450466540170483e-07
0,4.802913039894609e-06
0,1.4566235169577741e-05
0,2.136350661206215e-06
0,0.20645810655826416
1,0.23022025733293874
0,0.2201730988261868
0,3.9608258106230925e-05
0,0.20226205051829818
0,9.602413572229453e-07
0,0.2618019899517347
0,1.9855570778048115e-05
0,0.00015269385576204792
0,0.2329122529619852
0,0.09337434699511415
0,0.00010827439577910231
0,0.0006239958518084543
0,9.345361287118845e-06
0,0.2074187567342494
0,0.23535667834452248
0,2.5656518143320102e-05
1,0.2297533560235576
0,0.00012577979232848512
0,0.22755342023376746
0,1.482921044118199e-05
0,9.529926103510671e-06
0,0.2579367805850756
0,5.422768461586808e-05
1,0.20431335687545743
0,1.4852863494954852e-06
0,0.00021856278249410922
0,3.0841963428951355e-05
0,1.882486381413807e-05
0,0.28547574832995587
0,8.404154073598608e-05
0,4.351164550085898e-06
0,7.597174168096283e-06
0,0.20683021482149389
0,8.878562490549729e-07
0,0.2735728185884631
0,0.19919798573277736
0,0.21748621562593187
0,0.2303610298757654
0,0.2375624769608971
0,0.1882267431959957
0,3.919441273551629e-05
0,0.24970560654921195
0,0.00021533242522096558
1,0.23049562621358172
0,5.695416655453402e-05
1,0.4193333589267056
1,0.21615747537755842
0,1.7504324750440825e-06
0,3.831007658459016e-05
1,0.27624105065609034
0,7.5696494570569685e-06
0,0.2831225448497936
0,5.7239964185535746e-05
0,1.7599626911602463e-05
0,0.21950392637536156
0,0.10587419001511511
0,0.14277665868237116
0,2.019015993032086e-06
0,3.7850123276479147e-06
0,5.6954166556596976e-05
0,0.0007204976833508134
0,6.387568848472395e-07
0,0.28727097633555854
0,3.288930426577335e-06
0,0.002596769679481672
0,4.052567501716075e-05
0,0.2518270347090809
0,0.2064503532437358
0,0.000257808057132819
0,8.342970191932406e-05
1,0.28584707221444
0,2.0664344094466232e-05
1,0.2509612907242061
0,6.647562581345789e-05
0,4.666309659198325e-06
1,0.22503203138472688
0,4.0703123084776804e-07
0,8.032124793969198e-05
0,0.0012829223587693312
0,0.0012829223570461753
0,0.21334993552866902
0,3.721248428620702e-05
0,9.633844856090243e-06
1,0.22346617034968866
0,7.533649566240778e-06
0,1.967320866827432e-06
1,0.28672239177143005
0,3.05157214920772e-05
1,0.223814977374237
0,1.1760848380875035e-07
1,0.20035105303467812
0,0.2863900894609367
0,2.340501076416736e-05
0,1.945048751191442e-05
0,0.2023403642775937
0,2.7030759692417305e-06
1,0.23199771883707146
1,0.2354727215704948
0,0.26949274011163704
0,4.722390647335195e-05
1,0.28942841376382783
0,0.0012829223597576633
0,0.27339341601429906
0,0.28453307756075674
0,2.6044105533884664e-05
0,0.26610735370083677
0,7.268744677744999e-05
0,0.2782358789017965
0,1.0623718169701253e-06
0,1.5340702835641014e-05
0,0.22575189513364344
1,0.2895522786879165
0,0.00010250889557320216
0,0.00011964517171960178
0,0.20475293159442198
0,8.015572759831903e-05
0,7.629688274589072e-05
0,4.473611743484158e-05
1,0.27150521109948494
0,6.0236230932463945e-05
1,0.25979106256693607
0,1.8404027537117994e-05
0,1.802354434001385e-05
0,0.3076279667147215
1,0.2887962149322126
0,5.316756104954323e-06
0,0.21547375703856395
0,0.20422926653294324
0,8.523664473008694e-06
0,2.423285625886035e-05
0,0.26549345244059847
0,6.974184083065834e-05
0,0.000564935441779741
1,0.2861648111671943
1,0.23422365729394393
0,0.21680130949557624
1,0.25442966300090036
0,0.27617407652250564
0,0.2026604018278842
0,0.2885086195927081
0,1.7270294102421272e-05
0,0.2765950509180153
0,0.00018367231558800453
0,4.670230028449613e-05
0,5.6954166556307026e-05
0,0.6868136502593696
0,0.22171987321051376
1,0.2858995733187571
0,1.16129916382392e-05
0,7.268744677952762e-05
0,8.469533488429644e-05
0,0.22177655013874292
0,0.2159522121209441
0,1.613109468897637e-05
0,0.287700660757118
1,0.2300100272705291
0,0.00012665274629736765
0,0.22657523158601145
0,0.00014456340731709661
0,6.7914459278619e-06
0,8.246765895758814e-05
0,4.445773210011042e-06
0,0.00018449379644717003
0,5.438463402118296e-06
0,0.21347974477717865
0,1.4664597762547235e-05
1,0.2704149283487526
0,1.508748307183258e-05
0,0.24474893462833214
0,2.640761634804553e-05
0,0.22796513359436169
0,8.483893426066334e-05
0,0.25462091903770023
0,0.2505767440033426
0,1.3468591863765152e-05
0,1.4523810173645509e-05
0,0.0022564381315265717
0,3.173353324778319e-05
0,2.0927969770722765e-06
0,1.3853121124286181e-05
0,0.00027306902210041695
1,0.22712560869380347
0,1.2246881260353744e-05
1,0.559684236936518
0,0.0001751791072466781
0,0.0001930084987711534
0,9.236018949472064e-06
0,0.00026036141470873824
0,3.3962648359552283e-06
0,1.9926179870240466e-05
0,0.20942996062189698
0,0.20629180536147101
0,2.640761634804553e-05
0,0.00023769170635256324
0,0.28758668950604455
0,0.00011964517172198568
1,0.261922094740476
0,0.20586637929404847
0,3.3651522915008216e-06
0,4.948646998917295e-07
0,0.294338982631171
0,0.2808179511873315
0,0.20527468226038603
0,0.0002849448072224461
0,7.254143632754861e-06
0,0.21776640981145715
0,7.073783088166207e-06
0,4.163894552702821e-06
0,4.052881937870587e-05
0,3.8898877877024505e-05
0,2.6044105533884664e-05
0,0.0012829223597576633
0,2.0471623098576795e-05
0,0.23601301825774987
0,0.20336143320363517
0,0.28952546771117066
0,0.21802343885860578
0,3.069884322236464e-06
0,0.001282922359185584
0,0.2259289404552636
0,0.21580810871277434
0,0.2624051797732483
0,2.031129856978024e-05
0,0.20422926653294324
0,0.00014456340731440885
0,0.2087324219854053
0,3.717963414694638e-05
0,1.8703020729670124e-05
0,3.5614344516833486e-05
0,2.40875133591988e-05
1,0.22305947810014967
0,2.1324958363328273e-06
0,9.407476867640348e-07
1,0.2732215883692251
0,8.483893426010427e-05
0,0.2288613435838033
0,0.24009373536448866
1,0.28658129862731824
1,0.2753738569738127
0,0.2054427756729172
1,0.28214021891177454
0,0.00023545090484237128
0,7.079274105239491e-06
0,1.086878646241835e-06
0,2.18201099520543e-05
0,3.184815205241561e-05
0,5.695416655525299e-05
0,7.789285481502514e-07
0,2.9759931286424853e-05
0,1.1382801327246387e-06
0,1.1716786935357727e-06
0,0.22266182717626956
0,1.4870999091247408e-05
0,8.032124793718816e-05
0,4.1497627272632016e-05
0,0.23805426009250255
0,4.4882002861025e-05
0,0.26127282643041755
0,1.400897454897803e-05
0,0.0012829223588906866
0,8.094346301370166e-07
0,1.7542094790369123e-06
0,2.912291677916665e-05
0,0.2549603605138095
0,0.0012829223601639153
0,0.28603709307680764
0,0.00018449379643371898
0,3.6428929117071324e-06
0,0.22028183821598316
0,5.236781446809776e-05
0,9.578295742444704e-05
1,0.22987115752028273
0,4.052881938863325e-05
0,2.8846961147677128e-05
0,0.21883883134070128
0,0.2252961575383023
0,0.2555472814088227
0,0.2828459570292508
0,0.00011964517172684444
0,6.982795581033081e-06
0,0.26513079686722424
0,0.21884696524265654
0,1.1502953764207054e-06
0,0.00010250889556889648
0,0.00014802183228697293
0,0.22534666510917467
0,4.602264866989229e-06
0,9.335318957004746e-05
0,6.128484891966634e-05
0,5.1646967816108555e-06
0,5.2885011784641296e-05
0,0.00013082477513784706
0,0.4411791289028416
0,0.2450599899799269
0,6.368548057430763e-05
0,2.751086801449344e-06
1,0.2864017834705811
0,3.2106403710648963e-05
0,0.1265052504482657
0,9.794905959834307e-05
0,6.378173332702206e-05
0,2.501831279300318e-06
0,0.28173402116692314
0,0.22805360996245733
0,3.8061529218225456e-05
0,2.640761634804553e-05
0,6.378173332848568e-05
0,0.21540943440460497
0,1.8795918328452207e-05
0,0.21770510220034764
0,0.21533813925884238
0,1.4762173394222786e-07
0,0.09130390189919346
0,0.00012454644806033868
1,0.21688184186601026
0,2.0139438394574382e-06
0,0.22667601026555365
0,3.430440187240439e-06
0,2.7940521717775152e-05
0,0.28266584602020944
0,1.8795918327338427e-05
0,2.7940495406916377e-05
1,0.37515949640155216
0,0.2547244783752301
0,1.2005717961663257e-05
0,0.2161669773837677
0,0.0012829223582269662
0,2.0797619441429293e-05
0,0.2499209516138434
0,0.2170260747101606
0,0.20990327764607125
0,0.0012829223597576633
0,6.86954584072149e-05
0,5.6954166558472164e-05
0,0.2092461167999387
0,6.912477013119217e-06
0,3.3615481205996534e-05
0,1.7270294102421272e-05
0,0.20645810607397147
0,0.1850158629698612
0,3.320038461285506e-05
0,0.20818324564409282
1,0.28810024269716555
0,7.014818708044987e-06
0,0.212710947363011
0,2.195508901798474e-05
1,0.22082172049665408
0,3.609786884327236e-06
0,0.13280778590296125
0,1.4767007836055846e-05
1,0.2887038569415742
0,5.371664079084336e-06
0,3.3835712113244136e-05
0,3.710167480988606e-05
0,1.8240811634261927e-05
0,0.23733648132954613
0,5.512531082105841e-06
0,0.27994184001542655
0,0.09625747363778461
0,4.564789869814367e-05
0,0.28941430064630486
0,1.1192481163587798e-05
0,2.2663655602770524e-05
0,0.00016027553390940863
0,0.21699095071676397
0,0.20425445928979283
0,0.0012829223572769597
0,0.21774734407841081
0,0.2892059722327935
0,2.086107747487548e-05
0,0.2165908361321952
0,0.2639043569020158
0,1.160168543774878e-05
0,0.2177410102315399
0,0.2894871537958407
0,0.00040780668817034615
1,0.16600239469449773
0,0.34380981759814394
0,7.671467337950645e-05
0,0.0004246600612025387
0,0.20697699587951626
0,0.00044035801576359384
1,0.2551674537676579
1,0.23191096776074213
0,1.7706248362871203e-05
0,0.30976253538313886
0,5.649873383083149e-05
0,4.743825631293016e-06
0,1.8409001450773352e-05
0,0.18581726557892364
0,1.5019284055706723e-07
0,0.05300358520815353
0,4.559236262637806e-05
0,3.339026934497771e-05
0,1.7759743893202924e-06
0,1.594964689039541e-05
0,1.5480692876350147e-05
0,0.2177399186869566
1,0.2182109180301464
1,0.24746877939279877
0,0.0003180154091230724
0,6.337869112572308e-07
0,0.2733934161794432
1,0.2855747417780308
0,2.2852288008238546e-05
0,0.2110300087722474
0,3.873233170612703e-05
0,0.2601593353879735
0,0.27993020660356643
0,0.24063943008358255
0,0.2891716036760457
0,0.21774007895931732
0,7.344346695553582e-06
0,3.6049878989789266e-05
0,5.61634679979248e-05
0,0.21974851236485296
1,0.2056647535691142
0,0.21047758172734116
0,4.103312312626422e-05
0,0.23357258820626292
0,6.169712652681241e-06
1,0.292504093993722
0,0.21147092765403883
0,0.0002919022720800665
0,1.4561063084328865e-05
1,0.23036615887576734
0,2.2663655602770524e-05
0,5.3695072547277146e-05
0,0.0001296048801711066
0,0.275033260385171
1,0.24089584321548876
0,6.131491043146876e-05
0,7.26874467797631e-05
0,1.2246881259613195e-05
0,0.26461467854734205
0,0.2356479213891495
0,3.826323116153169e-06
0,2.2727200872969548e-05
0,7.40857323473775e-05
0,1.1430197616447788e-05
0,8.994976772000686e-05
0,8.605055238667637e-07
0,4.73519264858001e-05
0,0.00011964517173507993
0,0.00011208590468700037
0,0.2826480898940806
1,0.22625368419086142
0,1.222787111342049e-05
0,2.675392325233327e-05
0,1.5558379436728035e-05
0,0.08757262982547995
0,0.2799938516377827
0,0.0002643276845068197
0,0.0012829223601639153
0,6.848352366183285e-06
0,7.54655252132405e-07
0,0.00015714627396177364
0,0.22435644420840034
0,0.0012829223571721362
1,0.21724825664491326
1,0.2871503327984429
0,0.00013100992230429798
0,2.8318089174554184e-05
0,1.6961864057783008e-05
0,0.202332705311856
0,5.702303515153964e-06
0,6.4978794326640366e-06
0,0.00016502475672334116
0,0.2794015054833528
0,0.0001201547256751007
0,0.2867213854655288
0,5.373122603060299e-06
0,0.20247208434421077
0,0.21653586627079235
0,0.22157693906893233
0,4.779059567824125e-06
0,0.1255394713878615
0,0.20461964832645255
1,0.21470434110343156
0,3.854993938577413e-05
0,0.2064694173773635
0,0.00018449379643938304
0,3.038659529852549e-05
1,0.22930527840868192
0,0.0012829223579700145
0,0.08086959415759659
1,0.2838228068186519
0,6.378173332493454e-05
0,0.2812350331908158
1,0.2046401128363547
0,0.28798035475782136
1,0.21021263109961774
0,3.0076382472253105e-06
0,0.2895886087952186
0,3.7218818366132044e-05
0,3.86148486343106e-06
0,4.986359199026966e-07
0,0.2613105250503126
0,0.00026036141470873824
1,0.26996127383198826
0,0.20631862023928604
0,8.14009382395925e-05
0,0.253720794312515
0,3.36123490951904e-05
0,5.067850631666053e-06
0,1.4307623280500617e-05
0,0.20226205051829818
0,9.62174522851312e-06
0,0.217736549917726
0,7.101130622004634e-05
0,0.20961613778986146
0,0.00011407076241347596
0,1.8705592161435607e-06
0,9.218789913576879e-05
0,1.0044643001566931e-05
1,0.24315600674975135
0,0.0002497071564780266
0,0.2464164209169557
0,5.502491578560977e-05
0,3.4462074030697245e-05
0,1.5475781240041236e-06
0,4.268551382114824e-05
1,0.2365797478771216
0,2.1383799617720638e-05
0,0.001282922357431983
0,0.2869335275987637
0,3.077004794441952e-05
0,0.20987890871528955
0,2.5831211873908646e-05
0,0.28628010466932263
0,5.9046945959080304e-05
0,4.430922106046816e-05
1,0.287405793761038
0,9.624009754786898e-06
0,3.710167480890133e-05
0,0.00016374455318334325
0,0.0012829223567381524
0,0.21773332834338524
0,0.00015869408673918484
0,0.0002229148976740245
0,5.005732621037133e-07
1,0.2380222746848771
1,0.28148750304461956
0,0.25420488750656844
0,0.2848543428427471
0,2.0563364683716042e-05
0,7.946034780342646e-05
0,0.21687389210318045
0,2.1597104286258486e-05
0,4.5517523305247623e-07
0,0.2238266223761441
0,0.00011970885207294925
0,7.578315617595406e-05
0,0.0004680469987702978
1,0.2886931922672882
0,0.22898256061597888
0,1.7443508496320248e-05
1,0.2858470722624345
0,0.2883863221227461
0,0.28770066094211616
0,3.831733759773518e-06
1,0.2176750533062744
0,0.2631668845007373
0,4.5165414474707565e-05
0,4.96666290580798e-07
0,0.28912617490013753
1,0.2872085497904477
0,0.23215596091538399
0,2.5937179802637537e-05
0,0.2177424102213314
0,0.28809580772312576
0,0.21612535419579326
0,1.2708917155064605e-05
0,0.23410248711657575
0,0.28600762534775287
1,0.28402075876426436
0,0.0012829223611437227
0,0.0001308247751405401
0,1.9523942520195387e-05
0,0.00014769998663282134
1,0.28856994752721143
0,2.1012574503628753e-05
0,1.8090587407978857e-05
0,0.2798721321214614
0,1.181771673522939e-06
0,0.2089387375922774
0,0.21225421920205934
0,0.2183652147444245
0,0.20232939454343288
0,4.722390646205842e-05
0,3.9249121737830726e-07
0,1.0073104322110427e-05
0,1.4870999092798017e-05
0,0.2868685797482338
0,1.2673382664404804e-05
0,0.2878750263003377
0,0.2398667610681181
0,2.9474314461366342e-05
0,0.21496484902791654
0,9.976147949085532e-07
1,0.2882421563469598
1,0.2871650859648782
0,1.2024152028695118e-05
0,3.129577416082974e-05
0,0.21716017315420652
0,2.3464725113587095e-05
0,1.0261389835201418e-05
0,3.745887851494624e-05
0,3.786087739417911e-07
0,0.25152207373777813
0,4.693679168830924e-06
0,0.28764423525345545
0,2.3312799783660453e-07
0,0.0001025088955725762
0,0.2177439960321821
1,0.2579801436168958
0,3.797018664497501e-05
0,1.8808942941242042e-05
0,2.6486487319683156e-05
1,0.6567436554062559
0,9.058876095053739e-06
0,2.840648968793156e-05
0,3.280154468938938e-05
0,0.23254123874745325
1,0.22953343001692766
0,2.4040915782925255e-05
0,5.153834991836168e-06
1,0.2868978762294678
1,0.2726024168427898
0,0.23123441832423688
1,0.203384322003381
0,6.881678446459682e-05
0,2.953653213310543e-05
0,3.617942225749465e-07
0,0.13193855938117427
1,0.2023436229526977
0,0.2087538193072274
0,0.20247895313229292
0,1.6196902371537307e-05
0,7.364470762235103e-05
0,1.8282517928663304e-05
0,3.915468691359288e-06
0,9.286745974255304e-06
0,0.15430784618090018
0,0.2869516273468661
0,1.546383808252164e-05
0,0.21999022961061124
0,2.219241986906106e-06
0,3.040565410998534e-06
0,0.037826660748777365
1,0.21769468075900308
0,0.21732753670025481
0,4.0050207189508e-06
0,5.502491577745368e-05
0,3.382543598755889e-05
0,3.0491637790238506e-05
0,7.979698332419897e-06
1,0.2882866969063661
0,0.23165580045615874
0,0.2309933708405201
0,8.338890885228681e-05
0,3.0633649629886434e-05
0,0.0003600319372393238
0,3.279933151021542e-05
0,0.00012549326247520855
0,8.860998168401487e-05
0,2.6044105533884664e-05
1,0.21954702318024433
0,1.2683129773702957e-06
0,0.2142198314324308
0,0.00013082477513515957
0,8.237447065581333e-06
0,0.00015269385574867897
0,0.2069624262223304
0,0.2665044164785873
0,0.23400984169126404
0,8.580999857359902e-05
0,6.123374401135218e-05
0,0.23693975462070732
1,0.21772957500418177
0,0.27339341601429906
0,0.2064961931043889
0,8.989247236036255e-05
0,0.2888746693077878
0,1.8824480752117472e-05
0,0.21897265235741636
0,1.033571255688857e-06
0,0.00046029672965083293
1,0.23585214764496557
0,0.0012829223597576633
0,0.27182114134053875
1,0.2266737613381818
1,0.2214187647211564
0,3.746848924405102e-05
0,3.5358026922414726e-05
0,0.20085899302797436
0,0.00010141365666798903
1,0.21773849271514148
0,0.2179632800241993
0,0.00015273702094119096
0,0.20228208784308546
0,0.2513362852071016
0,6.165267587010019e-05
0,1.4346563397017134e-05
1,0.20518981767987776
0,0.00015015168965329162
0,0.21079565245211238
0,0.2754614777095602
0,0.28335814308517965
0,0.00015477943279495416
0,1.7443508496320248e-05
0,2.692934363766336e-05
0,1.7443508496320248e-05
0,0.0012829223588028567
0,0.21730203922430835
0,0.23301346362104622
0,4.837592863884224e-05
0,8.213849775606258e-05
0,2.6044105533884664e-05
0,0.21550385330973085
0,0.28933757193014076
0,0.28288640649915436
0,0.24366775821593456
0,0.23797860012784222
0,0.0012829223616550168
0,2.397719227588231e-06
0,0.2081023983666148
0,1.3174783191312228e-05
0,0.00010700161885137808
0,2.142291694322629e-05
0,0.2139896564630016
0,0.21206943500212605
0,8.75211006730825e-05
0,0.2176398323272369
0,4.37187582986401e-05
0,0.0012829223582400304
0,0.2789244577040042
0,0.2827103300369136
0,1.3296586025556186e-06
0,6.647562581394283e-05
0,0.24054669936612064
0,0.21809904625587354
0,0.21635493671194073
0,5.324466697410368e-05
0,0.22461244039860453
0,0.27433975610825856
0,0.00029190227208076734
0,2.1620410109129097e-05
0,4.786530070101903e-07
0,5.6954166557078314e-05
0,7.721515371415894e-06
0,7.116859877028076e-07
0,0.0002849448072229116
0,0.24114688883986654
0,6.791805671552253e-05
1,0.2569662270277265
0,0.257954032091708
0,0.00011964517172102004
0,2.292685467054908e-05
0,1.7867756792759865e-05
0,0.2320276688368365
0,0.20300150965277197
0,0.21199493572775455
0,7.134242959311156e-06
0,0.28249079661248494
0,8.84521214993269e-05
0,1.0248141741180752e-05
1,0.2217537159139504
0,2.8593071819763595e-05
0,0.29656288028297056
0,0.20496114016170675
0,0.24302425164152447
0,5.5024915780142474e-05
0,1.879591833582887e-05
0,0.0012829223595311827
1,0.273957682576437
0,5.669787698466453e-05
0,4.7223906471234085e-05
0,6.904345286881898e-05
0,0.0012829223588028567
0,4.077588463013566e-05
0,0.2484445161421781
0,3.710167480485506e-05
0,0.00011208747094753128
1,0.25157239466707226
0,3.077004794687257e-05
1,0.2075880603247923
0,0.2879813338809959
0,8.105110994839471e-07
0,0.28709628907306234
0,5.502491577853212e-05
0,0.27745774318853006
1,0.22374871065694502
0,9.703180596647432e-06
1,0.20268548613312615
0,2.5763021865765174e-05
0,6.434261392980933e-06
0,4.55895318465508e-06
0,3.0770047947661654e-05
0,1.9450487511135416e-05
0,1.7989611375509788e-06
0,7.599452970766462e-05
0,3.151081339585074e-05
0,6.231894429809968e-06
0,2.9395737842638186e-05
0,7.268744677799896e-05
0,8.632629719692411e-06
0,0.21672433839670868
1,0.2634250960664414
0,0.000608974629180363
0,0.00023110448908497734
0,6.4706099510922204e-06
0,3.797127826603423e-05
0,0.2839181682860894
1,0.28960903850204
0,0.2143405140517371
1,0.28919595364750367
1,0.2289061182491151
0,0.26888994812657574
0,0.0001869265737587035
0,6.670191698736923e-05
0,0.20007399575732968
0,4.7758457808968373e-05
0,0.23523760608000327
1,0.2842989110074433
0,0.00033250721251957605
0,0.0012829223579353987
0,0.4167148015480005
0,0.27877195055847676
0,2.3189661574606978e-05
0,0.21048713742661102
0,8.994976771422036e-05
0,0.00010250889557427476
0,2.969890677664056e-05
0,0.2889914726023534
0,0.2834650129352441
0,0.2182593386372003
0,2.8406489682497065e-05
1,0.28619141823397165
0,0.0003325072125245577
0,0.001282922358589527
0,0.1057714233465189
1,0.22852788036312852
0,0.2893954506617221
0,5.102110007350689e-07
0,4.629716305187561e-07
0,1.1888637472649778e-06
0,1.4175015978343175e-05
0,0.21037820799985704
0,0.2783734752695195
0,6.894468051772778e-05
0,0.2859513442541995
0,0.287338290826214
0,4.1447980768942356e-05
0,0.036730578244044874
0,0.17495505139617637
1,0.2776036314875016
0,8.483922678620564e-05
0,2.0532163904711925e-05
0,9.032304349970598e-06
0,3.5614344519092753e-05
0,6.854590583637354e-06
0,9.726553937424024e-05
0,3.077004794676359e-05
0,0.2764558650217758
0,0.20296131125764894
0,0.2701964194361893
0,3.190943291292833e-05
0,0.2541415415163037
0,7.825272819172081e-05
0,0.24664018594172907
0,8.658768464029682e-06
0,3.038623632749768e-05
0,0.2699333625172914
0,0.2888008787840711
1,0.2529391675239492
0,1.4004165367014265e-07
0,0.28272511655855526
1,0.23528083273920133
0,6.85158540295126e-06
0,0.20447927733477653
1,0.23411637741918423
0,8.041382310037219e-08
1,0.2880328657562103
0,0.273359578439609
0,0.25279952608825834
0,0.0013164109225129973
0,0.23315095827962773
0,1.4710308904360246e-05
0,0.21762743293505088
0,0.20866755487550456
0,0.2884741887894354
1,0.287986154143566
0,0.00040191433990392577
1,0.2895788517765847
0,0.2611381505146175
0,0.21539070834258844
1,0.2893083346061861
0,4.2389101101806475e-05
1,0.22511807340120016
0,7.860833961623465e-05
0,0.2580304531561878
0,4.613214354600066e-05
0,2.9732484921407387e-05
0,1.7443508496320248e-05
1,0.2522617536412897
0,0.28839602725990277
0,4.762352552121929e-05
0,2.2922909282416697e-05
0,0.00010901426863635869
0,1.06893939839232e-05
0,0.23919769255084963
0,1.0223706261089917e-05
0,0.22085247545684164
0,0.13974472586905043
0,0.21916516555796647
0,0.26829298537876034
0,1.857012176524145e-05
0,0.28825269412275306
0,0.0012829223588028567
0,6.240862343958109e-05
0,0.2105334628663182
1,0.21816997318982712
0,0.2308696690821005
0,0.20319223637116854
0,2.640761634804553e-05
0,0.0012829223573638973
0,0.22474183685101645
0,1.2607568382157824e-07
1,0.6241442212823824
0,4.7223906467931876e-05
0,0.21121875817538968
0,0.0001461566652508957
0,0.21106356824429387
0,0.00021534885607759263
1,0.4996658165476301
0,0.28910390406005315
0,0.0012829223601639153
0,0.00011964517171609605
0,0.2864612013667064
0,7.74918397469653e-06
0,0.2165940702539788
0,0.27683364998643795
0,2.0334974045786108e-07
0,0.00035887496793800624
0,0.0001526938557599665
0,0.21738300561421833
0,7.706631160965385e-05
0,2.9072867553930823e-05
1,0.28811692540920436
0,6.569660694254812e-05
0,0.00021565170903638093
0,0.24957064728204761
0,2.513834444096213e-05
0,0.2812951679557117
0,1.2246881261237437e-05
0,0.00010770645751280079
0,3.71016748119607e-05
0,3.258450785393322e-05
0,8.032124794052145e-05
0,8.782676059055646e-05
0,2.1873851994383165e-06
0,6.382683449965768e-05
0,1.1085700385554833e-05
0,8.273912052364591e-05
1,0.23665739982679804
0,0.0001147968567802963
0,1.2796722025294707e-05
0,0.2176974888944911
0,5.589108485804793e-05
0,0.28369237441018536
0,0.00012611209418411017
0,3.282247267879977e-05
0,4.149762728046784e-05
0,2.5831211873908646e-05
0,1.735511874472842e-06
1,0.2204220824674298
1,0.21773950202429196
0,6.647562581486772e-05
0,0.28173402116692314
0,0.00038776881396873067
0,0.0012829223568695005
1,0.28404499253772375
0,2.791389396367358e-05
0,0.2855361298799361
0,5.502491578331232e-05
0,7.863774740495663e-07
0,0.23229186337222832
0,0.22247596017133092
0,2.84064896801249e-05
0,0.25430918182512224
0,0.2671320995536028
0,0.23105511860973216
0,0.20230254569666728
0,0.21327223097322473
0,2.2663655602770524e-05
0,0.0001526938557599665
0,0.32427522670078474
0,0.22705032605567213
0,3.361234910523956e-05
0,8.483893425809706e-05
0,0.00016189759850540147
0,0.2895770786037647
1,0.28787478794147936
0,0.24223771283189904
0,0.27440742045872
0,4.11596489856506e-05
0,3.0284911381715105e-05
0,1.786518959115871e-06
0,3.184160374889779e-05
0,0.00014456340731466329
0,0.285847071875729
0,6.064955573643905e-06
0,0.0012829223616550168
0,0.2890124741216499
0,0.24140954073297335
0,1.292189408841727e-06
1,0.28937439181269337
0,1.843884900505436e-05
0,7.654803810518764e-07
0,6.742002995750242e-05
0,5.359056140451848e-05
0,7.358626692307004e-05
0,0.2557425439628359
0,0.6035135450130656
0,1.4274838407511366e-05
0,4.91626780230501e-06
0,9.873641431219586e-05
0,0.26053665402928766
0,2.09671749722806e-05
0,0.0005803245528200151
0,9.545370477539158e-07
1,0.2598644518474965
0,0.2819079853357049
0,0.20516427590484948
1,0.25378901006635174
1,0.2873751124383398
0,0.21770995044050598
0,0.2294993981033681
0,0.0012829223647219743
0,0.27596657249310125
0,0.1910800656126806
0,3.077004794529517e-05
0,0.00021533242520840407
0,0.000260361414707395
0,0.2177502251421425
0,0.2592487815476227
0,0.20228877836978998
0,0.21774574802625735
0,0.2332834623465487
0,3.7217965490278966e-05
0,0.21233783796174982
0,4.590467765343101e-05
1,0.2304747687314324
0,2.7568271304080683e-05
0,2.5831211873908646e-05
0,2.8846961147677128e-05
0,0.21710594363153135
0,0.2878641435194758
0,0.2275217393389009
0,2.007593365467907e-06
0,0.2433807215036898
0,1.1395784557705083e-05
0,0.22058830085477338
0,3.898881046337406e-06
0,0.0012829223605278631
0,0.23737553615725895
0,2.640761634804553e-05
0,0.2597824936385079
0,0.269982817710382
0,0.27868637108154315
0,1.066278649765088e-06
0,0.00018692657375477507
0,0.21729832673259278
0,0.00018449379643341852
1,0.2337134605297908
0,3.5515594731695983e-06
0,0.00018449379644881262
0,0.2224607166972557
0,0.28274505389265425
0,6.419111326294802e-06
0,0.1266216555955375
0,2.4379143991508527e-05
0,6.543985082224051e-07
0,4.771812225642491e-06
1,0.2408129384154428
1,0.23063539668088556
0,0.2330052388812276
0,0.24891501043939704
0,2.4894697458471246e-05
1,0.28868213210121213
0,0.0012829223582368748
0,4.006274254474812e-05
1,0.2813620303291019
0,5.8774054691762465e-06
0,0.2409046608976392
0,0.0005649354418171909
0,0.00014531184332332585
0,0.0012829223601523224
0,1.5083878451649566e-05
0,0.00010120611151050342
0,3.6813519957094336e-05
0,7.444452356934796e-05
0,7.26874467830248e-05
0,0.23603590294558893
0,7.200962284992646e-05
0,0.22400791068471854
0,0.21795577140159902
0,0.21684418245090095
1,0.2887038569415742
0,8.132214415552125e-05
0,0.0002836656150569499
0,1.268688130299826e-06
0,0.26175146338751737
0,0.22550773766768079
1,0.28680066672533217
0,6.57332373013627e-05
0,4.173775737507076e-05
0,0.0001526938557548547
0,4.8030744012898856e-05
0,0.28564979737578705
0,0.00011919058157097583
0,0.2203447266118532
0,0.0002497071564780266
0,4.0062742539661686e-05
0,7.825272819069017e-05
0,0.2770278446180867
0,1.539679660974396e-05
0,0.000214069992913367
0,1.1979562359687026e-05
0,3.1047793016605815e-05
0,0.00011035719046134768
0,2.1527222467453472e-06
0,1.7468528611332353e-06
0,3.455036701233748e-05
0,1.8622557052518664e-05
0,0.217179552135203
0,0.20231251219221213
0,9.621745228656245e-06
0,1.6227595406364465e-06
0,2.587790666508429e-05
0,8.882649864085895e-06
0,3.061130995302102e-05
0,0.0001228826046807049
0,2.96549955602393e-05
1,0.2849750710122691
0,4.085827719073665e-05
0,0.22835902666206737
0,0.00015714627396177364
0,0.23572373990744702
0,0.00010250889557391662
0,0.0001453338791999647
0,0.20234269763007348
0,0.0001461566652508957
0,0.28591169045846115
0,0.2217317870120942
0,3.192527735399736e-05
0,0.2778536014435946
0,9.085315158525377e-06
0,0.2895289428945191
0,3.612548230890248e-06
0,5.465848205925023e-05
0,1.3038922698583428e-05
0,0.00017701812233203632
0,0.283660246418572
0,0.00018449379644074775
0,0.287871832577311
0,0.21350504045797367
1,0.20480034806509417
0,3.620321714205188e-05
0,1.159536416084511e-05
1,0.21037279279039442
0,0.22052398671165002
0,0.00010401881934063912
0,3.694487000183122e-06
0,0.00018449379643776568
0,0.22840149078697453
0,1.1473028077273166e-07
0,8.118247539106128e-05
0,0.28539089242540067
0,8.11567000146302e-06
0,0.00032343874380658637
0,0.2742318733228592
0,0.27386540971194717
0,2.3835215869065043e-05
0,1.785078402047193e-05
0,0.0004887338538875738
0,1.674260782388565e-05
0,5.407399152958422e-06
0,0.22071287644384696
0,6.509832612501116e-05
0,0.23629052512238735
0,0.00022490253589588634
0,0.21725247161305178
0,0.2219622535022402
0,5.008909156669215e-05
1,0.24237363427794906
0,2.7896976090121295e-05
1,0.2485435850933396
0,0.2772299831825694
0,0.22042278830840545
0,0.00023997951246458214
0,1.596040223721786e-05
0,0.24714789680442933
0,9.446919260579612e-05
0,2.2240659361976154e-06
0,1.535582779581279e-05
0,6.393899021733809e-06
0,0.23223003194033467
0,0.27538057889577
0,4.8743644229255726e-06
0,2.8511520102918584e-06
0,1.670362216156303e-06
0,0.00011759451567285828
0,0.0012829223583499115
0,0.20231949030634883
0,4.02458974057153e-05
0,0.2833518463250655
0,0.28874857692045075
0,0.19523315063852575
0,0.26320218096165254
0,0.28173402116692314
0,9.516121666462028e-06
0,0.21265973613721306
0,0.2652230453900626
0,0.2862397327177167
0,0.5519138859167941
0,3.287869061136741e-05
0,3.56143445169151e-05
0,2.818043410197184e-05
0,0.2895942303582076
0,3.296250109065433e-06
0,3.281754655941729e-05
0,0.22394979357911174
0,0.2542743398418247
0,3.361234909140208e-05
0,8.63046791936297e-05
1,0.28956252180805525
0,1.9915445369293272e-05
0,0.6567436554101792
0,3.3012761210937543e-07
0,0.2537965460876634
1,0.26013420730110254
0,4.1023038174037606e-06
1,0.2766365987204583
0,1.4891990409950258e-05
0,2.358505930179035e-05
0,6.386234057715938e-05
0,1.9431629414454923e-05
0,9.974973020614257e-06
0,1.2252498366948301e-05
0,0.23417604452654725
0,0.28833433321333773
0,3.219351154479742e-05
0,5.762267297517678e-06
0,0.2860598042728417
0,8.48389342608942e-05
0,2.640761634804553e-05
0,0.2571372304673421
0,8.483893426035729e-05
0,0.3228711551209526
0,0.21072161191801922
1,0.2880392124073753
0,0.2022591644824168
1,0.2876598466394827
0,0.216418404210808
0,7.530056683808903e-05
0,0.0001545409592432537
0,0.0012829223611437227
0,0.20227249640695358
0,6.30192262831607e-05
0,2.100411366587325e-06
0,3.4123660871100186e-05
0,6.107958825235449e-05
0,0.25365633582224656
1,0.5933884335484639
0,0.0012829223587279262
0,0.27138964129203247
0,4.9814524503012114e-06
0,4.010605313660766e-05
0,0.2883605209455876
0,0.21782625396336575
0,0.21520974497175807
0,0.0001461566652508957
1,0.24666867142065801
0,8.782676059137997e-05
0,0.28623792811291054
0,0.2599904611561449
0,3.4451597788671035e-05
0,3.2019811528478084e-05
0,8.618042712423117e-05
0,9.703180601700052e-06
0,0.28159680191697284
0,0.22957235083856034
1,0.2875447263890733
0,1.1109459088453273e-05
0,7.179156359182463e-07
0,0.0012829223580699254
0,4.831546075959828e-05
0,0.28094395693467744
0,0.23623358694359053
0,1.1601685438149573e-05
0,0.0002061946324766816
0,0.20624799946604155
0,0.20480874776830518
0,0.20422926653294324
0,6.108193173257477e-05
0,0.22017206460211763
0,0.23675599715875248
0,0.22574294534950337
0,0.2862608347467664
0,0.0002582252616670636
0,6.119700284128388e-05
0,6.092484980736099e-06
0,0.25632649458482604
0,3.957399053540556e-05
0,0.2063001094567305
0,0.28869736254714723
0,0.00021801535061453492
0,4.841916880033355e-07
0,2.398661200623486e-05
0,1.6596268929667423e-05
0,0.00015098877589442386
0,0.3718502122654123
0,0.21524823836733617
0,0.2486688929839485
0,0.26345529707703597
0,6.86954584072149e-05
0,1.8286131272717174e-05
0,2.6020821688433638e-06
0,2.9324342978916344e-05
0,0.21604251862296767
0,4.797877254406805e-05
0,0.37233620534440226
0,1.227433530775246e-05
0,7.775358069132232e-05
0,0.21978404143016947
0,0.21564658378040735
0,2.8289217989625225e-05
0,1.0693976882285934e-05
0,8.562016690897763e-05
0,0.25446649152404033
0,1.2782083022842127e-06
1,0.2868006666709004
0,0.24088582630974167
0,9.769777385083234e-06
1,0.2147181813732017
0,0.21772341862421077
0,2.4952868956151895e-06
0,1.1147407725397968e-05
1,0.28758122033259
0,5.695416655737331e-05
0,0.2173701172384287
0,4.185399432044364e-05
1,0.21490676920782883
0,8.18284319734678e-05
0,0.2023054988780997
0,0.27694964085772183
1,0.28299237937796784
0,0.20600721826375792
1,0.2651307967045942
0,0.26192669566499766
0,1.3378177172756334e-05
0,0.21321564181500263
0,8.574419342488724e-07
0,2.186462155574462e-05
1,0.21457161114627937
0,0.284372192384748
0,4.722390647713673e-05
0,0.00014679737101766445
0,0.21977445872545065
0,0.00027623576404537655
0,6.4706099510922204e-06
0,0.22227293661354325
0,0.2843674749646884
0,0.25540695182600925
0,0.12658925817180475
0,5.80981365447569e-06
0,0.2173376907669252
0,1.903367662826339e-06
1,0.25436434249437795
0,2.0747170065253224e-05
0,0.24420598237289032
0,8.796785793052509e-06
0,0.00010250889557752914
0,0.23664424848222254
0,0.25231050761507046
0,1.455420476601003e-07
0,0.000162192711482827
0,2.8560278742019017e-05
1,0.21221664803013526
0,3.7873329319286116e-05
0,0.2306443424794046
0,0.00016550700593194993
0,2.0532163904711925e-05
0,3.91404214818451e-05
0,0.0001715396616528848
0,2.628795590569168e-05
0,0.2625527582140907
0,3.1936703766037384e-05
0,6.848352367076502e-06
0,1.1119936803011215e-05
0,0.21733175476229125
0,0.00018449379643488713
0,8.8843431407451e-06
0,0.27935289374860267
0,2.621409045503736e-06
0,0.15528786755564652
0,0.00014456340731321775
0,0.08460233110194507
0,0.12660964836827454
0,0.0003474111334360337
0,7.404834900894591e-05
0,0.24080987575525056
0,0.1947830090483839
0,0.22072500598762165
0,1.3816797993567635e-07
0,0.21721721383085005
0,7.578315617336286e-05
0,1.5075954867493879e-05
0,3.732213544865459e-05
0,0.0001618917356342459
0,9.744509622492724e-05
0,8.032124793950808e-05
0,2.534983685541457e-05
0,0.0014572461763167285
0,0.21778396306948938
1,0.1899720850848131
0,1.9008684990310088e-05
0,0.00018403353401463593
0,0.2355153286475365
0,0.00026036141470735615
0,0.21893628707407672
0,5.081909652877975e-06
0,6.381807694021089e-07
0,0.2876161889336716
1,0.21463126499791005
0,0.2182098388653812
0,0.00046804699876719797
1,0.7902015380313834
0,7.256260754754877e-06
0,0.22546329996756515
0,6.509832612221267e-05
0,5.256734587204663e-05
0,0.00012400189833280123
1,0.27396738116742714
0,0.2624226717598036
0,0.22275060135210908
0,7.979698331723749e-06
0,0.00014456340731506075
1,0.27972956725567266
0,0.28924725466617945
0,0.3202090998447234
0,0.21971826063269514
0,6.378173332848568e-05
0,6.949723689287965e-05
0,1.6308165408010335e-05
0,0.2329776634986674
0,5.6954166553975985e-05
0,3.0190844801307354e-05
0,5.16033198047858e-05
0,0.2703491966804716
0,0.00011964517172982528
0,3.721326719831866e-05
0,0.00010795311641363532
0,0.2215185447930777
0,0.20381414610716198
0,3.373813482331028e-05
0,1.0185833912073597e-06
0,0.00015599777000459319
0,4.501253097042897e-06
0,0.20907741893612236
0,0.2878777946980799
0,4.3946322485172974e-05
0,0.2055491458957672
0,0.2175585514491079
0,0.23842289665005725
0,0.22967405727103174
0,3.026330440841864e-05
0,3.94402800377178e-05
0,0.0001461566652508957
0,2.709954609670206e-07
0,0.20513619862956123
0,3.783921406742721e-05
1,0.28955385464886024
0,0.2079795617792935
0,2.6407616341705662e-05
0,4.423121555190821e-06
0,0.26552139435974664
0,2.1663108739122445e-05
0,0.23323345193023465
0,0.23294411948373525
0,2.6407616341249766e-05
0,1.602051613490027e-05
0,2.42974269868765e-07
0,0.00011964517172239455
0,7.62968827426949e-05
0,0.2850747711382307
0,0.25490201348792285
0,1.4990521083890684e-05
0,0.22548220815978534
0,0.07036393968559591
0,5.437447344905761e-06
0,4.4672163121588416e-05
0,0.21877914289207548
0,0.20737752796518152
0,0.00018895307086495825
0,0.00016027553390940863
0,0.0002660679323090212
0,1.3620861942705637e-06
0,3.7645403393995626e-05
1,0.2825834972408035
0,1.4204232923193617e-06
0,0.2150912168781688
0,0.20233163018830363
0,6.943049025939718e-05
0,0.20366362825995607
0,4.556971552856369e-05
0,5.7170655051398876e-05
0,0.00015389716688009054
0,0.22181851983863524
1,0.2535416881211309
0,7.709600541284585e-06
0,2.945166772768068e-06
0,0.0004349996838104692
0,0.21849285489808776
0,0.23532012411730607
0,0.00020182984053522486
0,3.5016073976150406e-05
0,0.21835640945216733
1,0.2806571494460064
0,0.285992704632181
1,0.28193840091811334
0,7.278479320197668e-05
0,4.199115588269388e-05
0,0.2068604335874588
0,0.00028494480722325214
1,0.234291512499039
0,0.00022161093657381025
0,6.304810217826257e-05
0,2.2077772847247623e-05
0,3.425177813777023e-05
0,7.629688274579953e-05
0,0.21900230913540972
0,1.667061791806403e-05
0,3.926547305971356e-05
0,0.001300359156823051
0,0.23460081527321205
0,0.22888207137456673
0,0.22281007023877508
1,0.25416614052886166
0,0.0012829223588028567
1,0.2840256115485752
0,3.789778475311293e-05
0,0.00010250889557230345
0,4.854975911534438e-05
0,0.00027515597597186205
0,0.2250243009937533
1,0.2142278354221282
1,0.28239489762813214
0,0.00011954358237474126
0,0.22186957615353703
0,2.2912089845815243e-05
1,0.28024393579015705
0,0.21992233909658573
1,0.23666867437106115
0,4.7332868390462754e-07
0,6.575762705696304e-06
0,2.7058325686817773e-05
0,0.0012829223647219743
0,0.0012829223580393461
1,0.28588047796126914
0,0.00010108230905554661
0,9.902163921569749e-05
0,5.925755870093127e-06
0,0.26398233562906076
0,0.00010250889557419902
0,0.20260514761998855
1,0.2433824949348243
0,4.5906370976455735e-05
1,0.23332885394435504
1,0.2568998520068967
0,1.509469809878365e-05
0,0.28527171764462617
0,1.3728635744074367e-07
0,3.7218748664020753e-05
0,3.703118432538932e-05
0,0.00145724618066369
0,0.23717655969187507
1,0.2604627926081165
0,0.22550733458466243
0,2.2608827099963044e-05
0,1.897115029109145e-06
0,1.380834567760186e-05
1,0.8096845503531943
1,0.25974917077894033
0,0.218359532883486
1,0.278751084870085
0,0.20620756773687052
0,1.6853864703632024e-05
0,0.26705787679973986
0,0.2870048912093624
0,0.2812350331908158
0,0.12182363745973754
1,0.2734058181225217
0,5.6954166554419796e-05
0,0.1707052324489602
0,2.622448008217172e-05
0,1.5956977123615413e-05
0,0.00010250889557391662
0,0.2839202315591401
0,0.28287942016715767
0,6.006488468355042e-05
0,3.856499947556126e-06
0,0.20422926653294324
1,0.23024831991376235
0,0.26448615083945975
0,7.268744677730914e-05
0,0.24446992415920887
0,5.620794957764766e-05
0,1.879591833582887e-05
0,0.204471040872284
0,7.147719429894706e-05
0,0.2735570317289179
0,1.9238952789377882e-06
0,0.00018449379643859697
0,4.5433917890310914e-07
0,0.0001675927035744865
0,2.6044105533884664e-05
0,0.0006138218412547249
0,0.17351970927877589
0,0.0002603614147083826
0,0.28698671963801264
0,1.971877995734845e-05
0,1.3494618205744036e-05
0,0.23096707754872484
0,0.220661451176854
0,0.2787719509518675
1,0.2035993175356761
0,4.724996567328994e-05
0,5.716224080152223e-05
0,0.2751346885869816
1,0.2801593242812475
0,5.947948328863104e-07
1,0.6831351849218563
0,0.11846707348116697
0,1.9585213024539368e-06
0,3.986636692767062e-06
0,0.21089883987619848
1,0.27685275119037595
0,5.476812156699846e-05
0,2.522302331521374e-06
0,0.11705456028292813
0,9.675135140642444e-06
1,0.22008038577100217
0,0.00019269359725114876
0,0.0003813473427702883
0,0.28961265515381585
0,2.198670238459571e-05
1,0.2719028508160575
0,5.2235713187404604e-05
0,0.2811837993398632
0,0.23852892626845157
0,0.21422475104302116
0,7.979698331322762e-06
0,2.421099002858806e-05
0,0.00021533242521685832
0,2.939573784260127e-05
1,0.26025546994600546
0,1.1924824851170009e-05
0,0.2772349887221031
0,0.26358054489631594
0,0.20233670745896956
0,0.0012829223578833555
1,0.21862509874060776
0,4.858566412944309e-05
0,1.7443508496320248e-05
0,0.28860330739604345
1,0.20705900355389148
0,7.952763815076864e-05
0,6.848352367087889e-06
0,9.98939296326315e-07
0,0.00016189171602799132
1,0.4691927791956317
0,3.184160376872826e-05
0,6.017844414557212e-06
0,4.5258536988132386e-05
0,0.13667756926648225
1,0.28847592472855965
0,3.723986081587155e-06
0,2.551767453993059e-05
0,0.20452812360000916
0,4.9202947673667724e-05
1,0.28446958407524847
0,0.21757734128025774
0,0.24810412526553294
0,0.00010323878822004066
0,6.279651041151859e-05
0,3.5614322469165406e-05
0,5.6954166556596976e-05
0,8.169912273494671e-06
0,2.1012574503628753e-05
0,1.810133073473393e-05
0,2.6825602135415585e-06
0,4.766954403026814e-07
0,1.7443508496320248e-05
0,0.00021533242521702318
0,6.798806019055241e-05
0,0.25424294325866115
0,1.6360057816336458e-05
0,0.24950694345848534
0,3.053739479868767e-05
0,0.21850271617160652
0,7.06944336680235e-05
0,0.00428814308591726
0,2.9538370298464717e-05
0,2.784910630817764e-07
1,0.2550440441547862
0,0.2358175829005423
0,0.21535656147900722
0,0.00011964517172097479
0,0.2235818088588545
1,0.2839068434673304
1,0.20709004956367924
0,4.722390647057645e-05
0,0.28641312142181224
0,6.694557936335929e-06
0,1.39477018548915e-05
0,7.560894770473053e-05
0,3.11183557009047e-05
0,0.0001299657363277773
0,2.6526539890273025e-05
0,0.20842184176402231
0,0.20879846831094193
0,0.0005363329467001468
1,0.2252071581032155
0,6.4706099510922204e-06
0,0.23300539613463453
0,1.2070198985978822e-05
0,0.20937170461871082
0,0.2858470720479455
0,0.2333653158663112
0,0.20802087340636594
0,5.181138274184444e-05
0,0.5461412361446203
0,2.640761634804553e-05
0,0.28716469621030166
0,0.2411781862414397
0,0.00018449379643649007
0,0.00012385863931817126
0,1.8745840745585277e-06
0,3.292602970464432e-05
0,0.0003231457745484766
0,4.619316155912019e-05
0,7.62968827466247e-05
0,0.00010044160162968637
0,0.11842928050170753
0,1.2256852490159843e-05
0,0.00015269385576204792
1,0.21417528233962857
0,5.616151632754642e-05
0,2.320647480905676e-05
0,0.2177439916591878
0,0.20486233240412144
0,1.3348773341475457e-05
1,0.23274479031624734
0,0.21292379041649048
0,5.782782490609751e-08
0,0.2869543542318782
0,0.21580500283812826
1,0.2802720232543736
0,0.24536555368148152
0,4.473611744456223e-05
0,6.378173332919522e-05
0,7.268744678162242e-05
0,3.035251644443578e-06
0,5.838044837180566e-05
1,0.2709917556089498
0,0.0006234414722137771
0,0.2031514752165779
0,9.641164479324253e-05
0,0.21379874736738
0,0.214438460419842
0,0.21172473870919928
0,0.24368399677855435
1,0.20912007669621618
0,0.22960038034093494
0,3.456297070447458e-06
0,5.5024915789884654e-05
0,9.029000924835273e-06
0,0.2721533698303121
0,4.3596523187770824e-05
0,0.2393755446659814
1,0.24290585976417006
0,0.21611672299871795
0,8.368762519006871e-06
0,3.424834880366058e-05
0,0.11958576162372515
0,0.226311927230363
0,4.0496341442708796e-05
0,9.577091643436953e-06
0,0.00035242672246875076
0,2.2371821082685487e-06
0,3.6592671964352405e-05
0,2.6486487329024055e-05
0,4.149762727401307e-05
0,0.001282922357439082
0,0.26307214167817033
0,0.1791001471794953
0,0.00016420700261001017
0,0.2175646845254097
0,7.26874467806315e-05
0,1.6959936453050688e-05
0,6.862590674992677e-05
0,3.946475653245634e-06
0,0.20247895318725187
0,1.7737953108150687e-06
0,2.199415035870312e-06
0,5.521885098004954e-06
0,0.22763550982494302
0,0.22547827150963354
0,0.2629783862931872
1,0.28629513917196675
0,0.6567436554164141
0,5.3803922819825985e-06
0,0.23375981168772983
0,3.9608258094775414e-05
0,0.21663580486398937
0,1.5804062716956614e-05
1,0.2859234733334362
0,0.21695849556283098
1,0.28038351714539683
0,0.00010334217327839699
0,3.6279534070429915e-06
0,0.00011234797382359797
0,2.746179625549465e-06
0,4.608595554060766e-07
0,6.378173332704936e-05
0,2.8170450776210446e-05
0,3.23946755420456e-05
0,0.00015714627396177364
0,0.00019723695419257995
0,1.5624448311859588e-05
1,0.27788939448382427
1,0.2865562214871337
0,0.21747098256013891
0,2.8846961134958288e-05
0,0.00010497260293492895
1,0.2547068601662018
0,7.972520979038648e-05
0,1.803392255903971e-05
1,0.23448624940178722
0,8.532145579150277e-05
0,0.28043882042945284
0,0.2534644620010709
0,3.8640748685500426e-05
0,2.3063423790921226e-05
0,0.00010250889556984272
0,2.640761634804553e-05
0,8.0190801778616e-06
0,0.2510285094573902
0,0.2854752394860617
0,1.1621228720712304e-06
0,0.001282922360121403
1,0.2799514206574435
0,8.211318006993534e-05
0,0.25104685575154845
0,0.20097864315133407
0,2.9920684376627104e-06
0,3.307894402571387e-05
0,0.21516901523671422
0,0.2890477215219763
0,0.2892864466785632
0,0.21073404562264514
1,0.23576636079391144
0,0.21734946674138494
0,3.9300296072353663e-07
0,2.4195746159264656e-05
0,6.4706099510922204e-06
0,2.551767453993059e-05
0,0.21956009550392575
0,3.755038964650624e-05
0,2.6044105533884664e-05
0,0.21737969361928103
0,1.93007365585952e-05
1,0.22724027556933798
0,4.359652318090425e-05
0,0.28485434274801763
0,0.20231196104823335
0,1.379388800555018e-05
1,0.22694620404959384
0,0.23892124440037732
0,1.4207833809691393e-05
0,0.28015932443371133
0,1.2167142752924675e-05
0,0.1711237478708401
0,4.629716305187561e-07
0,0.28485434321600966
0,0.2035400344580039
0,0.2362919823313032
1,0.2760094153365379
0,0.23338400110025734
0,0.00025611780651228983
1,0.2974776563441226
0,3.2456560509575823e-06
0,8.959899743936155e-06
0,0.2872472967784356
0,0.0012829223599429085
0,7.268744677926333e-05
0,0.00021659947308168864
0,2.619043114094133e-05
1,0.2652898693594186
0,0.2877361498096418
0,0.22185410576470216
0,5.977045855126359e-05
0,1.6145549924301977e-05
0,4.3596523176508864e-05
0,1.161941800685112e-06
0,0.00010405487325190985
0,3.806044640046598e-06
0,0.22284955070903611
0,1.564951335154951e-05
0,0.2869694459247814
1,0.274827681302522
0,2.7719071879745117e-05
0,3.024520834502214e-06
0,0.21774950398192888
0,6.4706099510922204e-06
0,0.0001216385234980445
0,0.26031485078556094
0,9.531245002911973e-05
0,2.8846961132935702e-05
0,2.8358935477202905e-05
0,0.2774226851641892
0,1.2976338030713281e-05
0,0.23323314735755785
0,7.268744677739448e-05
1,0.22378682031207084
0,2.2253629881959886e-05
0,1.5670766781943544e-06
0,0.00011964517172105022
0,0.21814383482729452
0,0.28354231613666747
1,0.2890291338770739
0,0.0001208242622829134
0,0.0001000953893797439
1,0.2400069745654228
0,3.8524162756305055e-05
0,4.439069651803418e-05
0,7.13675660781382e-06
0,9.847801309616589e-06
0,2.7608569089418504e-05
0,2.5451635294025344e-05
0,7.319074936713799e-07
0,0.25797997106950593
0,4.462171383558046e-06
0,0.00011755350181551585
0,5.346918180448063e-05
0,0.22842005783219488
1,0.2855169171906429
0,0.2858470720479455
0,7.48618456621944e-05
0,3.074247796455349e-05
0,2.148912003729252e-05
0,4.985449458561195e-05
1,0.2854514418706983
0,3.960825809194909e-05
0,9.443219541018844e-05
0,2.534897812492938e-05
0,2.513752981660301e-05
0,0.180695136619627
0,0.0002603614147081136
0,3.141045864664878e-05
0,2.519914225660078e-06
0,3.72124842756727e-05
0,4.755975585048199e-06
0,2.6044105533884664e-05
0,0.0001196451717278479
0,1.6338232302053618e-06
0,0.00015269385575932863
0,3.184160376872826e-05
0,0.0002294144292020381
0,1.3922689247352648e-05
0,0.00016189171602621927
0,0.20937670359980806
1,0.2033385134273462
0,0.2777023930487003
0,0.26380085368555056
0,7.137831717318406e-05
1,0.26115867249347385
1,0.2858260058158054
0,2.008618592287622e-06
1,0.22898525630115946
0,5.679369055961999e-05
0,6.647562581544771e-05
0,0.0012829223586264232
0,7.26874467778856e-05
0,2.2698095322949785e-05
0,2.723477037475792e-05
0,0.2321464811619275
0,1.5878178311420812e-06
0,4.803074400384883e-05
0,6.969212026105037e-05
0,3.3651522910641634e-06
0,2.7401864589252562e-05
0,0.0001461566652508957
0,0.26417119763932434
0,2.430920404697049e-05
0,5.4433966420792864e-05
1,0.2094829289345777
0,3.140329440093368e-05
0,0.2074187567342494
0,1.8808376223792179e-06
0,0.24319987504879248
1,0.2831008925609341
0,2.9132722808231567e-05
0,0.2091269774945288
0,0.3178800499031395
0,0.00035242672247312264
1,0.6868136502584054
0,0.21772443126583857
0,0.1184253490985213
0,7.502653734561109e-05
0,9.72118099087771e-07
0,0.00019159301309143228
1,0.26431908307653934
0,2.704202706246093e-05
0,0.45083570518267024
0,0.2812860173979173
0,0.24363321692332285
0,0.2177358225934143
0,0.2177167893367832
0,0.246341596162083
0,0.287375387363755
0,0.28139266400433366
0,3.960825808862176e-05
0,0.28637122872825804
0,6.4706099510922204e-06
0,3.721248427953209e-05
0,0.2859738570582879
0,1.807449867544129e-05
0,0.0012829223560445445
0,3.62528247289315e-05
0,0.00013818959343635522
0,3.6599045595440637e-06
0,1.4860494990805658e-05
0,0.21759876239138992
1,0.21759651319519388
0,0.21759643277088928
0,2.7690536263344702e-05
0,9.422351730276168e-05
0,0.2562473212337779
0,0.21361787201237542
0,4.612159749634394e-05
0,0.2288769557586426
0,6.218545154770051e-06
0,1.476818435545826e-05
1,0.24887686617873522
0,0.3521352193173302
0,7.629688274471359e-05
0,0.14297132420342387
0,0.2149837630537541
0,0.24436262282193083
0,1.5416048223928556e-05
0,4.688533044892708e-07
0,3.299274316436114e-07
0,3.721350991360504e-05
0,0.23306513256089229
0,9.354653994773443e-05
0,0.2284618803011972
0,6.86651996885259e-05
0,0.27594142016935463
0,1.537349181600183e-05
0,0.0007199915166253151
0,0.20230254569666728
0,0.11123771741587508
0,2.6261073909347607e-05
0,1.0345228349122258e-05
0,0.2885275004334039
0,2.281559910344256e-05
1,0.21713168903454508
0,3.0086607260398535e-06
0,4.722390646481573e-05
0,5.606524190084697e-07
0,0.27645586506316894
0,2.5900083918282404e-05
0,0.21509121687819763
0,4.941874952840992e-06
0,3.430408799190339e-05
0,8.085327898640695e-06
0,5.6954166556596976e-05
0,7.268744677769323e-05
0,0.2176147977896553
0,0.27657479968261817
0,7.223837636126728e-06
0,0.09119214396533397
0,4.97765039177702e-07
0,0.00018449379643784431
0,6.77413693329343e-05
0,0.2177442964688473
0,2.7256944746968338e-06
0,4.6418633976122605e-05
0,1.246009275956256e-05
0,0.28590055791908725
1,0.2243573644794757
0,0.20806664820465112
0,2.0563364683716042e-05
0,8.458036437054784e-06
1,0.25920569365390134
0,2.640761634804553e-05
0,7.66175554408879e-06
0,0.6868136502592688
0,1.0442467887494073e-06
0,0.20233877608698253
0,0.20946367596416737
0,1.4316110218227786e-06
0,5.079834843384192e-05
0,0.21863642527936492
0,2.6788011875500728e-06
0,2.573106880338362e-05
0,1.2246875099352948e-05
0,9.044297432959198e-05
0,0.00011035719046907487
0,9.309071975100679e-05
0,0.20932488145894437
0,0.00015269385576204792
0,1.1980540940174787e-05
0,5.661298405231924e-05
0,0.0006730125256380573
0,2.6518851015353055e-05
0,1.6503525312952935e-05
0,0.0012829223587693312
0,6.016958829086253e-07
0,0.2077317835878459
0,8.706009460512813e-05
0,5.1586010456800075e-05
0,0.2823701835186617
0,2.006394473112335e-05
0,3.350571407723398e-05
0,0.21735301436501236
0,6.647562581481305e-05
0,0.21290920092661408
0,0.2239614235878582
0,0.22575638049902622
0,3.0656973097573785e-05
0,1.6333852280296363e-05
0,5.006087217950324e-05
1,0.18484456790851445
0,3.1675673771871396e-05
0,3.1377954393679885e-05
0,3.215684340202312e-05
0,3.0181058736817962e-05
0,0.20468082592021994
0,7.537690486482516e-07
0,5.096593942340492e-06
0,0.27624418785280513
0,0.001282922359985118
0,0.22759061492618154
0,5.9485826269412364e-05
0,5.402358363354103e-07
0,0.22336839933386302
0,3.721248428043799e-05
0,1.232312476711027e-05
0,0.21687557388753212
0,1.8662321350043957e-06
0,6.835118600831839e-07
0,5.3578807118025525e-05
0,0.2547933349385859
0,0.18022350135756132
0,4.8620041047481044e-06
0,2.640761634804553e-05
0,6.4706099510922204e-06
0,1.3506324418691015e-05
0,0.23925158616230333
0,0.001282922356964147
0,0.001216548801163222
0,0.00015363998143456267
1,0.28696389669714123
0,5.682114413006942e-05
0,6.48245971355513e-06
0,2.7938669849306027e-05
0,0.24288616006038055
0,0.23277384881585875
0,0.28661492674638983
0,7.272612503895325e-05
0,0.2865174408787127
0,4.634820537829431e-05
1,0.21674186371131243
0,3.830722008791378e-06
0,0.2866427351453906
0,5.999234721342549e-06
0,0.28859894546500486
0,0.00025390640818380086
0,2.7447347922424193e-06
0,0.2865056251936044
0,2.8406489681567866e-05
0,2.1422916944955006e-05
0,0.2892207057504546
0,0.00018987329659130017
0,2.6834522018184303e-06
0,0.00015988013604289366
0,0.254949004218491
0,0.2852473525077788
0,3.9608347853961934e-05
0,8.507944953893294e-05
0,3.600034697910403e-05
0,0.23311844658473507
0,4.469707841197224e-05
0,0.00020660743080125077
1,0.20998344959719392
0,9.541793479018024e-06
0,0.11897639152546978
0,2.000665968307919e-05
0,8.860998168445179e-05
0,1.7206491026886663e-05
0,5.093101174848017e-06
1,0.2067167293240622
0,7.278241168984228e-06
0,0.20226526528556352
0,0.2275710856471265
0,0.20076281966883716
0,1.37538032511349e-05
0,0.2617857501910284
0,0.20553102754881658
0,2.5953098426059533e-06
0,3.710167480512072e-05
0,1.7536835293502188e-06
0,0.2742970394249745
0,0.2781965744377225
0,3.1262899898266784e-05
0,0.2895279281175118
0,1.2600047407472966e-05
0,0.28145321522685507
0,0.20228211460953444
0,2.5691388434011513e-05
0,0.21597261943803056
0,9.316069900797082e-06
1,0.22508652722680322
0,1.713467606872503e-05
0,9.020387102284775e-06
0,6.64756258131856e-05
0,0.22613354327160728
0,0.213216110446401
0,3.1157884036665635e-05
0,3.126289989738888e-05
0,0.20226853414216844
0,2.5831211873908646e-05
0,0.0002603614147084515
1,0.28697760487182405
0,1.7814190118489473e-05
0,6.974184082997317e-05
0,0.26073872941859416
0,0.00145724618066369
0,2.289133426978819e-06
0,3.077004795302852e-05
0,9.471443365662588e-06
0,0.2437519026553156
0,0.2023387577172707
0,1.554356114470382e-05
0,0.24920402433496375
0,9.495515018176403e-08
0,2.322010516285278e-06
0,2.892081347779979e-05
0,3.184160376872826e-05
0,6.423640784977727e-05
0,2.5264453398745398e-05
0,1.7188992304072565e-05
0,0.00035242672247312264
0,0.286684278314305
0,1.0228699397159002e-05
0,0.23234102145013832
0,0.0014177181718747272
1,0.22022642273461668
0,7.894289066992433e-05
0,0.00032343874380658637
1,0.2860878314188125
0,0.289165278170617
0,0.13797924259752412
0,1.2246882904393943e-05
0,5.502491578018528e-05
0,9.039512710063371e-06
0,0.24785579777015695
0,0.0001318606582409519
0,0.24154403523537468
0,1.2673382658640725e-05
0,0.2585092037721516
0,5.50249157916415e-05
0,0.21200325506408202
0,5.0337221827524695e-05
0,2.8689857851809796e-06
0,1.297633803101206e-05
0,3.58759759618465e-05
0,0.0012829223641770398
0,4.189248231637147e-06
0,0.00038776881398868167
0,8.232874226843291e-06
0,0.24564695525363814
0,0.24446132587610678
0,0.11053492928043604
0,0.2760094153459855
0,0.22750727719712707
0,0.2756870236551797
0,8.140093824193075e-05
0,0.2745849756537469
0,1.7325707699417973e-05
0,0.00026036141470793463
0,2.7980500480473707e-05
0,0.00031485230600493256
0,6.647562581339129e-05
0,0.25324921528250866
0,2.784803547421634e-05
0,6.194818267528424e-05
0,0.00010438525963498542
0,0.24876577413922452
0,5.935220052544985e-05
0,2.0369092851776734e-07
0,0.21553342312849935
0,4.58593793589524e-05
0,3.956343011889383e-05
0,0.00011964517171934782
0,3.0906304973843365e-05
0,1.1473191808441275e-05
0,0.2832988767077225
0,0.0001308247751346995
0,0.2182891710725846
0,0.28880047398329517
1,0.18217157112282595
0,0.2202701395572166
0,0.00019633029137748511
0,2.7063349589291284e-05
0,2.5016416847745113e-05
0,0.22553826075785463
1,0.31189744732137187
1,0.2879242983454023
0,1.4991010407965569e-05
0,3.7101674804860864e-05
0,0.2272615779673137
0,0.2519905290571068
1,0.2424312804218361
0,2.4202373895695116e-06
0,0.00010898381653419883
0,5.356734909739638e-05
0,2.6759976045578506e-05
0,0.20585027509259693
0,1.7307121715614064e-05
0,6.509832612329762e-05
0,5.949493529957612e-05
0,0.21272539328826667
0,2.7068929992058205e-05
0,2.361215700195088e-05
0,2.532706311195275e-06
0,0.28770935019362714
0,0.2056257434966411
0,3.645133612513287e-05
0,2.690639554210222e-06
0,3.83077787880766e-06
0,0.00018768093459261358
0,0.28439531467047013
0,0.0012829223589055775
1,0.2675987726981683
0,0.2808794698078547
0,0.28121510366251173
0,0.2142105404631424
1,0.28867321623098346
0,5.167746750765929e-05
1,0.2327460887003125
0,2.186462155574462e-05
0,0.2331358084520918
0,5.6965128911040785e-05
0,6.647562581394283e-05
0,0.20904355053733775
0,9.286478755891868e-06
0,1.5884781882258034e-05
0,2.09671749722806e-05
0,0.00011479685677222485
0,0.20586982699668172
0,0.2880307831417963
0,7.706631161013979e-05
0,0.2871488704124739
0,6.647562581497493e-05
0,3.4504201318794345e-07
0,1.2484179197498733e-05
0,1.0672528801436853e-06
1,0.257903163392241
0,7.40857323472663e-05
0,3.601311363964292e-05
0,0.0008421363239588023
0,1.8743539364796668e-05
0,6.378173332704936e-05
0,8.942093975329697e-05
0,4.10068081723185e-05
0,3.7101674812341554e-05
0,0.28872206112213133
0,0.27867515944271065
0,0.22017862226457258
0,3.899146001131777e-05
0,0.14740890621530278
0,0.28563126701812214
0,3.651213087623166e-05
0,0.00016027553390940863
0,9.536845451803077e-05
0,0.0012829223562603688
0,0.22570447434689783
0,0.27516645384443417
0,1.6360667024977676e-06
0,0.2213005667961993
0,1.016321603052419e-05
0,0.2884282783100436
0,1.9709158401704158e-05
0,0.288022662726943
0,9.39479677189978e-05
0,6.038527842052216e-05
0,3.0393536508074138e-05
0,4.722390647570058e-05
0,0.3022183599854434
0,3.265161876021608e-06
0,0.2047334874634147
0,5.0186927942251424e-05
0,0.2384297381800441
1,0.2878874951262113
0,3.153273302053139e-05
0,0.0008822857763171487
0,4.709231039546638e-05
0,1.613109468897637e-05
0,0.20228255095464154
0,0.21734817414064497
0,0.20953447972651423
1,0.2873715086473261
0,6.647562581377433e-05
0,0.28716508594070767
0,4.72239064622657e-05
1,0.23834855436841018
0,0.0002955211771044047
0,5.505636266264001e-06
1,0.25434738659761524
0,0.0012829223597576633
0,3.829531573795819e-06
1,0.2871563406532986
0,0.1281457442943063
0,3.184160376872826e-05
0,4.722390646551942e-05
0,0.001282922362557235
0,0.21770760966051128
0,0.00016908714061941385
0,0.26606436134243716
0,1.4938499975874566e-05
0,2.8330486624747437e-05
0,8.296683098531443e-05
0,0.2293850370894421
0,3.882745695635075e-05
0,2.640761634804553e-05
0,9.041466333983495e-06
0,4.970126670236916e-06
1,0.2868492977137221
0,0.11687059668690028
0,7.134542433746054e-05
0,3.0150447383952534e-07
0,9.330818591893266e-06
1,0.214728964609336
0,3.7324524733606275e-05
0,0.00023997951245005383
0,2.2079215882118193e-06
0,8.89734650460526e-06
0,0.21809419219921367
0,0.0001461566652508957
1,0.23084141898512242
0,0.23834655659872162
0,2.2599711547442445e-05
0,3.024520834266211e-06
0,0.2752234853598959
1,0.2868946954260659
1,0.24729507127009712
0,0.00013796951375368127
0,3.198526896726668e-06
0,1.7206491025062215e-05
0,0.21472194212681334
0,0.12693672751030827
0,0.23281249164285928
0,6.378173332704936e-05
0,0.2858607080787108
0,0.23789517064792676
0,3.832259742675109e-05
0,0.2154968413186188
0,0.12586470082460546
0,0.0002603614147081136
0,4.533141838194079e-05
0,0.0002745041802270934
0,0.20884639612225894
0,8.483893425775847e-05
0,0.19375711024998094
0,2.3371762964075748e-07
1,0.22015707296034348
0,3.27272454042394e-05
0,6.456463811241648e-05
0,0.0012829223577759806
0,5.5024915794149573e-05
0,4.473611744456223e-05
0,0.21719790782832435
0,3.3612349092028873e-05
0,0.24350066494241834
1,0.28620771294513336
0,7.825272819274395e-05
0,0.20424840770279215
0,0.20516427590484948
0,0.28078443321967766
0,4.722390646455896e-05
0,3.9143693760673925e-06
0,0.2108669735178807
0,6.626773836989627e-06
0,8.370477543092333e-05
0,0.0002919022720816434
0,0.21261807380133482
0,8.225681640997653e-07
0,0.0001308247751416062
0,0.25406787549261145
0,0.2864106618179182
0,0.000166586090438463
0,0.21510268919211198
1,0.2779352066478117
0,7.732656356365843e-05
0,3.077004794646537e-05
0,0.12637890600284474
0,2.235168065898214e-05
0,0.2585253145939048
0,5.973119895507868e-05
0,9.439006207438357e-06
0,0.21872449555293896
0,8.58099985741241e-05
0,0.12657426662378732
0,1.743082185615107e-07
0,0.00011765316100915728
1,0.20380298466386162
0,0.0002497071564788013
0,0.2667072628749711
0,0.25409738079750255
0,1.1841088245075103e-05
0,0.00011573203815878838
0,0.21831053650318685
0,0.00011964517171864252
0,0.289129227909165
0,0.25004403388410296
0,7.974278371236423e-06
0,7.444452356530437e-05
0,1.2981706167948708e-05
0,2.6336990574110686e-06
0,4.671874324514534e-05
0,0.2895987932634647
0,3.721248427685529e-05
0,0.24117605400367
0,0.21177325573294095
0,0.001007050916513471
0,0.24490958144187855
0,0.20231507570177273
0,0.00021533242520840407
0,0.26100197799421193
0,3.701772541656494e-05
0,0.2872601355986633
0,1.5857043941505837e-05
0,0.0001191453193887727
0,1.100374735333164e-06
0,0.00015914245513572617
0,0.22187710104703648
0,0.22625202145142564
0,0.20233565872061382
0,8.246646818358448e-06
0,5.746208800399842e-05
0,0.2874666149304023
0,0.27987213195013266
0,3.3612349094912174e-05
0,0.2022840202534521
0,2.186462155574462e-05
0,6.389607738272954e-05
0,9.049813923834614e-05
0,0.284356721214261
0,1.9747393237475748e-07
0,0.20298645169514967
0,2.397083722673142e-06
1,0.2504291621887501
0,0.0014572461777616476
0,0.2177502012304749
0,6.285953173242883e-05
0,0.00033250721251977853
0,3.747520947324825e-05
0,1.413910929415986e-05
0,1.9337936914486702e-05
0,5.164188040007791e-07
0,0.00017017251388473732
0,3.3621330468678807e-06
0,0.2836684685705641
0,2.501641684784838e-05
0,9.507220871149814e-06
0,8.897065319520173e-06
0,0.21581143739905248
0,0.00014286941915878988
0,0.2760094152236867
0,5.7979986089940715e-05
0,3.4987621423500686e-05
0,2.0747170066559684e-05
0,0.21102752045963818
0,0.21996800530892038
0,0.23523960023383864
0,5.5974856865833275e-05
0,1.5945584438518723e-05
0,9.236018949198241e-06
0,0.21619807927884832
0,4.87436896468207e-06
0,0.0012829223601639153
1,0.44336591367534095
1,0.23455597943350537
0,0.00019635020474089668
1,0.202862884583419
0,1.5342598479876264e-06
0,3.0951837308168596e-05
0,2.7765116583515746e-05
0,0.21928081221745366
0,0.00017560130458469308
0,2.640761634804553e-05
0,0.2023265363197178
0,7.40857323470876e-05
0,0.28711556894580237
1,0.2850079348862541
0,0.20940111715690332
0,0.2273032558055112
0,7.743288822612252e-05
0,0.21276632566229442
0,0.27937604996594667
0,1.398904740630822e-05
0,0.0003234387438159748
0,2.670907567101754e-06
0,1.2886091038492628e-05
0,0.2672874028959316
0,0.00010015502443276661
0,2.8153481473575265e-06
0,6.3300814763923845e-06
0,1.0593755153284618e-06
0,5.7331976292324896e-06
0,0.2726889810941222
0,0.0012829223583499115
0,0.00011964517172418385
0,0.28173402116692314
0,2.794681606310621e-05
1,0.20746252768674794
0,0.00043863834222560374
0,2.8938247670879587e-06
0,5.744158158095263e-05
0,0.20476502749924982
0,2.580995654302084e-05
0,0.001282922357659721
1,0.2059513748870581
0,0.0001011995402728429
0,1.075437698415806e-05
0,8.963153155708734e-06
0,0.00012601377704675877
0,0.00026409751300450783
0,3.0066861391655263e-05
0,2.855076096656139e-06
0,0.2888878390121904
0,6.966055045575637e-05
0,2.0747170068752436e-05
0,0.23033664878699017
0,5.6954166556596976e-05
1,0.22774240170293839
0,0.24532712888728747
0,3.126289989738888e-05
0,0.26983783398928207
1,0.28779531311641204
0,8.032124793704007e-05
0,0.2073599088893059
0,1.965225605138485e-05
0,5.292355890705931e-05
0,0.00011297499989554212
0,2.495199911209975e-06
0,0.2919467924205701
0,5.623657663564068e-05
0,0.2192394429369211
0,0.10607036458278156
1,0.2258360363184075
0,0.0006138218412402326
1,0.2844397189379534
1,0.239755396342705
0,3.56143445169151e-05
0,0.22487340743842535
0,0.2638131876789704
0,4.543121788043328e-05
0,0.2174274851107943
1,0.2107941745088395
1,0.2837549515045577
0,0.00018451986896475108
0,0.23001331913092735
0,0.001282922356175624
0,0.00013795234268033807
0,0.00010473311757753683
0,0.00018403353401463593
0,0.00015269385574867897
0,1.3333641401461228e-05
1,0.2889839207233435
0,2.528169209022014e-05
0,6.957955967862935e-05
0,3.56143445169151e-05
0,0.22482608141866334
0,3.960825809709962e-05
0,0.0001618917160236295
0,0.1982768235071212
0,0.0002603614147082874
0,0.21733768643649337
0,4.829825307879887e-05
0,0.2873363776649381
0,3.9728967110547444e-05
0,0.2904659499505629
0,0.0012829223597576633
0,0.21429385777757845
0,4.909021496660255e-06
1,0.21262156332397986
1,0.6567436554241668
0,0.0012829223568695005
0,0.2097637076100751
0,0.27065789733955786
0,7.825272819274395e-05
0,0.26659176074417884
0,3.90653680080594e-07
0,3.281913174329956e-05
0,1.7962749787103117e-05
0,0.2883651276840194
0,0.00011964517171913298
0,3.077004794767144e-05
0,0.20230618353409685
0,0.3114827132315886
1,0.24599473246316728
1,0.2836021646167628
0,0.00021533242521926303
0,2.5004858213434244e-05
0,5.0391471642285854e-05
0,0.000403476886737606
0,1.679098825040912e-05
0,6.240862343766067e-05
0,2.3645268156205785e-05
0,0.21994542160007904
0,0.27830380959718826
0,4.732983703142025e-05
0,0.2351461262091106
0,3.1477954796011917e-07
0,1.4767007834967204e-05
0,9.949284379200649e-07
0,1.0595056904137895e-05
0,0.0012829223601639153
0,0.2896092502499829
0,1.9060726600400653e-05
0,6.6977503516905e-05
0,0.28406585783764915
0,3.56143445169151e-05
0,5.711771013497885e-07
0,0.28195102900922475
1,0.2880328660118314
0,0.0003703548242481549
0,2.640761634083266e-05
0,2.4997649706432237e-05
0,1.0510548841844823e-05
0,1.8486369821272417e-05
0,2.1620881698917805e-05
0,0.2124822189386351
0,0.0011387124699215585
0,8.434787739841928e-06
0,0.0003751538029803228
0,0.26497511659742584
0,7.555559213101957e-07
0,0.2427291256925897
0,0.23815235596562673
0,0.001457246179082285
0,5.829471708327045e-07
0,0.28004596572208673
0,2.5813558186009656e-06
0,1.3703279762164668e-07
0,2.0640774708251876e-06
0,0.00145724618066369
0,0.22264120544932403
0,0.2284999175729246
0,0.2671320995536028
0,0.21773861929311833
0,2.797536801225285e-05
0,0.21714461880227576
0,2.6044105533884664e-05
0,0.25569401428355787
0,6.9478777583915215e-06
0,2.17752703669788e-05
0,0.28645442885645594
0,0.00010250889557626881
0,7.667066686264419e-07
1,0.2822338031116008
1,0.217484508720203
0,2.377641490573646e-05
0,0.28899080140977196
0,0.0002603614147083826
0,3.193372862236876e-05
0,0.00010398010294805381
0,3.072271480396111e-05
0,0.00011964517172124167
0,1.8795918333248708e-05
0,4.886843392295686e-05
0,0.27895976476406276
0,0.24269333647941924
0,0.21730698745082233
0,0.2764558650217758
0,3.8056109105398353e-06
0,7.427998696124001e-06
0,0.14759823429160215
0,0.2270643248032009
0,0.20612395716789672
0,4.1497627276573734e-05
0,0.0002446283069360161
0,0.0012829223590209832
0,0.2295967795631011
0,3.266773319522468e-05
0,6.987665936092547e-05
0,0.21611672299871795
0,0.00016591961071753435
0,1.4102644536411806e-06
0,8.359552699336702e-05
0,0.20699673043533517
0,3.0077955255340924e-05
1,0.2801593248477949
0,9.049309778482298e-06
0,0.2067872438102298
0,0.28945786222552106
0,2.963354779206347e-05
0,0.0003347671049188616
0,0.00015269385575419786
0,0.00015269385575419786
0,6.666843919813967e-05
0,2.294422927226221e-06
0,0.27142627935528785
0,0.2012020857129165
1,0.20548392382750902
0,9.647971534472766e-06
0,0.00013492658378326666
0,0.233689806687182
1,0.2061090253089355
0,8.277656672901219e-07
0,2.6406140123792185e-05
0,0.00048709156525927774
1,0.23944596124280623
0,3.670010491407337e-07
0,8.131824816716254e-05
0,3.1967246921259737e-06
0,0.22634133744878213
0,5.382390869766136e-05
0,0.00020680781929619424
1,0.20149864306327028
0,0.287192567542378
0,4.92602936939124e-05
0,3.960825809016079e-05
0,0.2865002714365627
0,2.278425178360418e-05
0,0.20522852177138662
0,0.2083176243063856
0,0.2203036077540552
0,7.268744677819791e-05
0,0.21773452399627105
0,0.2891344969355962
0,1.497783214074664e-05
0,5.9988143681300035e-05
0,0.23312901706571948
0,2.6044105533884664e-05
0,0.00014456340731506075
0,2.4543986250527866e-05
1,0.2781331421656102
0,0.26137705425766733
0,2.7147514970144207e-06
0,1.9869198956963672e-06
0,7.259626639975579e-05
1,0.2363777058812465
0,5.692003902933913e-05
0,0.0012829223619926903
0,0.22463546987948715
0,6.062506694544191e-06
0,9.363632001651345e-06
0,0.0008085102815858227
0,0.2730545768266674
0,0.0012829223610349568
0,0.008001892087056787
0,0.26050336056682294
0,2.963216224912857e-06
1,0.2890552038342115
0,2.2663655602770524e-05
0,0.21774123511919455
0,0.00034215047310176403
0,6.943049026065287e-05
0,4.7223906463030374e-05
0,3.3651522915324617e-06
0,1.879591833582887e-05
0,0.0002603614147079998
0,0.0001735217802500825
0,3.103047021651669e-05
0,7.83051200095111e-07
0,0.0001370501189087589
0,9.261915619990304e-06
0,0.20661200497209142
0,0.23294949918257576
0,8.874855046220671e-05
1,0.20299506655400576
0,0.00015269385575293298
0,0.2777618967934135
0,3.0749606524222046e-06
1,0.20595465860518994
0,2.320542144278219e-05
0,5.06660055616815e-06
0,8.244354902638103e-06
0,5.495487934168099e-05
0,0.00010250889556951843
0,0.00014000420122193386
0,8.140093824192771e-05
0,1.7681946872191117e-06
0,0.00013082477513947616
0,0.27147895542598005
0,5.735739996741673e-05
0,0.22072548632202402
0,0.2189427064481618
1,0.28847018415977593
0,6.203289031887634e-05
0,1.894264535600391e-05
1,0.26983022165452636
0,0.00012143142893394352
1,0.20711910663167055
0,4.414196253550117e-06
0,1.4381479264262846e-06
0,6.018032450100708e-05
0,7.600282880565699e-06
0,0.23332365156027954
1,0.23297939464683537
0,0.2158820432036694
0,0.2594980080134862
0,4.1137762036746555e-06
0,0.2790861331123991
0,3.59157650040673e-05
0,0.2784560132797652
0,3.517787457643231e-06
0,0.23551114585213598
0,1.2124274358595463e-05
1,0.2174787481526314
0,4.4044647268975635e-05
0,0.28710617480983597
0,4.7223906456397354e-05
0,1.634143573396008e-05
0,5.261862137373768e-06
0,0.0004084885322544162
0,6.8483523670517224e-06
0,5.5024915778656846e-05
0,3.734470131586295e-05
0,0.21075039596383158
1,0.28101427511097926
0,0.20232927426565495
0,0.0012829223611437227
1,0.09864562497091042
0,0.20158434667619052
1,0.23102143518840695
0,6.647562581552033e-05
0,4.432454441163279e-06
0,6.367635046122426e-07
0,3.673240225676761e-05
0,0.2125536273948474
0,3.1295774162151964e-05
0,0.00013119564147285787
0,0.0012829223578833555
0,0.00024472574166351917
0,0.22094896084387108
0,0.00013152475264440171
0,0.24243761372174252
0,2.5685517407919615e-05
0,0.0001025088955697373
0,3.123482124007878e-05
1,0.2841287563501566
0,6.22763093433683e-05
0,0.21341788542155576
0,0.00013082477514557656
0,0.0001526938557649934
0,2.6407616340965596e-05
0,0.217007497100219
0,3.609053164470654e-05
0,0.2023233099522608
0,0.28881541494182517
0,0.28555325432716794
0,0.2342742358393043
0,2.442796049167678e-05
1,0.2290972996375566
0,0.22086178630513859
0,3.694320192111597e-05
0,1.6878164451517673e-06
0,0.0002229148976688736
0,0.2419243700409877
0,0.12856211427601338
0,0.0001544414657253225
0,5.952155868277499e-06
0,0.21750107651702763
0,0.2709444167761731
0,4.1497627274638664e-05
0,3.184160376872826e-05
0,2.032198326514999e-05
0,0.0002078971110036083
0,0.0012829223563654475
0,0.20596925898460305
0,0.20633262239403657
0,0.2877393330207435
0,0.272427318475378
0,0.00013732073590908494
0,0.0012829223597576633
0,3.7403087575651454e-06
0,0.00011896569661615675
0,7.049396424151728e-05
0,4.251870028039546e-05
0,0.17578236257561936
0,1.0510548840744658e-05
0,2.4366760773217173e-05
0,3.5896328279367194e-05
0,5.648447438173787e-07
0,0.20231216718135772
0,3.193372862236876e-05
0,0.21128968420766533
1,0.2858470722153301
0,8.140093824193075e-05
0,1.713808526470204e-06
0,0.39583013267080647
0,0.00011949322233104068
0,9.545597845637031e-07
1,0.2466140222230826
0,0.002548886554184034
0,0.217234263993095
0,3.9106635712419115e-05
0,0.2137373553545633
0,1.0560107187191398e-05
0,3.829531574309646e-06
0,4.934405463239806e-07
0,6.35253386877014e-05
0,3.7415682781592705e-05
0,0.25518826197441286
0,0.18075819971221382
0,0.20953447973188802
1,0.20187183014025256
0,0.18024082352239051
1,0.215350837605775
0,0.23083253172933427
0,0.2877361498096418
0,8.842062297170692e-05
0,2.7980500486112247e-05
0,0.13083023440713334
0,4.722390646713114e-05
0,5.8380448373432065e-05
0,1.9249710436736466e-05
0,0.21769466050060668
0,0.00015269385575419786
0,0.00015269385576204792
0,0.0784378360979514
0,2.0532163904711925e-05
0,3.56143445169151e-05
0,4.7921422004040156e-05
0,3.101996052485078e-05
0,0.2400108903817344
0,0.2125283522928888
0,0.21391236755896567
0,0.24936652218680522
0,0.22541780415781285
1,0.23482168747877266
0,0.00015869408673918484
0,0.220789046609356
0,2.640761634804553e-05
0,7.26874467806315e-05
0,7.190077465219165e-05
0,0.2118559833739252
0,4.249564350324296e-05
0,6.65038206884978e-05
0,0.21685077478338471
0,0.20516780109897756
1,0.2862659730739963
0,0.18216013684386184
0,1.6384313703301016e-06
0,1.7443508496320248e-05
1,0.14995165242079425
0,0.0012829223601639153
0,0.21889214671241208
0,7.322240852905465e-05
0,6.4706099510922204e-06
0,5.159423081110868e-05
0,2.5831211873908646e-05
0,1.5964373624197553e-06
0,0.0001308247751466066
1,0.2022910976341223
0,0.28878548106793583
0,8.721802465080122e-05
0,9.954856442159913e-05
0,0.21191488283872897
0,0.0009410200752554135
0,0.1158200769971831
0,0.2394163797055088
0,7.120737194753714e-06
1,0.2843115029621708
0,0.285847071875729
0,0.20837734934265556
0,0.27790980892117884
0,0.2144861213246458
0,0.21232311757600225
0,2.4717968860098715e-06
0,0.28553120571318497
0,2.2952636888016445e-06
1,0.21604498848213027
1,0.2628952851138619
0,0.2124435725105177
0,2.0532163904711925e-05
0,0.2874912429128315
0,0.0012829223647219743
0,1.2223684344900958e-05
0,0.23305404436371358
0,0.2874924800924296
0,0.00015807099358227685
0,0.1266671039082226
0,2.026791628296199e-05
0,0.29017104874507776
0,1.732681889371696e-06
0,0.00011964517172085344
0,8.483893425998192e-05
0,4.9299423941017216e-05
0,5.003658341617128e-05
0,2.5308559459221784e-05
0,0.2067500223811199
0,0.2608111867164261
0,0.2135499139526437
0,0.2971279201776362
0,4.229895575395891e-06
0,0.22116257406037723
1,0.2882367043509736
0,0.00015869408673918484
0,0.2882864145341836
0,0.2357794857501229
0,0.2293850705202535
0,0.000205611801206877
0,2.5831211873908646e-05
0,0.28585945885744524
0,0.08345244144226605
0,0.2827879486080263
0,0.20732530200139304
0,5.837195545410433e-05
0,0.2709708158255025
0,2.738149669929313e-05
1,0.26464688223107713
0,0.23553783547682733
0,0.22384582914668075
0,0.2840466330987388
1,0.28857801275408174
0,3.2176745455383984e-05
0,1.497182173862011e-05
0,5.535050315910259e-07
0,0.00013732073591147463
0,0.0003421504731021629
0,0.2807664455468398
0,8.714755312099532e-05
0,0.0006138218412414045
0,1.0879534299871902e-05
0,1.2177905805413135e-06
0,1.268312977352736e-06
0,0.28632408355972483
0,1.6856093404223642e-05
0,0.2717498081676504
0,0.27224021404067855
0,0.2629723610315528
0,0.2257563365296448
0,7.178220436232885e-06
0,0.0001669610006008349
0,0.00027820827590215464
0,5.2492188114428816e-06
0,0.22344304705344542
0,0.06929722669621198
1,0.205429102466321
0,0.00014456340731506075
1,0.2657124583103596
0,0.28035881265382406
0,0.2148866555020164
0,6.231708992522854e-05
0,6.647562581564325e-05
0,2.1140227645480938e-05
0,0.00022017644499219014
0,1.0954144201796304e-05
0,2.9258411450324554e-06
0,0.21730168692691265
1,0.217133069410577
0,0.1998961590216557
0,0.20228344374305224
0,0.21800094827608246
0,0.0001445634073095117
0,2.841602151289795e-05
0,2.5866428909994563e-05
0,2.3035296077963376e-06
0,4.397794178458544e-05
0,5.087202964537984e-05
0,2.0965332755591432e-06
0,0.0001205517924453344
1,0.2868006666957153
0,3.184160376872826e-05
1,0.5523237409588722
0,0.21771383267511826
0,5.920252010875014e-05
0,8.860998168417101e-05
0,5.695416655444529e-05
0,0.23060834211338568
0,0.22530765918699086
0,0.2865291475710836
0,1.4347089571919262e-05
0,0.00015269385576271993
0,0.003277335365401082
0,0.2791362536514866
0,1.1702728197656716e-05
0,1.2227239180576383e-05
0,4.4261066004942196e-05
0,5.883985165998069e-06
0,6.260303238530274e-06
0,3.832119715104399e-05
0,1.8293104900980565e-06
0,7.261305654822989e-05
0,8.46137354133868e-06
0,0.28883256360224124
0,5.6457424509953845e-06
0,5.655481520240198e-05
0,9.835491606524189e-05
0,0.21674250283980437
0,3.151081230740336e-05
0,1.0510548845772976e-05
1,0.209218499436591
0,6.97418408343613e-05
0,0.00034550252679611034
0,0.31119370159658494
0,0.0005079627971010947
0,0.23257105702653838
0,1.755051461169081e-05
0,2.6407616343535457e-05
1,0.9295323070695453
0,0.22925987542443038
0,0.24350136528412064
0,0.2529393596618842
0,0.285539670692271
0,5.502491578153407e-05
0,6.217401487263269e-06
0,0.00029190227207988095
0,4.0532784816833345e-05
0,0.1980399952385398
0,0.21856648058357
0,9.355976385000751e-06
0,0.2860973620388843
0,0.2626681964493645
0,2.6836613132580225e-05
0,3.751102526830559e-05
1,0.19756410119203915
0,5.972219834871664e-05
0,0.202264407361471
0,1.4767007837161881e-05
0,3.244734807273772e-05
0,0.2874806229442264
0,0.00023110448909443112
0,0.2589116077447639
0,0.00033250721252344053
0,0.2854321034876868
0,0.20379819279127084
0,0.0008556377788378465
0,0.00011035719046400052
1,0.28687286250719063
0,0.2360884489890957
0,0.28353086694010154
0,6.4706099510922204e-06
0,0.2869016698592063
0,1.1580855537512209e-05
1,0.25587810826281937
0,0.0012829223586350697
0,0.00017525095119980594
0,0.20230353929785824
0,6.4706099510922204e-06
1,0.2723566745332624
0,0.21895874429647116
0,0.22447438658939572
0,2.6407616337617387e-05
0,0.0012829223587693312
0,5.215668402597405e-06
0,5.31511648042947e-07
1,0.20234295011129524
0,3.4461806659207746e-06
0,3.7254460623225515e-05
0,0.27140312017748475
0,0.24480301386561534
0,0.26953552004160686
0,1.3829127566751083e-05
0,6.131491042925799e-05
0,9.04187230501849e-06
0,2.7487416525487647e-05
0,0.24867396131941602
0,3.077004794531343e-05
0,9.665039415593226e-05
0,0.2782529035188298
0,0.15023096966136262
0,0.0959187082778002
0,0.2411527104873753
0,0.001282922356903563
0,0.11523089842433909
0,0.2151815935939212
0,0.0002153324252196099
0,4.1535640172719375e-05
0,0.12033920908133981
0,1.0202949076750946e-06
0,4.722390646917091e-05
0,0.26248761394472997
0,6.1207273702655835e-06
0,3.464842019873718e-05
0,8.994976771372318e-05
0,0.2540870374570433
0,1.3997902731854112e-07
0,0.4247278317950677
0,0.2840256113690982
0,4.350516004816761e-07
0,0.00021533242521351286
0,0.2504111495917607
0,0.21369181844639698
0,0.28071102579437057
0,0.00014456340731256533
0,0.0001025088955726643
0,0.21627619293255737
0,2.5093062453825103e-06
0,7.881181633950375e-07
1,0.22758912495911957
1,0.2874204925086306
0,1.917715316553859e-05
0,0.2048755810515363
0,0.20330219797212112
0,0.0008544214189404552
0,2.6407616342245016e-05
0,1.8539732190860127e-05
0,0.0001802576906362244
0,6.844896140236102e-06
0,0.0012829223601566048
0,0.0012829223584116605
0,0.21684516363239797
0,0.00011964517172982528
1,0.2354909212664017
0,0.20234305437382402
1,0.22978171458603627
0,0.2789531161838891
0,2.43816553657446e-06
0,1.3635931787925197e-05
0,0.24830924762886536
0,8.29842705335914e-05
0,3.778359435019227e-05
0,6.667637543935374e-05
0,0.20841364714748242
0,7.177482717227419e-07
0,0.0012829223651846734
0,6.056874133337366e-05
0,1.3632683978767932e-05
0,0.2753476372304928
0,0.14711652299059383
1,0.21773749824989716
0,2.2538239323984248e-05
0,9.360286520230199e-07
0,2.0286720457414507e-05
1,0.29291481242610035
0,1.0307797573774558e-05
0,3.873233170222595e-05
0,0.2135722393265332
0,0.00017100761210467514
0,0.24603508436189356
0,2.437914399244006e-05
0,0.00013082477513784706
0,0.0012829223597576633
0,0.20243061939916587
0,1.3619083903163664e-05
0,0.00013082477513844955
0,0.2856274319101105
1,0.20479773819185423
0,1.4667540174722304e-07
0,0.20416385553556715
0,0.00015807099357044088
0,4.462171383840193e-06
0,2.5016416851902723e-05
0,0.0001156377731963466
0,0.0001196451717297441
1,0.2513921476693498
0,3.191923696498795e-06
1,0.2867045437673049
0,3.180624369458161e-05
0,4.473611744456223e-05
0,5.502491578528665e-05
0,0.2678891794602451
0,9.581107776863431e-05
0,0.2459174615590384
0,1.0229413787885266e-05
0,0.6567436553872024
0,0.2856187731596609
0,0.28015932442852776
0,5.003658342584427e-05
0,4.686463412868103e-05
0,1.161351874409715e-06
1,0.21071415504723875
0,3.678308058647076e-05
0,0.2875415245013887
0,2.9670446531548342e-05
0,3.78977847565068e-05
0,0.23601926796065997
0,6.043515193064434e-05
0,5.15860104552409e-05
0,7.864357428799319e-05
0,4.944848985671421e-07
0,0.28952021068618355
0,0.28453307734842265
0,0.21568215370741056
1,0.22065608013837962
0,5.905129982151658e-05
0,3.236929152417476e-05
1,0.22994550274976802
0,0.5214172466376793
0,0.28249822234633565
0,9.102199497800385e-06
0,0.22855336314537986
0,2.6839672324765873e-05
0,9.575765041817075e-06
0,0.00021533242520334648
0,5.4140112145450194e-05
0,0.22619077900842507
0,4.710746019328754e-06
0,0.28630398159623077
0,0.20663807183430205
0,0.0012829223601639153
0,0.22764323944636472
0,0.2225550711779977
0,0.25294942226428807
0,2.3395844146210456e-07
0,0.28617193632781496
0,0.23710117946720383
0,7.6108448879157476e-06
0,5.88964288739825e-05
0,0.25135540284624647
0,0.23268478893834207
0,0.2798991371885439
0,0.2871808367865347
0,0.0012829223588028567
1,0.2861724493604869
1,0.2177321303555743
0,1.9944214140158765e-05
0,0.2023112891177118
0,7.703548215244494e-06
0,4.506949704278979e-06
1,0.26135719254357237
0,0.17318698528492768
0,0.0012829223647219743
0,5.001779290962289e-06
0,4.739646407224416e-06
0,0.21992659699454684
0,0.0003904798271908457
0,3.0665008753915567e-05
0,0.2825787116962144
0,2.3312992437622696e-05
0,4.524559462781169e-05
0,0.26733404442151587
0,0.2772349885623733
0,2.8406489680469386e-05
0,0.2655309386241467
0,0.23787637354923
0,4.291834233493034e-06
0,7.404897695721339e-08
0,0.0834796470541537
0,0.21719382656042371
0,7.2075445927174e-07
0,0.2895574076620426
1,0.20422938279302316
0,6.015764536793115e-05
0,0.2877549211149608
0,0.06770852257589752
0,0.00037094735210479497
0,3.517790433034164e-05
0,3.804745116826402e-05
0,0.24673010763993214
0,0.205109437072796
0,0.2518996851609501
0,5.7169679202654284e-05
0,0.00015345746840103952
0,0.2831686621353353
1,0.2887854813549985
1,0.23521999121438797
1,0.2273770747345408
0,0.00014456340732125686
0,0.0012829223580699254
0,0.24458791629918616
0,0.6831351849193785
0,1.5248085642957573e-05
1,0.2837221205708276
0,0.26368091968629387
0,2.870859338917796e-06
0,2.306733185571115e-05
0,0.1184665709463468
0,5.2053627834122484e-05
0,0.00010795802970541406
0,0.00018449379644633413
0,0.2662801598721732
0,0.0012829223647219743
0,0.14696039766623226
0,1.3605034140340801e-07
0,4.7223906475877655e-05
0,7.268744677866813e-05
0,5.271082623015286e-05
0,0.2180444702864975
0,0.28438997657209614
0,0.20233603691070978
0,2.3025143157951084e-05
0,0.004872131290986788
0,0.24691948784236908
0,1.9718779960531236e-05
0,0.21611672299871795
0,2.615463594658657e-07
0,0.2444045362410954
1,0.28657295576008057
0,3.861901829186506e-05
0,0.26946854790040226
0,3.6268512519885885e-07
0,0.22595507675400264
0,0.00012297533946536144
0,2.64076163379002e-05
0,0.00020120528476830972
0,9.425820103656885e-05
0,1.7759743893202924e-06
0,5.5215302421663225e-05
0,1.5193427336559191e-06
1,0.2579044266839189
1,0.20695000805602942
1,0.2283595017988449
0,0.2023133419822476
0,0.24586745117594477
0,2.6044105533884664e-05
0,0.28524902925851653
0,5.7238357215539026e-05
0,4.5220620054456954e-05
1,0.36131566731297327
1,0.2427813703477767
0,0.24061982248190555
0,0.2583860126079256
0,0.21770349623529592
0,0.28308974085747923
0,0.00016189171603827687
0,9.759271939757814e-06
0,0.23230477382143638
0,0.00011964517172099944
0,1.7530485497359715e-05
1,0.4990225580200028
0,4.231225601748966e-06
0,1.28228990432988e-05
0,1.1850635330214158e-05
0,3.9608258088443274e-05
1,0.10920234645278315
0,0.27767637931162165
0,5.5162105069880236e-08
0,1.5735123223734243e-05
1,0.20277901231583936
0,4.525478927579034e-06
0,0.21744299517988427
0,9.672253819043086e-06
0,0.21656620933250084
1,0.28172151360299297
1,0.20679858350016966
0,0.2798721321214614
0,5.0799601652285785e-06
0,0.22058023103769267
0,0.21989743190509525
0,0.0010443395159320222
0,7.446119128575196e-05
0,0.00013663959017679288
0,0.00013727384136065837
0,0.21628530974550972
0,8.48389342585853e-05
0,3.652474075108718e-06
0,4.634820537829431e-05
0,0.22085240648687543
0,0.27941030879474826
0,0.2287174256135856
0,0.2133657995776766
0,4.43136525058807e-05
0,1.0073212092839224e-05
0,0.00011431244494149547
0,2.797834201081934e-05
0,0.20980378961801616
0,3.1923286928800413e-07
0,1.4807446817396974e-06
0,0.28397695217605573
1,0.23497251406305888
0,0.2871526531489441
0,4.1609022015789644e-05
0,3.1841603749379113e-05
0,0.2335053649567852
0,1.5412269271735085e-05
0,0.00021533972748260117
0,0.00010180225431153072
0,3.649066123661407e-05
0,0.2732752858084555
0,0.21057904454565524
0,0.21330959367675165
0,1.1648664504590638e-05
0,0.001282922357478286
0,0.22374756562275017
0,7.235313615340934e-05
0,2.0788191528150743e-06
0,0.00012429787980325317
0,0.21569008526834446
0,0.23739709984829005
0,6.7231399425087215e-06
0,2.3294754441482202e-05
1,0.28629687514405205
0,0.2592920587801811
0,6.612581510894591e-06
0,4.0553664593212436e-05
0,7.706631161386585e-05
0,0.0002497071564780266
0,2.195150592128722e-05
0,0.21111057694563057
0,0.0003251867443897517
0,8.032124793943674e-05
0,0.2865056252506449
0,0.20229868397623826
1,0.2149078456860621
0,6.112882034888055e-07
0,5.585114063103951e-05
0,2.186462155574462e-05
0,8.17773392511103e-05
0,0.3012108727977333
0,1.9575660959295493e-06
0,0.0012829223583499115
0,3.56143445169151e-05
0,0.00018371533636288122
0,0.12538234070363702
0,0.00011048494157054115
1,0.28015932481733047
0,0.0002603614147083826
0,9.73754108226512e-06
0,0.2640431012065544
0,0.2882962993699432
0,0.21741381329212134
0,0.2831008923291718
0,0.00018431151330261652
0,0.240017345529781
0,0.2679949007288806
0,0.2781787975031498
0,0.2230577247611324
0,6.542654988132584e-05
0,3.7979463509337876e-05
0,1.1910124882933528e-06
0,8.994976771735134e-05
0,0.28921413120362427
0,0.14596915753399053
0,8.994976771720292e-05
0,0.00011964517172401342
0,0.00012200779901115195
0,1.4767007838952677e-05
0,0.20233163018830363
0,5.165295935547248e-06
0,0.23679166811183214
0,7.268744677744999e-05
0,2.0967174969619117e-05
0,4.5166823518499596e-05
0,0.21542394648558078
0,1.6733475089110502e-05
0,3.727104220441735e-05
0,0.2022923053586399
0,0.129027141657358
0,0.2177037771448963
0,3.773557849928833e-05
0,1.3940672248542459e-06
0,0.2544363928580768
0,1.613109468897637e-05
0,0.00016699351145239204
0,0.22071604509965467
0,0.2342536038005124
0,8.48389342582907e-05
0,3.710167480435334e-05
0,0.20422926653294324
0,5.8967272081193946e-05
0,0.25633545359335885
0,0.0012829223611437227
0,1.7461804919988966e-06
0,0.0004027149814406776
0,3.346176390878893e-05
0,2.5954933885436945e-05
0,0.28186307507925695
0,2.640761634804553e-05
0,1.7575707169449962e-05
0,6.331935596338729e-06
0,5.6117837561346327e-05
0,1.958745981631554e-05
0,3.7573164161635194e-05
0,8.483893426085939e-05
0,0.00017701812233176245
0,1.4568120634365678e-06
0,8.573165457257135e-06
0,1.8205883550910657e-05
0,0.22532943004847766
0,8.483893425777684e-05
0,6.647562581488378e-05
0,0.21567075636009517
0,0.24275670266738603
0,6.172077926573243e-06
0,0.20232567378413938
1,0.2861056118308414
0,0.28868213164533146
0,0.20283796261336282
0,9.06194047763371e-06
0,0.23177370573276185
0,7.825272819172081e-05
0,4.649207181753356e-05
0,0.20518420903534415
0,0.00019861777825246337
1,0.27061194700730434
0,5.714577360192083e-06
0,6.017904971898681e-06
0,9.157272459773424e-08
0,0.21446599842727007
0,0.21090216173038326
0,0.25459540944830156
0,0.00015269385576204792
0,0.2267219950220025
0,1.4055557852030012e-05
0,0.20949247058422865
0,7.85257349833682e-05
0,0.21774428769819507
0,3.723133923945751e-05
0,0.19025363802756146
1,0.28523860307255033
0,7.316896404435265e-05
0,0.24804595063376886
0,3.839661994123788e-05
0,0.00011964517172424249
0,0.00010250889556782388
0,4.6168023644849265e-05
0,0.20863954967829054
0,0.2341660253017928
0,0.28572682010177364
0,1.028911683504439e-06
0,0.21719615595054853
0,0.21765666342217602
0,1.2758349430977443e-05
0,0.21104847021252596
0,0.2326370308031693
0,0.20913401204418805
1,0.2855102283706259
0,5.546116993675538e-05
0,4.8069942975901496e-05
0,0.22760046632664205
0,4.4735144456144086e-05
1,0.2225546291524418
0,0.21000114147432555
0,4.445380497576981e-06
0,0.20709717723119087
0,0.28015932409502275
0,2.7980500479773008e-05
1,0.28680066688137207
0,0.00013870605872599572
0,3.7101674808263646e-05
0,1.4010133664913227e-06
0,0.22279663372694233
0,2.789342467095303e-05
0,3.077004794774905e-05
0,6.534570895528256e-05
0,4.110793786510273e-05
0,0.22326419487260787
0,0.23282456957190828
1,0.21252876024064432
0,7.268744677946307e-05
0,0.00015269385575498865
0,0.28834699330258207
0,0.21722359504573704
0,4.212220970489519e-05
0,0.00015807099358282654
1,0.28752713794413787
0,1.436168052828308e-05
0,4.722390646655772e-05
1,0.2022927880765357
0,0.00022638114737027546
0,2.939573784744157e-05
0,3.0770047944417274e-05
0,8.593065009372935e-06
0,0.20390459717339393
0,0.20523867915520383
0,0.24205770258548504
0,0.00016189171602948475
0,0.20912403469712312
0,7.59184078174715e-05
0,7.878233960321112e-07
0,6.050393216723679e-05
0,1.634745157565846e-05
0,7.914800415687825e-07
0,0.29509198531968617
0,1.1119936803342292e-05
0,2.6097212458657358e-05
0,1.3001236754058618e-06
0,0.2105190839695044
0,0.00031489387594531667
0,7.268744677946307e-05
0,0.2135266337242395
0,0.2589419584246378
0,3.710167481005939e-05
0,6.237426098348048e-05
0,0.00011278652064184065
0,7.772133830316232e-06
0,1.4761602617751862e-05
0,0.00021948108627910367
0,0.14375461477616536
0,0.28840865328954873
1,0.28561564600922296
0,0.2638430269132991
0,0.2551269828103602
0,0.2386234644535472
0,0.2883668788968989
0,0.2228101502360991
0,5.50249157916415e-05
0,0.25470911324873924
0,4.4427259963192905e-06
0,0.00015269385575375635
0,5.810714502847149e-05
0,0.2607492632227496
0,0.21185718972626372
0,0.2557738288642084
0,0.20228537530364615
0,2.3835215866619804e-05
0,2.3682531884707545e-06
0,1.8795918329379448e-05
0,0.24795516742030527
0,0.2889331235836953
0,0.2798952874300052
0,8.618221358774491e-05
1,0.3228336813036359
0,0.00010250889557341354
0,0.22059244140341983
0,0.2848543428202917
0,1.6649780369363936e-05
0,0.00010706527959997092
0,6.7236519268809e-05
1,0.24354401778648702
0,3.4449376452182844e-05
0,3.741568278775936e-05
1,0.2588170848351798
0,9.113556111033459e-05
0,0.21769629795324194
0,6.699416326482534e-06
0,0.0012829223586812602
1,0.301729811081061
0,0.2829941397214886
0,0.2810510636500972
0,0.21205152152394344
0,1.828613127592608e-05
0,2.532625889474573e-05
0,0.24429574144814895
0,1.3180993016031012e-07
0,0.1903132042838798
0,0.21919547357519487
0,1.8579967645712147e-05
0,4.199610098895552e-06
0,0.0012829223597576633
0,5.9473578015501285e-05
0,0.2021207818562369
0,0.28097631416040275
0,8.251276769924558e-05
0,9.578295742915092e-05
1,0.20809194699841982
0,0.28770066084741364
0,1.4767007835066015e-05
0,0.21553416797280633
0,0.24469713142226332
1,0.2828864070079694
0,0.0001103796853513209
0,3.7672616080189507e-06
0,0.21011019525795208
0,4.7935057407647633e-05
0,0.2608335813415601
0,0.00017017251388338843
0,0.220828233616061
0,4.180604215589914e-05
0,3.7066851736242937e-06
0,2.6407616341952684e-05
0,0.23173037123112003
0,0.00010651103067811783
0,4.9408923603456084e-05
0,6.477446176199119e-05
0,3.5683869860251873e-07
1,0.2886546322860877
0,3.7950684130192534e-05
0,5.683377136757953e-06
0,0.00016027553390940863
0,1.1107311361356505e-06
0,0.22474834256648984
0,1.720649102440939e-05
0,5.504337897586306e-05
0,1.2673382657905634e-05
0,1.1693192839147699e-05
0,4.196790870255929e-06
0,0.00018449379644074775
0,4.126345123433381e-05
0,2.4111253150383402e-06
0,4.289524684787737e-06
0,0.20053922990992257
0,0.013654436691268609
0,7.276107335970755e-05
0,0.21732793675728374
0,0.0001594805383614847
0,0.27371425062393945
1,0.2801236734699138
0,3.6341335474753164e-05
0,1.0023537842123195e-05
0,5.749804884789637e-07
0,0.283789298817929
0,5.24040851107776e-05
0,0.281042627642686
1,0.22819647295804066
0,0.20377802423845903
0,7.106728639763148e-06
0,6.101281352497539e-05
0,2.8988541561069025e-05
0,1.6600273034882485e-06
0,4.653986204641148e-05
0,2.9152319458345273e-05
0,0.6407263598491454
0,0.20600909566270048
0,2.3789293292206557e-05
0,4.722403846577911e-05
1,0.24590065513011453
0,3.520642701629722e-05
0,3.042672171512928e-05
0,0.25471085160305834
0,0.23566611931025125
0,0.0001102277669905368
0,2.640761634804553e-05
0,0.000330649267305007
0,0.24517120058678565
0,0.0012829223595311827
0,1.4081759196244597e-05
0,0.21863666203293552
0,2.335985292285065e-05
0,0.28622165146388967
0,0.00016189171602444636
1,0.22999521428344197
0,0.2642028894995208
0,2.4765904597326683e-05
0,0.21367963678577212
0,1.0224136549380565e-06
0,0.00024750847174330616
0,0.0012829223565299468
0,0.28880924961132276
0,3.873233170582472e-05
0,1.9293464406928705e-05
1,0.27035922854605715
0,0.21229082846288194
0,2.186462155574462e-05
0,5.495845902908687e-06
0,2.2591504414515342e-06
0,5.369122134044113e-06
1,0.21987153281718064
0,4.1497627279502e-05
0,5.894350839445831e-05
0,2.186462155574462e-05
1,0.22974940742134922
0,2.3205421457771198e-05
0,7.267003321584319e-07
0,0.23480222939299236
0,0.0012829223601639153
0,0.6567436554096561
0,0.23005632211634497
0,0.24929239826860503
0,3.4055762675640617e-06
0,3.166467912092218e-05
0,5.778273586399709e-05
0,0.2672567220768545
1,0.20481942991099292
0,1.3808345673505721e-05
0,7.268744677650504e-05
0,6.13149104324641e-05
1,0.2873876837279779
0,0.2200459720707952
0,0.00033250721251899443
1,0.28598903012045507
1,0.2120416896687338
0,0.0012829223578833555
0,9.353177995493597e-06
0,2.0322235952159074e-07
0,0.28926024803510597
0,1.9008684980562138e-05
0,6.4706099510922204e-06
0,0.20541621417389747
0,1.5188608158506701e-05
0,2.551767453993059e-05
0,0.20555001587467578
0,1.6614642155911183e-05
0,0.20230133333148834
0,0.21889784868959966
0,2.8171821384617503e-05
0,0.23317263128947144
0,7.838935494996157e-06
0,2.141433700234094e-06
0,0.000291902272080519
0,3.3512147013605886e-05
0,4.37420579450261e-05
0,0.6868136502588889
0,5.9090516099409925e-05
0,0.2177467062268647
0,2.5176487761494778e-06
0,0.20230620811431457
1,0.205171462611077
0,0.0012829223589589087
0,0.22453581370976336
0,5.41187470680452e-05
0,0.23181564567915985
1,0.5069022120143971
0,0.2748839793796962
0,1.4767007837086416e-05
0,1.5370834057391258e-05
0,0.28749709385529243
0,6.469185213355112e-05
0,0.00011964517172190494
1,0.2895907111105196
0,0.22932018574228208
0,1.4270050009185184e-05
0,4.381932930395068e-05
0,0.00018449379643776568
1,0.2873529552549266
0,1.8795918339732216e-05
0,0.00018449379644881262
0,4.67428926276473e-05
0,8.483893425858922e-05
1,0.28038351719990856
0,0.2071937486893044
0,3.0975670326472234e-05
0,0.21365798593144925
0,0.28851491175238947
0,1.0644990430377418e-05
1,0.24063253576590568
0,0.24848106484223023
0,0.001282922362557235
0,2.195150592128722e-05
1,0.2861955463409704
0,5.82132102962091e-05
0,0.2594239816287814
0,3.4399538576055526e-05
0,0.2085992886763533
0,1.1473028077273166e-07
0,0.20614685603025945
0,0.00011479685676883242
0,0.27931658321585084
0,0.21367188696331052
1,0.28303119919862446
0,9.076742356046126e-06
0,5.388593240390677e-05
0,0.208466474791546
0,0.26635889934245865
1,0.24860678428924526
0,0.21740193473884492
0,3.773557688827545e-05
0,6.848352367603152e-06
0,5.0399082437336576e-05
0,6.33725769145625e-05
0,3.1377954393679885e-05
1,0.19605204012980282
0,3.861901829186506e-05
0,0.13011478860663095
1,0.2883605210396725
0,3.3618808149922093e-06
1,0.22973434478051483
0,4.609121406554077e-07
0,0.2319693285979345
0,0.21726020239221552
0,2.2155252057662112e-07
0,2.499878889684618e-05
0,0.00010549811914108457
0,0.2846338313713694
0,0.27677458116416953
0,1.6326801212660582e-06
0,5.430221982362374e-06
1,0.2883605210396725
0,6.220104886311479e-05
0,0.0012829223597576633
0,0.23235437619460309
0,7.065844100216019e-05
0,9.020387097681654e-06
1,0.6567436554159398
0,0.21076532696513453
0,0.22111707820275664
0,3.741538963041675e-05
0,4.874364422566302e-06
0,0.29844741702849625
0,3.475900430299411e-05
0,0.2776758133673702
0,0.00021533242521926303
0,0.26331675878245975
1,0.22347430812606447
0,2.6744407490380895e-06
0,1.254204536431564e-05
0,0.0012829223619501985
0,9.218789913484872e-05
0,6.509832612741661e-05
0,8.994976771720292e-05
0,3.097330364004483e-05
0,9.105384929038491e-05
0,0.00014456340731506075
0,0.19477444987226245
0,4.525853699055065e-05
0,3.5072142827917413e-05
0,0.00032343874380658637
0,1.5968531695809204e-06
0,0.00046804699875206283
0,0.217265907598142
0,4.169752427710801e-05
0,0.28485434268095483
0,0.2182963141449028
0,0.00022189637001148404
0,0.2644970565067489
0,8.158543981370313e-05
1,0.23265394022535726
0,8.860998168869594e-05
0,5.187358251472492e-06
0,0.0001308247751346995
0,0.0012829223651846734
0,9.180273193529028e-05
0,3.4138558628758336e-06
0,4.246686909215589e-06
0,2.331720565771723e-05
0,1.4194102028193433e-05
1,0.28834699330258207
0,0.21628690637780143
0,0.2883523850065654
0,0.16561249172668427
0,5.440274402119307e-05
0,2.4961917121694286e-05
0,6.649817962776211e-05
0,4.4310506769343565e-05
0,0.23172268991619752
0,0.000125114460127364
0,2.0532163902648865e-05
0,6.05063448611164e-05
0,0.21773926706593327
0,8.032124794039248e-05
0,7.87842085963263e-06
0,8.88264986396571e-06
1,0.24244624973009332
1,0.254519255775573
0,0.24024188079561473
0,9.886169047149852e-06
0,0.22123600490756407
0,1.380834567668139e-05
0,0.21618856314677784
0,3.72196493629125e-05
0,6.378173332704936e-05
0,7.26874467830248e-05
0,0.08070049506987592
0,1.5634058625302265e-05
0,0.21370339582825093
1,0.2059393695505191
0,0.003277335365401082
0,4.94157666452428e-05
0,0.17773777419303347
0,0.28790225325955665
0,0.2874195429546823
0,0.00010916356796255407
0,0.00300478876952646
1,0.23283672274948478
1,0.2848069676914681
0,0.0002933036094374587
0,3.8493157356266525e-05
0,6.562230689506823e-06
0,0.00421718934990509
0,9.974245946608647e-07
0,0.0012829223641770398
0,5.38039228206612e-06
0,0.24281900698756484
0,0.28318718409980814
0,3.989466207904949e-06
1,0.4633513426289219
0,0.1148859541175896
0,6.143806075459781e-05
0,5.831676621610322e-05
0,0.22894315011076213
0,4.375903760444401e-05
0,3.3173816871787715e-07
0,0.00022899611248260448
0,0.00010108230905415123
0,1.3904375179632666e-05
0,0.2156417423955653
0,4.890367786818285e-05
1,0.227457610302134
0,0.20511743568613722
0,7.869945773911081e-07
0,9.305417309308988e-05
0,0.27694968007494053
0,5.635741807603355e-05
0,0.20881376904418877
1,0.21655703587543146
1,0.20463282406116798
0,5.975807552397309e-05
0,0.19139947741330948
0,0.28721911531875566
0,3.3953114458640196e-05
0,0.22640360627083722
0,0.21736710521030045
0,2.488051933747407e-05
0,3.3671620929423075e-06
0,1.1469141820158846e-06
0,2.113131075565403e-05
0,2.195150592128722e-05
0,1.3355780947244e-05
0,0.2325245161986464
0,3.409691563521094e-06
0,1.7682532371648797e-05
0,0.2483073450350357
0,2.640761634804553e-05
0,5.746208800018193e-05
0,0.20733027591566078
0,1.2708917161297688e-05
0,0.23453551154670957
0,0.2106560135759402
0,0.2457250025799144
1,0.2831551749958021
0,3.710167480680672e-05
0,2.2004709200093028e-07
0,0.22344882582607684
0,0.0001669610005954208
0,0.0001348399211113086
0,2.6755063623461278e-06
0,6.4706099510922204e-06
1,0.2297243328915487
0,3.721248428620702e-05
0,2.1012574503628753e-05
0,2.239757447824543e-06
0,1.182394591430825e-05
0,0.2853444989606864
0,6.646222553449273e-06
0,1.7759743883190257e-06
0,1.0510548839157533e-05
0,1.666246968002618e-05
0,0.21912090603188672
0,1.6605161348269422e-05
0,1.0011954295047882e-05
0,0.00040040219884593403
0,2.0369405341419834e-05
0,0.24728271793263404
0,0.001282922360245716
0,0.00011035719045950671
0,0.22714833941880028
0,0.00013082477514268458
0,0.0001526938557599665
0,6.378173332704936e-05
0,4.683799606587964e-05
0,0.20450926278818524
1,0.23368473778907684
0,9.020387102284775e-06
1,0.2839378113550143
0,2.7401864589252562e-05
0,0.2513797081089182
0,0.00021606544390354195
0,1.6402054862237084e-08
0,6.663272041805665e-05
0,0.28758859306408846
0,0.0012424206361132055
0,7.268744678003437e-05
0,3.56143445169151e-05
0,0.27365009920297734
0,4.6459646920490444e-07
0,0.2155118721245628
0,0.00012782077795773836
0,1.8419913689678634e-06
0,3.326024739652168e-06
0,0.2874817070934875
0,0.2603912597987627
0,7.972709630857785e-06
0,1.2826660793389315e-05
0,8.383315318218807e-06
0,0.21618148982882843
1,0.2850466426362837
0,0.0012829223581031061
0,0.2307202085631767
0,4.9126031289948595e-05
0,0.2191954629816921
0,5.228353190395631e-05
0,0.254880821203448
0,0.21741447616876491
0,0.28310089218451046
0,0.28551140682834425
0,0.0003578226230440988
0,4.7223906467931876e-05
0,6.148081541887401e-05
0,0.00026036186063274413
0,0.00017017251388473732
0,0.0010169486467358378
0,9.080863101484395e-06
0,0.22248637589807807
1,0.2050657101017439
0,5.496137343975777e-05
0,9.870675637856913e-06
0,8.860998169230693e-05
0,1.5729047297831282e-05
0,2.798050048444072e-05
0,0.2173731368038576
0,0.0722062072985438
0,5.003658342555702e-05
0,0.2033809818148479
0,0.20328063726806567
0,4.149762730030126e-05
0,0.001457246173848819
0,2.779999907003285e-06
1,0.28525352997903664
0,0.00013754576680624959
0,3.0770047943645844e-05
0,0.28902755630168403
0,1.8097835967563547e-05
0,0.000260361414708901
0,0.00026036141470917235
1,0.21770144416783394
0,8.006477775793237e-07
0,6.714307602713735e-05
0,0.00010465150771048283
0,0.2008776895190473
0,0.22735445013689384
0,0.286657446413702
0,0.0001618917160317347
0,3.423220699997707e-05
0,2.903646211212059e-05
0,0.22522863110426944
0,0.28620218606020975
0,2.5777742792321436e-05
0,3.721248427967777e-05
0,9.276655693596149e-05
0,0.218139786320404
0,0.22518266301289389
0,0.0012829223570450736
1,0.22088404551667684
0,1.4613974118967371e-05
0,3.63413354745861e-05
0,0.00018449379643776568
0,1.855297054988591e-06
0,2.6044105533884664e-05
0,1.2113377947809443e-05
0,0.00015269385576204792
0,3.7621811070506734e-05
1,0.23321452432924375
0,3.14701489652336e-05
0,9.048024494447108e-07
1,0.12168625231774109
0,0.20656318539240412
0,0.20274572868202734
0,0.00014650652373291077
0,0.0001082743957707034
0,2.1433187899035706e-05
0,0.28793698933043493
0,6.378173332708641e-05
0,4.169752427949511e-05
0,0.21727640873060677
0,5.6954166554924e-05
1,0.22084442479237315
0,0.00023545090483045365
0,0.2177438369923492
0,8.483893425806211e-05
0,1.449408664533923e-05
0,6.647562581467289e-05
0,7.134542433434955e-05
0,0.001282922356903563
0,8.935198814787321e-07
0,0.23295502941044838
0,0.23207829081052847
0,0.0003620448538141951
1,0.23384026186722032
0,2.186462155574462e-05
0,2.13563835426043e-05
0,4.152834550091491e-07
1,0.2816229853917138
0,6.619010251920328e-07
0,3.7560494597084926e-05
0,1.4175015978351333e-05
0,0.2111287384962659
0,2.3205421444209398e-05
0,3.868156700411286e-06
0,2.4125995335296114e-05
1,0.21733311168374078
0,0.036908092139172594
0,0.21611672299871795
0,0.23944861407301474
0,0.0001526938557599665
0,0.3501529658477739
0,0.2640006375046582
0,5.394142089779804e-05
0,8.098220491777014e-06
0,0.2829263951753298
0,1.8824480752117472e-05
0,4.0479678818204445e-06
0,0.00017125102109015084
0,0.25665756777334925
1,0.21783127730480942
0,0.21724415094852248
0,0.2883650258836971
1,0.2102442821588656
0,0.00014456340731594348
1,0.2399559827759047
0,0.0004680469987556088
0,6.080260252216483e-05
0,1.4494025824831357e-05
0,4.874364422615778e-06
0,0.21924204311179596
0,3.900797688947619e-05
0,1.1344092254410615e-05
0,0.0014572461770445534
0,8.860998168583901e-05
0,1.102962223924275e-06
0,0.23495188084344865
0,0.00011423876375554856
0,0.28943169094202725
0,3.184815205078267e-05
0,0.22307184702312086
0,2.0518003531377518e-05
0,2.187534915038763e-06
0,0.21799872097608725
0,0.13298328692942227
0,0.2786369595837213
0,0.27458497504600005
0,6.655871964304951e-06
1,0.2601964761969902
1,0.2400058040459579
0,0.22537453165570046
0,0.26318014925494454
0,0.23289223464057773
0,0.0001844937964353072
0,0.2864568144101681
0,3.396667308682067e-05
0,2.5032073384515738e-06
1,0.27442871544835823
1,0.20812059469029762
0,0.23961907454231413
0,0.00011035719046513973
0,3.0510613887223943e-05
0,4.465604238447657e-05
1,0.2228464376021205
0,0.23840243878956385
0,7.575691819104225e-05
0,6.378173332704936e-05
0,1.7830056039837345e-05
0,0.003277335365401082
0,4.0357030848391394e-05
0,0.28695961689965127
0,0.21777480345819614
0,0.22052125739623768
0,7.54324617222121e-05
0,0.19632836549850638
0,0.00014000420122193386
0,3.464842019873718e-05
0,0.2865056250101573
0,0.00014456340731145047
0,0.206618039452469
0,8.843447931423198e-05
0,0.2319221907757079
0,8.140093824193075e-05
0,0.00011272940565479472
0,0.2072734942282029
0,7.480712335144499e-05
0,0.23148880335748112
0,5.6803691436128925e-05
0,1.1095064775265419e-05
0,0.21776743534731474
0,0.13370769198713095
0,0.2315910741362487
0,4.310309182737143e-05
1,0.2819927528157032
0,0.00011035719045735884
0,0.2072734942282029
0,1.705431125817133e-06
0,0.21744796683665502
0,5.418494450410139e-05
0,2.648648732179176e-05
0,0.21391856324075428
0,0.11960252756164384
1,0.28427632087566446
0,0.00016027553390940863
1,0.2170256959844873
0,0.26953799568734305
0,2.2011397321243014e-05
0,0.2848543425357536
0,6.647562581628629e-05
0,3.3131448385422045e-05
0,0.2827879486080263
0,1.3045037903323534e-06
0,4.09364528723056e-06
0,0.00011964517171928428
0,0.2698326977153543
0,1.4718860535924023e-06
0,3.3036900899077954e-05
0,0.28863677683153677
0,2.6044105533884664e-05
0,0.000398861953526997
0,5.470399353497913e-05
1,0.28613378922403976
0,0.25699468314980367
0,4.8585664120528085e-05
1,0.2247686498357285
0,0.11898113440486191
0,0.22881401823791658
0,6.70445202327532e-05
0,7.256512923639392e-06
0,7.850560740958524e-05
0,3.839478469733297e-06
0,3.7897784752696704e-05
0,1.7423234504527456e-06
0,0.20661200497209142
0,0.2148312134073321
0,5.005431718447304e-07
0,8.140093824193075e-05
0,0.00022847550651286828
0,0.0001025088955734658
0,0.0001226888475539842
1,0.2884742058146606
0,1.581316768892955e-05
0,0.2153045311315479
0,0.22580241859217104
0,1.6180862229195127e-05
0,0.20231389001130742
0,0.2772349892567631
0,3.961910746454572e-06
0,0.00022879591028190406
0,0.20399968674538957
0,1.3448640046604849e-05
0,2.5831211873908646e-05
0,4.661316217650688e-06
0,2.198670238459571e-05
0,4.856501321576973e-06
0,5.50249157916415e-05
0,1.6884747275049426e-05
0,0.00021533242522096558
0,9.243385419302504e-06
0,2.5592082747591045e-05
0,0.2889620587212615
0,6.0846225474630516e-05
0,4.674269603215766e-07
0,0.25740871823885847
1,0.23316833326659842
0,0.00012590766770195343
1,0.3467601357302088
0,1.2600047403795085e-05
0,0.21385328459301917
0,0.2553255993219332
0,0.2863395919171463
0,2.6044105533884664e-05
0,0.2314361865696856
0,0.0001594805383670528
0,0.2887553396588265
0,6.791805671601751e-05
0,3.703118432538932e-05
0,0.000152693855753688
0,6.0248721765456406e-05
0,0.23550517109661315
0,8.483893426375328e-05
0,3.0143238798939677e-05
0,4.722390647525751e-05
1,0.11547758626213966
0,0.2756931391461814
0,0.2809696852099959
0,0.22640443349256195
0,1.5764688355639934e-05
0,2.1549956363066593e-06
0,0.0003442709740039404
0,3.9223701355601004e-05
0,0.15206491300995664
0,0.23258018652336304
0,0.00018449379644122223
0,0.00023545090483415135
0,0.27546122831211645
0,1.1142739621243926e-06
0,0.27780046793157465
0,0.0002603614147081575
0,1.462428002308521e-06
0,6.052598990562343e-06
0,0.20228112267125728
0,0.20249309515063962
0,7.172007823507463e-06
0,2.9774505708849417e-05
0,2.831694597049223e-06
0,3.2795770214560005e-05
0,0.23311413612559245
0,4.058554933542362e-05
0,8.314401893045852e-05
0,0.2156415109980824
0,2.7401355423553542e-06
0,0.0001308247751405401
0,0.00013103053359892104
0,7.135640915350419e-06
0,4.462171385257602e-06
0,5.461002909472839e-05
0,7.268744677784906e-05
0,8.126970704395628e-05
1,0.2384231552633782
1,0.2844230579008491
0,3.742888297193832e-05
1,0.23193642336245765
0,0.00027214588892040344
0,1.381726217329208e-05
0,0.2847220463193874
0,0.21742972510827835
0,8.140093824193075e-05
0,7.310086176934396e-05
0,4.260800818371109e-06
0,0.2631976712846867
0,1.6516704792197045e-05
0,0.00038776881399520705
0,0.28834715837605257
0,0.24634527495905958
0,1.7531601071029156e-06
0,5.538166947614261e-05
0,1.1476616929851151e-05
0,0.23619319721160603
0,0.00011964517172145101
1,0.6567436554062559
0,0.13166191012247502
0,0.2553925739949829
0,4.199115588444536e-05
0,8.140093824193075e-05
0,0.28946703738037444
0,5.1466156884432886e-05
0,0.2853444986072087
1,0.1322776501462076
0,0.00010250889557844169
0,0.23306162384988913
0,0.2861402329701902
0,0.28689472728093784
0,3.326718653870418e-05
0,0.27212714463233123
0,5.88301411160944e-05
0,1.8232495565167413e-06
0,4.933154525169648e-07
0,4.1506210453509104e-05
0,0.00011264142748155952
0,0.23885348633901843
0,0.20837278589401184
0,3.7216014754239074e-05
0,5.6799195684911295e-06
0,5.744158158170714e-05
0,2.0138813585415962e-05
0,0.13807237620432203
0,0.2533044952300994
0,0.28637502332039194
0,2.119236034844583e-05
0,2.221571063666985e-06
0,0.23111249963911396
0,2.640761634804553e-05
0,2.0747170074954533e-05
0,0.00010496025564858724
0,3.461498218642418e-05
0,2.8846961131025335e-05
0,2.6044105533884664e-05
0,0.2768591974751653
0,4.674475521417815e-06
0,0.26961227044261377
0,0.0012829223583423004
0,6.202859078117204e-05
0,3.72540289659746e-05
0,0.001282922356919807
0,1.9659292166433454e-05
0,0.28598899117469373
0,2.8354189651352992e-05
0,0.00010735759142623803
0,0.28129182348776116
0,3.725249863179535e-05
0,0.00010250889557626881
0,0.00010951367238748248
1,0.2850615733427361
0,3.202803323347556e-05
0,0.2883624694023567
0,3.18416037489966e-05
1,0.2849429559530307
0,8.708118707224093e-06
0,0.20886720873768766
0,2.8912172407231758e-05
0,0.000352426722464109
0,5.783775851277089e-06
0,0.1282169009149353
0,0.00026036141470725955
0,1.2118360525717849e-05
0,0.00037515380300519574
1,0.2216889132723319
0,0.0012829223601639153
0,0.00014430179133746715
0,5.502491578468692e-05
1,0.2046339553989523
1,0.22892669737757254
0,0.2170724491622758
1,0.28572682046416464
0,7.706631161540309e-05
0,2.6721685223004782e-05
0,7.775653109283278e-05
0,6.779559396839114e-05
0,1.5846783695011164e-07
0,5.159114277298046e-06
0,3.299852228083346e-05
0,0.00018705569183878214
0,7.444452356506874e-05
0,0.26340692823039513
0,0.20810239800233418
1,0.23005014853422237
0,0.2266465736225936
0,0.27926461787860657
0,3.8732331716084425e-05
0,0.20607510449551114
0,2.0942604338310478e-05
1,0.28015932483496064
0,0.0012829223670472473
1,0.16093959981236872
0,2.468295857036322e-07
0,0.2448293580170458
0,0.2131027562883042
0,1.4775799424181841e-06
0,0.27788939352878306
0,0.0012829223601639153
0,2.1255842506230775e-05
0,0.00013082477513867846
0,0.20607616095634945
0,5.003658343357509e-05
0,4.827180328145709e-05
0,2.683005757931514e-05
0,1.720793405765712e-05
0,5.808478954719639e-05
1,0.19285603370822732
0,0.2431915540034456
0,2.6486487321484957e-05
0,5.608179795762933e-05
0,0.13733812097650472
1,0.28533115117201274
0,0.26225349997563874
0,0.21651095320066174
0,6.97630974882241e-06
0,6.48804429771976e-06
0,0.2831008923291718
0,4.149762727567866e-05
0,0.22590187730673547
0,0.00033250721251632323
0,1.0285133954510274e-05
0,9.79818663703584e-05
0,1.2265397950690122e-05
0,0.0001618917160236985
0,3.7101674809246794e-05
0,2.323723796416682e-06
0,0.21729756409830553
0,3.49591184770907e-05
0,0.23603953139954018
0,0.28562814135454384
0,9.165821443356869e-06
0,0.24965673241158393
0,6.770067632720071e-05
1,0.18174645784578394
1,0.20504736198324136
0,7.662892272042101e-05
0,2.7084618103393765e-05
0,0.00018449379644881262
0,1.2901848152584519e-05
0,5.503506885427642e-05
0,0.2599770316554463
0,0.20226374675637868
0,1.7443508496320248e-05
0,3.425047980901484e-05
0,1.3459664948609612e-05
0,4.76279519487454e-06
0,0.00010470197997265107
0,0.2087606593877526
0,0.27987213195013266
0,1.741474382958567e-06
0,4.456102620214655e-05
0,1.7206491024211424e-05
0,4.508957277572675e-07
1,0.07334994709354907
0,2.6706543835066754e-05
0,8.676106740735357e-06
0,0.22654343354435807
0,6.577912094261578e-05
0,8.342637532353595e-05
0,0.001282922360121403
0,0.199609053050586
0,5.5633609334723175e-05
0,0.001282922362557235
0,4.722390647440661e-05
0,3.444184211322509e-05
0,0.00015134698311972743
0,8.994976771720292e-05
0,0.0012829223611437227
0,0.27987213195013266
0,0.0013294240710745556
0,1.7443508496320248e-05
0,0.24025026540198086
0,0.00012223425951483696
0,0.24031013255853817
0,1.4702292024559888e-05
0,4.722390646376686e-05
0,0.21158347502251584
0,3.8807381494863995e-05
0,0.212797975038059
0,0.26618871106509534
0,0.04049607247726861
0,0.2185438025496199
0,0.23721615353606182
0,3.227418083453447e-06
0,0.21220198251018096
0,0.28015932443371133
0,0.2372447802239019
0,6.487562475741616e-06
1,0.23179854018183188
0,1.9968618486079713e-05
0,0.22669193397339768
0,0.28483446560178777
0,0.2816114881068345
0,4.803074400696601e-05
0,0.21948722051151495
0,0.2864303363704213
1,0.28959785310942066
0,1.8894556276190136e-05
0,3.710167480756198e-05
0,0.28101457109748695
0,0.1883897360105575
0,7.147427645302066e-05
0,0.00018449379643452866
0,0.2374697774621766
0,3.688677924758777e-05
0,0.28836145253410506
0,1.6817699915539363e-05
0,0.2514519057529441
0,1.9247221404432156e-05
0,0.215761027181981
0,5.3452999492684786e-05
1,0.23597079464982104
0,2.6933656152640886e-05
1,0.2257358360583758
0,5.465848205534342e-05
1,0.28687639934752335
0,2.472517619943915e-05
0,0.2032052481081582
0,0.00023240720439896055
0,0.22035395621531323
0,2.6044105533884664e-05
0,1.432568565260553e-05
0,2.6608680492848008e-05
1,0.2670374182103791
0,2.7356599868611765e-06
0,0.28775163081008115
0,0.0012829223571188618
0,6.22763093447424e-05
0,2.2627233572272423e-06
0,0.2868315181302824
0,2.9118515342383606e-05
0,0.00011323039872137972
0,0.00022291489765784495
0,5.5024915779559946e-05
0,0.27364357615485735
0,0.23232141973492107
0,1.869225195002718e-06
0,0.20628748183052656
0,6.038979492422549e-06
0,0.0012829223568864294
0,0.0001618917160338233
0,0.202831783875623
0,0.28695020718902325
1,0.20678847519415283
0,0.28673981358423495
0,2.640761634804553e-05
0,0.12133542315790857
0,4.836697458868904e-06
0,0.24699922953130882
0,8.032124794331772e-05
0,6.425652277763649e-06
0,0.2373072420435261
1,0.249492002253598
0,0.00013219591758607992
0,0.2832671259355929
0,0.26818110114891436
0,0.21583393311349244
0,5.718072801904903e-07
0,9.621745228485296e-06
0,2.7169127773968872e-05
0,2.013328489646507e-06
0,0.21303393564718634
0,0.21773038584831722
0,6.3379471689945614e-06
0,1.0150361207645504e-05
0,0.27529387165049973
0,0.2768085268253605
1,0.2876598463759507
0,0.28864348034503823
0,1.4018442362256096e-05
0,0.25623061069733893
0,0.23194892798101283
0,6.522036136526741e-06
1,0.28579659193802265
0,6.055723931699473e-05
0,0.20449120633760315
0,8.484829632772806e-07
0,0.24338516855490633
0,6.290101583612029e-07
0,0.20696216947380894
0,5.295906380034891e-07
1,0.2841479008370321
0,0.001282922360115854
0,6.647562581317213e-05
1,0.28755705155708644
0,0.00014456340731582436
0,0.00023545090482854063
0,7.720082262045914e-06
0,5.038173339597085e-07
0,0.22367018293171684
0,0.00033250721253371036
0,0.00011467236623148642
0,0.2794562852932895
0,2.6044105533884664e-05
0,0.003481458624880842
0,5.685375346278344e-05
0,0.0012829223601639153
0,7.506821317677901e-06
0,0.22340490490614615
0,3.829531573214294e-06
0,8.032124794137118e-05
0,3.4920539354827643e-05
0,7.212585260721954e-05
0,1.069608435238704e-05
0,0.24586026345868808
1,0.26203409014851897
0,3.779413473979338e-06
0,3.361218248568606e-05
0,0.0001844937964365402
0,3.6717190585361946e-05
1,0.2641529234533621
0,0.2795461444105785
1,0.26409837284370924
0,0.2865056252506449
0,0.001282922358075323
0,0.5910406919870527
1,0.23384764955833282
0,0.2831008925700966
1,0.27693372375245406
0,3.398184232043925e-07
1,0.6567436554241668
0,5.879627930119147e-06
0,0.0012829223579618244
0,8.140093824193075e-05
0,0.21169853806186548
1,0.2775468878688071
0,6.287640630468837e-05
0,1.870421512498281e-05
0,6.871235375454084e-06
0,0.2116826306538792
0,3.640583773489075e-05
0,1.9002502797172524e-05
0,0.20573523493098017
0,0.2793160450683438
0,0.00029860678503128426
0,0.2195216712984839
0,0.00018449379643405682
0,1.3496994877763048e-05
0,0.24920235383722433
0,0.21680742926759558
1,0.25775739677511095
0,9.578295742427589e-05
0,1.2636730033105074e-05
0,3.0069462533346526e-05
0,0.00022450192278240883
0,0.2125291417279044
0,0.2229480000192025
0,0.30462906685443875
0,2.7099992114178165e-06
0,0.2422212354938717
0,0.22132928738441593
1,0.21732522472999816
0,0.0012829223597576633
0,0.28220766242530526
0,1.7443508496320248e-05
0,1.933232855505635e-06
0,4.128049178624895e-07
0,0.22631540346141577
0,0.20771861425050703
0,0.0002762075676744209
0,0.20171148019800536
0,0.21720632611610982
0,0.28195748996099534
0,0.28495964144372204
0,0.00011327485830663521
0,0.21072161175717646
0,2.220070858065947e-05
0,0.22118859879735359
0,6.974184083040761e-05
0,0.00018669440922127774
0,0.20089168630554863
0,6.489595756054905e-06
0,1.2231456464438022e-05
0,3.358180322775999e-05
0,1.8076546796841598e-06
1,0.2792266555160272
0,0.2784256075034208
1,0.28596405828806903
0,0.2197089447753693
1,0.287007383994067
0,2.8009443777201028e-05
0,0.00015444146572666246
0,0.28573494155907264
0,0.24412327826610977
1,0.21528562808184648
0,5.179518076771531e-07
0,0.00023534078091214133
0,3.10304702134682e-05
0,0.00021496799855190562
0,0.0001091284425748779
0,7.135181104157964e-07
0,2.5238076887464044e-06
0,2.186462155574462e-05
0,0.00018488572936898798
0,5.6954166553975985e-05
0,9.835491606993371e-05
1,0.27930980008682094
0,7.539364358601325e-06
0,0.28602138078084793
0,1.6521224732482898e-05
0,1.8820800804552553e-06
0,2.640761634804553e-05
0,0.27416635964262764
0,0.22205422400634975
0,0.2875465293057245
1,0.28915936790048846
0,1.1048240626043374e-05
0,1.1306109347717621e-05
0,9.621745228447284e-06
0,0.00017821798835660334
0,4.722390646917091e-05
0,2.704892473063596e-06
0,0.24869470531069013
0,3.957836071122949e-05
0,5.301739946183066e-06
0,2.6883405915156446e-06
0,2.074717006859441e-05
1,0.28524277057046377
0,2.742199952890419e-05
0,6.647562581333756e-05
0,0.26207274299054195
0,0.32727383731101717
0,0.21774659923461606
0,7.26874467778856e-05
0,1.728599053774464e-06
0,3.133181082644824e-05
0,0.2253213403606716
0,4.3864190579440526e-05
0,0.28910390378538575
0,0.00013082477513848327
0,1.7573211933223943e-06
0,0.2840469565174758
0,0.00026036141470834565
0,0.21711959054923466
1,0.28355350551165664
0,6.774356880581464e-05
0,4.785106180334155e-06
0,6.672645108773836e-06
0,0.06799437443613301
0,0.2193710220784446
0,0.00018877017951600075
0,0.00040826326743891787
0,2.8434668212628506e-06
0,2.9774809537762207e-06
1,0.2702259538067425
0,0.08081874197709532
0,0.21417718198972807
0,0.21721622571669663
0,2.6044105533884664e-05
0,7.82527281891504e-05
0,2.501641684538586e-05
0,4.3449359241286475e-05
0,1.7443508496320248e-05
0,2.84160215116826e-05
1,0.2198303584156127
0,0.24223522167223588
0,2.1012574503628753e-05
1,0.2176169921974705
0,4.295802240081084e-06
0,1.118606607220039e-05
1,0.24132837463900242
0,0.2726990804203336
0,0.0002762075676745225
0,0.2328045135190504
0,2.4378667006932407e-07
0,0.28898051744848197
0,7.53953617665871e-05
0,7.0952333950042466e-06
0,1.99154453641305e-05
0,1.0191908547233466e-05
0,1.7443508496320248e-05
0,0.0012829223563654475
0,2.8406997841713326e-06
0,1.998171807111214e-05
0,0.2885473432708392
0,0.00021174762456272733
1,0.20754244714349984
0,0.00023335298606428652
1,0.2867287759605693
0,0.00017737137321525474
0,1.3808345675653904e-05
0,7.268744677898148e-05
0,1.4296312262439013e-06
0,0.2079978946952372
0,0.0012829223568601483
1,0.2829190942084595
0,2.169895821783734e-05
0,0.25660425591397584
0,1.661543503150265e-05
0,3.361234908866542e-05
0,6.650773619846016e-05
0,0.21376621268377916
0,0.00021174762456675677
0,5.2481540131223005e-06
0,3.0770047946140824e-05
0,0.20987890871528955
0,9.392838185489994e-05
1,0.2865995964286436
0,0.21891086490203407
0,0.21591070298945383
0,0.2762136900342329
0,1.4767007837606865e-05
1,0.21949734217227035
0,0.002345091316007389
0,2.769053627311814e-05
0,1.534245857472979e-06
0,0.28885993153194
0,0.2324935942344418
0,1.0220583945604953e-05
0,4.4090016138659385e-05
0,0.3304869534711263
0,2.139682131777007e-05
0,1.6566327299773493e-05
0,2.7980500479820225e-05
0,0.0012829223577426837
0,0.2513044639157607
0,0.00010549811914051832
0,0.26869516216221573
0,0.21754860069012227
0,1.5127259409458159e-05
0,0.2202574882953441
1,0.2104136922224689
0,8.994976771646351e-05
0,0.0012829223597576633
0,0.0002538262501506548
0,7.706631161386585e-05
0,2.084993889261924e-05
0,0.00013130734867728748
1,0.20161989081154172
0,7.395666610696963e-07
0,1.382647965251016e-05
0,2.186462155574462e-05
0,1.396174473925929e-06
0,2.6407616339172485e-05
0,0.28872529110782774
1,0.2841381839646562
0,0.00015269385576204792
0,4.359652318369688e-05
0,0.22570373084836964
0,1.5871326710337223e-06
0,1.7032239627288244e-06
1,0.2407649406551527
0,7.264358973765924e-06
0,9.578295742609438e-05
1,0.2891725741881929
1,0.20340558709384296
0,1.4262758200557834e-06
0,0.2145433838590511
0,8.994976771720292e-05
1,0.2252867699098406
0,0.1983763516435168
1,0.28866980947805054
1,0.20946058499988232
0,8.994976771720292e-05
1,0.22304629632474277
0,3.721248428114176e-05
0,0.28607795150403736
0,9.2766556926934e-05
0,0.22498152120287263
0,0.17897060249650298
0,0.00013082477514158761
0,0.00016627209178745686
0,0.21200159770665614
0,2.700761143621979e-05
0,0.3007043171212746
0,2.5016416846186748e-05
0,0.00013086915843392476
1,0.28724538588032805
0,0.2878404514002184
0,1.252763617465148e-05
0,0.2644344158715979
0,1.5254153021973156e-05
0,9.276655693007272e-05
0,0.11852087984936309
0,0.00015269385575622694
0,0.0033770749613941694
1,0.2555010314444204
0,0.23294815657347312
1,0.28459837097618046
0,1.767023217907709e-06
0,0.0012829223583423004
0,0.11153116300505825
0,0.00015269385575319874
0,0.20989212601400237
0,8.326442435808128e-06
0,3.162078408952827e-05
0,8.152712181686677e-06
0,6.955445474817933e-06
0,0.2858041671090868
0,2.480391292500687e-05
1,0.22609500037276545
0,1.576468835906493e-05
0,2.353178651100745e-06
0,0.0012829223647219743
0,0.0001526938557577934
0,0.000394431418689977
0,4.931816963615674e-06
0,2.2663655602770524e-05
0,4.484363415801337e-05
1,0.23993650619851734
0,0.25440936490712707
1,0.2824940148043621
0,0.00017241198174075363
0,0.23515321141759477
0,2.652294915564882e-05
0,2.098479155086551e-05
0,2.478313287177673e-06
0,0.22505267420825303
0,0.19828616291166495
0,0.28071597855677194
0,0.2176960092336047
0,4.292046382145137e-06
0,0.21740911474685126
0,0.10198070679488089
0,2.182492218252937e-05
0,7.349643917405019e-07
0,6.943049025609319e-05
0,3.351681477088159e-05
0,7.62968827423218e-05
0,5.17328684906618e-06
0,3.5545693984808116e-05
0,1.2980303417577197e-05
0,2.640761634804553e-05
0,9.17582558416817e-06
0,0.2175568179224307
0,0.00016027553390940863
0,0.0001025088955690862
0,0.3337450771352812
0,0.000332507212538754
0,0.00012493942880082917
0,8.500925343817524e-05
0,0.25659951589837865
0,0.00022227943577877743
1,0.2311865877104996
1,0.22786753532330561
0,0.0012829223575997486
0,5.033826643991153e-05
0,0.20233324031617794
0,0.1683305436417638
1,0.17503771239065424
0,5.242071066415981e-06
0,0.28824215633624906
1,0.22517447893370174
0,0.20662861687740441
0,0.20204962724595046
0,1.56304593354522e-06
0,5.791976436841531e-05
0,4.3682525178374983e-05
0,0.22736166208006445
0,0.2680069852354382
1,0.24967164256822186
0,0.0001138051710330596
0,0.24459132825411328
0,0.21741343560563953
1,0.2868149021876636
0,1.7207934057749556e-05
0,0.2783038098171859
0,0.20392732959750998
0,0.2498448672817699
0,1.4767007834992386e-05
0,0.2050850197457948
0,0.28173402116692314
1,0.2852635763471844
0,5.077261047442734e-06
0,0.2882264409589298
0,0.21844340349688451
0,0.0012829223601639153
0,9.902163921551457e-05
0,3.519195672119915e-05
0,3.6871020802479187e-06
0,0.2848543564770313
0,2.0532163904711925e-05
0,0.0003877688139736221
0,1.2879851977845685e-06
0,0.2851379222319138
0,0.12654315907287442
0,0.23301365054714002
0,0.20823508147625927
0,1.4767007837091108e-05
0,1.0091835455119842e-05
0,0.20281779197134941
0,0.27987213195013266
0,5.324466697578544e-05
0,0.0001928657240023998
0,4.0528819394376815e-05
0,0.2053497858108228
0,1.1752698188847525e-05
0,2.4593026785093214e-06
0,0.2885888312640696
0,0.2361827987324065
0,0.222537956073224
0,0.00021533242521067525
0,2.0693974662217305e-05
0,2.2711277944901564e-05
0,0.001282922357659721
0,0.20987890871528955
0,0.00010250889557626881
0,6.973706362502918e-05
0,7.599262465583048e-06
0,5.621817490877956e-05
0,0.2360074971100242
0,0.6567436553823299
0,4.167342519839954e-05
0,1.1311829905934165e-05
0,0.2277424016261568
0,0.00013082477513867846
0,0.0002603614147082481
0,5.935781896465364e-05
0,0.20228817068447158
0,1.8959705113575285e-05
0,0.22873560950741947
0,7.892922779230449e-05
0,2.4425111358951276e-06
0,0.22493169076804312
0,1.6845485810003874e-05
0,0.28820110014874245
0,2.84064896801249e-05
0,0.00014000420122193386
0,1.952632295050128e-05
0,8.461323366571678e-05
0,1.7759743883943517e-06
0,6.647562581333485e-05
0,1.794153029594463e-05
0,0.2499618037966132
0,0.00017594883876468037
0,0.0012829223619501985
0,4.157658536851221e-06
0,0.21349953212681105
0,0.21592738279189058
0,0.22045236487014006
0,0.21740366324726895
0,1.197904052822734e-05
0,0.23405006629685957
0,0.21574310831887203
0,7.268744677898148e-05
0,0.21999223672168847
0,2.003983226192977e-06
0,8.140093824193075e-05
0,0.2089539845181206
0,0.2773731367961111
0,1.0036219663656873e-05
0,9.236018949198241e-06
0,3.791605118792746e-06
1,0.24992095167569386
0,8.438397199262102e-07
0,0.28177473596872593
1,0.2102415631386736
0,0.00011964517172240538
0,1.2183282304057707e-06
0,1.320722413014065e-06
0,3.789778475153588e-05
0,8.094346301370166e-07
0,0.28670454372499765
1,0.2878874950503349
0,3.2818094542161605e-05
0,3.268158168411213e-06
0,7.298320801991156e-05
1,0.23907611633447062
0,0.656743655408686
0,0.2548589094231396
0,0.249471897675464
0,1.4208745569845642e-05
0,7.149700555852172e-05
0,8.407709326619036e-06
0,2.2334624221893434e-05
0,7.787293948588059e-06
0,0.00018833283200328898
0,2.6554108310181072e-05
0,0.00011668398367186367
0,0.0001445634073106078
0,0.0001782179883685698
1,0.3278044491342904
0,8.040208191888487e-06
0,0.0006398121856776695
0,0.07308273495029814
0,0.00012015281112976189
0,3.2683039731486275e-05
0,3.4227340198763673e-05
0,0.20716690275734279
0,1.613109468897637e-05
0,0.2653206913936586
0,0.1843466124147038
0,0.2691770461076904
0,3.324108280718379e-05
0,0.09850254223614889
0,0.0012829223601639153
0,4.399184573358563e-05
1,0.21885730732848002
0,0.21692804797299411
0,0.21731170494157714
0,2.09671749722806e-05
0,3.760966644939731e-05
1,0.20647732115755008
0,0.2795768019052235
0,0.10604979342801654
0,0.28603876533542183
0,4.520125837548064e-05
0,0.2092739681732838
0,0.20237331878771134
0,0.289588949898181
1,0.2137669969811531
1,0.22917782446748208
0,0.18147132227724835
0,0.00018449379644881262
0,0.2869501608479351
0,0.2270702510612207
0,1.4656472152614903e-05
0,0.23728979499159208
0,0.00015269385575900535
0,8.545884415248649e-05
0,5.758771699986961e-07
0,3.9183622784394775e-07
0,8.755610123044323e-05
0,0.2691770455887625
0,3.835023846830724e-05
0,1.9816577778787577e-05
0,4.221710959871385e-05
0,2.651964402463301e-06
0,8.241751607531067e-05
0,1.9236011991235923e-05
0,5.555927923659086e-06
0,1.5264285675009356e-05
0,0.25967720987275084
0,1.2450486808518145e-05
0,7.26874467804869e-05
1,0.2112653786489872
0,0.08734033242833923
0,0.0004097146582278781
0,0.2176832356689967
0,1.2600047405021255e-05
0,0.28806847990538714
0,0.0001025088955725762
0,0.2158513450251515
0,1.4175015986393096e-05
0,6.389581258208914e-07
0,0.25875825689826976
0,7.585430064700502e-05
0,4.473611744456223e-05
0,0.0001553317340115125
0,0.22698714159270278
0,0.00010630432503493857
0,3.777356931500474e-05
0,1.646685885939756e-05
0,0.0001445634073094077
0,0.20947197837496392
0,0.2762300370923665
0,0.28376257142509503
0,0.21393666203123438
0,0.27127143726358177
1,0.17251550502414947
1,0.12193628336287955
0,0.0001844937964324054
0,0.0001025088955697373
0,0.20230054803959174
0,0.11563170125494632
0,2.7483924436878187e-05
0,0.00010627540426588979
1,0.2857268206888831
0,7.59236304024998e-07
0,0.34971370994827633
0,0.21039783101394816
0,0.2825763055904284
0,0.2176348082819456
0,1.2045187031332344e-05
0,4.473611744456223e-05
0,0.25165853736406446
0,1.5888669261562103e-06
0,0.28764399228309123
0,2.633292583595425e-05
0,1.2388826914650175e-05
0,0.22932094647382315
1,0.2163590390560599
0,8.483893426290276e-05
0,0.24818188462639262
0,0.00017428570562599258
1,0.1879258621313435
0,0.20875968587978272
0,3.184160375459629e-05
0,0.11965576272485652
0,0.25425474455698865
1,0.20837539973685806
0,0.0012829223619501985
1,0.26567984183357435
1,0.28479693037385584
0,9.649193224303794e-06
0,5.465848206533112e-05
0,4.3571612773932406e-05
0,3.339974936439603e-06
0,1.9261287580344065e-06
0,0.23191720622196965
0,6.46747952422865e-06
0,8.627681280801563e-05
0,5.036956658611023e-05
0,4.3230645626525005e-05
0,0.00010251614609125382
0,6.840216143502187e-05
0,0.24094292466446376
0,0.00018403353401463593
0,0.260195772321405
0,0.36552054820432406
0,0.2257518951619532
0,0.00043863834222560374
0,0.0001238586393202462
1,0.2414399905277615
0,0.25103962992448836
0,2.918176801132489e-05
0,6.647562581508002e-05
0,0.0012395774814217995
0,6.015764536686495e-05
0,0.00015807099357703926
0,4.376584067781772e-05
0,4.305666713719813e-05
0,4.977065772402918e-05
0,0.27950568525542197
0,0.13031062159411705
1,0.20290765075966086
0,0.24983724611127342
0,0.005226638078687765
0,3.2586785933419036e-05
0,9.622272222418846e-06
0,0.2879789224295465
0,0.21699755324159498
0,3.710167480564379e-05
0,0.00014832900480618615
0,0.2484397678252393
0,0.00029586393763660583
0,2.8030704821569325e-06
0,0.2379154082906038
0,3.708903014853896e-05
0,4.2719519936061836e-07
0,0.2888638862676182
0,5.616930336618385e-06
0,5.695934829527385e-05
0,0.2250356863230995
0,0.0003325072125293197
0,1.7330438136526634e-05
0,0.17665866539126326
0,1.0143225468606373e-05
0,4.879821231512265e-06
0,2.2304419686756613e-06
0,3.1303278704917505e-06
0,0.0001526938557565006
0,0.20230870277561716
1,0.24358729777777174
0,0.2092137818953807
0,8.465134741535113e-06
0,0.11128968203349256
0,0.00018978627703456543
0,0.37717080298105343
0,0.00010311635850670465
0,5.050010144484805e-06
0,1.9375294835867363e-05
0,0.20767420766398667
0,0.2545748392551337
0,2.4972937862373923e-06
0,0.00026036141470865915
0,5.5027222934101166e-05
0,0.21207467768852234
0,4.722390645963364e-05
1,0.27646151792395707
0,0.24863577758261698
0,3.721248428249906e-05
0,4.755645268787085e-05
0,0.25630038747919937
1,0.37667620873291274
0,1.5884781881957893e-05
0,0.22105166285254185
0,1.2456131112859453e-05
1,0.2720216360548779
0,0.20713291562247296
0,4.307178175041331e-05
0,0.0003240752855352599
0,8.908726880185363e-05
0,5.482985250260566e-05
0,0.2865056255197324
0,0.0012829223578833555
0,0.21422486331549567
0,0.2177045173691531
0,0.00021533242522790735
0,3.1399642992347723e-06
0,0.00013082477513784706
0,1.7206563170450386e-05
1,0.2876676645202059
0,0.28292735930288654
0,3.997093265208565e-05
0,0.2890522429028436
0,0.00010312124492341996
0,0.28872498652260764
0,0.26223775228841406
0,3.1377954393679885e-05
0,3.6028946212199848e-06
0,1.624621834789918e-05
0,3.73410099142223e-05
0,0.00010250889557391662
0,0.1327640457233382
0,5.502491578259551e-05
1,0.28741954259028807
0,1.438980452693001e-06
0,0.27957680203490587
0,0.21282808577544118
0,0.00010226812795609482
0,2.124731765839133e-05
0,5.003658343706135e-05
0,0.23698893006826055
0,0.21812477908950687
0,0.27005000000142637
0,5.1586010455897606e-05
0,6.647562581497493e-05
0,0.0012829223647219743
0,3.348472748502826e-06
0,3.948808064589871e-07
0,0.0012829223601639153
0,0.0012829223590066297
0,0.21611672299871795
0,0.2839083286004011
0,0.28097631416040275
0,7.98059070772714e-06
0,6.6999904077072105e-06
0,0.20786637845643852
0,3.180976900128726e-05
0,0.1349419901114231
0,3.7608490127467485e-05
0,0.0002603614147079906
0,7.196412754518086e-05
0,0.2060007267030125
0,1.4035622335702936e-06
0,4.253909376075198e-05
1,0.296407258240559
0,7.246661951583846e-05
0,0.23212394597352637
0,0.21771797869590462
0,4.533081501784738e-05
1,0.22096147959938925
0,7.280508551087328e-06
0,0.08802988159816084
0,0.0012829223575308777
1,0.2768602603103365
0,3.101569298048404e-06
0,7.444452356464996e-05
0,0.25599103268933265
0,8.515991001999071e-05
0,1.3169028742436783e-06
0,0.2213235456593415
0,9.842179201517762e-06
0,0.28653099748876515
0,0.27808776710036015
0,1.0398356547718568e-05
1,0.2868149022667527
0,0.2733557472014441
0,0.2689898706706637
0,1.224688125885429e-05
0,1.6586943157358084e-05
0,7.26874467820814e-05
0,2.2961727538530898e-05
0,2.8788115603408633e-06
0,0.11851235568772968
0,2.5291239632250802e-05
0,9.835491606889672e-05
0,0.28627805775502535
0,0.00026036141470851305
1,0.2567124760616192
0,2.881345449166268e-06
0,1.626139456864111e-05
0,0.3348069147642215
0,1.5576255598394096e-06
0,3.1527941536398426e-05
0,0.22056390148501565
0,0.0002354509048302007
0,0.25918149345894764
0,5.57748716717695e-07
0,0.00012089186070747997
0,0.20905254813690724
0,0.21613267128237332
0,4.935752013282493e-05
0,6.465543111463105e-06
0,8.461984734549443e-07
0,0.2665246641803016
0,1.0623261469557362e-06
0,8.994976772113515e-05
0,9.97861709292578e-05
0,1.435890795854379e-05
0,0.21471747732952218
0,0.20713291562247296
0,2.9640065969727433e-05
0,0.2895663119802172
0,2.0697810528112585e-06
0,6.131491043168702e-05
0,0.0003877688139904764
0,0.28913172461022746
0,0.001282922362557235
0,4.0126634860324056e-05
0,3.9156171046919205e-05
0,0.22800627255815728
0,0.23452725245108702
0,3.863431140415509e-05
0,7.394326848371897e-05
1,0.23656120001340605
0,3.1678497437732665e-05
0,1.151192978950437e-06
0,3.6981509829312745e-06
0,3.89291534666954e-05
0,0.21827349598264614
0,0.00013398701958140558
0,0.0002367898290348891
0,6.266357923407545e-05
1,0.2173662120610732
0,0.28761284270428017
0,0.21772885145011728
0,0.22041270500804017
0,0.2329540213774875
0,1.721226474892614e-05
0,6.157128856174832e-05
0,8.841820238429594e-06
0,0.2028646607431939
1,0.28450571443249656
0,0.21396193952550543
0,0.000215332425211948
0,4.722390647440661e-05
0,0.2884473173826213
0,0.0008085102815858227
0,4.184277865816733e-06
0,5.215668402597405e-06
0,1.6239224543423807e-05
0,1.908078652745947e-05
0,2.6044105533884664e-05
0,0.0001163647804937627
0,0.2537600544635869
0,0.2227978358573937
0,5.513589902539147e-05
0,6.309961317839872e-05
0,0.2578574243045103
0,0.21274697196129377
0,0.22512970340551355
0,0.2553700705472501
0,4.3864190579440526e-05
0,0.0012829223607954791
0,4.87436443210072e-06
0,6.378173332702206e-05
0,0.0012829223601639153
0,5.797998608934771e-05
1,0.6567436554214134
0,0.28163922466670505
0,2.074717006627396e-05
0,0.22269598903817195
0,0.20099576151416573
0,9.545497056242649e-05
0,0.33691861778374366
1,0.2862952725612121
0,0.2308054492332378
0,0.00010951357200559098
0,8.731293572919359e-05
0,0.00011611171009461696
0,9.155652598782454e-06
1,0.20613278712541858
0,6.396618388252138e-05
0,1.1554137377220415e-05
0,3.1666521692425713e-06
0,0.19220798264623837
0,1.7225753401959985e-05
0,0.0001762405219828021
1,0.2868006667883454
0,2.4698424552153015e-05
0,3.7119639898060526e-05
0,3.255009592291182e-05
0,3.7257953526254075e-05
0,2.4401558283597495e-05
0,2.8551667085041372e-05
0,0.279261341368736
0,0.2580570124067441
0,2.3452820840846877e-06
0,5.606995412928379e-05
0,0.2190343809225048
0,0.22302740983377833
0,0.00010388680455455065
0,0.21772849717473666
0,2.09382885414474e-06
0,5.8615063651086816e-05
0,8.032124794052145e-05
0,3.7768154502870683e-06
0,1.0238680879840398e-05
0,4.928187008309999e-06
0,0.2062177086622436
0,1.9278096542859334e-06
0,4.980612778262451e-06
0,6.848352366814929e-06
0,0.2839495042660868
0,0.246643623310764
0,2.2360412440480205e-05
0,1.53232792663187e-05
0,0.000132870359348653
0,7.268744677826829e-05
0,2.640761634804553e-05
0,6.021353133679546e-06
0,8.695713722515449e-05
0,0.2539628145389934
0,2.805191177986702e-05
0,7.585430064700502e-05
0,0.251533304927218
0,3.270072068234051e-05
0,4.329418738208554e-05
0,9.613357010307794e-06
0,5.041431161726304e-05
0,2.640761634839659e-05
0,6.791805671590507e-05
0,0.0012829223566721824
0,7.162918171140688e-06
0,5.410656750076302e-05
0,0.00026088288054707985
0,1.1095064775265419e-05
0,0.28506464147433236
0,0.22352224443426882
0,7.383915016747128e-05
0,5.0963347476712246e-05
0,0.00011479685677499355
0,1.4690256077962586e-05
0,0.2869105143796893
0,5.502898625649139e-06
0,0.2525376862003516
0,0.21854160321086197
0,5.752734923550602e-06
0,0.20233165436863032
0,0.12660229546583027
0,0.00022692920943923764
0,5.02412947610037e-05
0,2.640761634804553e-05
0,7.919924970047704e-06
0,0.28284266390064206
0,1.2165320739035913e-05
0,0.2237073029290427
0,0.20407777454708845
0,2.6044105533884664e-05
0,0.0012829223584672007
0,0.23728974760042215
0,1.9968624288667452e-05
0,2.285457483198848e-05
1,0.2812853365063821
0,4.869827290905628e-06
0,5.564206877742771e-06
0,4.473611744456223e-05
0,5.620794957764766e-05
0,4.571690567795807e-06
0,0.24811152427565883
0,0.00024404545957288428
1,0.28184863161060314
0,0.2077952898303957
0,2.2308676177733727e-06
0,0.0003006915484758874
0,7.268744678041356e-05
0,3.256764815100706e-05
0,0.00012774274441877974
0,0.28339754381593346
0,3.8310076577218874e-05
0,0.0001666136409079593
1,0.2661768927222739
0,0.2354179280737957
0,4.83248257647367e-07
0,5.264260069255181e-05
0,0.2470271637758089
0,0.00035120648496332954
0,1.2006734469136792e-06
0,5.502491578902006e-05
0,5.158601045438937e-05
0,0.00015316145150294348
0,0.27694964024984947
0,3.919236368787851e-06
1,0.21511121396001137
0,0.001282922357666787
0,8.483893425844005e-05
0,6.015764536827619e-05
0,4.559731747492997e-05
0,0.28732007613857563
0,2.320542144182881e-05
0,1.7334502046695165e-05
0,0.28654953449134957
0,4.179469678742361e-06
0,0.000848667304328118
0,2.1460345146666276e-06
0,0.21840328632651748
0,2.798050048617641e-05
0,4.0528819381977845e-05
0,0.25451396035871166
0,0.24362959230053996
0,0.204990997087571
0,3.2322459192811786e-05
0,0.27988183393248195
0,0.21337910969124535
0,0.20628413182805608
1,0.23079167852536253
1,0.22195808958205548
0,5.309368035018672e-06
0,1.5895882857408124e-05
1,0.20397508341804316
0,6.378173332704936e-05
0,0.27238955543477866
0,8.498306530700042e-05
1,0.20425990567110872
0,0.18960521885514084
0,1.7443508496320248e-05
0,0.0012829223570166646
0,2.640761634804553e-05
0,7.410851067879087e-05
0,0.28548184572181984
1,0.2812350334076594
0,2.064124640712249e-05
0,5.678244388572162e-06
0,0.0001083560632087005
0,0.2814635286020246
0,5.6954166554053986e-05
0,4.05288193777769e-05
0,2.5007242636644114e-05
0,0.0040686669041154
0,1.956354921616503e-06
0,2.8320157097096525e-05
0,0.001282922356964147
0,0.00018449379644006097
0,4.747884520399292e-05
0,0.25857116953262566
0,2.8909320747360193e-06
1,0.28133675410530395
0,9.621745228149962e-06
0,0.2863064591863968
0,3.710167480599585e-05
0,0.20950548603370386
0,1.1495737665156495e-05
0,0.22685158543834205
0,8.860998168382728e-05
0,9.422639248834654e-05
0,0.09268414794786226
0,0.00010502749093633481
0,0.2292066054356648
0,2.370670208831695e-05
0,2.9430161749049485e-05
1,0.2819222652146998
0,0.28911518998124275
0,3.768272752885485e-08
0,0.0012829223582400304
1,0.2828058924995969
0,7.370526823938372e-05
0,3.3932888017626944e-06
0,0.00018449379644006097
0,0.213737355292369
0,0.0012829223583423004
0,0.27751872467347893
0,0.21683659230784097
0,8.623504997613491e-05
1,0.2238910750203607
0,8.15119269501321e-06
1,0.2526514062808919
1,0.21351683400730329
0,0.2827962064403398
0,0.2637200063668579
0,3.868964725468868e-05
0,6.536879394275774e-05
0,0.0002603614147088681
0,1.0049056267854276e-05
0,0.2188493483867365
0,3.6950651566230024e-05
0,1.4032101842993322e-05
1,0.32007893734847925
0,0.00010627540426653253
0,4.052881938227438e-05
1,0.28680066646128644
0,1.4771405353833576e-05
0,7.625885026106915e-05
0,2.640761634804553e-05
0,0.2887117875670971
0,1.3478044926858142e-06
0,0.00014769998662437012
0,0.2658381245708436
0,1.2363102545797806e-05
0,0.20686467433419356
0,0.22213909606023274
0,4.235644155464781e-06
0,0.0005965262968921933
0,1.2693838029386623e-05
0,0.20844089953914197
0,0.17229651689773826
0,1.3420220471723264e-05
0,0.22942959889805245
0,5.521016096723776e-05
0,0.22854806605307176
0,3.1841603752479864e-05
0,1.0476478779747654e-05
0,8.92298894482612e-06
0,7.757215498136487e-06
0,0.001282922358238228
0,0.00014456340731410305
0,6.017904973480923e-06
0,0.2807806518008415
0,2.9911030254304057e-06
1,0.2789597648183921
0,0.0001101225441484366
0,0.2270885509825375
0,0.2304100887337087
1,0.28593510801657496
0,0.2863751665599735
0,0.230412492836753
0,0.20674782085624704
0,0.2023052513317895
0,5.080349195382037e-06
0,0.0006361458452981834
0,4.544569663627173e-05
0,6.0603275978121136e-05
0,0.25308446858057043
0,0.24255932703898447
0,3.2878690611110555e-05
0,0.2892141313205419
1,0.20833186159461964
0,0.00046804699874696866
0,7.268744677946307e-05
0,0.22275434043860434
0,0.0014572461778119725
0,0.0012829223590594843
0,4.754283389163082e-05
1,0.2867045437255854
0,1.878706562548258e-05
0,3.1377954393679885e-05
0,2.8846961147677128e-05
0,0.00014456340731163508
0,0.00010250889557626881
0,7.320501774549514e-05
0,8.140093824193075e-05
1,0.33172615672618727
0,0.00013525495534918148
0,2.870700321829169e-05
0,0.14036264483423702
0,0.255580676990239
0,0.0003171915119093107
0,1.2286912998459e-05
0,0.2136033328441936
0,8.860998168566259e-05
0,0.2891923088846731
0,2.7255849352640495e-05
0,0.00010627540426883998
0,6.087256319686869e-05
0,2.8846961131025335e-05
0,0.2664484081018624
0,0.2824208913991217
0,2.8653927901982498e-06
0,0.2806029939669529
0,6.497203690132447e-06
0,0.23597274956445233
0,0.28495816188518996
0,0.21739592544863592
0,6.105730217245764e-05
0,3.416410220035411e-06
0,0.21770416463593906
0,8.994976771716458e-05
0,2.902737635603573e-05
0,4.326799063077252e-06
0,0.0001027630757479656
0,5.2293524035897e-06
0,1.8795918327820748e-05
0,0.28680066634953755
0,0.27165297828865304
0,3.389592802148643e-05
0,0.21383748942453984
0,3.36515229106014e-06
0,1.8131837888232094e-05
0,0.0001461566652508957
0,1.6445736239126344e-06
0,3.6592671964352405e-05
0,0.2865314362381545
0,0.20634632858136656
0,2.640761634804553e-05
0,2.2753000086051433e-05
0,3.579949673471862e-05
0,0.28881028370075934
0,0.20247061794977475
0,0.0012829223586264232
0,0.28546332056138946
0,0.22575198293595106
0,0.20230254569666728
0,0.21360056247059578
0,0.21690182723079698
0,3.2293553054191796e-05
0,8.257595000794122e-06
1,0.23939237649730283
0,0.287285699458098
0,7.120494213866646e-06
0,0.00015269385576204792
0,0.27647002153689515
0,1.4699919744427833e-05
0,8.345412451111304e-05
0,0.0001526938557599665
0,1.5933671700909468e-05
0,0.24262058402216402
0,2.0539252233920753e-05
0,0.2300794553980493
0,0.00010287243114896613
0,6.647562581730824e-05
1,0.21819822582292134
0,0.22227293597829426
0,0.2845800481325392
0,0.20232386657906212
1,0.28859205523768355
0,0.23029394879817813
0,0.20555106994111316
0,2.14345893181282e-05
0,2.640761634804553e-05
1,0.22811575226837796
0,0.2511965630713868
1,0.2852843649640186
0,0.2838042756733103
1,0.23076883430578587
0,0.0002117476245676127
0,0.21745124376953578
0,1.7239240905260525e-05
0,2.242620935442939e-05
1,0.28781293580076495
0,0.00032256148479784923
1,0.27889600044970025
0,1.4032101842993322e-05
1,0.2885859110403013
0,0.2833178833983877
0,0.22693280111704398
0,0.00010108230905541177
0,6.509832612321472e-05
0,7.248264337412343e-05
0,7.5544000691328e-05
1,0.28383617050052967
0,0.22291018272880198
0,0.23031381030927867
0,2.5016544681160166e-05
0,7.825268395712348e-05
0,2.5691388434236133e-05
1,0.27316943388298354
0,6.555541790971555e-06
0,3.721248427805627e-05
0,4.7223906467145985e-05
0,8.205659291131023e-05
0,8.483893426083137e-05
0,7.706631161540309e-05
0,8.975099939539445e-06
0,2.9636922011652372e-05
0,0.15320922155859956
0,0.0009539228526998567
0,0.0012829223568695005
0,4.19500276288615e-06
0,1.604619897323089e-05
0,0.00015256772420779412
0,0.1955151008119039
0,0.2881816964210459
1,0.2153512511200525
0,4.052881940352108e-05
0,0.24939500430931003
0,2.1422916942323766e-05
0,8.975401526595265e-06
0,0.0001526938557599665
1,0.28869441938548723
0,0.28060299358322305
0,5.397347865406336e-06
0,2.6044105533884664e-05
0,3.3651522917028555e-06
0,0.00011964517171887925
0,8.140093824193075e-05
0,0.0004484466340743717
0,0.21445995708359802
0,8.890459999324622e-07
0,0.00015673215667296145
0,2.4379143990463316e-05
0,5.911066917946232e-05
1,0.2422204800088413
0,1.4305567793495129e-05
0,0.285365327431398
0,0.20233565872061382
0,3.514440209588212e-05
0,3.3057008977853644e-06
0,2.0628083874006343e-06
0,2.6790514805048633e-05
0,0.19812421999441696
0,0.2023054988780997
0,3.95946903735683e-05
0,0.14088501318931268
0,0.2621805745624713
1,0.2876979490414443
0,0.28485434285220707
0,1.9718779958978737e-05
0,0.00011857999396695107
0,0.0014572461767275683
0,2.4695204381990715e-05
0,9.69861336655044e-05
0,7.53175811550227e-05
0,2.1130586299226554e-05
0,6.378173332704936e-05
0,0.2022860464820929
1,0.20308767367909977
0,0.2564121861700437
0,0.287856499170634
0,0.0004403580157614363
0,0.21752558780151945
0,0.00010689506854795794
0,2.7772709116337506e-05
0,6.227630934448113e-05
0,0.0005238249028456243
0,0.0006730125256380573
0,4.052847952391509e-05
0,6.43013517351271e-05
0,0.26314351908100375
0,0.26253790600621874
0,0.2895600994961483
1,0.2882558852389538
0,6.109641018742662e-06
0,6.9260534764952e-05
0,1.1993262283357253e-06
0,0.40126207760022137
0,0.23323466652665611
0,0.2755225663892083
1,0.28951005960766246
0,4.4135487607846634e-05
0,0.20234335821183808
0,3.079882169877527e-05
0,7.979698332011893e-06
0,2.31715265457517e-05
0,1.744522240342527e-05
0,1.879591833582887e-05
0,1.0238801086316456e-05
0,0.2401390490571787
0,0.2177455050972678
1,0.21994086217003367
0,0.27262697094552685
0,0.0001196451717275523
0,0.00012024284615748451
0,0.20543676500892205
0,0.2523202290758193
0,0.0001986177782618196
0,0.23264735624158103
0,0.2144538132288334
0,0.118316627574937
0,0.21747572563055007
0,4.5294644386524124e-05
0,9.48012611652962e-05
0,3.245018244395754e-06
0,2.0747170067433927e-05
0,0.21650194819944987
0,0.0003611616590246725
0,0.28384903562154523
0,0.28431150298701685
0,0.17941750337811319
0,2.3205421441838746e-05
0,0.00044035801576359384
0,0.27944204858463184
0,0.2866752844583706
0,0.22154809737777906
0,3.3570649048106634e-05
0,6.015764536602892e-05
1,0.2148010411223964
0,0.0007065155662360165
0,1.9645435947094455e-06
0,9.90216392137913e-05
0,5.242137535408582e-07
1,0.2895522787217306
0,0.00012837552937807595
0,3.4429145019324164e-05
0,2.198670238459571e-05
0,0.26642021358974277
0,0.2410815191504278
0,0.2875509457602909
0,0.2380003844520856
1,0.2804938323483292
0,0.23881054382565461
0,9.050056807234974e-07
0,5.253569109074513e-06
0,3.870670865877074e-05
0,4.991701673472518e-05
0,0.21952278394050262
0,9.604665597904336e-06
0,2.214084150421433e-05
0,2.360744646596746e-05
0,2.6407616340232797e-05
0,1.1518041712379011e-05
0,0.28830969038420884
0,6.647562581387092e-05
1,0.22983141800258747
0,0.2751846612156566
0,0.21186385589434095
0,1.0247963798047222e-06
0,3.721713458188113e-05
1,0.2330071651487547
1,0.28055929096782667
0,0.2338423837616226
0,3.6553734124697347e-06
0,0.27141925278532836
0,3.5257059317116076e-07
1,0.2894109492404527
0,0.28776250547252347
0,0.26563133083028545
0,7.460119604135655e-06
0,0.21112331313586383
0,0.07457788408124602
0,2.6496521961430456e-05
0,0.00021533242522790735
0,0.24165095604346978
0,0.2328865128406544
0,0.20998552315569027
1,0.20360522016638072
0,0.16779965089153348
0,1.8242906623005701e-06
0,0.0227679155798026
0,0.001282922357431983
0,0.28940053529909704
0,0.2745364197629655
0,0.20645454694023188
1,0.24265278888788552
1,0.21765072350692238
0,0.2143017484046859
0,0.24279410708379726
0,9.85505941898399e-06
0,0.001282922357431983
0,0.28903725526782054
0,1.3189173453125212e-05
0,3.0117216935291213e-05
0,0.13401751047646263
0,3.273026510280062e-05
0,3.072870221048233e-05
1,0.20669083891875356
0,3.759788530938277e-05
0,0.20220688566405462
0,0.23011814363970604
0,0.28344540558079145
0,0.0007423749368474323
1,0.2791927587198873
0,6.836738792996595e-06
0,0.2883287166773492
0,0.2822102927778755
0,0.20936284082344112
0,0.24005924007547796
0,0.000324764455672687
0,0.2334237808076176
0,0.14672458867760976
0,0.28806988191430266
0,5.6053235389694e-05
0,0.00011035719046551685
0,2.5820968911670028e-06
0,9.823376482076245e-05
0,0.00019861777826728398
1,0.22361912392870212
0,0.0002603614147081136
1,0.2852443834375195
0,0.2603062947359405
0,7.84549716610429e-05
0,2.052338716430761e-05
0,0.00018449379644085525
0,2.7225033238252673e-05
0,2.1012574503628753e-05
0,0.23020818845324711
1,0.2363441450933619
0,0.28455267634074327
0,0.23168907708634826
0,5.519806636280149e-07
0,3.710167480463791e-05
0,0.00201731800880886
0,6.832676450785424e-07
0,0.2061156367974739
0,8.483893426048463e-05
0,0.28926821214559
0,3.361234909358599e-05
0,8.143849500727306e-07
0,0.2034313275132729
0,0.0004391527015401046
0,7.60451824802824e-05
0,1.0077291638100933e-06
0,0.7371674883605838
0,3.942297810035537e-05
0,4.92914023600305e-06
0,8.356249538947287e-06
0,0.28353499254531395
0,0.217156406326525
0,0.16293331348917428
1,0.08276074976380905
0,5.502491578275463e-05
0,0.2433470419393389
0,8.761579216064932e-06
0,0.2883754932453391
0,0.2355196539698086
0,0.2646332621342972
0,3.725795352693905e-05
0,0.23100208981374032
0,0.2022925751051473
0,0.2183663227563283
0,4.0494864795514966e-05
0,0.20516427590484948
0,1.5884781885001984e-05
0,7.244079008598464e-05
0,4.415826190928149e-05
0,2.840648968145126e-05
0,0.046710150141473394
1,0.2473305222909275
0,3.010120740001261e-05
1,0.32916931311076425
1,0.22507948289561827
0,0.27830380973215146
0,0.22744068172435666
0,0.23026592732421733
0,0.260558672402347
0,0.27661721304416087
0,1.4032101842993322e-05
1,0.2875092128146197
0,5.4908247849072697e-05
0,0.28765984651163784
0,0.27073293034819623
0,0.00015807099358227685
1,0.22351607536253337
0,0.19928914974589818
0,0.0012829223567436465
0,2.3614187359582365e-05
0,0.00015869408673918484
0,1.7443508496320248e-05
0,0.23044397522985205
0,0.22012754701714032
0,0.00016189171602548692
0,1.696242503194806e-06
0,0.28670541199070665
1,0.2072598796880582
0,0.0012829223619501985
0,0.23198590816299497
0,3.081294600194237e-05
0,0.21702113974221998
0,0.2370559701721748
0,3.077004794749845e-05
0,0.22622587555466525
0,0.20885247040753177
0,0.0001027266802216116
0,0.21553342312849935
0,1.0510548845772976e-05
0,0.20231667890994362
0,0.005688344814595958
0,0.23160903929547244
1,0.2774398686359644
0,0.2708201086468208
0,0.2581076261317084
0,0.0001986177782524916
0,0.21525461095223947
0,1.142582718679494e-06
0,0.00012322718361829063
0,0.2095344795566831
0,0.2072734942282029
1,0.2176964335039932
0,4.6301723848056225e-05
0,1.1053588685953847e-06
0,4.001293320357439e-06
0,1.476700783505159e-05
0,2.5831211873908646e-05
0,8.140093824193075e-05
0,4.3629785669799224e-05
0,0.00016027553390940863
0,0.00016504548969303482
0,1.9716630768362098e-05
0,0.21531334838804655
0,0.00011384360618721479
0,9.922628063754436e-05
0,5.502491578560977e-05
0,9.20372330798556e-06
0,0.28264799897851206
0,3.079389963323997e-05
1,0.23481961552028704
0,0.28161148804122627
0,7.42057756223848e-05
0,1.217481701763387e-06
1,0.2551192863651251
0,0.22677209139103854
0,9.08872872538872e-05
0,0.0001445634073153278
0,0.28310089262793614
1,0.6716917177107249
0,7.95349802842536e-06
0,0.00023545090484221068
0,0.12876048427008496
0,0.27900205755399093
0,2.5061477412364415e-05
0,4.7223906469794325e-05
0,0.28849302142072125
0,0.0001638934596595653
1,0.2329477718564928
0,0.28664427234226664
0,1.0510548841623561e-05
0,5.401658257729219e-05
0,3.320439420561544e-05
0,0.2873152948210013
0,0.00013082477513453336
0,5.71711669232574e-06
1,0.6567436553898833
0,0.2858537818430471
0,0.027691059853774933
0,0.2783038095682899
0,6.675875239614742e-05
0,0.2849750708505301
0,1.698858109437297e-05
0,1.2945775047407884e-05
1,0.25314896106674756
0,3.7688717815967184e-05
0,0.2829949716270688
0,0.28015932443371133
0,1.3178319919231257e-05
0,0.20433213843572645
0,0.2647610377030121
0,0.218547813876753
0,4.7233560409571626e-05
0,8.121054647253162e-06
0,0.26743592929633403
0,0.00011964517172370018
0,0.000123858639319467
0,0.00019724440230261143
0,1.6307702438818607e-05
0,0.21751375985010243
1,0.23491069044022
0,0.0019395099278013699
0,2.6697014419193817e-05
0,2.6072746633441502e-05
0,0.00019861777825460418
0,0.2117596034486364
0,0.00011964517171918886
0,0.22933286280881351
0,2.5880037368522626e-06
0,0.08308421051621961
0,4.5135991385325396e-05
0,1.7443508496320248e-05
0,1.2796454935484874e-05
0,0.0012829223603437513
0,4.0374172584266583e-05
0,0.27987213195013266
0,0.2141812287543943
0,0.28530048774279504
0,4.1497627271680174e-05
0,3.361234909226937e-05
0,0.00018449379643205215
0,0.2074187567342494
0,7.2004519196112195e-06
0,0.25562931024254
0,2.3205421441841385e-05
0,0.24020677724829861
1,0.2884894177572513
0,2.031844262880052e-05
0,0.20723934374279687
1,0.2244044417594107
0,8.483893425822516e-05
0,5.068009802436017e-07
0,3.077004847147522e-05
0,0.20987890871528955
0,0.00013082477513432305
0,4.722390646376216e-05
0,2.4369855286760313e-05
0,0.2772190022727021
1,0.2748276815762838
0,2.444293255993967e-07
0,6.64826720910483e-05
0,2.8167086257665952e-06
0,6.131491043492285e-05
1,0.2277284953495073
0,6.647562581243854e-05
0,6.4706099510922204e-06
0,0.24402345103654477
1,0.15344425190390584
0,0.00035242672247312264
0,0.275033260385171
0,0.24076075903975977
0,1.7761883003971561e-06
0,4.0528819379618716e-05
0,5.935988790457786e-06
0,1.5227575593480863e-05
0,5.577812372707218e-06
0,1.7206491027206855e-05
0,0.0006234414722270191
1,0.28826657686830215
0,6.608249452564483e-06
0,0.2880903946851022
0,4.551262236150567e-05
0,0.23300136478720807
0,1.7805709280284675e-05
0,1.7575707169458798e-05
0,4.722390646885962e-05
0,0.25482709651945357
0,0.23104358978972372
0,0.27581066740804755
0,4.084145515566778e-06
0,0.28173402116692314
0,0.20530288674862632
0,3.510304188620671e-07
1,0.21761191808927066
0,5.403441246653658e-06
0,1.6423627033040313e-05
0,0.0012829223586812602
0,0.2168372985075462
0,3.821039596882293e-05
1,0.28813255568406737
0,0.28952057569125667
0,5.401168544983208e-06
0,8.092546131986711e-05
1,0.20594399722352263
0,0.20589118920877417
0,3.286202543316294e-05
0,8.491894283329759e-05
0,3.434379005615509e-05
1,0.27149565291277744
0,0.22154716559143653
0,4.473611744456223e-05
0,0.28485329336979825
0,0.27645586478269857
0,0.20230254569666728
0,2.3035720169779935e-06
0,1.6627922153793713e-05
0,4.083642364992166e-07
0,9.989392964888972e-07
0,0.001282922357368618
0,6.608572923386921e-05
1,0.19920633329202386
0,0.28831866002462253
0,0.21173063989545243
0,0.0001526938557577934
0,0.28113231283881945
0,4.052881937889326e-05
0,3.042389829715406e-07
0,1.1140070376308136e-05
0,3.265396075276353e-05
0,0.27830381019772676
0,0.00011087013637271537
0,0.21045035691811462
0,0.2285803485575283
0,0.2835457820803264
0,3.6760085794771654e-06
0,0.2171878634432519
0,0.1177962441075398
0,6.402708206502816e-05
0,0.2847120747205819
0,0.2544091963808969
0,0.0005965262969539575
0,9.348137548177154e-06
0,0.18750224157928982
0,0.12840366681880627
0,6.170874183175421e-05
0,0.27645586506316894
1,0.28439012519333273
0,2.2232882527738822e-05
0,7.743288822612252e-05
1,0.24179609908992342
0,0.20978140149366228
0,0.00021019555180794479
0,0.20386863637837754
0,0.2727901850985528
0,0.0001526938557599665
0,2.826944738297646e-06
0,0.2792320621953522
0,2.3205421448942462e-05
0,0.27694968007494053
0,0.2174842319218875
0,3.417915803994794e-06
0,0.2072734942282029
1,0.2890568408226616
0,4.7223906470814844e-05
1,0.23309869928302654
0,2.141265677191376e-05
0,0.2380718391866531
0,0.00010444804275602635
0,5.505333625743236e-05
0,0.22628871245590843
0,4.722390646513642e-05
1,0.24171788883493028
0,2.210629118999292e-05
0,6.4706099510922204e-06
0,1.0005449189461478e-06
0,0.22686165575609007
0,0.2604792442031225
0,0.22434051458340448
0,0.20972513815661528
0,0.28015932443371133
0,0.22897484624979436
0,5.3244666988526503e-05
0,3.184160376872826e-05
0,0.24493617819285654
0,1.902965289446474e-05
0,0.2134975232591715
0,0.24643318907208855
0,0.11579491600186718
0,6.647562581451007e-05
0,0.11544472397101846
0,1.588478188222468e-05
1,0.21671295064908774
0,2.6082263728406543e-05
0,0.28679490326285495
0,0.2846628419378187
0,0.22331782305997727
0,3.0492093086635428e-05
0,2.8495583077739953e-06
0,9.607441720684594e-07
0,2.7022603436723275e-06
0,0.2828334525868217
1,0.2645459254185293
0,0.286484196909505
0,0.2193333852129923
0,1.6857657501562776e-05
0,0.2869501447385754
0,0.28234732717278843
0,0.21193398233184704
0,2.966350467705599e-05
0,4.7834356313167166e-05
0,1.7907601136816516e-06
0,0.2036465589818852
0,0.0001025088955725762
0,5.87127098999944e-06
0,0.28509983704057407
0,0.00010250889557391662
0,1.4032101842993322e-05
0,0.20739361130807585
0,1.7206491027573657e-05
0,0.2489344281395302
0,0.1910120377357299
0,0.2217487520216263
0,0.20987890772905504
1,0.2622467753799976
0,1.420796893804046e-05
0,0.23240699196656098
0,4.7640816794342724e-07
0,4.323411529124586e-07
0,1.398550602356623e-06
0,0.0001308247751448472
0,3.491985832016535e-05
0,6.647562581358057e-05
1,0.20828240264233452
0,0.21833625206470963
0,0.6868136502574769
0,0.06551456616247887
0,0.22388384528536942
0,9.236018949102512e-06
0,0.23582988161746782
1,0.2599582001048046
0,6.131491043124571e-05
0,0.25059910180475997
0,6.378173332704936e-05
0,0.21832278456898643
0,0.01776215266524649
1,0.23197885116093367
0,0.2858529970703466
0,0.2555985417751685
0,4.428536922842476e-07
0,0.22389789030106327
1,0.28572682043634035
1,0.2877781187869206
0,0.22520531306551606
1,0.2601253345569588
0,0.22852226063286402
0,0.00010250889557341354
0,3.63265151470223e-05
0,3.776275553429882e-06
0,0.2532034391779681
0,2.280228926831204e-06
0,0.2539045267651782
0,0.2886842846623364
0,0.24412932447043068
0,0.00018449379644373674
0,0.2792728540051607
0,0.09036423091871452
0,1.3724405593200672e-05
0,0.0012829223581503856
0,4.524651521752765e-05
1,0.26480793136946396
0,0.22265925331263306
1,0.2848543432024366
0,2.8672697519136306e-06
0,0.00012669237853087144
0,0.28620531313774333
0,0.01977394688704122
0,3.900508369870844e-05
0,0.0001526938557570926
0,8.25954821758972e-06
0,0.0001618917160338233
1,0.23261187253336418
0,0.28336974641635143
0,0.2313194243031047
0,2.1858537583825772e-07
0,0.23404490588058716
0,2.266365559806398e-05
0,4.0813742033962525e-05
0,0.0001553317340115125
0,0.287136381043574
0,0.19837764307916358
0,0.20987890818437
1,0.21789635157461149
1,0.2790069392267952
0,0.0726952485190464
0,0.00013492658378326666
0,6.13574784726045e-05
0,0.27140312017748475
1,0.20525686549311278
1,0.2809930080779305
0,4.462171384080782e-06
0,0.27742094800051625
0,0.11542168094285078
0,0.0006322523823462985
1,0.25470649668426837
0,2.9914469798271244e-06
0,0.23747154228391337
0,0.29144848433422343
0,0.001282922359476744
0,0.2853073332752686
0,0.287018343717012
0,0.2426915281573033
1,0.27760363132291055
0,0.2754308772544707
1,0.20233630905506403
0,7.76096755749043e-06
1,0.21716131471454972
0,0.20229899627548048
0,0.24020786805272532
0,5.7075173712483896e-05
0,0.2800726446984729
0,9.795909990058775e-06
0,6.647562581413706e-05
0,1.8115425553537106e-05
0,0.0001145341112884042
0,7.497680921330853e-06
0,1.7443508496320248e-05
0,0.285152827270938
0,0.06873317614733938
0,2.6044105533884664e-05
1,0.25157858274538225
0,0.0012829223601639153
0,5.106943733447555e-05
1,0.2608563542081798
0,0.18089144719043507
0,0.20357515261319378
0,6.4744374276979566e-06
1,0.22037679506467336
0,7.234680484447541e-05
0,5.2885011784641296e-05
0,4.18362235731837e-05
0,9.053804722795718e-07
0,1.0850263857920064e-07
0,0.283891806459175
0,5.4658482067170156e-05
0,4.722390646353527e-05
0,2.132818855621516e-05
0,0.2386976655602594
0,6.5081833004438976e-06
0,0.21138835998953728
0,0.23943756296112115
0,2.186462155574462e-05
0,0.24879739827111158
0,0.28649862466055426
0,2.0103184533781624e-05
0,0.0001526938557577934
0,0.26076844934893323
1,0.24848625527870133
0,2.186462155574462e-05
0,0.00012277518958947215
0,9.3972122493629e-05
0,2.7401864589252562e-05
1,0.222058011114271
0,6.698651939528583e-07
0,2.678243947428189e-05
0,7.067386985209288e-06
0,6.050914306966962e-07
0,1.2439442862514632e-05
0,0.21489244160024423
0,0.27053499835684275
0,0.23989509229616823
0,0.288386194707572
0,0.2864626611472578
0,0.26098964211932074
0,0.22428935880909995
0,0.00014000420122193386
0,0.00010250889556912006
0,0.00020043265687002206
0,2.8479358353493174e-05
0,3.5901284806757924e-05
0,0.0012829223570535939
0,0.27969514486681146
0,0.2857613641038742
1,0.23562599087593253
0,2.8238818846043543e-06
0,0.2293085129767564
0,0.2792728540051607
0,0.2174720489425389
0,2.6695142017383677e-06
0,0.00011605521945640544
0,0.23872935802272394
0,7.416979475496501e-06
0,4.875489398775513e-05
0,0.0012829223585283911
0,0.23953450988196962
0,4.0901281561521873e-05
0,4.168468270121258e-05
0,0.00015707104291826836
0,1.1003601531699688e-05
0,0.20841765699905304
0,0.2199166852408829
0,0.0001308247751405401
0,0.2839083286004011
1,0.286800666657504
0,0.04977194310524673
0,7.751256873743078e-07
0,0.2853132918636295
0,6.378173332931328e-05
0,0.272295425712426
0,5.2567345883895534e-05
0,8.233830458032546e-06
0,2.400335591718627e-06
0,9.624758332073576e-06
0,0.2774356819213642
0,0.2848116835476616
0,3.5177904330951194e-05
0,2.0660577637636154e-05
1,0.2874600558753654
1,0.28015932494619283
0,0.23202111717841534
0,0.27124937384371156
0,1.9784948194408863e-06
0,0.26205060861438223
0,0.6567436554200431
0,3.725744955855454e-05
0,0.261593642992288
0,3.710167480485506e-05
0,0.283741186022558
1,0.23670099527582134
1,0.23242375607083013
1,0.20840171474053182
0,0.28346032834068297
0,2.5227314683699427e-06
0,0.2808019817154638
0,0.24470120608248563
0,4.381932929613492e-05
0,0.0518143393756803
1,0.277274445463835
0,0.2866062308415284
0,0.0012829223594451624
0,6.3211769384498665e-06
0,0.21774033195042813
0,0.0012829223570678609
0,5.705754062903907e-06
0,1.1455231674251006e-06
0,3.6341335468953475e-05
0,2.127172255789092e-06
0,2.2682678250401562e-05
0,0.0002603614147082786
0,4.298655856554916e-05
0,0.22996351371225376
1,0.28809259294163597
0,0.28627481037784086
0,9.087818597795216e-06
0,2.8406489679251465e-05
0,0.0001509887758952812
0,5.717995172445037e-06
0,0.16778348744004848
0,8.257595001881177e-06
0,4.749449151101034e-05
0,0.0001316520509372181
0,0.00018209603532913586
0,0.2081954754094503
0,1.2265798588653754e-05
0,1.0293586879362098e-05
0,4.189947520451083e-06
0,3.3971464045910395e-06
0,1.2152402988743856e-05
1,0.22325860395955818
0,0.2882557554386487
0,0.0001123024032645176
1,0.26476316312555515
0,2.6088343430520143e-06
0,0.001282922358426028
0,0.2679738130084955
0,0.00013082477513581576
0,0.2013813120216785
0,1.3396948798836058e-05
0,0.2480863388256343
0,0.2330244584028531
0,0.28666988924123354
0,6.301922628433783e-05
0,0.00011299527992465508
0,0.20600164706977575
0,0.00014456340731506075
0,0.2139239524157576
0,0.20686467433419356
0,0.20393797774491174
0,1.8638015953700268e-05
0,0.2838434050620403
0,2.9390206661139914e-05
0,0.21619206079943784
0,0.2736835224854329
0,0.2341063521137657
0,3.385536220524601e-05
1,0.6567436554062559
0,0.23858848703287733
0,0.23535454940115613
0,0.20229899628486606
0,0.23797564358203527
0,1.470421360278865e-06
1,0.2111362571177495
0,3.810015213318033e-05
0,0.0001025088955697373
0,0.2339989971705578
0,0.2883894499761669
0,0.00023441108469529566
0,9.116588526684744e-05
0,1.438794773228521e-06
1,0.2300657897753686
0,0.0012829223597576633
0,1.2041727676682835e-05
0,2.682399022360706e-05
1,0.2865516921815023
0,0.0002603614147068272
0,6.442743661670411e-05
0,0.20648804267703993
0,3.5614344511837286e-05
0,0.0002919022720803635
1,0.28825082195550533
0,0.0001292437280112796
0,2.300032324086864e-05
0,2.6816021087094484e-06
0,4.463003076733885e-05
0,4.872659930832913e-05
0,3.2542093354464446e-05
0,0.2811323089783221
0,0.00013082477513849208
0,2.629439963758782e-05
0,3.9894661782626476e-06
0,0.00023173992919518508
0,1.613109468897637e-05
0,0.00015817112625260017
0,0.24001734565765423
0,0.2334957252968506
0,8.032124793697987e-05
1,0.22559894746804007
0,0.217538037103115
0,3.262765755074573e-05
0,6.37817333258129e-05
0,0.2384218132358886
0,0.22428959033746693
0,3.6145712271350496e-05
0,0.2633006697150324
0,0.2981719832570789
1,0.2720161930701619
0,4.030954631204132e-06
0,0.24827851983646604
0,5.258026874256902e-07
0,0.2221859297610146
0,4.173775737507076e-05
0,5.541946672618739e-05
0,0.00018302173756871073
0,0.0001027266802216116
0,0.00022490253590455253
0,0.21339422693165427
0,0.2884231092974118
0,0.2703861011597679
0,0.24876765441905113
0,0.2173462552539475
0,3.1138222644578235e-05
0,1.4542463650565923e-06
0,0.2222729367141707
0,1.2260591436174772e-05
0,3.854697975723284e-05
0,0.2632528071775824
1,0.23559404524742442
1,0.2295334299360173
0,0.1968981797074525
0,0.0001896515503497435
0,5.959665718934412e-05
0,1.884415124020095e-06
0,4.8159851437311176e-05
0,2.027480299347794e-05
0,0.0012829223589191823
0,4.966500528176991e-05
0,6.848352366828725e-06
0,0.0012829223569482046
0,0.26829298476481606
0,1.9398552475312097e-06
0,0.00012714981015424115
0,1.7962749789568878e-05
0,0.00032343874380658637
0,4.562938440824576e-06
0,0.21396193951209996
0,2.0467566108027696e-05
0,6.79131046609649e-05
0,2.9577697747295114e-05
0,0.28802953110020674
0,7.031001175607202e-05
0,7.268744677781549e-05
1,0.22174961428840567
0,6.131491043437688e-05
0,0.00026036141470873824
0,0.29147603075930756
0,0.0001025088955725762
0,0.00020555622295741235
1,0.5133823680633366
0,4.2687632505856365e-05
0,0.00023441108469529566
0,4.650087000002538e-06
0,3.184160376872826e-05
0,3.5055273769039206e-05
1,0.232372135541612
0,3.2630771217134995e-06
0,0.2888687802271175
0,3.62586562294295e-07
0,0.22210031205377445
0,0.27902314026491554
0,4.504702025751438e-06
0,0.21802157942428937
0,2.640761634804553e-05
0,0.2816910533294037
0,4.383255291558471e-05
0,0.2812375885213883
0,1.8479617730300235e-05
0,2.9090739409438752e-06
0,0.000172598676000692
0,2.2382454181404363e-05
0,0.23500365279087734
0,4.063257772800762e-05
0,2.2866799872543847e-06
0,5.0779347025220755e-06
0,4.473611744456223e-05
0,2.2193007259610724e-06
0,0.00021533242521257402
1,0.23899700475800306
1,0.2850615735941556
0,0.21126537868419032
0,0.12423015798367791
0,6.219493947260288e-05
0,1.715435960634209e-05
0,1.8743539365272446e-05
0,0.0002229148976642809
0,3.4252564755895935e-05
0,0.0012777214942255226
0,0.0012829223611437227
0,0.0001400323527627133
0,0.2225863806614955
0,1.0813644507704313e-05
0,3.656582990113104e-05
0,6.647562581345953e-05
0,2.8945752587045104e-06
1,0.2425120380161265
1,0.23410567574678434
0,2.2930931819529187e-05
0,0.23356175771049217
0,1.7931099097584883e-05
0,0.21931349472876463
0,0.2229024103956435
0,0.27830380993620113
0,0.2177873361910233
0,5.65354217243908e-07
1,0.2834211813322539
1,0.2880328659636353
0,1.9526322950917676e-05
0,0.208042748770785
0,6.88167844645714e-05
0,9.56884051984404e-05
0,0.1774574099694117
0,8.994976771743428e-05
0,7.178374730817144e-06
0,0.00018449379644122223
0,9.902163921569749e-05
1,0.7032039625164779
0,3.789076533027864e-05
0,0.00017862190218993543
0,0.2846998914778946
0,0.0002229148976593113
0,0.2763324169506937
0,8.483893425802534e-05
0,2.0398642371904967e-05
1,0.2886156040584676
0,4.5635453105162744e-05
0,0.0003877688139628067
0,1.8479913018006055e-05
0,2.324276598134896e-05
0,5.386357652290411e-05
1,0.6567436553898833
1,0.2765107436665563
1,0.28271033085157854
0,1.914389062812944e-05
0,0.00011964517172179143
1,0.28898908257402495
1,0.17447278970918087
0,2.7513537926824978e-06
0,0.18971939298966845
0,0.2782714442757814
1,0.2867406240056594
0,0.2524002413756805
0,1.528127208047877e-05
1,0.19405398899973186
0,0.24510604498695698
0,1.8058441285954883e-05
0,2.42772909240536e-07
0,4.221980647053903e-05
0,1.3415752730009536e-07
0,0.2895778914176286
1,0.27254043392105887
0,3.217925127319255e-05
0,0.20227735635231314
0,3.361234909485832e-05
0,8.573844258644896e-07
0,0.21761490509350295
0,1.6649780369363936e-05
0,0.2540658840211292
0,0.24307657633604865
0,0.2048693067463177
0,0.26867945855556025
0,0.23891724761375338
1,0.25184172751103634
0,1.992651808314609e-06
0,3.1377954393679885e-05
0,1.7206491028779785e-05
0,4.3841521952086215e-06
0,5.36481082623608e-05
0,0.2297842781455507
0,2.4968747701169396e-06
0,0.2836471340767222
0,5.4369162555362746e-05
0,0.00030258002587517114
0,0.21668323087480446
0,0.162471770900847
0,0.00026036141470725955
0,1.802322487155771e-05
0,0.2603912596151501
0,0.28897858060162007
0,2.640761634804553e-05
0,2.640761634804553e-05
0,0.00010738763886893363
0,0.11498699897207809
0,5.3374665690853475e-05
0,0.11831344856928756
0,0.00011964517172091463
0,0.00021533242521653325
0,0.22093862479823986
0,3.561434451214676e-05
0,8.14009382395925e-05
0,2.0532163908700542e-05
0,2.0456727981452856e-06
0,1.887662352767403e-05
1,0.8507077868362163
0,1.613027106740092e-05
0,0.20227985073640026
0,1.8174443472267134e-05
0,4.919605211413927e-05
0,8.483893425869772e-05
1,0.24695123535085875
0,2.798050048617641e-05
0,2.709626694508194e-06
0,2.186462155574462e-05
0,1.956448436532972e-05
0,0.2866635249675599
1,0.20233630905506403
0,6.194818267025462e-05
0,2.300611769511661e-06
0,0.14197334069701567
0,0.2711394063188927
0,5.591662391434087e-06
0,0.2023265363197178
1,0.28695626218138814
1,0.20267823901922907
0,0.2776758133673702
0,0.00037719380607949347
0,0.2177324919888958
0,5.4797716926702944e-05
0,5.376801801954898e-05
0,3.299852228354213e-05
0,3.7101674807842264e-05
0,1.745034165050346e-05
0,7.356316915504532e-05
0,0.28634777785415133
0,3.456162827284589e-05
0,7.974348935038546e-06
0,2.1707550952298074e-05
0,2.5831211873908646e-05
0,0.0012829223577675798
0,1.187299619502978e-06
0,0.08104423904909025
1,0.22678203864873694
0,0.20276942442778215
0,6.412990269737613e-05
0,0.2066149905619484
0,0.001282922357136346
0,0.22974414354219677
0,0.2095344795566831
0,0.21900978651775402
0,0.23255932464928192
0,0.28815214704316877
0,0.6092719340404313
0,0.00023545090483782937
0,0.22697875556926347
0,5.517857285391744e-05
0,0.2082814340918055
0,6.269848113671887e-05
0,0.2285500402423312
0,5.063783731011785e-06
0,2.798050048617641e-05
0,3.531492476028649e-05
0,3.721248428250098e-05
0,3.835169936177564e-06
0,1.742595348464782e-05
1,0.34872838219689584
0,3.6755245702987595e-05
0,0.00017701812233176245
0,0.21747910706751342
0,0.03082534516558808
0,1.2530474934413812e-06
0,0.23203496639885252
0,3.769238112515082e-05
0,0.21594065201851012
0,9.579945534955892e-06
0,0.21439881171660433
0,5.1856003519091796e-05
0,0.15703940570884342
0,0.0012829223647219743
0,2.1820687576889103e-05
0,0.0012829223577161034
0,0.0001196451717234235
0,0.22925666845912301
0,2.06605776383434e-05
0,0.24310699637732716
0,0.21944754716798445
0,2.8846961147677128e-05
0,0.20670548554115084
1,0.28086824231724977
0,0.0002153324252238999
0,0.2381575100790228
0,3.307924399061735e-05
0,5.380765266453258e-06
0,0.2073433484442029
0,2.6044105533884664e-05
0,5.5255643600869475e-06
0,0.0001666136409079593
0,2.953653213310543e-05
0,2.6952888226713526e-05
0,7.562321774146889e-05
0,3.890543377830177e-05
0,0.2533850708229603
1,0.21036667112868201
0,0.2022641673338665
0,0.21632240593450822
0,4.2389101101806475e-05
0,1.406521059345061e-06
1,0.28693174091224344
0,0.2255755304220827
0,1.027350521365545e-05
1,0.2823643550614862
0,8.032124793479019e-05
0,0.20232275994881643
0,0.00021780896600124075
0,2.242440397053938e-05
1,0.23275123426769476
0,3.2425068535645714e-05
0,0.28878397394370464
0,0.0003826129944143098
0,0.20233162972998928
0,0.2602436344500303
0,0.2177708616763393
0,0.222132835707531
1,0.23003260303801795
1,0.24254897273050477
0,0.2871572025318622
0,2.348989795681817e-05
1,0.7956088078145361
0,0.20917749102336142
0,3.709304341021761e-05
0,4.908289178870473e-05
0,3.765504224765649e-05
0,0.27028127225728826
0,2.9692937154568022e-05
0,0.23258207341390816
0,0.27076215342712934
0,0.00026261192066680104
1,0.28956132880941793
0,2.193115762013905e-06
0,0.2086122721098988
0,0.23386927624284296
0,7.444452356934796e-05
0,6.429762739857183e-07
0,0.00010398010294618148
1,0.25556290675279575
0,2.070640454533281e-05
0,3.789778475212114e-05
0,0.00025511438435689925
0,0.0001526938557565006
0,0.00012532113743521334
0,8.535117664453348e-07
0,3.840888565860605e-06
0,8.526552936873605e-06
0,7.268744678112625e-05
0,0.002829378929192544
0,9.63590654109799e-08
0,0.09431483141927532
0,0.00010014003786183456
0,0.0008544214189404552
0,9.23601894899715e-06
0,8.089140737775598e-07
0,1.0158290451454778e-06
0,3.653572173196607e-05
0,0.22268757322384347
1,0.21819555808442673
1,0.2859594389875009
0,6.365742136108282e-05
0,5.104633891862545e-06
0,1.0458478067656875e-05
1,0.14367376800570664
0,1.0987643611772037e-05
0,3.159441096811195e-05
0,2.4379143995378435e-05
0,0.3154054340927883
0,0.2541813456106429
0,0.17622256183543092
0,4.537960989200879e-06
0,0.23963667058721425
0,0.2851540374900803
0,6.840166956325286e-05
0,2.6902814882608464e-05
0,0.22943335876312032
0,2.266365558991314e-05
0,0.2022830619612389
0,0.00029919920254237284
1,0.28653969125873036
0,8.35402913308452e-06
0,0.28150877461389384
0,4.8743644684348605e-06
0,0.0001509061574665849
0,1.2766066526836143e-05
0,0.214699520678237
0,0.0012829223582430588
0,1.051054884039978e-05
0,9.532533781964436e-05
0,0.06690818718813056
0,1.7805709277442043e-05
0,0.11027265381559406
0,0.28607436238318606
0,2.0693666136351442e-06
0,0.20229195584763973
0,0.22521894416783134
0,1.0510548845772976e-05
0,0.2834211812848509
0,0.2297725939128008
1,0.28598926253400925
0,9.747019619943083e-05
0,0.001282922357659721
0,0.00021533242521224897
0,1.5311117830974635e-05
0,8.898072131014786e-05
0,1.6657947254421098e-05
0,0.23280243147800617
0,0.27396646737871894
0,3.67171905820404e-05
0,0.00019861777824961
0,0.20394150799458327
0,0.27111758563560096
0,0.2863817170566709
0,0.2861178032647343
0,0.265241237475241
0,0.00012427806306704846
0,0.0001964425145731414
0,7.904513217956306e-05
0,1.8450755128403598e-05
0,0.20538902459037156
0,1.7270294102421272e-05
0,0.3082482182502992
0,0.2370610313033303
0,0.25921346557208264
0,5.7441581582380244e-05
0,2.6097212458657358e-05
0,0.20401235449437102
0,3.418800139228355e-05
0,0.0012829223568601483
0,3.789778474819398e-05
1,0.20771352064048093
0,4.323064562647663e-05
0,1.818778318435565e-05
0,3.873233170191476e-05
0,4.029842396800731e-05
0,6.22763093457258e-05
1,0.6567436554030087
0,0.00011964517172048134
0,0.2022880881281223
0,2.4434409915500106e-06
0,0.28082220479170733
1,0.2822172741873502
1,0.2163416790352836
1,0.21821645404362652
0,5.476409893735547e-06
0,0.00022692920943771945
0,3.605780948026193e-05
0,0.23046270329677732
0,0.27645586506316894
0,0.2787719506710326
0,0.2642610168102977
0,0.00024472574166351917
0,1.0510548840293098e-05
0,4.0871831626155596e-05
0,5.6684017230455935e-05
1,0.2821167561626504
0,0.20829269311284562
0,0.28223354717760096
0,9.429674031142408e-05
0,7.444452356934796e-05
0,0.00023545090483649214
1,0.2354717550880421
0,2.7940521717775152e-05
0,1.964317676192831e-05
0,9.893033883732103e-06
0,0.21121875817538968
0,7.623286179221224e-06
0,2.655615496112708e-05
0,0.20546688722694034
0,9.915240602665994e-07
0,3.644642177836998e-05
0,0.21210695434730972
0,6.719002186109736e-05
0,7.408573234791046e-05
0,0.2868006666761449
0,3.981094711966088e-05
0,4.290061337607068e-05
0,0.10550536963247206
1,0.21126487652036194
0,5.5584785570862065e-05
0,0.0012829223594685243
0,2.186462155574462e-05
0,0.20433786990855607
0,0.2083494411668183
0,0.253372210861524
0,2.6784266774150953e-05
0,0.20228036796897417
1,0.2871608458693407
0,0.21413586555537772
0,0.0012829223610007997
1,0.23803021328393942
0,0.00011997612011500336
0,0.23517470636232746
0,0.0001238565391188378
0,0.0005238249028456243
0,7.634384898481611e-05
0,4.686832721585552e-06
0,0.26757045922647343
1,0.2324735920621489
0,0.0002603614147081136
0,2.207047986271406e-06
0,9.236018949667135e-06
0,1.183530862413721e-05
0,0.19578091728480485
0,1.1644900954159506e-05
0,0.21791153951024894
0,0.21128030761654332
0,0.24568529089222219
0,0.23614412695326317
1,0.23543629659391377
0,0.12392714586956596
0,8.493496236183754e-05
0,5.667272255366374e-05
1,0.26242990783342385
0,2.1620881697572344e-05
0,3.282568591176044e-05
0,0.11493733965598128
0,1.9283422495988435e-06
0,6.456463811290537e-05
0,0.476341752157227
0,0.24944112055039894
0,1.4537217084270985e-05
0,6.378173332704936e-05
0,1.3751063194484473e-06
0,0.21882416052333037
0,7.018288112564402e-05
0,5.534588205463788e-05
1,0.21718762252015092
0,1.1787420807773514e-05
0,1.7307790802797302e-05
0,1.8129788617074408e-06
0,0.00010570835830293605
0,0.20229637749144336
0,1.573786505225238e-05
1,0.27987213232641867
0,0.08736363277052078
0,9.085293876551323e-05
0,0.0002919022720803614
0,9.621745227658718e-06
0,8.483893426375328e-05
0,9.756764143048652e-05
0,1.2246881261730525e-05
1,0.22269507319745685
0,3.646904605460877e-06
0,0.0001188396046739762
0,0.2883402360208859
1,0.3981782311466342
0,3.7297199478204685e-05
0,3.753494419193059e-05
0,0.2171629307700889
0,0.25882740616488686
0,0.13891751716307948
0,0.21263249136551698
0,0.28855692149062856
0,4.569603611369331e-05
0,0.0002603614147087484
0,0.20233993866436617
0,0.28123503280272916
0,3.850718443847772e-06
0,4.0528819387521425e-05
0,1.5803974697145502e-05
0,0.23152881373658696
0,0.23571536166745238
0,0.0001594805383662209
0,1.63353276689279e-05
0,2.6407616341385328e-05
0,1.1756059379348473e-05
0,0.24373652200250903
0,0.2877374758246736
0,0.20614685603025945
0,7.795296721989072e-05
0,0.0012829223587693312
0,0.21578524345586586
1,0.281235033244144
0,0.21504781926094044
0,0.13356138728582279
0,2.884740911062779e-05
1,0.6567436554165652
0,4.4736117446536424e-05
0,0.23019972996276525
0,1.7443508496320248e-05
0,0.20233779552306397
0,1.80395457451925e-05
0,0.25276856908506834
1,0.28956009955472684
0,6.427576465960486e-06
0,0.28372911256513483
0,4.594312467520622e-05
1,0.21416364391129214
0,0.00022008221261916752
0,0.203420174659466
0,5.078054464481457e-06
0,0.20336143320363517
0,0.2144983494397215
0,2.7662003678506e-05
0,8.598207539888944e-06
0,4.2075711752366766e-06
0,0.28218053074133176
0,1.1601685440154967e-05
0,0.22587431809416442
0,3.957193886979717e-05
0,2.2228326246544585e-05
1,0.28925291188661467
0,1.0044643001348911e-05
0,2.437914399006595e-05
0,8.129955721822477e-06
0,0.24397640385920102
1,0.22703689139213815
0,0.24120205995676616
0,8.140093824193075e-05
0,0.09829071346852124
0,3.303729370185685e-06
0,1.4495528210867782e-05
0,6.647562581658916e-05
1,0.21170451170582388
0,5.62923706548685e-05
0,2.425171598343249e-06
0,0.28952894293516923
1,0.2561385788470817
1,0.22002883639288628
0,6.542100432684759e-05
0,1.4983708694286661e-05
0,5.1723796145269966e-06
0,0.28124185406702695
0,3.721248428620702e-05
0,1.3395816576087726e-05
0,8.271003131729687e-06
0,4.052881937889326e-05
0,6.812112883139108e-05
0,2.0532163914390822e-05
0,5.4969329530657395e-05
0,9.829304634252674e-06
0,1.9302551106403908e-06
0,1.6882140110055393e-06
0,2.3778467565882474e-05
0,0.2783038099772944
0,2.6885592193122574e-05
0,0.271478955907929
0,1.2716347693604875e-05
0,0.28959515158742727
0,3.4918496338351434e-05
0,7.789663449848748e-05
0,0.234898960829627
1,0.23623388000873746
0,9.147374799143288e-05
0,1.7838864520327292e-05
1,0.2175280120554277
0,1.8622557044468785e-05
1,0.262527744400161
1,0.21715202839960143
0,0.00015098877589442386
0,5.911852672056071e-06
0,0.2682929844738134
0,0.20574541532691895
0,9.480139554969169e-05
0,0.00024472574166351917
1,0.22132049472105875
0,5.85374294823186e-06
0,0.23485676469594763
0,5.885840120078975e-07
0,0.24012371236507035
0,5.80185058075581e-05
0,7.337329235052355e-05
1,0.21132849373378246
0,0.00013763184731158205
0,0.0012829223597576633
0,0.00020000595017971053
0,1.3503764144579214e-05
0,2.8068090117911658e-05
0,1.9888546424552994e-06
0,6.560643626671401e-06
0,0.2236129011084804
0,0.2041255231313859
0,3.598381271413387e-05
0,6.378173332496411e-05
0,6.762413309807286e-05
0,0.2876436096231182
0,0.00010250889557752914
0,6.5046240220889965e-06
0,0.2132490658951257
0,4.072813899940764e-05
0,8.9949767712654e-05
0,2.797834201081934e-05
0,6.647983647408731e-05
0,0.28785354860362955
1,0.21688580047445238
0,3.7008937252560085e-06
0,0.00013362203514001884
0,9.857831306119586e-07
0,0.0002497071564780266
0,7.207378671313692e-05
0,0.22206260122333057
0,2.5831211873908646e-05
1,0.24978226579260343
0,3.749509787485394e-05
0,5.2484005528054015e-05
0,4.494781353501915e-06
0,0.0018191362736755233
0,2.0747170074954533e-05
0,0.1921176681857702
0,2.5553213754351758e-05
0,6.482336166237443e-05
0,0.00011327425505650104
0,0.284624650536524
0,5.6954166553975985e-05
0,4.462171383105838e-06
1,0.2562159155690941
1,0.25827656636794705
1,0.2867682244856389
0,5.5257550459839016e-05
0,2.9005818130516107e-05
0,8.140093824193075e-05
0,4.874364422844407e-06
0,0.0003319525588705997
0,2.939143032630949e-05
0,6.647562581358894e-05
0,0.00011964517172369573
0,7.268744677898148e-05
0,1.5353292842370564e-06
0,1.8490357530981366e-06
1,0.22954251844982504
1,0.2893226662504164
0,0.2861078217734824
0,2.7775487287218705e-06
0,0.276536468652763
0,7.690496782929591e-07
0,0.27768008921850434
0,0.1167501921138769
0,3.8265976646087323e-07
0,1.1092675852955664e-06
0,0.20660689927019066
0,8.415303970965923e-05
0,1.7443508496320248e-05
0,0.00018449379643452866
0,3.396823895466097e-05
0,2.640761634804553e-05
0,0.22351019060173272
0,1.2165320739035913e-05
0,4.344175558630267e-05
0,5.502491578385272e-05
0,0.000192808311205984
0,0.23141830713270156
0,7.201568261488886e-07
0,0.06481015916629113
0,0.20960263413439398
0,0.2668393693618031
0,0.24276554414718848
0,8.72582516795598e-06
0,0.00037515380300534297
0,3.464842019873718e-05
0,0.26671704480886976
0,0.21232664591143963
0,0.20770327456691257
0,1.4723321942827075e-05
1,0.25294726994937433
0,0.21763869125745328
0,5.256734587483503e-05
0,0.27007604943141617
0,6.378173332702206e-05
0,1.1096732118224667e-07
0,4.738408481349054e-06
0,2.6877976794132504e-05
0,5.948221022289279e-07
0,0.27830380984410485
0,2.2663655592989076e-05
0,2.640761634804553e-05
1,0.5502118353900702
0,2.7169127771481753e-05
1,0.2879836027880596
0,7.353070518422113e-05
0,3.425177814301116e-05
0,0.0012829223607954791
0,0.0012829223647219743
0,0.24079595144649232
1,0.7233102572103097
0,1.0101295323430933e-06
1,0.4055720212771932
1,0.2834211813310797
0,3.5809216273315394e-06
0,0.6035135450174051
0,5.2636571605908225e-05
0,6.131491043144e-05
0,0.0001618917160338233
0,1.1329634685734673e-05
0,0.22009501223638545
1,0.2266551913944979
0,4.359652318707387e-05
0,0.00014481883042364378
0,0.00018987329660258485
0,5.152820803343186e-07
0,8.7542930750696e-07
0,0.20195740232379927
0,1.8024758846817848e-07
0,0.2200852041853706
0,5.502491578051905e-05
0,0.20861016787449405
0,0.00021533242521457486
0,3.077004794663629e-05
0,2.8811663562196166e-05
1,0.2111929778354503
1,0.2313427438099194
0,2.0875079362446755e-06
0,3.604388166235908e-06
0,1.3342996071938827e-05
0,0.0012829223552943475
0,5.57788511624109e-06
1,0.20813399585909864
0,1.0461831034935505e-05
0,0.27870028833321764
0,2.7989968128102345e-06
0,4.317974916495976e-06
0,2.840648968331596e-05
0,3.5351962763521786e-05
0,2.8127127095520703e-06
0,3.078843155240631e-05
0,0.20942177878946647
0,0.24195026752116952
0,7.464347816242003e-05
0,0.001282922359476744
1,0.23569016027708437
0,4.809495130699126e-05
0,0.21782844003928686
0,0.2733934169873363
0,0.0003877688139918676
0,2.1231243238729457e-06
0,0.20661307782422425
0,0.20415225469820716
0,4.842763387112451e-07
0,1.6523300717389894e-06
1,0.2137903131095575
0,2.618818630492165e-05
0,0.2040796342920024
1,0.2888094449311643
0,0.00024359142778300298
0,2.4841710782039567e-05
0,3.789778474819398e-05
0,0.21596508934293435
0,5.212629475864917e-05
0,0.0014572461774449868
0,2.905019705332159e-05
0,0.0012829223560504395
0,2.4725176199571878e-05
0,7.047415379467232e-07
0,3.629168448877027e-05
0,7.111455578804874e-06
0,0.20455597956861285
0,2.6044105533884664e-05
0,0.2582542033065787
0,0.0004013494140400772
0,3.0174982383228167e-05
0,0.1114326066765824
0,2.5831211873908646e-05
0,0.25328387008034675
0,0.0012829223584672007
0,2.1260974147638403e-05
0,0.0012829223582477825
0,0.22779966343385177
0,0.2879730178314026
0,9.997178362033967e-05
0,0.00016239637651602624
1,0.28495862872477135
0,1.7206491025027615e-05
0,1.7443508496320248e-05
0,4.116082090036824e-05
0,2.4566439200523994e-05
0,4.941117426551645e-05
0,1.720649102701647e-05
0,0.0003877688139904764
0,7.585747952834034e-05
0,0.22194715796765516
0,0.28667821914881686
0,1.3802682050565709e-05
0,1.6629937094480477e-05
0,0.00020955514061390683
0,0.12330235480553903
0,3.568962531406169e-06
0,0.2760094150293351
0,0.21366833503322943
0,0.20763268742639432
0,9.621745227806936e-06
0,0.2658948983513195
0,6.690773420288225e-05
0,1.803392255903971e-05
0,4.7223906471234085e-05
0,0.28115551311501885
0,0.0001656660061456552
0,4.8244119433726026e-05
0,4.409001613407632e-05
0,0.23296871627217478
0,0.23875422535649943
0,0.2633131143509566
0,0.3047546821507781
0,1.6654749658241308e-06
0,0.2248737540754137
0,1.2899938782167948e-07
0,0.0003148938759517826
0,1.4209935901499018e-06
0,0.20699673043533517
0,0.2254826458981066
0,0.0002603614147081136
0,3.9144526412142185e-05
0,0.0012829223601639153
0,0.2204951245585416
0,0.21856675343042026
0,5.9485824057886975e-05
0,6.893396204488234e-06
0,0.00013448234672813931
0,0.00031489387594642055
0,0.0003877688139918676
0,0.22895605863073912
0,0.00011557501965768045
0,0.0001091564495519679
0,8.314256060516875e-08
0,0.26781983502166634
0,0.20234335804365963
0,1.7962749784831544e-05
0,2.2931031214325573e-05
0,8.760125848331162e-06
0,0.1703676486005951
0,0.000137320735908314
0,0.25696622683763654
0,4.2518700275154015e-05
0,1.7443508496320248e-05
0,0.19055149127173915
0,8.140093824193075e-05
0,3.0873639968960706e-05
0,1.6207917690583152e-06
0,0.2881903016943517
0,9.665125913322139e-06
0,2.7419395345443982e-06
0,4.473611744544682e-05
0,1.3003613224042038e-05
0,2.8580898239472298e-05
0,0.23820991890823642
0,0.28375926218469305
0,0.2861078217734824
0,0.24823455192832694
0,0.00015800446392607174
0,0.00015714627396177364
0,5.948582405856057e-05
0,1.9337936917032477e-05
0,0.22436959425973876
0,0.00014489195404680946
0,0.11721030012537423
0,7.0134065485265175e-06
0,0.00026036141470725955
0,0.00018449379643938304
0,0.00011479685677488164
1,0.43203714280145283
0,0.0012829223607954791
0,1.879591833379426e-05
0,0.00015598149525601214
0,3.0256890001396275e-06
0,1.46761430674904e-06
0,0.21361143917565595
0,0.2196188671646104
0,0.2798721321214614
0,0.20822518052675412
0,2.5875485054304914e-05
0,0.00011964517172222284
0,5.7359715130935613e-05
1,0.28319769072622303
0,3.7257953526428394e-05
0,1.475074300404654e-05
0,0.00013082477514232352
0,5.891131628984531e-06
0,0.2088310425816246
0,0.21769808506772623
0,0.20830438432763015
0,3.425177813761581e-05
1,0.27467153812049544
0,0.2391150103492919
0,4.388683195908896e-06
0,0.00013082477513814473
0,1.5239806465703833e-05
0,6.6475625814833e-05
0,0.2836562846140694
1,0.21948557717875417
0,0.27875432685920987
0,0.2789739244826045
0,1.2829907875154568e-05
0,0.0001242495403953934
0,1.225606336042535e-05
0,0.22615363806391528
0,9.541793479018024e-06
0,0.20907107714889375
0,1.1786675403181186e-05
0,0.20533863637673325
0,4.903274247632554e-06
0,3.3201828832261517e-06
1,0.28819187730585744
0,0.2770837812819194
0,4.606290483666641e-05
0,0.0012829223571721362
0,0.22463920860022912
1,0.24189672132218548
0,0.11477890501696365
0,1.311473690202288e-05
0,7.325173199486015e-06
0,0.2065067186090712
0,0.28651308343289683
0,7.96367368029362e-06
1,0.23739407424497252
0,0.24707212710907636
1,0.2869164594000236
0,1.745782457006547e-05
0,1.3952231918924906e-05
0,0.2598610405330205
1,0.28684130117601647
0,1.202841795452298e-07
0,0.21774286002263057
0,0.25547947257023085
0,2.9324342980379943e-05
0,5.539154981332468e-05
0,0.2727901852462222
0,1.8556720902558478e-06
0,0.11570586833605803
0,0.20951475483654866
0,0.2799030358761431
0,2.778095581952538e-05
1,0.2893750794847877
0,0.28829030778516085
0,0.21758190268052038
1,0.13840943182973972
0,0.00015269385576419743
0,0.2792728541910277
0,0.20231934569294294
0,3.954848235476529e-05
0,3.199709919221552e-05
1,0.21463443180761654
0,0.2536506207278498
0,4.149762727556183e-05
1,0.2360281723142821
0,0.0001308247751448472
0,0.2872894701700829
0,0.2437343259701885
0,0.24399599687838058
0,1.073728207879192e-06
0,6.169556520970942e-05
1,0.18286911852826204
1,0.2095372164884381
0,1.26074533021833e-06
0,4.197922046409258e-06
1,0.2871574224885434
0,0.000231274989336902
1,0.23167390469313326
0,0.22184042726969588
1,0.27060862899158133
0,3.74950978772287e-05
0,1.8443191987739533e-06
1,0.21767580549403182
0,4.911067847336778e-05
0,1.2195276580645869e-05
0,3.125441586285768e-05
0,0.2174880622631134
0,0.28627566949180394
0,0.21038580134281992
0,0.2832562362163974
0,5.1721909805050045e-05
0,7.457726865191671e-07
0,0.22847042042157212
0,0.20903567918680735
0,7.423141477568167e-06
0,0.23696294044309743
0,2.6044105533884664e-05
0,0.2092015280728632
0,0.0012829223601639153
0,0.00023545090483782937
0,2.659807858183387e-05
0,0.27837347514700606
0,1.3884216355248246e-07
1,0.5571973371130248
0,4.8268276748214664e-06
0,0.0012829223611437227
0,4.614133350670302e-06
0,0.00011092745423356987
0,0.23135080457774898
0,0.206689487681904
0,3.71016748038186e-05
0,1.2322982143317478e-05
0,0.0014417533915333527
0,2.316366612824354e-05
0,0.28636799564494114
0,0.28281340030868946
0,1.780674630935828e-05
0,4.0705155558964965e-05
0,0.00025754301624548233
0,2.640761634804553e-05
0,1.617632399833859e-05
0,3.469128137403331e-05
0,0.27193812138472157
0,0.25735660592447424
0,0.27830381014729016
1,0.28575841034546373
0,4.0257497661298846e-05
0,0.11559496256836317
0,0.2183572251694462
1,0.2336913842106623
0,5.689889341367949e-07
0,4.97086842159383e-05
0,0.26323022746480446
1,0.2831686880063283
0,0.2675237148675664
1,0.20441919423662663
0,0.0012829223594685243
0,0.20422926653294324
0,0.2022649475513269
1,0.2723661792597713
0,2.3205421441121678e-05
0,7.939919101236364e-05
0,8.48389342572847e-05
0,8.48389342582907e-05
0,1.209760407112727e-05
0,2.940694997483813e-06
0,0.00010214719223603092
0,0.2768954941496159
0,0.2281152070613385
0,3.7101674806782206e-05
0,4.835440796838246e-05
0,5.502491577555384e-05
0,4.492017036667053e-05
0,2.84064896801249e-05
0,0.0001109389221123314
0,0.23608261708846826
0,0.25686939923710495
0,1.6194684705752374e-05
0,0.00010250889556886499
0,0.00013492658378326666
0,8.940858643386659e-05
0,4.548099371653996e-06
0,0.2502362307854508
0,0.0012829223584116605
0,4.417758998580061e-08
0,0.07377666235735605
0,0.0012829223591261313
0,6.64756258152321e-05
0,0.2143323818632197
0,0.2424821230881989
0,0.0012829223593353871
0,0.28868008016874314
1,0.28318718403445153
0,0.26577532064027565
0,3.846703779935773e-06
0,0.00044918243752961465
0,2.5652214811091534e-07
0,4.704392002656686e-06
0,6.4706099510922204e-06
0,5.172508887756038e-07
1,0.2873195512287805
0,0.21334569821764432
0,0.22597876143513315
0,6.7819228940256326e-06
0,0.2355377740156444
0,4.416745453720737e-06
0,0.28837996934375676
0,0.2750332607150286
0,0.2187435505944626
1,0.241418164690533
0,1.37538032511349e-05
0,4.052881937728535e-05
0,4.859867858225658e-05
0,5.07210285851949e-05
0,4.084108398102325e-05
0,3.738112567142739e-05
0,3.077004794687257e-05
0,3.184160375459629e-05
0,8.34263753254973e-05
1,0.2820696725349744
0,0.000198541272740936
0,0.00011964517172577617
0,0.17736518379029786
0,0.2872686738880543
0,0.21791140952258137
0,0.21286035550706284
1,0.2872504177634682
0,0.22747096464081587
0,0.28831388475357445
0,3.475900430299411e-05
0,8.461323366571678e-05
0,0.2783038099772944
0,0.28326264390391453
0,0.27402029836713915
0,0.11850040813943528
1,0.28556169001851883
0,0.0010747148087019629
0,1.4004107641339019e-05
0,0.27768941449266094
0,0.5704409161838393
0,0.135319374604309
1,0.2387166041421098
0,0.20703464566553323
0,1.854932720728763e-05
0,0.2592587771801756
0,0.28924711919425244
0,0.2046019222724654
0,0.21761622216490803
0,1.7759743884830856e-06
0,0.21787780498177067
0,2.867290043474836e-06
0,7.943748233130961e-07
0,0.2336813062027858
0,0.20628119747784512
0,9.07195341916618e-05
0,0.001282922358274562
0,0.2880328660722037
0,2.0559466419295135e-05
0,9.073255004389103e-06
0,0.0012829223566721824
0,1.882915991872182e-05
0,0.0012829223568695005
0,0.0001844937964365402
0,8.347936104951692e-06
1,0.24222724826909445
0,0.2331785159268651
0,0.2614234082335895
0,0.00026036141470863323
0,3.396312340396376e-05
1,0.2892000115302366
0,1.1806364161771293e-05
0,0.003289125103010828
0,5.744033238243609e-06
0,7.955463910279308e-05
0,0.21031934613176204
0,0.2423814256881283
0,0.00015269385577111163
0,3.789778475254066e-05
0,2.9211600968868577e-05
0,9.22444591917633e-06
0,0.0001526938557571002
0,9.445560117197127e-06
0,0.1320072947164694
0,3.7257953525155866e-05
1,0.2892434444685069
0,0.0005504672978509537
0,0.2177148578661317
0,0.235825268795491
0,0.00023890058229565026
1,0.27937275584970483
1,0.223937479758396
0,2.4988999361558092e-05
1,0.23072178421971828
0,0.00018449379643833188
0,0.2323346138237396
0,1.9750696332156763e-05
0,5.502491578318175e-05
0,8.505533115022948e-05
0,0.1874810436352638
0,2.7841596249721823e-05
0,0.21611672299871795
0,7.600618371754686e-07
0,0.00013170871557990216
0,1.5483535080202426e-06
0,1.0382661767545158e-05
0,9.578295742485076e-05
0,7.165592752324242e-05
1,0.2895991979550449
0,2.2663655590259275e-05
0,0.00011964517172060396
0,0.3169587629628547
0,0.2826479988200096
0,0.22071156440711936
0,0.20566285636749648
0,4.816419831621622e-06
0,0.00018987329659171694
0,4.0247941839408604e-05
0,1.5266219313009724e-05
0,0.2887913593761883
0,0.21572716663473757
0,3.917324437674357e-06
0,0.2874159508256417
1,0.22505516437595746
0,0.1276903954912279
0,1.4020636167773222e-06
0,0.22053611527147307
0,2.640761634804553e-05
0,0.0001308247751397164
0,4.6568186731248064e-05
0,0.2835457820005029
0,4.307178174798894e-05
1,0.26825883124316513
0,1.0243493191768187e-05
1,0.2381984535035302
0,0.21772856202149857
0,0.28827039514180336
0,0.28817351090591564
0,0.2177247046904305
0,3.2524849286235816e-05
0,1.3442974634122692e-05
0,6.557816676676713e-07
0,1.9544190776999278e-05
0,3.850090378969035e-05
0,0.0012829223601639153
0,5.27584513393856e-05
0,0.22224141761065666
0,0.20354246718147065
1,0.21771680666083512
1,0.28703455414797885
0,6.031484852340639e-06
0,0.00010868408002020542
0,2.058366749837634e-05
0,0.00016486360543258645
0,0.00014456340732180146
0,7.982375983161001e-06
0,6.596400138560012e-05
0,2.6416477472063693e-05
0,1.5949957666105389e-06
0,0.0001333412969342446
0,1.5918036641392447e-05
0,0.28430826980777196
0,0.22721678475393603
0,2.6942837416453713e-07
1,0.23987848204029347
0,0.26236448945533775
0,2.726772206824036e-05
0,1.6211978729909463e-05
1,0.21816350127523218
0,6.881476056359226e-05
0,0.2413165025767473
0,0.0012829223597576633
0,3.469333832714098e-05
0,0.22738530644602292
1,0.2738506466307747
1,0.21774163159922533
0,0.23249704859597065
0,0.00011844824140363211
0,0.0001308247751402039
0,0.28916233363031685
0,9.332976774129346e-06
0,0.0003140663994867311
0,0.2343489528439635
0,1.9126965190788614e-06
0,3.670484140488884e-06
0,0.21229370233467623
0,9.535192821309171e-07
0,0.2703861011597679
0,0.00015269385575682358
0,7.787452147248734e-06
0,0.15622370203141683
0,0.21786198759639527
0,0.00019056991072599467
0,0.2789542752185297
0,0.27189867029441966
0,0.21752923404808625
0,2.887756872357711e-06
0,0.24741181794478723
0,9.770967093314088e-06
0,0.28340524414238427
0,5.505353581842845e-05
0,2.2199193733658678e-05
0,9.276655693016812e-05
0,1.8622557050308942e-05
0,4.872693245274939e-06
1,0.6267247923064149
0,0.21319193700807473
0,6.058709460847486e-05
0,0.21735579385307915
0,0.0001618917160338233
0,5.736584629346195e-05
0,8.145960271285226e-06
0,0.0012829223584116605
0,0.24158371876193596
0,0.24161628244206393
0,2.141433699985772e-06
1,0.23839137644269406
0,0.00010387767112241552
0,1.533067298542721e-05
0,1.5351551730060311e-06
0,7.904099382691934e-06
0,0.21723474194975026
0,0.00016591961071528533
0,3.7561559770071504e-05
0,3.710167481185525e-05
1,0.2868196371223129
0,0.20249377343826744
0,6.647709130358011e-05
0,3.873233170889732e-05
0,0.25278340434301444
0,8.113024287721474e-06
0,2.624266835822392e-05
0,9.621745229199138e-06
0,0.0002603614147070704
0,0.28055501550667994
0,0.2697405748517658
0,2.6125932483931248e-06
1,0.2772724484081356
1,0.28808473277799734
1,0.2188240207140692
0,0.00010827439577024031
0,1.2520947969365383e-05
0,5.70437974701895e-06
0,3.3297040279979707e-07
0,0.2868073622026844
0,8.032124793810922e-05
0,0.22514395565512318
0,0.00011964517172285014
0,0.22645577009763543
0,2.186462155574462e-05
0,0.0012829223610349568
0,2.6044105533884664e-05
1,0.24335387602545003
0,0.27590600162351225
0,0.5414312550680836
0,0.2659652888702504
0,0.11844221585810048
0,0.00011035719046374256
0,0.26518440159855333
0,0.20229950693751758
0,0.20709717693941765
0,0.28848922393247467
0,3.885412056155155e-05
0,0.0003080370455947521
0,7.268744677731855e-05
0,0.20641433863360245
1,0.21901215223740708
0,0.00014030119840804982
0,0.0012829223647219743
0,5.9473578015501285e-05
0,1.594683354331704e-06
0,0.2361423787183893
1,0.22895905765365157
0,0.2112167130887859
0,0.2174160164535851
0,0.00014794444998524007
0,0.2468433471936127
0,0.00016027553390940863
0,0.2894368743930817
0,0.21645420005085406
0,0.21798439900168887
1,0.2831269943763957
0,0.00021533242521113802
0,0.00024970715647893306
0,5.063783729593321e-06
0,0.2224904401131721
0,0.645788774545078
0,0.14548062596554018
0,1.2286912998459e-05
0,0.00021533242520602918
0,4.149762727991132e-05
0,5.135484297085985e-05
0,0.00015963886080624324
0,1.7710251607897905e-06
0,2.2567320896953726e-05
0,2.9134529219447625e-05
0,1.4032101842993322e-05
0,0.21121875817538968
0,3.353862918632026e-05
1,0.6567436554124851
0,0.0012829223584672007
0,0.13398710719271995
0,0.13169455607464156
0,6.624616890408955e-06
0,8.162334882741418e-05
0,0.2047160382058307
0,8.247349510510093e-06
0,0.2187978128302273
0,9.902163921569749e-05
0,0.21718158227676
0,0.0001848857293782327
0,9.450489883942105e-05
0,3.218033865239665e-05
0,0.00032343874380658637
0,2.2665579871426177e-06
0,7.091000863153018e-05
0,3.1376338467839563e-05
0,0.000120150630472787
0,0.3160649838679948
0,8.622650101690813e-06
0,0.2893819075624527
0,0.20233354020498145
1,0.2172629038642934
0,0.27636084478254574
0,1.8983529822140568e-05
1,0.2323003424242895
0,0.001457246173848819
0,0.21086592979438923
0,5.054565431907621e-05
0,0.2702763119526499
0,7.021461679703036e-05
0,2.3924017730031236e-05
0,0.26098517067936755
0,0.07632763144320616
0,9.145858996949171e-05
1,0.28887466932581984
0,0.19065913050825437
0,3.9629815095831565e-05
0,0.2173685575100939
0,0.00014084068717244307
0,0.12770493770219057
0,3.721467655064756e-05
0,0.2484284865668103
0,8.860998168417101e-05
0,0.2760094148885214
0,0.2894505783071208
1,0.23560027326744085
0,1.2976338030770332e-05
0,1.0515124285112509e-06
1,0.28762071220243435
0,1.2286912998459e-05
0,6.848352367103314e-06
0,0.00010280439687207885
1,0.27004528881090756
0,0.2337442884894037
0,0.2853712461856111
0,0.15445564397065273
0,0.000235450904834015
0,2.320377053488639e-06
1,0.24926396615762705
0,1.294435791261501e-06
0,0.0002990508574394288
0,0.2177371407007803
0,6.717505225306581e-06
0,1.3055366154977602e-05
0,0.001282922357615164
0,0.20574541532691895
0,1.499722113242821e-06
0,0.1263352475975241
0,0.11849724621541281
1,0.20720711563472005
0,0.20230870263881015
0,0.28571042095000165
0,5.958301478996634e-06
0,0.2354540799290342
1,0.21714504683303915
0,0.27647630757204067
1,0.24161103594392805
0,0.0001526938557539478
0,5.0996407811113754e-05
1,0.5481888804054745
0,1.1424112496272308e-06
0,1.4278748832747702e-05
0,0.28314619505660377
0,5.88755261310653e-05
0,0.000996816796051551
0,0.24883702815257958
0,0.13255018865936674
0,0.00016591961072113536
0,2.6044105533884664e-05
0,3.4591723688796983e-06
0,2.3181532199410257e-05
0,1.0381735872591265e-05
0,0.22161775705644352
1,0.21114630701648604
0,4.601782370491256e-05
0,4.099149057265945e-06
1,0.28650562552748604
0,0.00013082477513703727
0,0.2176385309168159
0,0.2119962017842777
0,4.7223906482248366e-05
0,3.710167482783385e-05
0,1.0915773092489106e-06
0,1.592544108797458e-05
0,4.7223906476413495e-05
0,2.612867660024378e-06
0,0.28656173580792876
0,4.236722459111282e-06
0,0.2847338891067333
0,6.131514674068584e-05
1,0.8326664624760476
1,0.6567436554024703
0,2.884696113007471e-05
0,0.28052198282373203
0,0.0004680469987628388
0,4.3717917875047515e-05
0,0.21972184653228016
0,0.00011964517172158659
0,0.00013082477513808407
0,9.020387102284775e-06
0,3.361308821963855e-05
0,0.21750777342513514
0,1.1531532704526247e-06
0,0.0001716435424617577
0,3.921755167319355e-05
0,1.1756059379348473e-05
0,4.5500452146497016e-05
1,0.22517449215712562
0,0.18950385347569787
0,7.400479546349993e-07
0,0.00038009080529719614
0,0.17133889091777751
0,0.1115469235389971
0,0.20422926653294324
0,1.5770472896707002e-06
0,3.07700479528633e-05
0,3.710167481396805e-05
0,3.081475446642381e-06
0,0.21801703793457447
0,9.622195481237096e-06
0,0.12443189833609823
0,5.462213260402603e-05
0,2.640761634804553e-05
0,0.28923627673641
0,1.7116282294626025e-06
1,0.26352305664866926
0,9.117252160561757e-05
0,6.981981277214365e-05
0,0.0005115295503441143
0,2.6664625218827056e-05
0,5.5024915781580784e-05
0,0.25806506669120216
0,6.322294117329737e-06
0,0.25458656615484987
0,5.3590561401832195e-05
0,9.56771724479971e-06
0,0.18695266313416423
0,0.21492892403751596
0,5.186449683253442e-05
0,0.21778198653101552
0,3.4920539354827643e-05
0,5.538166947614261e-05
0,1.6477235392803385e-05
0,0.0002354509048241104
1,0.2177896717279507
0,0.11662206134418641
0,0.20888564623093522
0,2.024365268622936e-06
0,7.127632961106242e-06
1,0.28269436113004226
0,7.178816878348468e-05
1,0.21820987850114443
0,3.184160374860039e-05
0,7.134542433635143e-05
0,1.1285086807700868e-06
0,7.731821479846468e-07
0,7.867512144332573e-06
0,2.640761634804553e-05
0,8.483893425983424e-05
0,0.21410786258069134
0,0.25786616422470776
0,1.661507682378584e-05
0,6.084622547352574e-05
0,0.28510391947782904
0,1.9679956370696083e-05
0,0.2559029031246665
0,0.25928047361807455
0,0.21518036867846044
0,2.7276587621785663e-06
1,0.22228858923082315
0,0.27962859616257324
0,1.2708917161297688e-05
0,0.20777024557737037
0,2.2919961941296378e-06
0,2.5074820109262457e-06
0,9.857606556346075e-05
0,0.2640701291045479
0,0.2392464282837444
0,6.015765670284435e-05
0,4.096945433128296e-05
0,0.23613134030013133
0,7.048884028794592e-05
0,0.2246823597934402
0,0.0001310161037089654
0,3.7214457308915453e-05
0,0.11511379643849441
0,3.361180518120333e-06
0,5.775571512052578e-06
0,9.989392963010553e-07
0,0.27503326109426895
0,0.28918274204071925
1,0.2857268202689148
0,0.24272700561686722
0,3.077004794753376e-05
0,0.28556529881331233
0,0.23604342656646832
0,8.48389342608942e-05
1,0.2500777902371165
0,0.21752068083724194
0,1.4715607479847345e-05
0,0.0002849448072223894
0,3.789778475668082e-05
0,0.2195763199327214
0,0.223378507061564
0,0.2885872760040283
0,0.28314943411850974
0,0.2095344795566831
0,0.19100999723914053
0,0.24041597073986962
0,0.23904697242701164
0,0.22236568950813615
0,2.5685517407919615e-05
0,0.00026074306121426697
0,0.20645810673082313
0,1.2323330696078484e-05
0,0.23424993114415446
1,0.21730668092463853
0,0.00017189637060282666
1,0.23014530086258952
1,0.2783831126174886
0,0.21855609668392256
0,3.240874877725339e-05
0,1.1104629149101154e-05
0,0.2648773615836485
0,0.22412557339763214
1,0.11514854121826161
0,6.647562581932428e-05
0,0.22944923623425045
0,0.2400625408649457
0,6.0157645366481664e-05
0,0.22696463921855806
1,0.2893106030081862
0,6.994704012455114e-05
0,0.126673001004551
0,0.20225322580137872
0,2.4828059112713814e-06
0,3.622086472274695e-06
0,0.22624344445972971
0,9.621745228656245e-06
0,3.368760748548455e-05
0,3.829547615155641e-06
0,3.5351962763521786e-05
0,4.886107938576982e-06
0,8.730013827626307e-05
0,0.00014538969879994014
0,0.2176685370771848
0,7.268744678003437e-05
0,0.00018449379643256726
0,0.20990904967188226
0,0.2566414315714239
0,0.24306876079681863
0,0.21771627151784714
0,6.509832612329762e-05
0,4.359652318961815e-05
0,0.00026036141470873824
0,9.186005179668755e-05
0,0.00013082477513559756
0,0.2274558990567211
0,0.20329971660295973
0,0.20224686757195656
0,3.3485971704579197e-06
0,2.148191217256476e-06
0,1.2066803482859438e-06
0,7.72151537149081e-06
0,0.00021174762457964135
0,6.8965797704798715e-06
1,0.2517336011136331
0,4.019484424982432e-06
0,3.0770047948002216e-05
0,6.131491043146876e-05
0,0.27902314026491554
0,1.1850635330266954e-05
1,0.2851252483433788
0,3.2081206161935146e-05
0,3.5567502492991947e-06
0,0.20760084888194194
0,4.298115368689625e-06
0,0.24447988448614666
0,0.00018840359240302094
1,0.20230195809844925
0,2.0057419297804357e-05
0,2.5831211873908646e-05
0,0.002819695787609538
0,2.2768850159561168e-05
0,0.0012829223611437227
0,0.7991967794495989
0,0.2727901843563631
0,1.3467834381023914e-05
0,2.0451269676821315e-07
0,1.7206491026239553e-05
1,0.23145648648048386
0,6.219700423147892e-05
0,0.28710725653875885
0,0.20590026428197003
0,3.344435791376121e-06
0,3.3001464156941714e-05
1,0.2600509719063864
0,2.1006683203471287e-05
0,0.23325435827831364
0,0.21714419244166314
0,4.0394121474005143e-07
0,3.361234909774395e-05
0,3.005149588393821e-06
0,7.537690486482516e-07
1,0.23935518226655958
0,0.00011035719046649555
1,0.2835148138230146
0,2.6044105533884664e-05
0,1.0601281641143439e-06
0,0.0002354509048328789
0,0.12943684353495585
0,3.530724830257419e-05
0,2.285250817769695e-06
0,2.5141989268244832e-05
0,2.6044105533884664e-05
0,0.28688956348710104
0,4.1497627269435435e-05
0,0.2744951783046104
0,2.6127547616839583e-05
1,0.2862353280784743
0,0.24882616373395197
0,0.00012571024350730922
0,0.2755922802208326
0,0.20422926653294324
0,4.261768813261629e-06
0,2.3927584894671046e-05
0,0.2872113945623661
0,9.983777353789396e-05
0,6.647562581932428e-05
0,0.00014456340731254454
0,1.1847238898829676e-05
0,0.23893362248674022
0,0.2852635760870035
0,7.825272819002245e-05
0,1.8795918329738163e-05
1,0.43446899682385326
0,0.2072734942282029
0,2.27964839879034e-05
0,0.2497351348615632
0,0.00019394238355181795
1,0.6567436553898833
0,0.17942722985000947
0,0.09609874060271245
0,0.28926821200786834
0,1.5357553147109238e-05
0,0.0012829223603623497
1,0.2644967067154592
0,3.077004794718619e-05
0,2.7401864589252562e-05
1,0.2172170942742476
1,0.20491755688448726
0,0.28560311424684975
0,1.2045187038172824e-05
0,0.00032343874380658637
0,0.00021533242521623385
0,9.585748440427464e-05
0,7.617128516030232e-07
0,2.0888230360556264e-05
0,0.21887833781825408
0,0.28284266390064206
0,2.186462155574462e-05
0,0.11902605536252472
0,0.29216413003134256
0,0.00012385863931992414
0,8.278909990403022e-05
0,0.2501083197238007
1,0.20260386173539535
0,4.430663406761457e-06
0,1.372042214518032e-07
0,7.88459153831353e-06
0,0.2880225610036547
0,0.17486644603449863
0,0.0007321115112452809
0,1.2949448479986061e-06
1,0.23508831293335963
0,6.4706099510922204e-06
1,0.28881342584035974
0,0.2198278616411563
1,0.2776036311904938
0,1.2870419952720404e-05
0,5.703148789183166e-06
0,0.21363345961400795
0,4.164139932926394e-06
0,0.21672215589081367
1,0.21773655590787477
0,0.26841070196953687
0,0.210904707671112
0,5.137625842905219e-05
0,0.22910445275617816
0,0.00013082477513658465
0,0.22344503483817768
0,0.00010250889556831566
1,0.6567436554018213
0,0.2891357307391075
0,1.537083405718492e-05
0,8.809464799278652e-05
0,0.20232557167590684
0,0.23155445218521217
0,2.2727200872969548e-05
0,3.0770047959629607e-05
0,0.25752376399346855
0,0.2060007267030125
0,9.50236098813849e-06
0,0.00013057666176065252
0,0.0012829223597576633
0,0.00020615810003257956
0,3.725830678313644e-05
0,1.0390971934832332e-05
1,0.656743655384183
0,0.20686467433419356
0,0.2611479765026366
0,0.23813343909300824
0,0.21723868852653566
0,0.2828207239529276
0,0.2313596915337161
0,2.4136375595187778e-05
1,0.22466644880803865
0,8.328793045197479e-05
0,0.00015807099358282654
0,0.00015444146572197054
1,0.2865760984254856
0,0.20078193566199212
0,7.603466230847862e-05
0,2.6224480078449337e-05
0,2.640761634496273e-05
0,1.281162677637269e-05
0,0.2706132196761638
0,2.057477366838214e-05
0,6.638782498846755e-05
0,1.2980692323232705e-05
0,0.28288640653085617
0,0.10099098462804323
0,0.23302220898118406
1,0.20277901231583936
0,1.7443508496320248e-05
0,0.20956930962574408
0,4.886843393203564e-05
0,0.21543923970354067
0,0.0001589064779380398
0,0.154276901068077
0,2.0037820453036142e-05
1,0.28810755555381995
0,1.402520882096561e-05
1,0.24400046457889368
0,0.2154778609037581
0,3.163083140729933e-05
0,7.530056683808903e-05
0,0.0012829223597576633
0,0.00018449379644401982
0,0.2522063098859834
0,8.389150336623076e-05
0,0.20870900073205922
0,3.784354556840373e-05
1,0.22039119725757167
0,5.619692751977419e-07
1,0.22306410716768507
0,0.00021533242521646023
0,0.2279818272916509
0,0.21478889143486138
0,2.640761634045767e-05
0,2.558004084473671e-05
1,0.22713002915735053
0,1.748126760894698e-06
0,2.7497938567267e-05
0,0.001282922356903563
0,2.648648732031802e-05
0,1.5327994844664079e-06
0,0.001282922360121403
0,3.898368627390057e-05
1,0.2804112052493993
0,4.960000307342781e-05
0,2.9774505708608717e-05
0,0.21002426616622571
0,3.1599908394499457e-06
0,7.569386574955775e-06
0,0.28569007977887995
0,0.2134352397467657
0,0.20572812959304126
0,0.23790075590335702
0,1.036586490055276e-05
0,3.078053397814472e-05
1,0.2056691092649526
0,0.23693975450945823
0,0.2877361498096418
0,0.23804990274802507
0,1.5976034052027763e-05
0,0.28115808767218686
1,0.2344470705120412
0,2.0628686693912516e-06
0,3.418663621124876e-05
0,3.7218768241832856e-05
0,2.6407616340293215e-05
0,1.6153718575773922e-07
0,9.548376926938704e-06
0,0.0012829223647219743
1,0.23336912029777043
0,3.789778474936274e-05
0,2.6044105533884664e-05
0,2.6407616342046546e-05
0,7.268744677769323e-05
1,0.2887651284983098
0,2.9611844126753517e-05
0,5.679609964367904e-06
0,0.23383297368576605
0,0.2643813039285677
0,7.899005774571191e-05
0,0.18744520598919995
0,4.058462607783765e-05
0,0.00014456340731709686
0,2.5641896793319284e-06
0,6.4157916602667284e-06
0,1.2921894087026081e-06
0,0.00018449379644881262
1,0.2864226664155471
0,0.00014000420122193386
0,3.0630009137274306e-06
0,2.1618049175925988e-05
0,0.20872810824054225
0,0.2760094149008715
0,4.037469612499066e-05
0,0.13857510059913045
0,0.28497507048723836
1,0.27819288481913346
0,0.00017004570149726605
0,0.24318460539902084
0,2.9678813409177524e-05
0,0.2089552640767176
0,0.00015623326308313246
0,3.7101674808263646e-05
0,5.407713418860525e-06
0,0.005032813889096506
0,0.00011120013796888673
0,4.634820537829431e-05
0,0.00024751846169631834
0,0.21633605842028197
0,0.0001025088955697373
0,1.665997824825276e-05
0,0.22862958254793778
0,0.0001770181223322699
0,6.775644745458843e-07
0,0.21955565833930524
1,0.2541246351751918
0,1.6983177391612402e-05
0,2.8636819907471223e-06
0,0.27004496184140736
0,3.777416151883958e-05
0,0.28844894076056676
0,1.0015756998863916e-05
1,0.2535570148605328
0,0.28854404697760766
0,5.986953825624492e-05
0,1.4767007836238073e-05
0,6.588672743958936e-05
1,0.5880334228250944
0,0.00011964517172026629
1,0.20901547241594876
0,1.8795918339732216e-05
0,0.2300801702819873
0,0.18632795706823288
0,0.1757469955367997
1,0.22073157706894028
0,2.5181333585969823e-05
0,2.147001200344406e-06
0,0.240595735155823
0,0.2232856577117788
0,4.052881938093715e-05
0,6.53750114635498e-07
0,4.723975221327457e-05
0,0.2745122471086874
0,0.21645912251938032
0,4.292957047543298e-07
0,2.640761634804553e-05
0,0.12927036300772426
0,0.2105316065233929
0,3.470683614793165e-06
0,2.4865398592679132e-06
0,2.65156089355329e-06
0,1.9129009705729258e-05
0,0.205703820910873
0,1.1095064775265419e-05
0,0.2160962910375817
0,1.0510548841876936e-05
0,0.2077355446604828
0,7.268744677913538e-05
0,1.4379581290954463e-06
0,1.3714068642897616e-05
0,0.00010250889557626881
0,0.22752280346286957
0,0.23355106857287128
0,2.905719412547148e-05
0,0.32769803484216203
0,2.177643351304155e-05
0,0.0002735823723082048
1,0.23892412589804468
0,0.22081326098105225
0,0.00014569649969519585
0,7.928853347878704e-05
0,1.6649780369893457e-05
0,1.7307184248286141e-06
0,1.2895350793908418e-05
0,8.25973416525958e-05
0,2.5618988399648383e-05
0,0.22310733839196945
1,0.2556889811506421
0,0.0003877688139723363
0,0.2796959401990433
0,4.854535255475921e-05
0,0.23855002216330592
0,1.2673382664404804e-05
0,0.00045361504966529226
0,0.23315160299646984
0,6.917589650126781e-05
1,0.23575021120776826
0,0.20864361609338955
0,0.20532627925624936
0,0.001282922362557235
1,0.23576543587652238
0,0.0001232168970468936
0,4.867952188693981e-05
0,0.0003985506095085824
0,0.2868946952687593
0,0.20681864983338996
0,0.2817340212497597
0,0.27396646708458905
0,7.825272819030043e-05
0,3.3639797471450986e-07
1,0.28931735932784286
0,0.20574541532691895
0,3.8536564474878675e-07
0,3.772694163964288e-05
0,3.4186636209902714e-05
0,0.21863042784095754
1,0.28752165825988074
0,4.543970788268034e-05
0,0.24687715067393107
0,5.502491577950707e-05
0,0.0012829223601566048
0,0.20634966124702211
0,0.2512098163163551
0,5.164281770089566e-06
0,4.531236007696602e-05
0,0.20611884163269462
0,0.22884317141753396
0,0.28565438806624127
0,1.8480509875690042e-05
0,1.4149720315067402e-05
1,0.25505976954330023
0,0.00010250889557434667
0,2.0532163908700542e-05
0,8.140093824193075e-05
0,9.653448688787688e-06
0,0.28676886283915404
0,0.20797090019286918
0,0.20833814751980578
0,0.2821213836527589
0,1.4767007837942832e-05
0,3.801486825583507e-05
0,0.00023545090482610703
0,2.0366063217800538e-07
0,0.0012829223568601483
0,0.0002463565258954168
0,3.8393718757030425e-05
0,3.617604491836434e-05
0,0.28921452012119825
0,0.0001461566652508957
0,0.13348277369540598
0,0.22415870111994496
0,2.6044105533884664e-05
0,0.3028415789923635
0,0.001282922358933957
0,2.572021787577867e-07
0,7.584756641484108e-06
0,0.13529219514264992
0,6.378173332704936e-05
0,0.0003436500335600446
0,0.00011098862605075249
0,3.3465237557953214e-05
0,2.3965262843715853e-05
0,9.48012611652962e-05
1,0.2792242815543605
0,0.00013940622893183764
0,1.3796746236456882e-06
0,0.0003068273933184246
1,0.22611249971894332
1,0.22905586119049057
0,0.00017553111183767599
0,3.468192910129983e-05
0,4.7223906461527026e-05
0,6.151012296172432e-06
0,0.28779021538348526
0,0.00013386217575324459
0,0.28955417423094343
0,0.23276551136920134
0,7.268744677785307e-05
0,6.723028114099501e-07
0,3.710167480890133e-05
0,6.485691777482203e-06
0,8.198874122372438e-07
0,1.8838949745596548e-05
0,7.055509472814332e-05
0,0.0012829223580349193
0,3.898611384839698e-05
0,5.6954166553975985e-05
0,0.2324734353872936
0,1.3873174457763993e-05
1,0.28686108050832776
1,0.2873626715948131
0,0.0003877688139742304
0,2.1280520263189187e-06
0,4.6285170165806726e-05
0,2.1297525572131318e-06
0,0.20422745479590074
0,2.312831249580442e-05
0,3.5408007586476156e-05
0,0.00011581848469078899
0,4.1285139762813355e-06
0,8.275367463907469e-06
0,0.00029919920253161143
0,0.00010388680454996939
0,6.829687348812864e-05
0,2.5831211873908646e-05
0,4.5943124674118215e-05
0,0.0011387124699215585
0,2.100330069068053e-05
0,8.296683098547315e-05
0,0.0012829223560097797
0,0.21021584975241328
0,0.22396040925919047
0,0.2588701478993529
0,0.22875544718365895
0,0.00025514062770348316
0,2.900242743104796e-07
0,4.4137013684942857e-07
0,2.9050102441574583e-05
0,0.26260976610157216
0,6.22763093457258e-05
0,1.750050968617833e-05
0,1.9153490412585545e-05
0,8.432728263392268e-05
1,0.2861182934433829
0,0.25691084102997797
0,0.0002603614147083826
0,0.28628655315209345
1,0.28628253198867804
0,5.585065859268626e-05
0,2.9864169253380907e-05
0,2.0874174647236977e-05
0,3.279687293956355e-05
0,4.722390646886675e-05
0,0.00010828822895923668
1,0.2863816910058507
0,2.9416521984689583e-06
0,4.693549883358283e-07
0,1.7443508496320248e-05
0,0.2212100663861678
0,0.00015046641536248302
0,2.3094805504839492e-05
0,2.0696296016248775e-05
0,0.2597382512443906
0,6.848352366750103e-06
0,0.17886270876212249
0,0.28388774387606197
0,0.28933207541953243
0,6.8483523676836835e-06
0,0.26434967557630873
0,0.0001526938557599665
0,0.22235635942025211
0,0.28716508531175966
0,2.6044105533884664e-05
0,0.00013082477513843703
0,9.068693488136312e-07
1,0.27259859330715813
0,0.20604754288943838
0,0.2886821318615183
0,0.2882421562978121
0,1.7392916732272704e-06
0,0.25277810756507646
0,0.2087705982802322
0,0.26660301657224766
0,0.20569290418553443
0,0.2545626034946505
0,3.4709912452843e-05
0,0.22814120010535915
0,1.1587112055780307e-05
0,4.069556338154351e-05
0,2.2287866129786346e-05
0,0.00011964517171704191
0,0.2664530786251952
0,8.28666657041179e-06
0,0.20231880097150753
0,0.22535497386293127
0,0.23987935824860707
0,1.720670746343761e-05
0,3.3453580591369557e-06
0,2.5831211873908646e-05
0,9.423451471987419e-06
0,7.82270665075095e-05
0,0.0006138218412547249
0,0.28453307796292926
0,0.2062249342743669
0,8.821656920028795e-06
0,2.518149387027928e-05
0,1.4297196875492712e-05
0,0.27019641963024005
0,0.28759442404282476
0,5.4998582552346946e-06
0,0.28475426710050483
0,0.21946089589574505
0,0.0012829223616550168
0,0.25915949344448935
0,0.2525714976681213
0,3.775902480261897e-06
0,0.00015443320301296532
0,6.327168574818161e-05
0,1.0859891272302525e-06
0,6.79954639227926e-07
0,2.496491588996558e-06
1,0.2870857315623525
0,2.118537278485991e-05
0,0.2833976636756644
0,9.335318957367959e-05
0,0.00028494480722243595
0,2.8955630680903845e-06
0,0.20843833880863924
0,1.3632683978858986e-05
0,0.21340426379060995
0,1.4011687809071904e-06
0,0.23997632557839013
0,0.20230271378389347
0,0.6567436553922487
0,0.20860037098440903
0,0.21491007743385343
0,1.127485445420333e-05
0,6.212185019254039e-05
0,1.9804196718506426e-05
0,5.2247239595894e-07
0,2.0747170066687495e-05
0,0.00016189171602865236
0,3.3612349101601105e-05
0,6.879013977466001e-08
0,1.5246936472548014e-05
0,3.15116278692391e-05
0,7.825272819514728e-05
0,6.647562581932428e-05
0,9.488364370495105e-06
0,0.0001986177782497839
0,1.5022457319969927e-06
0,0.26865492213021785
0,9.621745228125742e-06
0,6.0988012694446425e-06
0,0.23798978782562677
1,0.23677483250147338
0,0.0002153324252179016
0,2.37774335620955e-05
0,0.26526561559573036
0,2.634145603488158e-06
0,0.2198384326603792
1,0.2745624883175923
0,0.20794604821730087
0,1.641852104664923e-05
0,0.0012829223601639153
0,2.263060153189828e-05
0,0.2839083286004011
0,3.8904107214577486e-05
0,0.21046059790111718
0,0.2583521825846569
0,4.2956778386501096e-07
0,0.2250356857293932
0,0.20522685583552108
0,0.2177289193775478
0,0.28834312489688513
0,2.9526070818971897e-06
0,6.346362829998703e-05
0,0.27643661592093083
0,0.21512250118193174
0,0.24832762347500406
1,0.2803923854287323
0,2.6523408380768336e-06
0,6.60547555213425e-06
0,0.0001372709261514856
0,0.00011668398367443914
0,0.25173725352712417
0,9.116588526684744e-05
0,4.61908903675193e-05
0,0.20984500495651165
0,0.28446413459946357
0,6.378173332704936e-05
0,1.0724556420428756e-05
1,0.2881178004455091
0,0.00013144416152596135
0,0.20671379804729706
0,5.3244666974502985e-05
1,0.20931139076124766
0,0.00015948053836397586
0,0.25232339294372563
0,0.21619625177817378
0,0.1372525264703711
1,0.27613421406498545
0,0.00015988498263233222
0,0.288150290133844
0,2.4597335746121736e-05
0,0.22148217806004872
0,2.303992976883947e-05
0,3.120980481451347e-05
0,4.5008465329653465e-06
1,0.28947331675909294
0,0.0012829223568695005
1,0.21577185241776733
0,0.23485442652986255
0,0.000308912367775847
0,0.2341151918039066
0,0.21090622735073905
0,0.00015869408673918484
0,0.21221716882411257
0,0.23296861477130856
1,0.2824856926829047
0,2.2990490952217718e-05
0,7.775257370456523e-07
0,0.00027515597597168565
0,9.624973876308926e-06
0,0.24550992225191087
0,0.2185712617575049
0,1.809300342116229e-05
1,0.21692954887283766
0,0.2226786998462726
0,2.840670623469737e-05
0,0.28807483430940056
0,5.59515052267989e-05
0,0.22280706836613662
0,0.24498256456018414
0,5.333068106476536e-05
0,0.20226995190971342
0,0.00014456340731506075
0,9.45639683842062e-05
0,5.260681219537553e-06
0,3.9715724044932574e-06
0,7.268744677913538e-05
0,9.838787416540637e-05
0,3.829531573730167e-06
0,2.5831211873908646e-05
0,0.0012829223647219743
0,1.7856578070032953e-05
1,0.2844572933083806
0,0.0012829223580699254
0,5.6927200701812e-06
0,4.749308810722819e-05
0,1.719687681795457e-05
0,0.23453312506670235
1,0.22753476151707888
0,0.0011426481878219427
0,0.24226069352209376
0,0.0001556309877132465
1,0.2748029917043929
0,0.2179978177390004
1,0.2868290909700176
1,0.23717199193877916
0,0.27941194696683685
0,2.1192360342568182e-05
0,0.00012070524527550252
0,2.640761634128401e-05
0,4.081422137212151e-05
1,0.21889552117896427
0,0.21131588862413989
1,0.2353053674334234
0,2.4693274001301603e-05
0,9.947703117991987e-06
0,0.28791477081578504
0,7.979698332691213e-06
0,0.2099075898351231
0,0.23748420151088026
0,0.6567436554208915
0,0.22729128477542201
0,2.4915254681876087e-05
0,0.26152593268022034
0,0.00010250889557422413
0,0.28526721630388685
0,0.11420057513156723
0,3.008660722821326e-06
0,3.4692098344306466e-05
0,2.4931510468766726e-05
0,0.21643908048060467
0,0.2168636507475822
1,0.2522326973111379
0,8.680561730322754e-05
0,1.7759743883829252e-06
1,0.27906423604811137
0,0.5893264693312461
0,0.2879242980236706
0,3.754132822158272e-05
0,0.00018449379643447394
0,0.23948506532209043
0,5.0002990725719914e-06
0,1.149102377635709e-05
0,0.0001644852080328
0,0.28497491377150247
1,0.2835618944998295
0,0.2676051133004164
0,6.720927779636485e-08
0,9.821646801939396e-05
0,5.502491577901749e-05
1,0.2862970890565529
0,0.2132877347684617
0,0.0001844937964365402
0,2.5831211873908646e-05
0,3.1759806316776144e-06
0,1.6790323663593103e-07
0,0.21388179714116573
0,0.23652837782417474
0,2.011758923446309e-06
0,0.28065714924736407
0,1.7676323949920594e-05
0,2.443356413634792e-05
0,0.21323665185284527
0,3.610339126409226e-05
0,1.78533556500526e-05
0,0.21244470368858884
0,3.960825809248098e-05
0,0.28674072489929814
0,0.00024472574166351917
1,0.28088863125746605
0,1.222075188987986e-05
0,0.23121024840455592
0,1.4043442347918873e-05
1,0.2291677954412436
0,0.2721533698676638
0,0.28416983482727026
0,1.9053678274960037e-05
0,7.980383676347288e-06
1,0.46835364940496693
0,7.355549558502097e-06
0,0.00014129191085387633
0,2.9514909451718607e-05
0,2.5082162220342297e-05
0,0.11492585455605167
0,0.00013627804263216254
0,5.230689074542424e-06
0,0.25231048570713166
0,0.0012829223610007997
0,0.20422926653294324
0,1.7443508496320248e-05
0,1.1565327076763206e-05
0,0.23492019026987868
0,1.1231395526927059e-05
0,0.13390402904691326
0,0.00025491369903768316
0,0.28187919158216845
0,9.860844663826019e-05
0,7.349735226985661e-07
0,4.0813308722546866e-05
0,0.19785096191910378
0,0.243960400794543
0,0.2943027387029426
0,0.2854757488756614
0,0.2065794585236041
1,0.23378877121269107
0,9.226927975294813e-07
0,0.2512087503076777
0,2.5504552635186136e-05
0,3.566171386448354e-07
0,2.2114974465916886e-05
0,4.618396389748309e-05
0,1.858652453972463e-05
0,1.7443508496320248e-05
0,0.4334854913629832
0,1.506678003806926e-05
0,5.904694595771778e-05
0,1.9102751847414517e-05
0,0.20825663290734212
0,1.02986009898913e-05
0,0.2173599510862578
0,0.00015269385575377153
0,0.00013124476711194193
0,3.1000995659698466e-06
0,0.00044035801576359384
0,0.2849547419756592
0,0.0012829223607954791
0,0.0012829223601639153
0,0.2607988290724181
0,4.104198417324296e-06
0,2.912291677916665e-05
0,9.619890680455589e-06
0,0.270909165520813
1,0.28559641573923983
0,0.2453157530128123
0,0.2753210380470282
0,3.5614344517228624e-05
0,2.113193192522922e-06
0,0.21753563150570232
0,5.003658343706135e-05
0,1.5419899683604462e-06
0,7.706631161512918e-05
0,4.1516726200264636e-05
0,0.1959764601175578
0,0.28223199838300106
0,0.00026036141470826797
1,0.28586992012961326
0,1.7217898221265024e-05
0,0.21661527943072142
0,0.00011724397696771845
0,0.27364357615485735
0,0.2657456150127464
0,0.22981978145766727
0,2.224976874664667e-05
0,0.20225419068625344
0,1.7516815859047984e-06
0,2.640761634804553e-05
0,7.134362627796159e-06
0,1.6649780909592588e-05
0,0.2722069451500998
0,9.139559241984605e-06
0,1.720649102485346e-05
0,0.21825613164702687
0,0.06685994076886004
0,0.2831008923610119
0,1.7284214363651757e-05
0,1.966343512898602e-06
0,7.727196399979971e-06
0,0.0001777359205737819
0,6.88184002001705e-06
0,0.2310736112779945
0,0.2877178919349756
1,0.20803874972280662
0,3.184160375266159e-05
0,1.8753732549389812e-06
0,1.3001340989784418e-05
0,0.0012829223597576633
0,0.6567436553935498
0,4.722390647241087e-05
1,0.27781868801012627
0,1.0136098218578958e-06
0,0.0002603614147081136
1,0.26863650182609666
0,0.0012829223651846734
1,0.22956181729320516
0,0.27004898422154766
0,0.20226686229960236
0,4.859991143213501e-05
0,3.768807539806881e-05
0,1.7313186059451315e-05
0,0.21426801157074682
0,3.2193517244663775e-05
0,0.00010002530524781873
0,8.57817896691657e-08
0,2.6058937235732315e-05
0,0.2741329439331332
0,8.568443909578605e-08
0,1.3808345673505721e-05
0,4.722390646128897e-05
1,0.2699971975560595
0,0.00011327425505569344
0,0.00016500092286572524
0,0.00029632866454906796
0,0.20515116524404414
0,2.768709665994704e-05
0,2.418265325715563e-05
0,3.945131132270899e-05
0,1.5459729082851328e-05
0,1.9045815359936704e-05
0,8.48389342587607e-05
0,4.1538037263214434e-05
1,0.22765996518525264
0,0.0001249631451401666
0,0.21437153573477338
0,1.7443508496320248e-05
0,0.0011566910011504925
0,1.7530485494085577e-05
0,0.2370028290791284
1,0.24721882782800447
0,3.253809009653654e-06
0,7.817243178135921e-05
0,2.9774505708849417e-05
0,0.0003877688139711977
0,2.5902860700227412e-06
0,0.0004680469987388071
0,0.00011614880158453445
0,0.23308119235986072
0,9.455106699806473e-05
0,0.2209912411208742
0,0.0003304038680552043
0,0.00013082477514592255
0,0.00011113961886485828
0,7.73931570117155e-07
1,0.22485757491662087
0,0.0012829223568998692
0,6.710936989343409e-06
0,0.2845384306489384
0,0.00021533242521692373
0,0.27344380451160966
0,1.3730622478002992e-05
0,4.847793458135182e-05
0,4.967305798030945e-06
0,6.378173332708641e-05
0,0.6567436553976617
0,1.2246881261748842e-05
0,2.2030421824057537e-05
0,5.7408882260146725e-05
0,3.0642652172806626e-05
0,8.27271352545341e-05
0,0.21298267882354618
0,3.9194273254322575e-05
0,1.1601685439225152e-05
0,0.2839083286004011
0,8.140093824025052e-05
1,0.2168982956001402
0,1.862255704609171e-05
0,5.226866996478317e-05
0,2.1900955715481815e-05
0,8.170894810988242e-05
0,5.324466698577272e-05
0,0.23257938102786618
1,0.23681596806982458
0,0.2868672362032412
0,0.1355136125975975
0,6.647562581437569e-05
1,0.2716909636609195
0,2.231946813527179e-05
0,0.2783038098171859
0,3.0253554800863938e-05
0,0.0001260401786034149
0,1.7443508496320248e-05
0,0.0002153324252139221
0,3.1763082212299774e-05
0,0.00034304448609943
1,0.2807230556244108
0,1.3378177175008246e-05
0,0.20873115323665478
0,0.00021915835702116505
0,0.2677658410729203
0,1.7443508496320248e-05
0,0.2848543432650238
0,6.810974757334871e-07
0,2.6360957284081115e-05
0,2.092927700290745e-06
0,0.28527171764462617
0,0.00026036141470873824
0,0.11651214720758063
0,1.3613443877056413e-06
0,6.131491043045207e-05
0,0.26194181215532514
0,3.2425068535645714e-05
0,1.210733026784429e-05
0,7.979698332254591e-06
0,2.7674641280290547e-05
0,0.22209933619049455
0,1.8639962458038352e-06
0,0.00015269385576488953
0,0.2176775037206728
0,0.23910172659863008
0,4.800372348162448e-05
0,0.20252228107645132
0,0.17997385292419288
1,0.22356308485758247
0,3.175392178520735e-05
0,0.00011964517173080897
0,0.009129316128344727
0,0.0001844937964365402
0,3.5648511710124965e-05
1,0.28819680407894743
0,0.20553102754881658
0,3.7825956697500556e-05
0,1.836898354955548e-05
0,0.2783712997373942
0,0.27298935844803496
0,7.715029100444529e-05
0,5.904716363571169e-05
0,0.0012829223610349568
0,3.907756186562436e-05
1,0.21639118124980472
0,1.7443508496320248e-05
0,0.00015269385575419786
0,2.195150592128722e-05
0,0.0012829223580699254
0,0.238305042809024
0,0.00019560682301646035
0,7.268744677844594e-05
1,0.24001734561492358
0,0.0012829223601639153
0,0.28720377291010163
0,1.6845045073832398e-05
1,0.267768138228351
0,3.877341545258508e-05
0,0.0002765996443242956
0,0.0004680469987847024
0,0.00016157621653341804
0,0.25259898498795746
0,0.00046903590391080837
0,0.20781301707784372
1,0.25191932338443
0,0.216833536452003
0,0.2808019817154638
1,0.28375324151417425
0,0.28613534197304236
0,0.20233670745896956
0,3.56143445082019e-05
0,1.9256081062125254e-05
0,0.21327223097322473
1,0.23490464962876875
0,2.5016416849146654e-05
0,2.2663655602770524e-05
0,1.6155994920626731e-06
0,1.7759863824174093e-06
0,0.2329014593253129
0,3.631030820147668e-05
0,0.00044035801576359384
0,0.21637940819440668
0,0.27020010936243627
0,4.7223906467145985e-05
0,0.0002497071564780692
0,2.147345353766235e-05
0,1.56648885706558e-06
0,1.666688984606984e-05
0,0.0012829223570176124
0,0.23627907687592298
0,0.0001025088955697373
0,0.14589335297605582
0,4.462171383857845e-06
0,2.119236034844583e-05
1,0.2539557848900142
0,0.2006135528210996
0,0.27090916566380036
0,0.00011964517172079501
0,6.4706099510922204e-06
0,0.0012829223589055775
0,0.0001740710574915899
0,2.5616909622814785e-05
0,0.2115893916523708
0,9.883328252057997e-07
1,0.13681456193407893
0,0.00012066903297006618
0,4.849633095891588e-05
0,0.252918508753524
0,1.1095064775265419e-05
0,9.28992956018867e-06
0,0.2895673055066685
0,0.2611256170970545
0,0.00018403353401463593
0,0.272664780878164
0,0.21804628387410419
0,0.20229950693751758
0,0.28950907509452634
0,0.21740972755995705
0,2.0532163904711925e-05
0,2.0747170074954533e-05
0,0.21706520614039782
0,7.366818830499069e-07
0,0.10201340583762158
0,0.06769521444684218
0,6.906593478857713e-07
0,3.252484929472591e-05
0,3.137377167814615e-05
0,9.932846172071388e-07
0,0.25613555415434774
0,0.19424872845036717
0,1.3936889130793295e-05
0,0.0012829223597576633
1,0.28925288681124595
0,0.0012829223576221523
0,0.2547407143554691
0,0.26811966102525114
0,0.1852044617170248
0,0.21661055477071314
0,0.22681303587809398
0,0.21244805380723
0,5.756881444809321e-06
0,0.2381114818276993
0,6.493174460255505e-05
0,0.2177037002535193
0,1.3088427882287584e-05
0,0.0002919022720797534
1,0.23538573644369035
0,2.640761634804553e-05
0,3.037678198994651e-05
0,1.7352120137280098e-05
1,0.2889701258883467
0,1.7240171990717628e-07
0,0.2059772299727124
0,3.355141252245395e-06
0,9.204036319134498e-06
1,0.23386114751750323
1,0.2172963939010081
1,0.22366879448932986
0,0.28015932443371133
0,3.442245431835949e-06
0,0.2682929848101123
0,0.2425389306351241
0,0.26288864798969747
0,0.2891874401797087
0,1.0482728246228306e-05
0,8.29668309804512e-05
0,0.0001970997711790811
0,2.6044105533884664e-05
0,2.7683872897693518e-05
0,0.11602837399098097
0,1.3494618205744036e-05
0,0.2881387757699057
0,5.158601045031768e-05
0,0.2877216587831147
0,1.3784882247272576e-05
0,0.00017906850135699122
0,0.21633043695361948
0,0.28663497307098545
0,0.28825269420318683
0,4.0148127467250855e-05
0,1.4767007835006892e-05
0,0.00018449379643938304
0,0.18624180171591817
0,1.3441498328977857e-05
0,5.325367288002131e-06
0,0.25756715432649296
0,1.3415353351076105e-05
0,0.0002549136990396334
0,0.278818694496274
0,1.5259314254584392e-05
0,0.2851427752984565
0,3.5441924549824314e-06
0,2.2001052139852174e-05
0,0.2772349888794802
1,0.20608003266037653
0,4.149774658664343e-05
0,6.93325777388377e-05
0,0.23238203258367718
0,0.23312688180796184
0,1.331753887607352e-05
0,0.00033605311573459856
0,2.7566446333656036e-05
0,1.6582949915525218e-05
0,0.28718999509046456
0,8.731293573018087e-05
0,1.389432970236729e-05
0,3.187167207252525e-06
0,7.915449462429897e-06
0,3.659660915831084e-05
1,0.21845865130828324
0,9.476815163529687e-07
1,0.27235664622626654
0,9.782853652324159e-05
0,6.092379846432076e-05
0,0.00027620756767365135
0,3.5851354089082226e-05
0,0.257730835579979
0,0.06641546508524661
0,0.20233345142205483
0,1.3971109634364855e-05
0,0.00016940891445585567
0,0.13085212815401914
0,0.00010250889557759924
0,0.19961802592150762
0,8.140093824193075e-05
0,0.0012829223570467818
0,3.593445592355897e-06
0,4.562064522391576e-06
0,0.2109555322105331
0,0.4442187630358272
0,0.0003411586830074325
0,1.868704467148962e-05
0,9.404612074871071e-05
0,0.22199314258086877
0,0.2247709098032487
0,3.526265763577784e-05
0,0.2594100324230141
1,0.19624882336606936
0,0.28679939870535587
0,0.25562948959887216
0,0.0004680469987646879
0,0.0003634024163532135
0,0.21442028915223574
1,0.26128973616260776
1,0.28596405804181546
0,3.916492681335983e-05
0,1.1209681577227333e-06
0,0.20231491057472542
0,9.907644365787018e-06
0,2.37764154868807e-05
0,2.288497234385986e-05
0,3.7495107430239075e-05
0,0.24253692685590356
0,1.6185576963929927e-06
0,4.679865690879911e-06
0,0.20550892358044492
0,2.492314753884724e-05
0,0.00013082477513784706
0,5.9782382020505925e-05
0,2.039172153724326e-06
1,0.23293796809383152
0,1.2778489344715292e-05
0,4.06235610270047e-05
1,0.2413879022466306
1,0.21718060223523022
0,0.00017238949377667868
0,0.2624614822003661
0,3.29985222794917e-05
0,0.28655011791455953
0,0.00011966292658401074
0,0.0003944314186939148
0,0.00016189171602522384
1,0.28696576764431386
0,1.9606545297446528e-06
0,0.2234302269034338
1,0.20473289951805904
0,4.233805035367253e-06
0,0.217548753810373
0,0.23517636497566807
1,0.2867282259784483
0,7.154327840320643e-05
0,0.28830861200427593
1,0.22386506881445567
0,5.502491578560977e-05
0,0.23663452627145123
0,0.00010250889556984272
0,0.6868136502587497
0,9.368525067559008e-05
0,5.7075173712483896e-05
0,0.278959764693999
0,2.6196916996039605e-06
1,0.22336541100150684
0,8.032124794137118e-05
0,0.28525019432952076
0,1.921562107287096e-05
0,0.2171933435950664
0,2.8927842901583193e-05
0,0.28694504023215783
0,0.28788749480905673
0,0.00027125818361824417
0,2.0351379457923706e-06
0,3.26418655983629e-05
0,0.001282922359530236
0,8.24817271139964e-05
0,9.996645546112552e-05
0,0.15398083581963606
0,8.902029296033975e-06
0,8.441175525465455e-07
0,9.276655693016812e-05
1,0.28453307799995287
0,0.25551293374324463
0,6.647562581778799e-05
0,0.00027515597597054615
0,0.21971826055731464
0,0.00021533242520983928
0,0.00010250889557412945
0,5.695416655542447e-05
0,2.3669429222634933e-05
0,0.00014456340731664857
0,6.406548611147212e-06
0,0.28956192161518135
1,0.2893536884752696
0,0.00012215619436417398
0,4.052881938014244e-05
0,0.00021533242521042594
0,0.2812951679557117
0,3.8069094683093564e-05
0,0.2835112170957061
0,0.2882279725483911
0,0.00012919611176553567
0,6.64756258134612e-05
0,4.375769578509217e-07
0,0.28883039173145497
0,0.2521122958585531
0,1.440116246506764e-05
0,0.20232608536329671
0,4.017249521721399e-06
0,0.00023545090483126992
0,0.20233345142205483
0,0.2893322310520163
0,0.3461772449302522
0,2.9390069293539e-06
0,0.23780273752742917
0,0.1417637001807359
0,0.22912321695994833
0,0.21773885305461207
1,0.6567436554101164
0,1.8906776432050454e-05
0,2.6839672324076916e-05
0,3.5675516109719476e-05
0,3.3302335280847574e-05
0,0.2158324559464478
0,0.2877978680629616
0,1.1983611021144364e-06
0,9.578295742783702e-05
0,2.1124249606761004e-05
0,0.286852427409814
0,0.20230870277561716
0,5.113780708052899e-06
0,0.25497155116681924
0,0.1770788550261288
0,0.22624103526080686
0,3.148894561945768e-05
1,0.22546769077565207
1,0.6567436553898833
0,0.2844605855762334
0,7.723872147035781e-06
0,3.513330360426507e-05
1,0.2777355833165754
0,3.501607534948973e-05
0,2.0989457313042268e-05
1,0.6567436553898833
0,2.495300598487858e-06
0,1.3823903838149867e-05
0,0.25757625063301093
0,6.45382539766527e-05
0,2.09671749722806e-05
0,0.00010682235679168417
0,8.495419641523478e-05
0,2.961899685746238e-07
0,4.00467941629787e-07
0,0.2797550024014534
0,4.7438732245004346e-05
0,0.23305548496111253
0,9.478206709454161e-05
0,0.2866440827575461
0,1.7962749787145587e-05
0,0.21535656147900722
0,0.2612656883029218
0,7.11681538122849e-06
0,0.2647597255403643
0,5.25673458770733e-05
0,2.0544421626083376e-05
0,6.647562581517601e-05
1,0.2662231901730778
0,0.23066076613615677
0,1.4511537580848886e-05
0,0.18683721322191332
1,0.23611832328490906
0,0.00015286667622707562
0,1.1864007672935524e-05
0,0.2430215104544699
0,0.2781763289027624
0,0.0001445634073174558
0,0.1929574207361109
0,1.27860598044646e-05
0,0.22561871801877192
0,8.140093824193075e-05
0,4.4268671442760106e-05
0,2.5058091695505043e-05
0,0.27344008479062204
1,0.217631547896084
0,4.823720391546411e-05
0,4.61051391113462e-06
0,0.00023110448908497363
0,3.0164140923005637e-05
0,0.0002917595113783377
0,0.2161002194467005
0,0.2875543577690446
0,0.0001618917160338233
0,0.00015199937555995606
1,0.2877370685878161
0,0.21140899727849075
0,2.653885711556072e-05
0,0.1996813774890625
0,3.730480418144962e-05
0,0.0001652679796018792
0,0.21205573955400958
0,0.0012829223597576633
0,0.00015807099357148833
0,7.021461679671508e-05
0,0.21205108792746957
0,0.2641509710431946
0,0.2187910519345991
1,0.20649906956791939
0,0.0012829223567943332
0,1.5064445852123838e-05
0,1.130613807944064e-05
0,0.2888746688147049
0,1.60139633027261e-05
1,0.28896286639498814
0,0.21712440548026182
1,0.2865201518931093
0,0.24595984201704194
0,2.1623388474791196e-06
0,6.647562581289324e-05
0,8.994976771720292e-05
1,0.27113899412922243
0,2.7174484562977245e-05
0,0.001282922358285282
0,0.21071536878291086
0,2.6407616339549814e-05
0,0.2861614386286335
0,1.2976338030182803e-05
0,8.860998168238528e-05
0,1.80306824873976e-05
1,0.6831351849218563
0,0.2850102658089888
0,0.2902129143409429
0,0.0001626801788336716
1,0.23267599946825077
1,0.23119493376131006
0,3.73877902447863e-05
0,0.28553990243415156
1,0.23055521954755862
0,1.1095064775265419e-05
0,3.749509787498507e-05
0,0.21942412912977788
0,3.0670068789980523e-06
0,1.7352120138736578e-05
0,2.303529608133402e-06
0,5.0179387182587575e-05
0,4.550945819116376e-06
0,0.2038586835289171
0,8.140093824193075e-05
0,0.26161691431386935
0,2.156364420145532e-06
0,0.0001553317340115125
0,0.20336143320363517
1,0.28744992571107447
0,1.3984859333137219e-06
1,0.2222853686615959
0,5.802889236148515e-06
0,0.00010184591554419903
1,0.28565581208772495
0,0.00021174762456694482
0,0.2330558818012966
0,1.4865499513858036e-05
0,0.21471878250151652
0,0.28244054448069594
0,0.2103846280540317
0,2.2199193736055365e-05
0,6.465999743807131e-05
0,4.6761840677136955e-05
0,0.23117480323507436
0,1.0751609072244481e-06
0,0.00014456340731506075
0,9.61228002253972e-06
0,2.6970163791660057e-06
0,4.762357931509647e-05
1,0.23291265956057772
0,6.545992817801495e-08
0,0.00011964517172201203
0,8.393650927058903e-07
0,0.00013543189431156657
1,0.27198455378762043
0,0.0012829223601639153
0,2.027534060579985e-05
0,6.015764536508795e-05
0,0.2140935054219533
0,0.28899080161969437
0,1.3295637633938785e-05
0,0.00018403353401463593
0,0.21124142396640705
0,1.9934666482460602e-07
0,0.2679351973513599
0,0.23343338082762113
0,8.997564152653798e-07
0,3.9676186818605024e-05
0,0.20214849006569383
0,0.21591488478086887
0,6.404796113659539e-06
0,3.7504695441541564e-07
0,0.2830342123902933
0,0.28633908183671963
0,4.927439977383356e-06
0,0.0012829223555498733
0,0.2514700818392437
0,7.763268916623216e-06
0,2.640761634075057e-05
0,0.21762807963037756
0,3.319410834504908e-05
0,0.28951880906126115
0,0.21659434338507996
0,0.23134608933574488
0,0.23238081812831335
0,5.502491578277007e-05
0,8.782676059590906e-05
1,0.219103716425421
0,0.21773461729106003
0,0.21356265574174943
0,4.567328526128764e-07
0,0.2235326853615289
0,0.239211104219118
0,0.26694300171782553
0,3.710167480622256e-05
1,0.2807013916901356
0,6.509832612329762e-05
0,7.361570399489316e-06
0,3.0131491273716704e-05
1,0.2845237934310302
0,0.001282922359476744
0,2.6629990326799385e-05
0,0.0012829223597576633
1,0.22428935777676062
0,0.22423265660808792
0,0.2845141103488596
0,0.31524943729774785
0,0.24202909741579065
0,3.730039661129522e-05
0,3.43143979464017e-06
0,0.00016712966143294695
0,5.295301912242897e-05
0,0.2093498894989491
0,0.2158533963433313
0,3.395424090516538e-05
0,0.22242814278488407
0,0.20405602984307225
0,1.7443508496320248e-05
0,1.1693036152598041e-06
0,6.131491043100807e-05
0,4.6548715766968044e-05
0,6.545949689702308e-05
0,0.2805212295483617
1,0.2866777107870159
0,0.0012829223606580734
0,0.28924235248876223
0,0.00010240760666520562
1,0.21758791630362104
0,1.6187627220445066e-05
0,5.904694595848939e-05
0,2.9711189910894776e-07
0,6.03852784214151e-05
0,0.23644936167272815
0,2.7256944747100182e-06
0,2.675574173456613e-05
0,3.7979463509337876e-05
0,0.20272654563044873
0,4.837592864165263e-05
0,0.0001844937964310426
1,0.28758122040878714
0,0.2863464070962819
0,0.20725626682927167
0,1.947989950079644e-06
0,1.838339142513072e-05
0,0.23165850644873343
0,1.577633569655607e-06
0,9.411681122110445e-06
0,0.0002235731914345392
0,6.509832612329762e-05
0,0.20797955219140568
1,0.27635176743109074
0,6.647562581509301e-05
0,2.9018652639070373e-05
0,1.7759743883943517e-06
0,0.000102508895569206
0,5.877581444251616e-06
0,2.2400446905339597e-06
0,0.2057248071067367
0,0.20512039147810845
0,0.2215402421513097
0,5.633579599823452e-05
0,2.640761634804553e-05
0,1.5091493707407305e-05
0,0.23297907645566254
0,3.0770047949431716e-05
0,1.7270294102421272e-05
0,0.10424075319949813
0,0.28774318720454817
0,0.00033250721251977853
0,3.261252505879342e-05
0,1.7414093886082204e-05
0,0.00015553358847353625
0,0.0012829223582400304
0,0.20231654435584195
1,0.20419529480824256
0,0.23919730508532128
0,0.23760966948789847
0,0.00018449379644881262
0,0.21181373808488163
0,0.22996945784019934
0,6.51114117824216e-05
1,0.21533718121905765
0,6.252181971668145e-05
0,2.8797136092024703e-05
0,1.6492998320029302e-05
0,0.21763372472273768
0,1.3948974785025685e-06
1,0.20458449959476288
0,0.2629906522786001
0,1.1223599566560395e-05
0,1.252272985238458e-06
0,0.21390543107398682
1,0.2825477909356259
0,2.1057515633568797e-05
1,0.3871222837865167
0,0.2023054988780997
0,1.4397218780380774e-05
0,1.1003601531699688e-05
0,2.186462155574462e-05
0,0.3634523596289128
0,3.164865998029141e-07
0,7.880885986644909e-06
0,4.617569123673068e-06
0,1.4767007844287819e-05
0,7.4179084428686345e-06
0,1.3839478036591094e-07
0,0.001282922358202118
0,2.3439645717490715e-05
1,0.2874200039491667
1,0.2732990097181232
1,0.2166192704083072
0,6.642396960078763e-07
0,0.23022586652711616
0,0.2521803980902144
0,1.657589404039442e-06
0,2.437641711809803e-07
0,3.300146415640346e-05
0,0.22021731372965833
0,7.3140311601070024e-06
0,4.740936858843618e-05
1,0.28239489763217607
0,2.5831211873908646e-05
1,0.27905578090097954
0,1.5286954264392232e-06
0,0.0002603614147081136
0,0.0001347728373163384
0,0.20684939502426986
0,1.6516704793662558e-05
0,0.274405147424824
0,4.886843393203564e-05
1,0.2874855593362882
0,1.3632683981865159e-05
1,0.24030826571040267
0,0.2177213597673201
0,0.23241925156453874
0,0.0001461566652508957
0,1.4557159081759184e-05
0,4.709184389774018e-06
0,0.2884470148347441
0,0.22383913307195255
0,0.0005115295503211097
0,0.23353757971326883
0,3.1702680757736785e-05
1,0.2890776451966161
0,6.097053799418985e-06
0,0.00018192645768604822
0,0.2884922668552146
0,2.7189511946309896e-05
0,2.104913161405399e-05
0,7.974348935038546e-06
0,0.00012385863931946414
0,0.287978922715093
0,1.4619019240360602e-05
0,2.121220262380112e-05
0,0.20233345142205483
0,0.001282922360121403
0,0.2355996126918579
0,2.0725186859192433e-06
0,0.20724351843385178
1,0.28867672485163753
1,0.22557500269335692
1,0.2172738897329451
0,6.647562581473241e-05
0,9.020387096113391e-06
0,0.20824758251806064
0,0.0012829223582269662
0,0.2560094811421441
0,9.621745227327878e-06
0,4.857864081527855e-05
0,1.5548389735216828e-07
0,4.480380225567414e-06
0,1.0752106764953649e-07
0,0.2316459976482684
0,3.1841603749749585e-05
0,3.7707314602814614e-05
0,0.2147815843569354
0,0.21765316360325745
0,3.8732331702784185e-05
0,5.148042120940518e-06
0,0.00028048062660875035
0,1.4697199221781828e-05
0,5.695416655499361e-05
0,0.28859136148567094
0,0.0012829223597576633
0,2.0532163904711925e-05
0,2.438757822076145e-06
0,0.2739664676092888
0,6.390526707516164e-06
0,0.20984518699901517
0,6.661686130478707e-05
0,5.695416655502375e-05
0,3.21649860465976e-05
0,2.9946846267354853e-06
0,0.28310089311375053
0,0.20774325152055975
0,0.23106779919142473
0,7.405006032506964e-05
0,3.7257954308590266e-05
0,4.504696766195325e-07
0,0.0001526938557577934
0,6.9452520876721585e-06
0,7.268744678003437e-05
0,0.0012829223616550168
0,0.2235474421293474
0,2.2179054893969504e-06
0,0.16577152897907924
0,6.378173332704936e-05
0,3.882696285037265e-05
0,0.1344555737907326
0,3.871848082527803e-05
0,7.3865073325153436e-06
0,5.4309310213348124e-05
0,0.0004998478668650476
0,0.20412200251748325
0,1.2390637373048137e-05
0,6.679670039190546e-05
0,0.27730628912205985
0,3.056513251678075e-05
0,3.5737093971918465e-06
0,0.18756008209756084
1,0.23189604466948602
1,0.26189217952757415
0,0.280529592853369
0,8.066333969688532e-05
0,8.483893426066982e-05
0,2.3959728450596143e-06
0,2.534897811401615e-05
0,1.293756573803079e-05
0,5.8718086600739745e-05
0,0.2177383235601774
0,2.0747170068312812e-05
0,6.378173332502857e-05
0,1.9008684990310088e-05
0,1.3181178514257181e-06
0,6.038811970304353e-07
0,0.00010706527959686856
0,3.4466224130761664e-05
0,7.48103690749754e-06
0,1.1102342676100313e-05
0,4.1538037263214434e-05
0,2.1807340062780764e-05
0,5.484537699065885e-06
0,2.798050048617641e-05
0,3.789778475452464e-05
0,0.22494997828354052
0,1.635322226239476e-05
1,0.28521187826103006
0,8.74151760961043e-05
0,9.95682636773728e-06
1,0.2847884680379777
0,0.20422926653294324
0,7.480967201408719e-06
0,0.2880236970922354
0,0.08480063922014895
0,2.253227258752403e-05
0,1.200784428981554e-06
0,1.8182170892037635e-05
1,0.26394834332283906
0,0.00021533242522790735
0,0.00023545090482504492
0,0.00012203251135218504
0,0.21682145353071852
0,4.592950943274838e-06
0,1.2427778904453212e-05
0,0.28780679474397475
0,3.6465680490240075e-05
0,3.790756586239932e-05
0,5.380392280453302e-06
0,4.24141171799302e-05
0,9.165234030383661e-07
0,1.9092340777810006e-05
0,0.2861889123939985
0,0.21814288143522303
0,3.130201454063864e-05
0,0.22119610511533155
0,0.24187537814660434
0,7.12792261719392e-08
0,0.26635889934245865
0,2.186462155574462e-05
0,0.2166229479093018
0,0.20866141125038662
0,2.6044105533884664e-05
0,3.1157884036665635e-05
0,2.335459657884202e-06
0,0.00019596882561046994
0,0.2305164129624923
0,0.23229719427087267
0,0.0012829223601639153
0,0.0012829223569891636
0,0.00010439381235791346
0,2.7482380358719356e-05
0,0.28209324057953433
0,0.25965877433202994
0,4.478263585263891e-05
0,0.0012829223559758364
0,0.2760094155943186
0,1.1910444422350996e-05
0,1.7443508496320248e-05
0,0.2888154147328582
0,0.05063003468700791
0,2.5369407200445963e-05
0,0.21773967926193685
0,0.0005085761901864812
0,0.00016523318273142866
0,0.21772122035046032
0,0.0012829223583499115
0,0.20510373176906133
0,0.00010250918527934607
0,0.23029826641551016
0,3.953345756444447e-07
0,2.8846961136896225e-05
0,1.5762150812033952e-05
0,0.00010861008767211034
0,0.22141552354853603
0,0.00015423767422538531
0,3.1157884036665635e-05
0,7.87820625187885e-05
0,5.632937576032442e-05
0,0.2888327446705516
0,2.5928277289361492e-05
0,0.2088879155285038
0,0.23708302660555022
0,1.0515447998717974e-05
0,0.22327764079005394
0,0.2626881410433101
0,0.21761968899897932
1,0.23296915256262876
1,0.2415023123388941
0,5.0798348436053946e-05
0,0.22686493248536688
1,0.20251372102527934
0,0.23408474167271875
0,0.21372520188623917
0,0.00021533242521256754
0,0.2495452968511341
0,0.21774673318823795
0,2.068067633195243e-05
0,0.2116827814083692
0,1.2758349429640908e-05
0,0.20231654435584195
1,0.2855716242005618
0,1.887313274229378e-05
0,6.230565962095515e-05
0,0.22100194625253267
0,1.3697326178633676e-06
0,6.647562581375969e-05
0,4.064245367622767e-05
0,1.4007649552234882e-06
0,0.00020173160908592888
0,0.27521920151403095
0,6.647562581383183e-05
0,4.388649137538279e-07
0,0.22137767698666533
0,0.0001669610005954208
0,0.21220862572733537
0,8.483893425862042e-05
0,1.2599574148447888e-06
0,0.21617792723001042
0,8.03212479393042e-05
0,0.21482012063762054
0,0.00040419153400524945
0,0.21739040574679677
1,0.26407331971065057
0,1.2936751143867173e-05
0,0.6035135450152559
0,0.2883605210315097
0,0.2883686649760591
1,0.20345278607090234
0,0.22151967552885102
0,0.23394051041298153
1,0.2501460090101909
0,0.28725770326549316
0,0.02287390189106
0,3.634133547083255e-05
0,3.818074470660041e-06
0,0.2873153338291116
0,5.32532547185711e-05
0,0.0002104174933175375
0,0.001282922356423564
0,0.0001526938557576472
1,0.25564933753524655
0,0.22307507228340587
0,0.07129058737809993
0,0.0012829223580847159
0,0.23317591409587515
0,0.0001238586393183261
0,0.2759817281437286
0,0.00018692657375477507
0,4.722390646371536e-05
0,0.152548362658804
0,6.033537841684892e-06
0,0.2275295518033451
0,4.465604238447657e-05
0,0.20226227590578288
0,0.28127119561734476
0,5.4266729760212564e-05
1,0.3162194743434149
0,0.0012829223601639153
0,3.193372862236876e-05
1,0.23489585833236923
0,0.24382196292967814
0,0.203651361186854
0,0.0012829223578833555
0,0.00029060997571718624
0,0.25309181997232344
0,1.695658208508218e-05
0,0.28310089252895376
0,0.21788022207161517
0,0.00010689834589225468
0,0.00017467040126762048
0,0.22334531988547357
0,0.28884303103109854
0,1.995581121009683e-05
1,0.273806612053839
0,0.26063969682754795
0,4.722390646083148e-05
0,4.7224243063925196e-05
0,0.0001262601860338872
0,3.829531574170629e-06
0,0.1420628116959272
0,2.3205421443798888e-05
0,0.25122168937248013
0,6.306201355287725e-07
0,0.21146705174691235
0,2.198670238459571e-05
0,0.0007993576280194112
0,0.28823927789122356
0,0.27745774318853006
0,0.27501717342139814
0,0.3205708379579947
0,4.736494600197566e-05
0,0.00010250889557189724
0,0.2172885037689974
0,0.23971148443438076
0,0.00026036141470735615
1,0.21780493445806115
0,0.21644729197526913
0,1.4514217799048035e-06
0,5.5117367745719125e-05
0,9.72632951089051e-07
0,8.483893425832808e-05
1,0.2831454422235469
0,2.227935545944977e-06
0,1.733528448278846e-05
0,0.00011964517172084854
0,6.456463811299666e-05
0,1.7193114579216942e-06
0,1.3506531649226017e-05
0,0.00012097992745443322
0,0.28330161812066473
0,0.00013805614576888297
0,8.961142197737983e-06
0,7.471443334559137e-05
0,1.946256623577629e-05
0,0.0012829223585422874
0,0.00010250889557626881
0,8.967650156414109e-05
0,1.6532501039838212e-06
0,0.23322727836486504
0,9.668323656286921e-06
0,6.411126446070686e-06
0,0.2422129888994659
0,0.5418447116639106
0,0.2875011375746747
0,9.494423354390618e-06
0,0.2861678281793691
0,1.4019947800699077e-06
0,5.69541665592381e-05
0,1.3430527612819895e-06
0,0.0012829223573027299
0,0.2819748653877425
0,1.0106727520028411e-06
0,0.22823022353518702
0,0.2891372674925021
0,0.23209434656656225
0,8.032124793765796e-05
1,0.2872515808212602
0,2.7555299507683303e-05
0,0.288227496268144
0,1.7905237871570784e-05
0,0.21899067840625744
1,0.2882962992207318
1,0.2887739437000748
0,0.2173966220202281
0,3.4292986851560287e-06
0,0.2450102490550074
0,2.1059223293422695e-05
0,0.0005472160302369512
0,0.00010473311758026302
1,0.2877608662389707
0,6.378173332465449e-05
0,1.994667346687303e-05
0,3.510969473422563e-05
0,0.27527367623689963
1,0.25359303341329403
0,3.0487035106623725e-05
0,0.0012829223582400304
0,4.831936226083236e-05
0,2.1900955714782647e-05
1,0.15430694448689133
0,6.542100432684759e-05
0,1.717445202809245e-05
0,0.00023545090482927615
0,0.00038350442825827987
0,0.28676058597304827
0,0.28607251165494585
0,0.2048821679719171
0,6.378173332537513e-05
0,9.105384929178776e-05
0,4.586020034082303e-06
0,0.20684437001705358
0,3.68163141098959e-05
0,0.2622392625725331
0,0.00017781608382857504
0,0.20834935878810068
0,0.277234988550872
0,0.23299565844079134
0,0.2111139916538699
1,0.26306406370953933
0,0.24230887262370526
0,1.2887622165011327e-05
1,0.4256527331382006
0,0.22496415577341825
0,1.7368795487152346e-05
0,0.28815583127263295
0,0.20433124968125682
0,5.776652260907651e-06
0,0.0005965262969232789
0,6.647562581477397e-05
0,0.21753548521125748
0,0.001282922360714005
0,5.797503651271041e-07
0,0.00015564597707827996
1,0.21728481856021065
0,6.465057151689135e-06
0,0.23299062637309206
0,0.0001445634073197546
0,0.21718482830118463
0,4.51147361902527e-05
0,0.28526557130038943
0,0.0002269373961080884
1,0.28613768952846924
0,2.5434319743566226e-05
0,6.167505586183887e-06
1,0.2826665973703738
0,1.7033636697439716e-05
1,0.21763600305356878
0,0.000274876296243246
0,0.2862538464826119
0,0.0003249125202410323
0,1.275834942952664e-05
0,1.2894545076899993e-05
1,0.25539248532879716
0,0.0001445634073182271
0,0.0012829223574147297
0,0.2869409526128649
0,3.991241597192919e-05
0,4.905896078490755e-05
1,0.25081400550702526
0,4.107977435459103e-06
1,0.2582688985828411
0,1.4699919743801617e-05
0,0.2876695265505118
0,0.21839543827706984
0,4.772993956644509e-05
0,0.21093567451300804
0,0.26265002421989225
0,2.6752764993862948e-05
0,0.0004145549030434253
0,1.6145549924301977e-05
0,1.69386430528648e-06
0,0.278043153650581
0,0.22731566560379332
0,0.20233270492950883
0,0.0005605083617586771
0,2.8846961147677128e-05
0,3.425177813506419e-05
0,4.195818538511331e-05
0,0.00010190918496274028
0,0.27987213195013266
0,0.00020260027821812656
0,6.647562581638972e-05
0,0.22237583627418733
1,0.2825416158048008
0,2.9624664778781075e-05
0,0.002829378929192544
0,2.087484751587608e-06
1,0.28959689246386433
0,4.2518700272782065e-05
0,8.140093824193075e-05
0,2.3549870109722918e-05
0,0.2645907432746629
0,0.27828456271614016
0,0.20530013195749683
0,4.4044647268975635e-05
0,0.21871150138991258
0,0.2850380508510656
0,0.27512339075681475
1,0.20679429694929496
0,0.2612637077426183
0,1.8795918330359275e-05
0,1.2747660260440312e-05
0,2.718147071224025e-06
0,6.548312232513281e-05
0,9.207469989587389e-07
0,0.28836052092822667
0,0.24017440882232038
0,8.483893425790253e-05
0,9.835491606993371e-05
0,0.21336088303727965
0,0.0002603614147091081
0,0.22688524133911345
0,2.8880422665216308e-06
0,1.4087983848754587e-05
0,0.24165045378328118
0,3.7897784751608314e-05
0,0.0002153324252179016
0,3.157045580354175e-06
0,0.20981242996101446
1,0.21773949030709042
0,0.21770616976283394
0,0.00017714685950703736
1,0.2718211416057087
1,0.6457887745431264
0,0.00015269385576204792
0,1.6402404220056805e-06
1,0.23629276483865452
1,0.28766503784663583
0,0.001282922358992844
0,0.2887973090075276
0,0.11201403698749371
0,0.2851753218429753
0,3.7126287561048415e-05
0,0.28181653176977983
0,4.263838756157082e-06
0,2.2663655602770524e-05
0,1.7443508496320248e-05
1,0.27720508398855803
0,0.0002354509048328789
0,1.0510548845772976e-05
0,7.952003042219662e-07
0,1.9443065272649505e-05
0,0.20431389591347998
0,0.2555580202849302
0,0.2810717897889052
0,0.2853444986075529
0,2.964455752136846e-05
0,5.159754859937242e-05
0,7.444452356934796e-05
0,3.4052007090473416e-05
0,1.3672991757995331e-06
0,0.23150826042760816
0,2.3266131731430377e-06
0,7.784697012605418e-06
0,0.22710419513777827
0,2.8846961147677128e-05
0,0.0014572461814302254
0,1.1481454275249937e-05
0,1.2246884135854538e-05
0,0.21016798732509961
0,0.0001526938557577934
0,0.20233993866436617
0,0.23080205239432658
0,0.28734382132818787
0,2.640761634804553e-05
0,3.0770047948122684e-05
0,3.448066020479853e-06
0,0.21489071308786487
0,5.164699504038678e-06
0,5.596643743362126e-07
0,5.510668064180747e-07
1,0.28588786248210823
0,0.2639758630816543
0,0.24591121352300094
0,0.2502429782473825
0,7.825272819044929e-05
0,0.00011501979580555007
0,8.212566615777198e-06
0,1.2286912998459e-05
0,0.23316068457685413
0,9.621745228640521e-06
0,1.4767007836044331e-05
0,2.5576129761868053e-05
0,2.9992930015850886e-06
0,6.295819996437203e-06
0,0.2807110253441541
0,4.6761507385874684e-05
0,6.120722192270452e-06
0,0.21726009134135327
0,0.23138036378895185
0,0.21355491933790566
0,0.20550266670932205
0,0.00014456340731506075
1,0.2874550896476846
0,0.2878725343590903
0,3.721248428006657e-05
0,2.312334397609428e-05
0,1.6803252903783573e-05
1,0.2175008970811182
0,0.00020047338719516748
0,9.62174523002553e-06
0,0.25677918964756763
0,4.7223906468001163e-05
0,0.2560282607264961
0,3.26146942742426e-05
0,4.422673971995038e-05
0,0.23038105199199888
0,5.765559467105218e-06
0,2.758856696181598e-05
0,0.2315592997798506
0,2.0710050269512775e-05
0,0.28123503280272916
0,4.580523955149239e-06
1,0.24313540787953777
0,1.2159184255636417e-05
0,2.026444727721241e-05
0,2.463527511145117e-06
0,5.705945692350235e-06
0,0.00015269385576204792
0,0.279038924411724
0,5.0036583418825546e-05
0,0.21020168991453675
0,5.072027948162858e-06
0,5.158601046065048e-05
0,0.09473635211562964
0,0.2349965581213821
0,0.0012829223597576633
0,3.7407478041747825e-05
0,0.052527283403360735
0,9.62174522756803e-06
1,0.2789597646470481
0,0.28351853623142254
0,0.0012829223589131019
0,0.00031420260563759316
0,6.138814129897769e-05
0,0.00010250889557844169
0,2.1343883358383585e-06
0,4.4272521079333164e-05
0,0.0020395128562696123
0,0.2647634490368104
1,0.25532590311675746
0,1.4043805992451653e-06
0,9.902163921569749e-05
0,2.7872862371497604e-06
0,0.20892454877633945
0,1.5613140987594898e-05
0,0.24386089642949768
0,0.002204923300935505
0,2.7031291233332896e-05
0,0.28907590381859694
0,0.2636161819400989
0,4.9011176883517296e-05
1,0.6567436554107053
0,3.721874866764835e-05
0,1.8874117036504384e-06
0,3.751360211673745e-05
0,0.2131257790342102
0,0.00033250721251899443
0,6.1333257862480785e-06
0,0.24890135243557587
0,2.1465649991662655e-06
0,0.00021174762456694482
0,1.7443508496320248e-05
0,0.00026036141470873824
0,2.2008472014255097e-06
0,1.1264948603109942e-06
0,5.6870365234950305e-05
0,1.3521208171511152e-05
0,0.00012831188802734023
0,3.643859355552245e-05
0,1.6192307991064863e-06
1,0.28878548138991944
0,0.20340881438358033
0,1.456938078951017e-06
0,0.2359512860992892
0,2.9519125752521774e-06
1,0.2046135347494975
0,1.9798336766945902e-05
0,7.269351448235158e-05
0,0.21616432804572241
0,0.0008396052196157875
0,1.7914273970317117e-05
0,0.2704931944002109
0,0.24031113699414605
0,0.28902939891827906
1,0.21629030911804684
1,0.236897561671433
0,1.5314034745051362e-05
0,2.823679121300396e-05
0,4.244891515782133e-05
0,2.9180854544196206e-06
0,7.083127974504387e-05
0,0.2604234381857165
0,3.554877435521254e-05
0,3.299852227535675e-05
0,3.18675494323739e-05
0,3.184160375020761e-05
0,6.974184082930238e-05
1,0.8666861590651537
0,3.204518830815324e-05
0,1.2762630512855677e-05
1,0.21259059331488714
0,4.2230888637783845e-06
0,9.665039415249527e-05
0,1.0510548840205254e-05
0,0.2658381250168534
0,8.774993111633566e-07
0,3.806152921748386e-05
0,3.1377954393679885e-05
0,0.21260776333770753
0,0.2843115028433201
0,0.20231389001130742
1,0.2177445026532103
0,0.1266838133280288
0,1.8795918330268158e-05
0,3.926504679004463e-05
0,0.00022692920944096697
0,0.22643492373290083
1,0.27958183100645667
0,0.23465882787078354
0,3.8295315836906065e-06
1,0.286373748466067
0,2.7042506069560975e-05
0,9.321090150082968e-07
0,0.22020007359432092
0,0.0005965262969170906
0,0.20097864315133407
0,0.2311986411169545
0,7.960192967707546e-06
1,0.20447219160377497
0,5.850421901206188e-05
0,2.870996651721758e-06
0,3.9156171046919205e-05
1,0.29483412142025694
0,2.3850949450221576e-06
0,8.032124794052145e-05
0,9.276655692784402e-05
0,0.24311354105406563
0,1.2532584231674176e-05
0,6.629877466227394e-05
0,5.0538409688370254e-06
0,5.502491577801402e-05
0,0.00033250721253490423
0,0.0001082743957707034
0,0.2804388203266461
0,2.273931334089789e-05
0,0.6567436554145898
1,0.2329474877675415
0,5.472047641914415e-05
0,8.630467919432718e-05
0,4.53875699840826e-06
0,8.483893426101597e-05
0,3.458161484767014e-05
1,0.2879113808855751
0,0.00031283405444894417
0,0.10414997993106163
0,1.1003601531699688e-05
1,0.6567436554135537
0,0.28567406180668314
0,7.307242093424603e-05
0,1.720649102433359e-05
0,4.122421320502326e-05
1,0.6567436553820215
0,4.707591738613476e-05
0,0.2040637353573932
0,0.00025998575551494467
0,4.296060556881849e-06
0,6.015764536753258e-05
0,0.2142455804967769
0,8.020206183150282e-07
0,2.195150592128722e-05
0,2.655615795462676e-05
0,3.8295315738109625e-06
0,1.917151760785455e-05
0,6.601539123694373e-05
0,5.735971513118452e-05
0,0.22272931044339941
0,4.892714346044871e-07
1,0.2177133739907578
0,0.21774758796672197
0,5.3496109484245735e-06
0,0.2168480751683477
0,3.7897784751365303e-05
0,0.28733636832080983
0,8.602396374773513e-05
0,1.7576010308468657e-06
0,4.5416781915146475e-05
1,0.22953343001858204
0,4.017352763859355e-05
0,0.22262333048924035
0,3.915091964985305e-05
0,0.2775247416055045
0,5.497767865266379e-06
0,0.23713142084983485
0,1.0877215852466041e-06
0,4.705298817386329e-05
1,0.2823030018264714
0,7.628896858171245e-05
0,2.640761634804553e-05
0,1.3895759654335314e-05
0,1.4563732062265455e-05
0,0.21097313891954136
0,5.281912581872953e-05
0,0.2826327922693797
1,0.2238559289431612
0,5.418201638802581e-06
0,4.829405846520751e-06
0,0.28575276537170036
0,2.1045391003220825e-05
0,6.53789081972797e-07
0,0.0001407656847007105
0,6.801904097292317e-05
0,5.7162240800821536e-05
0,0.00010503537209991453
0,4.571924742495306e-06
0,3.8647206157755104e-05
0,4.867037605148481e-07
0,9.529810062334188e-07
0,0.00018449379644110885
0,2.297414404578356e-06
0,4.7223906467340844e-05
0,2.8846961137358515e-05
0,0.1310589880391485
0,0.8563986398343973
0,2.196823062738774e-05
1,0.2023216591968122
0,0.0004319038529096918
0,1.3681004391000804e-06
0,6.378173332519976e-05
0,8.077631824810682e-07
0,0.2206711190430358
0,9.90216392127494e-05
0,3.634133548265365e-05
0,0.27576490164517853
0,0.23930301759427194
0,0.00015269385574867897
0,6.848352366799699e-06
0,0.20230254569666728
0,0.22537728227262357
0,2.074717007133068e-05
1,0.2879288110228757
1,0.2895907111105196
0,0.0001669610006008349
0,9.107985154641303e-06
0,6.04081450382685e-05
0,0.00018449379643355616
0,2.0747170066084126e-05
1,0.2855597852369565
0,0.28786393182332215
0,0.2086161701551953
0,0.001282922358285282
1,0.22970209517894297
0,0.11962970355196259
0,6.227630934369241e-05
0,1.706351501928538e-05
0,0.3002165607480673
0,4.188660904091932e-06
0,0.2627192098141443
0,1.7326813924980666e-06
0,1.8172755902234677e-06
1,0.21574981032265983
0,4.325437994781793e-05
0,1.1970469165698672e-05
0,9.780355198966473e-06
0,4.874364423553431e-06
0,0.000161516808319749
0,0.2170882116160569
0,2.837628214453187e-07
0,0.2561200933256239
1,0.23542413968548132
0,0.21065908227394312
0,9.788744762186314e-05
0,3.723833978124811e-05
0,0.00022291489766363044
0,0.0006520347736659563
0,0.00019861777826728398
0,0.20229737419358584
0,0.0013768256865338406
0,0.00018358628825760302
0,0.20859377334673765
1,0.288376264709752
1,0.2235875295110442
0,3.634133548265365e-05
1,0.23972755671133433
0,0.22192178906541654
0,1.181771673522939e-06
1,0.24710256354608803
0,0.0012829223615021773
0,0.0003877688139603087
0,1.5884781883774677e-05
0,0.2692477664478996
0,0.00031439681922815264
0,2.5119949791480224e-05
0,3.7624793820403238e-06
0,9.00861807854992e-05
0,3.307152110069627e-06
0,0.2874605322997248
0,2.7800254940807053e-06
0,1.7206491025510837e-05
0,0.19276716920971546
0,1.841121627732694e-05
0,0.28169070085102527
0,0.28755834811434966
0,0.2452323474895674
0,0.2884149705974581
0,0.0001844937964365402
0,0.0001238586393177724
0,0.2148981054378428
0,0.20689371630607958
0,0.2647238972510935
0,2.8056552472034705e-06
0,0.22371540325147007
0,2.798050048127739e-05
0,0.3055215089470184
0,0.2455806414867713
0,0.23891713281230775
0,0.0002720526660745318
0,9.70503724973313e-05
0,3.184160376872826e-05
0,1.0042854893628332e-06
0,7.505100452546458e-05
0,1.404012003117153e-05
0,0.00014184347438136414
0,0.28766957501766327
0,0.21078353623417748
0,0.2818791916433404
0,7.364987263840656e-05
0,0.21481099109304144
0,3.960592428896131e-05
0,0.2249400186397107
0,0.001282922358933957
0,1.1787304961329678e-05
1,0.20770384977315953
1,0.21596871418273378
0,0.2079297924983775
1,0.28629708883185
0,0.28760460246426184
1,0.20904782142952819
0,4.971500535512749e-06
0,0.3352539896136108
0,1.224688125885429e-05
0,0.20233993880803705
0,0.2193833652721059
0,0.23300913362566866
1,0.22038416976730157
0,0.00015269385576121102
1,0.21640552993178117
1,0.2140106049171457
0,2.094494442952171e-05
0,0.10866001478444785
0,0.00014702745951760153
0,0.23517636535323494
0,0.20834233828744503
0,0.2022743257476361
0,0.00012994178437915663
0,5.594609790423884e-06
0,5.3960653992232234e-05
0,6.785904941827728e-05
0,4.7137817313302316e-05
0,2.6044105533884664e-05
0,8.532145579439765e-05
0,1.9735721988042173e-06
0,7.486617928748705e-06
1,0.3401051606134861
0,4.999096637484619e-07
0,3.7335042451456723e-06
0,0.2889143760742078
0,6.766101477859828e-05
0,0.26478132774620494
1,0.5927228047844492
0,1.600144375096728e-05
0,3.295290358804168e-05
0,0.23959469208874346
0,0.2857873660027141
0,3.103047022486801e-05
0,2.3305475995683944e-05
0,0.29506300936913377
0,0.0012829223591261313
0,1.7913848398176662e-05
0,2.7169127774713926e-05
0,0.0001844937964365402
0,0.0007133182610191196
0,6.378173332704936e-05
0,8.023621832217273e-05
0,6.55075735025964e-06
0,3.717963414074465e-05
0,3.381396720956385e-05
0,0.013261225066576964
0,1.6931956858722425e-05
0,0.0012829223647219743
0,5.333240443877855e-05
0,1.5333713289260126e-05
0,0.2046071166515448
0,0.28770066096829217
1,0.2303257895666237
0,7.273541586920789e-05
0,0.6567436553997595
0,0.28927073555964683
0,0.2580841445063622
0,1.7206491025509736e-05
0,9.780178195391368e-06
0,7.093972639012795e-06
0,3.0326303441771476e-06
0,9.236018948966324e-06
0,0.23318825026299786
1,0.23604713316693715
0,0.24171250581158724
0,0.17895230929560002
0,0.34147504009210516
0,0.00010783569899948743
0,7.036686763955926e-05
0,0.26439199819964154
0,0.20231389001130742
0,1.1026611233830508e-05
0,1.8864712331737126e-07
0,3.749645112603811e-05
0,4.573005948368724e-06
0,6.015764536713872e-05
0,0.20385004265840379
0,6.896579770416744e-06
0,1.8252510432155887e-05
1,0.27928887216377324
1,0.2257901377372563
0,0.20647203249365303
1,0.2885892285380592
0,0.00011964517172418385
0,0.26959902550427406
0,0.2375225496907603
0,1.7467395401613013e-06
0,2.7587807734343595e-05
0,0.2882418046437711
1,0.2583878189150179
0,4.437124529048293e-06
0,8.852054300862687e-07
0,6.470013995768281e-05
0,0.20381192013409444
0,0.28907496714781544
0,0.08014997397090974
0,6.647568217908955e-05
0,0.28877000432807226
0,0.20795137953688966
0,3.077004794603009e-05
0,3.7743931251358253e-06
0,5.6954166558472164e-05
0,0.0006760546760874379
0,6.513334437419317e-06
0,1.38420629348445e-06
0,0.2868178159939817
0,0.25037844494224315
0,0.000363402416368661
0,2.3868296332366552e-05
0,6.594654594516818e-07
0,3.77445992939241e-05
0,0.25977068438150885
0,0.00012808179864492254
0,5.9250996655908624e-05
1,0.20515224026293136
0,1.9485066405519335e-06
0,2.8945201799020028e-05
0,3.2547190173756414e-05
0,1.5734975201653695e-05
0,2.498820121295752e-06
0,1.6834395505605689e-06
0,0.233524877199256
0,3.682705783025538e-06
0,4.895864412879119e-05
0,0.0001526938557577934
1,0.2821330163036118
0,1.0510548840293098e-05
0,3.472511740207715e-05
0,0.25888658745057413
0,3.526265763551495e-05
0,6.487562476028198e-06
0,1.2888108532891275e-05
0,0.00015807099357297572
1,0.2798390012703445
0,4.886843392725311e-05
0,1.7443508496320248e-05
1,0.29871067665651774
0,0.2172760291339109
0,0.31856651189223095
1,0.28720644896509234
0,0.00011357525222228636
0,6.179153531506957e-05
0,0.28648937701072463
0,0.20716067097216745
1,0.6567436554124851
0,1.8654278116990766e-05
1,0.20660507103641967
0,0.2260994645844338
0,7.642247930008355e-06
0,0.2065998996576825
0,0.2137159268199238
0,0.2854229244677993
0,0.2043774313076377
0,0.22545587020471214
0,0.2236619309853255
0,7.150030860112187e-05
0,7.660371231795553e-05
0,3.314359081941173e-05
0,0.20953448025296734
0,0.00031655481570025314
0,4.22385183785721e-05
0,0.00014040793053187714
0,4.860649991630525e-05
0,5.8604354739337396e-05
0,0.00018449379644832473
0,0.2366221003776888
0,0.013430258317181452
0,0.20444602016314495
0,0.2179844868791537
0,1.0605461500468162e-07
0,0.0012829223578833555
0,0.25527695123698385
0,0.00017147295823144134
0,0.24319944994509854
0,1.5122934559693588e-05
0,7.694811337880988e-06
0,0.0012829223597576633
0,6.587031171565931e-06
0,2.2738859998271257e-05
0,0.2850913841169518
0,0.2461562671225696
0,1.1003601531699688e-05
0,1.0070738220897924e-07
0,6.410271961732321e-07
0,2.6044105533884664e-05
0,0.0002354509048238599
0,8.994976771720292e-05
0,3.710167480735676e-05
0,0.24562080913844983
1,0.2838243352139304
0,1.507545091122292e-05
0,0.23505553128316128
0,0.285344498715941
0,5.521016095804491e-05
0,0.25564933734351286
0,4.228719777519746e-05
0,0.2886965045773685
0,0.20234003291292177
0,1.0560659846344702e-05
0,0.2175803748421629
0,4.146243928240128e-05
0,1.832917709608601e-05
0,3.754680761775121e-05
0,5.158601045736442e-05
0,8.612628373672934e-06
0,0.2772349892567631
0,1.6767900743883436e-06
0,0.2567603140405572
0,9.582546745902229e-06
0,6.4706099510922204e-06
0,2.0948466894731468e-06
0,0.19538061144313015
0,0.2277424016261568
1,0.28198676305102843
0,0.2770199646385986
0,0.28874841486169817
0,3.2459863435730606e-06
0,5.989218244432702e-06
0,7.01090082741078e-07
0,0.21892900764640347
0,4.3530164703539623e-05
0,1.1748743485297421e-05
0,0.2511692369721664
1,0.21041488885425272
0,2.0975469473271025e-06
0,0.26370706250686077
0,1.9386873275049774e-05
0,0.22997810253101925
0,3.287869061370654e-05
0,0.0004319038529361348
1,0.6567436553898833
0,1.92936750877073e-05
0,7.26874467778856e-05
0,1.728578118667317e-05
0,7.737172977251784e-07
0,4.4777483048021e-05
0,0.22076961057491123
0,0.6567436553776593
0,1.1930726441551642e-05
1,0.2871475771935895
0,0.22994970665479847
0,7.22319328865749e-06
0,7.221489529941164e-05
0,6.254812026084027e-06
0,1.5080483288599324e-08
1,0.229093443932113
0,6.79180567202962e-05
0,1.3397598354117307e-05
0,0.2250356864540496
0,0.28905743207068574
0,2.94425055320675e-05
0,2.498678691844828e-06
0,3.734412928715202e-05
0,5.2819117395979646e-05
1,0.5350927839267823
0,0.00018978453032006355
0,3.2719041628698766e-06
0,0.12568078212774852
0,0.2754308772544707
0,4.4736117435558504e-05
0,0.00014672449380481856
0,1.50073248954923e-06
0,0.1173454408340751
0,5.917006546578413e-06
0,0.27745774318853006
0,3.5602609237517873e-06
0,2.0368061663568683e-05
0,0.00037640453487698184
0,3.8027622070766028e-06
0,0.2665250637363536
0,0.00010133777407609834
0,3.733663554016171e-05
0,2.186462155574462e-05
0,0.1336974795116904
0,8.782676059302904e-05
0,0.26509026054542445
0,0.20736245692018485
0,0.20272652933297491
1,0.2656969584752579
0,3.7130621178720434e-07
0,8.118792139270471e-05
0,4.1412969268403867e-07
0,0.00038776881397376597
0,0.2876227559149918
0,3.6998284973235426e-05
0,9.463284027546453e-06
0,2.186462155574462e-05
0,5.2112163750454086e-06
0,0.00026036141470897633
0,8.899614548723534e-06
0,0.2164293957145234
0,0.2249310693460561
0,0.21743745701391085
1,0.21804654198976386
0,0.00019581435102917396
0,0.24644623326766937
0,0.00020829038208547006
0,0.1152973809243312
0,0.22263103943626522
1,0.21761184305601694
0,1.9008684980098977e-05
0,0.0008699273679043843
1,0.2877270140597696
0,7.871285995767189e-05
0,4.69981699023383e-06
0,1.8345037806031893e-05
1,0.24843608082413102
0,3.7897784759305594e-05
0,0.28555706097702405
0,0.26391350993095586
1,0.22746591589625284
1,0.20228774487140755
0,0.22866025955660413
0,0.22965817123933585
0,5.490121506822281e-06
0,0.2023265363197178
0,7.974348935038546e-06
0,0.24006944370389993
0,1.79627497834927e-05
0,3.4901951950513057e-06
0,0.2854511940954454
0,0.21166847556795873
0,0.24556794373138668
0,0.22785212258788334
0,0.2770813542215926
0,0.27253969880871626
0,0.22722953386111064
0,8.140093824193075e-05
0,0.23482729180464604
0,0.0002849448072213829
0,3.873233170334161e-05
0,0.00018449379644006097
0,0.27303530443390234
0,0.00011964517172264657
1,0.6831351849218563
0,2.195150592128722e-05
0,0.2344991684999112
0,0.2163255220266189
0,1.2976338034445542e-05
0,0.21774993310984916
0,0.2175090145241108
0,0.2834183554182552
0,2.6044105533884664e-05
1,0.21769323678081304
0,0.20987890871528955
0,1.1316779422729848e-05
0,0.0012829223607954791
0,2.1217398670990773e-06
0,5.96690176008559e-06
0,9.088149832867215e-05
0,0.22688481735140723
0,1.7486122623029936e-05
0,2.3625226755858575e-05
0,0.13325405088472014
0,1.682908524840353e-05
0,2.3546725947026906e-05
0,4.2518700271600556e-05
0,3.7442870270128915e-05
0,2.0875174459116826e-05
0,0.2258764622961364
0,2.4629981231553527e-05
0,0.20860207423487775
0,8.273912052364591e-05
0,0.20389079605547855
0,0.03566534684669942
0,0.00017208487316809566
0,4.6761840677136955e-05
0,3.103047021182211e-05
0,8.486051995189179e-05
0,0.21752029642323822
0,0.00015303992353508936
0,0.25719464852077006
1,0.2190713163954034
0,0.13605632081879243
1,0.24848785291586786
0,0.20227735615620196
0,0.2116388130151128
0,0.001282922360121403
0,2.626527267303214e-05
0,0.24124063451173824
0,2.646310553949926e-05
0,0.0004386383422270002
0,8.451657873025818e-05
0,5.4241402254465466e-05
0,1.6971998449094344e-06
0,0.22434210807215113
0,0.0005166162733411249
0,2.381581925003689e-05
0,0.28880297766328944
0,5.101622561929151e-05
0,1.9118077518246602e-05
0,0.00017701812233176245
0,0.2772349886487106
0,0.22362930473904905
0,0.001282922357378679
1,0.4026177952831881
0,8.855939965693312e-05
0,4.6840157371061676e-05
0,3.460765271865492e-06
0,3.0164140925991798e-05
0,8.573637941581977e-06
1,0.22057382455725189
1,0.286680995679013
0,1.3378326760656713e-05
1,0.2605731830213439
0,8.140093824193075e-05
0,1.9685187767503598e-05
0,0.0005649354417908462
0,4.012155927817284e-05
1,0.20834791869037786
0,7.268744678038323e-05
0,1.780570927605142e-05
0,0.0001618917160285126
0,0.22400651770863256
0,0.28574507311348735
0,0.21467399788105496
0,0.23302984118137574
0,0.27962859616257324
0,0.00011179790979484798
0,0.2784851678059637
0,5.672638932580738e-07
0,5.597983088279865e-05
0,6.203289032157953e-05
1,0.25953149173243256
0,4.184879606351921e-05
0,0.0012829223631323277
1,0.23862973626607342
0,6.826415047747415e-06
0,4.7954161284770724e-05
0,2.0747170068252222e-05
0,4.6455367546220654e-05
0,7.096610422204083e-06
0,0.28712411856963055
0,0.26095904547377624
0,0.0001308247751448472
0,6.078871464916813e-07
0,5.2927511065924935e-05
0,2.1852100557850377e-05
0,0.22187290005616137
0,0.20566482697137062
0,0.0012829223599429085
0,0.21482707903429904
1,0.28131212407025663
0,0.00010080809891101713
0,7.2562607547620315e-06
0,1.2700013070343995e-05
0,7.979698331628268e-06
0,0.22821602693103193
0,1.7443508496320248e-05
0,0.26224983072482017
0,6.4706099510922204e-06
0,3.1759806313725703e-06
0,4.05288193922808e-05
1,0.2057434845499695
0,1.2711473617437743e-06
0,2.0532163908700542e-05
1,0.28842836370663505
0,0.21282093883556957
0,1.7347094982794018e-05
1,0.21727333168403332
0,0.27788939356516384
1,0.2131073534939663
0,0.2458068731245452
0,0.27686831451925376
0,2.0196396401535776e-06
0,0.2708201086468208
0,0.0012829223563801152
0,5.024310920575533e-05
0,3.008660722812641e-06
0,0.21782909394119185
0,8.814175944550232e-07
0,0.21749182794979374
0,0.2074187567342494
0,5.1182274701586614e-06
0,3.4738169105291814e-08
1,0.21651771576217033
0,3.9125035332558936e-05
0,0.23982457363745147
0,0.23516073361855921
0,1.6804842169493794e-05
0,3.851199931765857e-05
0,0.24853830023756251
0,0.26085115665934117
0,0.24209820282117872
0,4.150757222871087e-05
1,0.28523860289604464
0,3.177294159987824e-05
0,1.4035036624487255e-05
0,0.24216945015273053
0,2.640761634804553e-05
1,0.21737243030058806
0,3.803701738476237e-05
0,6.385048753111889e-05
0,0.21115014817869143
0,7.021461679602378e-05
0,6.4706099510922204e-06
0,4.53760649701325e-06
0,0.001282922358567625
0,0.12658339944288274
0,0.2774318887240899
0,0.0001526938557599665
0,3.2281139215137876e-05
0,0.214688589289048
0,0.20539052931210824
0,4.2078028420736975e-06
0,0.2292470629661642
0,1.720649103152798e-05
1,0.23736779337681374
0,1.718948872496155e-05
0,0.2072734942282029
1,0.11999945725233231
0,8.487215240316363e-05
0,0.253584376165442
0,8.994976771681468e-05
0,0.20686467433419356
1,0.2550476849843764
0,0.22647493765834653
0,1.6435185287655882e-05
0,0.21767900871146562
0,0.2575970775592321
0,6.835394693670674e-05
1,0.22430375554500606
0,0.0012829223597576633
0,0.21698068816416094
0,0.21769483397266656
0,2.3912504053748327e-06
0,8.716820055720496e-06
0,0.26383218631607513
1,0.2176901689644192
1,0.28676314108456863
0,4.109581213413563e-05
0,0.28546435759177835
0,6.097036084043733e-05
0,0.2483236686463185
0,0.00013082477513885271
0,0.21683810763074982
0,5.831787634398982e-05
0,0.0001430488472318368
0,1.1700783830786562e-05
0,0.2753560828671611
0,2.888284729742304e-05
0,2.4693273996869737e-05
0,0.00010549811914009408
0,3.141635285351205e-06
0,1.6649780373293864e-05
1,0.2804927352045098
0,0.21402083019821758
0,0.27305091332079334
0,0.22105118536172663
0,0.2853564447532954
0,0.000451005975320349
0,4.281100505198805e-06
0,9.476270548924327e-06
1,0.22774559034954378
0,3.184160375119617e-05
0,0.00022215005013383361
1,0.26978013343094404
0,0.0001594805383614847
1,0.23309864495660668
1,0.2532808805617702
0,2.437914399406049e-05
0,0.1837910831837662
0,1.7221222420846996e-05
0,0.2801704541524758
0,3.3522417952616305e-05
0,4.61368987943341e-06
0,0.24593459950569252
0,0.246600529706039
0,0.2501888783816287
0,0.20401235375207044
1,0.2271011107697575
0,0.16516433508281672
0,3.7274446581506397e-05
0,6.378173332394721e-05
0,2.7487416526445523e-05
0,0.2763925550522472
0,2.466806696508181e-05
0,2.236818557205155e-06
1,0.20779041756067898
0,0.27987213195013266
0,5.138189926039854e-05
1,0.2864715361569444
0,0.2844965713930939
0,0.21774168887304232
0,3.145862210535697e-05
0,8.8159498775856e-07
0,3.4752906404464384e-06
0,0.00018449379644881262
0,1.4270050007473157e-05
0,4.0814221368969744e-05
0,2.1260954416902802e-05
0,3.211971614684353e-05
0,0.2610390170433109
0,0.28580702558509136
0,3.672881790266916e-05
0,2.161136384607332e-05
1,0.6567436553898833
0,8.483893426029746e-05
0,0.2547933348062856
0,0.21619807927884832
0,3.1620784088261114e-05
0,0.00039213821585258016
0,0.28899080175921277
0,0.2596904087653472
0,0.000144502153811862
0,0.24289614529513068
0,0.00026045063242007227
0,0.28771019740455683
0,0.22887105336001837
0,0.00018449379643703466
0,0.0003751538030004274
0,0.000184493796432986
0,0.00016489227346710075
0,6.198458847090618e-06
0,0.0004742454399334004
0,5.502491578234061e-05
0,6.647562581515511e-05
0,0.20954188039235608
0,0.00013082477513708397
0,4.722390646379622e-05
0,1.6632696628921133e-05
0,0.2209154971043293
0,2.3205421446586894e-05
0,1.6086524675695352e-06
0,2.7392117589443484e-05
0,2.9122916776689604e-05
0,4.172208695178783e-06
0,0.2329303615988479
1,0.28866980947805054
0,0.20232351193908543
0,0.26551878503756915
0,0.21816308962961903
0,6.8642899676505e-06
0,0.24407168814537458
0,0.0012829223571721362
0,7.598275453584816e-06
0,0.2842542530535464
0,0.0005687650741056638
0,0.2088359356147738
0,0.2108151948871164
0,3.710167480417916e-05
0,0.2538688817426243
0,0.0012829223597576633
1,0.21499949799720552
0,4.1497627277610564e-05
0,1.9781248260824183e-05
0,1.7443508496320248e-05
0,3.113599812301656e-05
0,0.001308669359296405
0,0.28959759029957993
0,1.467821889090881e-06
0,0.20277096178860363
0,6.647562581167469e-05
0,0.26513079652846805
0,0.218671115564114
0,4.6909420480908455e-05
0,6.5374413561651765e-06
0,0.28675479452990427
0,0.00016027553390940863
0,2.2663655602770524e-05
0,0.19767209536748456
1,0.21125635259462452
0,0.00010073239113262028
0,0.27820858160189094
0,0.00013999710098128062
0,0.25191427250693166
0,0.00013448234672813931
0,0.28310089252895376
0,0.2805939398739848
0,3.890410721754727e-05
0,0.00010996741968776037
0,5.4658482065132865e-05
1,0.28310089265005567
0,0.0012829223578941814
0,0.28573494131563965
0,0.28836052111459454
0,3.725795353265232e-05
0,0.21738775764331353
0,0.0003710071938915343
0,0.20628748183052656
0,0.20508174227064507
1,0.28693481369712603
0,8.206408537714346e-05
1,0.2445997762975231
0,0.21292261308733074
0,0.23240425993052366
0,0.001282922356964147
0,0.20987890871528955
0,2.7568271307606797e-05
0,5.397484163643504e-06
0,0.2871560993845407
0,0.23714673013643262
0,0.24337386323369575
0,8.483893426101597e-05
0,0.2620913633706544
1,0.21896127020685913
0,0.2292877934339297
0,2.640761634804553e-05
0,0.0001605606330290701
0,0.00011964517172097499
0,3.9053613096233945e-05
0,0.22495330482515294
0,0.0001445634073197546
0,5.341700036156594e-05
0,0.00011431244494149547
0,0.2362048391340287
0,1.4872602135291384e-07
0,0.2638602901004901
1,0.2798813955667554
0,0.0012829223571700378
0,6.881678446404041e-05
0,0.2023265363197178
0,0.00031381908226049845
1,0.28643068857976367
0,0.05025110976906724
0,0.22144438893275153
1,0.23147285580343105
0,0.10206440027849745
0,7.873852791537056e-05
0,0.0002399795124465557
0,0.2226056144178931
0,2.0065014700267962e-05
0,2.2682298675487746e-06
0,0.21749108449647725
0,0.2318125049524184
0,0.2501882124087221
0,0.21715528774698684
0,0.00027190561294361304
0,8.032124793806813e-05
0,1.1093410976093093e-05
0,0.00015177927784159896
0,6.97177883279931e-07
0,0.2521382273917327
0,9.480139554969169e-05
0,7.968827061373293e-05
0,0.28366767580060365
0,0.202334362317126
0,0.2051022905662383
0,0.22688524133911345
0,0.28123503301357267
0,0.2190876195484285
0,1.4219944156128284e-05
0,1.747058515912876e-05
0,0.22131059494268332
1,0.2860437208729795
1,0.2059671964542425
0,0.2151513692548511
0,0.2842780693895159
0,0.24289946681161356
0,0.2072734942282029
0,0.19202884568760456
1,0.2787719507391198
0,1.3985506025149738e-06
0,2.0730487876093206e-05
0,0.21815566137887377
0,0.00018987329659889024
0,0.21364656216262992
0,0.26384302610251753
0,8.5137181054028e-07
0,0.001282922358589527
0,6.848352367269634e-06
0,0.22470290365503093
1,0.23931815113816227
0,0.2833885464531961
0,3.31756938028743e-05
0,3.332394947588655e-06
0,0.00017735450780109011
0,8.483893425807026e-05
1,0.277889394373412
1,0.23055020640315446
0,2.4346204170447412e-05
0,8.032124794055939e-05
1,0.20636392159716116
0,0.000827169240823876
1,0.23301456694960734
1,0.25472692856963375
0,3.773557688875571e-05
0,1.1621228718768086e-06
0,2.2506483036772498e-05
0,0.006265096871122265
0,0.20549477909780883
0,1.0426791815595169e-05
0,0.27928080879696177
0,0.23443620583968552
0,0.00011626099347351576
0,1.8978222338472015e-05
0,0.28743992234529536
0,0.2648492853668524
0,9.601510733481476e-06
0,3.417824747841908e-05
0,0.26135375076447986
1,0.2320300374086331
1,0.2751346884456178
1,0.22311279053173289
0,0.21731793409855407
0,5.5179191235474337e-05
0,0.2179533856118927
0,5.461486906903061e-05
0,5.26657969288241e-06
0,0.0012829223581418267
0,6.08065724029084e-06
1,0.22668863124378233
0,0.0012829223647219743
0,0.22312131114424366
0,9.08204487697565e-06
0,0.2183327616636624
0,0.27062779738916026
0,0.28253618790088547
0,8.951129552276456e-05
0,3.750836834947339e-05
0,2.6407616339119386e-05
0,0.25552610796974096
0,9.237164101971222e-06
0,0.20441128600204317
0,5.266612923255123e-07
0,4.1398464311307215e-05
0,0.0012829223610349568
0,0.00010840876087244705
0,0.20291820997851634
0,5.909617493643828e-07
0,7.025910727873236e-06
0,0.23338617957889873
0,9.741562222960262e-05
0,0.2162221109896594
0,0.21821650020745464
0,0.00014456340731236247
1,0.2022667243991288
0,9.969829140005809e-05
0,0.2872344194761284
0,0.2875425382433493
1,0.21521479983953062
0,0.22866025956388344
1,0.1882716092379866
0,0.2877061138689152
1,0.22274703871522766
0,0.20926384395501715
1,0.2673850963098892
0,0.24065343343017578
0,5.6954166553975985e-05
0,0.0012829223569482046
0,0.2040963714314048
0,1.664978036899525e-05
0,0.23281432562386906
1,0.21860772389000088
0,9.953925256309973e-07
0,2.1402954628580621e-07
0,0.12666127006504724
0,0.24208308781167753
1,0.286052216682756
0,0.28910881149126033
0,2.829436935874388e-05
0,7.629688274587922e-05
0,2.186462155574462e-05
0,3.118120944394866e-05
0,4.351360966879873e-05
0,7.570049903217429e-07
0,3.749987453669063e-05
0,0.0001445634073089512
0,6.41225697272151e-07
0,3.2568351249981888e-06
0,2.2936449343507114e-05
0,1.0896452271193209e-06
1,0.23127096980425885
0,0.0012829223594685243
0,0.21767944871927217
0,0.20393954640921474
0,9.428028815764145e-06
0,2.6509268290962536e-05
0,4.432234601786168e-05
0,9.080863102678003e-06
0,0.0012829223601639153
0,0.0012829223601639153
0,1.7443508496320248e-05
0,0.09515756236440065
0,0.21771028722100247
0,1.0096787025360464e-06
0,0.21714883737521626
0,0.28417106800787634
1,0.23337141152070084
1,0.2869867198986781
0,1.025935868938176e-05
0,0.26610325247153815
0,4.0528819377779563e-05
0,0.2605670558240981
0,6.487835505207132e-05
0,0.00024472574166351917
0,0.220326721162648
1,0.27830381029471635
0,0.21611672299871795
0,0.23624445236646832
0,0.00012641514169622236
0,0.00014948596824783194
0,3.2037586693588396e-06
0,0.20948951877214503
0,0.11237181503922153
0,3.184160376872826e-05
0,1.828526072291057e-05
0,3.0770047945648474e-05
1,0.281628912687927
0,5.484914472344441e-06
0,4.1413950995982144e-06
0,1.602879511280214e-05
0,0.28257630545719636
0,0.288269635125142
0,2.622448007706308e-05
0,0.21073828396310995
0,0.2721533702201094
0,0.001317792561271579
0,0.026378801383369222
0,0.2816660674670482
0,0.2534191273635557
0,0.20764037587060535
0,8.93189056118524e-07
0,1.7443508496320248e-05
0,0.0012829223566436286
1,0.2565652265569636
0,0.27694968007494053
0,2.7940521717775152e-05
0,2.6044105533884664e-05
0,0.14277701555381414
0,0.0003084044111576721
0,0.1569292093394942
0,0.1814021667539347
0,0.22935957862793277
0,1.1251609604404251e-05
0,1.3529616734469052e-05
0,0.027717396711971525
0,0.00010250889557229452
0,2.8960377503085926e-06
0,5.695416655542447e-05
0,0.00015269385575277867
0,5.502598812653873e-05
0,1.5091451420813223e-06
0,3.934573978150516e-05
1,0.2041246737495072
0,2.491845412260687e-06
0,0.25997865207153004
0,2.1827727262307835e-06
0,0.2727901852462222
0,0.000119645171729202
0,0.2557856830846676
0,0.260936104678583
0,0.0012829223579353987
0,0.22068280853762334
0,0.2758026038544082
0,0.23883566913287757
0,0.2074187567342494
0,8.721095561672879e-05
0,0.22004863464423297
0,4.886843392690703e-05
0,5.569415803533936e-06
1,0.2365644565347012
0,0.21886772456938078
0,4.3607604496090856e-05
0,0.2884741887538448
0,0.28770066092949775
0,3.0180618507320487e-05
0,0.002709003144618109
0,3.578590234154011e-05
0,0.23368130580822327
0,0.31270465613816095
0,2.929285888247529e-05
0,9.236018949384831e-06
0,0.08920771683657018
0,0.11433895662215907
1,0.6567436553898833
0,1.3079636598115944e-05
0,2.2317596552022295e-05
0,7.460597488497712e-07
0,5.576469263098495e-05
0,0.2639359539904463
0,0.2110326963339462
1,0.21595221141161006
0,0.0012829223619501985
0,0.20231842390357663
0,0.00016387869870495588
1,0.257114233202438
1,0.21627840635612203
0,2.7096877496391427e-06
1,0.20534350290230238
0,2.073007342901512e-05
0,0.2893666837394638
0,0.00039647932318166414
0,0.28342118097127095
0,0.28639458221546105
0,2.506569038148673e-05
0,2.5348978109564536e-05
1,0.27640701386694705
0,0.23307738469301853
0,0.2869188112444181
1,0.2878294495099757
0,0.00011964517172106511
0,0.19445681456413308
0,0.0001618917160338233
0,0.2307294554694802
0,0.028879656978617167
0,0.2838042756733103
0,0.28244874014083393
0,0.00014769998662437012
0,4.750921403624394e-07
1,0.2703102184096091
0,2.2359368667449772e-05
0,0.21774831151193952
0,0.20408217418213676
0,6.347432899867835e-05
0,0.2193943016763664
0,2.0024119199297934e-06
0,0.0012829223583499115
0,6.939220510851603e-05
0,3.9164926812109406e-05
0,3.5262119354107326e-06
0,8.483893426155242e-05
1,0.23252432527095285
0,0.2520818204524666
0,2.8433202136048246e-05
0,2.464638261021904e-05
0,0.00018449379644373674
0,0.2457172855369805
0,0.21426801119891256
0,4.2879421459806684e-05
1,0.2030897172637658
0,1.5608279026633684e-05
0,1.6964970732075332e-05
0,0.0012829223595311827
0,0.273966467638829
0,0.2086677361553507
0,3.129577416306871e-05
0,2.186462155574462e-05
0,0.0012829223568864294
0,0.13456057459858048
1,0.229294321790069
0,2.7980500906425597e-05
0,3.2542086354048e-05
0,1.8926950804013272e-05
0,0.21339559743265504
0,0.20229950693751758
0,0.2791081907837479
0,8.140093824193075e-05
1,0.28236374344420156
0,0.2235499754982377
0,4.589635437583135e-05
0,3.636799494257115e-06
0,7.847310005716027e-06
0,2.458547818026514e-05
0,0.00014456340731927624
0,0.2309831816942528
0,2.4550823539302566e-05
0,0.00021533242521691264
0,8.32829603818095e-05
0,0.000159101987053473
0,0.00017821798836778515
0,2.6044105533884664e-05
0,0.00016696100059135295
0,1.262560870842864e-05
0,7.330334562528856e-06
0,3.0797707869525925e-05
0,2.640761634804553e-05
0,0.0012829223570658603
0,2.1915703146319388e-05
0,1.3452155686390459e-05
0,0.11841236631053452
0,0.00011572167024221738
1,0.2895991979550449
0,0.2022711756284556
0,0.25297467315085215
0,1.3378177176084569e-05
1,0.22140785201514848
0,4.920250929071852e-06
0,8.483893426066982e-05
0,0.288204733648101
0,1.9718779956096165e-05
0,8.557630087623603e-06
0,0.2121133443168673
0,6.526274990710794e-05
0,0.0001526938557610057
0,0.18256698747234898
0,0.000248933574125871
0,3.305879801472172e-05
0,0.2038253619225341
0,4.06668672677274e-06
0,1.6089111415934588e-06
0,3.985817006818758e-06
0,5.573534290886594e-07
0,7.848279904475684e-06
0,0.23288721388961967
0,6.378173332704936e-05
0,0.2892465177460615
0,3.917027673068046e-06
0,4.6053447700036805e-06
0,0.28656961367916634
1,0.28818537814113626
0,0.17241810977993538
0,0.27968506270765087
0,4.7015618319781724e-06
0,0.2619873016315176
0,0.2618934641332978
0,2.2663655602770524e-05
0,6.322294117157617e-06
0,9.374481842342433e-05
1,0.2171489450561545
0,2.6249073570497827e-05
0,0.28557869852947404
0,2.1900955713759885e-05
0,0.2874475352986938
0,8.994976771720292e-05
0,0.2870723431476854
1,0.18106668909026283
0,0.28597558357797925
1,0.2041362653005373
0,2.556513883998581e-07
1,0.2294489577222626
0,0.20875965838328875
1,0.20715988659008133
0,0.001282922363574313
0,5.324466698022202e-05
0,0.2810805716507959
0,0.23430581002070605
0,0.00014462471743282763
0,0.00012096901666513937
0,0.0003421504731021629
0,4.661654782253523e-05
0,0.28831803580243603
0,0.2513865379553173
0,2.1414337000346494e-06
0,0.28591075516121245
0,4.149762727145735e-05
1,0.23325333155779182
0,1.1466864599521072e-05
0,0.2603102678274297
0,1.2673382664404804e-05
0,0.0001308247751405401
0,3.710167480875549e-05
0,1.9878408452542403e-05
0,0.2877361498096418
0,0.2162742795631632
0,0.0012829223591261313
0,3.2675679814451345e-06
0,2.1639787572709743e-05
0,4.022144499691196e-05
0,0.00018403353401463593
0,0.22876159521725067
0,0.2488049969274237
0,1.0483692655901878e-05
0,1.1048415434746587e-05
0,0.1330556240498442
0,0.21601418764656818
0,0.23295093947963585
0,0.28639426963913095
0,0.00128292236078296
0,0.2892529214373759
0,1.5588231608685424e-05
0,7.26874467805645e-05
1,0.23073576807289833
0,5.2084464485708296e-05
0,9.270596129170017e-05
1,0.27712683929463017
0,0.21689375496694613
0,0.20885680539533313
0,0.2514194609827386
0,2.6480738255876357e-05
0,5.958713264017175e-06
0,0.00011035719046523304
0,0.28091218734981527
0,1.4856301790861571e-05
0,0.23554337789345123
0,6.356791591443995e-05
0,8.114632543681273e-06
0,1.3441625373712805e-05
0,0.20716345977646605
0,4.184883859251341e-05
1,0.21712669116929584
1,0.23896747676003682
0,1.8819849347061925e-06
0,8.195719141069653e-05
0,5.3344608813653586e-06
0,1.1095064775265419e-05
0,1.4081358629130317e-05
0,0.23004874763651595
0,1.8963566818758984e-05
1,0.2375532922973224
0,5.212072230678604e-05
0,1.88302198424187e-07
0,8.35943142131233e-06
0,0.25051639816817717
0,2.84491775347465e-07
0,2.505710493592795e-06
0,0.20536649963079423
1,0.25655656788772224
0,0.2895453525155384
0,0.20467802488247827
0,4.052881940352108e-05
0,8.230726467726316e-05
0,0.00011327425505569344
0,2.5910901592361262e-05
0,5.455629353256144e-05
0,0.2851145148267696
0,7.1779374218066045e-06
0,1.951543953547008e-05
0,2.107010551381542e-05
0,1.7443508496320248e-05
0,0.13445735652072419
0,1.4032101842993322e-05
0,5.076862707121743e-05
0,3.0363185443943656e-05
0,1.891049917438714e-05
0,7.825272819274395e-05
0,2.2148870089436188e-05
0,0.21295395748926402
0,1.564656768816839e-05
0,0.12666305733317987
0,0.2624823235094059
0,0.2720876930312319
1,0.24220466691912174
0,4.070591425806019e-06
0,3.853100009538239e-05
0,0.22961962548212853
0,0.26785312424941654
0,7.546561657726707e-06
0,6.084622547251294e-05
1,0.20849394255240242
0,1.1286892664938383e-06
0,0.2885418452704206
0,0.23655908111759485
0,1.976945211305212e-06
0,0.0012829223601639153
0,1.8007332172290873e-05
0,1.0217342635850318e-05
0,5.268799081852186e-07
0,2.5443004164884324e-06
0,6.219399093332323e-06
0,0.00013082477513460863
0,0.0011387124699215585
0,0.28737998213216776
0,0.27956083351483285
0,0.27688834961687203
0,1.2949273452024493e-05
0,3.9150307230015974e-07
0,2.1904221163038837e-05
0,2.659017370000551e-05
0,0.22714183069903573
1,0.27305930920517585
0,4.724305354005905e-05
0,9.338721245790792e-06
0,2.394216293999375e-05
1,0.25516708369578134
0,0.2023054988780997
0,0.14273428700318755
0,0.23313045272485136
0,0.22155172302125578
0,0.0002730405329521096
0,1.7705747980665037e-05
0,0.28097631416040275
0,7.10678189851855e-06
0,0.00012438613567246077
0,5.105813391995727e-06
0,5.784405439080941e-07
0,8.483893426205437e-05
0,0.2633776819877001
1,0.2873161145205505
0,0.2892481181735563
0,0.21588365447350988
0,0.000184493796426126
0,5.904694595868961e-05
0,0.20605882941886805
0,1.3817259228317973e-05
0,7.444452356517373e-05
0,0.21099002906284586
0,0.22065808202962464
0,7.979698332347321e-06
0,0.00030083416816754016
0,6.269014913035583e-05
0,1.9899553920656194e-05
0,1.720649102671498e-05
0,1.0326011712100008e-05
0,0.21438436197503227
0,0.28900795613138713
0,0.28920626216550793
0,0.2855032455873947
0,0.27849716041545575
0,0.0009822045132563796
0,0.28132451196195474
0,5.020860029482001e-05
0,0.2391920072831506
0,7.373579549785806e-06
0,2.0754188228007126e-05
0,0.00039173655317244015
0,0.08269014045406989
0,2.0371778432902053e-06
0,4.7092310385838406e-05
0,2.7258832585080818e-06
0,5.8084789547127874e-05
0,0.2233207566609101
1,0.21863156724743918
1,0.2871459248073182
1,0.20619156401287927
0,0.13059404753719842
0,0.22369738912366485
0,2.5953393194826196e-05
0,0.22030033692193307
0,1.6823589555901448e-05
0,0.00010498677685586379
0,0.0012829223578833555
0,0.20850335745984327
1,0.2338765384247388
0,7.268744677913538e-05
0,0.0012829223552943475
0,0.23348449448526706
0,0.0028574445004769114
0,0.00015269385576488953
0,0.24517658397300068
0,1.3323575558606398e-05
0,3.077004795464216e-05
0,9.51092272858182e-05
1,0.2743105030255459
0,3.317142041819175e-05
0,7.26874467773871e-05
0,3.4521858510996956e-05
0,1.3010245983290424e-05
0,0.2162637636973363
0,2.13951675273709e-05
1,0.2850127813836472
1,0.20848418495128965
0,3.1964553462778677e-06
0,4.015501606217653e-05
0,7.0521224129677895e-06
1,0.21527703718392208
0,9.693510633718752e-06
0,3.140869167823187e-05
0,1.7077590990611977e-06
0,0.00031874621500249895
0,0.22038144261675244
0,0.00010250889557341354
0,0.00021174762456694482
0,0.28665566731207665
0,2.9607750967114817e-05
0,5.4658482052213695e-05
0,2.2168969507904786e-05
0,5.226398094072613e-06
0,6.6925059637948265e-06
0,4.775578043284908e-05
0,0.26029237812089273
0,4.283286447014345e-06
0,4.359652318451418e-05
1,0.2169703831415024
0,0.2855526189327985
0,0.24701331258059475
0,0.265856857773586
0,1.4767007835881803e-05
0,0.18669494446956414
1,0.21733060853245473
0,0.21675159237228409
0,0.22852997092703922
0,5.766391587313787e-06
0,0.0007627211964481507
0,0.00024472574166351093
0,0.28738646861816297
0,4.273140645555431e-05
0,0.22395735941804776
0,0.2831008923564603
0,3.8626169115097945e-06
0,0.001282922356923254
0,2.7633176917118674e-06
0,2.4829485471960205e-05
0,0.25162677906752695
0,2.70766035374717e-06
0,0.27179031117758357
0,4.161029421354634e-07
1,0.23285095649269172
0,2.067957936679137e-05
0,1.090218360384585e-06
0,2.0095269277897123e-05
0,2.7169127770527594e-05
0,0.00012288260468121343
1,0.20247895325977402
1,0.28498104590144485
0,0.20661200497209142
1,0.24393714599123875
1,0.20226713898233947
0,0.11696378968134859
0,3.7101674807309236e-05
0,3.1483444141589127e-06
0,0.129777674296663
0,0.2545064283374248
0,0.00015807099357496876
0,8.140093824193075e-05
0,0.2880896736994352
0,0.21934033778052242
0,7.217778475045022e-05
0,0.21785528620053465
0,6.637999992632446e-05
0,0.0012829223584672007
0,3.873233170304501e-05
0,0.2326036092830925
0,0.00014456340731192342
0,0.2175220420813188
0,0.19084254967668163
0,1.2350023260691388e-05
0,1.4439669226895514e-05
1,0.24225817113440515
0,0.0018192230290937463
0,0.2843510034341608
0,4.149762727788308e-05
0,6.131491043146876e-05
0,1.1178897946025404e-05
0,2.6044105533884664e-05
0,0.00032823122344008594
0,4.149762727629526e-05
0,4.262490481045069e-05
0,0.00018449379643398214
0,5.5148322625018085e-05
0,2.1900955719176125e-05
0,0.23408506018985542
1,0.26526857288203126
0,1.1914716518470077e-05
0,1.8925222758408337e-05
1,0.2186117002327345
0,0.27921098519262544
0,0.00011824313987668761
0,0.2891985941439089
0,0.0046803382677625014
0,4.760250886394531e-06
0,0.001282922356592406
0,0.23553768501608574
0,5.222040437771289e-06
0,2.534897811545578e-05
0,0.28784307009368676
0,0.21494335653524785
0,3.310416350482446e-05
1,0.28452594931299374
0,0.22955786830702968
0,0.26132502176630795
1,0.28633312110837394
0,0.22986797005069398
0,0.252660412560686
0,4.6096032375788514e-07
0,5.52184581401131e-06
0,3.4479570369975476e-06
0,0.0012829223595311827
0,0.2395604770577602
0,2.7094717120041262e-05
0,2.05693233333678e-06
0,4.169752427681879e-05
0,4.0528819380747384e-05
0,4.7048138178688226e-05
0,0.2846622010506792
0,2.416142932968379e-06
0,5.48346436395145e-06
0,8.650829595988e-07
0,0.27895976489587054
0,0.22663604745554117
0,0.22895753366304988
0,0.0012829223572876011
0,0.2816851797448935
0,0.1180521604008887
0,0.2783038103028565
0,0.0001308247751405401
1,0.2847752277158527
0,3.077004794706119e-05
0,3.083902424840455e-05
0,1.5593229770741053e-05
0,1.7443508496320248e-05
0,1.8537183468550687e-05
0,7.838640088450381e-06
0,2.3725307459844624e-07
0,3.4105485109217404e-07
0,0.20763962771011324
0,0.24116426635828395
0,1.9604395093265097e-07
0,0.20946046155264952
0,1.6731439276670674e-06
0,0.20955609933747457
0,0.28874751171409707
0,0.21773901364631704
0,2.884696112967226e-05
0,0.2414144706630802
0,0.28847003234847474
0,5.744836948982469e-05
0,0.22127308097225837
0,9.95199000561822e-05
0,3.4044919629588994e-05
0,0.28485434274801763
0,1.5416048214229067e-05
0,3.399282955684817e-05
0,4.462699533572447e-05
1,0.1541988670222075
0,0.23239015445492148
0,0.22008147682145324
0,5.808359287670048e-06
0,0.27940971804158776
0,0.00010250889556966665
0,1.2042027814922116e-05
0,0.000387768813983572
0,3.50160753451539e-05
0,0.3298998733188336
0,0.00011964517172102004
0,0.24576341040522856
0,0.28937386742125637
1,0.21253054296107385
0,0.21754397497848718
0,1.7746830869494773e-05
0,3.1299887743794617e-07
0,1.595196166314167e-05
0,0.2081592278502386
0,1.2332810711795256e-05
0,4.594312467086607e-05
0,0.23262573609524395
0,2.0055691888613134e-05
0,6.169604489486548e-06
0,0.0002447257416639742
0,1.5500774128660765e-05
0,2.840648968864969e-05
0,0.27736375835567456
0,0.2772349887221031
0,1.2286912998459e-05
0,0.00026036141470873824
0,0.19480974039187407
0,3.171551340975297e-06
0,0.2244791278202605
0,0.2065299416500642
0,0.00016602023323051472
0,5.831803735746716e-05
0,0.29532028622259227
0,5.408502462126583e-06
0,4.785434707071232e-06
1,0.23234547583616214
0,3.303324785836743e-06
0,0.25193221363289175
0,0.0001308247751405401
0,7.629688274579953e-05
0,2.0055691887188195e-05
0,1.3153995053188515e-05
0,1.7003218341466346e-06
0,2.501555681576182e-06
0,0.2096676496279848
0,0.2120694651639652
1,0.22910215034683612
0,0.001282922359185584
0,0.286704543803783
0,3.4339758864083244e-05
0,2.8406489687505086e-05
0,5.502491578946575e-05
1,0.2703222562241506
0,0.00016895790840525517
0,3.747746126890272e-05
0,0.001282922358933957
0,3.7798594698679346e-06
0,0.00010250889556991463
0,0.2828645580273634
0,1.0179602039184265e-05
0,0.21620304879337354
0,1.2432475572335785e-05
0,0.20799521607221755
0,3.721248428043799e-05
0,1.3808345671586905e-05
1,0.3209806750497168
0,7.652252769837505e-06
1,0.2723414689437147
0,0.21540322549852134
1,0.2666605688802337
0,0.00011035719047005728
0,4.1300554478462425e-16
1,0.2847458747402866
0,4.7223906467602136e-05
0,0.001282922357659721
0,6.162347783879304e-07
0,0.23435593401441174
1,0.27353869419237886
0,4.05288193817685e-05
0,0.21045901655543797
0,0.23953520254865854
0,0.00017453169227000322
0,0.2879800919655043
0,0.2177152682145037
1,0.6831351849218563
0,3.7212485060824984e-05
0,6.647590763363484e-05
1,0.20848156444489763
0,0.28103563412984317
0,2.142291695325571e-05
0,0.2857127734083005
0,0.22257047803413899
0,5.3244666982308665e-05
0,3.787140336609915e-05
0,3.81253155333065e-05
0,6.271982060921336e-08
0,7.528146530439367e-05
0,7.2854447915245e-06
0,0.23241758516965974
1,0.2886944195487424
0,2.640761634804553e-05
0,0.27884150194553947
0,0.2174305605536472
0,3.202803323347556e-05
0,0.00011965531665272065
0,9.443779203972123e-05
0,0.21695754846070114
0,0.24402937929321789
1,0.2871847290909991
0,0.20765478289656247
0,1.299121600728799e-07
0,5.980471049013294e-07
0,9.359534834665171e-07
1,0.2170928658232301
0,2.0218650598900368e-05
0,6.724439268981699e-05
0,0.00010250889557079187
0,8.032124794159688e-05
0,1.1128596065544684e-06
0,3.070051399979334e-06
0,0.28911984564085125
0,0.28627030884729515
0,5.052161589127508e-05
0,2.8855948161545538e-05
0,6.130738778441053e-06
0,3.07700479444458e-05
0,1.3133860802644969e-05
0,7.84375026033672e-05
0,9.48012611652962e-05
0,0.2565937108297874
0,0.20432237014771915
0,0.0012829223563654475
0,3.7720477351069217e-07
0,0.21771955376775734
0,3.1245312450686017e-06
0,9.065504406546185e-06
0,0.23270207480617772
0,0.0012829223587646095
0,3.084933977043435e-05
0,3.7504699722161834e-06
0,1.482945478123013e-05
0,6.006212939438342e-07
0,9.621745228178914e-06
0,1.1772352101691272e-06
0,0.23389216522669967
0,0.2147431764417384
0,0.2239040639087551
0,0.21982650145876062
0,8.630467919454917e-05
0,2.640761634804553e-05
0,3.0006952116490613e-05
0,8.547751714037608e-06
0,2.793866985070319e-05
0,8.631939984544255e-06
0,1.4976609543444787e-05
0,0.00010250889557276536
0,0.28353340938665
0,5.473282422122168e-06
0,1.4767007844287819e-05
0,0.00018449379644881262
1,0.2853737190322722
0,0.00015269385576419743
0,0.0002466922587027157
0,0.21472194212681334
0,0.2556379034598922
1,0.271636185335043
0,0.0003877688139789952
0,8.643283020146396e-07
0,0.20713291562247296
0,3.62073454351697e-05
0,7.268744677959721e-05
0,3.412176593448214e-05
1,0.27724292972578823
0,0.2654900153549118
0,0.2868058916703373
0,0.00015948053836694376
0,5.9379845970267954e-05
0,1.6574850513703815e-05
0,4.373077444821437e-05
0,2.115171629661548e-06
0,2.6044105533884664e-05
0,0.00145724618123994
1,0.28584335174340125
0,3.287869061170217e-05
0,5.0652715334940956e-05
0,4.149762727508727e-05
0,0.27527121352567013
0,2.9050102430748357e-05
0,5.968770439679671e-06
0,3.276718964390385e-07
0,3.751400853587579e-05
0,2.5831211873908646e-05
0,2.2663655593989e-05
0,7.769414869578136e-05
0,3.361234909315116e-05
0,0.24102822833550597
0,0.00012777756276054382
0,3.373813482567256e-05
0,2.320542144422271e-05
0,0.20447271821002544
0,0.0003751538030004274
0,7.917494966115431e-07
0,1.337817817144858e-05
0,0.2396771956363279
0,7.979698331324959e-06
0,3.2312689771414206e-05
0,3.81760763988742e-05
0,0.26633484050483475
0,2.186462155574462e-05
0,0.28185990486209955
0,0.000233527777483837
1,0.21774590561671242
0,0.19610464828074275
0,0.28221029268630105
0,0.23350673408683054
0,4.7223906471234085e-05
0,0.28361793130701884
0,0.00128292235720831
0,0.2402275918703317
0,0.20972628864078577
0,0.23289223525236524
0,2.8757671882312237e-05
1,0.23605361022589597
0,0.20230372818986317
0,5.977125209364294e-05
1,0.2603485235531619
1,0.28542268130058157
0,0.2127576582250879
0,6.0157645366242204e-05
0,0.0001764415318054115
0,0.20524866422336738
0,1.6711432056251513e-06
0,3.196254781526262e-05
0,1.6508794335390438e-05
0,5.029304783523046e-05
0,0.2022923052710412
0,4.164737235204018e-05
0,0.0012829223601566048
1,0.24067332492226545
0,3.0773144620864754e-05
0,2.4286604757383854e-05
0,0.2854653390338949
0,0.00021533242521042594
0,0.24125747199373837
0,0.28728090339136647
0,5.125037213592253e-05
0,2.2931820188958157e-05
0,3.2643275402455824e-05
0,3.421642705610418e-05
0,2.6044105533884664e-05
0,0.23318330097899675
1,0.23449476008484244
0,0.2831008924903623
0,0.0012829223569891636
0,2.6663745334664872e-05
0,3.077004794401784e-05
0,5.904694595796101e-05
0,0.2260946441175605
0,2.8646241941777413e-05
0,0.0001456135697676503
0,0.22813616989479946
0,1.9045427910931582e-06
0,1.0393551472082161e-06
0,3.281913174329956e-05
1,0.2061935528786669
0,3.0130495706846133e-06
0,1.7494675880792044e-05
0,0.00019760296748543683
0,0.2882828265310047
0,0.24035762220092402
0,0.2668698676524681
0,1.83475475664077e-05
0,0.20516427590484948
0,0.24475618466042795
1,0.2317852274699161
0,8.206408537835156e-05
0,8.994976772022894e-05
0,0.0002447257416639742
0,2.5831211873908646e-05
0,0.2178314125392188
0,0.21004341083192568
0,0.28126055619785284
0,0.24086315009143358
0,1.2602962953944281e-05
0,0.21418152627170461
1,0.23636161737935102
0,0.0012829223597576633
0,0.2750814232089806
0,3.2121917345015e-05
0,0.2131606114979223
0,0.00027515597597170126
0,5.802408432191515e-06
0,8.561558816291097e-06
0,0.13293025856432258
0,2.3447511049487086e-05
0,2.3953779801295442e-05
0,5.469670612087246e-05
0,5.312499877899003e-06
0,0.2856031140453067
0,2.6819431654689872e-05
0,1.097427101163056e-05
0,0.2854692802912119
0,0.2786369597333323
1,0.26481187976293574
0,0.21064615846461426
0,2.4391363527948267e-06
0,2.1727391085210617e-05
0,3.650799509970335e-05
0,0.2892032338591734
1,0.2130800678755742
0,2.2027594596059083e-05
0,2.0116462965215415e-05
0,2.2148870088388e-05
0,7.256260755354141e-06
0,0.20575373705381844
0,3.733695888651681e-05
0,4.148619651125209e-06
0,2.8982509775956575e-06
0,0.26001887390449124
0,2.2753127873241883e-05
0,0.2643527226082727
0,3.786775224982932e-05
0,0.24122995687087143
0,5.36952929542997e-05
0,0.2699600640307363
0,0.00011078428475621378
0,0.0012829223586812602
0,0.22194599472578794
0,0.28472204603868756
0,2.314720360858135e-05
1,0.23267384566691726
0,0.0001476999866207374
0,2.6044105533884664e-05
0,0.22049668892779883
0,1.1601685438059431e-05
0,2.195150592128722e-05
0,2.1991136894844375e-06
0,9.2615001966413e-07
0,1.6336217917827885e-07
0,0.2877027183657153
0,0.2728803303468228
0,6.647562581648207e-05
0,5.502491578500994e-05
0,7.496288510895286e-06
0,1.3728687284814573e-05
0,0.2718241048741008
0,1.413190261279051e-05
0,3.732396938931259e-06
1,0.23843051269083207
1,0.236457338029799
0,7.634910073531147e-07
0,0.06626128842956619
0,7.96527646673107e-05
0,0.22627792440790412
0,2.6044105533884664e-05
0,0.28869432302508236
0,0.00018403353401463593
0,0.2263236375415406
0,9.652398513804347e-06
0,2.798050048617641e-05
0,6.499243016917466e-05
0,0.11514106896279308
0,0.27061321997444215
0,0.20485849688553198
0,0.21486516559508748
0,0.0001147968567761156
0,2.222444969759751e-05
0,6.67611533941894e-06
0,0.23238843899313427
0,0.20934647046923324
0,4.265351827631228e-05
0,0.00016189171602915784
0,6.378173332704936e-05
0,0.0002247890845737458
1,0.20576338274247485
0,7.357762370697465e-06
1,0.21248099554194672
0,0.2597794548804715
0,0.0001912721189900304
0,0.2643157033992961
0,9.835491606913868e-05
0,0.0005115295503303728
0,0.0002354509048302007
0,0.24805276529277243
0,4.183284761446328e-06
0,3.8309237387763704e-06
0,0.28527109543236534
0,7.134542433635143e-05
0,0.13065158615128086
0,0.2892529214373759
0,2.1900955715481815e-05
0,0.2045683654899131
0,0.2140503611187691
0,0.2331061939627001
0,0.15154690506859167
0,1.6224724557686557e-05
0,0.21557290888245662
0,4.773858371808418e-06
0,4.919739351925801e-05
0,0.2199850223289774
0,0.2250227593713573
0,0.2840256115841262
0,8.056259655915312e-07
0,0.00010250889556955122
0,8.750084601205711e-06
0,0.21880324566022505
0,0.226612735005649
0,0.22948574709416497
0,1.5460991536763747e-05
0,4.722390646387968e-05
0,3.7101674808263646e-05
0,6.687265195333162e-05
0,0.2149342475156614
0,2.2024148129837865e-05
0,0.00023545090483450762
1,0.28807933865494384
0,0.287970857079049
0,0.2298463394741742
0,0.23431125280984205
0,0.22975928383102145
1,0.20545385646987094
1,0.22828351679325415
0,8.782676059299253e-05
0,6.017904972905282e-06
0,0.00014456340731023164
0,6.916821328767891e-05
1,0.28914155969591515
0,2.450373942594944e-05
0,0.2134481168881344
1,0.24354098451548598
0,2.5831211873908646e-05
1,0.2852386028971516
0,4.725122205251582e-06
0,1.4934168575621804e-05
0,0.21897133797879034
0,6.88167844642416e-05
0,0.00010668435875426777
0,2.773632074117879e-06
0,1.497150266744552e-05
0,5.003658341775377e-05
0,1.7270294102421272e-05
0,5.003658342875255e-05
0,1.9915445365131755e-05
0,3.644490790153935e-05
0,0.2819938957742506
1,0.2442871595119814
0,1.596556001315858e-05
0,0.22800814462926783
0,0.24372896003791775
1,0.25586712843572273
0,1.7443508496320248e-05
0,2.8275777022018643e-05
0,2.3659761682084773e-05
0,3.7706129345916846e-07
0,3.0744268879845434e-05
0,0.20606845151482783
0,1.6717216367118967e-05
0,0.2074187567342494
0,1.1429073960957474e-06
0,0.00010250889556948676
0,0.20756227904326408
0,4.755645269198528e-05
0,2.3149738818601616e-05
0,8.536469030653068e-05
0,0.2861152565314417
0,0.2870460396231346
0,0.27745774318853006
0,1.3720434105577922e-06
0,0.0012829223580590517
0,0.00011208747094748947
0,6.848352367002927e-06
0,0.23738732982407404
0,0.22185241999378524
0,1.351124569635223e-05
0,2.67008706662875e-05
0,0.26517622680481423
0,0.00021861103122658304
0,0.20422926653294324
0,2.6044105533884664e-05
1,0.2580731063012741
0,5.652671213179984e-07
0,0.22815174063109322
0,1.1908038931472456e-06
0,0.2427182428503614
1,0.2879996205226695
0,0.23741585341167643
0,6.544923418199519e-07
0,4.2518705511728806e-05
0,6.4706099510922204e-06
0,2.410780544217293e-05
1,0.283421181524546
0,0.001282922360584218
0,0.12930297778501448
0,7.570450157922045e-05
0,0.2168061060147606
1,0.24026719338855826
0,0.1184595256042541
0,0.21602960683426103
0,1.5731961316451243e-05
0,6.203289032096282e-05
0,0.2332390419235153
1,0.21705606164013827
0,0.2182879914409774
0,0.00011394087582196811
0,0.21984312610813136
0,0.20693732232245401
0,0.2804320282117883
0,0.22275494906123805
1,0.21738852094324473
0,0.21768548639445426
0,8.483893426101597e-05
0,4.473611744456223e-05
0,1.6851835292963613e-05
0,0.00021533242522982408
0,0.2093294699473152
0,1.7207111497386576e-05
1,0.28926821206196635
0,8.766731170428592e-07
0,0.2887188904121325
0,0.24001734496551433
0,3.0770102133798453e-05
0,0.20686467433419356
0,0.27987213195013266
0,4.083325010726972e-06
0,3.3345359498724206e-05
0,6.387099780705327e-05
0,0.0012829223619501985
0,4.7223906471234085e-05
0,0.00011964517172684444
0,1.6568952430231726e-05
0,0.0012829223591261313
0,1.0510548843590233e-05
0,0.24130379401650115
0,1.5409413773723026e-05
0,0.20230254569666728
0,0.2801593249709339
0,0.20822303577716522
0,0.06610767124875178
0,3.611984094048141e-05
0,0.00023545090482312311
0,0.21759129142571748
0,3.745074270258582e-05
0,0.24458630420866712
0,4.052881940352108e-05
1,0.286187517818602
1,0.22183647856083485
0,2.1233713796447535e-05
0,1.5968435072448538e-06
0,0.00013386217575324459
1,0.28084451219797624
0,3.7576482976585585e-05
0,0.2810651426779166
0,0.0001307139602667259
0,1.778669392256707e-05
0,2.4171743520680648e-05
0,1.7206491029275143e-05
0,0.0012829223619501985
0,8.483893425688174e-05
0,3.2408748778052425e-05
0,2.6355329517913723e-05
0,3.440659773029973e-05
0,0.20039180849663488
0,6.629869901034567e-05
1,0.21774691541000984
1,0.27584342104816206
0,0.28431150247290254
0,4.486751860272662e-07
0,9.844912701631217e-05
0,5.2053627834122484e-05
0,3.991977081925036e-06
0,6.487532759305131e-06
0,2.55743775126781e-05
0,0.22650308885985795
1,0.2261949159952479
0,0.22910215009901208
0,0.11826241392420442
0,1.342845629660718e-05
0,0.0012829223570461753
0,1.588478188159641e-05
0,3.9608258094207015e-05
0,0.285477034668062
0,0.0070000328012977215
0,0.2333568743484283
0,0.2833178833983877
0,0.0001086840800212772
0,2.6594630009963164e-05
1,0.20447783496388736
1,0.21024494290345758
0,0.2176289288334419
0,0.2887589676591634
0,8.989247236036255e-05
0,0.00018449379644131333
1,0.2750332609898239
0,3.704532217342062e-05
0,8.96561557777487e-06
1,0.2554951160316308
0,1.2853132509996084e-05
0,1.4032101842993322e-05
0,0.23267340545817317
0,0.00013856564114306805
1,0.22642471007264253
0,0.2867996923729878
0,0.2224504418417432
0,0.2548938125821383
0,4.3682525178374983e-05
0,0.2173300636222849
0,0.23686942436664082
0,0.0001308247751448472
1,0.2847179340344117
0,6.520565923503126e-06
0,3.965499748682937e-05
0,0.25799660859716256
0,1.2874868428296904e-05
0,0.0012829223595311827
1,0.22852317581001472
0,0.21488664247307712
0,3.972991530081972e-06
0,3.098672253451231e-05
0,3.4790872429721418e-06
1,0.24531934895043672
0,0.239059779539261
0,0.23808720079811507
0,7.383056244839949e-05
0,0.0012829223575489537
0,0.28290094694243156
0,0.21126537868419032
0,0.2594450467881396
0,0.0012829223589131019
1,0.21845324667833274
0,2.186462155574462e-05
0,4.377887956832148e-06
0,2.8234172538370237e-06
0,1.8912694537323366e-05
0,3.7212484274456055e-05
0,0.20288131140277374
0,0.00014456340732204537
0,0.2781468990754068
0,0.2267553841548345
0,0.00018449379644881262
0,0.2174239967951513
1,0.20979672931225105
0,5.291781852604741e-06
0,0.21024144978012319
0,3.561434451067947e-05
0,0.2147419855884833
0,0.1297835063289437
0,3.726282673601787e-05
0,2.0262389511376676e-07
0,8.032124794072803e-05
0,0.2845958514427355
0,2.6321361147740276e-07
0,1.0123175386509333e-05
0,0.2890971881759019
1,0.2212329359349926
0,0.0006525075543016792
1,0.24838874938930508
0,1.2281816661680512e-05
0,0.2168178315401308
0,3.594148223049365e-06
0,1.2843406719874878e-05
0,0.00012180703250961983
0,0.20686467433419356
0,1.9427862600985597e-05
0,0.2884417928018914
0,3.710167558452118e-05
1,0.22589268585608072
0,0.22880579833950587
0,8.286191475820692e-05
1,0.23460668792250186
0,0.28173402116692314
0,6.647618945690742e-05
0,0.2379261808617528
0,0.2080201829226108
0,0.2334070990384017
0,0.12772010776722048
0,0.20491127019789154
0,6.392112668552343e-05
0,1.3423157784569672e-06
0,8.613971268612337e-05
0,0.11801759598665015
0,1.7206491027050516e-05
0,8.361861007485745e-06
1,0.32179732478877515
0,0.00015144335159255918
0,4.634820537829431e-05
0,2.7090813139626653e-05
0,4.9549651686407355e-05
0,0.25543586873569807
0,0.24043047524540206
0,1.6144539482417974e-05
0,0.21553342312849935
0,0.20449977978251688
0,0.2179699165994131
0,0.23810057790406233
0,2.2358549977255313e-06
0,6.848352367763328e-06
1,0.19647448660691297
0,0.00030143780619233587
1,0.24210801988754474
0,7.932495516694286e-06
0,2.0130022597823873e-05
0,2.186462155574462e-05
0,1.296157309620049e-05
0,1.7443508496320248e-05
0,1.7143259154256714e-05
0,9.45510669960088e-05
0,3.1290280460880303e-06
0,4.4716075038312054e-05
0,2.8846961147677128e-05
0,1.0993012297586846e-06
0,0.21824886373357943
0,2.469327399792942e-05
0,3.1854757315742855e-05
0,5.6954166553378e-05
0,0.11856078449425775
0,8.322349403334425e-05
0,1.2246881261133362e-05
1,0.289257449858745
0,7.801226853413915e-05
0,6.015764536713872e-05
0,0.23294231246860486
0,0.21956658195052534
0,2.627046817887763e-07
0,0.00031768686315921773
0,0.21696022595979764
0,6.0157661235660926e-05
0,6.3334284358775915e-06
0,0.10333229582403006
0,0.00010102984902718784
0,0.28924643362848135
0,0.2295912804600487
0,0.24530913544774907
1,0.2875665960850518
0,2.6044105533884664e-05
0,3.72383397841555e-05
0,0.27283935850210256
0,0.00021174762456694482
0,0.00026036141470827816
0,5.1551495512310886e-05
0,0.2573867767155785
0,0.282264789611133
0,4.762357931509647e-05
1,0.173601555048088
0,0.2534611633511532
0,0.2534507053197269
0,1.1003601531699688e-05
0,0.26511904693623295
0,0.20860402906865053
0,0.2881984177882063
0,1.613109468897637e-05
0,3.3538656841291944e-06
0,1.3548098473993655e-07
0,0.22482487332057718
0,0.2863639228401696
1,0.22512199380874107
0,0.001282922358426028
0,1.3754497086781002e-06
0,0.28737929156493286
0,0.0002603614147091904
0,0.00010951367238308255
0,6.22763093457258e-05
0,0.19613472210294236
1,0.2878874947553064
0,0.2176888624545289
0,0.0001229902247954734
0,0.0012829223598224816
0,6.183964249008749e-05
0,1.9565109572303193e-06
0,0.14447961611197627
0,2.0747170067204256e-05
0,0.00012422446677101388
0,0.10255481567299347
0,0.22790422928091145
0,3.786115480369793e-05
0,3.475163069075818e-05
0,1.5729971964900998e-05
0,0.28416983469968043
0,0.00016189171602142412
0,0.2186065800205712
0,1.4207968940817707e-05
0,5.416932705141222e-06
0,0.21583586220593812
0,2.640761634804553e-05
0,0.00012331432128887663
0,2.186462155574462e-05
0,1.72595186903634e-05
0,0.23189409912747616
0,0.0012829223578833555
0,1.0099902992100698e-06
0,0.28965819220258493
0,0.001282922358000347
0,8.140093824193075e-05
1,0.1806000579009634
0,0.18351963427844167
0,1.6513785696268913e-06
0,5.679498871692015e-07
0,0.22640600909609734
0,3.4492502634709e-05
0,3.710167480750306e-05
0,0.22525359666721834
0,3.9717770246745714e-06
0,1.2877019646540656e-05
0,3.5072142827917413e-05
0,0.00023545090483158393
0,1.645422423627663e-05
0,0.2892053283836381
0,5.359038722440222e-05
0,0.2870102674751016
1,0.28848294884533277
0,0.21907162435278632
0,0.0001197467054981778
0,0.00033250721252070146
0,7.444455242046627e-05
0,4.473611744456223e-05
0,0.232682236312164
0,0.20404220462742806
0,0.0012829223568864294
0,0.19584687780752935
0,3.396823895466097e-05
0,2.4044207693197355e-06
0,0.00022213051383643983
1,0.28678956184934945
0,0.0004145549030434253
0,0.21871358290153153
0,4.001381715185217e-06
0,0.00018449379644717003
0,0.20286207822207442
0,0.2890477216295186
0,2.6720776209129864e-05
0,3.4467890336055304e-06
0,0.21286070364834034
0,2.640761634804553e-05
0,3.3537369831150155e-05
0,0.28779409730279654
1,0.2363010571275679
0,0.23319410195950896
0,7.70663116106156e-05
0,0.00011964517172126316
1,0.2771477423430327
0,0.18868432238594304
0,1.1003601531699688e-05
0,2.640761634804553e-05
0,3.1727161162102007e-06
0,6.032361645480825e-06
0,0.23234668714889709
0,0.03202494769409567
1,0.2327577646767488
0,5.420894781671476e-05
1,0.23927139661239163
0,0.2750332607794367
0,0.20995376979574162
0,0.2231234691911523
0,0.21225724276183927
0,5.436936007931982e-06
0,9.83549160665357e-05
0,4.131133421462063e-05
0,6.4706099510922204e-06
0,0.21106195550538195
0,0.2879915874563331
0,0.00010847163109396784
0,4.398629836066332e-05
0,0.00012289735801145787
1,0.275960957486858
0,4.6869830224102115e-07
0,7.158619523550832e-05
1,0.28244054479400527
0,1.3378177175676633e-05
0,0.21773196361158972
0,5.145081862327434e-07
0,0.2179354988212871
0,3.1759806314609523e-06
0,0.00023545090483093495
0,2.1198837339296623e-06
0,7.159916929494979e-06
0,0.23260567456149334
0,0.00011830909475051373
0,0.28653807493451317
1,0.24386037467165875
0,0.0012829223610349568
0,9.394796771693595e-05
0,0.23280508313968895
0,1.134420264981059e-05
1,0.21774930867358336
0,0.22313503763621084
0,7.875891229956568e-05
0,0.2745122471086874
0,0.20229123345496533
0,3.220628790379547e-05
0,0.00017943572183816618
0,0.00014580047474711786
0,8.526377083154734e-05
0,3.016690006426021e-07
0,2.8406489679030105e-05
0,3.911018250892018e-06
0,0.27468888228545674
1,0.23942075317190228
0,0.0012829223584268552
0,3.184160376872826e-05
0,1.5836504482403204e-05
0,0.21889184841346293
0,5.240095432561008e-05
0,0.2661174396086851
0,0.2707621545096599
0,0.20443109505804927
1,0.20489500540106897
0,0.27323191716502565
0,2.186462155574462e-05
0,0.2895133370072831
0,0.23495263549671294
0,1.3985506024961974e-06
0,0.0004609379263021668
0,2.622448007712932e-05
1,0.22031608575465086
0,0.19643938372780811
0,0.21679673030996435
0,0.2874895632512546
0,0.00015269385575134757
0,0.28925292128844066
1,0.6567436554073655
0,0.25829767226035605
0,0.00015269385576488953
0,0.08151137479583133
0,3.7735576894119596e-05
0,0.0005771238510526326
0,2.827714948908368e-06
0,1.979875047694486e-06
0,0.20225394837764613
0,0.25444214389604125
0,0.00018403353401463593
0,5.959933678446466e-06
1,0.20717312110145147
0,2.8431040563930178e-05
0,0.00034695915820162084
0,5.134301633003127e-06
0,1.5419239560593916e-05
0,0.0001461566652508957
0,3.873233170238879e-05
0,6.4706099510922204e-06
0,0.2104123410247249
0,0.28951373306827466
1,0.20964214942613218
1,0.21747219896560718
0,1.833574404652086e-05
0,0.21591070302626747
0,1.6360057816336458e-05
0,0.21669084879988104
0,0.2633293966630567
0,2.180117390418152e-06
0,3.2556352981103986e-05
0,2.3189233829215157e-05
0,0.2521136600924201
0,0.21357037661261555
1,0.29155576601431277
0,0.00013732073591147463
0,0.21916579742906994
0,3.883965615886372e-06
0,0.20570546656920988
0,0.2392892590432846
0,0.2895541745692483
0,0.21851620947096215
0,1.8168766721099597e-05
0,0.24671735631865097
0,0.21581583327660434
0,0.0004887338538833831
0,3.3651522915008216e-06
0,3.2484394499500753e-06
0,0.0001526938557598252
0,0.26900366795113656
0,0.00024472574166351917
0,1.6370975259700025e-05
0,0.19838679805417717
0,0.21619807927884832
0,0.25678209672175895
0,6.0928459604529494e-05
1,0.42802778593000057
0,0.00013082477514592255
0,0.2717245980633661
0,0.28431150318014814
0,6.01790497193679e-06
0,3.725795351960269e-05
0,0.21396797223730343
1,0.28863263051834703
0,0.20742261275720555
0,2.857801181821363e-06
1,0.23901753677688006
1,0.3019547835481902
0,0.21680335982136095
0,5.046363082036158e-07
1,0.2872085498714789
0,0.22944164043962328
1,0.20651841060566736
0,1.3512254783845917e-06
0,1.188325410580093e-05
1,0.27325391611338273
0,2.1167709395611375e-05
0,2.8502325052802666e-06
0,0.2652977852878603
0,0.28173402116692314
0,5.3823908701627063e-05
0,0.2966127357449675
0,1.3632683979279257e-05
0,9.096514526108541e-05
0,4.628082631855397e-06
0,9.525515309873792e-05
0,3.0728926551142313e-06
0,2.2621318721050795e-05
0,3.7101674810344284e-05
0,0.0001746704012727376
0,7.979698331136408e-06
0,1.3265176215260942e-05
0,0.2548745693004741
0,0.00025114194217148094
0,0.21422982912106617
0,9.277752339040871e-06
0,0.00024472574166303936
0,0.20392219871676484
0,1.6516704791137258e-05
0,0.2621894039073329
0,8.342637532357804e-05
0,0.2820167092169029
0,0.00026036141470951735
0,0.20228604634591238
1,0.2697087740311281
0,3.833311236013008e-07
0,0.23763366712023454
0,0.20951374712065865
0,0.00017821798835218248
0,0.0012829223590066297
0,4.068384875067413e-06
0,0.26861637814556033
0,0.2872393796760377
0,6.626249660027902e-06
0,2.889183413612237e-05
0,0.2779596220975208
0,0.00022291489765331718
0,1.8861444065451705e-05
0,2.186462155574462e-05
0,0.2191449915815828
0,0.00012070524527550252
0,0.0012829223575308777
0,0.00026036141470834565
0,0.0008396052196090057
0,0.266676307555438
0,2.6044105533884664e-05
1,0.28919864446764004
0,0.28828018399096855
0,7.63048449800085e-06
0,1.394156768815219e-05
0,4.9937149668617696e-05
0,0.11293011091843586
0,0.25592180253601116
0,2.2454621623952127e-05
0,2.6044105533884664e-05
0,0.2880840265819285
0,0.2549671667086332
0,1.7443508496320248e-05
0,0.00014304884722246924
0,2.9754459717877552e-05
0,1.9465199561336823e-05
0,0.00018449379643434253
0,0.2879015909153418
1,0.21752996951987938
0,6.965363755429901e-06
0,0.286878424093702
0,0.00018403353401463593
0,0.2155228426937187
0,0.2888467174730267
1,0.28952786666392105
0,0.21332916939148655
0,0.34493412406546037
1,0.28486352246388363
0,0.0001196451717278479
0,3.2193511546189714e-05
0,0.0001361268218378997
0,1.8608044216154358e-06
0,2.8115286363070244e-05
0,0.27608376664802997
0,5.791985620730794e-05
1,0.21772221132969033
0,5.49747945796063e-06
0,0.22093809331292366
0,0.13048102095001593
0,3.1911273062849275e-06
0,0.20934636331116518
0,0.00017244347563444938
0,0.2132083997728259
0,0.0002066074308157795
0,1.879591833062367e-05
0,0.13043340184237412
1,0.25500511072428916
1,0.23624643041273186
0,1.6731516178119447e-06
0,4.51374474364601e-05
0,3.8293396063250414e-05
0,7.988271772211501e-06
0,0.12944077813835572
0,0.21895424901556537
0,4.405920944223801e-06
0,0.20939152240608236
0,0.22334180599532946
1,0.23736578633973107
0,5.158601046514917e-05
0,0.0012829223601639153
0,0.21911433779967293
0,0.28520727624317377
0,0.25812780728926177
0,4.722390646568206e-05
1,0.21770802975374087
0,3.911944365853588e-05
0,3.5560354605690086e-06
0,1.5764688357506212e-05
1,0.22082392022560032
0,0.21553416754037377
0,2.8679792234349985e-06
0,0.27307310233441184
0,6.88821624565668e-07
1,0.28936108800070554
0,2.070061010099222e-06
1,0.19716553101946505
0,0.2102956587578703
0,1.6528856180983139e-06
0,0.28310089249065384
0,0.000260361414708673
0,0.00018449379643504575
0,0.21790905487417783
0,4.4272521094667795e-05
0,3.287869061153432e-05
0,0.00023545090483093119
0,3.56143445169151e-05
0,0.00031406639950548213
1,0.21771421717784273
0,6.771783677689407e-05
0,4.165377700046143e-06
0,0.2242826079105424
0,0.00011208747094894399
0,0.2862263236887728
0,0.0012829223567381524
0,1.82368118774552e-05
0,0.6567436554028548
0,0.11517186004008596
0,6.109834159024397e-05
0,0.10056917884860285
0,1.041844443867718e-05
0,0.21875695693287894
0,0.00011288555809009103
0,2.186462155574462e-05
0,6.876902035261226e-05
0,0.00042379651930439847
0,6.323032816855286e-06
0,1.1144886860063682e-05
1,0.26002548428904193
0,2.5782693201729638e-05
0,1.0129964432608713e-06
0,4.1497627276580816e-05
0,4.359966300027441e-05
0,5.240095433079536e-05
0,0.21693204205258818
0,0.27583911858210436
0,7.646323224731573e-07
0,1.615880238490427e-05
0,0.21714804100149415
0,1.5533879423490703e-05
0,1.2286912998459e-05
0,1.7078263111361408e-05
0,0.24040329256865664
0,0.2705444979589449
0,0.00010819612927219749
0,6.647562581400316e-05
0,0.0002423158601555673
0,6.670865499434657e-05
1,0.26247187642956543
0,4.0950707027755855e-06
0,0.2878702532025083
0,0.23368238705270916
0,2.07471700674598e-05
1,0.24067204873275744
0,0.21718973087448365
0,1.687572915249866e-05
1,0.2835457824046972
0,0.0204189346704089
0,0.20264282608375014
0,0.25788034442550106
0,0.21774359029238358
0,5.1803296558240996e-05
0,0.21706893038438363
0,4.85925183343172e-08
0,9.280467715270082e-05
0,2.0747170068675966e-05
0,6.223307996272376e-05
1,0.23247221610978439
0,1.1190373932148916e-06
0,0.2300928384189201
0,3.3428013664862894e-07
0,0.28235382782088775
0,1.3270848306039163e-07
0,0.2074747737383193
0,4.227899918457776e-05
0,1.1606472928395424e-05
0,0.1909692230357118
1,0.6567436553898833
0,9.703180594999657e-06
0,0.2173543626385088
0,0.0012829223599705004
0,1.2464692636087948e-05
0,0.00020173160909118946
0,1.677625454108677e-06
0,6.97418408343613e-05
0,0.24032369316077629
0,0.22228104079558825
0,0.0012829223569116362
0,1.291768120438627e-05
0,0.2175277622359986
0,0.20966246298962743
1,0.2848543429879678
1,0.2804526007515283
0,0.32551262902639044
0,0.2747824279418356
0,0.13041200713767775
0,3.059365317204554e-05
0,0.2785821705592492
0,4.204486549407791e-06
0,1.6804776951118673e-05
1,0.2833975691897476
0,0.0001246373069665764
0,7.810176561196778e-06
0,6.917635643222512e-07
0,2.6407616339099637e-05
0,0.2823829601254413
0,0.11491038000210003
0,0.000332507212538754
0,0.22138444425414477
0,1.7443508496320248e-05
0,2.512620327262982e-05
0,3.091818814949718e-07
0,5.5547072395524514e-05
0,7.268744677858538e-05
0,3.184160376872826e-05
0,0.00019501651798589032
0,3.008660722519162e-06
0,0.22993324628148554
0,7.646323223465648e-07
0,6.378173332704936e-05
0,5.877405469493131e-06
0,9.578920483758205e-05
0,7.231408973069785e-05
0,4.3596523182232496e-05
0,0.24186285258813045
0,0.2063263815659715
0,0.0003244157064568343
0,8.554265826471046e-07
0,0.20880797732462011
0,6.231708992522854e-05
0,2.4951494279536235e-06
0,0.00015269385576204792
0,3.885414079969505e-07
0,0.00031910381502761625
0,0.0012829223585587325
0,6.327117963974954e-05
0,1.245002193327042e-05
1,0.20773261834753678
1,0.2713540791882134
0,0.28759164085101485
0,9.044410871452106e-06
1,0.1284545642071395
0,0.25613911740623907
0,0.23017854355807804
0,0.2496327566297449
0,0.2727901846894073
0,0.21820817928801214
0,1.126024487694108e-05
0,0.28913172466912584
0,0.20634795849145154
0,2.6044105533884664e-05
0,0.0006872020157899104
0,1.1136285328766325e-06
0,2.6152002467626943e-05
0,0.21843838148718933
0,0.2713246031022213
0,0.00015869408673918484
0,5.51087843778056e-07
0,0.00010831112951255063
0,2.9966474034838794e-05
0,0.2104442800927808
0,0.25892505862602494
0,0.20226809189621603
0,0.25402971004243136
1,0.23238847880617305
0,1.4392747961681842e-05
1,0.20898259706402794
0,0.28918902594949164
0,2.2775117890072214e-05
0,0.0012829223584672007
0,1.1358516022738216e-06
0,3.118094274321317e-05
0,3.737540193854962e-05
0,1.1465093126407608e-06
1,0.24008037826093465
0,2.640761634804553e-05
0,0.00013082477513349936
0,5.748333017361827e-06
0,0.22710992017476792
0,3.567303031383276e-05
0,0.0012829223587693312
0,1.8102167522842387e-05
0,0.23973579290265923
1,0.2808285837445315
0,0.28628414303386573
0,0.00015714627396177364
0,8.483893426280226e-05
0,1.320799301968267e-05
0,4.149762728306765e-05
0,6.907179077167945e-06
0,7.6908315972813e-06
0,1.964448191882483e-06
0,0.00013334129693626522
0,0.23943599658767425
0,3.968875445104833e-06
0,7.721515370871695e-06
0,0.28348372490663526
0,0.2789119424736637
0,6.378173332704936e-05
0,6.378173332919522e-05
0,0.0001669610005922814
0,0.08048265240218198
0,0.00026902668628697436
0,5.025820178591587e-06
0,0.21740587133505307
0,1.416370501981881e-05
0,9.276655692795953e-05
1,0.2604566260122776
0,6.538102316742355e-07
0,3.944158424490266e-07
0,0.22537945230482145
0,8.918696702839563e-07
1,0.2172382137197709
0,0.21166625731007213
1,0.22515818256131348
1,0.6567436553898833
0,0.20231514953591975
0,3.440714097964149e-05
0,8.791622539297145e-06
0,0.0012829223587693312
0,2.1755103379058302e-05
0,5.615857446494037e-07
0,1.1134640949227985e-05
0,1.2246889269803773e-05
0,1.664921612986847e-05
0,0.20522333328379821
0,4.855993457485128e-05
0,3.7979463509337876e-05
0,0.22248066043401685
0,0.20265816332787742
0,1.720649102436226e-05
0,2.4693273995999845e-05
0,0.0006138218412547249
0,0.26628614550383795
0,2.9854787199235765e-05
0,6.378173332704936e-05
0,4.856853116925077e-05
0,2.399893075519731e-05
0,0.00022229003946804663
0,0.001282922359285125
0,0.2206727439617736
0,1.6394586301307555e-05
0,2.738634477230186e-06
0,0.28658977872666
0,0.2860779513817302
0,0.0012829223569891636
0,0.0012829223568695005
0,0.00021533242521448536
0,0.20543958566259485
0,4.410705589347913e-05
0,0.22170893758435425
0,9.959432117507813e-06
0,0.07882457103242783
0,0.2874386983983986
0,3.610485589980611e-05
0,0.23032933190310836
0,8.494570416445158e-06
0,4.1045263557543e-06
0,6.934828222951168e-05
0,0.23310368584783728
0,6.206119769933627e-05
0,0.21431541736933213
0,0.17746838457835362
0,1.9713145381077144e-05
0,1.513270127569522e-05
0,6.4706099510922204e-06
1,0.2067628482545716
1,0.22277732315857707
0,0.13893345121997397
0,1.5193937752918789e-06
1,0.23304552551898458
0,5.256734587204663e-05
0,0.21752140258844072
1,0.2088117998753219
1,0.2874558204741219
0,3.20658327512055e-05
0,0.00029190227208062477
1,0.2893311720005955
0,0.6567436554068786
0,0.21076846833356758
0,0.23605505286144443
0,0.00012231415772119526
0,2.719227434411791e-05
0,4.129103251205993e-05
0,0.2328265653671968
0,0.22855700170148005
0,8.032550457317735e-05
0,3.1972607881596586e-05
0,1.1979562358837069e-05
0,2.776034911059521e-05
0,0.2891894212242813
0,0.0001986177782476653
0,1.2824503134672784e-05
1,0.20603460750043595
0,0.21281375968864671
0,5.5080346110702606e-05
0,0.21898812153034602
0,0.0849019269943604
0,0.21090923299827852
1,0.23491181400938985
0,4.279759072065452e-06
0,5.297035693385559e-06
1,0.21770185158331692
0,1.0188728760136404e-05
0,0.20232386657906212
0,4.149762728995843e-05
0,5.3395647561704094e-05
1,0.2469550749668714
0,6.038527842052216e-05
0,0.27372424255869676
0,0.00015269385575932863
0,2.1251826268463552e-05
1,0.2892264206791059
0,0.26210277420794154
0,0.00011964517172298128
0,1.3412402846793456e-05
0,2.7834690554368064e-05
0,0.19640134828306427
1,0.2823643549623887
0,0.00038776881399520705
0,0.0001423091888495847
1,0.24771413984868473
0,1.193928264149145e-05
0,0.0004635560859479794
0,1.4767007835621066e-05
0,9.3972122493629e-05
0,3.072885091647858e-05
1,0.28670454365767845
0,0.27927285417817566
0,4.722390647499429e-05
0,6.647562581564325e-05
0,0.00020965842279690823
1,0.2352624355128937
1,0.27971674977608135
0,9.319866077748858e-07
0,0.15376173758981354
0,0.0003325072125301505
0,6.606768449082562e-06
0,0.21735707202835686
0,6.148951917997375e-05
0,0.21787574719905697
1,0.24406673470348922
0,2.2891247298746094e-06
1,0.2673598503791037
0,5.759740743422523e-07
0,1.720736547418064e-05
0,0.2076829277848539
0,0.27019641945807804
0,0.00018449379643837088
0,2.840648967906371e-05
0,5.635741807447191e-05
0,3.846765584836984e-05
0,2.3039929764249756e-05
1,0.28032791913451843
0,1.862255704646753e-05
0,5.143852567087691e-07
0,0.28123503280272916
0,9.527232841255561e-07
0,6.999089985647983e-06
0,5.013478544018621e-07
0,0.0012829223573745025
0,0.25305729122514947
0,8.994976772113515e-05
0,2.9569682519749327e-06
0,1.9424567578033776e-05
0,3.8785069697753274e-05
0,0.22696871720683534
0,2.798050049057782e-05
0,0.2795768021950059
0,2.492314753856412e-05
0,0.22185493214977062
0,0.0012829223586812602
0,0.2023045397063439
0,5.114349675874137e-06
0,0.00010951367239087771
0,0.20847117300865287
0,0.23323178314632892
0,6.131491043124571e-05
0,0.20936314221608163
0,0.00014456340731709686
0,0.23903202491230868
0,0.20888837132862012
0,3.647471653090817e-05
1,0.2503085618648832
0,0.001282922362557235
0,0.2423222106484026
0,0.2385429596652604
0,3.7958768302029923e-06
0,0.1825820120848575
0,8.500925343817524e-05
0,0.20522852177138662
1,0.28932795812307466
0,4.9788191873395005e-05
0,0.2343082936793838
0,7.33094976865833e-05
0,2.840648968086473e-05
0,3.505527376170984e-05
0,0.2832434057809539
0,7.758876220692639e-05
1,0.2853742484887726
0,0.2999514776522481
0,0.23355566663759478
0,3.561434451450825e-05
0,0.21372145193183487
0,0.2116827814083692
1,0.2178941513580769
0,1.2822899042477775e-05
0,1.2787353337736058e-05
0,0.2792615218468742
0,5.925702998805706e-06
0,2.697877769495083e-05
0,0.2530495144032178
0,0.28940459388657885
0,0.055453348618117765
0,0.00046804699877001896
0,4.326916749081145e-07
0,0.26426923736317726
0,3.3657132598771706e-07
0,0.28173402116692314
0,5.398419457062429e-06
0,3.992337353246439e-05
0,7.086849671841474e-06
0,1.720649102430691e-05
0,2.884696113417204e-05
0,0.21727910708241266
0,5.9370182733452375e-05
0,0.20262039563828288
0,1.255690837853335e-05
0,2.4923147212892665e-05
1,0.2173021550964805
0,0.2591670542383135
0,0.2176209421391544
0,0.21449303144945092
1,0.21906329342338604
0,0.20522852177138662
0,0.2299427981522242
0,0.10483425316981801
0,5.633579599823452e-05
0,2.4952692741389475e-06
0,2.6974264504850266e-05
1,0.24729998675296708
0,1.6295455298584003e-05
1,0.28923051878897943
0,2.8406489682410024e-05
0,1.5588231611277277e-05
0,1.2841861178247675e-05
0,0.2265061659051349
0,0.2872394035941779
0,4.858243312903302e-05
0,3.779536447739056e-06
0,2.71806352198184e-06
0,1.645469938204014e-05
0,0.00015714627396177364
0,0.00013082477513593404
0,0.00010250889557229452
0,0.00011513115315570956
0,0.254192864774709
0,0.00040548489626515764
0,0.00021533242521685832
0,0.28958199223668724
0,2.8914003905925484e-05
0,0.21954390411579588
0,1.7443508496320248e-05
0,0.00016189171602304665
0,0.2731530798954889
0,4.077514797629953e-05
0,1.37538032511349e-05
0,0.21740495440033333
0,0.2724123678382339
0,0.18098416617693525
0,2.007593365467907e-06
0,0.23322343998371617
0,0.20775886970575008
0,1.1143544409185301e-06
0,2.379470432419984e-05
0,1.1592733473577022e-05
0,0.00026036141470821945
0,0.0014572461770555557
0,0.00017017251388473732
0,1.032164132482268e-06
0,0.14364304538086742
0,0.21773179887683142
0,1.3321991164802153e-05
0,0.0004391527015401046
0,3.077004794706119e-05
0,6.946148897331089e-05
0,0.2392957454326184
0,6.542100432684759e-05
0,3.1030470217155854e-05
0,5.453719530205671e-06
0,8.140093824193075e-05
0,2.4467071811825465e-06
1,0.21849574602263092
0,2.9536532125524426e-05
0,0.2219235607404701
0,0.00015269385575401534
0,0.2831008925700966
0,2.6044105533884664e-05
0,1.5646567687310767e-05
0,2.640761634804553e-05
0,0.2849947380764248
0,0.2839378108757744
1,0.20227767665889645
0,6.4706099510922204e-06
0,4.992249410967649e-05
0,0.27279018476733136
0,6.943049025642159e-05
0,0.27411530111580584
0,1.9575748644703396e-06
0,0.00010250889557387401
0,1.6732273266148122e-06
0,0.0012829223579618244
0,4.9036523332493093e-05
0,0.2572242662352382
0,1.4664902664360099e-05
0,4.7916389949524866e-05
0,1.2246881261730829e-05
0,3.1377954393679885e-05
0,8.032124793628292e-05
0,0.00020819962168527832
1,0.6567436554214134
0,8.456006047197451e-06
0,4.200136203350743e-05
0,0.2403366220845629
0,0.28646658392356006
1,0.28049383255032995
0,0.22867036763107526
0,0.00016803789849328813
0,4.2518700271760665e-05
0,0.0001341950930414564
0,8.03212479375414e-05
0,3.4565823353155334e-05
0,6.430135173593506e-05
1,0.28290559099279644
1,0.20668804842964275
0,4.2493745128286415e-06
0,6.695220385583591e-06
0,0.0001234336235930333
0,0.22275181480392373
0,1.2286912998459e-05
1,0.2809454486233849
0,4.904700559089287e-05
0,3.9439362205736126e-06
0,8.876845715442381e-05
0,0.23033196410705417
1,0.21165381562413713
0,0.2783038103028565
0,0.0003649714842916275
0,0.00029190227208059316
0,0.0004680469987388071
0,0.20231667884685706
0,0.00038776750604288264
0,2.495199911219837e-06
0,2.949413881011265e-05
0,0.000214069992913367
0,0.23538476860404436
0,0.23862334040049712
0,4.817351558844807e-06
0,8.041133654734554e-06
0,7.528676024497477e-07
1,0.20641225235289384
0,1.578671205829652e-05
0,0.00013082477513843703
0,3.0043053619296107e-06
0,3.8310076585728086e-05
0,0.00013082477513478617
0,2.3452257982250896e-07
0,0.1259879326681938
0,0.0002497071564780266
0,0.2751169645611446
0,0.00013082477513559756
1,0.2892892180078227
0,5.215146897374011e-05
1,0.2879096145446256
0,8.888579433471012e-06
1,0.23263590379269924
0,0.00012171218364052339
0,4.473611743147375e-05
0,2.1044964449617646e-05
1,0.23117692376704538
0,0.2856187729975534
0,2.044576504195378e-06
0,6.785904941948141e-05
0,0.2398450913184248
0,2.2698095322949785e-05
0,0.001282922357192519
0,1.8160940360945354e-05
0,5.284180526623063e-05
0,0.0012829223647219743
0,6.378173332704936e-05
0,6.627420657129613e-05
0,0.261993000851128
0,0.2174667439078271
0,9.229689204052424e-07
1,0.28572227941624584
0,2.64076163418773e-05
0,0.21772780044086884
0,0.00013334129693460173
0,3.941307930775614e-07
0,6.227630934570401e-05
0,2.198670238459571e-05
0,0.21167556097437326
0,1.7575707169458798e-05
0,0.00015269385575844425
0,3.518353558789921e-05
0,7.979698332733837e-06
0,6.759311618409223e-05
0,3.1157884036665635e-05
0,0.00015378102465988302
1,0.6567436554132593
1,0.2834211813322539
0,0.2827586890504718
0,0.2792728540051607
1,0.287841895195467
0,0.2056473948875472
0,6.67108357959973e-07
0,8.291960442743795e-06
0,1.9568560490549385e-05
0,0.2886337129071824
0,0.27833876727725326
0,0.2890608826596927
0,1.2159174280960223e-05
1,0.2176092659150839
0,2.415428802261052e-05
0,0.2417557549724979
1,0.2366410555673421
0,1.7443508496320248e-05
0,6.0157645366844966e-05
0,0.0001844937964365402
0,3.5658580700357e-06
1,0.2839321595647609
0,0.0012829223584672007
0,0.00015497428758874389
0,1.9282195140352305e-05
0,3.6490661242159394e-05
0,1.8795918328227642e-05
1,0.17900221640649652
0,2.6217308968083838e-06
0,0.2112977474366001
0,0.26791910126054586
0,0.25964791980673346
0,2.8406492282149607e-05
1,0.23543265426225998
0,6.647562581465494e-05
0,4.748953317158707e-05
0,0.21911783054964162
0,3.3856059900928058e-06
0,7.0521224129677895e-06
0,0.0001786421417603505
0,2.142291694305406e-05
0,2.164590983702133e-05
0,3.140329439773237e-05
0,4.24556770122027e-06
0,0.00011035719046702105
0,0.26609450033058046
0,1.6774575153698266e-06
0,0.22294358675308476
0,3.055952024822385e-05
0,0.22577151289717004
1,0.28384340532382923
0,1.614463434662273e-05
1,0.233369921338308
0,0.27257969502983975
0,1.4995835485099838e-05
0,0.21367085084742968
0,0.2886326303301843
0,3.502782437201658e-05
0,0.00036511366740462785
0,2.332008310826037e-06
0,1.9060757178378104e-06
0,4.149762728995843e-05
0,0.00012284997181777948
0,0.19753932145619663
0,1.0035507001402436e-05
0,0.2872240815942634
0,0.26053560287906546
0,2.640761634128401e-05
0,0.0003944314186939148
0,0.2816114881251297
0,0.2849750708798701
0,0.0001509887758952812
0,8.109544754272863e-05
0,0.23250335949869885
0,1.9105322614622707e-05
0,2.6407616341705662e-05
0,3.526265764665999e-05
0,0.2073936109001286
0,5.502491578560977e-05
0,1.618378688703251e-07
0,0.21738750739922327
0,0.20997940294076156
0,0.2191433554502373
0,0.20462833216840334
0,1.5293278308591502e-05
0,0.00018449379643884305
0,0.0014572461760935967
0,2.2887247588637404e-05
1,0.6541668385825706
0,0.2883634017771734
0,1.0634703087951659e-06
0,0.21855905295293523
0,3.0072506820925e-05
1,0.28510238357957673
0,1.1601837457335891e-05
0,0.00021533242520979033
0,4.487114328747538e-05
0,3.793857594863914e-05
0,5.507691144505182e-06
0,1.1749296310889886e-06
1,0.25352202090203646
0,1.4938151030031505e-05
0,0.21907913336593163
0,9.721540121369753e-06
0,4.104573734085629e-05
0,0.2221471982933499
0,1.772141280909702e-05
1,0.7390925719721645
0,0.00010562716370680984
0,6.37817333268886e-05
0,0.2246106586744503
0,6.378173332704936e-05
0,4.816995502821352e-07
0,1.0602877099827454e-06
0,0.00015269385576118064
0,6.56417228040728e-05
0,6.378173332704936e-05
1,0.20225329383581875
0,0.00015269385575400934
0,1.9718779958689207e-05
0,0.22365666860276257
0,2.0697115207954347e-05
0,0.2866008579313262
0,0.28419837019070043
1,0.23118349209919797
0,2.604410552531631e-05
0,0.2209032514517002
0,8.196790404196814e-06
0,0.28657400798818705
0,4.473266646279138e-05
0,2.9774505708849417e-05
1,0.23647700188434476
0,0.2868011220683826
0,0.23818143987124749
0,4.359652317945714e-05
0,0.2537956494119281
0,1.6073082114246307e-05
1,0.24450409995786015
0,0.2603669636716557
0,0.0002869940549237962
0,3.710167480712095e-05
0,0.00010250889557096666
0,0.28956009943518674
0,0.22696373733004255
0,3.5353641324735117e-06
0,2.2744851044652435e-05
0,2.640761634804553e-05
0,0.21812235184624587
0,0.2022999244342558
0,0.17131321232832256
0,4.5943124673513264e-05
0,2.4136375595187778e-05
0,0.28764267060334897
0,0.00021174762456694482
0,1.8118333594294446e-05
0,4.722390646660301e-05
0,7.794378470675142e-06
1,0.25955437951352983
0,5.970677759287685e-06
0,6.070713788761032e-05
0,3.012149061443556e-07
0,5.507797858679656e-05
0,2.0404914643600184e-06
1,0.2892682119042364
1,0.2570986567225942
0,4.430196114256412e-06
0,0.00015269385576488953
0,5.618758703444299e-06
0,3.070140900748507e-05
0,0.2825538006444231
0,2.320542144411294e-05
0,9.463839023502124e-06
1,0.21772650597471122
0,3.3373390648844796e-05
0,2.1659045187477014e-05
0,8.10737223413306e-05
0,3.954553005657391e-05
0,0.21893436695714735
1,0.26036856910753325
0,0.2022758290626562
1,0.28894611696327654
0,9.0228096274688e-05
1,0.24357504183827366
0,8.99497677154148e-05
1,0.22071037098071622
0,5.257738703250099e-06
1,0.2845764484096436
0,7.682452791095005e-07
0,1.954831301370153e-06
0,4.583033705435828e-05
0,3.015136039703308e-06
0,0.00021533242521194952
0,4.0369024367959554e-05
0,1.0510548845772976e-05
0,0.25723536286942755
0,0.04456728315406868
0,6.94476884148104e-06
0,0.00026036141470884503
0,0.1745577944175618
0,1.707116919549696e-05
0,6.4706099510922204e-06
0,8.483893426289795e-05
0,7.192987731371012e-05
0,3.7101674807558156e-05
0,0.00017943572183711485
0,0.0012829223575154976
0,0.27964206580174045
0,0.00014456340731506075
0,2.8083568337768132e-05
0,0.0001526938557599665
0,0.22265412166527054
0,4.462171384059325e-06
0,0.28829442219552964
0,2.3664839000599897e-05
0,0.23182040614899244
0,0.2416557391207435
0,2.958092740494038e-05
0,6.379504757699474e-06
0,0.01642795896657889
0,0.0002354509048257265
0,1.2511723536268662e-06
0,3.8732331705449486e-05
0,3.860871919113174e-06
0,0.28497715705545834
0,4.619316156359348e-05
0,0.00010250889557146081
1,0.2862361504914237
0,3.164632963457677e-07
0,4.3415426943623984e-07
0,9.350235950841137e-08
0,0.27934967674819744
0,0.2735467949806703
0,4.6366200441039446e-06
0,0.2404586234765473
0,0.28372911257796707
0,0.2654265865322451
0,3.0545092462128357e-06
0,0.0002714396758955543
0,6.64553078329104e-05
0,0.0001746704012727376
1,0.28231837357446676
0,0.2553470798655233
0,0.2562584010519599
0,0.03432282437036629
0,0.21105189110098008
0,0.22878891319721661
0,0.23303697433459514
0,0.20233993866436617
0,3.0745477571811154e-06
0,0.2777700467568594
0,5.215668402597405e-06
0,6.798296656391612e-07
0,0.23601583197571435
0,0.2123661294134077
0,0.21769271977999538
0,0.23668621412338944
0,0.2495051244740549
1,0.23356529549623484
0,0.2784154872973996
1,0.28555261920923664
0,9.218789913850904e-05
1,0.22378159132808706
0,2.505745973407333e-05
0,0.2713216822305302
0,0.2679521451445882
0,2.8411141209096512e-05
0,0.2546777129230651
0,0.20422926653294324
0,0.001282922357813407
0,0.0001249631451466922
0,0.0004680469987628388
1,0.28701740659950087
0,3.347516661023243e-05
0,4.4736117440090964e-05
0,0.2870602225350472
0,3.774688189061502e-05
0,2.6581966907303323e-05
0,5.004980410355958e-05
0,1.8152401440153192e-05
1,0.2865238787097755
0,0.21749233335554977
0,0.12649488202781417
1,0.24039460478526767
0,0.20233491839698106
0,0.00018403353401463593
0,3.183653528119978e-05
0,6.339798159892222e-05
0,3.920877009858711e-05
0,2.0532163904711925e-05
0,0.147169370516113
0,0.11861274102778376
0,2.075913881036542e-05
0,0.00021174762456694482
0,0.2564378018458835
0,0.24596043494308295
0,5.695416655384023e-05
0,0.1638092267010861
0,0.25655274826701474
0,0.0012829223657623348
0,9.877810948580518e-06
0,0.001282922360245716
0,0.26291164859739924
0,0.23716165612109816
0,3.060975837647202e-06
0,5.403056153935584e-06
0,0.00013118894562818545
0,9.8286762505447e-06
0,4.306697542092342e-07
0,0.2749661711432747
0,1.7443508496320248e-05
0,1.148145427293197e-05
0,4.280654146280107e-06
0,0.11816501054557646
0,0.20067037421306264
0,1.6711787978928458e-05
0,0.00011964517172025395
0,0.21771496531720994
1,0.2617241911430411
0,1.695369175211757e-06
0,0.0001308247751397164
0,7.1702063704825805e-06
0,2.3067331854072726e-05
1,0.22382598784284427
0,0.0012829223575727335
0,9.068041910936461e-06
0,0.0012829223597576633
0,0.1343225514406232
0,3.721248427570469e-05
0,2.5831211873908646e-05
0,0.0012829223575727335
0,2.3924017723652925e-05
0,7.357597624790396e-07
0,0.13245595676056823
0,0.27553168410732093
0,4.241443530466016e-05
0,0.2764392246582485
1,0.23182725961824316
0,3.1157884036665635e-05
0,2.9291557575827277e-05
0,0.21596697656649233
0,0.2844507051756562
0,0.00035242672247312264
0,0.26930714584337895
1,0.289237721592954
1,0.25917723189751996
0,0.28075274974141823
0,0.0012829223574658216
0,1.918568247561722e-06
0,0.23738859137757334
0,0.20230870257434774
0,0.21233983659390832
0,0.15620600624659584
0,0.1903252293130232
0,0.00021533242521926303
0,2.0728341046562758e-05
0,0.2839083286004011
0,0.0003325072125321716
1,0.22017560791074947
0,3.8732331701325635e-05
0,3.395157893467329e-05
0,0.24740743592390907
1,0.2889133066962407
0,0.2596028722764421
0,0.24898407831237127
0,8.994976771720292e-05
0,0.004680338219514024
0,1.171965653911232e-07
0,3.677430571017081e-05
0,0.0012829223651846734
0,2.186462155574462e-05
0,4.5330814998132933e-05
0,0.28540506244074587
0,0.00044918243752767827
0,0.23300111152039027
0,5.519157491357036e-05
0,8.032124794052145e-05
0,2.5831211873908646e-05
0,5.6954166554053986e-05
0,0.28244054448069594
0,7.323284732087474e-05
0,0.21371188062131502
0,4.136552565217132e-05
1,0.2896084865708469
0,7.374245642504516e-06
0,2.640761634804553e-05
0,0.0001594805383614847
0,0.20729316344949256
0,1.3762130616083563e-05
0,4.5937369642626035e-06
1,0.23159699927629326
0,1.1325170193362066e-05
0,0.0002209651479746854
0,0.0012829223587693312
0,0.2895910274102805
0,0.2142248633491253
0,0.2861279963699728
0,0.2622300734601927
0,0.21717916525026296
0,0.28627770875069564
0,0.21771005637442709
0,4.056662066336854e-06
0,2.8992907278239987e-05
0,0.2287444942169179
0,0.2221596433019013
0,0.25061272011241176
0,0.20233565872061382
0,3.501548750592981e-05
1,0.2845620148820125
0,0.08818477600995867
0,2.640761633941472e-05
0,0.2834710823991561
0,4.722390646244394e-05
0,0.2799012098576935
0,4.819680926067922e-06
0,0.0002354509048278344
0,3.604666538726781e-05
0,1.635895841509553e-05
0,0.24060707191592418
0,3.5757989151611655e-06
0,0.2206208231460328
1,0.2889908016252028
0,1.5446174953808755e-05
0,0.0022073727793393383
0,0.00011035719046374256
0,0.21546529809547754
0,6.530152313016227e-06
1,0.2068862896575761
0,0.2787719503144063
0,0.2072734942282029
0,0.26713209936529936
0,0.20694747060942256
0,0.08141540928325108
0,4.254420992330775e-05
0,0.0003649990361364506
1,0.23773442231616332
0,5.0919458395796444e-05
0,0.0004680469987645915
0,0.26515502004725694
0,0.26829298537876034
0,9.869411986498962e-07
0,4.2814170959366266e-05
0,0.00016027553390940863
0,9.455510867840857e-06
0,2.2967133593224437e-05
0,1.1393417373781721e-05
0,1.1164285728132213e-05
0,4.8648030355083406e-06
1,0.2259005179033969
0,4.385510547436021e-06
0,0.23323039393707815
0,1.7262457985237162e-05
0,0.20400093654069845
0,5.0036583428884536e-05
0,1.5808491425683355e-05
0,3.191633669763932e-05
1,0.2372359375654014
0,5.505725744949445e-05
1,0.2367854811319315
0,0.0002783370495145826
0,4.2518700281431064e-05
0,0.28266584608090073
0,3.7101674806366685e-05
0,6.647562581662198e-05
0,0.0012829223576855048
0,2.6974264502128428e-05
0,0.28202237585307915
0,0.20958239196628523
0,0.00015869408673918484
0,2.464785567891854e-05
0,3.3311391601860906e-07
0,2.640761634804553e-05
0,0.2375821827570596
0,0.22919925514104533
0,6.943773776040009e-06
0,0.18813462685837462
0,3.3742058897815366e-05
0,0.24535531952220607
0,6.131491043492285e-05
0,0.24441229848862578
0,6.647562581447712e-05
0,0.00018449379643371898
0,0.00019281040610548062
0,0.20883591643721
0,9.088272593773802e-06
1,0.28588646751057684
0,3.71016748088811e-05
0,8.032124793943674e-05
0,0.00013082477513867846
0,2.1924368183437826e-06
0,9.900011793374801e-05
1,0.2862759017419132
0,0.00017622794741764
1,0.2862917439019143
0,0.2558671279573054
0,7.262274307884312e-05
0,4.473611744456223e-05
0,7.591169945654693e-07
0,0.2250727049410776
1,0.20890945180077775
0,3.7554337034494052e-06
0,0.20422926653294324
0,0.00011611077886107385
1,0.28888608148731676
1,0.2884892241222363
0,0.0006515302145982829
0,0.00018008496929912586
0,0.28239749923726204
0,4.636565296765662e-05
0,2.6044105533884664e-05
0,0.21406644287914572
0,0.00011035719046616015
0,0.2886591021649359
0,0.00033250721251712565
1,0.20525207715433333
0,1.309374282567371e-07
0,0.15938498194163633
0,2.091514392417894e-06
0,1.4395655499287406e-05
1,0.22975910760942858
0,4.6008185051701275e-05
1,0.42222566384857113
0,1.7769281130674123e-06
0,0.23484479175447662
0,0.2817340211012936
1,0.2856669219454101
1,0.2531661488648332
0,3.562171143031828e-05
0,1.2855353590547172e-05
0,0.27246814052335494
0,7.960067148516114e-06
0,0.20356565267164814
0,1.0673289117573806e-05
0,2.1330299214897177e-05
0,2.0289148917070524e-06
0,0.12437931192523077
1,0.28474868118575986
0,0.00022017418390272154
0,0.20848395570809466
1,0.20229698354685904
0,0.24981901564595996
0,0.2545376176652459
0,1.3854200861249726e-06
0,4.7223906472237155e-05
0,0.2063635385461793
0,7.067970704828666e-06
0,0.18688374677652067
0,5.50249157916415e-05
0,2.1195960854783657e-05
0,0.2115697466436408
0,3.283896177544891e-05
0,9.826565817386156e-07
0,7.394326848718753e-05
0,0.00021388273695907383
0,9.628814457974394e-05
0,4.8358652179329815e-06
0,2.1540271702635746e-05
0,0.00014456340731709686
0,2.5442140239977977e-05
0,5.0124697681505453e-05
0,0.28840865349850386
0,0.00030121967963718017
0,4.793960399356525e-05
0,0.001282922357659721
0,0.0001677705151417087
0,3.799584559713621e-05
0,2.3780873917259134e-06
0,0.20706894006553675
0,0.21747687132232524
0,0.2108757035003828
0,0.00026108980211593064
0,0.2887255021413187
0,0.23730788926011295
1,0.20900042221105333
0,0.00024472574166351917
0,3.156229374829002e-07
1,0.2039223712307948
0,2.640761634804553e-05
0,0.2783051644028228
0,3.695141426438659e-07
0,0.28027202328253575
0,0.21730913689506778
0,0.0001378747090030553
0,3.498673850557937e-05
1,0.6567436554196175
1,0.2783038086539879
0,0.0001928657239999949
0,0.00021829706171811461
0,0.20826656268886332
0,0.21796098838868777
1,0.22424191514887484
0,1.766559696746846e-05
0,7.795296721989072e-05
0,0.00015269385576204792
0,1.9890851246733968e-05
0,0.2772349889511545
0,4.7364945997740736e-05
0,0.21559658549983013
0,0.02327211769528654
1,0.2735949908246534
0,2.186462155574462e-05
0,0.629062982633139
0,2.8935958438035503e-05
0,0.2892529216413288
0,0.2431907912121615
0,0.00017401201202642415
0,0.21418152627170461
0,3.193372862139226e-05
0,0.0002153324252152774
0,1.5547901349432546e-05
0,8.307188599018659e-05
0,0.28719574333045955
0,3.57887769946171e-05
0,0.00011818622219601759
0,1.4175015986393096e-05
0,9.993925528296866e-06
0,1.3026352140406309e-05
0,3.76454033903651e-05
0,4.328923463854733e-05
0,1.2785126933099855e-05
0,0.08861944045764504
1,0.2888327456458071
0,9.302954463356895e-05
0,0.2863643979676682
0,2.215986956547652e-05
0,0.28653605937879995
0,0.21416375986484362
0,8.118247539436081e-05
0,4.324515113754976e-05
0,8.003003564413702e-05
0,6.647562581114913e-05
0,4.947563618270316e-06
0,4.176663676926015e-05
0,0.13710640093968635
0,0.00013672093874816875
0,3.7672616080189507e-06
1,0.28431150312715975
0,1.7443508496320248e-05
0,2.8344225898658103e-07
0,0.0012829223568384944
0,0.21144015805409122
1,0.23549246153597556
0,0.287590731421522
0,0.00015269385575966246
0,4.722390646439363e-05
0,3.2741187041868124e-07
0,0.28798957973199235
1,0.26983783455774213
0,4.054075414345182e-05
0,0.27643966879373966
0,0.2722085401552249
0,0.281362030263787
0,0.2596555142952547
0,0.12646589421963977
0,0.2053469738292033
0,6.4706099510922204e-06
0,0.00031056171458971287
0,9.997178362033967e-05
0,0.27502049192882044
0,0.2065230939418578
0,0.00015269385576204792
0,0.24511213764068643
0,0.2052306405339545
0,0.285344498757149
0,1.7102309246726778e-05
0,2.947000984841922e-06
0,7.44445235663687e-05
0,0.21772485392706373
0,4.3886816330681736e-05
0,0.00012078036073603737
0,0.21740881437633805
0,1.47292191559623e-06
1,0.20700498981167648
0,0.20713840096885314
0,0.25399015943629977
0,6.37817333280827e-05
1,0.2853932654712396
0,2.9616499465911652e-05
1,0.28908275246987636
0,0.21887159283295027
0,0.27049319429432733
0,3.485389409546025e-07
0,0.23102933610788945
0,9.288659213997346e-06
0,0.21773897687757116
0,5.146415083166557e-07
0,8.140093824193075e-05
0,8.483893426290276e-05
0,0.00015948053835851964
1,0.23925408124832376
0,0.26137441935902733
0,0.2868601432385609
0,0.2183195672456975
0,0.24781564978443635
0,0.2348004570756927
0,3.173353324539194e-05
0,0.2618450360242669
0,4.265558503594483e-06
0,0.2247034398914637
0,1.7443508496320248e-05
0,0.18604064646972243
0,0.001282922359285125
0,1.2673382664404804e-05
0,8.4838934263141e-05
0,5.571400757606745e-06
0,0.0012829223583499115
0,3.724385993838961e-05
0,0.2472417084251969
0,0.18773630513044856
0,0.00018449379644321773
0,0.2313374303362538
0,2.6044105533884664e-05
0,3.351051674806984e-05
0,0.28862455934811465
1,0.28892559676885465
0,0.00010897069092355807
0,0.0001844937964365402
0,0.21667873715405278
1,0.2243260927184103
0,0.24814815080888347
0,1.7270294102421272e-05
0,0.2844507046293625
0,2.3521740981643743e-06
0,8.471133786245031e-07
0,4.7208336180310734e-05
0,0.2414284155513869
0,0.21721633990195652
0,1.2921894086826865e-06
0,3.2128335988412885e-06
0,0.2674408343863546
0,1.8906198400868957e-05
0,0.36864080229063423
0,5.774653861574781e-07
0,0.21070671831928303
0,0.0012829223647219743
0,6.378173332704936e-05
0,0.00020080514793374574
0,1.6628330453187753e-05
0,1.7759743881524988e-06
0,1.1755917111143183e-05
0,0.20232923496239302
0,7.827239687107548e-05
0,0.0002461727388888182
0,0.0012829223582477825
0,0.27073228663864657
0,0.21855237497806013
0,0.00025568130219052245
0,0.22484659985998706
0,0.22087601374487587
0,0.22329010286842085
0,0.1361936587558151
0,0.00011964517172317039
0,0.0011348769653267592
0,0.00010250889556851887
1,0.23299072975928595
1,0.2865178228695134
0,0.21145028004813643
0,2.7213831973342245e-05
0,0.00010827439577053859
1,0.23992262260320404
1,0.2206652741130203
0,0.2248108885242851
0,0.0004160145456654011
0,0.21655719128516587
0,6.165984373693307e-06
0,0.19282845718250557
0,0.00011121499781218822
0,0.21768082951417092
0,5.577419681566331e-05
0,0.0001762405219828021
0,0.11961148002806156
1,0.2179802592534914
0,3.2457973340034505e-05
0,6.4706099510922204e-06
0,0.0002153685767160082
0,7.155090048022603e-06
0,0.6567436554100067
0,1.0819236261033458e-05
0,0.2875053881544795
0,0.2843115028523179
0,0.22677274721006663
0,3.721248428620702e-05
0,0.0012829223616550168
0,9.61228002253972e-06
1,0.20996753914492935
0,0.238669183543573
0,0.2859640578054474
0,8.972160421350231e-05
0,0.23371905966942705
0,0.0003877688139904764
0,8.126970704395628e-05
1,0.25568784719975346
0,2.0945871935390605e-06
0,7.451990021360369e-07
0,0.18869788252679767
0,0.20698321409515666
0,5.3967061272344817e-05
0,0.0002603614147079554
0,0.0001025088955725762
0,0.0002603614147079906
0,2.0532163904711925e-05
0,3.561434451095112e-05
0,0.2881735109295532
0,7.033868535634328e-05
0,0.2025122207094459
0,6.55439033881213e-06
0,0.09995181959558644
0,2.7713988560991594e-05
0,0.00010383091302887546
0,0.21894432030684757
0,0.12628312635035058
0,8.469533488429644e-05
0,7.050632519517178e-06
0,0.22500709335998348
1,0.28015932491086737
0,0.00128292235895394
0,0.2772349885623733
0,0.23707173979376553
0,3.162078409173331e-05
0,0.2022820876957573
0,0.0001069952573133703
0,1.4695156973042978e-05
0,8.235691981457835e-05
0,0.21769816108166484
0,6.675944928439307e-05
0,1.5009145516590099e-05
0,0.20737303455175513
1,0.2361630835051959
0,0.2862970889614135
0,3.139864519001576e-05
0,0.2148651659708571
0,3.425177814462741e-05
0,0.2709662625254361
0,0.0001823319910102078
0,0.28873715273219713
0,0.27182114134053875
0,2.3444941899221637e-05
0,0.25589355488995646
0,4.889399765273415e-06
0,0.22170822798662237
1,0.27713695511157505
1,0.23976975250576055
0,0.20890984022804832
0,0.23508379307411847
0,0.2895907939308941
0,0.204324492176665
0,1.8120426402518728e-05
1,0.21570716850424732
0,3.107447384581529e-05
0,0.2708201086468208
0,7.769883670457579e-07
0,0.23267586436684
0,0.20686467433419356
0,0.22588521492768504
1,0.2436114029558009
0,0.2843115030841912
0,0.2153783911761039
0,8.016580005014031e-06
0,6.585978985990836e-05
0,0.22002652732830186
0,3.361234909112768e-05
0,2.0747170067883248e-05
1,0.2873623222915142
0,0.2385112388700562
0,0.24539517599004404
0,2.778380547682768e-05
1,0.23663376756233634
0,0.2888209807106962
0,0.21175441067335055
0,0.256858529582758
0,0.20253285108786612
0,2.801860428288261e-06
0,0.001282922356617096
0,0.2820388594103909
0,0.20516427590484948
0,0.00016633446382579428
0,4.535910972816956e-06
0,0.20242450531919606
0,0.0001445634073115411
0,0.28332927644258143
0,0.17012928686240522
0,0.0012829223583499115
0,1.2991740852729765e-05
0,0.00011035719045989836
0,0.0001580709935835082
0,0.24553651091898654
0,3.960825808792278e-05
0,4.722390646269551e-05
0,1.5225067696765635e-06
0,5.120490865637095e-05
0,4.976542491683976e-07
0,0.00020183776696608728
0,1.4871622650318536e-05
1,0.26104579972800146
0,0.27600941492232206
0,3.577035286166608e-05
1,0.22519454092678254
0,5.6954166556307026e-05
0,4.460546732426393e-06
0,3.425177814061748e-05
0,0.28515184146145106
0,0.21799222517602618
0,0.7938565848207224
0,0.23021330738571683
1,0.22530765908840372
0,1.8522538981097796e-06
0,4.470186875981482e-06
0,0.2858499051273632
0,0.12669141411732687
0,0.24193955463227507
0,1.8446137103483934e-06
0,1.8465177668133506e-06
0,0.23689994155949506
0,1.8808309428238193e-05
0,3.324463209223789e-07
0,0.2387851197198987
0,4.7223906462913104e-05
0,3.524986066416426e-05
0,0.00016033950001393643
0,0.0004680469987645915
0,0.28792781506352255
0,0.001282922356070714
0,0.00010868408002413167
0,3.5289085942011456e-06
0,0.21959311367603446
1,0.2853444987685954
0,1.3311521207483356e-06
0,0.0001308247751375106
0,0.115407277939119
0,1.957883709367436e-05
0,0.2054703083216448
0,5.74701811285053e-06
1,0.20256971506551819
1,0.27803806527254515
0,4.95420128272351e-05
1,0.23306380389564488
0,0.00018580733643452986
0,0.2872225991734409
0,0.20502887215231302
0,0.23050665241893314
0,0.23011659971436277
0,8.25296973449155e-05
0,0.2875889264945103
0,4.617574101796154e-06
0,1.2859243106396455e-06
0,5.4996700750724984e-05
1,0.2850747568287849
0,0.27910814090216246
0,3.1841603759897176e-05
1,0.28485434329497644
0,0.00011964517172079818
0,4.4736117448656994e-05
0,9.020387098723681e-06
0,0.00011208590468700037
0,0.0012829223610349568
0,7.10248138294856e-05
0,2.1552687968551067e-06
0,0.23662201912125416
0,0.26490265529118223
0,3.9164926807708595e-05
0,0.28820796840774143
0,0.233257325305315
0,0.001282922355349041
0,6.647562581442185e-05
0,3.0770047950706426e-05
0,0.2051868860585954
0,0.11511821481228597
0,0.00022291489765545374
0,0.00011479685677201728
0,0.202460759975062
0,2.551767453993059e-05
0,1.436813166790772e-06
0,0.0001025088955725762
0,5.212072230678604e-05
0,1.5787054094082054e-05
0,0.27694968007494053
0,0.0002117476245676127
0,0.00011964517172347025
0,4.722390646521258e-05
0,1.7443508496320248e-05
1,0.2878045071013554
0,0.2250549863065196
0,0.2394327676268927
0,2.066327661318083e-06
0,9.923632633794546e-06
0,0.20634389220191057
0,0.0002153324252128314
0,2.4136375595187778e-05
0,0.2895600991917728
0,0.0012829223616550168
0,0.2527566520592993
0,0.28504359506593874
0,2.651885102078057e-05
0,0.28830301971475253
0,3.5149923225193783e-06
0,4.676680967896277e-05
0,0.0002603614147081136
0,8.056818868533425e-06
0,2.429397956255938e-05
0,0.00017701812233176245
0,0.0010239640928111718
0,1.7313945620277003e-05
0,3.7455344180952225e-05
0,0.20233491845522988
0,0.22241834738243216
0,2.2611334090935432e-05
0,0.23623877949737904
0,0.000449182437526704
0,6.378173332704936e-05
0,9.480139554969169e-05
1,0.23236483449964704
0,0.0011387124699215585
0,0.2137390617756179
1,0.21683167812182141
0,3.118905777174775e-05
0,0.2763635124168708
0,0.28785197890768927
0,3.729724904514336e-05
1,0.2896097939338238
0,4.7223906464459556e-05
0,0.28543014130009886
0,0.28761284265996256
1,0.3576758909727553
0,0.28477522746716105
0,0.2243274302787614
0,8.994976771308073e-05
0,0.28278815980476213
0,8.924761247707659e-05
0,0.00012039733471635509
0,2.4566562364594828e-05
0,0.26095815641154724
0,0.2737509347587593
0,1.5693582424320236e-05
0,1.7324682327722696e-05
0,0.2601522042436913
1,0.2818838600298564
0,6.4706099510922204e-06
0,3.1110176794632555e-05
0,2.0521278002258682e-07
0,0.21805918673974323
0,7.632667063726624e-07
0,3.527448998503945e-05
1,0.19471844083749287
0,1.160666902647059e-05
0,0.2770128386842754
0,0.2686712563839044
0,0.00013399156366266634
0,0.28133132784913994
0,0.001282922358933957
0,0.00014365050456426542
0,0.2874195427313631
0,0.20181330629790428
0,0.00021535068189458946
0,0.23255728508468507
0,0.2505536226317325
0,3.580918948133641e-06
0,7.706631161229534e-05
0,3.284307691682777e-05
0,0.0007199915166280553
0,9.33954023918857e-05
0,0.20617651061806624
0,0.00011932018946718012
0,6.094025109942691e-05
0,0.267099546604923
0,3.8994959938475476e-05
0,0.2589587616898718
0,1.398904740946958e-05
0,1.7443508496320248e-05
0,0.0004237965193459554
0,2.9256406696396567e-05
0,0.2073911184142535
0,0.20442457888946977
0,5.608034610871583e-07
0,0.0003325072125250543
1,0.2853534026396376
0,5.215162650153626e-05
1,0.2882413258444765
1,0.22469480990666504
0,0.28239489694058
0,0.00014456340731506075
0,0.20999737166743213
0,0.2848543425941361
0,0.24855157135237388
0,5.963370239919187e-05
0,0.2775428375094059
0,0.2412815848017849
1,0.27283716369610306
0,0.0012829223562092738
0,0.2846460483399859
0,0.00010609533776985823
0,7.480967201663386e-06
0,0.20226495008797937
0,0.10382821537174607
0,0.21992233818043716
0,3.219061021493099e-06
0,0.20226885669074826
0,0.21710835205307674
0,0.22825260497626168
1,0.24792222664737606
0,0.27342086075430333
0,0.28891330685559585
0,0.2049633700934822
0,0.0012829223559778712
0,1.2260940112801372e-05
0,0.00010250889556953883
1,0.26906785542659667
0,0.2295247352740656
0,0.22691953958839298
0,0.28442305757800246
0,0.11499218082805472
0,5.229341751350855e-05
0,0.00011327485830663521
0,0.1906067098011811
1,0.22718285437069274
0,4.722390646507518e-05
0,1.2926526896778625e-05
0,2.1199860951814335e-05
0,2.5950700409599332e-06
0,0.00011035719046441643
0,5.063783730243536e-06
0,2.186462155574462e-05
1,0.21014492039823932
0,0.2865259348326758
0,9.816484597563028e-06
0,0.0002765996443242956
0,0.23002134050047715
0,3.844258311095379e-05
0,0.2023321117577972
0,0.202798156917696
0,0.21774279512052236
0,0.22779962705941909
0,2.287969861070954e-05
0,0.23152393058062348
0,7.278149681645464e-05
0,2.154866507636342e-05
0,0.00023545090481721684
1,0.21770380839844267
0,7.650264546689276e-05
0,0.21729888549022416
0,0.2895575274656023
0,1.0924372012388732e-07
0,2.053556556369728e-05
0,0.20682749560334798
0,0.20230254569666728
0,3.334567955852089e-05
0,0.2853212259959639
0,0.2703093770037418
1,0.2323781802539412
0,7.832487523084985e-05
0,0.2171741428548726
0,2.5079715985261727e-06
0,2.7811515367721272e-05
0,1.554305518871721e-05
0,1.683078219117364e-06
0,1.3754559870445968e-05
0,3.0572505647532827e-06
0,0.255671566526079
1,0.2333396431532018
0,0.2776532405123275
0,4.791655893655202e-05
0,0.21676121450131344
0,0.00011320557551337819
0,0.23921335417071282
0,2.1755103379058302e-05
0,0.22516109556357172
0,3.526276756743108e-05
1,0.286140410110918
0,0.2642272293232197
0,1.26918629855572e-05
0,1.8933618233185728e-05
0,1.0025183840285058e-05
1,0.21288363522862053
0,0.2022737839904558
0,0.2137826829188865
0,0.23019938445694654
0,6.86651996894015e-05
1,0.28625270448896084
0,8.140093824193075e-05
0,0.2259392394336446
0,0.24573289106802607
0,1.1601685438823348e-05
0,0.00018449379644881262
0,0.20422926653294324
0,0.00011226375954883764
0,0.21878339858828638
0,3.2327862098223284e-06
0,1.0361277922369212e-05
0,0.21516135798616937
1,0.2804345541682913
1,0.2255062950052002
0,8.842212384611514e-05
0,0.28723464309057545
0,3.734483387291815e-05
0,0.00015714627396177364
0,5.593999021587761e-05
0,0.20530164302258677
0,1.4767007837182603e-05
0,8.162068636563523e-05
0,8.842212384549571e-05
0,0.00018449379643425276
0,5.616948061982495e-06
0,0.00018449379644321773
0,0.2886220382123421
0,0.2870860433253125
0,4.8487688223703225e-05
0,0.21780271246830996
1,0.2850699148409005
0,0.2859732809269189
0,0.2203778600346192
0,0.24731644249324364
0,0.00022067203348363025
0,2.2260041871240187e-06
0,0.20776857797725862
0,4.569603610928909e-05
0,0.2190848204117973
0,4.476998299199505e-06
1,0.21774651767160508
0,3.1270786432540384e-05
0,0.19098168525935913
0,1.435767052802575e-07
0,1.9684336006421823e-05
0,0.2883728466564435
0,3.054074344191222e-05
0,8.343035898603219e-06
1,0.25913949578808493
0,2.8811202958156435e-05
0,0.27936381198612864
0,0.281140052318132
0,0.00021533242521135296
0,0.0001461566652508957
0,0.0002943525863162391
0,1.851685519805663e-05
1,0.28238237837845465
0,3.925553767773496e-05
0,0.22556642606212826
0,0.2080245560524625
0,1.7272647311220539e-06
0,1.7443508496320248e-05
0,1.7443508496320248e-05
0,6.378173332576543e-05
0,3.789778474819398e-05
0,0.0006562702710663072
0,0.00026753723219245454
0,8.415077830551773e-05
0,0.00010594742893659267
0,5.6107687012366975e-05
0,2.7213831970644136e-05
0,1.645432025641213e-05
0,7.156533714298182e-05
0,6.432174807440652e-07
0,2.648648731879761e-05
0,0.0002831675120623987
0,0.0012829223601639153
0,0.00015807099356834848
0,3.721248428249906e-05
0,0.22999784358215572
0,0.2714789553727598
0,0.013314879078515238
0,1.2470360471093019e-05
0,1.7443508496320248e-05
0,6.258216347027044e-08
0,0.28796507186785525
0,0.0012829223575168212
0,4.722390646482244e-05
1,0.5952881876134692
0,2.5881754447790652e-06
0,4.253968478070949e-05
0,4.722577565531058e-05
0,4.122822234082586e-06
0,2.194049974633987e-06
0,3.1377954393679885e-05
0,0.2864134601446067
0,0.0012829223597576633
0,1.3512434752287471e-05
1,0.24089057129653618
0,1.967877619643066e-06
0,0.0027059878906758156
0,0.00010222151583952955
0,3.733717655874917e-05
0,2.5831211873908646e-05
1,0.23389501374262514
1,0.2867321658878555
0,0.21713873545585277
0,0.0006975657047348857
0,3.911370209797693e-06
0,2.4505277192079487e-05
0,0.20987890871528955
1,0.2244193113711583
0,0.2405803676552977
1,0.2527017973892151
0,1.6766666594510864e-05
0,0.2875500478415527
0,0.2805085709555361
1,0.24941778211506285
0,6.015764536650357e-05
0,0.21756724706453467
0,3.3910701030343996e-05
1,0.17024238697713956
0,0.21741829584729686
0,2.892585363335246e-06
0,8.680561730322754e-05
0,0.21321547481418138
0,0.2826415576861664
1,0.23395153565878785
0,1.6218789664739014e-05
0,0.26162181551117347
0,0.26375651870616396
0,9.50862655052008e-06
0,0.21620384341357737
0,0.00032790447976381864
0,0.2189922235905837
0,8.557630087144367e-06
1,0.28707682366668147
0,0.2450934679788544
0,0.28402561137854154
0,0.2379592517292651
0,9.128445091171979e-06
1,0.2891277010826497
1,0.9612746711819838
0,0.23411374767038606
0,7.97969833107289e-06
0,0.22697263443351967
1,0.21724280208594912
0,0.22787396767606127
0,0.21675159371379188
0,0.0003751538030037665
0,9.773656339787879e-06
0,1.7948838474311583e-05
0,0.12679010356097323
0,0.2772349892567631
0,6.378173332919522e-05
0,3.4251778142056075e-05
1,0.2026300968245186
0,0.20279886057866245
0,2.119236034844583e-05
0,0.00010250889557191708
0,1.2246881259640956e-05
0,0.0012829223584268552
0,0.0012829223582400304
0,0.2299264532482664
0,0.00018403353401463593
0,1.219277446050919e-06
0,3.6830246664517274e-05
0,0.2667033014821641
0,1.1857144514622597e-06
0,7.382572380463327e-06
0,0.21870528844261797
0,3.721874867204654e-05
0,0.0012829223578833555
0,0.20229021393872704
0,2.7980500480484743e-05
1,0.21126084803643524
0,0.00013082477513999338
0,0.00014044675994748031
1,0.2872085497134043
0,3.802044781593662e-05
0,0.23389577866639363
0,0.2879641821416283
0,0.00017105181218610106
0,2.640761634804553e-05
0,7.031001175668884e-05
0,1.0950455472480096e-05
0,2.118951733189394e-05
0,6.647562581406302e-05
0,1.4480224032984598e-05
0,0.21525643748443862
0,0.2747090436056288
1,0.2783038100523717
0,3.0354322554098784e-06
0,4.0528819382231115e-05
0,2.172149504606319e-06
0,4.509355664947121e-06
1,0.2839083287777851
0,5.381497381211374e-05
0,0.00011964517172071296
0,6.378173332711066e-05
1,0.2751084160946432
1,0.24119465013156746
0,0.00014156844649754527
0,1.37538032511349e-05
0,2.5553213756613112e-05
0,7.061200911566408e-06
0,0.2032764486023389
1,0.2862369783811447
0,7.480967206117806e-06
0,0.0012829223647219743
0,2.640761634804553e-05
0,0.2831578794827955
0,0.20536913678050947
0,0.23129135385441463
0,0.21550225332285228
0,0.28291465510767766
0,5.502491578149986e-05
0,0.2630054459077605
0,6.334313526236463e-05
0,1.4220173694679028e-06
0,0.20227735624115903
0,9.241842451199442e-06
0,7.686968645506067e-06
0,2.640761634804553e-05
0,0.2046768989658778
0,1.2246881260804608e-05
0,9.097249238088121e-05
1,0.20523126749741888
0,0.00028059857901678787
0,1.8214292367587773e-05
0,0.24112367944181617
0,0.28609638372863144
0,0.28954959310733847
0,8.3891503370555e-05
0,0.0003325072125193812
0,3.074247744499135e-05
0,4.874364422817332e-06
0,3.638455945985036e-06
0,2.6407616342230565e-05
0,0.2348004570806238
0,2.0038902899210257e-06
0,2.6311238892858756e-06
0,3.7263449432992584e-05
0,0.26024454070229563
0,0.2892048878844257
0,9.842994234772168e-07
0,1.4319043739876884e-06
0,1.194164190895509e-05
0,1.7503699867526364e-05
0,2.7507581444372653e-05
0,0.22246339400423393
0,2.186462155574462e-05
0,0.00024472574166351917
0,0.23025434933382535
0,5.01016063028745e-05
0,1.0816397436178125e-06
0,0.20324861335901515
0,0.00032343874380658637
0,9.989392963272714e-07
1,0.2787996148308593
0,5.256734586849134e-05
0,5.6543845503539e-07
0,0.27927285404098473
0,0.00031168446682266245
0,0.2610844448065753
0,0.20448158977595457
0,0.2879327745289089
0,0.2176316077515848
0,2.2663655587996623e-05
0,2.6044105533884664e-05
0,5.674502110826704e-05
0,1.7341544576058373e-05
0,0.0002876842579067041
0,4.173369299066688e-05
0,4.722390647335195e-05
0,0.00011964517172002637
0,0.00014965427303514532
0,0.22695428051294997
0,2.2663655602770524e-05
0,8.759864512346367e-07
0,0.21121875817538968
0,5.852874588652354e-06
0,0.0001844937964365402
0,0.2857028525079164
0,0.2877480437409004
0,1.5225874255765988e-05
0,1.4032101842993322e-05
0,5.324466697993111e-05
1,0.21277617635775178
0,5.380392281851116e-06
0,2.3961233011440227e-05
0,0.2346625168777613
0,0.00013082477513830227
0,6.017904972420283e-06
0,0.20231480319622622
0,0.20228808820832334
0,5.8923832485202116e-05
0,0.21058274118305234
1,0.2596551622981915
0,4.431484968825418e-06
0,7.747707572743951e-05
0,3.300146415604189e-05
0,0.20942830934864923
0,1.186521261312599e-05
0,0.28889998252074384
0,1.9853164649284352e-06
0,0.25305125011961144
0,7.979698330480488e-06
0,2.320542144426727e-05
0,1.3254839984450074e-05
0,0.289559037425713
0,2.361493246033227e-06
0,0.0001526938557599665
0,0.28579277030089767
0,2.4062233967824923e-05
0,0.21439505940565462
0,1.4949943398305512e-06
0,0.24194690643866593
0,3.1185602872600685e-05
0,0.0003877688139742304
0,1.0435920388396752e-05
0,3.5413530982403164e-06
0,0.21771109567021793
0,0.2857423770702893
0,6.131559101149379e-05
0,1.1306138080108157e-05
0,3.0770047946601034e-05
0,1.4294276572811545e-06
0,1.8587615411833899e-06
0,0.28722662785696745
0,0.286851523808223
0,0.00010250889557338204
0,6.486095552429367e-05
0,0.23729956978907293
0,6.44729960996387e-05
1,0.28280841802116535
1,0.23092508837811193
0,0.2518649913875436
0,0.23298780634060626
1,0.20952474497314186
0,0.21869264414531142
0,0.2173351463029695
0,1.2110641399308876e-07
0,2.186462155574462e-05
0,3.1281441300025207e-07
0,8.782676059165672e-05
0,0.27175352014803994
0,3.9570392666749406e-05
0,2.134575795949344e-06
0,0.22788014365627524
0,0.26886665297263673
0,0.28366181007893
0,9.378059871535857e-05
0,0.00011479685677822633
0,3.436229631094404e-05
0,1.7298653264187813e-05
0,2.2663655602770524e-05
1,0.28658000589957794
0,1.1914125897472723e-06
0,2.6044105533884664e-05
0,0.00027856332848019265
1,0.24309953898003334
0,0.21333232493095047
0,3.115475011097967e-05
0,9.748161247161559e-06
0,2.8047024385467786e-06
0,0.0012829223583499115
0,0.2865056249270012
1,0.28696137382177894
1,0.23287848724804083
0,0.22604917073472208
0,3.831007657752646e-05
1,0.2889908015180366
0,9.849392552116045e-06
1,0.2059963399407952
0,0.0012829223601639153
0,5.070559557329368e-05
0,2.0500008131419525e-05
0,2.0570044452292966e-05
0,8.483893425887915e-05
0,7.838395050630206e-06
0,0.2172902846137107
0,5.584464151434171e-07
0,0.28542433823194996
0,2.1268605964477334e-05
0,0.21757992859133854
0,4.85076640265239e-06
0,0.00021437906066612658
0,1.4875965205351087e-06
0,0.27600941485673797
1,0.6567436553810398
0,0.16982160579146718
0,5.731823941040514e-06
0,0.00010931331363158036
0,9.12666331368052e-06
0,5.404543662312703e-06
0,0.23537262273266463
0,0.20614685603025945
0,0.28680066670535415
0,0.2796959401990433
0,3.778359435019227e-05
0,0.0012829223597576633
0,0.23265151471614984
0,2.6134324950782113e-06
0,3.043556586985455e-06
0,0.0006040972298056337
1,0.2874605325983213
0,0.21762755904534417
0,2.84064896801249e-05
0,0.21754103223355725
0,4.013864694742891e-05
1,0.27984227244333987
0,0.25421641669942
0,0.2127170772053401
0,3.721248427799645e-05
0,0.2826658456055128
0,0.23000609486842044
0,0.00019560682302812742
0,4.473357004595386e-06
0,0.25294775239799416
0,0.2858904462333219
0,2.84064896801249e-05
0,0.20230254569666728
0,7.835326902540013e-06
0,0.00010250889557626881
0,5.746208800061837e-05
0,9.64196333143535e-06
0,1.7443508496320248e-05
0,0.20804758232035545
0,0.31195578551457637
0,1.1978792852130228e-06
0,6.073439460727672e-07
0,0.2093218533870986
0,0.23730725530991878
0,4.029430355394179e-05
0,0.00018449379643833188
0,2.5217464791396474e-05
0,2.2483948899604946e-06
0,0.00010250889557590451
0,1.7443508496320248e-05
0,0.11671154756949699
0,8.022618077830034e-05
0,2.640761634033829e-05
0,0.08206497014976143
0,0.00023545090483782937
1,0.221617184840981
0,1.4162449497527139e-05
0,0.10827124362102954
0,4.052881938247387e-05
0,0.24688149144907995
0,0.2078009677141072
0,0.0002762075676744111
0,0.2871851256881883
0,0.23755547582203734
0,1.6004930077401026e-06
0,2.663910280535008e-05
0,4.883530397831478e-06
0,6.616578097896492e-05
0,0.28761854914586915
0,2.5095932418518463e-05
0,0.300011880171772
0,0.0004232975001210097
0,0.00033250721251899443
0,0.28652568491976926
0,5.045573114201849e-05
0,0.0012829223579881475
1,0.2889331242469569
0,3.80191348148766e-05
0,4.359652318072824e-05
1,0.27754988243816436
0,0.2004547600426731
0,0.00013082477514232352
0,0.20970200688637833
0,0.0012829223647219743
0,0.00015807099356726677
0,0.28623008303055936
0,4.811847956264747e-06
0,8.216001827619286e-07
0,0.00014406735428904073
1,0.2848543429609744
0,1.685386470228676e-05
0,0.28603479927008735
1,0.280159324811688
0,2.3690282799908134e-05
0,0.2865208665379609
0,0.2413097743105053
0,1.822338210382229e-05
0,0.21774959039543884
0,1.33781771819832e-05
0,0.2820787502690016
0,0.28432557426809396
0,0.23275042937763857
0,0.2834211808022637
0,1.63476665573238e-05
0,0.28806556895875135
0,0.25850663614082536
0,0.2256992862267041
0,4.0528819382032347e-05
0,0.20359982951060432
0,0.00018403353401463593
0,0.25929477979811555
0,0.0003944314186939148
0,2.8054071485791586e-05
0,3.6967458116144656e-05
0,0.2127096834906927
0,2.620949553970175e-05
0,6.935671133481092e-07
0,0.21046200445932015
0,0.2522471355911469
0,6.711993353758585e-05
0,0.25952898317227896
0,1.373955780553742e-05
0,5.754028157457337e-05
0,2.7980500481064716e-05
0,5.3250964912542764e-05
0,0.24329696123928257
0,2.640761634804553e-05
0,0.3561772770667411
0,0.21526881268656986
0,0.2839083286004011
0,0.2402993404173669
0,0.28323055454015195
0,4.427545921685282e-05
0,0.2886965045773685
0,0.00011533490530125047
0,0.1317979096310774
0,0.25218456429540803
0,6.3781733326188e-05
0,1.994667346687303e-05
0,0.20688936244391654
0,5.1666253455643785e-05
0,6.493721255033468e-05
0,2.9774505708849417e-05
0,0.2854757486306864
0,1.673076085853724e-05
0,0.2784383539482061
0,2.8580898239249274e-05
0,0.21789990233011597
0,0.00023945059404063587
0,0.0012829223587693312
1,0.22830281500409463
1,0.22821622429837637
1,0.2695992669414309
0,6.577912093760967e-05
0,0.1157700309393868
0,4.634820537829431e-05
0,4.256263069175775e-06
0,7.525670117023208e-05
1,0.2793760495010481
0,0.2186139426455886
0,1.0826369063237903e-06
0,0.00011964517172319398
0,2.8524045826879912e-05
0,0.27918041400069243
0,0.2671533868672274
0,1.3076995594734145e-05
0,0.00013082477513947616
0,0.2856137125855147
0,0.0012829223583499115
0,0.20713291562247296
0,2.186462155574462e-05
0,3.2568622485274234e-05
0,0.00010250889557341354
0,3.9008729563869464e-05
0,4.0249164520630043e-05
0,4.0528819380747384e-05
0,0.00017701812233176245
1,0.2079344742602846
0,0.00011964517172198568
0,6.64756258135592e-05
0,0.27987213195013266
0,1.1194134346483037e-07
0,0.2174608780039938
1,0.20391210864702983
0,0.0012829223552943475
0,0.2886821316840331
0,3.813272133101603e-05
0,1.7480288418277642e-05
0,1.0584565854883436e-05
0,2.7940521717775152e-05
1,0.21433799321676916
0,0.2864495623821483
1,0.2894440121648688
0,1.7443508496320248e-05
0,2.1529011628700924e-07
0,4.187406084856572e-06
1,0.23808471023200087
0,7.599155093204849e-06
0,1.587219346562467e-06
0,1.9352618291856707e-06
1,0.23197826716112765
0,3.2103130495940635e-07
0,0.0003877688139712907
0,0.2862690007500853
0,5.276226206025594e-05
0,0.21719376314120212
0,0.27756227983979287
1,0.21205573908829561
0,0.2871885052662978
0,9.473826996749077e-06
0,0.28653991546475505
0,0.00012627159341548622
0,1.5215258348610824e-05
0,0.28557869852947404
0,6.647562581658916e-05
0,0.0012829223570433221
0,1.0229789616795324e-05
0,0.20054235264425
0,0.21308691055517034
0,0.27330975660683504
0,2.7690536260044116e-05
0,0.0002497071564780266
0,2.9786514842032646e-05
0,3.1763076678920145e-05
1,0.2608174637928048
0,2.2482581092815454e-07
0,0.00023110448909443112
0,2.5291838894940398e-06
0,0.0001844937964365402
0,0.28831892317635405
0,8.032124793831494e-05
0,0.11873393549226202
0,3.235534166691053e-05
0,6.333348945617092e-05
1,0.11464049182973543
0,0.0005630076891472237
1,0.2174269544092107
0,3.56143445169151e-05
0,0.25404430771999065
0,0.2063679353748556
0,8.032124793679225e-05
0,3.756144414349768e-06
0,0.20502608477568574
0,7.167584692332956e-05
0,7.444452356934796e-05
1,0.23777768209664768
0,0.0001308247751354298
0,3.797946350666906e-05
0,0.0004391527015401046
0,8.378903240454517e-07
0,0.2754931840035984
0,1.1789768115416891e-06
0,1.36326839790316e-05
0,7.074058783407589e-06
0,0.0001844937964365402
0,9.495697087577496e-07
0,0.403160452517998
0,0.28928290631683884
0,0.1326856354896196
0,5.274264599235743e-05
0,0.2609893042372105
0,0.00011133278398345332
1,0.3528755301667488
0,0.2879022541065608
0,4.3788442598111144e-05
0,2.6639868515563042e-06
0,0.2853008965621403
0,5.038893474260733e-05
0,4.8975405493823026e-05
0,3.193088170442571e-05
0,0.24543685252311967
0,1.9170482658283056e-05
0,0.2623136801424629
0,2.4807791143521448e-05
0,2.0898428058721863e-05
0,0.11819250739663015
0,4.569603610093943e-05
0,0.43406781987119103
0,0.00036357911508661623
0,1.0047749586573995e-05
0,0.23231745002610882
0,0.2051833809172071
0,2.1900955712460953e-05
0,0.0001478623278456343
0,0.20226044871304966
0,7.871584219618313e-06
0,0.2873781604065715
0,7.268744677744999e-05
0,5.442718107876166e-05
0,0.00011448877971654649
0,8.112255665233874e-05
0,0.0002935303924760686
0,6.94304902559442e-05
0,0.2046135541540718
0,2.681874292430428e-06
0,5.835520680548939e-07
0,0.0012829223572683758
0,1.4032101842993322e-05
1,0.21795045650437322
0,0.00016189171602387618
0,0.21409004902030307
0,0.2858880384382872
0,0.0002387381678415468
0,0.001282922360121403
0,1.2073250545420044e-05
0,0.656743655394924
0,0.0003892793607549123
0,0.00010250889557299933
0,0.2706381630264128
0,7.554400068995384e-05
0,4.119407589715742e-06
0,0.00011964517172211444
0,0.00013082477513784706
0,0.0001844937964365402
0,2.252382867161936e-05
0,7.191228386734268e-07
0,6.4706099510922204e-06
0,0.2699971971765917
0,5.202020376282875e-05
0,3.3698401094553446e-05
0,0.28882673157707056
0,0.001282922356903563
0,6.4706099510922204e-06
0,6.661686130512537e-05
0,9.578295742452905e-05
0,3.710167481306432e-05
0,4.722390647440661e-05
0,0.20426105918965562
0,1.236359206274812e-05
0,1.7106132845142905e-05
0,2.0222967396220165e-05
0,0.00013082477513384232
0,0.23905331798571228
0,1.0510548839864147e-05
0,6.647562581791503e-05
0,0.21003483475521292
0,1.3253090038965917e-05
1,0.28786749059479383
0,0.0001367607973525298
0,0.26487326715638343
0,7.268744678297522e-05
0,1.224688125885429e-05
0,6.463185573813552e-05
0,0.25498385168925286
0,0.26698581185154147
0,0.12946277604741704
0,0.26628678654717797
0,0.2555164150897156
0,0.0004680469987662161
0,0.23818681648921924
0,0.20574541532691895
0,0.2510593594658745
0,0.00026753723219245454
0,0.2108716482173941
0,1.0921547805832167e-06
0,0.22323209465835053
0,4.084847799353756e-05
0,0.20229637749144336
0,2.244944989084427e-05
0,2.752248449457251e-06
0,0.20620074941273497
0,0.20955863445203238
0,3.489259249546414e-05
0,0.21466247523960305
0,0.24099994809025127
0,0.28707234310564417
0,2.725723601646274e-06
0,4.278264930581234e-05
0,0.26295668050149906
0,2.697219313325344e-06
0,3.0770047943951596e-05
0,5.662095092409843e-05
0,0.11849952106432188
0,8.140093824193075e-05
1,0.2761305089427985
0,2.67204164096065e-05
0,0.0003494849534966077
0,0.27987213195013266
0,0.0003325072125261596
0,0.18550085699274663
1,0.21750906700775124
0,1.3522806262209134e-05
0,0.23255313201898759
0,1.7740684253502667e-05
0,0.00030682739331239076
1,0.1469752126779597
0,8.055266009649492e-05
1,0.28463081889226277
0,6.604502945723855e-05
0,2.2111151866299207e-06
0,2.640761634804553e-05
0,0.0012829223592960373
0,0.28660623104797445
0,0.26205571113299464
0,1.2626430903620067e-06
0,2.2455560609516394e-05
0,7.086849676101977e-06
0,0.00013398701958382178
0,3.09779996970777e-05
0,0.22549161230400824
0,1.5648848978973914e-05
0,0.21897782236539326
0,0.22964835357146052
0,5.04710490949121e-06
0,1.685312442999505e-05
0,0.2022728450271602
0,0.00040577353962837785
0,0.001282922356923254
0,2.4444612874064787e-05
0,3.4251778142616966e-05
0,0.27191537547212136
0,0.28730602495714475
0,0.0002860793696906281
0,6.588440571643188e-05
0,0.2822335470193972
0,0.2042868607963377
1,0.23204709321217148
0,0.28879460799063184
0,1.6053273249078318e-06
0,6.934298404113034e-06
0,0.0002532687234632816
0,4.630918358883122e-05
0,0.0001445634073141313
0,0.22369020571100612
0,3.411987045501311e-08
0,4.666368819926828e-05
0,0.1902050742564854
0,0.11932388120809191
0,4.310417236859871e-05
0,0.00014456340731466329
0,1.5083878442566337e-05
1,0.28930833463970534
0,2.2587462752368402e-05
0,5.444930970274203e-06
1,0.2275818216461677
0,2.721383197329192e-05
0,2.5348978110117025e-05
0,0.20921378220647666
0,1.1361050395230183e-05
0,0.00015985678532048363
0,4.2518700273865854e-05
0,9.37615916211612e-06
0,0.00035242672247312264
0,0.00016523318273142866
0,2.6044105533884664e-05
0,0.2883605207565522
1,0.22156330287653456
0,1.4231209501074071e-05
0,0.0012829223579499038
0,6.337364854347297e-05
0,4.469568957621905e-06
0,5.1164713140467455e-05
0,2.6044105533884664e-05
0,1.7443508496320248e-05
0,0.2328014083719806
0,1.4820536890197248e-05
0,0.07099308593858683
0,3.7361848150041604e-05
0,1.4699919744427833e-05
0,0.23140271507792728
0,0.12624351787135854
0,1.820409394387087e-05
0,0.22749445339081856
0,1.9445104155137146e-05
0,1.4108745458089078e-05
0,1.2111605072268554e-05
0,1.5192846354192079e-05
0,0.00021533242521926303
0,0.28945853258763765
0,2.2019567644977566e-05
0,1.2286912998459e-05
0,7.698950077474633e-05
0,0.00025652192075259765
0,0.21893702637976337
1,0.242258438319071
1,0.2176950188280037
0,1.04535185471827e-05
0,2.5831211873908646e-05
0,0.24145709617773617
0,2.708620802851219e-05
0,0.0004680469987847024
0,0.05245276289524417
1,0.289604202392724
0,1.891943185087593e-06
0,4.709685674394949e-05
0,0.22339329035879063
0,0.225751894858106
0,2.551767453993059e-05
0,1.7636402199227572e-05
0,0.20686467433419356
0,0.2176965775524744
0,9.442135006970764e-06
0,3.56896951199206e-06
0,0.00011964517172020529
0,0.00015807099356980218
0,3.4186636209902714e-05
0,7.220694231915721e-07
0,5.747683558752061e-06
0,1.7805709286426596e-05
0,1.7443508496320248e-05
0,0.21570786997784777
0,0.21951187555444304
0,6.131491042963622e-05
0,0.2068960596432504
0,4.363621839656595e-05
0,0.2317528349345538
0,0.25936165699577396
0,5.4658482067170156e-05
0,1.9718779957901907e-05
0,3.962322580439498e-05
0,6.647562581296857e-05
0,0.00012495863545454575
0,0.26034557916779055
0,0.00046804699877521787
0,0.230487019822298
0,1.654778415847709e-05
0,0.23247558332198334
0,1.1401463685382858e-05
0,1.7425953484988718e-05
0,0.28957736991328853
0,3.9282669599921775e-05
1,0.2817340213753892
0,0.20468558038808285
0,0.23801162273368887
0,5.820943257750216e-07
0,1.37538032511349e-05
1,0.4583887683109821
0,5.104850602527139e-07
0,7.5427311073964115e-06
0,0.25076544334115786
0,3.725795352423271e-05
0,5.782213081910692e-05
0,3.347283752320765e-06
0,3.053015639337893e-06
0,0.26434870582264625
0,1.549205691348035e-05
0,0.2810223159764238
0,0.27451224688274933
0,2.8406489681336565e-05
0,8.118247539436081e-05
0,3.71016748037842e-05
0,0.0012829223599429085
0,0.22343736688048543
0,0.2549592361233867
0,0.19979520985180968
0,8.657941300744191e-05
1,0.27440514751663686
0,1.5442393105257646e-06
0,7.689066589471203e-05
0,0.20473289961097563
0,0.23457884413272254
0,8.04723605270161e-06
0,0.27830380980565744
0,0.24164962607453003
0,0.2022659276168046
0,2.3252153985629705e-05
0,2.7445175500106007e-05
0,0.00017428570562571678
0,0.18232631366985652
0,1.3812979147089325e-05
0,0.00013082477513494045
0,0.000235450904834015
0,4.4468256959546775e-05
0,9.091069750145555e-06
0,3.193372862341339e-05
0,0.21136201641722116
0,1.863841636908545e-05
0,0.23210895953994992
0,0.2625646935540481
0,4.473611745316179e-05
0,5.212618657456905e-05
0,0.2518634456468521
0,6.848352366339412e-06
0,6.053808062399958e-05
0,3.725795352221995e-05
0,2.1595521081253595e-05
0,0.24878870951366014
0,1.7759743881903366e-06
0,8.782676059590906e-05
0,0.0012829223579904736
0,0.21711780532623817
1,0.24466580272502528
0,0.00010627540426828464
0,0.2177476210097831
1,0.20234452871185532
0,4.1224213207428224e-05
0,5.929214964684633e-06
0,0.19618347711148176
0,0.21401320402670482
0,8.124787998236649e-05
0,9.055557022369513e-06
0,0.21182242718981323
0,8.940858643463666e-05
0,0.2204418607825483
0,0.2655646132005968
1,0.26355431948915176
0,1.9377762970273323e-06
0,0.28209324057953433
0,0.6567436554030178
0,0.00021533242522790735
1,0.23028588018706547
0,2.434070824523761e-05
1,0.23211618722120775
0,1.3632857195073047e-05
0,0.00013360723412501335
0,0.21792228621149173
0,3.8093040652967473e-06
0,2.4951999108310797e-06
0,0.2876242449623539
0,3.9034039399428625e-05
0,2.6044105533884664e-05
0,0.2098086296338433
0,0.2804139704087727
0,3.564756188192174e-05
0,0.22774477785358088
1,0.2177384418364843
0,0.22045803024549626
0,1.6839728005960866e-05
0,0.13069638562269714
0,0.00018449379643920052
0,0.17142296698922477
0,0.21613413325089073
0,0.24932955213743807
0,2.8487815476591358e-05
0,2.1900955715770904e-05
0,0.1862994424523954
0,3.237230157535824e-05
0,2.3767284672999384e-05
0,0.20500908487839983
0,5.609579834330723e-06
0,3.873233170040523e-05
0,4.100013588806096e-07
0,5.754028157457337e-05
0,6.848352368099484e-06
0,3.829531574309646e-06
0,1.9117607986471308e-05
0,0.24951948461454085
0,0.21867442752811547
0,9.455106699708412e-05
0,0.9997982470093296
0,0.1293103064394486
0,0.00012496314514012511
0,0.21640200544013583
0,0.00010250889557402003
0,0.232641863498226
0,1.8406491497435747e-06
0,4.304998979042647e-06
0,5.238875350904655e-05
0,0.00011964517172210085
0,0.001282922357659721
0,1.613109468897637e-05
0,1.5610086648076865e-05
0,0.2873781601567605
0,3.077004794758978e-05
0,8.480058923401473e-05
0,0.0001461566652508957
0,2.4064368215240805e-05
0,3.202822085765344e-05
0,2.0476545838575644e-05
1,0.2389287200601252
0,4.052881938283986e-05
0,3.799801985591129e-05
0,6.445377215430572e-05
0,0.2349598562770893
0,0.2879543960281584
0,5.395247545288915e-06
0,0.14164072523686438
0,0.00012840950588511183
0,0.28239489720901817
0,9.578295742471618e-05
0,0.00026036141470889447
0,3.3183390521218335e-07
0,0.00012751765666524112
0,0.00013195229113429496
0,0.287011142794466
0,0.15547786254483645
0,0.22238319737006781
0,0.2171967067175804
0,0.2569582508288949
0,5.036810392367619e-05
0,2.301946030888212e-06
0,0.1966864741034825
0,9.9338777417507e-06
1,0.22031341485151454
0,6.591714739238295e-05
1,0.2073348331896171
1,0.22473848926373127
0,0.2095741653440306
0,0.00013574948978546707
0,0.00010250889557071958
0,5.39414209085796e-05
0,5.5677674253360715e-06
0,5.6954166553975985e-05
0,7.268744678003437e-05
0,0.25517250938409825
1,0.2892075962188526
0,0.22216580132579228
1,0.2654984077458172
0,2.625406700105074e-06
0,0.2261344264137295
0,4.455820027796202e-06
0,1.7207493326416416e-05
0,9.480139554969169e-05
0,1.8543126927847585e-05
0,0.0001445634073197546
0,0.13953708250816133
0,5.7228278699084435e-06
0,0.0002153324252120348
0,6.144518203344559e-05
0,0.0002117476245676127
0,0.00013802317397106282
0,2.1422916944955006e-05
0,4.487716256046916e-05
0,0.12232565144384398
0,0.00021474414617279541
0,0.00018449379644717003
0,8.581000348885538e-05
0,5.036956658611023e-05
0,2.6044105533884664e-05
0,7.408573234841143e-05
0,3.4773547600668527e-06
0,1.9757771857331844e-05
0,0.23528307099619736
0,4.524176719842403e-06
0,0.24814815093374853
0,0.23609231833494157
0,0.0004470294764933498
0,0.21489071308786487
0,0.00019889987267399496
0,0.14524626670797772
0,5.905682769138211e-07
0,0.12644454139819422
0,9.9080356759076e-06
1,0.32791954153039976
0,1.6672148345368854e-06
1,0.2736463844449565
0,3.966102582581772e-07
0,0.21161833251021478
0,0.287931475250082
0,0.00010250889557338204
0,2.6407616340293215e-05
0,0.27019641941850103
0,6.626773838237517e-06
0,0.2506992937749338
1,0.28961067572550764
0,4.259461413361838e-05
0,0.20305830146454193
0,4.921256018799706e-05
0,6.22763093457258e-05
0,0.20657250736294816
1,0.22388855377287278
0,0.20995466922919798
0,0.23650543519124806
0,1.6218815005354274e-05
0,3.872019592017015e-06
1,0.2861943861677119
0,8.953618702018829e-06
0,2.771102947449947e-05
0,0.24724353608544644
0,0.2714098146259087
0,0.2877675753747229
0,2.1869172660794486e-05
0,0.23059779196414704
0,8.914064689687864e-05
0,6.81491043507288e-07
0,5.8827549988574436e-05
0,4.236229670335199e-06
0,1.76076160819581e-05
0,3.7212484275636474e-05
0,5.795224446425573e-06
0,0.0001466486289335279
0,4.99149334144195e-06
0,5.1860943617239277e-08
0,0.00021533242521155677
0,0.21719073500068228
0,0.2832390170785052
1,0.28958035869372606
0,4.000272742873976e-07
0,0.2565881221215936
0,0.2849134310875742
0,4.332585315778417e-05
0,0.25187712788842975
0,0.0012829223597576633
0,0.00011035719045924565
0,0.0001333412969339604
0,0.2323956180566414
0,0.21829219919825893
0,0.2867183244772568
0,5.314356070958451e-05
0,1.2790120482164406e-05
0,7.268744677688604e-05
0,0.2874853901507254
0,0.0012829223611437227
0,0.00025150304813990356
0,0.23318855542353964
0,4.634820537829431e-05
0,2.7959568017888345e-05
0,0.22585348087450688
0,0.2812722377827019
0,8.444807391485728e-05
0,0.00011964517172383215
0,2.1807868482456147e-06
0,0.06743966621323094
0,8.215627988386064e-05
0,4.708706326938637e-05
1,0.2819223529529207
0,2.186462155574462e-05
0,0.2895671132927123
0,0.2881801059921305
0,0.23633623886388408
0,2.508026137837705e-06
0,0.2890792732968399
1,0.2071665942023188
0,0.20659752609613258
0,0.1346369713596574
0,0.2157421427938931
0,0.23682135685936825
0,0.2892032339696832
0,3.891343065088153e-05
0,0.001282922356964147
0,3.384809320781e-05
0,0.24214553049462512
1,0.28648276453469873
0,1.0028734457235979e-06
0,1.821429177995561e-06
0,0.21463923604090074
0,4.743572478350454e-05
0,0.2608159252424585
1,0.28419865345214423
0,1.638115925062521e-05
0,0.2864340497186485
0,1.5247980468570589e-05
0,4.149762727295856e-05
0,0.00010607679334867947
0,0.2531924538675052
0,0.00015269385575419786
1,0.2845875258984031
0,0.23925938836017885
0,0.0002354509048257265
0,0.0012829223619501985
0,0.24101628576701345
0,0.28889218700283975
0,0.28956636927469964
1,0.286122679504896
0,1.8256192434183625e-05
1,0.2871599438673541
0,8.665467158489525e-05
0,0.001094277564522333
0,7.268744677853632e-05
0,0.00018449379644881262
0,0.23677694227409476
0,1.4008680916187821e-05
0,3.365152291378901e-06
0,2.53130493560877e-06
0,0.00023545090482426136
0,4.485845197535385e-05
1,0.2564313764949384
0,2.640761634804553e-05
0,0.25860829884372516
0,1.0990839775225172e-05
0,0.2141490500540089
0,0.21760868704433098
0,0.0001526938557649934
0,7.51642061889624e-06
0,0.2703477576070728
0,3.636811517626198e-05
0,3.3612349089601426e-05
0,0.00016387869869521123
0,1.7118803668252746e-06
0,0.21107435016815737
0,8.218202027634125e-05
0,0.00020036931705722763
0,5.0036583413080094e-05
0,8.487251716882465e-05
0,0.28900719506438094
0,1.577274000376122e-05
0,1.1491091297137724e-05
0,0.20988452423268358
0,2.6286524210569257e-06
0,0.21591794152293003
0,4.634609352352997e-05
0,4.722390646503752e-05
0,0.2614707008810044
0,4.019472585759148e-05
0,0.2295203637896537
0,4.664610559954117e-05
0,0.27678022960489224
0,2.3567518830442326e-06
1,0.2192236845038471
0,7.637265618705845e-05
0,0.23416446742751787
0,1.2392536947635837e-05
0,0.22705482957633893
0,0.00011834704992223197
0,1.8424597826602704e-05
0,7.825160229455958e-05
0,8.284734061946563e-05
0,0.00018449379644881262
1,0.6567436554197018
1,0.23039034399739497
1,0.28285827708524425
0,0.22978798705670533
0,4.19402066038772e-05
0,0.00014511724621326958
0,0.2883235082502254
0,5.86307096752441e-07
0,4.741975589589159e-05
0,0.20228808820832334
0,0.0012829223584676058
0,0.27753094325067384
0,1.887655581574202e-05
0,0.11497700190489708
0,0.288775580006135
0,7.444452356934796e-05
0,0.23517636487505392
0,6.542100432684759e-05
0,0.00011798991023478327
0,0.2400218021209606
0,0.21472267488932995
0,0.2619590697218873
1,0.22841249984708373
0,0.20171412068184422
0,0.24446855311823162
0,0.2138591708298026
0,2.0692773624639898e-07
0,7.963172713468542e-06
0,0.2776036313933622
0,5.6554815201616424e-05
1,0.20507983401390611
0,0.2610699609064969
0,4.722390646411472e-05
1,0.20429702937666483
0,2.0169499731600427e-05
0,0.24843312813974114
0,6.185746043105411e-05
0,3.069258873585973e-05
0,0.23629198217041178
0,0.00013082477513481406
0,0.13200245269586747
0,0.24499697118473543
0,7.502653734594265e-05
0,1.5884782002866896e-05
0,0.2767424873277427
0,2.5831211873908646e-05
0,0.22879776293068899
0,4.903653766761903e-05
0,0.00018580733643114539
0,0.21486516584567958
0,0.13516543201018874
0,0.00018449379643242932
0,4.220663340407885e-05
0,0.23779757359649648
1,0.2107032461165413
0,0.21533264274640623
0,0.23848836526511824
0,4.14628610433088e-05
0,7.268744677817945e-05
0,4.328873289191969e-05
0,0.2625833003869834
0,1.0906886738876763e-05
0,0.20513644327713895
0,1.373478463625637e-06
0,0.00011424360656703184
0,0.06622627620508859
0,1.1175866537078532e-06
0,0.22031430040355163
0,0.501306964987073
0,4.07115121570185e-07
0,2.143669183005081e-05
1,0.22735296391623075
0,0.0003877688139918676
0,3.1030470221043214e-05
0,4.592250486438243e-06
0,4.052881938045093e-05
0,3.461371204880771e-06
0,0.1896480293051288
0,2.8259326153003146e-05
0,3.9877942150308685e-06
0,2.6407616340106237e-05
0,0.20263672377575068
0,7.244977647471123e-07
0,1.4767007838768901e-05
0,0.0012829223601639153
0,0.2072734942282029
0,0.2769700654706843
0,0.21083690361045637
0,2.9784112167630562e-05
0,9.018410960710251e-06
0,0.21808294161114977
0,1.8223725608943974e-05
0,0.22528508312606282
0,7.26874467820814e-05
0,0.22771275812228933
0,0.20855496726107242
0,0.2659962935024018
0,0.21972984317720415
0,7.947968574158353e-05
0,3.789778474900885e-05
0,5.596709257491394e-05
0,0.0001474837934760073
0,0.22326733295576184
0,0.0001025088955725762
0,1.192409080884947e-05
0,0.0012829223591110585
0,2.488605275082478e-05
0,0.21760898039313714
1,0.22193964440560499
0,3.409105959865033e-05
0,5.2235713187404604e-05
0,0.23328595522523066
0,4.722588654633319e-05
0,7.060611280775503e-05
0,3.5757183617016004e-05
0,0.001282922359285125
0,1.9450487513827127e-05
0,0.20356763590776764
0,0.205703884150889
0,0.21763752397021993
0,0.284292946198272
0,2.6463105537827515e-05
0,0.0012829223557953857
1,0.286800666657504
0,1.1562419367756134e-06
0,9.091980151347552e-05
0,2.643199717272385e-05
0,0.0008396052196270339
0,0.0003432171900359684
0,3.233722153557525e-05
0,4.761878226782367e-05
0,0.10555479817847167
0,2.989749826832091e-06
0,4.0965987041255805e-06
0,0.00018449379643425276
0,0.2464920133401413
0,0.2128115085240811
0,0.32662597069244065
0,2.840648967982523e-05
1,0.2825763057533954
0,0.00024184463122237855
0,0.2329520960344894
0,1.6681217306115002e-06
0,5.2053627834122484e-05
0,1.3531346766171031e-05
0,6.264536783172437e-05
0,0.22736940205964806
0,0.23478005780824907
0,3.678497656839944e-05
0,3.725795352753342e-05
1,0.2025916713290884
1,0.24101942540660987
1,0.5923066308687885
0,0.000397015316276605
0,2.518149387197804e-05
0,6.848535362181864e-06
0,0.00011964517172279192
1,0.20548307382876918
0,2.6407616340232797e-05
0,6.647562581419597e-05
0,4.052881938283986e-05
1,0.27376345309756317
0,0.287103406860753
0,0.2868006663646347
0,3.219053156088548e-05
0,0.2466141260938958
0,0.23263207848985973
0,0.0003853267853010977
0,5.4948767808169674e-05
0,0.22840981177092043
0,4.0189499054678695e-06
0,1.7212264749196054e-05
0,0.06627083740321212
0,6.239880138797541e-05
0,0.0003325072125301505
0,0.0012829223601566048
1,0.2475869868376031
0,4.013733365358879e-05
0,0.28824529436407187
0,1.7327846756592427e-05
0,0.0001556309877132465
0,3.28191317478229e-05
0,1.7518469425286624e-05
0,0.21719592049110853
0,0.21333008059747446
0,0.21418152580053457
0,0.2874195426468786
0,0.0001225989362034315
0,3.56143445169151e-05
0,5.54356523379237e-06
0,0.2385463817782917
0,0.214404232456165
0,7.369997288849165e-06
0,4.925017961844209e-06
0,0.07305891369061017
0,0.2144144574839466
0,0.0003325072125256607
0,0.2883762647502432
0,0.2875867313767135
0,4.1802307677713775e-05
0,0.00018449379643425246
0,9.62174522802598e-06
0,4.634820537829431e-05
1,0.24299102162323336
1,0.2818068580428502
0,0.0012829223568240305
0,0.00011973722445798929
0,0.0001762405219828021
0,2.676722253227043e-05
0,0.27993020660356643
0,0.00018403353401463593
0,0.2772349885892286
0,0.21520516896099698
0,3.731346996659142e-05
0,4.188275009966851e-05
0,0.0003325072125375259
0,0.002829378929192544
0,8.109028836129654e-07
0,3.72513011446148e-05
0,0.24066058673194676
1,0.26242934194564793
0,6.888525042988655e-06
0,3.73366355543688e-05
0,0.26216298328020515
0,6.430135173511088e-05
0,0.0016524947489401911
0,0.28781214636053676
0,0.00018449379644881262
0,3.5087413970481645e-06
0,0.22404116290677964
0,7.303160366984367e-05
0,0.00010250889557051239
0,0.2678320200481882
0,0.27316671190140124
0,0.2336724584547263
0,2.099167724374788e-05
0,0.28493528189622597
0,5.6634719448578004e-05
0,2.9967249759054236e-07
0,9.176092818106197e-05
0,0.2843465315696142
1,0.23321953574646
0,1.8857434301145857e-05
0,0.23858494459872087
0,0.22450904454069145
0,0.20383465624766106
1,0.2876709999431987
0,2.623175207381495e-05
0,0.00018403353401463593
0,1.396560480635341e-05
0,5.380392281889594e-06
0,4.867952188693981e-05
0,0.27396646728795876
0,0.2329323695494445
0,0.21743205426363996
0,0.00015269385575872468
0,0.00014629877053153655
0,0.2839378108757744
0,1.0515562945151866e-05
1,0.286350175962064
0,5.6473437673034574e-05
1,0.21640300890047456
0,0.2136252534638472
0,0.19996860518307585
0,9.751289006865502e-05
0,0.2525787255277815
0,2.1769952260532165e-06
0,6.41284563105253e-07
0,9.41685405228156e-06
0,0.23422924947709722
0,1.9664221474503827e-05
0,2.6044105533884664e-05
0,0.0012829223580061644
0,9.056656511779472e-06
0,0.28872487515068107
1,0.23158125345786454
0,0.27892337476819734
0,0.24472176365042156
0,9.902466394074599e-06
0,6.808022127322286e-08
0,4.72239064700729e-05
0,0.22715555874179386
0,6.043705222983607e-06
0,8.325693126996564e-06
0,0.20234405078688408
0,2.5831211873908646e-05
0,0.22635323819592976
0,9.621745229706636e-06
0,0.20119637064844595
0,0.2166006561545296
0,0.2514022390232943
0,0.27147631350486734
0,0.25477145754756975
0,3.3461428376443825e-05
0,5.688697990296481e-06
0,0.12666394999238387
0,0.28797666680580153
0,0.2848805418357055
1,0.2863856438801123
0,6.10371302222977e-05
0,2.0776029576489138e-05
0,1.2762630512276191e-05
0,0.20852228427156566
1,0.2165177158627427
0,7.28162798768466e-07
1,0.20718429602048116
0,0.00012496314514208627
0,0.23518602205479977
0,4.773243146123145e-06
0,4.969022254264737e-05
0,4.49640615955242e-06
0,0.00021533242521926303
0,1.763894118728736e-05
1,0.23182244028135313
0,1.2588735667680708e-06
0,0.00018449379644881262
0,6.378173332702206e-05
0,0.0001308247751405401
0,2.032198326643329e-05
0,0.24316144042776316
0,0.28876998577151314
0,0.005963698345507801
1,0.20474407492078492
0,4.027496812430486e-06
0,1.6144539482417974e-05
0,3.7328750946437147e-05
0,0.20231654435584195
0,6.378173332383778e-05
0,5.4658482059706054e-05
0,4.26124288140786e-05
0,1.734727271884084e-05
0,0.28713105382425086
0,1.0274436449657461e-06
0,3.3910701030343996e-05
0,0.00010473311758026302
0,4.634820537829431e-05
0,0.2817340211012936
1,0.2267973099018508
0,5.699515477978845e-06
0,0.00015269385575725965
0,1.6649780370819464e-05
0,0.2175760291852601
0,0.2869867198508434
0,3.418663620516508e-05
0,0.00026036141470798775
1,0.283359725544809
0,3.789778475637978e-05
0,2.640761634804553e-05
0,0.001282922358042396
0,0.0012829223599429085
1,0.23978649496018337
0,0.22578261435368832
0,0.001282922358426028
0,0.28739726538588656
0,0.11836822462473422
0,0.28961177146188605
0,3.425177814375166e-05
1,0.23371044377414696
0,0.344007303387277
0,0.2833178833983877
0,0.19413782831057466
0,1.0342958510455562e-05
0,3.056513251678075e-05
0,0.280981358247755
0,2.9368923556976635e-06
0,4.6676551124810324e-05
0,0.20943113622965007
0,2.640761634804553e-05
0,3.594960222734939e-05
0,0.0012829223599429085
1,0.22720919081603144
0,7.278565168612206e-05
0,3.8732331703030766e-05
0,5.695416655408605e-05
0,7.907894101522617e-06
0,1.325478493588062e-05
0,3.7515009436648134e-05
0,1.1906697010906522e-06
0,0.2875732784812741
0,9.415157746296581e-07
0,1.8679953436071368e-05
0,5.596709257590578e-05
0,0.00013082477513807756
0,3.8704764528316856e-05
0,8.589950496366639e-06
0,1.7206491025124628e-05
0,0.00033250721251899443
0,1.7443508496320248e-05
0,4.5330815007287984e-05
1,0.20652837596874563
0,1.173717218357914e-05
0,1.0902183605529173e-06
0,9.463179078881016e-06
0,0.00020173160908592888
0,0.23258759384507474
0,0.00016130581063977562
0,0.2817340211012936
0,0.204876166318611
0,7.767787369081282e-05
0,1.8166952102632427e-05
1,0.14902590981043104
0,2.5153366490802286e-06
1,0.22920510138044287
0,3.819687673231619e-05
0,5.9309422177816636e-05
0,0.25961765313287666
0,7.877988604815842e-07
0,0.13807591546924286
0,0.264115209290438
0,4.858566412327522e-05
0,8.709364607809192e-07
0,0.2206077124751602
0,8.140093824193075e-05
0,0.2861446490792066
0,1.854634989014196e-05
0,0.2117247384587621
0,1.4298679986052135e-05
0,3.282912109702318e-05
0,0.00018390477511222875
0,0.00010437167638540468
0,0.20821431467066487
1,0.26133693552276327
0,0.0003674229333870947
0,8.140093824193075e-05
0,8.032124793745081e-05
0,6.183964249082498e-05
0,0.2853132912060345
1,0.2806765769915842
0,0.2332235791512222
0,7.067276431285547e-06
0,0.28950356366539276
0,9.566477017797626e-08
0,0.3218961764863411
0,3.1791801784273572e-06
0,0.28707682329235457
1,0.2804058415294418
0,3.081139318521224e-05
0,0.26075388921231674
0,4.4792465735806137e-05
0,7.797041725105772e-06
0,7.605967793291361e-05
0,0.2889230937792427
0,3.4168120455458585e-05
0,3.2652119077336274e-05
0,0.0001614850026221723
0,1.7218791711459965e-05
0,0.286508957529321
0,7.979698331168243e-06
0,7.646471798549081e-05
0,0.25269399626077566
0,0.2086122721098988
0,0.00023735714041267403
0,0.0001461566652508957
0,0.0002325592959300576
0,0.2171907344400373
0,1.9718779954417746e-05
0,6.647562581564325e-05
1,0.2885835641135434
0,9.609320484346676e-05
1,0.21687787314613455
0,0.0012829223580590517
1,0.2890278843629968
0,3.446207403657662e-05
0,1.0510548839324781e-05
0,2.0978421067416348e-05
0,0.2294611778152712
0,0.20230254569666728
0,1.7805709275722264e-05
0,0.11668781530009771
1,0.2514977668872863
0,0.23473521790672378
1,0.2868373088268034
0,6.015764536753258e-05
0,3.600728918013204e-05
0,8.282012472204348e-05
0,2.1860047638825052e-05
0,0.00016633446382452162
0,0.22436542053805827
0,5.6954166554845196e-05
1,0.2811323131582302
0,6.118068934722131e-06
0,4.46217138380137e-06
0,0.00010250889557590451
1,0.33121343003871623
0,9.794458476813089e-06
0,0.21879489671289723
1,0.25441135696015554
0,0.3703848647902325
0,1.8640681162459754e-05
0,0.0001218418508066715
0,2.5005277692259153e-05
0,0.21024369811325475
0,0.28349685932479607
0,7.645898308161811e-05
0,2.980875976166656e-05
0,0.2074187567342494
0,0.00011964517172069044
1,0.2132990539576308
0,3.81345534491857e-05
0,4.043800912077729e-05
0,0.00023545090483083583
0,9.83549160697756e-05
0,0.00010116294714799342
0,0.0004495208870784668
0,0.2022999244342558
0,0.10418753946821294
0,0.20233860830895742
0,0.2766149394087508
1,0.23202099831647977
0,0.03492472539350541
0,1.867995343703536e-05
0,3.721248427937477e-05
1,0.6567436553898833
0,0.2742508916203672
0,3.1410349445093817e-06
0,0.2739945167784035
0,0.00010250889557623478
0,3.627780822979089e-06
0,0.21494875813167108
0,9.236156337421243e-07
0,0.215754132848851
0,3.816164800705394e-05
0,9.175671253611683e-05
0,0.21651236435205348
0,1.3333643349555862e-06
0,2.4927704529558842e-05
0,0.21911698959524434
0,0.22690663136471778
0,2.4379143995769347e-05
0,4.476964421753455e-06
0,3.068647361993237e-05
0,2.640761634804553e-05
0,9.463478536960741e-06
1,0.20393298651786168
0,3.088697266707336e-05
1,0.289560848155025
0,0.22021430073627443
1,0.24212451249707537
0,0.20574541532691895
0,0.27308747555165397
0,3.999870138645352e-05
0,0.25805883859644857
0,0.001282922359476744
0,0.1383158058630048
0,0.21553342312849935
0,1.4032101842993322e-05
0,0.2530542507913285
0,0.0012829223599429085
0,0.00024472574166351917
0,2.860861314878276e-05
0,3.690064737458203e-05
0,4.8756335726036285e-06
0,3.7938575938374915e-05
1,0.288874669232088
0,0.2584233843921478
0,5.6954166556596976e-05
0,0.15596816767064975
0,0.0002458031025879551
0,4.088145066512777e-05
0,0.25910690781108975
0,2.463114705213095e-05
0,0.21770528116630047
0,0.20880895943038744
1,0.22821793055203723
0,1.092271936356641e-06
0,0.24024470768893874
0,8.48389342597827e-05
0,0.00016886327483630175
0,4.7223906463851746e-05
0,3.710167480425514e-05
0,2.7213831972145868e-05
0,0.14196587647067194
0,0.2135397132242886
0,0.21773354286555793
0,5.502491578210262e-05
0,0.0002603614147089305
0,0.0012829223630657126
1,0.2818695759868814
0,0.256008743366915
0,0.3299903207205162
0,0.21747282584188687
0,2.0532163908700542e-05
0,0.2062171961743178
0,3.0770047947339775e-05
0,0.21976798776261736
0,2.758800271721403e-05
0,0.28698602378364174
0,4.8868433926920655e-05
0,0.27171532324752395
0,0.23956713061591753
0,0.2860484148659197
1,0.20905429693788102
0,2.4136375595187778e-05
0,2.55532137530082e-05
0,0.00015948053836397586
0,0.28123503349166545
0,3.814398472158028e-05
0,0.2838316677910893
0,6.553225372874641e-05
0,2.426452696274546e-05
0,7.636684421152229e-07
0,0.3148357150721689
0,3.286121294974023e-05
0,0.27770012024880814
1,0.2429467364399995
0,2.640761634804553e-05
0,9.688994897190271e-05
0,5.596186815839298e-06
0,0.13360580238770642
0,0.28905450189581383
0,0.2407766482060328
1,0.22644037919979146
0,0.00018094053245187755
0,0.21759876239138992
0,2.201166899381067e-06
0,4.874364423753807e-06
0,0.3080866223887556
0,0.2840144786057796
0,6.895731241780048e-05
1,0.23568947716955307
0,1.7443508496320248e-05
0,2.501641685003655e-05
0,0.23819468785574374
0,1.6923118226167057e-05
0,3.108767440141354e-05
1,0.2390667026056719
0,0.28281340030868946
0,1.787732197833826e-05
0,0.0012829223584672007
0,0.20446128200101735
1,0.2004996197283518
0,0.21782312157461697
0,6.78821020665541e-05
0,0.25549847050703983
0,0.00010250889557759924
0,0.2544360200857979
0,8.731293573157013e-05
0,5.4658482067170156e-05
0,0.28629708851065294
0,0.0006803247534190924
0,1.6194684705752374e-05
0,0.0006234414722270191
0,0.21249151099155186
0,6.211784594758131e-05
0,5.327723221350101e-05
0,0.2871696701576293
0,0.0012829223597576633
0,1.4767007836238073e-05
0,1.9046006582282436e-06
0,5.665408004544836e-05
0,0.22561556819091033
0,0.2673035978314919
0,1.1830706438663996e-05
1,0.2941839855875327
0,0.22918084988848075
0,0.00018449379643218616
0,2.5831211873908646e-05
0,3.1841607091288355e-05
0,1.7227602609415797e-05
0,0.0001445634073113886
0,0.28015932486097894
0,0.20232614757067735
0,3.8809682035350527e-05
0,4.2052474447811845e-05
0,3.0009345527691484e-05
0,1.403285607242121e-06
0,1.6363403874355853e-05
1,0.23065320372998344
0,2.5478872151927002e-05
0,0.00012523142995235218
0,0.2783038098986933
0,2.5831211873908646e-05
0,0.22722832937760606
0,6.442700757151028e-06
0,3.628457114186891e-06
0,1.2286912998459e-05
0,2.8890796755236657e-05
0,0.2863501760296908
0,0.20721926638801202
0,0.1736197062370574
0,5.913022050847361e-07
0,1.9049456999357058e-05
0,0.001282922358046602
1,0.28668911185172957
0,0.0003849208980276289
0,0.2767543990834206
0,3.6277808229005086e-06
0,0.21188372579138948
0,3.8941430376534106e-05
0,1.4173299209508498e-05
0,0.22497956621058626
0,4.0456274841495246e-05
0,0.2829696154644515
0,5.596709257592944e-05
1,0.2716728112293835
0,0.2187720601934181
0,0.28725158079625895
0,0.2851632113635008
1,0.2047801896350656
1,0.238744619259012
0,2.208109066566104e-06
0,0.23665960212862375
0,5.393445148529596e-05
0,0.00017017251388843033
0,2.6726231311246065e-05
1,0.27435587912457343
0,0.20365946370772606
0,0.23976419153266243
0,0.0001844937964365402
0,0.20538777462317975
0,0.20526655919406678
0,0.00011261566682381946
0,0.0002919022720800665
0,2.5265936650018074e-05
0,5.833094499164539e-05
0,5.1908633306091934e-05
0,0.25749610739887624
0,6.647562581604387e-05
0,5.502491578187127e-05
1,0.6567436553820215
0,1.63290276460824e-05
0,0.2866443094281711
0,0.29658356243499845
1,0.16161561781246053
0,0.2885912363775244
0,2.7352750640509018e-05
1,0.397742835991768
0,0.21796903734323772
0,0.20713291562247296
0,4.345852576666202e-05
0,0.21752613108393956
0,0.00023545090483782937
0,0.28207276718675206
0,9.621745227213758e-06
0,0.21156907311722264
0,2.6044105533884664e-05
0,0.23844772079791193
0,3.831007657720472e-05
0,7.110597722597752e-05
0,2.9774505712225768e-05
0,0.0002190521851273296
0,0.00018449379644321773
0,0.23777808807819964
0,0.23698661054870127
0,0.2792310493563364
0,4.0189984498907227e-05
0,1.9964786225950112e-05
0,0.23472668156546617
0,0.00015970227432999534
0,0.2770647598432382
0,0.0001359121714882445
0,0.00011964517171758636
0,6.7132847072307295e-06
1,0.24434430423400627
0,0.23201330320163127
0,0.2047408674585017
0,0.213737355292369
0,0.26087471387026206
0,0.2600661740991671
1,0.22629194912894252
0,0.28954439451670516
0,0.2240822842542244
0,0.28768927623917245
0,7.369538778040035e-05
0,0.26356925056222114
0,8.782676058946823e-05
1,0.288644282552963
0,1.7571233773535728e-05
0,0.4420588698613494
0,1.4725372780717679e-05
0,0.27934967674819744
0,0.24156195659794488
0,6.647562581394283e-05
0,0.22598917483271655
0,0.00010250889557412945
1,0.24122080877967664
1,0.2301101914888656
1,0.2876139020740371
0,0.22150468076406518
0,0.24284866133879754
0,0.0012829223562603688
0,0.2764616150146417
0,2.3771962349965145e-05
1,0.26111771972407305
0,0.2699225042890777
0,8.107632868972093e-05
0,0.000335217951281496
0,0.24642771255720533
0,6.4706099510922204e-06
1,0.2731958491190505
0,4.473611744456223e-05
0,0.287812935719311
0,0.00026860606951810466
0,0.0006159713769315182
0,5.635741807164714e-05
0,0.21771715800232824
0,2.0133754923749217e-05
0,3.204441832366704e-05
0,0.22672861667693134
0,3.7218748667471505e-05
1,0.10679117679005921
0,0.21996212279005017
0,7.200962284992646e-05
0,0.27536898621895595
0,7.547927476474978e-06
0,8.250582009461564e-07
0,1.7899570420403487e-05
0,0.2221872810644234
0,2.677150532202597e-05
0,0.0004391527015401046
0,4.473611744456223e-05
0,2.3432448978470483e-05
0,0.2470535167600748
0,0.27721304986794615
0,1.1393274586017294e-06
0,0.269230553294105
0,0.2029076505792887
0,3.884216190758543e-05
0,1.986970941552489e-05
0,1.2198899860231418e-05
1,0.2868006666091682
0,0.27663237219462417
0,0.28569622902127956
0,4.504517133258654e-06
0,0.00021551514397227068
0,1.7236370959268924e-05
0,9.12680704188934e-06
0,0.23636445850733484
0,4.903778639767593e-05
0,4.7470832679015804e-05
0,0.20628748183052656
0,0.00011964517172039315
1,0.28873164856076494
0,0.21567417272486705
0,6.443753943754824e-06
0,2.198670238459571e-05
1,0.24110643118447203
0,0.22264891296680067
1,0.2892250016827809
0,0.00015269385577111163
0,0.000257808057132819
0,1.2807773472055699e-05
1,0.28887713002330484
1,0.21061740131150056
0,3.0676644137988014e-05
0,9.948647649976227e-05
0,2.3877167876613494e-06
0,3.0770047944174325e-05
0,5.555637434151833e-06
0,4.53654815483226e-06
0,0.20540930497269652
0,0.0001526938557598252
0,0.00016716762662138092
0,0.25237331885976855
0,1.2016776622034622e-05
0,2.8538826342650797e-05
0,1.8013646516175345e-05
0,7.336502490522097e-05
0,3.4735801123352043e-06
0,0.001282922356923254
0,3.7220315133841574e-05
0,0.21450600177969256
0,6.378173332704936e-05
0,0.28825711340478866
0,0.0012829223584268552
0,3.068056728976546e-06
0,4.0404673927895594e-05
0,1.4389851460786721e-05
0,4.176393151661752e-06
0,3.0226612596254236e-05
0,3.1377954393679885e-05
0,4.3475059001033305e-06
0,0.0012829223591989964
0,9.105384928790885e-05
0,0.23321024049969533
0,4.2784775398632654e-05
0,0.22150165535952723
0,0.00014940690864497484
0,4.722390646539695e-05
0,4.7223906463960125e-05
0,6.378173332702206e-05
1,0.2891125831271595
0,0.22114555930981705
0,0.24474226331991564
0,0.19323480117251485
0,5.439123000576193e-06
1,0.2870345542372613
0,0.29130625123313303
0,0.2384381849476296
0,2.548820136935797e-07
0,3.5851354089082226e-05
0,6.364273417772159e-05
0,0.00026841710475861385
0,0.2875310558829179
1,0.28784757189088356
0,8.140093824193075e-05
0,6.378173332702206e-05
0,3.656582989705857e-05
0,6.791805671903516e-05
0,5.6954166556596976e-05
0,0.25270151455127493
0,5.2853157231978655e-05
1,0.21842164123543772
0,1.3036491733102015e-05
0,3.3910701030343996e-05
0,3.0263304405347674e-05
1,0.2870143102612197
0,1.0813644505622994e-05
0,2.5701817625435815e-05
0,1.352961673950591e-05
0,0.20232614757067735
0,2.3205421449770616e-05
1,0.2744980241516917
0,2.412522188489618e-06
0,0.0001618917160245424
0,1.257822783844522e-05
0,9.578295742456018e-05
0,0.21346167061385943
0,1.0854261296853227e-05
0,6.403759595928485e-06
0,7.832505415093417e-06
0,0.00023545090483313816
0,0.20228036796897417
0,1.879591833582887e-05
0,2.5831211873908646e-05
1,0.2134328245040042
0,4.793960399356525e-05
0,0.2173686631896687
0,4.9798074680379725e-05
0,0.00020658231192601523
0,2.586379097123539e-06
0,3.8293396063250414e-05
1,0.28776250566200046
0,0.27683366479233157
1,0.21707244938498133
0,9.561189407522761e-06
0,5.561000234556306e-07
0,3.7930792918148128e-06
0,0.284854342922779
0,0.001282922362557235
0,5.2885011784641296e-05
0,6.848450401002529e-06
0,3.184160376872826e-05
0,6.535359194690772e-06
1,0.2870768234926529
1,0.2058062831369674
0,2.4309094358619885e-06
0,3.5545693984808116e-05
1,0.20229976913512612
0,3.184160375686922e-05
0,0.00011229034167055517
0,1.4642748815621882e-05
0,0.23047239652154977
0,0.28959522626825296
0,0.21739780103482778
0,0.20934541030154152
0,4.05288193756071e-05
0,0.0002992017257801608
0,1.0244689127291103e-06
0,6.664632049734889e-05
0,8.989247236036255e-05
1,0.25318351247558796
0,0.13444137070521767
0,3.74433408564698e-05
0,0.0001201511423532699
0,0.2306087749083763
0,2.1900955718636694e-05
0,0.2783038099772944
0,2.8846961135629236e-05
0,1.5228826484997069e-06
0,0.12903850816758278
0,0.00012079318161177086
0,3.7495097874489024e-05
0,0.23062545238194662
0,0.2557800922266272
0,3.7856244158551814e-05
0,2.469327399478984e-05
0,0.21883463537489184
0,6.874834498479827e-06
0,0.20479944948422388
1,0.2863817174429359
0,0.19242959506899202
0,0.26040864797988705
0,0.6868136502568879
0,0.12607333275800342
0,9.909747849831375e-07
0,4.891428590094783e-06
0,6.187342636854436e-05
0,0.2623974310839966
0,0.0014572461771720664
1,0.23089407518643515
0,1.0945678659786793e-05
0,1.3421270781365508e-06
1,0.28456738414650296
0,1.0103205708765409e-05
0,0.15819562847246774
0,0.2825175609503942
1,0.09695313520308357
1,0.20845296817225936
0,6.851081035383688e-06
0,0.28685732933303487
0,0.00010250889557533278
0,0.27722186792493636
0,0.2866980261949952
0,0.21763844522596476
0,5.514265336574591e-05
0,0.2141379980926204
0,2.0532163904711925e-05
0,0.2739664674553975
0,0.22144620588494368
0,0.00012115479222392604
0,0.00015995649745732463
0,0.00011035719046523304
0,5.502491578937035e-05
0,0.27467153770630137
0,0.16089392198048258
1,0.28791035733615655
0,1.8795918327273924e-05
0,5.730340501544271e-06
0,1.981642438581887e-05
0,6.962940463282748e-05
0,1.379475518792252e-06
0,0.24532194291993414
0,3.4284451285784315e-05
0,2.4829118228679338e-06
0,0.0006322523823462985
0,0.21980099845245046
0,0.0001936541362617907
0,1.1355293991415665e-05
0,0.00013933399768602497
0,3.01375543532346e-05
1,0.2871228560593458
0,0.00011208747094831767
0,0.22161013220289233
0,9.08152773323507e-06
0,1.793109909308558e-05
1,0.20418165169953448
0,0.00019365413627020364
0,0.21574310852674325
0,0.21146529837403427
0,0.2633589883277823
0,0.2869592392121072
0,4.766033166882903e-05
0,3.1472370863968224e-05
0,1.4610116413265158e-06
1,0.2888336724864151
0,1.9568377028296316e-05
0,0.0003325072125155066
0,0.00043863834222560374
0,0.20246657982212965
0,0.00018127450095693833
0,3.72124842838557e-05
0,5.861882777451177e-05
0,0.00021533242521569194
0,0.2505446745614443
0,4.49818401637307e-06
0,5.771977117964286e-05
0,0.16165308336099282
0,3.828228482893881e-05
0,8.181414912698856e-05
0,7.468155139978291e-06
0,3.752470280473796e-05
0,3.464955029871915e-05
0,0.2880672617089523
0,5.238272172369442e-05
0,1.466459776233379e-05
0,0.0012829223594451624
0,2.074717006765674e-05
0,4.546518828322641e-06
0,1.720649102536596e-05
0,6.85201508578951e-06
0,0.2888154149061399
0,0.2250854885229469
0,9.455106699650422e-05
0,5.06694608761422e-05
0,0.22607467266538522
0,0.2176887844975421
0,0.28679933775538335
0,3.710470538854287e-05
0,0.00014234887721159813
0,4.6193161559585917e-05
0,8.646929105011153e-05
0,1.1303957044520002e-06
0,4.722390646306988e-05
0,3.5351962763521786e-05
0,0.20247895320576184
1,0.28578832079887245
0,1.5263453761400397e-06
0,6.429446925424678e-06
0,3.505904075582666e-05
0,0.285726820560451
0,0.2097658310743069
0,3.5170919626017966e-06
0,0.20422926653294324
0,0.0002762075676744209
0,0.2873760156619279
0,0.2799169308201327
1,0.22948152093921173
0,1.0213878540394598e-07
0,0.0004680469987637862
0,0.20471356239273833
0,1.720649102563988e-05
0,0.21774002256202427
0,0.19747620235693716
0,0.23803678201824796
0,4.292260223882534e-06
1,0.23768846551368025
0,0.2881668157353463
0,3.3842784666779224e-06
0,2.0747170066413304e-05
0,0.2739664676092888
0,0.00019017912201390745
0,3.7973571380356905e-05
0,0.2611690823238161
0,5.73545479942012e-06
0,6.9063147899935e-06
1,0.23350738477009098
0,2.2994417748653873e-05
0,0.00018449379644074775
0,0.20816153350750088
0,2.0705201524535055e-05
0,0.23033311100399767
0,0.0001260036808439359
1,0.27966133037540364
0,1.6516704792374224e-05
0,7.408573234821601e-05
0,1.0320704447852913e-05
0,1.9074847470105013e-06
1,0.28472915778454944
0,0.2626944831860859
0,0.22823682642592202
0,0.28706432189799785
0,0.20766242534281776
0,0.28173402116692314
1,0.24700602550037692
1,0.23784476123006024
0,0.2892195835288575
0,1.2242903044227879e-05
1,0.23451077240107357
0,0.09895309443647281
0,5.069783818541169e-05
0,0.2607145999085336
0,9.578295742410525e-05
0,4.358117914265142e-07
0,0.2303724889982685
0,0.00020435254421733332
0,2.2663655602770524e-05
0,0.23800016701928683
0,0.20600909903851286
0,0.00018449379644945452
0,0.0030085172589461007
1,0.2877652383482717
0,0.0012829223613359357
0,0.24907528753302163
0,6.675875239491418e-05
0,0.23868664760330538
0,3.9117696618799204e-05
0,3.6174495213044294e-05
0,2.640761634804553e-05
0,0.21743297750372076
0,5.970417032333459e-05
0,0.23689909470146858
1,0.28890625185032953
0,6.229342667879843e-05
0,0.27164065037616114
0,8.483893425955907e-05
0,0.00029230997205459435
0,0.6567436554059355
0,0.00015237663231447562
0,1.65005945649891e-05
0,0.2177157221695392
0,0.2968992819420167
0,1.6123095682625368e-05
0,5.697811781471154e-05
0,0.2200489039335965
0,5.502491578247725e-05
0,1.8812931882112328e-05
0,0.21707759729505618
0,0.21535582032615883
0,0.27055493695418603
0,0.22356547864314416
0,4.275170806976394e-05
0,6.573325105244668e-05
0,0.20561445500582815
0,0.21307395224409414
0,0.2862970887719064
0,0.22205801104084846
0,2.4164410020065458e-05
0,3.491849633938863e-05
0,2.182145204737964e-05
0,0.2863042052473045
0,1.3043235138044195e-05
0,4.7223906465991676e-05
1,0.21774031406330746
0,0.21346167061385943
0,0.2023399387654213
0,0.11152601143322831
0,0.27645586481246986
1,0.20767810219174745
0,0.00010250889557341354
0,6.631462146301149e-07
0,1.6218789664739014e-05
1,0.2153937729467888
0,0.00016189171601836968
0,0.28544178459692754
0,0.23497964450223954
0,3.402997698136151e-05
0,8.483893426085939e-05
0,0.21420765429228608
0,0.001282922362557235
0,0.2862555892277701
0,0.0012829223584157096
0,0.2587366531119685
0,1.8823106758386202e-05
0,1.3119916392917014e-05
1,0.21774886181040734
0,0.2850387819751967
0,5.600153354292706e-06
0,0.26667497715043337
0,2.7769614842698875e-06
1,0.2889557158177132
1,0.24056889392637065
0,0.00016189171602714513
0,3.3650962392385785e-06
0,1.596752297504955e-06
0,0.2790861329038885
0,0.00023545090483268616
0,4.312940165225456e-05
0,0.21530286780645294
0,0.20358452967514182
0,6.647562581843127e-05
0,2.8846961135629236e-05
0,7.268744677643028e-05
1,0.218748944835772
0,0.255101796297539
0,0.00012483670448414235
0,0.2047060058336489
0,1.476700783794737e-05
0,3.721248427903554e-05
0,0.00018449379644373674
0,0.21090470772402065
0,1.4270050007871937e-05
1,0.2527719919580879
0,2.5961723744992295e-11
0,6.531290669604752e-06
0,0.22136924360960789
0,7.9463930552384e-06
0,0.20252523380397586
0,0.2607771951850564
0,0.20346721425693118
0,2.0700610101181667e-06
0,3.5239019046998204e-05
0,0.20320989802653958
0,0.240244478921106
0,0.2165627509228144
0,0.00011964517172024802
0,2.186462155574462e-05
0,3.365978488763072e-07
1,0.27729150154845295
0,3.883888235909933e-06
1,0.28497156941032303
1,0.20383609917797266
0,0.2678963951540585
0,0.238061781663176
0,0.20612386129705182
0,6.854642431378542e-06
0,0.23494437677643132
0,0.6567436554023465
0,0.0012829223583499115
0,5.531279612131664e-05
0,0.0001279298357275698
0,0.0012829223597576633
0,0.22726119419363952
0,2.4934353066332527e-05
0,0.21341913933337592
0,0.0027419229062983323
1,0.2116048845824682
0,4.025705672923229e-05
0,0.23290029449161598
0,3.646533000993658e-06
0,2.569052221425413e-06
0,3.721248428620702e-05
1,0.2775914551193392
0,2.4307676809363022e-05
0,0.2805485557294704
1,0.25980123155702556
0,6.37817333268886e-05
1,0.23080496131243
0,0.23848435344533192
0,4.601782370241188e-05
0,0.23097513289384008
0,1.7192551750549141e-06
1,0.2839391759193048
0,3.723833978009803e-05
0,0.00010706527959921843
0,2.84064896801249e-05
0,8.323518577575875e-05
1,0.21893487343623413
0,0.00011208747094915282
0,4.877561998411448e-06
0,0.28943483692271
0,1.8304496625758532e-05
0,0.0003421504731102437
0,2.4435787765075017e-05
0,0.22644037939455558
0,0.2729840806541708
0,2.6407616340943126e-05
0,5.629513655006171e-05
0,0.1053102746974433
0,3.812798247879114e-06
0,1.88247916668486e-07
0,7.85257349833682e-05
0,3.6499716122309744e-05
0,8.140093824193075e-05
0,0.0001860724951475576
0,0.2893098520486912
0,3.2949844326666226e-06
0,0.28546237956510134
0,0.3096226249977825
0,0.2842268036376393
0,0.00018403353401463593
0,0.21346167061385943
0,7.62968903552724e-05
0,3.5633586139722343e-06
0,0.2825763054522165
0,2.5804419249367152e-05
0,1.8385652901537567e-05
0,0.20154767865093903
0,0.32806910162522873
0,6.38994953469309e-05
0,7.213873202451519e-05
0,5.308605894372577e-06
0,1.1143256087337376e-05
0,0.19565631012103804
0,0.28851436711350464
0,0.00022490253589685415
0,0.2890170776248543
1,0.22369446610611587
0,0.2882882192486288
0,0.21202318535847994
0,0.23739294939185984
0,0.28230300157516774
0,2.933983112678139e-05
0,1.3389755378001253e-05
1,0.21172473865531835
0,0.000666556280997412
0,4.816246217214429e-07
0,4.8284701985133136e-05
0,0.21403677217741948
0,3.0308616902190673e-05
0,0.20495480442949876
0,0.2360665393910157
0,9.110770581982281e-06
1,0.27908613317648756
0,7.982616398502082e-06
0,2.551767453993059e-05
0,5.324466698040418e-05
0,0.21015849665774725
0,0.00145724617655974
0,3.18696114798079e-05
0,4.067414254530237e-05
0,0.11884407974690703
0,4.4606131514510734e-05
0,1.3051716599966955e-05
1,0.264069577182018
0,9.915274691039184e-07
0,0.001282922358274562
0,0.20921378184076453
0,1.7592781459198858e-05
0,0.20399280489639626
0,2.4931510465656113e-05
0,0.23494694784583242
0,2.437839441758824e-05
0,0.175977677673943
0,0.2488802489711212
0,0.22069494743634047
1,0.28394663494355565
0,0.27934967683186923
0,0.2177496951182778
0,0.21738730517936383
0,3.83937187537121e-05
0,3.789778475212114e-05
0,7.765100770122015e-05
0,0.0003037344315388906
0,5.023725359462257e-05
1,0.28816838309672055
0,0.0012829223651846734
0,4.798029236145681e-05
0,0.20841765699905304
0,0.0019265013438257434
0,5.958866907264144e-06
0,0.232548967310606
0,0.00010827439577389291
0,5.5967092574355836e-05
0,0.0001461566652508957
0,0.20507304210079047
0,7.480967201246624e-06
0,0.20055928084336405
0,3.751279085329502e-06
0,0.2242815142657968
0,1.1751537421883134e-05
0,1.6898115190372923e-05
0,0.0001308247751354412
0,0.25683098260973986
1,0.23781005747379075
0,6.536879394105172e-05
0,0.22549817630342528
0,4.029700731044417e-06
0,0.0003664029344857501
0,8.032124794052145e-05
1,0.2864286010464128
1,0.2176753743642746
0,0.00014579963194217026
0,0.21821123006462145
0,0.00010742491513595373
1,0.28074321859302176
0,0.21611672299871795
0,0.00024472574166351917
0,0.28707823514218606
0,5.184375518763207e-05
0,9.705037250861455e-05
1,0.26394322366283357
0,0.2797463157740581
0,0.19633033634437333
0,9.244985724372525e-06
0,7.444452357132771e-05
0,0.00013082477513784706
0,0.24673734433730146
0,0.22009236437554025
0,1.0510548845772976e-05
0,0.0007199915166336117
0,6.0287481304841855e-06
0,0.26696724176541115
0,4.874364423727771e-06
0,2.504338271827134e-06
0,7.986686137776749e-05
0,3.677891914163261e-07
0,5.9677998181493385e-06
1,0.281018771047334
0,1.519123553137751e-05
1,0.28613378906489845
0,3.476818022838913e-06
0,0.2382037481593051
0,3.764009952099955e-05
0,1.4307904057085453e-06
0,0.24506667207124644
0,0.23651655445370617
0,0.2865269479628173
0,0.28707682333068
0,6.131491043100807e-05
0,0.00010834511198287221
0,1.0734765896177296e-06
0,3.240874878708801e-05
0,0.28105704163420553
0,8.634613413662182e-07
0,6.509832612329762e-05
0,0.0696163607792187
0,4.7223906460167295e-05
0,1.555345823437878e-05
0,0.11834958122130611
0,1.3317553932600282e-05
0,6.0697890010850316e-05
0,0.2713830180343551
0,2.640761634068837e-05
0,9.616485602378931e-06
0,0.25649751816551436
0,3.7101674803831915e-05
0,3.856499948082429e-06
0,0.26254829523304923
0,2.198670238459571e-05
0,1.7920960394514873e-05
0,6.848352367166244e-06
0,3.54727504997599e-05
0,3.789778475552942e-05
0,2.4073644525484448e-05
0,0.00014156844649333992
0,3.129577416014202e-05
0,1.224688125885429e-05
0,3.729724904093975e-05
0,3.816462155356321e-06
0,0.001282922357659721
0,8.348189382075781e-05
0,0.23077441696539877
0,2.299491713572041e-06
0,0.20925539934092913
0,2.5016421763127463e-05
1,0.2269640358961993
0,0.22279904648005971
0,1.6078174454563877e-05
0,0.22923455282512753
1,0.2878960033846443
0,5.8604776590560464e-05
0,0.11522230390639775
0,0.001282922358144815
0,0.00011319530792823157
0,3.4503399288607572e-06
0,0.22050069817946916
0,1.2921894089254627e-06
1,0.2094226299347271
1,0.2862970891000102
0,0.2193555422968077
0,3.3540343260076166e-05
0,0.0003421504731021629
0,5.635106324002023e-05
0,5.281911738242209e-05
0,0.00012322718361829063
1,0.21426758599827064
0,0.0002423158601555673
0,3.07700479417686e-05
0,0.215620233440699
0,0.2801593250133771
0,0.00015807099358282654
0,0.2831008925700966
0,5.2718092101753144e-05
0,1.4757610140613688e-06
0,0.23332588383859643
0,1.2997102066702164e-05
0,9.65487891692058e-06
0,6.160818400555196e-06
0,0.288002977089716
0,2.0929520388593602e-06
1,0.28442994082477413
1,0.22613174136237876
0,3.1119548887146834e-07
0,6.374316385838575e-05
0,0.21531319548126976
0,0.000211214078606722
0,0.27435446360142574
0,2.7586129397832943e-05
0,0.21793010473017008
0,0.04441509812703468
0,3.744203306894365e-05
0,6.05934157761996e-07
0,3.79443597496149e-05
0,5.997250270379017e-05
0,0.2816038837400262
0,0.00013543189431156657
0,0.14460139633359206
0,0.2858510666067075
0,0.2701964197850087
1,0.23225732621811887
0,0.23008153433294323
0,3.710167480574278e-05
0,3.3214723067430486e-05
0,0.2752252144276935
0,8.743155877189226e-05
0,0.2751778031033993
0,0.006205631029244199
0,0.21647825688465575
1,0.2795167181877367
0,0.2074841121217145
0,3.8693318447609016e-07
0,9.878161555353586e-06
0,0.0002654850961561051
1,0.2567124760616192
0,4.153789080301399e-05
0,0.00036597591656582247
0,0.23531171553168181
0,5.019899225627253e-05
0,1.4075875193971789e-05
0,0.0012829223597576633
0,2.5710515711920677e-05
0,0.2765782092522113
0,0.28173402116692314
0,2.6618872140147805e-05
0,4.7223906471234085e-05
1,0.2503035437402092
0,0.23719887016184704
0,4.72239064629834e-05
0,1.2784996488024152e-06
0,0.2874181679904089
0,0.18761574455669228
0,1.803538136270485e-07
0,0.27957680190196627
0,0.001457246181127369
0,5.3313553764301385e-05
0,1.1098646040223162e-06
1,0.23112902258347334
0,0.28797862743413616
0,2.5831211873908646e-05
0,0.2799418389809342
0,3.5851354089082226e-05
0,5.979268199437574e-06
0,0.20229183408270246
0,7.546960148111682e-05
0,0.001282922356964147
0,7.268744677799896e-05
0,0.2894322211681019
0,6.015764536753258e-05
0,0.0002603614147081575
0,1.3425110234935857e-06
0,0.000332507212538754
0,5.948582405701474e-05
0,1.1306138080713494e-05
0,0.21827496665674678
0,8.99497677140836e-05
0,0.2509239302818799
0,0.2881410909162664
0,0.19822085095509442
0,6.515357315138209e-05
0,0.00015108991043166138
0,4.149762727221967e-05
0,3.907756186481855e-05
0,4.287245014637182e-05
0,0.00011964754546675504
0,0.2034603178100907
1,0.2842645587694898
1,0.2872085497813826
0,0.28770065975419296
0,3.067620072193358e-05
0,0.00027221179997791205
0,2.640761634804553e-05
1,0.24728681965629676
1,0.2870827641709966
0,0.20794256661172206
0,0.22342535352651488
1,0.2838490356568543
1,0.4696168849117151
0,0.14632527017912889
0,4.3217425525724704e-06
1,0.21731118275192063
0,0.21492324661204087
0,2.685059986620792e-05
0,2.4983156797857336e-05
0,0.25766867364034196
0,2.9774505710364725e-05
0,0.2781363718325827
0,0.2162958095938049
0,0.2461976802583848
0,0.20950905734116682
0,4.2001236386782525e-06
0,2.480163160028171e-05
0,0.19887669923770382
0,4.233068099768001e-06
0,0.2157421427938931
0,0.14302319718106413
0,1.511789791429566e-05
1,0.26292625092214494
0,6.916791040213145e-07
0,2.057614038384977e-05
1,0.28766607514007303
0,3.1157884036665635e-05
0,1.5057226615241344e-05
0,2.1734693310627327e-07
1,0.2328167149178662
0,5.639828424387643e-06
0,0.2172137626024356
0,1.4780700728232457e-07
0,2.2759120254876864e-05
0,0.2343366937151349
0,0.2482656782322782
0,2.843320170204908e-05
1,0.28659777638117334
0,3.721248428498529e-05
0,7.1631913584280384e-06
0,0.21993894333689554
0,0.27440742045872
0,4.722390646258076e-05
0,7.961304275286201e-05
0,8.814917745551888e-05
0,0.27615825340534084
0,0.0002603614147083826
1,0.21557246638023825
0,8.731804155838161e-05
0,0.001282922358493961
0,0.00017238949377404255
0,5.9057831930496274e-05
0,2.526493171385048e-05
0,3.7254681951775885e-05
0,7.135098310738183e-07
0,0.00019560682301739452
0,7.62974839889314e-05
1,0.20260515022177897
0,7.444452356934796e-05
0,7.415412745179533e-05
0,3.498673851119694e-05
0,0.27092169374734626
0,7.82527281891351e-05
0,0.23814565598603987
0,1.5725205075105415e-05
0,0.27168945173972275
0,0.28832703809719795
0,0.26889389246919
0,0.28613600713634674
0,0.0012829223616550168
0,3.3295695494034666e-06
0,1.076309195128917e-05
0,5.212072230678604e-05
0,0.0002733932381589939
0,0.2176162985086027
0,0.21389182791628256
0,0.2542899652672652
0,6.0294824987666576e-05
0,0.0003524267224858377
0,0.00037515380300455627
1,0.3080131363481663
0,0.15649802362418205
0,0.2536768899831345
0,4.899710588458345e-06
0,0.24066941236922493
0,1.870175045900651e-05
0,0.0001476999866244971
0,5.7075173712483896e-05
0,2.2755178209218786e-05
0,3.71016748076665e-05
1,0.28701179354280226
0,0.2817749215433264
0,1.0077870086812622e-05
0,9.587583541415758e-05
0,0.28371224855924976
0,0.24330313211486956
0,6.378173332439709e-05
0,0.1357044950575265
0,0.28248274647257243
0,3.704258278630904e-05
0,0.00010250889557290211
0,3.469333832714098e-05
0,0.28584707202280324
0,0.23928142357185697
0,0.22574160268963947
0,0.21772813149674544
1,0.2783038100752714
0,7.541857055337977e-05
0,2.6131198743710143e-05
0,0.28705386372153807
0,5.0338266441337504e-05
0,0.16518524897487802
0,5.916642763242747e-05
0,4.6867762122767725e-06
1,0.22108428591076704
1,0.2747449478134104
0,3.3741786838638365e-06
0,5.0036583421722805e-05
0,0.0002775663398252774
0,0.0005818442334434425
0,0.2674272304841541
0,0.0001445634073115411
0,0.00018449379644881262
0,0.25353722275148455
0,5.190322054211015e-05
0,0.22790608101005852
0,2.6044105533884664e-05
0,4.07663486353863e-05
0,1.6718395928887537e-05
0,0.2072734942282029
0,0.19614062227309767
0,0.1163919287391341
0,0.21777423814913774
0,1.428780670260125e-06
0,0.2031739205547063
0,0.2601479732012511
0,0.001282922358933957
0,4.501278575873773e-06
0,0.2727729480022458
0,0.2190343810326638
0,0.00010611894998559761
0,5.9516976492138305e-06
0,8.486890859591138e-06
0,0.27645586478269857
0,0.00011565661279812677
0,0.2251845650441406
0,1.6588337696189074e-05
0,8.083734806466611e-06
0,4.945662894792368e-05
0,0.0001687288359693371
0,0.20642585237027886
0,0.00011208747094894399
0,0.3003652308015394
1,0.2852386030873835
0,0.23728414409019158
0,1.4679375084476976e-05
0,0.2172588239199073
0,0.000468046998755608
0,3.0466507995581167e-05
1,0.22742568499322835
0,0.00015807099356812305
0,0.0004319038529234558
0,0.00015269385575757615
0,0.21774285107636657
0,1.352961673223801e-05
0,0.22495245360175334
0,0.207212099562478
0,0.21918334017373242
0,0.00010250889556940775
0,6.4706099510922204e-06
0,8.503434610481826e-06
0,0.00029225983716524154
0,4.622533004489803e-07
0,0.28174199117403553
0,0.23379709385522665
0,6.378173332578491e-05
1,0.28514046809736154
0,1.7985439341598534e-05
0,5.5747899510881076e-06
0,0.2641904615186582
0,5.887768922611342e-05
0,0.21156374876241008
0,5.240095433007819e-05
0,0.23293661482540107
0,0.23323291620500458
0,6.212758087039721e-08
0,3.475646310584254e-06
0,6.593764098998388e-07
0,0.14738547540854954
0,8.84521214980493e-05
0,6.647562581333756e-05
0,0.28046281389841043
0,0.2173736602272704
0,0.00017821798836778515
0,2.8406489681465792e-05
1,0.20234039167157494
0,9.581586520930299e-06
0,6.925875507111643e-06
0,1.047501653624502e-05
0,0.2016868164526644
0,0.25276300273637553
0,0.00018041551372402552
0,2.7447404785996555e-06
0,2.948943666494565e-05
0,4.108786237551873e-05
0,8.580999857576013e-05
0,0.00022067203348363025
0,2.3646273665984683e-05
0,0.20478566068842577
0,0.00012331432128887663
0,8.95195946879382e-06
0,1.6331229232950635e-05
0,0.2076310877669077
0,0.28817537915059177
1,0.28717842471690047
0,0.26438996264645453
1,0.2174157124262335
0,0.24965216064652154
0,0.13109232491314737
0,0.21719358093329286
0,0.21770577391466223
0,0.0012829223597576633
0,5.125037213592253e-05
0,0.20918917038092807
0,1.931292026624287e-06
0,0.21777305034956032
0,0.2052351826405647
0,3.710167481396805e-05
0,1.7443508496320248e-05
0,7.706631161255475e-05
0,6.4706099510922204e-06
0,1.6058982771532079e-06
0,1.7300355865060106e-06
1,0.2888375549268502
0,0.00011035719047005728
0,4.9963727021698536e-05
0,7.97969832941169e-06
0,0.00013334129693530605
0,0.20373530758016528
0,2.0504571131726455e-05
0,0.2866062310085081
0,0.2866460034154286
0,1.713868033571429e-05
0,4.4158261902699966e-05
0,0.0003877688139742304
0,0.14905687376259993
0,1.4377382848798667e-05
1,0.2606913717397129
0,2.0194841778229522e-05
0,3.514827786932435e-05
0,0.2792728541692975
0,0.00020660776442989878
0,3.3305631225112193e-06
0,8.994976771545745e-05
0,2.5004616232646108e-05
0,0.2454570361421545
0,0.28847744425754884
0,2.0863979856159465e-07
0,4.249374512455616e-06
0,0.0012829223582318278
0,0.00015269385576204792
0,3.5506630299986746e-05
0,0.27018757948231104
0,3.61565509799093e-05
0,0.0004680469987388071
0,4.239323261123353e-06
1,0.20479509268347937
0,0.2803522945236473
0,0.0010348402391463975
0,0.2034494265304672
0,0.00019548845064719836
0,0.00013082477513086903
0,0.2088541169191975
0,4.076249067307691e-05
1,0.2868645735980545
1,0.2873781603297694
1,0.22154165978459686
1,0.21737392218280577
0,6.791805671702894e-05
0,0.2211107832041685
1,0.2325388605336368
0,0.26890232345904175
0,6.901998487097056e-05
0,6.647562581387848e-05
0,6.647562581311876e-05
0,5.375834757169312e-05
0,0.2360895262955212
1,0.28328487658293605
0,0.00015269385575900535
0,2.640761634804553e-05
0,7.533978633547395e-05
0,5.1514654300349187e-05
0,1.879591833582887e-05
0,3.077004794410863e-05
0,9.935870998149134e-05
0,8.771009140691718e-05
0,3.1745081014367444e-05
0,0.0006543897746811967
0,0.22474834256648984
0,0.23581118687276556
0,2.235526611779732e-05
0,0.20232614757067735
0,0.00018403353401463593
0,0.27451224672262714
0,5.877405469820518e-06
0,0.00024472574166351917
0,0.21729330086970533
0,1.6800771590612763e-06
0,0.259563146465288
0,0.25572668355143013
0,0.22637197470516393
0,0.2738541261232822
0,2.640761634804553e-05
0,5.380392281918018e-06
0,9.986468280347042e-06
1,0.23897602265620543
0,0.2833178833983877
0,0.27665170176253634
0,3.361234909364319e-05
0,5.214660425890425e-05
0,0.1106466027889171
0,0.00021533242520921099
0,0.25986187822798595
0,0.2037516303358404
1,0.20818369099056744
0,6.02719791417944e-06
0,0.21582926547795472
0,7.974348935038546e-06
0,3.81254655994388e-06
0,1.4032101842993322e-05
0,0.00013082477513685743
0,1.5128891518243528e-05
0,0.21801304583891154
0,2.0409654254931123e-05
0,0.0001735217802410219
0,5.35016905689388e-06
0,6.252181971657562e-05
0,4.271671647597554e-06
0,3.7218748662255984e-05
0,2.5831211873908646e-05
1,0.23746255677236477
0,0.20772854620618583
0,0.2185321771960453
0,0.21562398957093085
0,6.1004700189572474e-05
0,1.0347999761893391e-06
0,7.268744677866813e-05
0,0.21806277220862333
0,0.0012829223579618244
0,1.022547710767199e-05
0,1.5484419052127453e-05
0,0.20713291562247296
0,6.647562581552033e-05
0,2.4951999109080254e-06
0,6.9063147899935e-06
0,0.2842324785679538
0,2.5016416847137034e-05
0,3.0770047945809166e-05
0,0.22024585995835838
0,0.0001746704012676999
0,4.561469755811575e-06
0,5.944792896447801e-07
0,5.141221177653196e-05
0,0.14729391224387442
0,0.21905726223228333
0,0.00018987329659006055
0,3.077004794451413e-05
0,4.4235887674599054e-05
0,2.4768045568959597e-05
0,0.0012829223647219743
0,0.2895664981215419
0,9.329211400268989e-06
1,0.25083681335813673
0,1.1306138079561202e-05
0,0.22441307844067734
0,2.1480098238548987e-05
0,1.7270294102421272e-05
0,0.2215402421513097
0,0.24623871039053177
0,0.0012829223597576633
0,3.789778474827779e-05
0,7.610668826282498e-06
0,0.00017137609440606865
0,7.268744678122399e-05
0,0.20686467433419356
0,3.849115740738333e-06
0,0.2473084085016474
0,0.21719142353492477
0,4.473611743524907e-05
0,2.640761634206024e-05
0,0.00026036141470919827
0,0.00018449379643257412
0,0.000398861953526997
0,1.051054883936944e-05
0,0.0001618133274185112
0,0.2321526735511544
0,5.195198492456293e-05
0,0.21774369194986604
0,2.231223129637095e-06
0,2.6044105533884664e-05
1,0.23083328969271708
0,4.052881937870587e-05
0,0.21799332131168472
0,0.19994274502824344
0,9.461417196857945e-06
0,0.0007199915166348335
0,5.065249297493145e-07
0,6.920345351864723e-06
0,0.20369936583018616
1,0.2887932777002497
0,3.0095149176420205e-05
0,1.7998069776437757e-05
0,0.0001202572046862113
0,2.79805004789417e-05
0,3.7945738475871266e-06
0,0.20907154873856632
0,8.821501490379456e-05
0,4.822251426439529e-05
0,2.1718294250481593e-06
1,0.23787397564548365
1,0.27051283697424156
0,0.28658406100979944
0,0.28287746766500355
0,0.00017076495584186405
0,0.21285266042408213
1,0.23252393428207144
0,6.88167844631069e-05
0,1.4032101842993322e-05
1,0.23634937246097532
0,0.22936161420019688
0,0.00018768093457971052
0,0.28458496205913564
0,0.3508526480093079
1,0.28587386863187425
0,5.404515492118116e-06
0,0.22430761138217134
0,9.62174522779897e-06
0,0.0001844937964366834
0,0.00011964517171933868
0,3.500577755981107e-05
0,0.20891976389246422
0,0.11653159943290857
0,8.032124794082405e-05
0,8.637941803609833e-05
0,3.532428104829204e-05
1,0.2062637517144752
0,0.2884077631621149
0,1.2226339778273746e-06
1,0.24936823952904733
0,5.996487826504724e-06
0,0.22867085991195846
0,1.5459729082851328e-05
0,3.281809513445511e-05
0,0.00019003997747536375
0,6.5914659512000406e-06
0,0.20447263881145591
0,0.2381335740057024
0,0.264795176476712
1,0.21766393201472634
0,1.5401657197588335e-05
1,0.28310089272209776
0,1.6815837544746252e-05
0,0.2150912167851104
1,0.28268795334743885
0,6.327920666349236e-06
0,0.27636238780584804
0,0.0012829223595311827
0,0.20555822101674356
0,0.2726342752458241
0,5.089008690561628e-05
0,3.1196189786345867e-06
0,0.0003525966381270829
0,0.00018449379643311774
0,5.3695324432072414e-05
0,3.8816357105834393e-07
0,0.23131365070985768
0,0.20232614757067735
0,3.9406237219814e-06
0,2.7112847722674437e-05
1,0.18375336276911797
0,3.5173458185623973e-05
0,1.7774661476357433e-05
1,0.22423187484775123
0,0.23962912983816775
0,0.27463577128950273
0,2.0747170065545105e-05
0,3.844971341392705e-05
1,0.2554271562030399
0,2.8871173577843937e-05
0,3.201215277899735e-05
0,0.0012829223583499115
0,3.315562145460317e-05
0,0.21811250137458824
0,0.001282922357659721
1,0.20879542820410735
0,0.28284266390064206
0,0.20706429094727294
0,0.23770845386108308
0,4.234989256703067e-06
0,0.2872572884370772
0,0.0012829223601639153
0,0.20906021068880906
0,0.20991646665535432
0,0.00011108971570513214
0,5.3964621071225544e-06
0,1.4767007835655404e-05
0,0.20686467433419356
0,6.848352367087889e-06
1,0.269345882388733
0,0.00013082477513086903
0,0.00046804699875410883
0,1.8906086595448062e-06
0,0.0012829223616550168
0,0.23162058937928906
0,0.2431211513644757
1,0.28800906874723015
0,9.932236846529663e-05
0,7.255077131699895e-05
0,8.72540235302344e-08
0,2.8036895574487458e-05
0,2.5970396380114357e-07
0,0.0070000328012977215
1,0.21675159266743335
1,0.2464334865913244
0,0.21605483219339172
0,3.1028449202133465e-06
0,2.8811172583466384e-05
0,4.629716305187561e-07
0,0.2367613785680572
0,4.052881938203933e-05
0,0.00018449379644881262
0,0.2092623211036013
0,0.0001315688067387028
0,0.2843900865815468
1,0.40040632544352306
0,0.21048982462423055
0,7.27121079822663e-05
0,0.2884045786156058
0,0.00053678510883511
0,1.2475059640667188e-05
1,0.2865562214671214
0,0.21773231633430118
0,0.21877087325312367
0,0.21396627274450092
0,0.2831008924997871
0,3.897561699542299e-05
1,0.26503385850396666
0,7.650671935776398e-06
0,0.00038789965726073974
0,2.0293768504902372e-05
0,8.994976771422036e-05
0,0.2650700861465904
0,0.2047891913519269
1,0.2349632687809625
0,0.27830380959718826
0,0.23299917628362493
0,0.2477614993652421
0,0.21626810574493027
0,0.2629301495528142
0,0.24312241709710897
0,7.080436555527704e-05
1,0.2858874005528539
0,0.0145767636896852
0,3.333920571894722e-05
0,3.1449236203062795e-05
0,0.00018449379643784431
1,0.2874603857039461
0,3.089445021123408e-05
1,0.2324598326647089
0,0.18599676817117103
0,5.13956701480184e-06
0,3.077004794472696e-05
0,0.001282922357659721
0,0.27553168410732093
0,0.18607814069319636
0,2.0228932011275035e-05
0,0.23325673562975222
0,0.23026122291948062
0,0.0020575154151281374
0,9.032902446423995e-06
0,0.24320102830650642
0,0.00011700511098453234
0,5.906843906875598e-05
1,0.27396646749199244
0,3.961723705197559e-05
0,0.2831400127640433
0,0.2807110253441541
0,0.0012829223601639153
0,1.0510548839475599e-05
0,0.26764009967858476
0,0.00011964517172135453
0,2.1813654349452995e-06
0,3.838085284983867e-06
0,0.0003877688139789952
0,0.28123738428260975
0,1.4032101842993322e-05
0,6.613373381929398e-05
0,0.0012829223647219743
0,0.28422669261303213
0,0.233335847140736
0,0.19599351586722918
0,5.018813468072864e-05
0,0.2789597640831569
0,3.307142435297175e-05
0,0.2821636287810821
0,2.6718024943099966e-06
0,4.3458525770665635e-05
0,0.12087340594983016
0,0.2023007436462386
0,7.5840614143633584e-06
0,0.0012829223580342526
0,5.695416655543832e-05
0,0.2872941870308766
0,0.28701664700266166
0,3.1030470217096494e-05
0,1.5127259412186748e-05
0,3.064673871364608e-05
0,6.647562581628629e-05
0,0.00017701812233176245
0,3.077004795111581e-05
0,0.0012829223601639153
0,0.27895976466594424
0,0.2869498356930155
0,3.3285159647221526e-05
0,4.9451706960359365e-05
0,0.00012288260468155653
0,3.0413397560679105e-05
0,0.28618891275623587
0,6.29427639191612e-07
0,0.21666261512096277
0,2.2815599104504143e-05
0,0.0001430285921532609
0,7.213588633773495e-05
0,0.00019365410729543057
0,2.347186655655317e-06
0,1.272775945458603e-05
0,0.00014456340731074747
0,0.21766871967257373
0,0.00018449379643884305
0,0.0001248372274958563
0,0.28533215521849187
0,2.2232882527738822e-05
0,0.00016189171603000262
0,0.24818561244982165
0,0.0001526938557565006
0,0.22859016729957904
0,7.508958471069139e-05
0,2.7272117056472353e-05
0,0.20414251195198796
0,0.00034215047311762927
0,0.00015269385576488953
0,0.00010706527960452464
0,0.00010250889557096738
0,4.747884520399292e-05
0,0.20686467433419356
0,0.21571876649524743
0,0.2750230690081412
0,9.87045804238135e-06
0,2.074873102252827e-05
0,6.302806293427928e-05
0,1.5128392859838017e-06
0,0.2865392505227153
1,0.2512841119267749
0,5.416106034415055e-06
0,3.5851354089082226e-05
1,0.27995360212361536
0,3.132731307743386e-05
0,3.201465134413051e-06
0,0.19002812317095294
0,0.0012829223582477825
0,5.503300098475952e-05
0,2.735519576527395e-07
0,0.2225923565622226
0,1.2462105039527654e-07
0,1.8368983547609304e-05
0,0.0001508597909239525
0,7.164360587875694e-07
0,4.294792285236122e-05
1,0.28902529616440653
0,6.015764536842279e-05
0,0.23579504420229355
1,0.21728691767187225
0,6.72196204025154e-06
0,5.456951992137023e-05
0,0.1266763649090897
0,0.00012532113743047668
0,1.5182082092927588e-07
0,4.878708049316857e-05
0,0.221559008434374
0,2.8828218229203258e-06
0,0.27562882898616997
0,2.0603288214389423e-05
1,0.23688192225548516
0,1.1905133152376642e-05
0,0.21774991412258168
0,6.378173332564397e-05
0,1.441416000359821e-05
0,0.2768527512724661
0,0.28820027482417276
0,0.20230254569666728
0,0.21344041938114133
1,0.2173849218011926
0,4.564948310123672e-05
0,0.2369550614358966
0,0.2213876745117513
0,7.057372612504952e-07
0,6.000411869962085e-07
0,0.2332051804812842
0,0.2309006744547771
0,6.647562581377916e-05
0,0.0008396052196035076
0,0.0012829223574887614
0,3.241940074696408e-05
0,0.28925292176164624
0,0.2410837348374422
0,6.156437654289e-07
0,6.647562581448657e-05
0,5.94190326477067e-07
0,0.19567533535293485
0,0.23460668785404717
0,3.180090277874867e-06
0,2.9999383560837814e-06
0,0.00012277518959462702
0,0.20585513854512755
0,3.349355350117388e-07
0,0.2332604356579265
0,0.26628614593075217
1,0.27909840566954774
0,0.23593332200991537
0,3.705792668258507e-06
0,2.186462155574462e-05
0,4.3683374121734896e-05
0,5.0400974327919e-06
0,7.805223327133749e-05
0,0.2465377197649147
0,9.627476357518985e-07
1,0.2884645822240424
0,0.21828620478503824
0,0.21270026482450274
0,6.647562581364597e-05
0,0.20226440740702817
1,0.24997580897464267
1,0.2661768927222739
0,4.6035496529949476e-05
0,0.216335938687868
0,4.379251449388143e-05
0,0.2893938365887344
0,0.23629476282632472
0,0.20994334387556116
0,4.014868045164898e-05
0,0.0014572461761132335
0,6.974184083225042e-05
0,0.2892329989176327
0,5.010785121519067e-05
0,0.27303530466618625
1,0.2177122349151839
0,0.21171928610325416
0,0.19394601569998704
0,0.001282922356757273
1,0.2175202517771568
0,8.483893426266272e-05
0,2.6407616341751355e-05
0,0.24600123998111068
0,0.28314390627574915
0,2.5278945070968025e-05
0,0.00022067203348363025
1,0.2697583707904286
0,0.2566455190129683
0,0.23696098073936397
0,0.28453307756075674
0,6.654729180422179e-05
0,1.8622557052518664e-05
0,3.7212484277154994e-05
0,0.0012829223597576633
0,2.3323725102041758e-05
0,0.1393473822874932
0,0.20835223865624808
0,0.28381424168065916
0,3.907063746262171e-06
0,1.1129919888741868e-05
0,6.419054587765937e-05
0,0.0012829223566442056
0,0.27710452496901095
0,0.2666323365364283
0,0.22050606861864827
0,9.941631123051468e-06
0,0.2428808021016739
0,1.023371132483026e-05
0,0.26536293587325704
0,0.21529903718059595
0,5.383485450675815e-07
0,0.2655963710717821
0,0.1192236470485953
0,2.1750984305380978e-06
0,0.07437587250713365
0,5.0127724537809255e-05
0,0.2838787374412991
0,5.9412025329108775e-06
1,0.2889701375514715
0,3.925837849886804e-08
0,0.23477475077752047
0,2.548803882836741e-06
0,0.2875586309468424
0,0.11608834619580617
0,0.3843033569649998
0,0.00022973346557052338
0,0.2614143365272913
1,0.24920279421531757
0,0.17917551613221355
0,4.0528819384132385e-05
1,0.2174527028211476
0,0.2054490872824998
0,2.0747170067517215e-05
1,0.2883630393483464
0,9.488093098139575e-05
0,0.24557299180875972
0,4.901815653202791e-06
0,4.098536330491087e-05
0,0.0012829223584557114
0,0.22924390129477176
0,0.2609203514705252
0,0.001282922356903563
0,0.2671327345549484
0,0.2438993947936721
0,3.8293396063250414e-05
0,0.6492907880895382
0,4.3513609672980945e-05
0,3.78977847510584e-05
0,0.2865113217817739
0,0.000323438743799995
0,4.781318659623911e-05
0,0.2627717471669852
0,0.00012552349225371777
0,7.337933173114904e-05
0,4.520123530061496e-07
0,6.647562581350771e-05
0,1.613109467928466e-05
0,3.478288356562472e-05
0,0.00010507586738117378
0,0.00021533242521142026
0,0.27934967674819744
0,0.2118640072848643
0,0.21762552177505617
0,2.6486487320542488e-05
0,8.483928912607023e-05
0,0.2882933853412534
0,7.444452357311375e-05
0,5.484384170590457e-06
0,6.536879394382632e-05
0,0.21627195811329006
0,0.00013082477513885271
1,0.28755868029925535
1,0.28186957634519505
0,0.0012829223597576633
0,4.569603609825559e-05
0,1.1541226601964196e-05
0,2.02362841449248e-06
0,5.6457902657603074e-05
0,1.601495332332293e-05
0,0.5443547637356089
0,0.2216733007503833
0,2.318816947508281e-06
0,0.0002153324252102504
0,7.50926353557073e-05
0,4.5905889652347365e-05
0,0.00014456340731725092
0,3.7371334032961574e-05
0,0.2880430684878472
0,1.6992998731404652e-05
0,0.25235116332468865
0,0.2848962201945585
1,0.21076815922706055
0,0.285556444185125
0,0.00012848831162421076
0,0.28416983538676044
0,4.331485947404693e-06
0,6.575206999182999e-05
0,1.7260060553854978e-05
0,0.0003877688139789952
0,0.2023360952931083
0,0.20875795662729066
0,0.2045400233103645
0,6.647562581463665e-05
0,0.22374914844052507
0,1.3066055060100293e-05
0,5.0159491534604725e-05
0,1.3133381962325414e-05
0,0.2888628829754167
0,0.28216378756627447
0,0.23573280617864203
0,0.21572987575797267
0,0.2741879032569523
0,4.149762727251474e-05
0,0.24063042450368954
0,1.4814857693267414e-05
0,3.5262657633337945e-05
0,0.20720442552936402
0,0.2755316837631688
0,0.22807465666086071
0,0.22391000896037846
0,1.7998344677270434e-06
0,0.00013082477513579323
0,4.7223906471234085e-05
0,2.956859980849371e-05
0,2.681944772091099e-06
0,3.797856294330644e-05
0,5.961605926982986e-05
0,0.21764844592737542
1,0.20574554967324715
0,0.00010827439577356099
0,0.2286320794042031
0,0.28735064482680783
0,0.2229404198448416
0,3.855120915441411e-05
0,7.117951436373624e-06
0,2.5348978111151492e-05
0,0.00012061161529489922
0,1.4767007844287819e-05
0,4.690129005192437e-06
0,1.3909797523369597e-05
0,3.198251416073133e-07
0,0.2227976810235028
0,0.00024472574166318323
0,5.365608144627657e-07
1,0.2755189947356097
0,0.0012829223647219743
0,5.44286762712231e-06
0,1.7101918849545168e-05
1,0.6567436553898833
0,3.516648523482961e-05
0,0.00013282957946639002
0,1.9186519337927215e-05
0,0.2092137818953807
0,0.20884217834260532
0,0.2885347820833871
0,0.2072734942282029
0,1.0734778847598815e-06
1,0.20226374516635434
0,0.0012829223571238575
0,0.11498472224293281
0,0.24312890939165974
0,0.27756735108333536
0,0.00015749627562588832
0,0.00023545090481721684
0,6.155221747755087e-05
0,0.2020150885011673
0,3.8143984711891425e-05
0,2.6017289648572805e-05
0,0.00014000420122193386
0,2.5513645376812096e-05
0,1.2423220347286718e-05
0,0.23552984684307737
0,6.452330037164725e-07
0,0.001282922358933957
0,6.647562581467691e-05
0,0.282210292629257
0,5.379415064923844e-05
0,3.65612740508367e-05
0,1.3348538447195928e-06
0,5.596709257468122e-05
0,0.0012829223594961754
0,1.71769344346844e-05
0,0.24518461512161355
0,0.22821333142313932
0,0.26209685184116566
0,0.215183919275728
0,4.359652319906532e-05
0,0.2717219777977425
0,0.00022193535663770316
0,1.1481454277016095e-05
0,0.21848720711815345
0,0.00014304884722738447
0,1.2246881601846183e-05
0,1.4154143861260126e-05
0,0.2894536767903383
1,0.23083668307268287
1,0.2323969815879279
0,0.24129263767374043
0,0.00014456340731340775
0,0.00012181758122294316
0,0.22989716113050773
0,0.0001461566652508957
0,0.27303837341614784
0,0.22076545385760593
0,0.00013066170209605064
0,5.2885011784641296e-05
0,2.074028870919299e-07
0,1.22395060895719e-05
0,2.0068106628368852e-05
1,0.21168383414205702
0,5.735971513063515e-05
1,0.2082667673522576
0,0.2283159856864924
0,4.426407157117759e-08
0,0.28739061640242936
0,0.16040282896218697
0,0.2841779304643933
1,0.28186038057931734
1,0.2322809385456439
0,5.5024915783953296e-05
0,0.00020988019267590796
0,3.3820641107291344e-05
0,0.22795688486601093
0,3.7257953523309816e-05
0,5.206576614879081e-07
0,3.077004795382176e-05
1,0.2885699475675925
0,2.186462155574462e-05
0,0.21800875440757833
0,0.00011592027606295994
0,0.00023545090481721684
0,0.28438845608263347
0,0.20623067147284627
0,0.20841765699905304
0,2.0135895417660224e-06
0,6.647562581114913e-05
0,0.00030735113082810397
0,0.00012496314514160196
0,0.20824482532375754
0,2.093288688689851e-06
0,1.9189195726557536e-07
0,0.35005714886615125
0,0.0001526938557599665
0,0.28400519117738926
1,0.2138340508475165
0,0.2973695139410142
0,0.0004431403663765344
0,0.00014406735428929712
0,0.00028598212043892104
1,0.27331776923400863
1,0.2866717269486672
0,2.1170936308613306e-05
0,0.21676958170762475
0,3.7101674808263646e-05
0,0.00010868408002565072
0,0.26934588232211953
0,6.536879394133886e-05
0,0.222198970627003
0,0.2467267846063229
1,0.22568599570857892
0,0.0012829223572876011
0,0.2611943305754369
0,1.7660724020282117e-05
1,0.2754386307497146
0,0.00014456340730894065
0,0.21701895707487784
0,4.59547633894958e-07
1,0.2857186830347698
0,4.171341223360311e-06
0,8.515995837444183e-05
0,3.132812791307266e-05
0,0.000516861002115875
0,5.695416655351052e-05
0,3.79739331324999e-05
0,0.1602728084971454
0,0.21582214733971883
1,0.23658505474551478
0,0.21807669701540952
0,0.23325460089539535
0,1.3430527614992179e-06
0,3.831007658459016e-05
1,0.2558785636374643
1,0.20980877712046683
0,0.2838516095014173
0,8.85154367679356e-06
0,0.00013082477513884317
0,1.7917637233837337e-05
0,0.2392892767567647
0,0.215239195182239
0,0.20451918156308305
0,2.808048359786273e-05
0,6.676782358572369e-06
0,1.2315770377790357e-05
0,0.00012806886709367286
0,4.399342435538218e-05
0,0.2783038097835092
0,0.21850518535417
0,3.780529419719665e-05
0,0.2120514485145964
0,0.2892454407806417
0,0.0002153324252179016
0,0.2023246155378107
0,7.670514760694927e-05
0,7.28065196993035e-05
0,0.00013082477513808407
0,0.2102347911255369
0,0.2172284610408303
0,1.3674956561758652e-05
0,5.3244666989659244e-05
0,0.2410252154386749
0,2.70703569558187e-05
0,9.50396589459122e-05
0,1.4899173882944578e-06
0,1.3031699595990376e-07
0,0.2843115030859992
0,9.010745891619623e-06
0,7.034601714047407e-05
0,7.268744677709623e-05
0,4.6702300283436105e-05
0,0.001282922357737054
0,1.5324846170272374e-05
0,6.524595292996327e-05
0,0.12665776822318
0,5.201067623655211e-06
1,0.25578658663072945
0,0.2695781901899514
0,1.5284658118907098e-06
0,2.2356546947726528e-05
1,0.27382482654157103
0,0.2760094148363219
0,0.19469186070091735
0,2.2793607547709356e-05
0,0.213737355292369
0,0.0001758122503762894
0,0.00012950305678245585
0,6.877061984712694e-06
1,0.27724249161021136
0,0.14024348186414728
0,0.23109384891407891
0,1.6722298663710195e-05
0,0.0012829223577719019
0,0.28743481424468253
0,1.393689113185696e-05
0,5.433431769921229e-07
0,9.82158747566113e-06
0,0.21682847940525887
0,8.440971908727446e-05
0,2.784531976906411e-05
0,0.2175384467146572
0,5.906872227309927e-05
0,0.00030423783628506757
0,0.23310160703563543
0,1.9033786874118026e-06
0,3.1310778394276386e-05
0,0.0012829223647219743
0,1.4920292468651803e-06
0,2.640761634804553e-05
0,0.20372726423454102
0,0.22042278819036026
0,4.1538037263214434e-05
0,0.23430829422584734
0,5.750969048227308e-06
0,0.24664378464844833
1,0.28431150304832153
0,0.00030372561207943273
0,0.22571790669643255
0,1.4767007844287819e-05
0,0.21855873842909074
0,0.0012829223580699254
0,0.2783038097835092
0,1.8795918330130536e-05
0,0.254061165985735
0,2.7130604169773705e-06
0,0.000111214997816342
0,0.00046346413743137847
0,1.2475671608345557e-06
0,0.27482768154459297
0,0.21471833871700935
0,0.28881541488084206
0,0.0067942725867990664
0,0.00012331432128887663
0,2.640761634804553e-05
0,0.21280834656982883
0,0.14148165822903624
0,0.00012178084867176047
0,0.0003486669483670446
0,0.24420953075331364
0,0.0003685895839377187
0,3.322275517153887e-05
0,0.00028494480722295463
0,2.9163606172820467e-05
0,0.2500727287675837
0,0.0001461566652508957
0,2.64076163408472e-05
0,5.103186672364722e-05
0,0.001282922355349041
0,4.4044647268975635e-05
0,4.590353881499544e-07
1,0.22798560686219738
0,8.483893425826509e-05
0,2.7114255522498598e-05
0,7.268744677866813e-05
0,0.00014456340731506075
0,3.1595718551482954e-05
0,0.0001675927035651988
0,1.4869384998819253e-06
0,0.2751548671603805
1,0.23138225074452162
1,0.25072627816934057
0,1.890374409610495e-06
0,0.0012829223577719019
0,0.22866026010010698
0,3.0011023127180832e-05
0,0.2181378932118255
0,2.801716520622995e-06
0,1.477205593589023e-05
0,2.5831211873908646e-05
0,0.5722368067630811
1,0.22804933601379945
0,0.2880264547204764
0,0.21144015758346404
0,0.26607525563637885
0,0.20422926653294324
0,0.00016027553390940863
0,2.76301627526571e-06
0,0.11552543818888487
0,1.3989047407198414e-05
0,0.22657025915757442
0,0.002448991961405824
0,0.2716555322061177
0,0.23545230776512804
0,0.21746885199837582
0,3.3562322151125256e-05
0,4.722390646191968e-05
0,2.9080227545375403e-06
0,5.4009967912449335e-06
0,0.00021174762457073473
0,0.21291167282920512
0,0.2789093979474991
0,0.00013082477513849024
0,2.9059203787120277e-05
0,1.7443508496320248e-05
0,0.6139650837833633
0,0.2825287921142683
1,0.22637871797048284
0,1.9777331282543902e-05
1,0.6144131829527743
0,0.00016189171603000262
0,4.858566412182691e-05
0,0.24540947166712512
0,4.835961336785855e-06
0,0.2272718548393128
0,1.8848636905793245e-05
0,0.00028732632048363515
0,0.00015071554208550186
0,2.2308676172978793e-06
0,0.00026036141470873824
0,2.080239392566394e-05
0,0.25774372494658304
0,3.5962551003410005e-05
0,0.00011964517172254457
0,8.771542331828056e-05
0,2.4426116044448813e-05
1,0.2273501141301232
0,3.1780541883867636e-05
0,9.415809679391127e-05
1,0.23379834132648025
0,9.621745226995807e-06
0,1.5312021881426516e-05
0,1.984364726413179e-06
1,0.2310579904033981
0,5.1101703669246214e-05
0,2.3555553134272527e-05
0,2.816670909236137e-05
0,4.4999379691731165e-06
0,0.21606784657384814
0,0.28426455820597846
0,0.20997991925683906
1,0.2328500384293873
0,0.2651154492377192
0,2.640761634804553e-05
0,2.5016416847133572e-05
0,0.2858470720479455
0,0.27993020660356643
0,0.001282922359285125
0,0.2733177692060783
0,0.0001844937964365402
0,0.2841264955059165
0,0.28015932443371133
0,4.2981546010406285e-06
0,2.1015772421288877e-06
1,0.6567436553898833
0,9.768485635488347e-05
1,0.2868699064705486
0,7.90660642342723e-05
0,0.23247855805332954
0,6.403883772817233e-06
0,0.2889486365006614
0,0.0001461566652508957
0,4.72239064628569e-05
0,2.6407616345132768e-05
0,0.20735353010233487
1,0.2209099206532926
1,0.28355350551165664
0,0.00011649389652524433
0,0.26400694940174496
0,0.2083429568259794
0,1.6757946667380193e-05
0,0.2023005296720755
0,0.2638430269132991
0,6.657829005181977e-05
0,0.21731154501057784
0,0.289500473662791
0,0.11813851868535323
1,0.2512750821486529
0,0.18155634517265068
0,0.0006234414722129288
0,0.2325993813116415
0,0.20684738817294873
1,0.2875246565999629
0,1.1624543394226064e-05
0,6.080393439438804e-05
0,4.805649352790285e-05
0,7.007698368638187e-05
0,1.3993375124208897e-05
0,0.2783712997373942
0,0.20417369752791079
0,0.2026548474858979
0,5.10694483074112e-05
0,3.775362077397962e-05
0,0.0006992409067777839
0,8.140093824193075e-05
0,5.608217929241148e-05
0,2.600995445174705e-06
0,6.977896909289947e-07
0,0.24324991864565373
0,3.557392889717652e-06
1,0.22982975200456032
0,2.561242693660996e-06
1,0.20077420759635156
0,0.23291962185343887
0,0.22712789987441837
0,3.027077049759773e-05
1,0.2161368627249269
0,2.4693273997050274e-05
0,2.335985292285065e-05
0,5.802766040002903e-07
0,0.00018449379643073363
0,4.634820537829431e-05
0,0.27396646722560064
0,0.00032343874380658637
0,0.27987213232257496
0,0.28071597785329355
0,0.2280536097659071
0,0.20415169441419112
0,5.328419565583746e-05
0,0.23937995826090602
0,0.23523962208848587
0,5.717995174323255e-06
0,0.001282922356773082
0,0.2177018146700343
0,0.27394390753133724
1,0.20974020908205754
0,7.601641723544068e-05
0,1.3969748782553663e-05
0,4.80103071435877e-05
0,5.0346965417367626e-05
0,2.8046950611907122e-05
0,0.28034648428665865
0,0.11494306053682513
0,3.78977847508341e-05
0,0.0014572461774984963
0,0.286800666039263
0,0.00018403353401463593
0,8.994976771905656e-05
0,9.641212638090468e-05
0,0.21760235834144595
0,3.839371875652208e-05
0,3.077004795007093e-05
0,0.09470738021948558
0,0.25813599568561474
0,3.0293423884199034e-07
0,0.20650412279866318
0,8.877894724693121e-07
0,4.722390647217893e-05
0,2.0792804743142238e-05
0,0.0001070652796034038
0,4.052881939132707e-05
0,9.655724283624512e-06
0,0.0001445634073166398
0,0.0001594805383546822
0,0.23334129518313237
0,0.24657054748542429
0,0.2057895660298609
0,5.828239684294041e-06
0,0.21743573583011525
0,0.2671320986298421
0,0.0005504672978480403
0,0.24353734293639231
0,7.268744677949352e-05
0,0.2219876330262665
0,1.0044642514739734e-05
1,0.28526357650846534
0,3.212554916154964e-06
0,0.23057194363947894
0,0.2765632189167994
0,0.16124484348065757
0,0.00026036141470899807
0,0.2783038099252649
1,0.28656225333725277
0,5.323140766750945e-07
0,0.21739150121490272
0,1.641392611073794e-05
1,0.2033383846470742
0,6.647562581400824e-05
0,6.25086087261295e-06
0,3.122421969830731e-06
0,7.396697217649143e-05
0,5.904694596006609e-05
1,0.2508457821932243
0,0.27951352837705984
0,0.2176309490793641
0,2.2823254831880537e-05
0,0.10612836451428632
0,0.26772983352308977
0,8.323784013714037e-05
1,0.23613856173442518
1,0.2234985649541175
0,1.7181537564436558e-05
0,3.8950144016292824e-07
1,0.28759468210250244
0,0.2862697608311499
0,1.5507764138924604e-05
0,8.483893426205437e-05
0,0.001282922360121403
0,0.00024472574166351917
0,0.2866528646793757
0,6.869549182888718e-06
0,0.20503300782184428
0,1.271386401977171e-06
0,0.21716794122088515
0,0.266151246552683
0,1.785250460399074e-05
0,3.820359564078739e-05
0,0.21027962903097963
0,4.0528819377224296e-05
0,0.10311007077004541
0,0.22818894967519368
0,0.2782902594150944
0,2.8406489681336565e-05
0,0.00015164131885661168
0,2.9159690282375517e-05
0,0.00013117416780060868
0,0.21770017752579865
0,8.48389342588576e-05
0,2.0510699041469626e-05
0,9.049057224012537e-07
0,0.0001284095058826929
1,0.21726284022128495
0,0.00015445942761392172
0,0.23913697508108933
1,0.216134564169482
0,0.00013082477513757032
0,0.287208549513051
1,0.28887549050065003
1,0.285326692563715
0,6.648574195736349e-05
0,2.7327256193169348e-05
0,0.1914876983961729
0,0.23236867254199453
0,9.57829574227973e-05
0,2.16173619189583e-06
0,4.634820537829431e-05
0,0.0012829223572683758
0,1.5320012551824942e-06
0,0.2772577101767992
1,0.2023217045330121
0,3.184160375733855e-05
0,0.21741325196797712
0,1.338365602035916e-05
1,0.28776127170397525
0,0.2816114881251297
0,3.167849743853908e-05
0,0.2842607820368772
0,7.458910297229283e-05
0,0.24882576789360428
0,9.286571721704221e-05
0,0.28822167639930063
0,0.21712760211816237
0,0.20793866204137812
1,0.2763721680105635
0,0.27364357615485735
0,0.00014793048221722468
0,0.00028494480722266314
0,0.21701462649278955
0,1.9463081952277904e-05
0,2.186462155574462e-05
1,0.21921342484659043
0,4.473611744195215e-05
0,2.9119018338835455e-05
1,0.28927766076389766
0,3.501607534880137e-05
0,7.745895476761364e-06
0,0.2365963121865496
1,0.28851270325317213
0,1.3632683986567676e-05
0,0.00016271982177681952
0,2.6272879351551784e-07
0,5.12858985198975e-06
0,0.00014030119840804982
0,0.00015869408673918484
0,9.733304175678203e-05
0,0.287700660757118
0,0.0012829223597576633
0,0.18872922961287913
0,4.024510406373516e-06
0,0.28798432799535895
0,0.2797156644004502
1,0.22986064862816286
0,0.25946215750956453
0,2.5831211873908646e-05
0,1.0446776182218164e-06
0,8.188756474215727e-06
0,5.695416655438115e-05
0,2.3913499655912038e-06
0,6.439888643491458e-05
0,0.00026036141470892266
1,0.28638520784392885
0,0.20313753285546887
1,0.26436847240363476
0,5.166728708139247e-06
0,0.00011573203815464597
0,0.21414880225809071
1,0.20749486295855002
0,2.074717007114796e-05
0,3.1560881911046393e-06
0,1.9648248470985564e-06
0,0.21252988174317322
0,0.22124691867322474
0,0.00018403353401463593
0,0.26798229130393497
0,2.052034591047731e-06
0,0.22486290304872628
0,4.3335406531678144e-05
0,1.727937217512909e-05
0,4.479487562041624e-06
0,8.89845356520683e-07
0,0.00015959448687500214
0,7.635414853248632e-06
0,0.00011479685677381973
0,0.0002388825610756648
0,0.001282922357439082
0,2.6407616341591164e-05
0,0.0002895425405402316
0,0.1126937343792733
1,0.274155465544307
0,2.211696186797799e-05
0,0.00010591836931094723
0,0.03883913545095734
0,9.348137552516861e-06
0,7.476624801612037e-05
0,0.23296281488404985
0,0.24381690626280494
0,2.5732434414036765e-06
0,9.971303878574077e-05
0,0.28579937327086125
0,0.001282922360121403
0,9.371931312835243e-06
0,8.483893425692393e-05
0,0.28605687128242835
0,0.21648030775791313
0,2.3804564697229334e-07
0,0.28883403294630167
0,8.032124794072803e-05
0,1.0071799715355825e-06
0,1.054990622998811e-05
0,0.17214752937123384
0,0.2864330541753436
0,3.849684350386264e-06
0,0.00014166878852186446
0,0.2861143430296978
0,1.0435920388102633e-05
1,0.2888152536003395
0,0.0012829223610349568
0,0.20425938286955495
0,0.28049383214579166
0,0.20264980686493234
0,0.2616823786965906
0,0.20855496726107242
0,0.2865562216198858
0,2.755373205921759e-07
0,1.607499421485779e-05
0,2.387459389786845e-05
0,2.458547818344281e-05
0,8.680561730322754e-05
0,0.00013150252576170016
0,0.00013082477513947616
0,0.0002229148976613612
0,2.2698095322949785e-05
0,0.2261054667624543
0,0.2533933038581648
0,0.2629117064244399
0,0.0012829223578786034
0,5.542828722178064e-05
0,9.38617709579536e-06
0,3.7212484281086894e-05
0,2.245462163220433e-05
0,8.609101029831114e-05
0,0.00018449379644881262
0,2.2032326479985924e-06
0,1.9718779958363876e-05
0,0.00015269385575405328
1,0.21703086634784463
0,2.640761634804553e-05
0,0.2050657101543719
0,0.20490827009131032
0,0.00011127558911210415
0,0.21489071308786487
0,0.28899080149786643
0,0.2112751034946488
0,0.0001308247751346995
0,1.1597262050416945e-06
0,1.3355677733177818e-06
0,1.4522151934512009e-05
0,0.0014282729401583108
0,3.829531573214294e-06
0,0.28094764294847574
0,0.2223364413921383
0,0.20235006335145375
0,0.21632566378052828
0,0.2382049660583683
0,3.402508163673564e-05
0,0.0005115295503211097
0,5.099053448374641e-05
1,0.2884378888205258
0,0.24348284328699465
0,0.0002082903821022127
0,2.5581785331398907e-06
0,3.567079321226341e-05
0,0.22519270414027365
0,3.202861288753658e-06
1,0.22522875669613898
0,3.8056109111617243e-06
0,0.24212864792198222
1,0.2755619421002806
0,0.27683364938621813
0,2.2663655602770524e-05
0,2.640761634804553e-05
0,0.0003877688139802201
0,0.2864206491472536
0,0.20546082971453133
0,1.5995357509846578e-05
0,0.2568180632876301
0,4.06044989780839e-05
0,0.00040134941403502595
0,3.1948131731749107e-06
0,0.10955272543408506
0,0.25199798852910005
1,0.28788749519653317
0,2.4416376570789818e-05
0,0.0001341950930414564
0,0.21527758444825623
0,8.760108681313998e-07
0,0.0012829223598114293
0,0.0012829223601639153
0,1.4187038582958502e-05
0,3.829531573632768e-06
0,0.250144176197884
0,9.162895254621971e-06
0,0.00015269385575419786
0,1.2683129772179472e-06
0,0.12696270169024518
1,0.28173402138859077
0,0.22735199098207315
0,0.21812697518434238
0,2.3035330953803885e-06
0,6.974184082997317e-05
0,2.5346683167807665e-05
0,4.722390646480599e-05
1,0.21492783311846714
0,2.186462155574462e-05
0,0.278959764834188
0,0.0001618917160279732
0,1.613109468297104e-05
0,4.12352154839184e-05
0,5.502580170277662e-05
0,1.3811419514349646e-05
0,2.5691388434338814e-05
0,0.23320608130938852
1,0.2334122921618386
0,9.831123544163072e-06
0,0.00016586954567477047
0,3.077004794748549e-05
1,0.28697882211660924
0,0.0012829223570678609
0,0.00016840679043133566
0,0.2168603291940535
1,0.21447381284260222
0,3.5047125065492436e-07
0,2.712207953467537e-05
0,0.20507433986862217
0,0.0001844937964365402
0,0.20993432795009645
0,2.3843898893782232e-05
0,0.20570947034086676
1,0.2243965539730946
0,0.27089218526214975
0,0.00018192645768604822
0,5.202803953305458e-05
0,0.2886109465234031
0,4.774145761509951e-07
0,0.22610049782533542
0,1.7443508496320248e-05
1,0.32047476773821154
0,0.2128655801096882
0,0.25687498001360753
0,5.916282254992704e-05
0,0.0012829223577394758
0,0.0001461566652508957
0,1.2173338717613094e-05
0,3.08058091640782e-06
1,0.2650517427577274
0,0.20229017363308813
0,0.2217333134961131
0,3.605468380381648e-07
0,8.577451558453689e-06
0,0.28404257396253085
0,4.858566412186938e-05
0,0.28428979426940054
1,0.2694695831343459
0,9.8244586744267e-06
0,0.2985659816092248
0,0.2137104583137824
0,0.2838190509765391
0,1.1569735138005608e-06
0,4.704469432861686e-06
0,8.999548904061177e-07
0,0.21946235633997793
0,6.131491043146876e-05
1,0.2835351166264124
0,0.00046804699876983616
0,0.18679957821275484
0,1.3386507048202645e-05
0,0.21773698361905738
0,0.0003578226230359781
0,0.2072734942282029
0,0.2176228081859664
0,0.2890308432401991
0,1.3952720979782018e-05
1,0.22003513188126547
0,5.0605892309321105e-05
0,0.27694968007494053
0,0.2860779516068711
0,2.6044105533884664e-05
0,0.22464849685052765
0,1.1242997523723083e-05
0,0.2067594601078399
0,0.23206286103733456
0,7.26874467773871e-05
0,0.259420627994122
0,1.4701892514184422e-05
0,4.929942394105443e-05
0,6.378173332519976e-05
0,1.8240811634261927e-05
0,0.0003285140859401909
0,0.21745672552124043
1,0.22884777112182944
0,2.1318621686469894e-05
0,0.00015714627396177364
1,0.35218595858698065
0,0.28850365007668216
0,8.462958328854224e-07
0,0.2609543226119304
0,2.5916806124750073e-05
0,3.967576712116497e-06
0,0.20230869193322323
0,2.6407616343840172e-05
0,1.2348071784216776e-05
0,9.273063002502877e-06
0,0.2872515808240346
0,0.20229753624191354
1,0.2856974533774686
0,0.20300849115607386
0,0.2285303396148747
0,0.0012829223601639153
0,8.483893426101597e-05
0,0.23735610675359897
0,3.2293553054191796e-05
0,9.4174276432426e-07
0,0.2501548124091699
0,0.00013576117885690076
0,1.5884646498965648e-05
0,0.0008117932300507374
0,1.691649842795143e-05
0,0.2580944982319418
0,7.979698332733837e-06
0,0.21566544731915524
0,0.20231654435584195
0,0.2723197865673998
0,0.2742802197673357
0,9.782823132509092e-06
0,0.00012924372801332033
0,3.470683614793165e-06
0,0.0005965262969217825
0,2.6593580148502536e-05
0,2.323603368559344e-05
0,0.2547937565564852
0,0.21508963687736857
0,0.00014611335687366757
0,0.26140712087864226
0,0.2195913132265643
0,2.559755318791294e-06
0,1.9316347573413213e-06
0,3.960825808947018e-05
0,4.940521276689621e-07
0,0.005912897403047955
0,0.28924810634720977
0,1.1142403865403882e-05
0,0.001282922357615164
1,0.28466078977279996
0,0.21774974993867263
0,0.00013082477513885271
0,0.26294179139679424
0,7.466162242910034e-05
0,1.284909623120451e-05
0,4.345898056346047e-06
0,5.082614453117396e-05
0,3.184160376872826e-05
0,0.28680066634106427
0,1.034847930495193e-06
0,8.959071653363956e-06
0,5.073253288945801e-05
0,6.250260638734942e-05
0,4.596144116033252e-05
0,9.470132543260109e-06
0,9.23601894949021e-06
0,0.20516427590484948
0,6.536879394275774e-05
0,0.2341862177180283
0,0.28603518156703467
0,1.7477301538892487e-05
0,3.0216563556676494e-05
0,0.2153127732746654
0,0.28363480431162924
0,5.817876448987609e-05
0,0.20750243714671673
1,0.2857943369759792
0,0.21771425644098163
0,1.563235309408815e-06
0,0.1218161440802683
1,0.2856301370756391
0,0.00010425733966426486
1,0.09290011405857256
1,0.3122033602235233
0,1.231577037852249e-05
0,0.001243559720435848
0,4.285998268524021e-07
0,3.789778474905315e-05
0,0.0006138218412623224
0,0.28287632081177644
1,0.28123503337146805
0,0.20250757145531406
0,0.22942270180213614
0,2.640761634804553e-05
0,5.502491579406982e-05
0,0.24665593382115653
0,0.0009172008693666662
0,1.0014665518780142e-05
0,3.3423768657164674e-05
0,0.0009090810642410661
0,2.5255305527936658e-05
0,0.2741944809358156
1,0.28518212632662127
0,2.2815599103908713e-05
0,0.00031324366047477036
0,0.23859251735739484
0,5.166439837964457e-05
0,2.7433801632249818e-05
1,0.22623103940179967
0,0.28611822735629255
0,0.0001080464388778651
1,0.2409060984269465
0,3.710167480189138e-05
1,0.2405409658111184
0,8.384202557310121e-05
0,0.20232614757067735
0,0.1959930820879681
0,0.27911521593570254
0,6.653994817992305e-05
0,0.28621806197341326
0,7.684015401157148e-05
0,3.391373440859442e-06
0,1.3378177173874128e-05
0,0.22554004693717633
0,0.00021533242521220802
0,3.918186650945614e-05
0,1.2246891803517985e-05
0,0.20235683147071742
0,0.2304708517080605
0,0.2105334628663182
0,2.2823254827263327e-05
0,4.722390647944098e-05
0,0.21773107425426164
0,8.25127677002186e-05
0,5.0244569762073364e-06
0,0.23269215673083393
1,0.20959410298821454
1,0.21168270288050614
0,0.22556383514623785
0,0.24095673231617898
1,0.220938741076722
0,0.2177300175748707
0,0.28560464506246497
0,0.00012482432050877915
1,0.2886025342416869
0,0.2810805716507959
0,0.2096149143332868
0,2.640761634804553e-05
0,8.751152657580869e-07
1,0.2879441578393702
0,3.518674284844255e-05
0,0.6298360570304036
0,8.219018077029227e-06
0,0.22627111240880568
0,9.186202134136887e-07
0,0.0010331411394083638
0,4.901152484963981e-05
0,0.28516321152569135
0,0.21767981626527014
0,6.509832612329762e-05
0,0.00013082477514289928
0,0.2116824321292686
0,1.2142734186842301e-06
0,0.0004027149814406776
0,7.268744678593738e-05
0,4.803074401149968e-05
0,4.187069173324671e-06
0,0.00014456340731619667
0,2.074717006823159e-05
0,0.00015269385576204792
0,2.4745643966469892e-05
0,8.630467919000306e-05
0,3.728982078246141e-07
0,1.667989526698146e-05
0,0.1158195857807164
0,0.00013082477514416495
0,0.2298392557665382
0,0.2879015968644604
0,0.2895921735502655
0,0.00013082477514314954
0,0.27116179996176926
1,0.21863822220973847
0,0.0012829223575628317
0,0.21773726553177977
0,0.28178651479621164
0,6.5181443800832895e-06
1,0.28605494011884414
0,1.158702158686176e-05
0,2.3359965748620364e-05
0,6.131491043108812e-05
0,0.2632931416507287
1,0.2838711991193014
0,3.559728781685408e-05
0,0.2859321632653608
1,0.2873638056791824
0,2.3864761327439077e-06
0,5.43116447490585e-06
0,0.210211642161976
0,0.00011964517171882462
0,2.8406489681485372e-05
0,0.21774887290786044
0,0.21959692093472388
0,4.367150766699937e-06
0,4.722390647440661e-05
0,0.20232238583060416
0,0.27895976423916197
0,0.0001113015788417467
0,1.7805709276980674e-05
0,0.20501835845475339
0,2.1320780140734453e-05
1,0.6567436553487438
0,2.929009324692655e-06
0,0.2503717648103203
1,0.2818551360705052
0,0.23929178605529902
1,0.20583552958031673
0,0.2342437148747193
0,0.2321726398796568
0,4.722390646358064e-05
0,0.00011964517171928428
0,0.27830380984410485
0,5.033826643864775e-05
1,0.28925500831366624
0,0.2040834366666242
0,3.721405015951027e-05
0,0.20231667890994362
1,0.21759315486722908
0,0.00011035719045974528
0,7.134362606666568e-06
0,3.202803323347556e-05
0,4.473611744456223e-05
0,0.28799668996408606
0,0.2871941389045876
0,8.834722138630135e-05
0,0.00018449379644268886
0,7.268744678003437e-05
0,8.72023276054152e-06
0,1.0365992578061076e-05
0,0.000119645171722015
0,2.7449754784001495e-05
0,0.00033250721252491553
1,0.28938137888266346
0,0.21881766399244323
0,1.2187453406181359e-06
0,0.00011049048473968311
0,0.2833433455881217
0,9.621745228039875e-06
0,0.28699192613846275
0,6.48208940819805e-05
0,1.619676804455784e-05
0,3.881578533585156e-06
0,2.0747170067060488e-05
1,0.22486689486822814
0,0.25273469948211474
0,1.997259704864195e-06
0,6.835001812871824e-06
0,0.2667815063850272
0,0.22222411306989373
0,1.0269440653486872e-06
1,0.2240156191258009
0,0.2085422246378519
0,0.2773891995448023
0,0.22713699982769658
0,0.28837594702199243
0,0.2831578794827955
0,1.416966908156928e-05
0,0.23259853058996985
1,0.20229698354685904
0,0.0012829223601639153
0,2.640761634804553e-05
0,4.736587608002029e-05
0,9.835491606989162e-05
0,0.24494403880875104
0,0.2174590281898275
0,4.896244368471594e-06
1,0.2850445504385631
0,6.473416869850739e-06
0,0.21089445512572214
0,1.2971742129217688e-07
0,0.00029190227207890793
0,8.461662366654018e-05
0,6.9550894486088765e-06
0,7.548001166740688e-06
1,0.22585688100031598
0,7.26874467778856e-05
1,0.2859351082004255
0,7.021461679876669e-05
0,0.00034823621228943584
1,0.21751703096186994
0,2.2684794039147054e-05
0,4.8324187672187666e-05
0,1.6845749167267006e-05
0,0.00018449379644717003
0,0.0001526938557576472
0,4.5696036109544124e-05
0,0.19195732473687538
0,0.2205738944818327
0,7.709840913913445e-08
0,9.515663855169267e-07
0,0.00011823050612076013
0,2.8664200735558883e-06
0,0.20769934376206287
0,0.20241773767185445
1,0.2424201708485488
0,1.1489838667469805e-05
1,0.2879242983606752
0,0.007178292424900073
0,0.23494012700253847
0,3.757488347068374e-05
0,0.28902337693226177
0,0.2853132911206501
0,2.9821483586857203e-06
0,0.20596327601796233
0,0.2885465482216158
1,0.24210441777059477
0,3.5064280174935927e-06
0,0.2840840036007346
1,0.2869954396620571
0,1.2673382664404804e-05
1,0.2874469124272678
0,1.468423128589268e-06
0,0.20926826730236806
0,3.741568278755081e-05
0,0.2781235024674901
0,0.2890077276502706
1,0.23095369071247993
1,0.2892631729984668
0,5.552108299547886e-05
0,0.0012829223570546442
0,1.7330572695122623e-05
0,0.2205224519678791
0,0.2807646249442243
0,0.00011284727054848593
0,7.103695289860198e-07
0,6.536879394275774e-05
1,0.2544365341272263
0,1.9271089025688387e-05
0,0.2111471116050101
0,0.254893605085382
1,0.21697371323103712
1,0.2554188022005362
0,1.3098163311890046e-06
1,0.20463486722913618
0,2.7940521717775152e-05
0,3.8732331701325635e-05
0,0.2799080095649872
0,2.1799911716939655e-05
0,1.5174296451532593e-06
0,0.28958408708255207
0,2.6974264507206946e-05
0,0.00011964517172233546
0,0.2848543428003067
0,0.20231284782604722
0,0.0001526938557571002
0,0.288694419225097
0,0.2023054988780997
0,0.21142730657547681
0,8.246414723973935e-05
0,3.4140474872510734e-05
0,0.00011035719046353242
0,0.21755980037311068
0,3.425177813481097e-05
0,1.9008684990310088e-05
0,0.2103163780028102
0,1.5178217457708247e-05
0,0.00011327426405862253
0,0.21186787887750158
1,0.28113231322722826
0,2.947813757480451e-05
0,1.8611685728064668e-06
0,0.00014954037463917708
0,0.26801373638262
1,0.25947115761373263
0,0.28497506865897165
0,0.00033250721251791804
0,0.2894412682358377
0,0.21867177501722146
0,5.259202799389423e-06
0,3.0090300787851504e-06
0,9.379076433587089e-07
0,0.0001580709935640887
0,8.257454259189437e-06
0,0.2407659152646686
0,6.647562581497493e-05
1,0.20944918739371407
0,6.509832612329762e-05
0,0.2177216947027471
0,0.24768385876002755
0,0.28699894877086246
0,1.291448160571819e-05
0,0.00015714627396177364
0,0.22210047012910575
0,1.2165320739035913e-05
0,7.458177131512068e-07
1,0.2190513893420445
1,0.23185352646514334
0,0.23313046651874042
0,2.3381527163064486e-07
0,8.483893425814227e-05
0,0.0011173949994023958
0,9.145106606257511e-06
0,0.0001844937964365402
0,0.2604109759673638
0,0.0004212952250467432
0,5.087592717981688e-05
0,9.122201599876052e-05
0,6.662643725002638e-06
0,8.791217597940952e-05
1,0.2826658459350289
0,1.4261120918300828e-05
0,3.06213447474954e-06
0,3.9371044426858595e-05
1,0.2422643024600329
0,0.0001025088955725762
0,1.2034006092164489e-06
0,0.00020173160910041718
0,0.001282922358933957
0,0.0003132436604678961
0,0.2834211808882221
0,0.25469526564591644
0,6.636984578846192e-05
0,9.068255123782491e-05
0,0.0012829223611437227
0,0.20227735635231314
0,4.149762727520418e-05
1,0.2360323769897873
0,3.27302355594456e-05
0,1.0199745031686674e-05
1,0.24023222175496603
0,5.521127097684817e-05
0,0.0012829223591261313
0,2.014190360049348e-05
0,0.20710649637029854
0,0.00545628492850009
0,0.0001526938557599665
0,2.648648732016088e-05
1,0.2484775399030373
0,1.145014758619695e-06
0,3.220717139206176e-05
0,0.2635710408711024
0,0.21439881171660433
0,5.9177866929106396e-05
0,0.2831008922441871
0,0.2833433455881217
0,2.4931510467037044e-05
0,0.25643671319250305
0,3.748873107248604e-05
0,0.20226384497413172
0,0.2520863913702418
0,0.00022976849244955286
1,0.2880328658917708
0,7.268744677732178e-05
0,0.12527117557145742
0,0.00011977948002996095
0,0.21456119543598462
0,7.000021734060018e-05
0,0.0012829223587693312
1,0.24114440136316134
0,0.24147339445871718
0,0.2023302389631717
0,0.2520312104139689
1,0.25920569365390134
0,4.162489394924415e-06
0,0.2238325340129781
0,0.00018449379643354437
0,3.514336281304057e-06
1,0.28644191323669155
0,0.0005312033851417604
0,0.2587336043046324
1,0.23911991236168492
0,1.6059646281067765e-06
0,6.404125136859768e-05
0,0.23551618522554046
0,0.5568058137375753
0,0.28486255708794816
1,0.24477102884871035
0,0.2314347177237931
0,0.0001249631451394253
0,0.23299232278262336
0,4.178211119812159e-05
0,0.2257518951020168
0,1.0843567105352042e-06
0,0.2845330777611483
0,0.00027641890707069054
0,0.12011048504178075
0,5.823195423144801e-06
0,0.2351727589907149
0,0.2894873417316815
0,0.2824963651793115
1,0.23273933426680632
0,2.6407616335896284e-05
0,4.4729066078707886e-05
0,0.20230254569666728
0,1.819340710224523e-05
0,0.0003325072125099829
0,0.00010360800067134444
0,0.284368311763464
0,0.28698671980348756
0,3.1157884036665635e-05
0,0.00018449379643650874
0,0.0012829223589391418
0,0.24310938927558112
0,1.8452663337712665e-05
0,0.24244326829692428
0,2.0343961281662216e-05
0,0.14197719766230257
0,2.8846961130314108e-05
0,0.3060196227670106
0,0.24980025929487465
1,0.25434311299015316
0,2.6809877814932258e-05
0,0.2888036468598151
0,0.22359653369374652
0,0.22360552380643062
0,0.11321477727079225
0,4.7223906471234085e-05
0,0.02620840778233262
0,1.3043606611173332e-06
1,0.28679323540549384
0,0.2837722916162183
0,0.23605140237462016
0,7.26874467778856e-05
1,0.23353630548759155
0,0.28015932443371133
0,0.2874119282112887
0,5.162707516234361e-05
0,5.505903351862402e-06
0,0.2199820127283486
0,0.2034767610560456
0,0.20377429635809485
0,0.2876037749961526
0,0.2338976898384934
0,1.879591833582887e-05
0,9.705037249889943e-05
0,1.052627494872635e-06
0,2.743738653769838e-05
0,0.221909963538264
0,3.960825808078253e-05
0,0.00012219845288569478
0,0.25698862734827893
0,0.00013527480566901965
0,0.2887553393014353
0,6.97418408351603e-05
0,0.2831008924997871
0,0.19843590045712936
0,0.21753594225077655
0,0.22103183014230438
1,0.2595295466414168
0,8.627681280801563e-05
0,0.0003710071938915343
0,1.5972106378748345e-05
0,4.092238705748271e-05
0,0.001457246177976928
0,1.9915445365659074e-05
0,0.2876598464004213
0,1.4699919743801617e-05
0,0.22034990102410346
0,0.2306527338395951
0,0.00016189181406154354
0,0.28872585460107797
0,0.00028954359313479607
0,0.2692281277585351
0,4.6295069227561715e-05
0,0.0005925323824683123
0,0.30650405643254097
1,0.21770044700825014
0,6.667637544062939e-05
0,7.848279904581679e-06
0,0.2423826348654512
0,7.979301114845053e-05
0,2.7051841083209372e-05
0,6.70912814534673e-05
0,0.207097177304127
0,8.681801237656045e-06
0,0.0012829223569879597
0,0.20522852177138662
0,0.00013150252576170016
0,3.7242260722230325e-05
0,6.64756258137134e-05
0,1.3835479193179912e-05
0,0.0001430488472253415
0,4.9011176866505296e-05
0,0.2659435528524993
0,9.118438151707914e-07
0,0.0001308247751402039
1,0.1933243196664387
0,0.22108869252603316
0,8.566095519158898e-05
0,1.958745981548046e-05
0,1.0401121289519161e-06
0,0.3929138529352637
0,2.7783493582762554e-05
0,0.00014304884722474978
0,0.2521608736667184
0,0.2401097087644941
0,0.00011483673074904137
0,0.0001694544713239105
0,0.17657282079978784
0,6.181468873521572e-05
0,0.23661009150322548
0,1.3285147587571237e-05
0,1.7179716153201678e-05
1,0.28176939250691
0,0.22412810926210816
0,0.11575694826359452
0,0.26100197857257623
0,5.694896075338654e-06
0,3.6960316507729366e-05
0,0.2822965895514887
0,0.07122834340913972
1,0.24050337392707635
0,0.21298190838678666
0,9.386177095903468e-06
0,2.2283922772940524e-05
0,6.378173332702206e-05
0,2.9302689291159288e-05
0,2.967881339809597e-05
0,0.22945307361442074
0,0.20934382176470157
0,0.00023545090481721684
0,7.821516266873913e-07
0,8.627681280801563e-05
0,0.28871900812088386
0,8.29668309813917e-05
0,3.035051457821171e-05
0,0.22258231155970207
0,0.2674336791858252
1,0.28781293584592305
0,0.16495561345190704
0,3.505940588452269e-06
0,1.692816699892878e-05
0,4.5995080809092195e-05
0,0.2845965641711156
0,0.2769618400862812
0,0.2881387761533019
0,3.838695650426017e-05
0,5.830014817911176e-06
0,0.21700121548412107
0,1.1996287534848384e-05
0,1.0148921440163298e-05
0,0.0012829223566721824
0,0.001282922359476744
1,0.35245905633431596
0,0.0002153324252196099
0,0.28941343431566796
0,6.807059794102943e-06
0,2.6044105533884664e-05
0,0.24297871172678934
0,0.20611201943424326
0,4.080053156079157e-05
0,4.959657140049534e-06
0,0.21433238183498582
0,0.2204017802790973
0,0.06734845692160384
1,0.28298286835533
0,0.00012331432128887663
0,0.27396646743380293
0,8.483893425838352e-05
0,0.0001476999866234987
0,8.272880918073658e-06
0,4.256715316931694e-05
0,6.204341080326165e-06
0,1.784894166451564e-05
0,9.7239876478623e-06
0,2.220420092325518e-07
0,2.9478137577197408e-05
0,0.2888738666960332
1,0.28766140467722023
0,0.22867140241051448
0,7.656828074920268e-06
0,0.22210120631216884
0,3.1668238776230016e-06
0,0.001282922358589527
0,0.16336160909029313
0,1.963729081246891e-05
0,6.166026515286692e-06
0,4.008177273716499e-05
0,0.00013082477513957233
0,0.2023052513317895
0,1.0301237424648843e-05
0,8.448092609969841e-05
0,9.54698303237146e-07
0,0.0004049089535139327
0,1.27451036781316e-05
0,0.00016824512390514753
0,2.1270711068036183e-05
0,0.00022174057272006379
0,0.22152390359085533
0,9.245425861276466e-05
0,2.9482029426057152e-06
0,0.201087939995691
0,4.213351065696394e-05
0,6.647562581275591e-05
0,1.3378177175421835e-05
0,0.3254368122337874
0,0.2883310513295292
0,9.147730243764367e-06
1,0.2860128995710406
0,0.01076092491085885
0,1.6754815372796725e-05
0,3.829531573383576e-06
1,0.2354955781532344
0,4.91673030702173e-06
0,0.00023666936423170066
0,0.0002090586318897536
0,0.001282922356903563
0,0.2201057124681899
0,0.21732464037876426
0,4.631408352256357e-06
0,0.2200205257261727
0,3.300146415682189e-05
0,3.532508566397608e-06
0,1.8905988439931425e-05
0,0.0003877688139904764
1,0.2827103308330478
0,0.22113209435005002
0,0.00014769998662875759
0,3.830692883809854e-06
0,0.2423891171835924
0,0.21940780315893757
0,3.721874867204654e-05
0,6.223443524225621e-06
0,0.25061939810904665
0,0.23708534533533962
0,0.2889839206350848
0,1.676789363347677e-05
0,0.00018449379644881262
0,0.2174955270205187
0,0.28344703761633655
1,0.28369546886851105
0,2.640761634804553e-05
1,0.23303813675839238
0,0.2612845499694922
0,7.360462280583076e-05
0,4.178715906831703e-05
0,0.2858942479436066
0,0.2815202502934533
0,1.1431802674780876e-06
0,8.335424762265726e-05
0,0.280387026609557
0,0.23209851781203883
0,0.201873864120698
0,0.20954824221064644
0,2.48478550984839e-06
0,0.20465870777416412
0,0.0012829223595311827
0,0.28665566709648593
0,7.945196705129372e-05
1,0.28472071228873896
0,0.23404694901876477
0,6.647562581329659e-05
0,0.28834318446422347
1,0.2664873796058616
0,0.0002153324252171482
0,3.1488530419150906e-06
0,1.6543371384374484e-05
0,4.133276567972378e-06
0,1.0897461480971185e-05
0,6.647562581318596e-05
0,0.26887704200989065
0,0.15249527061460216
0,0.21734663883729233
0,0.2302310652383884
1,0.22176248779571975
0,0.2423145471647897
0,2.3205421442913024e-05
0,0.09078711016536373
1,0.21587795695548298
0,6.867554358101992e-06
0,1.7206491026947666e-05
0,8.032124793803076e-05
0,0.2053119338591142
0,1.879591832960154e-05
0,1.2200660134225092e-05
0,0.23792398963415096
0,7.664599542054527e-06
1,0.2184950303442724
0,6.131491042939248e-05
0,0.0012829223616550168
0,0.09121612139176459
0,1.7377390300352482e-05
0,0.2570273678155191
0,4.965723899230174e-06
0,0.00021533242520504827
0,0.001282922358933957
0,9.828209824382532e-06
0,2.9774505708849417e-05
0,7.268744677898148e-05
0,3.2570813957125376e-05
0,4.0251416696258924e-05
0,1.613109468897637e-05
0,0.233193504177565
0,0.00026962406308937605
0,5.7115634057795035e-05
0,0.2877361498096418
0,5.2053627834122484e-05
1,0.28148382157837903
1,0.2870281307596264
0,3.6483163010179935e-05
0,3.480736412708764e-05
0,6.017904971748894e-06
0,0.00014986937869998103
0,3.2988414352010557e-06
0,0.08035277595103285
0,0.21097911416469847
0,0.2877550171787545
0,3.241453222215962e-05
0,0.0012829223647219743
0,0.24946422259479342
0,0.28837626469319827
1,0.2736958129080176
0,5.0292509891293866e-05
0,0.2872380294108179
0,1.0716425709528798e-05
0,4.016172586309908e-05
0,6.8483523666018226e-06
1,0.27181315902306574
0,0.2172271013665252
0,0.000357569572850142
0,8.994976771363434e-05
1,0.2873570736757455
0,0.0012829223616550168
0,0.21346270650138616
0,0.22455081878786345
0,1.4791427038289255e-06
0,0.23297137884538538
0,7.018288112431725e-05
0,0.20234065949254948
0,3.3850713877095305e-05
0,0.23511351579986034
1,0.28826499052340987
0,2.4951999110021375e-06
0,1.4979919542717205e-06
0,1.613109468897637e-05
0,1.6116467280401943e-05
1,0.25479359755183484
1,0.2574420520742688
1,0.21641956746324828
0,0.00033250721251977853
0,0.24137010789291793
0,2.4813750546716734e-05
0,0.11925366827846527
0,2.0065792437582582e-05
0,3.636513751867277e-05
0,0.21825337271711273
0,4.7223906464459556e-05
0,0.2172842906266778
0,5.3252680957134184e-05
0,5.904694596066937e-05
0,5.2235713187404604e-05
0,2.317488640094832e-05
0,2.622448008217172e-05
0,2.6987191659995347e-05
0,0.21728878993696546
0,4.096308926769919e-06
0,0.22395265366708805
0,2.2796483986325114e-05
0,0.0001844937964365402
0,0.2375839524828012
0,1.1183736057942081e-05
1,0.22027891359678503
0,0.001282922358933957
0,0.2826327922693797
0,0.2857268206643645
0,0.20516427590484948
0,0.28884547811774874
0,2.884696112989813e-05
0,2.9600621229072937e-06
0,0.0012206786300249675
0,3.76098427434219e-05
0,4.052881937512016e-05
0,6.4706099510922204e-06
0,0.00018449379644454902
0,4.2901745925381e-05
0,1.2642418535613164e-07
0,0.2601174465906519
0,4.695942941138843e-05
0,0.00014471678893068033
0,0.23360533662657998
0,3.228113921474951e-05
0,3.64625602447497e-05
0,3.730039660953983e-05
0,1.3504116162016805e-05
0,4.5696036109544124e-05
0,0.21758131880783624
1,0.217979012632554
1,0.22629552967507466
0,0.13075155703468014
0,0.24252960319730485
1,0.24919646208990165
0,2.0434401085551858e-07
0,0.2595291089650495
0,9.18047188625064e-06
0,9.912291505059453e-06
1,0.21986259510967282
0,0.23809798585803646
0,0.2319219183287378
0,0.23985041169814025
0,0.28412176842645565
0,0.28765919544057367
0,0.2388864425928283
0,0.210984334588097
0,0.000108274395775322
0,7.256260755387281e-06
0,1.7805709277072936e-05
0,4.469568957621905e-06
0,0.00014948926437704366
0,0.0003191038150307992
0,0.277384022252318
1,0.28598144893114946
0,8.483893425938276e-05
0,0.21608674317595372
0,7.580329788474573e-05
0,0.10703467147197275
1,0.21608238716642875
0,1.5375508128028638e-05
0,1.1306138079799896e-05
0,0.2893943273966027
0,3.157367284152589e-05
0,2.6407616342245016e-05
0,0.0005379336107763505
0,0.0012829223587646095
0,3.801388381329105e-05
0,0.28666241378381774
0,0.001282922357615164
0,1.0245213465001796e-05
1,0.21270460116879472
0,2.6044105533884664e-05
0,6.289271609223002e-06
1,0.28733637778715726
0,0.2807110253502552
0,1.7443508496320248e-05
0,7.003235415604162e-05
0,9.554240007359842e-06
0,0.00019709977118327192
0,3.16784974365385e-05
0,1.37538032511349e-05
0,0.220885479146512
0,2.2722732577781413e-06
1,0.2865481658304068
0,0.00013398701958140558
0,1.6085767886225345e-05
0,0.2146045633937023
0,1.8885679648027442e-05
1,0.28742563393796794
0,0.00018196287518919624
0,0.23337220778030582
0,0.20661200497209142
0,0.0012829223589055775
0,4.7164588578904186e-05
0,0.20496943667669076
0,6.378173332704936e-05
0,0.1335377970845931
0,8.032124793697445e-05
0,7.719130331925757e-06
0,3.888594231877926e-05
0,0.00033250721252285777
0,0.23558089611114746
0,0.2794644569843227
0,0.18926352246482633
0,1.0694433320182753e-05
1,0.28444886477495307
1,0.3301384176293665
0,0.28937263634521687
0,1.3270446747815088e-06
0,0.0012829223601566048
0,2.217197321740071e-07
0,0.00010473311757869243
0,1.3361579482169157e-05
0,6.976233114346181e-05
0,4.828150085131157e-05
0,0.0012829223601566048
0,0.22122678343155508
0,1.1026611230621044e-05
0,0.21041665403068927
0,3.6314515101319154e-05
0,0.20230160463061228
0,4.455447035240858e-06
0,0.24273082083872838
0,3.721248427964234e-05
0,3.721248427806856e-05
0,0.0001461566652508957
0,0.20645810673082313
0,3.4128240230351815e-05
0,1.3273144820503576e-06
0,0.0012829223586812602
1,0.28797203437899616
0,6.979193959778575e-05
0,0.2772716703432644
0,3.4392697972335194e-05
0,1.282100801710411e-06
0,0.0012829223597576633
0,3.7006540216255147e-06
0,0.26230922582920907
0,8.483893425938276e-05
0,0.21740466031220432
1,0.21728118918252237
0,6.935401538679319e-05
1,0.21501052193703743
0,0.2890552039039518
0,0.23565272826243847
0,0.21416737367725505
0,0.2857981738620975
0,0.0012829223560445445
1,0.28011709320281725
0,1.542437250090276e-05
0,3.1756391905712105e-05
0,6.378173332702206e-05
0,0.24285716389858844
0,3.739161362775295e-05
0,0.271478955907929
0,0.21619808016052464
1,0.28138724561664524
0,2.271127794683348e-05
0,1.4338132057358588e-07
0,0.0012829223651846734
0,0.24268061896372928
0,0.13380683681784805
0,0.21873805289844114
0,0.28837626462423666
0,0.23318133877625213
0,2.551767453993059e-05
0,1.2508056072550743e-06
1,0.21879775534578286
0,0.28248599424669374
0,0.2193429935699038
0,3.934872584121266e-05
0,0.27750172540954254
0,0.314758776468327
0,8.483893425853558e-05
0,5.711982527113524e-05
0,0.2839181682860894
0,3.7101674806265394e-05
0,0.20546985567287537
0,0.001210076798819917
0,0.00033250721253021484
0,0.1746130464495832
0,1.667802563119072e-05
0,0.001282922360121403
0,0.002829378929192544
0,5.462834731130804e-06
0,2.798050048743258e-05
0,1.2897784018371526e-05
0,4.924578393137036e-06
1,0.24887910874159186
0,4.491395396307946e-05
1,0.25805854171726317
1,0.28148750304461956
1,0.28587477221543806
0,0.217257007486877
0,0.00032343874380658637
0,7.583547498434096e-06
0,2.614477884692939e-05
0,5.511922025032975e-05
0,0.0002922598371655991
0,1.5421728899122826e-05
0,0.2337657704539729
1,0.2628631571617097
1,0.28768703122719536
0,6.059798650138326e-06
0,3.233342413865391e-05
0,0.28248599432118243
0,4.533081501285546e-05
0,0.00011479685677278534
1,0.20677043534376224
0,0.23317804246372006
0,0.3052692864313508
0,0.000166586090438463
0,0.2890863575458852
0,0.2139551634417882
0,1.1783881056098354e-05
0,4.722390646634416e-05
0,5.267401027791381e-07
0,0.23244262286291148
0,1.0440177587119474e-06
0,0.22317831891452378
1,0.26223400868059515
0,8.483893425921535e-05
0,2.6099370452127594e-05
0,2.673733347882953e-06
0,3.4224747713818246e-05
1,0.2723352828463327
1,0.2317023918430025
0,1.37538032511349e-05
0,0.18292481514986692
0,0.0012829223601639153
0,0.283303227331983
0,2.816670909236137e-05
0,0.28883802735788944
0,0.22321454841440388
0,6.327117964306152e-05
0,0.25849147680591256
1,0.2719885923809409
0,2.6646918789417895e-05
0,3.361234909709817e-05
0,0.23429819495375104
0,0.17551900855945865
0,1.2182850863018971e-05
0,4.177378782183052e-05
0,0.00018403353401463593
0,3.974341280486963e-05
0,2.0140753384482888e-05
0,0.07993342304712882
0,0.2595120690741395
0,0.00013082477513580903
0,2.5831211873908646e-05
0,2.3546308407844864e-05
0,4.6265214340410795e-05
0,4.13854511490394e-05
0,0.0001308247751413025
0,0.00018449379644131333
0,0.2246172879662142
0,0.28688807561986984
0,0.2911575894979357
0,0.28716577128643694
0,0.00018449379644074775
0,0.21771239572034445
0,0.21758130518222005
0,0.00032343874380658637
1,0.2567922063052247
0,1.3165870711474365e-05
1,0.2868069992627917
0,5.105578663851497e-05
0,5.502491578476824e-05
0,0.2252855493989404
0,0.2621717767790153
0,0.23094056788569173
0,1.4767007834492003e-05
0,6.97418408351603e-05
0,0.2720427116715227
0,3.44516016060245e-06
0,0.1213099615020925
0,5.6954166555916435e-05
0,2.8933511297021113e-06
0,2.4332777922765545e-05
1,0.35158247444410146
0,7.706631161255475e-05
0,5.142634123056599e-05
0,4.230899440626964e-07
0,0.2877021059581629
0,0.23867431690305857
0,5.892550525242823e-06
0,5.578182038254818e-05
0,1.720649102612882e-05
0,0.23219163236438176
0,8.483893426101597e-05
1,0.23259265170895774
0,8.032124793625754e-05
1,0.23485558201824552
0,3.721248428249906e-05
0,3.7768154500705976e-06
0,0.22261427829813457
0,0.25273136464975376
0,2.15695977499027e-05
0,0.2168787099266427
0,1.8938164980901415e-05
0,0.22483753726683586
0,9.69614129057016e-06
0,2.571991027791244e-05
0,5.6954327525837523e-05
0,0.21751831892304882
0,9.996149815066307e-05
1,0.23186338989008756
0,0.00011964517172396306
0,0.0001260893444235072
0,0.27689937154914457
0,0.23652863400193597
0,2.738387840511987e-05
0,8.388827482987291e-06
0,0.00030946561227550756
0,1.1418253525811052e-05
0,0.21493711065460028
0,3.440033001819442e-05
0,4.344686761365259e-05
0,0.26354061016952485
0,0.00023004503682301573
0,0.2889331244140493
0,0.2840256116112171
0,2.640761634804553e-05
0,0.00013961954711078306
0,8.483893425831904e-05
1,0.2607959387308098
0,4.8030744007259494e-05
0,5.2467372237994976e-05
0,0.2870709280080973
0,0.28853191677334245
0,2.640761634804553e-05
0,0.00011035719046771807
0,4.556833357105438e-07
1,0.2824678380303407
0,9.592060591780733e-05
0,0.27715966064607617
0,0.2869570946548671
0,3.5029852845157366e-07
0,3.884207591011286e-05
0,5.502491578078393e-05
0,5.364123388912011e-05
0,4.886843392102045e-05
0,0.38203138154485466
0,1.6131094679779e-05
0,0.21611712077666112
0,1.780205810941394e-05
0,0.2094104410482798
0,1.0381804504508762e-05
0,0.283929171091975
0,0.001282922360121403
1,0.27699275353554165
0,0.0012829223647219743
0,4.043465475633857e-05
1,0.2858452930666833
0,0.2176976820199743
1,0.26966209720895495
0,0.2256284372293692
0,0.24328041869063644
0,0.2774222800835727
0,2.238402353974922e-05
0,0.27469842585411497
0,0.07889621696451617
0,2.96549955602393e-05
0,0.2862503651939278
0,6.015764536877862e-05
0,8.162805101274139e-07
0,0.21875910600364687
1,0.2175708198652484
0,0.20891677298323608
0,1.5969251015009372e-05
0,0.0001396220213684257
0,1.780954041226961e-06
0,6.378173332704936e-05
0,3.40123370571474e-05
0,0.11690097300345656
0,0.20233993866436617
1,0.232013024066918
1,0.6567436554024703
1,0.2812826262496617
0,0.00026036141470810246
0,0.0012829223580590517
1,0.28414406645905765
0,4.72239064682779e-05
0,0.2178617346651349
0,6.405740829470176e-05
0,0.22828351682676146
0,0.25292821895709733
0,2.309480550310058e-05
0,0.23681682758965472
0,7.825272818948509e-05
1,0.2081611178754446
0,5.368133585857961e-06
0,0.260106760183851
0,1.7443508496320248e-05
0,9.133706635505866e-05
0,8.972160421342406e-05
0,0.286910538873035
1,0.22173502340791038
1,0.3058515031209282
0,0.21776576558921806
0,1.8955349691708835e-05
0,3.142769710386994e-05
0,4.837592863692637e-05
0,0.28541062402857614
0,0.20234335821183808
1,0.28680066668091514
0,0.28878130153415965
0,0.20226775901876032
0,0.23295380643034694
0,0.21296504237434388
0,2.186462155574462e-05
0,0.0012829223601639153
0,0.27238407885640603
0,0.2184179518688999
0,3.726580537028256e-05
0,0.28676247415767175
1,0.21572883065701748
1,0.2860213810504598
0,0.00010250889557590451
0,3.5851354089082226e-05
0,0.2238756404344372
0,0.2769968802183014
0,1.471755465133009e-05
0,0.000307771482520717
0,0.0001103571904689455
0,6.918358157384699e-05
0,2.6745681292240517e-06
1,0.2753569682228248
0,0.00014456340731461298
0,2.150209982449934e-05
0,0.21935899068631962
0,0.0002153324252209388
0,0.23398192193490067
0,0.0012829223571721362
0,3.080370409360503e-05
0,3.721248428250098e-05
0,0.0001090951999580791
1,0.23511537008005431
0,0.23996379031843457
0,0.28613378912174814
0,5.747090451032634e-05
0,3.0270677389688893e-05
0,5.6064120778123394e-05
1,0.2176257391601811
0,0.20383775392315404
0,4.408774526377656e-05
0,0.001282922360115854
1,0.2837637586081045
0,0.20737008428013357
0,3.1601391048635176e-05
0,0.28718687255907893
0,3.298293861092373e-06
0,9.671733930728405e-05
0,4.217226920088672e-05
1,0.20355767754825163
0,3.7243437178067845e-05
0,3.750483571751143e-05
0,0.00013806439139542526
0,6.019043467691891e-07
0,0.0012829223575308777
0,0.000242023745379626
0,0.20691227503255372
0,5.692518206352663e-06
0,0.2877524684620197
0,3.476965896579586e-05
0,2.9774809538610417e-06
0,0.23408118445498075
0,9.835491606238754e-05
0,0.20694565588153802
0,0.223168974052476
0,2.5410801612746975e-05
0,7.060522580095892e-05
0,8.067538302621927e-06
0,0.22963626421046662
0,8.679440433601442e-06
0,0.23988171935662864
0,2.75682713060858e-05
0,0.27403436612359006
0,0.00013082477513808407
0,6.625497641589242e-06
0,5.409383120907915e-06
0,0.22439652858544237
0,6.329750890543671e-05
0,0.2893216265706745
1,0.21898538772745665
0,9.835491606767368e-05
0,3.915209495778328e-05
0,3.72736608322052e-05
0,0.2895921737647729
0,0.21383646779012017
0,4.813900484945771e-05
0,7.758485475166656e-05
0,0.21749500309518358
0,0.26120101228594167
1,0.23488446123623327
0,3.260719971547486e-07
0,5.172766319152111e-05
0,0.2346289663306492
1,0.2884517746262763
0,2.086107747487548e-05
0,0.23146402839417293
1,0.2857993735866388
0,2.5326387538437835e-05
0,3.9162515047364535e-05
0,0.0004983945046907788
0,1.4751231220246096e-07
0,1.0860961295877397e-05
0,0.21678738029328334
0,3.7271138833257115e-05
0,0.0001280258804149269
0,0.27382042199940565
0,1.656301528145131e-05
0,6.029400026888029e-05
0,0.22083611167939246
0,0.20987890871528955
0,0.00015948053836397586
0,1.7443508496320248e-05
0,4.264291719472462e-05
0,0.004757598532787241
0,0.28625414318633946
0,0.234749504140396
1,0.20544302580519788
1,0.23928927661270444
0,3.384809320781e-05
0,0.2862371966509053
1,0.22637610581263998
1,0.2865056255075614
0,0.21863318467302909
0,0.28958893383187634
0,0.2708201086468208
1,0.28833966396298627
0,2.128503150655922e-05
0,0.21729089596362777
0,2.0532163904711925e-05
0,0.00011964517172068385
0,1.6607475036761113e-05
0,0.0012829223597576633
0,0.2309434773737435
1,0.21772407853620815
0,1.181771673522939e-06
0,0.28699581503884763
0,0.17201476565804
1,0.2023437487541601
0,2.1975053606664964e-05
0,0.25488943812626025
0,4.227621108162241e-07
0,0.2023054988780997
0,0.1813484844451808
1,0.22710325458892658
0,1.7069528659456908e-06
0,0.00012765943996350412
0,0.2783038098171859
0,0.288544814501032
1,0.2848543431696916
0,0.00014690200357957834
0,0.11597926518085384
0,2.6044105533884664e-05
0,3.525722254695261e-05
0,9.620339328334492e-06
0,1.780570928036286e-05
0,2.1626041119331355e-05
0,0.2859679923783551
0,7.165091301470461e-06
0,0.21742319539463295
0,3.1157884036665635e-05
0,0.2622204103500159
0,2.6125537354610964e-05
0,0.00026036141470889447
0,0.2860099773638298
0,0.22972073706522078
0,7.390277552611907e-05
1,0.2030630119117914
0,0.22676643323903495
0,5.380392282467982e-06
0,1.740741989287435e-06
0,4.9212560184077296e-05
0,0.11848166786991166
0,5.502491578121603e-05
0,0.2833178833983877
0,3.150849984191411e-06
0,0.19130897113787326
0,0.2022860464820929
1,0.2768112573913138
0,3.277618749402348e-07
0,2.2581687199524365e-07
0,8.610606281700678e-05
0,6.705508162702288e-05
0,3.0849292892034376e-06
0,0.0012829223597576633
0,8.721095561301107e-05
0,0.28027200937601243
0,0.20940524898980947
1,0.28601927752669326
0,5.2708039084701285e-06
1,0.28836052092551206
0,1.2778991552786218e-06
0,0.2715262970883735
0,3.0263304407846025e-05
0,0.0012829223583499115
0,0.11819201177704852
0,3.890458542520428e-06
0,0.28173402116692314
0,8.680060943341184e-06
0,0.21501284774601742
0,5.024963788712794e-05
0,8.675223130115522e-07
0,0.2115549782000402
0,0.23294596933885803
0,0.24957520705299585
0,6.308316594255212e-05
0,1.6194684705752374e-05
0,0.2022755263369724
1,0.23600121451571407
0,0.22427900914749105
0,1.3766330036145718e-05
0,1.6762072133548344e-05
0,0.00013097284719461473
0,4.195832755032559e-06
0,0.25359717855200903
0,0.000214069992913367
0,5.632436916243321e-05
0,0.20230372798886243
0,0.0012829223601639153
0,0.2888159307305362
0,3.808457734093547e-05
1,0.23030634089270804
0,0.2870784797102875
0,0.24877390475030933
0,0.252263192863805
0,0.28296576994802136
0,2.0803962473925192e-05
0,7.750628763309472e-05
0,0.21749668431385952
0,0.2171433854928105
0,6.6475625814833e-05
0,1.396224960952376e-06
0,0.26723804541672114
0,0.00013082477513808407
1,0.285283499414888
0,0.225270801672351
0,0.0012829223599429085
0,0.0012829223583499115
0,6.180340539217011e-05
0,5.0605892309321105e-05
0,0.20225916450381762
0,0.22944408493299798
0,1.0486127908576869e-05
0,0.21772066331846576
0,0.21206416880448448
0,4.676810187043746e-05
0,6.7540803892372245e-06
0,0.00010082416349382286
0,1.0089191666048429e-05
0,0.2553255996193416
0,0.00010287243114896613
0,0.21041302763956493
0,0.11819887937048677
0,8.140093824193075e-05
0,0.22987768336074055
0,0.2114081295371389
1,0.28123503337146805
0,6.081454746803037e-06
1,0.2845792171778945
0,3.0816679868016898e-06
0,0.003883985935373123
1,0.28523860321961275
0,0.00012608934441314318
0,0.24375136334365133
0,1.1306138078788068e-05
0,0.2654277730491019
0,2.195150592128722e-05
0,4.598928715485629e-05
0,1.3513578695731043e-07
0,4.245726978761398e-05
0,4.2006903899497e-06
0,0.28112121245928484
0,7.782721542577296e-05
0,8.78267605900947e-05
0,1.7443508496320248e-05
0,3.4382882064424604e-05
0,0.26899833086423464
0,5.045746040406523e-07
0,4.722390647050581e-05
0,6.378173332704936e-05
1,0.28600997739272394
0,0.00023110448909443112
1,0.2858967107426819
0,5.616873912621692e-06
0,5.759872966214942e-06
0,1.476700783546313e-05
1,0.2871454911603529
0,0.28310089252895376
0,0.2256214071962025
0,0.22704901675379346
0,0.20731202557053882
0,0.21728271777082958
0,9.621745227804542e-06
0,0.20758030918515494
0,4.849220222375575e-05
0,5.03821620434503e-06
0,4.7223906470097055e-05
0,1.3683904927939683e-05
0,0.21753010900082229
1,0.26081129477277537
0,8.498185890005578e-06
0,1.4032101842993322e-05
0,0.28635264336472843
0,2.6044105533884664e-05
0,2.831616040124147e-06
0,0.28800421303404244
0,0.2460247481567862
0,3.721248506540295e-05
0,4.959657140049534e-06
0,0.00011406870546192915
0,1.159010762964568e-06
1,0.289285160085942
0,0.00018820341916245934
0,1.6420810725032706e-06
0,0.275531683580761
0,0.2191322355234553
0,0.2782172911687731
1,0.23319772809899164
0,0.0001526938557599665
1,0.23357569447938933
0,1.720649102566201e-05
0,1.3275176830036363e-05
0,1.7091901561455844e-05
1,0.45824510406198776
0,1.4767007844287819e-05
1,0.2735516758904436
0,2.640761634572086e-05
0,0.22179790044277597
0,4.8585664127885955e-05
0,1.646247832214722e-05
1,0.2891305594560517
0,3.6857150641463235e-05
0,0.2807110258767136
0,4.1431460529853907e-05
0,0.21287964810594023
0,0.28310089252895376
0,1.5077588229683758e-06
0,3.721248427798917e-05
0,0.0012829223565390747
0,4.052881938677214e-05
0,0.28936458016847993
0,0.00015269385577111163
0,0.24232221006514734
0,0.20611171950796908
0,0.22462784527688043
0,0.00020508900034818276
0,3.783156457949567e-06
0,0.26623831532616543
0,0.00010415974876063492
0,6.15522174780398e-05
0,0.2859176437521906
0,1.7346243083048332e-05
0,2.074730229972815e-05
0,5.912787220285694e-05
0,0.23359096212863917
0,1.7314957218228327e-06
0,1.5938303285958954e-05
0,0.00013186065824366886
0,6.383429706107963e-05
0,1.0658725399091088e-05
0,0.2870493935772097
0,4.886843393203564e-05
0,0.28375495145732677
0,4.723711044067852e-05
0,0.21902981584107492
0,0.2856162869168915
0,0.289595127875181
0,3.154428790391822e-05
0,4.110569029191076e-05
0,0.00014932465173158696
1,0.2799494935203801
1,0.2869867199364957
0,0.27697192489028716
0,8.994976771720292e-05
0,1.85045158254557e-05
0,0.00012520167800133994
0,0.24479665764176267
0,0.0002491991362619825
0,1.7443508496320248e-05
1,0.2824678499476649
0,0.25459999370517716
0,2.5108560465265466e-06
0,0.2760094154021142
1,0.2896084865708469
0,4.973495421284333e-05
0,1.908843861094132e-06
0,8.038005306710474e-09
0,1.586727826811906e-06
0,2.245462163220433e-05
0,7.678667933829074e-06
0,3.3750236140207594e-05
0,0.2330809676995956
1,0.2163129615987195
0,3.314966569882791e-05
0,4.8710204879811466e-05
0,4.255281164583544e-05
0,0.00015807099356685095
1,0.2870714076690958
0,0.288610076567234
0,0.1298920958242122
0,0.23337810673846526
1,0.22455492527341994
0,2.640761634804553e-05
0,0.00044035801576359384
0,6.1464231751173725e-06
0,8.983571179866595e-06
0,0.2208617861549929
0,0.000214069992913367
0,0.0003751538030004274
0,0.2244527200790054
0,0.24547973151139527
0,0.2023405338346498
0,3.1421442730425715e-05
1,0.22047187122539078
1,0.2891039040182695
0,0.00017238949377445986
1,0.2863808268806552
0,0.20286434494230457
0,0.27594685063278307
0,1.7443508496320248e-05
0,0.0001075936477939094
0,1.794120103853114e-05
0,5.723413939300646e-07
0,1.0175594374242275e-05
0,0.00018449379643623877
0,0.23807886161382624
0,0.49851295354677133
0,0.00013427851974754726
0,1.0048365612012212e-05
0,0.21237524403457347
0,0.00010250889557590451
0,6.165497759872534e-06
0,0.23476911903626427
0,7.602024654819509e-07
0,4.359652318525466e-05
0,0.2875090332069494
0,0.00018449379643364889
0,1.2521828528339409e-05
0,6.647562581552033e-05
0,9.276621410787521e-06
0,0.27873593641856437
0,2.920531484131434e-06
0,0.28770865706929283
0,0.0012829223568543797
0,0.0012829223594451624
0,0.27717878857225103
0,0.22359734164187964
0,2.3147072284062434e-05
0,4.6100855584090797e-07
0,0.23367377046051516
0,3.5351962763521786e-05
0,0.21431541736933213
1,0.22998233913539096
1,0.21906008597340118
0,7.118506922258225e-05
0,6.613340397026295e-07
0,0.2783038097835092
1,0.23279848980717013
1,0.24035069051279329
0,3.7101674804429324e-05
0,0.0001844937964377496
0,0.20231193208346956
0,6.573982953383439e-06
0,5.880830380801358e-06
0,0.26028297663309363
0,3.492907323296761e-06
0,0.26403978338273426
0,3.406775541344965e-05
0,7.979698331397094e-06
0,0.2836379736869762
0,0.25767210254223044
0,4.395252191320324e-05
0,2.3347859690465727e-06
0,0.2628936434445933
0,0.251604679615828
0,2.084188125935753e-05
0,0.18469682038664106
0,0.2052703483534889
1,0.28908275246987636
0,3.146506485570331e-07
0,8.05727838020423e-06
0,0.0012829223568601483
0,7.567631011372385e-06
0,5.324466697963527e-05
0,0.2812350325593875
0,2.3108569251008347e-05
0,1.3673729230009258e-06
0,0.2227930525040427
0,1.8838899446762563e-06
0,0.2510592008329745
0,9.902163921569749e-05
0,0.20230618353409685
0,2.074717006649055e-05
0,1.5078578264736424e-05
0,0.00026036141470771497
0,1.9504575981246684e-06
0,3.710167480763361e-05
0,2.8085680418071722e-05
0,0.21317651118760164
0,3.458521512453888e-05
0,0.28879388313055526
1,0.4436663827719276
0,0.20517681817321362
0,2.5831211873908646e-05
0,3.0774672566735486e-05
0,0.2599634719716352
0,3.001347394638865e-05
0,0.31391402862084383
0,1.613109468897637e-05
1,0.6567436554196175
0,0.21736103691134398
0,5.245107063380108e-06
0,7.204723592882704e-07
0,1.6963138675274734e-06
0,0.21748514447873568
0,0.00013773298834300333
0,3.7257953526098085e-05
0,2.8403770925374813e-05
0,0.20229950693751758
0,1.500807961533816e-05
0,0.21609949501352563
0,4.7365534967690496e-06
0,0.00012181758122294316
0,0.28732007620897887
0,1.1095064775265419e-05
0,1.138471748546846e-06
0,0.23160176832954596
0,2.7940521717775152e-05
0,0.13409035591793525
0,0.2182554236543482
0,0.22822485489254563
0,0.00010250889557004647
0,0.21714719918936706
1,0.3056720577733352
0,9.48012611652962e-05
0,4.382981349837244e-07
0,1.2403508899296208e-05
0,2.9447796958235704e-06
0,7.767335120042321e-07
0,0.00013082477514232352
0,0.00046804699877521787
0,0.00011211873573718737
0,3.866037569703534e-06
0,0.16773920136611362
0,0.21079391634177652
0,0.2154778609037581
0,2.2661588200210556e-05
0,1.7322778423726507e-05
0,0.00014541141904216926
0,9.578295742571637e-05
0,0.0001122825522301633
0,3.721844243987717e-05
0,4.722390646321676e-05
0,2.1192360333656928e-05
0,0.0002603614147089056
0,2.6407616341066163e-05
0,8.842864197434005e-06
0,7.26874467778856e-05
0,3.3953115099005554e-05
0,2.6840546436002107e-06
0,0.2856319453103497
0,0.0001560701469771994
0,0.24203516166833466
0,0.41367905286952483
0,7.11814543628664e-05
0,0.21906000979339846
0,0.00032343874380658637
0,2.6709822999794224e-05
0,7.98118204223877e-06
0,0.00017017251389932924
0,2.6448135310273638e-05
0,3.743907186545902e-05
0,4.3252408440371516e-05
0,6.015764536864697e-05
0,0.00023545090482927615
0,0.28464160544318157
0,0.00018449379643938304
0,1.7443508496320248e-05
1,0.2891823211231921
0,0.2194254014368727
0,6.470274366316057e-05
0,6.131491043162907e-05
0,2.181963048316862e-05
0,0.20783629839921552
0,0.0001580709935713241
0,3.7811653194988113e-07
1,0.23542452906040354
0,2.2901244955543673e-06
0,5.695416655444529e-05
0,1.9373206678170064e-07
0,3.612473111750143e-05
0,0.20233326018147638
0,3.188932160110002e-05
0,0.217682806675571
0,0.26292232095262963
0,2.6784266774150953e-05
0,2.0747170072106558e-05
0,0.2054821741630314
0,2.7980500486112247e-05
0,2.2663655602770524e-05
0,0.11846397294337434
0,0.2493543782714582
0,6.14785103463511e-06
0,1.8795918335405982e-05
1,0.27723498876089303
0,4.14976272710492e-05
0,0.11967250784379105
0,1.7443508496320248e-05
0,0.00014456340731506075
0,3.768694991732888e-06
0,0.12646863918356732
0,4.462171406620875e-06
0,0.2147687263634079
0,0.001282922360121403
0,4.362978566309063e-05
1,0.28809114789976303
0,6.716087950339556e-06
0,0.22102897792486242
0,0.21916374832371593
0,0.2405108594742073
0,0.28881541502345587
1,0.24914278020287112
0,7.045840984235831e-06
0,0.20229848495498204
0,0.0002697443772035445
0,0.00021533242521135296
0,0.00018449379644881262
0,0.0001461566652508957
0,6.131491043127729e-05
1,0.22365782482686078
0,0.00015269385575900535
0,6.14758846332379e-06
0,0.13906953422389023
0,1.4566235169129752e-05
0,0.00012009223528575624
0,0.22209576053233207
1,0.3471575599125894
0,0.23798512303429556
0,3.4251778140694506e-05
0,0.12941591090849064
0,0.21671295079869096
1,0.14840611338651918
0,4.5696036101820193e-05
0,4.874364423325953e-06
0,2.56169165265471e-05
1,0.21864866459150722
0,0.2173023625910449
0,6.162595079823342e-05
0,1.4080591038449117e-05
0,0.2840256113589196
0,0.13920664777502922
1,0.2872389839329686
0,1.773168021704734e-05
0,0.3040935724455591
0,3.264870185895363e-06
0,0.00015380732413144648
1,0.20225601455390407
0,0.2178062174966564
0,2.535934129596976e-05
0,0.00039794985824921555
0,0.0001684568079158241
0,9.93013212728436e-06
0,7.262245603003173e-05
0,0.19129329115638874
0,0.0001844937964365402
0,2.743535056520872e-05
1,0.2832476849291396
0,5.405582762624186e-05
0,2.3464979771093617e-05
0,0.2145411321482738
0,0.2022827361535084
0,0.25921278421899946
0,3.561434451181356e-05
1,0.286913257992123
0,0.00018403353401463593
0,0.2693298020831878
0,0.23470021054799792
0,0.2172518312302039
0,0.0012829223588906866
0,1.8049107388361258e-05
1,0.27198476477440353
0,0.2169326047591687
0,0.0001548318103615087
0,4.548074613061611e-06
0,0.20229950693751758
0,0.23486843699072754
0,0.21734764017185987
1,0.2830619372644265
0,1.22468812625044e-05
0,1.0624156649527736e-06
0,0.2863753625946803
0,2.2075321734093836e-05
0,0.10693160546157712
0,7.757558120231231e-05
0,4.9344435409113096e-05
0,1.1328983283303416e-06
0,2.4229982118962213e-06
0,5.695416655542447e-05
1,0.28299141942289124
0,7.190235781204126e-06
0,0.2894705405923689
0,0.0004998478668669273
0,0.00020017115108446
0,2.9774505708227918e-05
0,0.0012829223616550168
0,1.3784534475883347e-05
0,0.2696059129395694
0,3.4581614847364726e-05
0,4.381932930250107e-05
1,0.21723351903175062
0,0.00013082477513999338
0,0.00025206885300025776
0,7.268744678041356e-05
0,0.0001526938557599665
0,2.0776793095728572e-05
0,1.4032101842993322e-05
0,5.6954166555731904e-05
0,0.2038595413661023
0,1.0975872655276334e-05
0,4.310950574151213e-05
0,9.296608680459287e-06
0,0.28855413404783403
0,1.613109468897637e-05
0,6.042071648187035e-06
0,0.13074685592291357
0,6.0864822984408715e-05
0,0.20380161616876902
0,3.671719058038047e-05
0,1.4767007844287819e-05
0,0.284607589859196
0,3.469311408195165e-05
0,0.23681191604712212
0,0.2304419728250401
0,0.26194886634889525
0,0.2871279589125988
1,0.2303915713421805
0,0.21845803964713162
0,3.300183840254857e-05
0,0.00015476067873978962
0,0.28839190653836483
0,0.28896687999024745
1,0.27730535745747337
0,0.00010440523092751373
0,0.00013551900267707456
0,0.26208685136868637
0,0.2000163860915686
0,0.24246305295113244
0,0.2074774839702292
0,0.20235647459668668
0,0.001282922362557235
0,6.986252383850105e-05
0,6.722214938108142e-06
0,7.408573234791046e-05
0,1.0659735667604101e-05
0,0.2649610282286953
0,0.27693484099109394
1,0.6567436553899492
0,0.22281812976558657
0,4.239551695320496e-06
0,0.22194304519387253
0,3.129577416230478e-05
0,0.19716289774950027
1,0.27600941515873956
0,4.7223906471234085e-05
0,2.9907938198590933e-05
0,9.180647375245592e-05
0,1.2673483569574968e-06
0,0.0001782179883685698
0,1.476700783515232e-05
0,1.0000523352121105e-05
0,0.2034802861765058
0,0.20522766400359607
0,6.848352366055564e-06
0,5.407353193058927e-05
0,0.2854789980486247
0,7.53435552333005e-05
0,4.3864190579440526e-05
0,9.828209823053051e-06
0,0.2193747144136566
0,0.26762235061058437
0,4.7381605300430475e-06
0,2.145352819713786e-05
0,4.946328332894685e-07
1,0.2883570410519033
0,0.00012066903296392855
0,0.00038776881397474067
1,0.2895626135246817
0,0.2886410897033649
0,1.1607203431120305e-05
0,1.7805709279772068e-05
0,7.149354035613046e-06
0,0.28555261912100777
0,0.2063822480618111
0,0.2764615177747149
0,5.415478353405213e-06
0,3.771750432259511e-05
0,0.20229637749144336
0,6.227630934445889e-05
1,0.2804112052493993
0,0.2741879029577606
1,0.22745489895982446
0,1.910768897525086e-05
0,0.2816851797448935
1,0.20773994003618737
1,0.19735064875613648
0,1.4032101842993322e-05
0,0.211024090994262
0,0.2835936086222647
0,0.13005516667310021
0,0.11588623315205177
0,1.3709658136954813e-05
0,2.766261661243636e-05
0,0.31248139425030486
0,9.005516243214329e-06
0,8.032124794137118e-05
0,1.0972511142315435e-05
0,0.280817950833514
0,0.275114474291924
0,4.919605356103663e-05
0,1.4667440415939127e-06
0,3.089188680668691e-05
0,4.722390647390406e-05
0,0.00029919920252621476
0,0.27058480974546495
0,4.33214824562923e-05
0,0.2867541796075415
1,0.2881404182870491
0,2.551767453993059e-05
0,0.28173402108030543
0,1.8608130773586596e-05
0,0.2578927072618147
0,0.2867528724318617
0,2.5831211873908646e-05
0,0.28235192069367393
0,6.731886695898897e-06
0,1.6213292754368564e-06
0,2.112849450707473e-05
0,0.28893312404615534
0,0.22318232456261147
0,2.2159447763350626e-06
0,1.011162888573064e-05
0,0.0001445634073115198
0,0.22052717338596764
0,0.21580205277451386
0,2.8689651784891588e-05
0,0.0002153324252179016
0,3.737567859276982e-05
0,0.2836104279193362
0,0.00018403353401463593
0,0.0001606274880943936
0,1.846080491306762e-05
0,2.7722660612921473e-06
0,5.9299348872181025e-05
0,4.7731415126958315e-05
0,3.831007657928201e-05
0,0.23614402031050816
0,2.393650112036665e-06
0,1.4324880833910775e-05
0,3.153779907281908e-06
0,4.081422137057702e-05
0,0.28747389176447147
0,0.23652141298233717
1,0.23242630105254666
1,0.22306455686509796
0,0.2783038097606253
0,0.20233163018830363
1,0.2096273128208131
0,5.50249157916415e-05
0,1.7208222695165214e-05
0,0.21572971175165642
0,3.52418524435834e-05
0,0.20588930659084592
0,7.973013085240611e-05
0,2.5093132438511965e-05
0,1.2246881259685878e-05
0,9.541280306195695e-05
0,2.2641506655553343e-05
0,0.0012829223575231711
0,4.512643517307034e-06
0,0.23252017301866912
0,8.695077284106548e-07
0,1.1430081853545886e-05
0,3.252193566127471e-05
0,0.000119645171722015
0,3.231676388405672e-06
0,6.378173332484573e-05
0,8.239112538642145e-05
1,0.2890899260244576
0,0.2723362717961174
0,0.0012829223566913576
0,2.2601548024666733e-05
0,0.22023315697367535
0,5.695416655570531e-05
0,2.6219652098439402e-05
0,0.0001618917160245775
0,0.0012829223552943475
0,5.299941064233022e-06
0,0.2841983700949525
0,0.22501081967348183
0,4.149762727280914e-05
0,3.101174948867779e-05
0,4.525998007477702e-05
0,0.27886753794222224
1,0.28619329794420656
0,2.6852576740373625e-05
0,8.032124793718716e-05
0,0.0012829223586812602
0,0.20599629993509097
0,2.1501004781552568e-05
0,1.2248039840762856e-05
0,0.0012829223601639153
0,0.23325376711466544
0,1.7760088915727963e-06
0,8.25759500141663e-06
0,5.8787876891853495e-06
0,0.20986623723598574
0,0.2042761613050516
0,1.551042869670251e-05
0,1.1515437784119647e-05
0,0.1565790169766899
0,2.0706404761873054e-05
0,6.97940297920439e-05
0,0.0012829223601639153
0,0.24653247187853555
0,6.045422743624485e-07
0,0.28822297663262086
0,0.2107197478080269
0,3.746854884916987e-05
0,0.00022017644497978876
0,0.0004319038529125442
0,9.236018948690237e-06
0,0.24636160840471938
0,0.00023545090482667821
0,1.2240038769905881e-05
0,0.22090511302240018
0,0.00026036141470873824
0,1.0575272810032258e-05
1,0.2174615358236848
0,3.4023249064271803e-06
1,0.27908613317858644
0,2.6486487318600102e-05
0,0.2858810907450986
0,0.21634274115133337
0,0.20841765699905304
0,0.00014332894090960036
0,0.26188079107079254
0,0.28751234407066883
0,0.2308597486563191
0,0.23597209734075109
1,0.26713273447415276
1,0.2660001055356774
1,0.2713985237063437
0,0.20987890871528955
0,6.378173332589028e-05
0,0.22090992038784915
0,5.8242554198598836e-08
0,0.2888014006935501
0,4.7223906471234085e-05
0,2.640761634804553e-05
0,6.634834929815542e-05
0,1.665735526109843e-05
0,0.27609157000506424
1,0.26878538401737034
0,0.28665007964561173
0,2.0888909850276267e-06
0,0.0001308247751405401
0,3.063852081302616e-05
0,0.0012829223601639153
0,4.127622123285668e-05
0,0.2615267542898167
0,0.0012829223588906866
0,0.001282922359476744
0,0.22324225733016687
1,0.22697832639468535
0,4.228935522506443e-05
0,1.7334934833066765e-05
0,8.327982181137162e-08
0,0.00013082477513784706
0,0.28462811920369746
0,2.5831211873908646e-05
1,0.22623742984470746
0,6.647563708733115e-05
0,3.561434451214676e-05
0,0.22720753239538716
0,8.032124794052145e-05
0,3.077004794924736e-05
0,0.2641626998010964
0,4.013603484729696e-06
0,0.2855752776679334
0,1.788824983683543e-05
0,0.00012277518959462702
0,0.26182954222704236
0,4.7224302463640404e-05
1,0.2745464862639251
0,0.23053252121895512
0,1.2976723597180862e-06
0,0.2118218772201262
0,0.21434831310288188
0,0.24708465509507843
0,4.4633377036621445e-06
0,2.3395842980617303e-05
0,2.884696112833395e-05
0,0.00022011897576548284
0,0.2389194797605169
0,5.0036583416623856e-05
0,3.7257953527037655e-05
0,9.08391025002556e-06
0,4.374776013866809e-05
0,0.277375429599975
0,3.0263304410732124e-05
0,6.586334532098557e-06
0,8.140093824193075e-05
0,0.27632634742269524
0,0.2096165220625346
0,0.271096824356469
0,1.5716496316905912e-05
0,0.22760170547982705
0,0.2838042756733103
0,0.00013386217575324459
1,0.2855399024438863
0,0.2651307968709006
0,0.2201116154855735
0,2.841705310260817e-05
0,5.772180435124596e-07
0,0.28957814235781437
0,2.007308802282458e-06
0,0.002829378929192544
0,0.00016189171602548692
0,0.2137654922961994
0,0.0001526938557577934
0,4.722390646856209e-05
0,0.11848516684688964
0,0.18788521146390044
1,0.6868136502596359
0,1.2286912998459e-05
1,0.6567436554159398
0,0.27072268977215475
0,0.2764972918806474
0,0.1083549238608095
0,0.2085899189247363
0,0.00012955898847267393
0,0.0001615005983833372
0,0.21397751305731635
0,0.21252971807785528
1,0.22487135302188666
0,0.23702122920428503
0,1.3537713940395642e-05
0,5.07983484412178e-05
1,0.4303779538249842
0,4.0689354032648205e-06
0,1.8753118209327114e-05
0,0.2843115031337468
0,2.1925064759180766e-05
0,4.1065160416761886e-05
0,5.6954166556596976e-05
0,2.8846961132518904e-05
0,0.21021584975241328
0,2.5803543513604888e-06
0,0.10486146150176409
0,0.2853504916106277
0,0.21301817468510043
0,2.104421195711056e-06
0,8.346890694929188e-07
1,0.280484805547065
0,0.05403605726642242
0,7.052100484333261e-06
0,0.21583893598001713
0,6.50983261232079e-05
0,0.23316316083115518
0,0.16529794621383642
0,8.98678477651213e-07
0,1.967274007252543e-06
0,8.461323366571678e-05
0,0.2083898389408408
0,5.324466698034413e-05
0,0.00018449379644373674
0,1.514905265775895e-05
1,0.28499821029624817
0,0.00012536514523890177
0,0.00014468608424716628
0,0.2789597648364601
0,0.24626505921708075
1,0.21772860827045024
0,0.0002354509048241104
0,0.21081700251133584
0,4.710822030678241e-07
0,6.4706099510922204e-06
0,0.20248708416621922
1,0.23325747208884504
0,1.5510078748343918e-05
0,8.396040111912335e-05
0,8.994976771720292e-05
1,0.2674606005682087
0,0.00013398701958382178
0,0.2889133052057011
0,2.6808034845589435e-05
0,1.7206491026171516e-05
0,3.0431873926963783e-06
0,1.537083405520352e-05
0,0.12847849049463628
0,0.23773143580691886
0,0.0012829223586760844
0,1.9655713242528306e-05
0,0.23058697324854863
0,3.595928253183926e-05
0,0.2874605322997248
0,0.2807159782239777
0,0.2867182764467026
0,2.797009891080511e-06
0,0.2832946038552435
0,5.164696781408637e-06
1,0.23958096874444335
1,0.23500413017686575
0,0.2815780982412247
1,0.6567436554159398
0,0.23865225371636922
0,0.26656240191805075
0,0.001282922360714005
0,0.2311621108052664
0,0.24133662598159925
0,1.3499828246991772e-05
0,0.2815640515668583
0,4.984105692203952e-05
0,2.310690069104484e-06
0,2.640761634804553e-05
0,0.2889262093094585
1,0.23809630904750118
0,0.20422926653294324
0,1.8705592147155916e-06
0,0.2031952326334169
0,1.3828349538259003e-06
0,0.21519494429345637
0,4.809263013385945e-06
1,0.27971403856272287
0,1.3514728583412282e-05
1,0.23455761196345828
0,2.6044105533884664e-05
0,0.21183825455875835
0,2.685229956217876e-05
1,0.3031254337413551
0,0.13272584033238258
0,1.1285871530967373e-06
0,0.2867547948573943
0,0.25194421218373747
0,0.001504268330023572
0,0.2325723203274991
0,0.0005897081413126795
0,3.594046878281053e-05
1,0.2235444308776441
0,8.821690800276411e-07
0,0.26819911419533926
0,0.00032178699942308917
0,0.19093813834752088
0,0.0006809404431643846
0,0.00010619398535575872
0,0.24532893528898023
0,0.20536025906865477
0,5.408476401771287e-06
0,7.5840614143633584e-06
0,0.2291454389819235
0,0.18807811963987067
1,0.2284370960724938
0,2.0747170067557608e-05
0,2.0563364683716042e-05
0,0.23256606951956063
0,0.26084444050845595
0,1.3046965933136374e-05
0,2.2092835768220754e-06
0,1.4362367407949944e-06
0,4.8811591578093204e-05
0,4.72239064654123e-05
0,0.20265517983230136
0,0.22564152840803364
0,0.28230300157516774
0,1.7443508496320248e-05
0,4.015501606658944e-05
0,0.28911277927324214
0,6.0179049721864415e-06
0,7.024311427898868e-07
0,0.0001844937964365402
0,1.693180267074311e-05
0,4.2515150463795305e-06
0,3.9217551679566403e-05
0,0.00026989493359287566
0,0.2840256113690982
0,4.5330815008833e-05
0,6.974184083225042e-05
0,7.410754639457995e-05
0,0.2865056252506449
0,6.314492910174654e-05
0,0.24519120469724837
0,0.31779412602965185
0,0.00028494480722288676
0,9.61516428880769e-06
0,0.27987213195013266
0,3.2193510976304e-05
0,2.6991028818626945e-06
0,0.2766201823887635
0,6.344628567592597e-06
0,0.2642549629916856
0,0.2305457657602359
0,8.032124794052145e-05
0,0.27760363148884853
0,2.3208891912263367e-05
0,0.0012829223601639153
1,0.20474548906898163
1,0.27068793066285274
0,0.28284266390064206
0,0.22946308616996655
0,0.21742759112959698
0,4.16726216459271e-06
0,0.12968056753014742
0,2.661830931148163e-07
0,0.00014380178184752782
0,0.22085982519476755
0,1.5858898922823347e-05
0,0.0022310076261378175
0,1.9792018926274003e-05
0,0.0003421504731102437
0,0.00040134941404550763
0,2.0410330240716317e-05
0,7.268744677736387e-05
0,0.24708622303644973
0,0.21725086593306892
0,0.2329589121210087
0,2.074717006982698e-05
1,0.2618342441321862
0,3.721298691418861e-05
0,0.00013150252576170016
0,1.613109468897637e-05
0,5.553294442144596e-05
0,0.21057229777088793
0,6.647562581426494e-05
0,2.48673430078304e-05
0,8.674768709365506e-05
1,0.28959922541953365
0,2.3149968622995348e-05
0,9.578295742645643e-05
0,0.00023456741367108193
0,0.00015869408673918484
0,2.02158276816629e-05
0,0.2812350333039475
0,2.3855768270151364e-07
0,0.2818500811388746
0,0.22058732150085916
0,6.647562581486948e-05
0,5.8723463195435234e-05
0,0.2162060897472945
0,7.135098309789486e-07
0,0.26351231561000854
0,0.2720216362460569
0,4.157495838698123e-05
0,0.0012829223575308777
0,0.22427576487817402
0,1.3295637636097257e-05
0,0.2414154204761864
0,1.596596558453664e-05
1,0.20642573938556583
0,4.47103194495394e-06
0,0.23548034802479872
1,0.23534072510312504
0,1.788694912033764e-05
0,8.140093824193075e-05
0,3.0827058605170455e-05
0,0.0003944314186939148
0,0.2512015654317678
0,1.851631287653301e-05
0,0.2049779149961801
0,0.23086242169568816
0,0.2201813300580249
0,0.25743276327046555
0,8.774926702616532e-05
0,0.27902314026491554
0,0.21815047793310036
1,0.2888312955480824
0,0.2638430266097029
0,4.1033384068628245e-05
0,0.25845744731780373
0,4.699816990242855e-06
1,0.2189061752888182
0,8.361346571943141e-06
0,0.2173768559359052
0,0.22529547950231266
1,0.2409944007037947
0,5.11368048003109e-06
0,1.0466519254912166e-05
0,3.780562799712319e-06
0,0.20953447994674299
0,4.0056344964620045e-05
0,0.23307740672842348
1,0.2861858735031311
0,0.0012829223561109972
0,1.5682778595147136e-05
0,0.2868029471777908
0,0.0001461566652508957
0,5.686311696716859e-08
0,0.0012829223587693312
0,0.296233916458631
0,0.21742073199574755
0,2.4890734049943647e-06
0,2.2249768744387947e-05
0,0.28455950972964883
0,2.470682777838185e-05
0,2.492314753884724e-05
0,3.8818011140106714e-05
1,0.2891039041435397
0,0.0012829223584672007
0,3.789778475211683e-05
0,0.2847824280136023
0,0.21747233968637505
0,2.2898581286921904e-05
0,3.879498773722576e-05
0,4.293096027741562e-06
0,0.15337595258521647
0,0.2840221146652447
0,0.2137373558647475
1,0.2594121812556591
0,8.819363990105341e-05
0,0.00011964517172266123
0,3.361253700182761e-05
0,0.2220912078012759
1,0.23509790054885218
0,5.502491577747831e-05
0,0.0001526938557577934
0,3.8921450996342745e-05
0,0.2328267003855209
0,2.6044105533884664e-05
1,0.27742796830420535
0,0.28680066634106427
0,0.20258913195067813
0,0.26171704637164483
0,4.722390646343183e-05
0,0.00010250889556964754
0,5.01869279333836e-05
0,0.1822952927304084
0,0.2325348998550676
0,6.301892525286616e-05
0,0.21277606755675119
0,6.8505400261618104e-06
1,0.293796650782369
0,0.22396753653608445
0,8.365759342059814e-06
0,0.0012829223601639153
0,0.00013969634160481374
0,0.0001308247751346995
0,0.288221923115431
0,0.2764900048267644
1,0.28915936788076907
0,3.344192967678385e-05
0,2.9774505709898033e-05
0,0.00013082477513766372
0,1.4551385520505678e-05
1,0.23618036972898232
0,0.00015269385575900535
0,0.010147683459344373
0,0.13261751463525542
0,1.0167083306055894e-05
0,0.2872515808287869
0,0.0004145549030434253
0,9.969829139490378e-05
0,0.21751680115482486
0,5.442099389084364e-05
0,0.2350236193871673
0,0.2330298104214662
0,8.189679597651499e-07
0,3.265861562278345e-05
0,0.21542192329772067
0,3.923336939531027e-05
0,0.20565948590238295
0,0.23099814189633208
0,0.20233993866436617
0,0.22389082204048982
0,0.2511968282928164
0,0.2855287954573381
0,3.4299888583302347e-06
0,0.00013553830271743368
0,0.001282922357659721
0,0.21014410759881158
1,0.6567436553820215
0,4.556079877682585e-05
0,0.00026036141470712636
0,1.720649102352104e-05
0,0.2532766214366899
0,0.1328499598061335
0,0.22157584983900092
0,7.946393056725273e-06
0,1.3583273704007738e-06
0,0.08529828850624772
0,0.21035045640405783
0,0.28173402116692314
0,2.792863586798234e-05
1,0.21579764312541802
0,2.6044105533884664e-05
0,7.238749811732074e-05
0,1.8287953172102287e-06
0,6.46440829057444e-05
0,0.2700662640119445
1,0.25751344569263684
0,0.20534044786669406
0,6.573887501135394e-06
0,0.2783712994859768
0,9.370906787133773e-05
0,1.9829697988563634e-05
0,5.1086942370842375e-06
0,5.995904901678601e-07
0,2.5270274622645798e-05
0,0.28433833288857824
0,0.22831189403117133
0,8.70061763892406e-06
0,0.00013082477514232352
0,0.21736486395574056
1,0.27638474009961295
0,0.21893914750328725
0,0.2166207248470725
0,0.20947013344055476
0,0.27592256364254786
0,2.288497207421494e-05
0,7.979698331161128e-06
1,0.2419436598320106
0,8.531758396440515e-06
0,0.0012829223591261313
0,0.21431579458874242
0,0.215898053465686
0,0.00020300716959811347
0,0.1149828764267469
0,5.622239450930468e-06
0,3.7653435388429e-05
0,4.507468462777403e-05
0,5.003658341646281e-05
0,1.2900904833703425e-05
0,0.20444572725849508
0,0.11489752924250045
0,5.026387533618051e-07
0,0.0012829223585535592
0,1.9381558027584745e-05
0,0.21975335648456693
0,2.542095430151863e-07
0,0.25031033610342734
1,0.26057105313068296
0,8.446539324837252e-06
0,0.20713291562247296
0,0.28284266390064206
0,0.1298291106502546
0,0.27019641917124226
0,4.588851410464544e-05
0,5.6954166554753845e-05
0,4.3682525178374983e-05
1,0.20297780912594957
1,0.2191449918856487
0,2.447237642299116e-05
1,0.28125290624901245
0,3.831007658459016e-05
0,2.133174602274962e-05
0,0.27950070991778
0,1.0510548845772976e-05
0,8.032124794295392e-05
0,0.22549188188617406
1,0.2480855631095114
1,0.2858470722049079
0,0.2059398838537714
0,8.7631246795307e-06
0,3.7681844956607646e-05
1,0.4539210944702186
1,0.27705633839546934
0,0.0014572461767275683
0,0.23817182355050032
0,0.11640541264469649
0,0.2876549865415198
0,3.0280647654306013e-06
0,0.2693488029104261
0,5.797998609208316e-05
0,2.276820780925939e-05
0,0.22769537105162885
0,2.4602914459840886e-06
0,2.0532163904711925e-05
1,0.2881344215746976
0,1.217487180645729e-06
0,0.0012829223568601483
0,3.3651522910970524e-06
0,4.953271055428372e-06
0,0.2772349887221031
1,0.23739333511229366
0,1.5758061546659083e-05
0,0.20233163021142195
0,0.21772266376693467
0,9.482778378701465e-06
0,4.72239064682779e-05
0,0.00024472574166351917
1,0.2865225567718654
0,0.00013082477513947616
0,4.874364422701367e-06
1,0.28462000822263095
1,0.21642389837693832
0,7.26874467806315e-05
0,1.175441544631965e-06
0,0.24542690760867164
0,0.21346924909126577
0,0.22159499720130693
0,3.077004794805332e-05
0,7.402361184124296e-06
0,0.2444874616410827
0,0.2891350417704358
0,9.721374185084779e-07
0,1.652462357261995e-05
0,9.069976154408306e-06
0,6.382683449965768e-05
0,1.4870999092645202e-05
0,4.16740945591438e-05
0,9.644128499933063e-05
0,0.21773497829281818
0,2.8624868000975745e-05
0,1.004856372314184e-05
0,0.20226646262839862
0,0.000260361414708335
0,3.333084058256668e-05
0,0.00019861777826126086
1,0.28292943320360087
0,0.2619884379328277
1,0.23451400846499504
0,0.0002994963757186268
0,5.477069750430676e-05
1,0.20443741931752982
0,2.2663655602770524e-05
0,0.00015269385575447935
0,2.101492044748453e-06
0,0.2741648953721537
0,0.0002153324252179016
0,3.839587249589637e-06
0,2.266365559806398e-05
0,0.20626597058870397
0,0.28791196159639476
0,8.454574082874253e-06
0,0.00013366330846356793
0,3.056513249845249e-05
0,1.3929752901355219e-05
0,3.8226832870523826e-05
0,0.27335866270151055
0,8.994976771720292e-05
0,5.3244666978824276e-05
0,0.2230505650764024
0,4.05288193907176e-05
0,3.846092138520099e-05
0,0.0001461566652508957
0,6.152966210508087e-06
0,1.178843948557972e-05
0,0.23395113370723292
0,0.21008347688193968
0,0.2210185823051294
0,3.412168695475366e-05
0,1.732834908115117e-05
0,3.202803323347556e-05
0,4.04628537425361e-05
0,7.590787690461777e-05
0,2.628173791225392e-06
0,1.4870999093673966e-05
0,2.6755742491656632e-05
0,5.304217199468207e-06
1,0.27956991563398687
1,0.2805588121751738
0,0.20229087897768472
1,0.187449916296517
0,0.2506398951735976
0,0.2591685179401674
0,0.28663304270189505
0,0.20639979374762388
0,0.28840806488242826
0,6.647562581497599e-05
1,0.23493670930497484
1,0.2450810818176353
0,1.6522335766963626e-05
0,0.2840256111209232
0,1.6698304821351402e-06
0,0.28684323301319004
0,5.0771953352739145e-05
0,0.24084627682744722
0,0.2962005261015634
0,0.21773190040320733
0,0.285678291424775
1,0.17147193312225917
0,7.553283061855181e-05
0,0.0001509887758952812
0,5.324466698630169e-05
0,8.140093824193075e-05
0,0.22025181947617992
0,0.10346401523647303
0,0.2579012021969772
0,0.2719535316142781
0,1.613109468897637e-05
0,0.2862507457512426
0,0.00011964517172117028
0,0.21720717044125598
1,0.28720511070100035
0,0.00018449379643425276
0,0.0012829223588906866
0,0.230623720956883
0,4.529524560803875e-07
0,2.4528826289179707e-05
0,1.6225637307758397e-05
0,0.28884774642285554
0,0.0014572461782200482
0,2.6744432630023335e-05
0,0.0001618917160338233
0,2.7807092064925023e-05
0,0.22685755303187818
0,4.893417497557192e-05
1,0.2721532136920574
0,3.3172712896044525e-05
0,1.1336549693771932e-05
0,0.00011035719046523304
0,0.2718296336921746
0,2.641651735395203e-05
0,0.00010250889557341354
0,0.23318156147182376
0,6.766025328594128e-05
0,1.1026611231081005e-05
0,0.28871070778221325
0,0.26258981649246305
0,0.0012829223567739855
0,0.00010250889556988369
0,3.766408839368482e-05
0,1.1867223657377581e-05
0,5.324633587461235e-06
0,8.461323366571678e-05
0,1.7443508496320248e-05
0,1.028300547631803e-06
0,0.0001147968567802963
0,3.498896060440104e-05
0,0.2335407164410472
1,0.286505625510476
0,0.23148938224875232
0,0.00010454647309223845
0,0.00013473216726694114
0,1.921454267167088e-05
0,0.2172204373902016
1,0.2862093489362176
0,0.00016759270357073636
0,1.1317604614766033e-05
0,0.2170698618126957
0,0.12900669813480875
0,0.2789801913877737
0,6.848352366799699e-06
0,5.1568845111062496e-05
0,1.489513807765886e-06
0,0.27934967674819744
0,2.1414336999684076e-06
0,0.17338952042359743
1,0.22212994503603445
0,0.001282922357830996
0,8.426533407950795e-05
0,9.994111112809132e-05
0,0.2875812197717931
0,8.150239371192399e-05
1,0.2877752596034574
0,2.0405487215224317e-05
0,2.9774505709501425e-05
0,9.828307202946324e-06
1,0.28675287280747214
0,0.28485434274801763
0,0.00015237333331503313
0,0.25220271911878
1,0.28572189918229046
0,3.7495118572654705e-05
0,6.889591544973836e-05
0,9.478206709669314e-05
0,2.7940521717775152e-05
0,9.656094112268412e-06
0,0.09844151179375377
0,0.2776036310920725
0,0.20740332835255165
0,0.00028050355338086645
0,1.069520122783509e-05
0,0.2893009459500162
0,0.000166586090438463
0,0.21774266200650877
0,0.2598444671849818
0,0.23515890216508742
0,5.2235713187404604e-05
0,0.21722465633867033
0,2.035592387851083e-06
0,0.28854969572928135
1,0.21819410638351625
0,0.21020489343969562
0,8.67637544599122e-06
0,0.25971368254715976
0,3.729824046072518e-05
0,2.6497265594384695e-05
0,3.7119639898060526e-05
0,3.200787034306147e-06
0,1.4152413836072511e-05
0,0.00011964517172433471
1,0.219328999140476
0,0.2000456229204596
0,5.405853240897587e-06
0,0.2197005413938277
0,4.4736117450455896e-05
0,0.0002328707559240784
0,0.21474551004418335
0,1.970775172636609e-06
0,5.990939850608567e-05
0,1.6185070801682113e-06
0,3.9021620312118104e-06
0,6.4706099510922204e-06
0,2.1038302956111306e-05
0,8.467685173255236e-07
0,3.710167480670247e-05
0,0.0012829223568601483
0,6.014449773433411e-05
0,0.27553168410732093
1,0.2376154065196175
0,1.7451619904480546e-06
0,0.26474707295606603
0,5.819000674249934e-05
0,3.3612349092679666e-05
0,0.21791485702380847
0,3.710167480735676e-05
0,8.462079125303968e-05
0,6.378173332704936e-05
0,3.634133547091394e-05
0,5.462213260402603e-05
0,0.20394004298355994
0,6.4706099510922204e-06
0,1.0045736165031533e-05
0,0.0012829223577840126
0,0.23456865227278784
0,0.0012829223580590517
0,0.25081815635701726
0,7.444452356534549e-05
0,0.22663646509013452
0,0.20230906277686062
0,0.0001445634073197546
0,3.3738134824490576e-05
0,1.667667823847664e-05
0,0.2302699235350716
0,0.20229950693751758
0,6.22763093457258e-05
1,0.23367699046258983
0,0.0012829223601639153
0,0.00016027553390940863
0,2.6044105533884664e-05
1,0.2893321470473259
0,0.21555501021624357
0,1.8082539119600908e-05
0,1.2246881260535504e-05
0,8.593876008854004e-05
0,0.0004680469987554285
1,0.2873935344844314
0,0.2886367770607045
0,3.5614344514908194e-05
0,0.21033984891634677
0,6.861396888357784e-06
0,0.24178798687258538
1,0.2177127250567592
0,0.2520551318205049
0,8.043716120338529e-05
0,0.28748802324208456
0,0.23548658503387576
0,0.0001308247751405401
0,1.2575378727403424e-05
0,0.20232610406170978
0,1.0636236764175527e-06
0,3.184160376872826e-05
0,0.0001594805383670528
1,0.2658688125361684
1,0.28125316115851273
0,0.2240398728921241
0,0.00019560682301646035
0,6.850349770524642e-05
0,0.21770644156443864
0,2.5016416860940805e-05
0,0.2257361098357879
0,0.21774343059880302
0,0.28239489732963824
0,5.681163886989871e-05
0,2.68396723220672e-05
0,0.0003325072125182227
0,1.3494618205744036e-05
0,0.076289924842444
0,3.746569906623817e-05
0,3.2055997726293054e-05
0,0.24975549255719678
0,1.4032101842993322e-05
0,8.961399836706798e-07
0,3.5351962763521786e-05
0,0.22111984232749127
0,1.720649102429832e-05
1,0.20331678257250504
0,5.0036583429167615e-05
0,0.2508577238875783
0,0.0012829223586812602
0,0.2215402421513097
0,0.2873369045606468
1,0.2659463273354168
0,0.2181468062295508
0,0.001282922358933957
0,0.12634042665245465
0,0.22478914823595025
0,0.000235450904826945
0,4.7223906471234085e-05
0,0.00010250889556782388
0,7.268744678194247e-05
0,7.810438134727292e-06
0,0.22795975745961408
0,3.1377954393679885e-05
0,0.20644630266038605
0,0.00014456340730988193
0,7.849414782114636e-06
0,4.982944913230597e-05
0,5.380413263422526e-06
0,0.2770073420948547
1,0.24739164799350022
0,3.763501717232941e-05
0,0.000125114460127364
0,0.20889836014386437
0,5.904694595906509e-05
0,0.2171792872220336
0,7.250539299454103e-06
0,0.21476686136336387
0,0.28937810595069013
0,2.007883762068973e-05
0,0.0002311044890906864
1,0.202077066540637
0,2.142291694490584e-05
0,0.00013171157959824536
0,0.2104918999888139
0,0.00011964517172274136
0,0.21158382645929438
0,0.00010250889557590451
0,0.2748276815135123
1,0.24174652332697946
0,0.2867032197198427
0,0.2879035023435113
0,0.2230759418457308
0,0.25765051060409244
0,1.743082207925286e-05
0,8.224866007812782e-05
0,0.21586903937645918
0,0.217630515015976
0,0.2585457136057783
0,3.2079849032413205e-05
0,8.140093824193075e-05
0,0.2847967659373927
0,0.28071712597733195
0,0.20837626494405473
0,6.314492910174654e-05
0,0.2173687769604521
0,0.28886281222021415
0,0.2413715440279212
0,0.00019560682302936243
0,0.28782944916255987
0,0.0002354509048241104
0,0.21000380055192308
0,0.00018449379644717003
0,5.963970643155775e-06
0,5.402053402899652e-06
0,0.1814653059499268
0,1.7016433125320367e-05
0,9.841354223565327e-06
0,2.5831211873908646e-05
0,2.0441373096984625e-05
0,0.20961547244222342
0,0.0002497071564780266
0,1.829823159009906e-05
0,3.7211846719418617e-06
0,0.20293857020023037
0,0.2304878130902663
0,7.002315855681423e-05
0,0.2892541092571111
0,1.9560660872117646e-05
0,9.835491607196403e-05
0,0.00015714627396177364
0,6.131491043492285e-05
0,0.27521920151403095
0,0.28822729176513223
0,0.27061310213560313
0,0.20686467433419356
0,9.208669157433656e-06
0,0.23309069398780013
1,0.2881735106202931
0,4.625613783695804e-05
0,0.2859393433348744
0,0.2176064873346703
0,3.1448436098523966e-05
0,3.239364153021471e-05
0,0.2082814340918055
0,8.449518321710412e-05
0,1.1601685439167757e-05
0,1.33781771819832e-05
0,0.20323956107620766
0,1.0017297431888634e-05
0,3.876569732079318e-05
0,3.0313457117002383e-06
0,0.2710955617718201
0,0.2023139465882017
0,2.7249511822298453e-06
0,0.2218457614063886
0,0.2748308633029206
0,0.21689025337165463
0,0.06701735580118735
0,8.639438272543008e-05
1,0.2882421562685853
0,9.191686153249269e-05
0,0.24536279790236445
0,9.670854041276497e-06
0,0.2153783911761039
1,0.3300671166563164
0,0.21218937612411481
0,1.8489643832979286e-05
0,4.0528819380897126e-05
0,2.878045156427118e-06
0,2.3452311783840484e-05
0,0.22376081908473056
0,0.00018449379644045158
0,0.20304012793862639
0,0.0004209991326684325
1,0.21981451540517905
0,0.21166847553832746
0,0.16777302614982237
0,0.0012829223579499038
0,0.22766587612820027
0,0.0012829223590066297
0,1.3036491730240231e-05
0,0.24718931713725578
0,0.0012912778531554698
0,8.483893426501652e-05
0,1.613109468897637e-05
1,0.20233630905506403
0,4.205247446108767e-05
0,0.20230254569666728
0,0.22425870940465972
0,1.197434622805317e-05
0,1.6831994854784114e-06
1,0.28131966280951914
0,0.2739607921377256
0,0.001282922358887244
0,3.686594284777767e-05
0,0.21260662303865763
0,0.2853444989833869
1,0.2877006609707648
0,0.2847764246835771
0,0.0005802614209447316
0,0.0001532715983701742
0,0.2564966850358271
0,0.0002715631580127004
0,0.26158261580156666
0,0.21532754654085726
0,0.0012829223577759806
0,1.2246881260612298e-05
0,0.00018449379643371898
0,0.00023545090481721684
0,1.1481454277016095e-05
0,8.271113356177099e-05
0,1.3124745424381379e-05
0,1.4870780583557855e-06
0,0.33899254430422193
0,0.28524241370074205
0,0.2270239516934724
0,0.00011964517172035893
0,0.13455159558219884
0,0.283152660596616
0,0.00011035719046551685
0,4.26836893765128e-05
0,0.20644747521393816
0,1.224688125890426e-05
0,4.724996567328994e-05
0,0.20300253918454886
0,0.23319961171722625
1,0.23303722072048874
0,0.20213149748708278
0,2.769064437843011e-05
0,7.39486001032984e-05
0,3.960141464294432e-05
0,0.2894629523635764
0,6.0415528011290015e-06
1,0.20416150468095773
0,0.00019560682301646035
0,5.2990876273786635e-06
0,2.2449966945260296e-05
0,3.561434452083706e-05
0,0.21773827940379795
0,8.882723473816597e-06
0,2.6574330331818062e-05
0,0.2478306294961218
0,1.2246881260540115e-05
0,3.931149114486701e-05
0,0.00023545090482504492
0,0.2023175630995752
0,0.24067204868069925
0,0.2170385534166702
0,2.1464567752273245e-05
0,0.2161493538240334
0,0.28890983660792235
0,0.2177228802735365
0,0.25510043759042195
0,0.0001386753364361025
1,0.2381296958335894
0,1.8432957090524783e-05
1,0.6567436554062559
0,0.2879982398226257
0,2.8807809888838723e-05
1,0.22515030187246982
0,0.0012829223590209832
0,1.0902183606936046e-06
1,0.21986694352200314
0,0.065466985808743
0,2.6556157950651583e-05
0,0.28948764389658577
0,7.149741940148309e-07
1,0.24338414096299477
0,0.000119645171722015
0,3.483803325421595e-05
0,5.7156156961652734e-05
0,0.20229021393872704
1,0.23533410431463084
0,0.27830220857756394
0,0.0002307218632126684
0,0.0012829223575308777
1,0.2853391647214974
0,0.21722533060402907
0,0.000119645171722015
0,6.68987891501497e-05
0,2.5831211873908646e-05
0,0.00013130734867728748
0,0.2728827209025654
0,0.00010369634965863933
0,0.28026807665991066
0,5.397578408757079e-06
1,0.26537384178098833
0,1.2822899043635181e-05
0,1.8122859251271606e-05
0,5.210324477162535e-05
0,2.3205421442547238e-05
0,0.24194466257403469
0,8.704486227634023e-05
0,1.3499203208883755e-05
0,1.4767007844287819e-05
0,0.22914574716755137
0,0.2782676915768758
0,0.11469889558837278
0,0.00014769998662875759
0,0.00010840330369689134
0,0.28591795524949876
0,7.268744677913538e-05
0,8.461285666472427e-06
1,0.2886596302327895
0,0.2760094150288107
0,4.312401401370568e-06
0,0.24410463243359487
1,0.2838585520489672
0,0.21791653142990713
0,7.03572315570913e-06
0,1.0320675000159525e-06
0,3.7415682782012475e-05
0,0.20920923431724542
1,0.4548697167210738
0,1.6737353722983914e-06
0,1.3716679440570334e-07
0,3.0001582202232137e-06
0,7.604411331495969e-05
0,5.496923165102607e-06
0,3.7101675586618755e-05
0,0.2628611842347789
0,0.20678727323641305
0,0.00021533242521370178
0,2.152268199769584e-06
0,2.4508125569682287e-05
0,2.640761634804553e-05
0,0.0002603614147081136
0,1.1914716517979992e-05
0,0.00023260572162695414
0,0.00019560682301854613
1,0.20449520651774875
0,0.0012829223584116605
0,0.2878034494926482
0,0.00018449379644424593
0,1.8795918327845288e-05
0,2.1783147113344257e-05
0,0.00016321049504065339
0,0.000235450904830447
0,5.135529190129175e-06
0,2.654212936989373e-05
0,0.28622349884877824
0,0.00013101941721106413
0,6.340226192989699e-05
0,1.4747855798674352e-05
0,0.20633580522418435
0,0.28625699132418203
0,0.00023545090482467239
0,8.483893426501652e-05
0,0.00024617273888922044
0,1.958197135477485e-05
0,0.0006909794000618064
1,0.2044725070191582
0,0.26560805245659824
1,0.2867579081984346
0,0.00012277518959462702
0,0.2171501897779583
0,0.2867911498951464
0,0.00012793805258826327
0,7.270799651484756e-05
1,0.225519488643713
0,0.28795687929852304
1,0.27984146172578545
0,0.00010289659641146317
0,9.471657304887832e-05
0,2.495199911209975e-06
0,5.502491580445727e-05
0,0.0003877688139904764
0,0.0012829223584268552
0,0.0006234414722270191
0,0.20233345142205483
0,0.28635879916743706
0,5.556140453566844e-06
0,0.26639493706511164
1,0.2200935862094375
0,2.122959075192414e-05
0,6.150817374238884e-06
0,0.2234329045125882
0,5.904694595895539e-05
0,9.165127620367078e-06
0,7.848812656380027e-06
0,1.7443508496320248e-05
0,3.396281726544164e-06
0,7.698950077474633e-05
0,0.00023545090483104492
0,9.159272360840598e-06
0,0.00013250558682146273
0,4.649930162249775e-05
0,0.2171865420911778
0,0.21834834366640235
0,0.21346167061385943
0,3.3643227390058243e-06
0,3.832264001184187e-05
0,1.1529282737673857e-05
0,3.695145098502622e-05
0,1.2822944402950088e-05
0,0.24480006848799588
0,6.378173332704936e-05
1,0.28950143054319366
0,1.7471907998955443e-07
0,0.20233345142205483
0,6.856765666763385e-07
0,3.7101674805384927e-05
0,4.855350159779173e-05
0,0.25400345991984197
0,0.2803204548092799
0,3.677891913715067e-07
1,0.2047641981268491
0,0.21377553271216326
0,0.00019861777825911262
0,9.368458585396031e-07
0,0.2852843452706342
0,3.309050901204036e-06
0,0.00021533242521799603
0,0.2895763672554502
1,0.22629182200107545
0,1.7500479137959443e-05
1,0.2834211813842394
1,0.2210782997267612
0,2.0491439657890596e-06
0,0.28781424937618955
0,0.053297317080386646
0,1.4117752702312328e-06
0,6.647562581376029e-05
0,0.22282621195951025
0,0.6251873594210285
1,0.2745122470203877
0,1.828613127592608e-05
0,6.588544645730917e-06
1,0.21090900928427064
0,6.647562581457925e-05
0,0.22987115703433267
1,0.2807230556244108
1,0.2246860838266557
0,3.2164457131054336e-05
0,5.6161516325661506e-05
0,3.6341335469491334e-05
0,4.052881940352108e-05
0,4.473611744456223e-05
0,0.000235450904834015
0,3.801291352625544e-06
0,5.30405836410371e-06
0,7.825272819265164e-05
0,5.6954166553376583e-05
0,2.43335842499806e-06
0,0.028957850530392026
0,0.0012829223592960373
0,0.2886096084632443
0,0.2854757484572053
0,1.5390705029503588e-06
0,0.0012829223566370009
0,0.217383526226311
0,1.427005000791883e-05
0,1.3850468899035955e-05
1,0.27748317800469474
0,0.2895289428959332
0,0.1896923875397671
0,0.27975914683859915
0,0.2511155285952108
0,0.00014044674555710606
0,0.23217155484158186
0,3.095683580734677e-05
1,0.23307323280583328
0,5.502491578522722e-05
0,6.054574205439312e-05
0,0.00024472574166351917
0,0.0001025088955725762
0,2.604227255541985e-05
0,0.21913732307113137
0,9.453178036330928e-06
0,0.2792728540051607
0,1.2247565970602398e-05
0,0.23949004868177723
0,0.00013094814316011002
0,0.2175663007946181
0,0.00018987329660258485
0,2.8183602547842334e-05
0,0.21891781208275046
0,7.733413810883313e-05
1,0.2611427760901543
0,6.005235705933216e-05
0,0.2859821401905128
0,0.0003877688139734345
1,0.2242682846262514
0,0.19361861831179206
0,1.6436351645884452e-05
1,0.2864708259997795
0,0.0001675927035744865
0,0.2692750871014341
0,6.647562581114913e-05
0,1.5976177528603794e-05
1,0.20645732805065747
0,0.2133847224474551
0,0.24146611013981473
0,3.721248428620702e-05
0,0.22992842342468528
0,0.28238574395239896
1,0.26044282072880287
0,0.000687759795741862
0,6.378173332702206e-05
0,2.4335806771719214e-06
0,0.278059230435631
0,2.567585345230547e-06
0,2.7327256193961547e-05
0,0.00027156315801343106
0,2.6646918786808508e-05
0,1.6791125828137493e-05
0,0.2329132365587961
0,0.23288336146452707
0,1.2246881262792235e-05
0,0.00012440171597177376
0,0.0001025088955725762
0,0.20686467433419356
0,0.0001003851023507206
0,2.640761634066407e-05
0,0.2854919825621831
0,3.7101674811821184e-05
0,0.2639141992278457
1,0.21777086166461512
0,0.2065539132484455
0,0.2385892195943147
0,0.2330081708509772
0,3.291852857491715e-05
0,1.2796454935392224e-05
0,0.1985404716397528
0,0.20298057588326043
0,3.356232214858535e-05
0,9.796415319111222e-06
0,1.7443508496320248e-05
0,0.2044818726994944
0,2.7873147803157296e-05
0,0.21541915434944392
0,0.11848893002482491
0,0.00010803125186434069
0,9.621745227807601e-06
0,0.2615617435352334
0,0.2498620953342396
0,0.00013576117885690076
0,0.2557020192202799
0,0.001282922357615164
0,0.2331058817902628
0,0.23728449390797282
1,0.2863343183680024
0,0.2563463025387557
0,0.22297047636109088
0,0.21610683322607094
0,0.2211505992423193
0,1.8368983553037742e-05
0,0.27521920151403095
0,8.467281871526205e-07
0,5.883368074856766e-06
0,0.19063012939660579
1,0.24265480068641654
0,2.3197084958462193e-05
0,0.22055018359402007
0,1.3254784938422198e-05
0,0.2171997573358065
0,0.00013082477513367408
0,2.5348978110313255e-05
0,0.00017821798835218248
0,0.2629997748247434
0,3.6717190583002275e-05
1,0.6769822657461174
0,0.0003877689447632907
0,3.721690042309178e-05
0,0.20238281293037264
0,9.62174522833108e-06
0,6.647562581302974e-05
0,4.4711718761158475e-06
0,0.28942386072813436
0,6.0864822984408715e-05
0,5.32446669824302e-05
0,0.000657691630506439
0,0.00010250889557391662
0,8.868188475421964e-05
0,2.4834054661313426e-05
0,0.20841765699905304
0,0.11876953973657196
0,0.0012829223591261313
0,0.2864899131852521
0,0.0012829223647219743
0,6.406007651087673e-06
0,9.902163921397457e-05
0,0.28960439052465176
0,0.22093785303074878
0,1.9034752680555667e-05
0,0.00015807099357586406
0,5.065249297493145e-07
0,0.2865056251936044
0,0.2826327922693797
0,0.0012829223613359357
0,3.7256646576258834e-06
0,0.00012163557911334687
0,4.928874041142228e-05
0,0.21928927841718926
0,0.21773959915708477
0,0.23672929673518425
0,1.2029246513640758e-06
0,0.24589578515364102
0,0.00032343874380658637
0,0.00020028612695501864
0,0.2755446839634077
0,3.263734414284262e-05
0,1.4654293714934671e-06
0,5.8597266762576486e-06
0,0.00020495383473315154
0,0.0008544214189404552
0,0.23158537909901708
0,4.253179452130448e-07
0,2.3558714157143328e-05
0,0.20381589475791795
0,6.712035949347911e-05
0,0.00010473311757486182
1,0.24116196673728862
0,0.2780914167411681
0,0.2575507631633172
0,0.00013870548473583953
0,7.337329235052355e-05
0,9.621745229651894e-06
0,1.3909175001722423e-05
0,4.9635782010343415e-06
0,0.28060299358322305
0,1.7443508496320248e-05
0,0.23563843629403633
0,5.529016293850634e-05
0,0.21040599743704944
0,0.23043057715168905
0,1.379499895214609e-05
0,5.893073920585378e-05
0,0.00010344519321883955
0,1.726119379483538e-05
0,0.0002603614147082874
0,0.2380846864591314
0,8.212048279221186e-05
0,0.0005238249028492207
0,0.20178920279462123
0,4.137737706950962e-05
1,0.34405758308281253
0,9.630708217606132e-07
0,7.408573234803191e-05
0,0.00011964517172038083
0,2.640761634804553e-05
0,3.2827631335980943e-06
0,0.2521709971091856
0,7.187484472991443e-05
0,0.21128495199618844
0,7.05400106151577e-06
0,1.9297277473333926e-05
0,0.28360736094477174
0,0.20231970000938632
0,0.00011964517172117028
0,2.861166150942854e-05
1,0.15748170856097396
0,1.5365818902472802e-05
0,0.26947795767070376
0,0.21399863470550196
0,0.0001553317340115125
0,7.268744677781549e-05
1,0.23792999404625645
1,0.2465739211232232
0,4.09449792008995e-06
0,1.0253220448966646e-05
1,0.21026193140513671
1,0.2714183824001785
0,1.0500765517139026e-05
0,3.077004795370638e-05
0,3.296247234010796e-05
0,0.20533698189186383
0,3.238563759926208e-05
1,0.2886163736023962
0,1.5251582481737626e-06
0,1.3071041953006603e-05
0,1.4870999091476144e-05
0,0.20492592328934173
0,0.2869565914537889
0,0.306537544749767
0,0.001282922358202118
1,0.2885376447245057
0,0.22882245196698353
0,8.483893425879387e-05
1,0.2821073563037956
0,1.5459729082851328e-05
0,0.0001526938557599665
0,3.3929113918279555e-07
0,0.00013398701957930805
0,2.1900955717909987e-05
0,0.20713578883649206
0,9.236018948995592e-06
0,0.00028494480722288633
0,0.23610900118045805
0,3.361234909252801e-05
0,1.4818632745453096e-06
0,1.1481454277016095e-05
0,0.28707682312695193
0,0.22613856436396992
0,0.2678389167642586
0,0.20301919976386495
0,0.6868136502613316
0,3.0514370054662582e-05
0,0.0004248875283577322
1,0.21125708583733932
0,0.0012829223600334468
0,0.271798770121848
0,0.2750332609746754
0,2.2620029899161394e-05
0,3.721248428620702e-05
0,0.21492892403751596
0,2.3487114508885258e-05
0,2.2700980892794546e-05
0,4.4044647268975635e-05
1,0.28453307801884614
0,6.647562581442185e-05
0,2.2698095322949785e-05
0,0.0012829223570461753
0,3.8816105648598266e-06
0,3.56143445088249e-05
0,0.2096334313147948
0,1.4043582587030992e-06
0,0.21191300733808377
0,2.078702081196696e-05
0,5.192859148752277e-05
0,0.2292886109616564
0,4.199036743402831e-06
0,0.20491937430969775
0,0.21000113151060046
1,0.20439753430284363
0,3.7679163046918885e-05
0,0.2836305111224299
0,3.789778475700253e-05
0,1.8773573038884744e-05
1,0.6650803194167739
1,0.28472204606209583
0,0.20802087423027482
0,4.473611744456223e-05
0,2.038571360018647e-06
0,0.17619833441289875
0,0.00018449379643452866
1,0.2887854813194932
0,1.1136586199473194e-05
0,1.1543872270597678e-05
0,0.23110108089710502
0,0.2429483185252754
0,5.322611637507205e-06
1,0.22448333370496654
0,2.6407616341395557e-05
0,0.2807507156368015
1,0.24737307278702636
1,0.2865812986524402
0,0.25095978949806513
0,3.2787511269019095e-06
0,0.00015807099358282654
0,0.12533920439414561
0,0.225751894858106
0,1.6160070424839142e-05
0,0.00023545090483093495
0,0.00014456340731619667
0,0.0003877688139863245
0,0.0002085170481126424
0,7.344599285565254e-06
0,1.97068018745424e-06
0,0.27645586506316894
0,0.28455973777616717
0,5.594609790423884e-06
1,0.21317726185910288
0,0.00013082477514026524
0,3.7634967412847644e-05
0,0.0001147968567802963
0,0.2859047338711327
0,0.21678397836829616
0,2.256617931492462e-06
0,0.20794729385104926
0,0.24170876595636365
0,0.20231389001130742
0,0.0001526938557565006
0,3.32096950047113e-05
0,4.29082001751711e-06
0,0.2023237730709233
0,0.21908866430152668
0,0.2777235901803407
0,0.22648993157803715
0,8.140093824193075e-05
0,2.3186255120067315e-05
0,0.2179839257486191
0,5.7737041032880706e-05
1,0.2505853557595931
0,0.23907014597695947
0,9.437985588544814e-05
0,4.052881937718283e-05
1,0.2873953246610239
0,3.450224469657101e-05
0,4.369807550590387e-07
1,0.2410231763974504
0,2.331363310748908e-06
0,6.647562581636198e-05
0,0.2872494093476164
0,0.2195781771792735
0,0.23696759423704633
0,2.314996862629787e-05
0,0.28504362789477145
0,0.21012173307873622
1,0.20763724350197146
1,0.21773244325520005
0,0.2753750428485635
0,4.823665630099416e-05
0,0.23356383639762404
0,4.9299423945263345e-05
0,0.0012829223641770398
0,0.2556519577511396
0,0.00011964517172038083
0,0.0012829223572095286
0,1.4767517326401965e-05
0,0.22380832228091393
0,0.21773636635922083
0,6.378173332704936e-05
0,9.047537482806555e-05
0,1.1421265869033503e-05
0,0.23382343295587088
0,0.0001844937964365402
0,0.21618283655964993
0,0.0003325072125257705
1,0.279575605111085
0,2.0922765493798734e-05
0,0.24208019838013403
0,0.2174448578827546
0,3.7127953774894084e-05
0,0.0007887398269349012
0,0.240973955166978
0,1.8489916836427893e-05
0,2.5691388431669206e-05
0,1.6054819424231544e-06
0,0.002207741361350591
0,0.20713291562247296
0,1.5762044852363122e-05
0,0.12647168580306437
0,0.001457246173848819
0,0.20539703601012158
0,0.286437227506061
0,8.906587592565181e-06
0,2.8043224147853252e-05
0,6.518358506757368e-06
0,0.000839605219612144
0,0.0014572461800766835
0,0.21768261309895226
0,0.0004319038529282082
0,9.524898133609078e-05
0,0.28173402116692314
0,0.28091940189686376
1,0.2879108945467444
0,0.23488873622320872
0,0.2627979634880238
0,0.25162917976559307
0,3.184160376872826e-05
1,0.23367841337824055
0,3.938897835397731e-05
0,0.23261200924650152
0,4.078548294661815e-05
0,5.082499539081872e-05
0,6.509832612329762e-05
0,4.441049085697972e-05
0,4.87436442315673e-06
0,0.20469561195164165
0,0.2502597132699087
0,1.0929648098673542e-05
1,0.22875658076919383
0,1.8855982385170467e-06
0,2.2985339106574443e-05
0,6.812695237333241e-05
0,0.28742575762202
0,4.7223906471234085e-05
0,0.21538067632377933
0,0.2050416988719264
1,0.2860642021632984
0,0.21696556005439133
0,0.0002783370495154031
0,4.7223906465631145e-05
0,0.17281240930386896
0,3.146455728481122e-06
0,1.5640419916752133e-05
0,0.2334739967551346
0,0.23130516799163323
0,0.2359642401755614
0,0.00011964517172210958
0,0.00014368380115580622
1,0.2866260735702436
0,0.14502863600793936
0,2.3149968623485068e-05
0,0.21638422129006324
0,8.994976771735134e-05
0,1.7443508496320248e-05
0,2.1870386866769694e-05
1,0.24858088392653638
0,0.2566574353123622
0,0.2881954588267939
0,1.9153490419195763e-05
1,0.2892703584891102
0,6.64981796281767e-05
0,3.65722725833351e-05
1,0.6755156534413365
0,1.321530657835791e-05
0,1.851703678168823e-06
0,0.2147840146978484
0,0.22664415389806045
0,0.2739664676092888
0,2.7367104215370218e-05
0,0.20094339992285318
0,9.506484608039971e-06
0,0.20074523705271666
0,0.22508482372629388
0,0.00010250889556864122
1,0.2895788653351138
1,0.21772357831299238
0,0.2387561534463972
0,0.212175995984924
0,0.27627728496921417
0,0.00026036141470873824
0,0.2502952340826879
0,4.33214824562923e-05
0,0.12188550651290288
1,0.2803343432331038
0,0.21157913253750227
0,3.78724498397509e-06
0,0.00018449379644881262
1,0.2783038100207997
0,0.22707202044032804
0,8.483893425777684e-05
0,1.0510548841091384e-05
0,0.0005590494601936122
0,0.17872541503241543
0,0.2330252235113936
1,0.28901080806765406
1,0.23406160114346128
0,0.28445429175192827
0,4.382006645619922e-05
0,2.6044105533884664e-05
