y,p
0,0.6776186401497765
0,0.7409369154742326
0,0.32911561801122813
0,0.3264232278562063
0,0.7918907714656244
0,0.8127565451397781
0,0.31056518767059965
0,0.31696718370883703
0,0.3186096200727248
0,0.30864121953106166
0,0.3176367987089704
0,0.3213691336769295
0,0.3171173887851899
0,0.4117610498490595
0,0.3135341309170389
0,0.322100486353936
0,0.4923827824012208
0,0.3208628042592182
0,0.4114680744336183
0,0.31712426490366485
0,0.4571083023471758
0,0.48344965522889616
0,0.31475126016996274
0,0.40913125953919927
0,0.4839313959509039
0,0.7187322612972749
1,0.9074194245738978
0,0.7424759181299787
0,0.8684754576489323
1,0.9155005031443993
0,0.5718965276645511
0,0.3085658185553134
0,0.48078240722010324
0,0.25310899035955425
0,0.6358267869463382
0,0.4812771141517956
0,0.5766838301323441
0,0.2746996723117876
0,0.5748923906688453
0,0.3081624535123832
0,0.7335163282610635
0,0.6465458316742301
0,0.13405847174914154
0,0.3167372048184453
0,0.32121285302624325
0,0.3226712622394029
0,0.47660642890221194
0,0.4768771911360335
0,0.298005057815519
0,0.4779115383743446
0,0.6242052383307997
0,0.636313108793843
0,0.32383822419103236
0,0.8313084428791245
0,0.31056518767059965
1,0.7420843891179432
1,0.47471148966642984
0,0.490869903249288
0,0.4029302937947777
0,0.3209179189722085
0,0.31007937452166856
0,0.3083997126867847
0,0.31824254075055597
0,0.32091541113036176
0,0.8021003127046764
0,0.3012921951226147
0,0.8140336679528576
0,0.3154250804797178
0,0.4825508807363602
0,0.6588672163840507
0,0.41204809375270013
0,0.33800298716118343
0,0.32092504546499623
0,0.3086087632672044
0,0.3024732899653141
0,0.6451945669261514
0,0.29617146180160886
0,0.7904491016688406
0,0.3203314377405918
0,0.30734469900332223
0,0.4350484082239536
0,0.6405853302917275
0,0.32410744242440964
0,0.3107101384310742
0,0.47821737636763406
0,0.7601142143048922
0,0.3173707685261363
0,0.8480872034522093
0,0.46978417525953614
0,0.47846256655739233
0,0.48569208527516067
0,0.3161934138831356
0,0.7261871706127154
0,0.3112198511839223
0,0.8157950644645268
0,0.31347585859540084
0,0.4589297838431283
0,0.32252584975997806
0,0.47160304755719745
0,0.31588853212888834
0,0.4643610810295725
0,0.31227203066210407
1,0.4788219811732044
0,0.77230579420426
0,0.3180706550189528
1,0.6568351326968093
0,0.47699284195402036
0,0.32092504546499623
0,0.29590344447330835
0,0.2929246516588818
0,0.3005371678812453
1,0.6281832472727468
0,0.30049671493085484
0,0.3155444520163123
0,0.318027158858463
0,0.7440453759246122
0,0.314587168070482
0,0.691810022779009
0,0.3155285412504466
0,0.31029104532188695
0,0.6811152002997399
0,0.32781795068399144
0,0.4060858167099875
0,0.3145868469917489
0,0.3256901666094192
0,0.3189810932229961
0,0.4895475961656588
0,0.32332080246276856
0,0.48648689502350245
0,0.48332478991273886
0,0.3251255533176339
0,0.48007338428095303
0,0.31820022588086894
0,0.7780516430838029
0,0.7792800540682319
0,0.5688178600538902
1,0.5774259786443026
0,0.6630033161799935
1,0.7211641273763945
0,0.48723834652085257
0,0.2874890411988377
0,0.4759361465117059
0,0.3241526872823451
0,0.3043559486006512
0,0.3235789590705564
0,0.31056518767059965
0,0.3187164632634364
0,0.3170619125187535
0,0.6641709987355862
1,0.5843649043639265
0,0.5884197494331628
1,0.4670303197299582
0,0.30188111266216205
0,0.3117980857210601
0,0.3213642136332041
0,0.31484146979772243
0,0.5593244922675946
0,0.31056518767059965
0,0.3034854769236729
0,0.6793492358674177
0,0.3001195264247484
1,0.4910646003192531
0,0.3083144871573491
0,0.31973734332979686
0,0.3168782640774323
0,0.29975402682593016
0,0.3066247143722034
0,0.5752260447852968
0,0.3152805390984152
0,0.31347474727532604
0,0.2933960366153742
0,0.3181988048673025
1,0.480500548910797
0,0.3143578701337726
0,0.7327351188671624
0,0.8491766266085661
0,0.6375383958983264
0,0.47304828078435934
0,0.30819246082025414
0,0.3130265485516604
1,0.8363058543359472
0,0.8244720374041075
0,0.3097293649225227
0,0.3182998138585382
0,0.7767207258536644
0,0.3076165367085172
1,0.6431174200037807
0,0.7564098533353365
0,0.5726053502308389
0,0.6874020010000279
0,0.6808813527971317
0,0.5752840991014248
0,0.3201737762905747
0,0.8751818886609609
0,0.32246701693931
0,0.32099801798565825
0,0.32281662907534825
0,0.25395214782574593
0,0.6500178991968467
1,0.4812126845974978
0,0.31250058103733214
0,0.3165520997462036
0,0.3187349325543489
0,0.31840211834208537
0,0.6925117676597488
0,0.6629757078229082
0,0.3250933217980339
0,0.46062720271871566
0,0.3398323345769579
0,0.8331872248918215
0,0.6339821967366702
0,0.575888494776983
0,0.7335182303804006
0,0.2989228747451348
0,0.3170004286296929
0,0.3200356252449727
0,0.311469233772236
0,0.2536188788902938
0,0.8397133118915515
0,0.32811486446326243
1,0.49173836560311107
0,0.3313892989081212
0,0.31820842251375653
0,0.7264438879788592
0,0.49260901374149646
0,0.31975938399987425
0,0.9188664250973402
0,0.40962176725848326
0,0.31813438004375316
0,0.4866968930527111
0,0.30496904285367216
0,0.4865289990671432
0,0.27492775598919594
0,0.8532329927210526
0,0.31179739546126956
0,0.3154361723439187
0,0.30700202439607877
0,0.765546380393343
0,0.5887849505873558
1,0.48207653918149074
0,0.3072895989247868
0,0.3142227706072349
0,0.30094587554473884
1,0.6471333552529402
0,0.31395516601693996
0,0.31790790392009133
0,0.6677472230967885
0,0.3144369899572269
0,0.6413661224484184
0,0.30757505776092103
0,0.5737453075582104
0,0.5614944174742493
0,0.31197308652042355
1,0.4613971922906855
0,0.32031924260431577
0,0.30168598095334287
0,0.3167747357948865
0,0.32821766225765325
0,0.3175489706668219
0,0.5843900873449474
0,0.3282934907103574
0,0.32688120266888754
1,0.4831256596491049
1,0.5710877866063745
0,0.5861737164325403
0,0.3137700386496031
0,0.31196506439701394
0,0.31844081777547467
0,0.3181817787738508
0,0.3214260101338217
0,0.3071299466734972
0,0.3104781489296937
0,0.5850965866573586
0,0.3152903577489961
0,0.7671676406105358
0,0.3236575178569359
0,0.31870037201689805
0,0.30361547514296316
0,0.31914520257454715
0,0.7037404026635805
0,0.3180564555702472
0,0.3191564360149762
0,0.3185478699426184
0,0.3074648604130244
0,0.3179846002473536
0,0.5706581105391617
0,0.1376841308425675
0,0.28558596004197717
0,0.46104981638405124
0,0.3068981916960722
0,0.30318908889125573
0,0.4111465536687767
0,0.6425412048264343
0,0.30361547514296316
0,0.8162563931535247
0,0.48867859450112633
0,0.32530000947046456
0,0.3038261384131284
0,0.7802246171373852
0,0.47568930204858434
0,0.3174900546251462
0,0.8852023668491065
0,0.4750973953918897
0,0.7286113794769938
0,0.3169757163250022
0,0.5756343557266903
0,0.3160113561628033
1,0.7364708836335101
1,0.5816099166351228
0,0.7302320436499786
0,0.30998109462908396
0,0.6973005664407299
1,0.4779624285726808
0,0.3251834273725967
0,0.3153861501227117
0,0.478195488968017
0,0.48790202080062417
0,0.3077420910075046
0,0.4904878957846111
0,0.3127302510460749
0,0.315053604477089
0,0.32073049400007014
1,0.580748329774149
0,0.6278130867714239
0,0.3214821582070999
0,0.48922344499580483
0,0.5871660106904331
0,0.40993738083968073
0,0.3148217757020816
0,0.40965910106183145
0,0.31902443140667247
0,0.46879721078057335
0,0.3064139835511934
0,0.30734469900332223
0,0.5842469230542902
0,0.3110472625110796
0,0.6509296684890538
1,0.4805246089593693
0,0.32260392985732905
0,0.6485747572803001
0,0.30816778134607586
0,0.3144656026727613
0,0.311926071201903
0,0.3108556988581124
0,0.30443033369854916
1,0.6884623710525795
0,0.32085399139556053
0,0.576162266879559
0,0.7945771633123548
0,0.5724844703608487
0,0.3074754704128934
0,0.31244528407882316
0,0.31506461498346033
0,0.30361547514296316
0,0.7870549935260502
0,0.5934158438645876
1,0.6526356113170899
0,0.3280307592566157
0,0.3191807015881365
0,0.3229779981832232
0,0.4661949152798234
1,0.4873146983014822
0,0.3128533843378239
1,0.4823351651177273
0,0.3252769761450564
0,0.3194848133482306
0,0.3048245685468182
0,0.30996269551943134
1,0.7611534329005482
0,0.3182022688671487
1,0.6781152205990559
0,0.32489920364807984
0,0.3021178283851078
0,0.5743553581758128
0,0.3228230855963195
0,0.48367043863132514
0,0.31769526458723857
0,0.31645407480513454
0,0.3193845994840315
0,0.3010861833060779
0,0.5757958548103254
0,0.32640066863351036
0,0.8446877709273173
1,0.4018218914189124
0,0.47327709761360065
0,0.3082241906521641
0,0.3170947662794321
0,0.4776960954703335
0,0.329623988797154
0,0.3195241172327695
0,0.47678167053328296
0,0.3143623696438822
0,0.4746039546505633
0,0.3199317411562318
0,0.3220993097863562
0,0.3213455652598497
0,0.3219833551184844
0,0.3264963408070904
0,0.49850177423800757
0,0.31275150669956975
0,0.6191332389565901
0,0.3110339409503942
0,0.3163552840833251
0,0.4801000692911413
0,0.327933879460558
1,0.5779221287920859
1,0.5550385916821399
0,0.3084497820280896
0,0.3198328660629571
0,0.4901849934819032
0,0.32177593487211353
0,0.4759475937690115
1,0.6353732992540769
0,0.30937704715187053
0,0.3175672528127323
0,0.3193668340221084
0,0.48875582095041126
0,0.6353169537991461
0,0.6894155002760967
0,0.4074636037789876
0,0.29435526383116695
0,0.6937577327675644
0,0.3168980159337786
0,0.33101411551044413
0,0.3076109913010824
0,0.28024955290399384
0,0.3155444520163123
0,0.2975544713890527
0,0.31253731739734086
0,0.31742296001686304
1,0.7410905215626447
0,0.33039803004141727
0,0.32446871885400513
0,0.30952568537283637
0,0.3237509013006268
0,0.3028390324990409
0,0.5740844947777896
0,0.4123368635565781
0,0.6745707907194302
0,0.5659069496286839
0,0.31604604912202455
0,0.5963312555808018
0,0.6526844849803359
1,0.915394708080756
0,0.8069248054799499
0,0.30631049755562006
0,0.31685044458894995
0,0.32151068994384013
0,0.3330031333573288
1,0.4790172629025385
0,0.3120423136272891
1,0.5695725208333373
0,0.31572082972334514
0,0.3077802837384865
0,0.31694901980678
0,0.32947538531255544
0,0.7144354929392585
0,0.3084217501774312
0,0.3169657030502679
0,0.4794371492617115
1,0.48156238692994086
0,0.32302512871683725
0,0.6450081953396546
0,0.31741943770485964
0,0.30674641381687423
0,0.31405806501999434
0,0.31572650483186765
0,0.6724217163664983
0,0.2516332261475452
0,0.4715596700361007
1,0.4797539094779876
0,0.6405433769444716
0,0.3095848680425941
0,0.2987191267666634
0,0.3167866773881942
0,0.3169031378000072
0,0.3177231239861473
0,0.301189782414461
0,0.313664180514066
0,0.8338057758346533
0,0.5782052716803813
0,0.3142954169528175
0,0.5824139422167696
0,0.789274051722312
0,0.3077884987346371
0,0.5784634241923823
0,0.28872607843526216
0,0.6353429429397995
0,0.3220972889799967
0,0.3110357382249815
0,0.7463994790852918
0,0.3186541913654259
0,0.29143921399779044
0,0.6977350792008816
0,0.32010572554025674
0,0.6581381677377384
0,0.3102308727356212
0,0.32124487308901906
0,0.7256572318986243
1,0.714959244905193
0,0.33020901513158596
0,0.30315989012107414
0,0.30712670409476767
0,0.6365152039548998
0,0.32528381729586386
0,0.33220396744340513
1,0.5886330003497402
0,0.32529042185726165
0,0.5546879995640659
0,0.318286626159847
0,0.47520036606327204
0,0.3017021152804155
0,0.6748684432298105
0,0.730418501515302
0,0.31736599179997355
0,0.48799138333529896
0,0.31271808168427745
0,0.48563923540913784
0,0.8106689104008898
0,0.29514025541243954
0,0.3097368915111185
0,0.32133539154307944
0,0.637654426873022
0,0.6955438000404686
1,0.6516841797901688
0,0.4108732714205576
0,0.3199802715672274
0,0.3152775798812503
0,0.6444390427430066
0,0.6287268245960371
0,0.2947750944756825
0,0.31306296995941446
0,0.3163268492596592
0,0.800192723773094
0,0.46126035882250666
0,0.48349797450773224
0,0.6588837140672562
0,0.2894965884738127
0,0.3230053288622433
0,0.30677567952589174
0,0.30361547514296316
0,0.31330553928304017
0,0.46870011852928245
0,0.31693082063898015
0,0.32546827692668956
0,0.30711270582144545
0,0.29277017607692984
0,0.31492113677576167
0,0.5596526972364425
0,0.29694321768141013
0,0.29621094326419
0,0.31712426490366485
0,0.32956988496431616
0,0.4755628313680516
0,0.7795516367363877
0,0.31591577106739327
1,0.889136966297028
0,0.3182274057193084
0,0.32679744209146766
1,0.7543158404113888
0,0.3172450527203794
1,0.46605961494373443
1,0.650328217064129
0,0.3220710586227389
1,0.8557207420203187
0,0.2892543484147366
0,0.4744806835359603
0,0.3296556260483167
0,0.31469859156191166
0,0.31606336446079647
0,0.30807959342074603
0,0.3112375511996737
0,0.2884824992500803
0,0.47479573495181143
0,0.31056518767059965
0,0.31188595771123906
1,0.48340723648639944
0,0.813378529192621
0,0.31125046914165483
0,0.4774185442329813
0,0.3216862552404264
0,0.30361547514296316
0,0.3204799655583768
0,0.295342785225124
0,0.3018899605094278
0,0.675464498668682
0,0.3040605035865892
0,0.6146613989777014
0,0.30929165484247373
0,0.4100638719616233
0,0.318967669357652
0,0.2888656667543516
0,0.30210473292614004
0,0.30983813125690807
0,0.299277710414736
0,0.598503527891117
1,0.7263916809233517
0,0.4670694797687146
0,0.31105321613795134
0,0.6471809142966404
0,0.2944403808427184
0,0.5617946908386022
0,0.31240191704911896
0,0.32124487308901906
0,0.46513649914377314
0,0.4256548143929279
0,0.3176950382616642
0,0.3344161185269366
0,0.30834085808187034
0,0.8401078015783909
0,0.7496675146483098
0,0.3144931053372663
1,0.8139831631537447
0,0.320895959241728
0,0.7260208930286174
0,0.31227219387727045
0,0.3090770448880159
0,0.4685888214576619
0,0.319645547639142
1,0.651049455671056
0,0.2949787402953201
0,0.1349187372513721
0,0.31501896077722524
0,0.31215886262529263
0,0.4817414507784184
0,0.3214646501102125
0,0.3036079831965721
0,0.27751218651148074
0,0.4666207970896991
0,0.29386906839785015
0,0.47595213257434826
0,0.45840884577438595
0,0.6823809069045984
0,0.5844818347274362
0,0.5797870936404363
0,0.45948623028091434
0,0.31653784477361085
0,0.562685858636237
0,0.3243764698626347
1,0.7258895995849405
0,0.3191479147621658
1,0.9054623881520685
1,0.5901176189321599
0,0.29751099845111423
0,0.31395894343959274
1,0.4914029305161199
0,0.30787647118394385
0,0.4884046498996704
0,0.3151160332815083
0,0.3126921353500067
0,0.6798123249662469
0,0.43145377805713697
0,0.5210471545608267
0,0.30002117973641373
0,0.3035639061304973
0,0.31637073521321196
0,0.33383344425149886
0,0.2921651324742716
0,0.48479543275725523
0,0.3017734987131868
0,0.13238963435391554
0,0.3165152335924143
0,0.46816363962870633
0,0.6487316304849042
0,0.32668141395800004
0,0.2874555552814331
1,0.4852584308826172
0,0.3122478960255376
1,0.5726758834347075
0,0.3209155346936791
0,0.30475061022989736
1,0.5828075139183169
0,0.28816840048025577
0,0.31942085882741733
0,0.41070551399467664
0,0.41204579587403467
0,0.8292145540872008
0,0.31406003491165735
0,0.3089031471274269
1,0.47268383445004336
0,0.307385776684747
0,0.2975050367212317
1,0.4818455719447827
0,0.31531255456601726
1,0.7262701409042965
0,0.28266599502949696
1,0.466004447214146
0,0.4816104891241521
0,0.31458251470049603
0,0.3125047305541392
0,0.6625198673136228
0,0.30141170818910173
1,0.7240839516583355
1,0.4687079220067434
0,0.4951659856620515
0,0.31555963793641745
1,0.47891449303672123
0,0.40993738083968073
0,0.4841087109329715
0,0.4800250518507937
0,0.31029104532188695
0,0.4663741036690264
0,0.32119702632599606
0,0.48855900706956257
0,0.29390687351751
0,0.3105580588611712
0,0.5789589049008667
1,0.4776870952626795
0,0.3206630037265772
0,0.32488760767386404
0,0.6421716083185484
0,0.32238328309675646
0,0.31802997241410635
0,0.3186582715349408
1,0.4766671455561062
0,0.3170743944904934
1,0.8579702351017452
0,0.31037402232152317
0,0.3125322260683738
0,0.8910220376562709
1,0.48119431118540856
0,0.3028261156802761
0,0.7815754813640977
0,0.8021003127046764
0,0.3077166208948656
0,0.309862906963489
0,0.47234834866368275
0,0.32015506647640474
0,0.33669026182223566
1,0.48537960934178753
1,0.5824047692010417
0,0.6255785071678573
1,0.5647866557195875
0,0.4896352050704268
0,0.6515585510492362
0,0.47945192255173275
0,0.31287861717403903
0,0.47193613306591914
0,0.32201946512632906
0,0.31797066670529656
0,0.3167603043402646
0,0.4030751760006051
0,0.7572979592223793
1,0.48628499105358536
0,0.3091462476214632
0,0.31899687596478155
0,0.31928408588863405
0,0.7922032278655631
0,0.588047910134097
0,0.30354154694999763
0,0.4724616131380538
1,0.5732077093681317
0,0.3255422692829884
0,0.7804654904553984
0,0.32212047142967287
0,0.30649065350997184
0,0.31921949458251486
0,0.3039859593780035
0,0.32095019742270536
0,0.3051148604252519
0,0.5855360616177228
0,0.3112322201835126
1,0.476206874821266
0,0.3083758117827385
0,0.4704223186162911
0,0.31056518767059965
0,0.7341634488184873
0,0.3201723127564704
0,0.557308379888865
0,0.5763891694209043
0,0.30247661849220886
0,0.3124710824173135
0,0.14449081765082586
0,0.3127719327537679
0,0.29924129826542645
0,0.2820145971572257
0,0.3289490202981124
1,0.8236937771804601
0,0.30988616494872206
1,0.3536722735204302
0,0.3217337370438853
0,0.32603131687464965
0,0.30785246113063597
0,0.3284266171707511
0,0.30268200590570044
0,0.3122839541236735
0,0.8166930515393533
0,0.64559045690295
0,0.31056518767059965
0,0.32839880012660516
0,0.4855955937499745
0,0.3233435970906668
1,0.5570917400561614
0,0.6437413361912374
0,0.30065052633415434
0,0.2907024338805094
0,0.8857963228952249
0,0.48879503164328925
0,0.595904339983788
0,0.32753111813312624
0,0.30605437320653317
0,0.6764174374452769
0,0.3068573225269367
0,0.3033997169003607
0,0.31773114023701954
0,0.31605766625562265
0,0.31029104532188695
0,0.40993738083968073
0,0.31270909427243543
0,0.5828092352903822
0,0.8225116985021351
0,0.4799355395083575
0,0.6734321286558926
0,0.29922681240306587
0,0.410381948166846
0,0.8341794042699732
0,0.703562129309619
0,0.4678800615957041
0,0.3110151013692088
0,0.8021003127046764
0,0.3235581308664086
0,0.6392653833964684
0,0.31371974991224344
0,0.31189427158219074
0,0.31376888140922815
0,0.31548929725447367
1,0.8500409855704736
0,0.2971458384088232
0,0.2928308999033293
1,0.4775517314088766
0,0.3206798299137087
0,0.4661075305786841
0,0.5799322474671285
1,0.48332568895590755
1,0.4723904161364177
0,0.46485459413143665
1,0.48977247178868294
0,0.3223689870138351
0,0.3072939932346016
0,0.29634922638626626
0,0.3131928696697229
0,0.3159983154052349
0,0.31817848927955567
0,0.292368516349558
0,0.31467239416551185
0,0.2957157305600137
0,0.296723633624822
0,0.4704526077002093
0,0.312100999933289
0,0.32182237374106254
0,0.31805960765814634
0,0.5730155966263338
0,0.3187959785842427
0,0.5607350933445475
0,0.3104730938211867
0,0.4106111736356393
0,0.29617146104946857
0,0.2700541083346011
0,0.31474441699258515
0,0.5663422075684391
0,0.40962176725848326
0,0.47450104883816707
0,0.3265965307945974
0,0.3023867686231305
0,0.8076568223569658
0,0.31674539376945426
0,0.32284022367910337
1,0.5847999520498585
0,0.3142276648279548
0,0.3069873651490524
0,0.46834958894203527
0,0.5844953772024889
0,0.5668571324213305
0,0.47275994067659916
0,0.3202090053045227
0,0.3058245634104662
0,0.49778544059541563
0,0.6783817984518615
0,0.29544765549981145
0,0.32390780270762526
0,0.3162037175565071
0,0.6251111609723323
0,0.30558228191624054
0,0.32253007557569746
0,0.3197818634633186
0,0.3050470845492505
0,0.3159241261888968
0,0.3229541428465458
0,0.9264930919121156
0,0.46482688499086766
0,0.3156566944746676
0,0.29858454006535723
1,0.48441504827122844
0,0.31683773887985406
0,0.6798105867888883
0,0.3225614492002446
0,0.31727790978418324
0,0.3011227660060706
0,0.48332478991273886
0,0.5860736254280012
0,0.31655364743938186
0,0.31056518767059965
0,0.3155225084816758
0,0.7591490604187706
0,0.31292023777550904
0,0.6970613075020193
0,0.5891632032492102
0,0.28378953456055755
0,0.42443436113313004
0,0.31730674912884077
1,0.7011706956092757
0,0.29885303135564395
0,0.7559947201286139
0,0.2994634480422655
0,0.3139820313148193
0,0.48888196085531394
0,0.31376392320729846
0,0.31242838809696927
1,0.9183277313211994
0,0.5601632538798395
0,0.3107932307563649
0,0.6983222718713079
0,0.4111272287700767
0,0.31312306677709817
0,0.4735294702615912
0,0.7008914585056535
0,0.6378912423352335
0,0.40993738083968073
0,0.3217687946306778
0,0.31385763586029836
0,0.6399729464372315
0,0.3069526947999619
0,0.3163478496067095
0,0.31287861717403903
0,0.5850187816511385
0,0.4583684480778118
0,0.3158884006053209
0,0.5847689205964959
1,0.48227831988183884
0,0.30596015441784224
0,0.6221221801842312
0,0.31333557406903334
1,0.5887702235035068
0,0.3024152141281819
0,0.5273496626012248
0,0.3108668909865268
1,0.4795331965481376
0,0.30738096017955624
0,0.3155373279839572
0,0.3153565206886379
0,0.31189281976987293
0,0.5778603690291187
0,0.3060680328242537
0,0.4677923897073857
0,0.712084492650535
0,0.31634771256300703
0,0.4764493949417695
0,0.3086996949108422
0,0.3055545752204724
0,0.3215370920418774
0,0.7003353809729523
0,0.6525447683103213
0,0.4118662151259869
0,0.6957577793797017
0,0.47255216190847804
0,0.31178857849714375
0,0.6294099964989133
0,0.552236870835608
0,0.31007500331939486
0,0.6973384455230758
0,0.48059585161307555
0,0.32603912655530404
1,0.8412200847263197
0,0.887790919915925
0,0.3193578212203371
0,0.33124669708825405
0,0.6408869672363612
0,0.32998303306195137
1,0.47474027620652326
1,0.5818401743167865
0,0.3117798690786527
0,0.8896845442937286
0,0.3196083473262747
0,0.3019091310320107
0,0.3103898767901292
0,0.4618915333572645
0,0.28391807478572445
0,0.43705005668453706
0,0.3188337574571347
0,0.3156557627189303
0,0.2906632923469343
0,0.311473194732149
0,0.3062101600825849
0,0.7010616912651089
1,0.681911315891384
1,0.4721622781409582
0,0.3300151484241953
0,0.2935062779971063
0,0.48697154489739897
1,0.4872909643513617
0,0.28241333005844177
0,0.8206425591424904
0,0.31634106582484733
0,0.5080402772320166
0,0.47972247028893483
0,0.57288363557959
0,0.48399637509884763
0,0.6916891087943934
0,0.3065045245062356
0,0.31748231743844274
0,0.31994644940008743
0,0.2827147187035238
1,0.6498287236269009
0,0.5873288114796805
0,0.317861145358404
0,0.5723227308201668
0,0.30625064317461753
1,0.8730923705825663
0,0.8105457162326588
0,0.3274307858046032
0,0.30900158030746383
1,0.5826012515717205
0,0.3055545752204724
0,0.31463894635211553
0,0.32104775320275547
0,0.479963740840651
1,0.47080382296263157
0,0.31797588081246125
0,0.3187480471669431
0,0.3107425424617499
0,0.49177407403244305
0,0.7478087143863431
0,0.30106964976907685
0,0.3055711830054893
0,0.32107306646613876
0,0.309003864304888
0,0.316915764480216
0,0.2901136186723649
0,0.31716907070438655
0,0.31493278924138346
0,0.3237844105385656
0,0.47748148438284205
1,0.5827831680223733
0,0.3106995305408233
0,0.3117324568381272
0,0.31002829735927934
0,0.4199653081241114
0,0.47797476922169135
0,0.32830156586892933
0,0.40962176725848326
0,0.3077581981951166
0,0.2913779816103554
0,0.32141817571477177
0,0.7417551667798158
0,0.4119477773556582
1,0.6835627710854062
1,0.4803404782839032
0,0.3238512210470983
0,0.3121422239974849
0,0.3093410453697029
0,0.6692610136580515
0,0.30503551624064507
0,0.30656567762876785
0,0.32549081049268486
0,0.48589913173960436
0,0.32251635873112416
0,0.4827955396938247
0,0.3059126816449009
0,0.6528855907664564
0,0.6290486508589102
0,0.760907058261209
0,0.30505348970412416
0,0.22499933693421628
0,0.6513812688647451
1,0.5906061739803391
0,0.3156833676807471
0,0.641442787954695
0,0.3242127057361028
0,0.3150767017002852
1,0.5854243662388989
0,0.41132706466666835
0,0.41148064057035827
1,0.48905246871744523
0,0.31979070780760765
0,0.4854843943531326
1,0.6477496389615659
0,0.47699314042460467
1,0.8271001630795359
0,0.29732593047463146
0,0.47735128332911947
0,0.31817698490777413
0,0.3038595896667917
0,0.2856574218152571
0,0.5628104077808906
0,0.3284266171707511
1,0.472422623327577
0,0.6443392266952819
0,0.3193285996348537
0,0.46960463917731377
0,0.31508755308411074
0,0.30393612260513264
0,0.30883820025528325
0,0.6471809142966404
0,0.30775761280428743
0,0.6919752489896638
0,0.32115227442965144
0,0.8078555286124423
0,0.32376849045678346
0,0.2963311516308649
0,0.32211747070214986
0,0.30897858917831345
1,0.5778092299333274
0,0.3255380951331427
0,0.24229896566511896
0,0.31836772177644707
0,0.31617080447835966
0,0.2985460875694126
0,0.31775012604968456
1,0.46772418735970295
0,0.3133225059977911
0,0.41174559856512133
0,0.4859955721859681
0,0.3165772467094496
0,0.6028022932828847
0,0.31162999205239483
0,0.47794220957805683
0,0.31927147455256666
0,0.3187508195048504
1,0.47720643930135564
0,0.3093926880519489
0,0.3157358411876001
0,0.3242117807738435
0,0.41228551708401406
0,0.6944383247608911
0,0.32147728493290184
0,0.3214041021661177
0,0.2915604667846623
1,0.5755410315591539
1,0.4877038668641154
0,0.47358409959557396
0,0.4824683320599206
0,0.3078987989182551
0,0.31598534503678843
0,0.7020056147499549
0,0.31107114315850254
0,0.2621233659422664
0,0.7286611114282368
0,0.32190725337851117
0,0.3171431418003552
0,0.32904426112131396
1,0.48312517012189116
0,0.8250578334176544
0,0.30864121953106166
1,0.48618542576481016
0,0.48239031171743924
0,0.47473623639280516
0,0.3036694951648827
1,0.6946263115530997
0,0.47249883948300786
0,0.3179536233643366
0,0.2905051496028334
0,0.4828848703594814
1,0.48219502587967383
0,0.7243127529881903
0,0.3149894458579663
0,0.7761957010276562
0,0.8674629875517509
0,0.8033136632145007
0,0.30902116439450966
0,0.47044775449114584
0,0.47087120394318
1,0.4840258564677416
0,0.40886087116315106
0,0.3213642136332041
0,0.31158962767504567
0,0.3189269829264837
1,0.48244521925431716
0,0.3135765195258498
0,0.3088096457521196
0,0.4861755673493064
0,0.29560259971644726
0,0.6329676634489294
0,0.6307777015269899
0,0.6800920779103401
0,0.6601916052268827
0,0.3189877442045673
0,0.2882188342405527
0,0.3007661545879451
0,0.3106215350867002
0,0.48418552028083167
0,0.3021178283851078
0,0.486050082647474
0,0.581429838072035
0,0.31398127258283204
0,0.8291445948304319
0,0.293702475177156
1,0.48304595858174343
1,0.4836738474621208
0,0.310697638617049
0,0.31647181164487365
0,0.6861646720486978
0,0.3110355358222555
0,0.30865568602017573
0,0.3171161492111233
0,0.28983864316348074
0,0.5705140283092681
0,0.30384242563231173
0,0.48181374555730994
0,0.28685621697494285
0,0.32113362155634845
0,0.6942728343660354
1,0.47397627748741994
0,0.31787792773324053
0,0.31056733996983404
0,0.3151935316833281
1,0.4064185303889691
0,0.3088651156197275
0,0.3113606364739446
0,0.3159811745811398
0,0.5763689321702544
1,0.5844242160152007
0,0.31472961059474625
0,0.304425648876484
1,0.4842614909837486
1,0.48790260080198156
0,0.7594329523979708
1,0.6525555450283784
0,0.3194724889213935
0,0.3110472625110796
0,0.2814866590576253
0,0.7599890486856951
1,0.6558916821577864
0,0.6369534362703311
0,0.6485482580758822
0,0.3108625425614486
0,0.3213134214367207
0,0.31402224790671196
0,0.2958239154360298
0,0.3091771300645093
0,0.450867736530667
0,0.48256803068206405
0,0.3032919652996833
0,0.7935896290913532
0,0.2981412040100979
0,0.2992210054057944
0,0.14112907414128012
1,0.6943319601200577
0,0.6818187677220363
0,0.3056203006626794
0,0.3205002019620581
0,0.315531526747154
0,0.3157503247955068
0,0.3054589049187811
1,0.4773749509239252
0,0.7205977941500766
0,0.7204137964992401
0,0.32282569035575337
0,0.31488028821955144
0,0.3290641079719733
0,0.31583223637496166
0,0.3230733381175283
0,0.32060333057991997
0,0.31029104532188695
1,0.5906182134439157
0,0.29584392745620236
0,0.7833931688520193
0,0.3245449150714141
0,0.3064390593508686
0,0.3280344397691228
0,0.6376948693636278
0,0.5519010032561359
0,0.5830725799660543
0,0.32195646880346884
0,0.3176950093385626
0,0.4695153622204463
1,0.6891516054627769
0,0.4841087109329715
0,0.6448614034913172
0,0.32034254273622453
0,0.4821303770978035
0,0.30737275272339365
0,0.6321312031289542
0,0.29457221851031273
0,0.3325576432918803
1,0.5779447656997129
0,0.40993738083968073
0,0.48721423751403536
1,0.8025172681414074
1,0.5852260731187081
0,0.31597724731740634
0,0.3143453275848458
0,0.46620284504942683
0,0.3229391344138416
1,0.6856204615703798
0,0.674161229102697
0,0.32545000425269144
0,0.6677804550468254
0,0.5636985686774157
0,0.31892022601802594
0,0.31101873012024683
1,0.6486823576463788
0,0.3234071164974531
0,0.6304741814446017
0,0.4919539176185967
0,0.4761465422186267
0,0.3238660548961947
0,0.30864121953106166
0,0.3143442602609824
0,0.30864121953106166
0,0.4106794516800955
0,0.46735778829347524
0,0.707345006518215
0,0.31878273956939746
0,0.3171812224336085
0,0.31029104532188695
0,0.58509383422785
0,0.47843760435305144
0,0.4812150826749176
0,0.5770502693744112
0,0.47137065768146447
0,0.4084639857180266
0,0.29970145066596765
0,0.5943811187921161
0,0.3094600209334253
0,0.3236659695080563
0,0.3118299403765268
0,0.5842331646422632
0,0.7771870972768424
0,0.3206402351611502
0,0.7107557947980552
0,0.3176717204287712
0,0.41111706846345936
0,0.8726296055810705
0,0.47405403658851625
0,0.2967250599099749
0,0.320353526886603
0,0.577617769552172
0,0.68185316528672
0,0.8219676565802688
0,0.32042161349953213
0,0.8458876762389486
0,0.4802603647491505
0,0.3297262334165037
0,0.31303720089567943
0,0.2883105000574571
0,0.3157245024679037
0,0.3071784774328751
0,0.2906824320794158
0,0.3290909471351605
0,0.21885595494854626
0,0.32076703186174094
1,0.47334662117786774
0,0.5665410479891142
0,0.32396851387858266
0,0.31409016150812574
0,0.31021135101718517
0,0.5848486719308169
0,0.6386620792950327
0,0.6332127130329993
0,0.3060753615275628
0,0.4783986229406819
0,0.3209174679086243
0,0.30880757132861797
1,0.8434093301883873
0,0.3137985326227761
0,0.8802301599106553
0,0.46701925989273335
0,0.5735417899700378
0,0.3197963692640148
0,0.3073637163454591
0,0.4101133629739654
1,0.47502834713443215
0,0.3180165656212037
0,0.31620099604783214
0,0.31920806207437874
0,0.4106794516800955
0,0.3178408163317945
0,0.46801840532632066
0,0.31729713614877575
0,0.32357974643467036
1,0.5704495256605293
0,0.31543693752142726
1,0.6350544152281622
0,0.48184862769502945
0,0.2919717184223858
0,0.4914666403780647
0,0.3202178069602202
0,0.49151958463230455
1,0.4622286455313963
0,0.3078393928922969
1,0.6507043670858254
0,0.3157137944703074
0,0.30642874654294117
0,0.3038075723785663
0,0.3150705885881546
0,0.3130744709991435
0,0.2973672934489567
0,0.3194648020891942
0,0.3166896114422928
0,0.304584343463516
0,0.31546545868472187
0,0.32061501746228516
0,0.30747226789812915
0,0.8306325288199564
1,0.47548808927795255
0,0.3319300897156613
0,0.3281868566755973
0,0.30361547514296316
0,0.31706184003837784
0,0.4841185070941659
1,0.48144261585176207
0,0.46428185849977804
1,0.48078503271041456
1,0.8106883015672013
0,0.4960830212239616
0,0.32306879251540765
0,0.3196332522349801
0,0.4641007625219696
0,0.3165050810817207
0,0.5763485053750153
1,0.476199854791108
0,0.33001201051020335
0,0.41135398804688383
0,0.901855240179052
0,0.4752793424430071
0,0.3111748742594298
0,0.627090121931578
0,0.32186169639246714
0,0.3198573271253725
0,0.3149386269967198
0,0.8811586086222716
0,0.4812743845333514
0,0.6234133854796116
0,0.3140816264532743
1,0.48513131901559914
0,0.32857620594517384
0,0.41084530672638986
0,0.43177420688636053
1,0.46129495301666656
0,0.48097193216392814
0,0.2912955513865708
0,0.2887011350524747
0,0.2984113855622371
0,0.31076986555859576
0,0.7668373611487357
0,0.4763988342590785
0,0.3181443958288287
0,0.4888739792981178
0,0.4828433509560578
0,0.3177774639560204
0,0.3417796793616448
0,0.45848110557523647
1,0.4917005499888539
0,0.3205898043143584
0,0.3116211807693104
0,0.3001254087047559
0,0.31286568754572874
0,0.30611624993459996
0,0.32221768410397467
0,0.31548753201385954
0,0.492099237771411
0,0.6525158170603491
0,0.4763388450025419
0,0.31527593364003703
0,0.5666960928646376
0,0.3195084114706842
0,0.8526270263085657
0,0.3077670765179429
0,0.3163576942878657
0,0.47444209680866356
0,0.4812329366000113
1,0.4706302639633603
0,0.2819966355696563
0,0.4776178140868035
1,0.7559926584400496
0,0.3045052549178112
0,0.6474376322081125
1,0.4714460625991632
0,0.27973185832564945
1,0.47809897433238785
0,0.4915108353032041
0,0.46862246595050244
0,0.3391534732808976
0,0.7200399200915139
0,0.3125909885883931
0,0.7501983555088934
0,0.7712586058691737
0,0.48256135988225074
1,0.4830123723741087
0,0.3316122088292034
1,0.47025333898673183
0,0.5600886401378274
0,0.5839184853564742
1,0.4803135675055294
0,0.3147852665076629
1,0.8221154429193619
0,0.32030707000469827
0,0.5641803321467448
0,0.3181107252854846
0,0.3157738181559632
0,0.30864121953106166
1,0.4740358868103138
0,0.47706882606354284
0,0.31878698212369916
0,0.3144339419108236
0,0.3170962517750193
0,0.30984322673325676
0,0.76756440981491
0,0.30860345337041517
0,0.6213121302773804
0,0.5263215147720852
0,0.6213002943912009
0,0.5036783612465664
0,0.31336035420150543
0,0.4750321391032646
0,0.4106794516800955
0,0.3171147437550202
0,0.591167751736279
1,0.8253813427627866
0,0.7219375916759219
0,0.8016905995260245
0,0.31056518767059965
0,0.41179857040067286
0,0.4646840005707446
0,0.25498655747263793
1,0.3746284041707148
0,0.31720239033343783
0,0.7778121947390955
0,0.3220328032815856
0,0.7812890757831601
0,0.32668731686790187
1,0.8752077190432663
0,0.48098734925827485
0,0.40962176725848326
0,0.32716488184136105
0,0.4855179982728835
0,0.30718276026217295
0,0.7695471762781816
0,0.47542969203437324
0,0.28477892351356765
0,0.3242763689421594
0,0.32229699076053636
0,0.6894723669119804
0,0.32238991822803975
0,0.31331786094086433
1,0.47834410699793545
0,0.3193157074897762
0,0.32473031456440604
0,0.471438651706949
0,0.3141306265208281
0,0.48480746065241387
0,0.3088659081962645
0,0.3244286751614445
0,0.31455811281462326
0,0.31550827653075536
0,0.3186273521305333
0,0.3228299182640161
0,0.299846501276646
0,0.31331667056393186
0,0.3065413604940401
0,0.32047535214130496
1,0.5822278549837214
0,0.31918904975663215
0,0.31252517262319585
0,0.6876946840878518
0,0.31950960013581853
0,0.48645390592146004
0,0.3245334777890228
0,0.3162268647163969
0,0.31535546059904945
0,0.31162999205239483
0,0.2970682272590159
1,0.8203643363593021
1,0.6935449523003093
0,0.31928321275940336
0,0.48332478991273886
0,0.33226331586256996
0,0.41218328989427233
1,0.4867978503110641
0,0.31523481527129055
0,0.4594927218163801
0,0.3189676640665469
0,0.29360056078876384
0,0.5840262305270353
0,0.4693457756376982
0,0.31527339866418763
0,0.5641654238522097
0,0.5028978350675065
0,0.585339882071585
0,0.6648687930223655
0,0.5886967003396966
0,0.3055545752204724
0,0.32229699076053636
0,0.8920455968709166
0,0.46125935133724055
0,0.31083355901520676
0,0.3225054923764477
0,0.3265388352187445
0,0.48263628682174115
1,0.4788525872490962
0,0.5760313155821831
0,0.46721177614503656
0,0.31738528516300013
0,0.3132611405230849
0,0.2982479479771479
0,0.31642128481294035
0,0.32342183540120895
0,0.47871960767541377
0,0.30173532036807743
0,0.4084639857180266
0,0.4794693640480814
0,0.5703443989911188
0,0.295327722449942
1,0.48058998278107434
0,0.3121624159787955
0,0.2940185602914468
0,0.32098143262966944
0,0.31882704104711723
0,0.31906970984248906
0,0.8601863311076247
0,0.47470116026983883
0,0.3113032162604697
0,0.30476369369903095
0,0.32212595158153484
0,0.863216504301321
0,0.311746910982216
0,0.3288635768621239
0,0.2929833981567783
1,0.5606955072935065
0,0.4793669730962379
0,0.8384928203344254
1,0.5681091147523748
1,0.4843508129251395
0,0.6953543712869098
0,0.7481590100958218
0,0.4060858167099875
0,0.48881327156961024
0,0.46487250194979973
0,0.3161699452727613
0,0.3289149271770219
0,0.3235162006406234
0,0.6914453890624335
0,0.5639333586745807
0,0.6551041029589288
0,0.6975486047850047
0,0.5813425337993999
0,0.31695116461891765
0,0.5810283082722743
0,0.31540319594916894
1,0.7507511522623327
0,0.3129983570989616
0,0.31162999205239483
0,0.3069873651490524
0,0.5881254448952526
0,0.48082177185445885
0,0.5772631807463051
0,0.2967936026813307
0,0.47033473672418935
0,0.3067053117117901
0,0.46592744506740835
0,0.3027766301880241
0,0.4093390835843954
0,0.5692616047532303
0,0.31056518767059965
0,0.5651235554218922
0,0.49594761033419016
0,0.892797504425676
0,0.29357572395747294
0,0.3246965932711726
0,0.69598023973242
0,0.32672328539445233
1,0.5834117364351893
0,0.27351885372096074
0,0.3202643379482007
0,0.4668239110817741
0,0.8744156762788704
0,0.30685485400536416
0,0.675184956209371
0,0.31374942936766853
0,0.2949211259213543
0,0.3053245864081761
1,0.46920151018365724
1,0.5875638151138514
0,0.7100208144272419
0,0.5751260093911614
0,0.3133560872164441
1,0.4858719296184587
0,0.4111195226411755
0,0.3164147253428658
1,0.4898576945359727
0,0.3049260370826714
0,0.7398058899643015
0,0.3302946249173652
0,0.3250375265404416
0,0.40963077221568434
0,0.3031450411322469
0,0.31802922002207157
0,0.3162858720087793
0,0.31659261543858547
0,0.3153116819727719
0,0.46984569366667184
0,0.3181701767645784
0,0.4576738389724293
0,0.6877923411435478
0,0.7611417843864858
1,0.4795331965481376
0,0.3203961208355137
0,0.3289895506144086
0,0.29852284613135033
0,0.5600588503957774
0,0.725640707770861
1,0.484816987831316
0,0.31661971024941327
0,0.31703978387415144
0,0.32488894292319714
0,0.3161547099129034
0,0.47251343023914766
0,0.3184132397246053
0,0.7886337606643088
0,0.3255380951331427
0,0.3182348197133938
0,0.3205221139388019
0,0.4756366681100729
0,0.3124370264112695
0,0.3266216069806545
0,0.30944102488619757
0,0.3140601432963792
0,0.32325540982031886
0,0.29961602832449696
0,0.2958711126898662
0,0.314748861412824
0,0.30730857636312264
0,0.6879186342659214
0,0.6493939868925169
0,0.3075479749207974
0,0.2978815107058769
0,0.3124442270805563
0,0.30747759389555485
0,0.3155763787948529
0,0.32418595722010096
0,0.31565309661152957
1,0.48074290697882366
0,0.3168913532346647
0,0.7619273454952867
0,0.32141817571477177
0,0.5837183966188562
0,0.3201262005704962
0,0.32515363302758354
0,0.6460358501534831
0,0.3220328032815856
0,0.48686203319012306
0,0.6273647395602124
0,0.31683216591978547
0,0.4901516246952559
0,0.307791620531981
0,0.47975051204839453
0,0.30054924306085534
0,0.31820010169079044
0,0.3100540292922065
0,0.32628065750941354
0,0.48278511115951006
0,0.3236395861085931
0,0.48088222444932605
0,0.8022489858051233
1,0.5980394708586989
0,0.3167539185614762
0,0.3093548353100874
1,0.46631052987431076
0,0.7676630250297886
0,0.3236552740741441
0,0.30225398552800464
0,0.32489242182462774
0,0.8402284198441415
0,0.2806768252997364
0,0.3217842871681229
0,0.475824688210557
0,0.3074969179923418
0,0.32805757656490914
0,0.8802324066582279
0,0.4929478439168351
0,0.31197422519281376
0,0.3070567765289009
0,0.32874592029592564
0,0.3066757184866841
0,0.30268100860525504
0,0.4675768516647643
0,0.31762096599992234
0,0.5794575076806593
0,0.3251284117004192
0,0.6867154024754393
0,0.46729486775996776
0,0.3174251365104431
1,0.5764794432508343
0,0.3129191444033151
1,0.576108282679733
0,0.48127717773741924
0,0.5831640120531709
0,0.3234877054520046
0,0.3122965557482922
0,0.5734653166246924
0,0.3228095573708105
0,0.29889702698580006
0,0.31049821598578875
0,0.306157876189321
0,0.5822478662410132
0,0.493011937586814
0,0.3043700174823349
0,0.2998207419691331
0,0.2984399680646774
0,0.320337010561978
0,0.41103162058856774
0,0.6567793357595305
0,0.314472520092577
0,0.4760453723133778
0,0.4785572661993394
0,0.46111422449727635
0,0.46930795261437713
0,0.48332478991273886
0,0.30332809495662066
0,0.6316580951819077
0,0.4663849046366719
0,0.482223407793173
0,0.9356842442156895
0,0.3164110747707069
0,0.31373622074546575
0,0.3144211345085519
0,0.47554107775181476
0,0.2967042288890568
0,0.3106902804968528
0,0.4710952151236591
0,0.5710272453841803
0,0.31669936363762907
0,0.3196802256148747
1,0.4812007023526492
0,0.31005398341983265
0,0.4070923965508905
0,0.28674353093758104
0,0.5684450877349305
1,0.5602097587868339
0,0.3029594609565002
1,0.4931627829536407
0,0.31009990949360067
0,0.3134714363433035
0,0.3193650871282972
0,0.3119457310509699
0,0.3096002311808315
0,0.30752854659165263
0,0.5830803751548365
0,0.47121479181617704
0,0.31713605880868617
0,0.3039647562033162
0,0.47821737636763406
0,0.31996305331442104
0,0.31056518767059965
0,0.5677101017955289
0,0.3204501639771087
0,0.8922597646655035
0,0.5850026285487177
1,0.478037966679192
0,0.65351733208164
1,0.4836756152623514
0,0.69727622277506
0,0.3185780313894312
0,0.324796927177057
0,0.40886087116315106
0,0.6504746425173935
0,0.32049109122863234
0,0.2983953010492798
0,0.3162927551163788
0,0.31949059889744863
0,0.5619455763893625
1,0.9083280302498087
0,0.41073770461769077
0,0.489330816534298
0,0.3026964495196678
0,0.31495270566260464
0,0.47870233071520146
0,0.8033782121132412
0,0.816000154165801
0,0.3220328032815856
1,0.47358278632342826
0,0.3221056007452883
0,0.4853542831016003
0,0.562114724409353
0,0.31490942913277953
0,0.31678655006483153
0,0.3221009491855198
0,0.30054624887956805
0,0.48558838091051454
0,0.853311663688206
1,0.48336075583214116
0,0.30879601949485685
0,0.2906655718624267
0,0.41124935837438625
0,0.31883511733544706
0,0.4821146503151917
0,0.46839069430052577
0,0.3095861124097971
0,0.32403283541170297
0,0.6315003650558647
0,0.6424306272224876
0,0.8021003127046764
0,0.32006183110699726
0,0.8195884717130412
0,0.7340674859871528
0,0.7519919888828137
0,0.48752172710701513
0,0.32723954312043674
0,0.31153886639420436
0,0.30345131962626126
0,0.4656268962642408
0,0.31494151552109695
0,0.8308124301689656
0,0.4810273069201169
0,0.32766834098118364
0,0.29025043593066174
0,0.3103478876994711
0,0.3076047088362239
0,0.32161527092739023
0,0.9066780675767605
0,0.5828311423228687
0,0.5729665764648555
0,0.4731830066767012
0,0.3217687946306778
0,0.3120312385638126
0,0.30104962704056515
0,0.31590923858295616
0,0.5789212408606006
0,0.3188275470311136
0,0.9034644308786666
0,0.30870203293855225
0,0.31685281788043523
0,0.670809740243553
0,0.46684307155510474
0,0.31416173740154174
0,0.3086105292921811
0,0.3179831291240901
0,0.5735552372109324
0,0.29403640386134516
1,0.48376793351938624
0,0.5748359149317248
0,0.30783185185424355
1,0.6254125884800766
0,0.6930202476727272
0,0.30038320116673456
0,0.3091175967169776
1,0.4839483319055398
0,0.3153289619608992
0,0.6835980563177335
0,0.3174578376372081
1,0.7426138053991924
0,0.32011698715820236
0,0.6647216405488284
0,0.49251578259033485
1,0.4856175800432143
0,0.6401842407026942
1,0.49490876429507963
0,0.5609960102548555
0,0.31215151691835497
0,0.6257675448616951
0,0.29562475462337395
0,0.3092455825471769
1,0.8354563379430232
0,0.4882085676612048
0,0.3144152646878802
0,0.3218276809820715
0,0.739647541400621
0,0.32628021835610393
0,0.30361547514296316
0,0.5872853045255607
0,0.48606235632304573
0,0.565810707479919
0,0.6822960779991767
0,0.30454998244028886
0,0.6845780564974786
0,0.2985067541242436
1,0.5669538847383621
0,0.31458524181928116
0,0.4707362678417658
0,0.30837431478317745
0,0.31741943770485964
0,0.7823549050077606
0,0.8503627002962185
0,0.2861691865398744
0,0.3258821611853814
0,0.31463929929320467
1,0.4666666610679768
0,0.312538536060103
0,0.7171479460724469
0,0.3257250311990497
0,0.3116211807693104
0,0.31793814379386
0,0.32587422449497633
0,0.31130791943121183
0,0.5620520670967248
0,0.31701250592291136
0,0.3059224716341586
0,0.3096812291548791
0,0.6877266450940589
0,0.32610408877876684
0,0.30903156069264043
0,0.8723953448631078
0,0.30055128224658967
0,0.8092828797756951
0,0.3241963749078001
0,0.6493024754751527
0,0.676859248415534
0,0.3247159076069128
0,0.32163455945775227
0,0.7849795354111553
0,0.46084676078316195
0,0.7781046515628447
0,0.2817381469008464
0,0.6842868233397801
0,0.3197679054802924
0,0.3091818375559195
0,0.3124504902688129
0,0.3249799723937379
0,0.32023608798062114
0,0.31959695670269583
0,0.31433132120672475
0,0.40821728923544576
0,0.6811451785735132
1,0.4621814839867189
0,0.3045124337958429
0,0.3234254337966304
0,0.780643992473536
0,0.3233757367560757
0,0.6256809944851149
0,0.3051284547010967
0,0.2908421851586611
0,0.4831408145433661
1,0.8012098559538327
0,0.6798858213953312
0,0.32967924386863984
1,0.8883412515347746
0,0.3074375284400568
0,0.7599503710983048
0,0.32092533840393933
0,0.3191200604058875
0,0.32321550225195506
1,0.4769073445186848
0,0.47429962373898776
0,0.5711401051176304
0,0.30668505499938986
0,0.32320917447157893
1,0.8822368419203716
0,0.47935386627924204
0,0.8934503733736812
0,0.5877545228005563
0,0.3155225084816758
0,0.32022113415041176
0,0.3102987963211662
0,0.7654670294097127
0,0.3199014689950466
0,0.31509489100135557
0,0.3174578250802332
0,0.4718329371513648
0,0.3182938146417281
0,0.3178100254327238
0,0.314319712663516
0,0.8111324858738809
0,0.6435474239247547
0,0.3161192775001905
0,0.2966109071645036
0,0.3235996561893884
0,0.3052817910790419
0,0.6358917010011175
0,0.484924143138371
0,0.3170054732658955
0,0.6470811433412246
0,0.6763745984208921
0,0.748028953931902
0,0.4675407935343402
0,0.315119339176945
0,0.31620863085423234
0,0.3220328032815856
0,0.28807783761719497
0,0.6396201193623098
0,0.3179111279100937
1,0.48222833392144265
0,0.6344425150584462
0,0.31397709259523704
0,0.3042667157887195
0,0.47262695552437567
0,0.3126056908103673
0,0.7230117930492097
0,0.7173996290372239
0,0.3142232159895295
0,0.3103222309912509
0,0.2873296731911755
0,0.323079246749089
0,0.32125142469866713
0,0.47643951278938684
0,0.4721900759575571
0,0.307743395589159
0,0.7231763314708521
0,0.563324965698421
0,0.3021715210521855
0,0.31770130434517374
0,0.6813235951516042
0,0.6428301523622382
0,0.3247982044084936
0,0.3215370920418774
0,0.3299546940943748
0,0.2957568773302585
0,0.31683162591855357
1,0.4878459833012881
0,0.294716515302796
0,0.5885023562285406
0,0.6620477684533549
0,0.3178980312520057
0,0.6506692904569878
0,0.3150047013907481
0,0.31806635780921444
0,0.325196950306169
0,0.5768067443815379
1,0.4760568631157083
0,0.307894830247372
0,0.30017261903516473
0,0.3324633379345033
0,0.5779105252822467
0,0.7720319163886837
0,0.3260683089532766
0,0.3164197393576363
0,0.6238229455864543
1,0.48713433368768205
0,0.4871733289436834
1,0.49141418113475843
0,0.3184683949035997
0,0.3183687197501582
0,0.6371569680428952
0,0.33023441663932246
1,0.5681413662591829
0,0.3231540123678909
0,0.3180735092549415
0,0.3146634697298996
0,0.31571760148985895
0,0.31812159977506904
0,0.6721126191792076
0,0.3066501078711816
0,0.3171693317911329
0,0.3418882138011864
0,0.5809280201417965
0,0.7291177538537391
0,0.7152710369696016
1,0.5655481321396888
0,0.4106794516800955
1,0.4860669635143795
0,0.3165045869640217
0,0.32133881650991514
0,0.3181294906075217
0,0.3293555845624611
0,0.4675363505695572
1,0.8118736815460037
1,0.48981841889266187
0,0.3234262776619608
0,0.8217398461665365
0,0.31509613698006916
1,0.47834955612681407
0,0.5826384351357492
1,0.846250052620476
0,0.2929939934285465
0,0.30511056763200234
0,0.31128650305050515
0,0.4060858167099875
0,0.41127314191661923
1,0.4855343304256688
0,0.32246071446106533
0,0.3207828293914654
0,0.30314667040904153
0,0.47567076688010224
0,0.31991415657016603
0,0.6461214374968556
1,0.47412150166005795
0,0.3197007410118683
1,0.5816570046493477
1,0.5667838318866416
0,0.31015836957326254
0,0.4803861057761785
0,0.28354757223654126
0,0.3173324506848241
0,0.31240349451685856
0,0.40531589024781184
0,0.5793295084972097
1,0.5651558407807036
0,0.7696998977245879
0,0.31348699480209335
0,0.2990897609455298
0,0.30611595257745977
1,0.9311509269853533
1,0.8574837912400736
0,0.24094416684011813
1,0.4901682578091492
0,0.644293674445513
0,0.31150967464260376
0,0.4755125008723741
0,0.4769509873679571
0,0.4854843943531326
0,0.5356924833294243
1,0.495646148323731
0,0.31930206217140356
0,0.45566433626764913
0,0.311929708859382
0,0.28134221117393887
0,0.3201262005704962
0,0.4886454219798875
0,0.4852291102486782
0,0.3180919337735524
0,0.3030302385509992
0,0.8021003127046764
1,0.4657220176145554
0,0.47171299443115644
0,0.32134641913089246
0,0.572713172488584
0,0.31606256783103254
0,0.3073637163454591
0,0.6477224027522199
0,0.32059338879914934
0,0.4748143674325332
0,0.29874791429158254
0,0.3245429570981882
0,0.29066659373979264
0,0.32309152696215226
0,0.31029104532188695
0,0.33199578258901236
0,0.807676414281013
0,0.32712444880456354
0,0.4816908265505321
0,0.3117658848078146
0,0.30248800409253834
0,0.6141468291305088
0,0.8138173083730466
0,0.4790079131975394
1,0.650829891643708
0,0.3192090658167151
0,0.3192465142785803
0,0.4927951749146811
1,0.4897411837469016
0,0.29188434138814734
1,0.3972424486918943
0,0.6472555749580077
0,0.2989534977636402
0,0.3010471414960797
0,0.7795160893955948
1,0.49009224535879004
0,0.3201209131142543
0,0.3003747689131752
0,0.589391955980009
0,0.3067305927682037
1,0.825670423039801
0,0.32325255677431575
0,0.32811150388729476
0,0.47971460280683703
0,0.3143314487457626
1,0.47427531634676495
0,0.31604604912202455
0,0.4866583269049607
0,0.576393825270823
0,0.6253325760784181
0,0.30739254657823883
0,0.31230697812908126
0,0.32585685806158904
0,0.31548339950248105
1,0.5659033260320402
0,0.3096180692537354
0,0.4884712432380262
0,0.8584278652840143
0,0.658235439367718
0,0.4113944677179684
1,0.7826657657562698
0,0.31720006336680756
0,0.30864121953106166
0,0.4806434586093521
1,0.6485106834601084
0,0.3221977379555129
0,0.3058991121825059
0,0.295625879482267
0,0.3243837663832787
1,0.9456675312641569
0,0.30757505776092103
0,0.30542358045223666
0,0.31866757605585655
0,0.6943059396810604
1,0.4804346350997706
0,0.30338989765627766
0,0.30918611688443953
0,0.6476466118494254
0,0.31311999074506874
1,0.48838939553463834
0,0.6796979058794953
0,0.7316996115953098
0,0.32267340586561954
0,0.32085037736023003
0,0.3155925802608725
0,0.31637073521321196
0,0.3038872242895848
0,0.3135765195258498
0,0.31067788156363807
0,0.2996723406913913
0,0.28790001889186684
0,0.30864121953106166
0,0.32579743291525587
0,0.3182475901681408
0,0.5735869599482314
0,0.30362484116559024
0,0.4708773799506528
0,0.3168514012104721
0,0.761366960477291
0,0.3205677446185042
0,0.39510305495609305
0,0.3167279988836569
0,0.2876250476003433
1,0.5648622913702757
0,0.5843694026100645
0,0.5827737044165855
0,0.3239979109531703
0,0.7532454243812006
1,0.48214037100201895
1,0.6460120925673798
0,0.31640030156558246
0,0.48147093228265747
0,0.24342498276123828
0,0.31044686332515564
0,0.31819086669495306
0,0.3133446251988013
0,0.32316553563773875
0,0.3156923601856864
0,0.5931726631370997
0,0.6403287301983158
0,0.3327923859672955
1,0.7243269904208444
0,0.30361547514296316
0,0.7174185089404806
0,0.3109418333108188
0,0.6312861025445309
0,0.48204348122622703
0,0.5796035017101492
0,0.5794396230575423
0,0.3192511368015853
0,0.9179700575448972
0,0.31056518767059965
0,0.4794860942523507
0,0.7856576315040115
0,0.32542918797903325
0,0.32430439173142667
0,0.298577617702945
0,0.3110345633576415
0,0.3270316395702202
0,0.31641215016989527
0,0.31729228869055365
0,0.32219348944226334
0,0.6478213483166049
0,0.30946848895046464
0,0.32124487308901906
1,0.8125206335495657
0,0.3168530063665206
0,0.31341566259200954
0,0.6925469009359313
0,0.6530044315053536
0,0.3053309641771949
1,0.7052669625561866
0,0.8088695877589178
0,0.2749483563892437
0,0.4791939445677241
0,0.8156369795413881
1,0.48881390406875075
0,0.8457312846526294
0,0.3155444520163123
0,0.3146734598866255
0,0.3167866773881942
0,0.3015789140559689
0,0.3190217050518614
1,0.8653186172753504
0,0.33405281139294035
0,0.45973639688055445
0,0.3219559893983623
0,0.6259108595122785
0,0.7990438565296922
0,0.5897137699685213
0,0.5764346253637574
1,0.6381695503395733
0,0.5777838414647353
0,0.30453633008401215
0,0.31725305044694146
0,0.30757243823300107
0,0.4882811565045
0,0.31491865009357256
0,0.4704036061809988
1,0.5725492894037569
0,0.5879612112791883
0,0.30728556482894476
0,0.3171070434018713
0,0.6524766789361627
0,0.465696402333841
0,0.31714200342941834
0,0.3096673973140384
0,0.3297726287526422
0,0.2974995687756392
0,0.31543529051376634
0,0.3101779608990515
0,0.3175821016988685
0,0.41174007461673756
0,0.4747203536617061
0,0.45886957080732427
0,0.3255174199630617
0,0.6836139368898011
0,0.31783103097986837
0,0.3111555447557744
0,0.32038895204318163
0,0.30305319803293385
0,0.6513144859443969
0,0.29899507468948894
0,0.2999496015840761
0,0.30481715843348606
0,0.8223986740748487
0,0.7320313294876771
0,0.5574588534639107
1,0.4814140874230237
0,0.40816401844981764
0,0.30430099597806276
0,0.7433146792733019
0,0.3151695776338029
0,0.8241426167574577
0,0.3100081484113799
1,0.48402248582910273
0,0.7000260584512784
1,0.48724471460310753
0,0.3221939658508512
0,0.3020604459957485
0,0.3233089666955407
0,0.3007123226079541
0,0.2886746145368041
0,0.3172450527203794
0,0.3152215343903966
0,0.3162829032571874
0,0.32141817571477177
0,0.3224497372935743
0,0.3118106551322838
1,0.4923436346758717
1,0.48423025074155734
0,0.6860901244616423
0,0.31322946169937077
0,0.32276547765198865
1,0.5697722786217839
0,0.3211032149785375
0,0.3118234627671019
1,0.5836747460949057
0,0.32174802910522077
0,0.4854552806743447
0,0.5707894897365254
0,0.3116690014920568
0,0.31335016636550456
0,0.32319325459028175
0,0.31056518767059965
0,0.30847017305731644
0,0.47338568582615076
0,0.4811308058902195
0,0.2930642490727536
0,0.4096547920795312
1,0.4889279795554375
0,0.31970711536438623
0,0.5759383825976555
0,0.8243790737620356
0,0.3019777264999579
0,0.31447661887645256
0,0.781499068784089
0,0.47958811589173955
0,0.4754753737848134
0,0.6357789877304435
1,0.5765279225234893
0,0.6850617604866451
0,0.28879628454438344
0,0.31447269209837286
0,0.30361547514296316
0,0.30918611688443953
0,0.579060710597775
0,0.3177725084094778
0,0.31029104532188695
0,0.6933967664219581
0,0.3106859944264402
1,0.7582177804115087
0,0.3171716938728501
0,0.48089781590654246
0,0.6573565917674727
0,0.30728836661512166
1,0.46480252543713785
0,0.4709098157294807
0,0.3120124994938901
0,0.48277555704460545
0,0.3080921898103207
0,0.4554228603807054
0,0.2887011350524747
0,0.4886597123901527
0,0.6429351059244492
0,0.7705620324730744
1,0.4937726842401009
0,0.5899319569074631
0,0.32874277016482717
1,0.8844294522333029
0,0.23974520234530844
0,0.3055936408417127
0,0.4803632808582655
0,0.40979345555708074
0,0.3192763341235494
0,0.3277728936058613
0,0.3125139099926089
1,0.8525476036870485
0,0.4775870128061621
0,0.5866522138817931
0,0.3168562160561655
0,0.3035468400794625
0,0.31861841820862463
0,0.293063337229843
0,0.32245820558877325
0,0.30118094285405833
0,0.7325523020099446
0,0.3121784748934613
0,0.47699942355660824
1,0.4893183001509488
0,0.31446505076451636
0,0.3010590378477657
0,0.6931913716378044
0,0.30361547514296316
0,0.3228511705555394
0,0.4696632595523739
0,0.3225263523204168
0,0.3142284305034147
0,0.31319091368044605
0,0.8644781752191466
0,0.31074605387821624
0,0.7175956896063294
0,0.32125583010253816
1,0.583917880844947
0,0.31092806338626017
0,0.29725030882404796
0,0.32394914313149475
0,0.590175999403451
0,0.873422071988522
1,0.4774931155950782
0,0.3248525912427893
0,0.3219961448785249
1,0.5790332927331651
0,0.31594994762938217
0,0.3171681932939073
0,0.3058910194897213
0,0.30935015221077167
0,0.31339816184720276
0,0.3150194132101508
0,0.290777991934102
0,0.4728326150742919
0,0.3041813579333586
0,0.3254233054097303
0,0.31704190081508643
0,0.5794334407638086
1,0.4891388996623517
0,0.48204348122622703
0,0.3218789218387998
0,0.3157778459590433
0,0.3142083344363922
0,0.31929639730565706
1,0.48004883547181987
0,0.31618969962928806
0,0.32068610279628285
0,0.3062191578077678
0,0.3131190211080472
0,0.4601016767414067
0,0.3261381825547058
0,0.3169569678563814
0,0.30075597080454997
0,0.31810972379804864
0,0.30094411907227914
0,0.31029104532188695
0,0.3195637739069908
0,0.26904601378190435
0,0.32261987806918363
0,0.30757505776092103
0,0.327703111961849
0,0.3122884567946933
0,0.3252328798562429
0,0.6364521454370856
1,0.6527273519683855
0,0.4769246965811026
0,0.4735894011235391
0,0.3207000072949204
1,0.4702768970859263
1,0.48796973439027336
0,0.3015420130186279
1,0.8212036556919863
0,0.3149760467688658
0,0.3186127961994989
0,0.4108166198285904
0,0.3207351770291047
0,0.3084874596746531
0,0.31363565503662105
0,0.7748774005648376
0,0.29818308268444915
0,0.31885671384439424
0,0.3207668322316122
0,0.30245905538057555
0,0.3104781489296937
0,0.3220328032815856
0,0.5519072598386252
0,0.3141358420748434
0,0.31525948622025224
1,0.5833510629593718
0,0.314083415695592
0,0.8401078015783909
0,0.29746145987167144
0,0.4707426122966678
1,0.48494931476595116
0,0.3139110880011785
0,0.63652402595742
0,0.9023292863908935
0,0.3285837253166957
1,0.4018218914189124
0,0.46161604804051615
0,0.6478376454277269
0,0.32147938486369043
0,0.29483044580258694
0,0.3264733911556704
1,0.473912515174857
0,0.3151622522283515
0,0.908209710044198
0,0.48847644161821224
0,0.46693966554255467
0,0.6951506948852124
0,0.6965954818379229
0,0.5714231468452086
0,0.48381082695434496
0,0.4781507357402793
0,0.31739290383055613
0,0.4751092283097679
0,0.30361547514296316
0,0.31662282854685714
0,0.48663679266246135
0,0.31201217019288024
0,0.41282547221538773
0,0.3160363917442857
0,0.3256566095183687
0,0.3024142413246378
0,0.3100884779806654
0,0.5816995043994275
1,0.6844120658345302
0,0.6879046407689183
0,0.3133284159717359
0,0.3214130061315594
0,0.5640867293017057
0,0.6201823757690774
0,0.3157286221216007
0,0.7529174516822064
0,0.3057226322850416
0,0.3107324129746997
1,0.5687587696555308
0,0.8946466909031477
0,0.31921443471928096
0,0.4492496372753036
0,0.4655956564990626
0,0.5766492377352423
0,0.3032736832604171
0,0.2902832451342923
0,0.28674002681557
0,0.31697247817283836
0,0.7235226744933884
0,0.32042082099716945
0,0.4712166701211957
0,0.3210424423232116
0,0.4780907248878628
0,0.31172182446370394
0,0.33514970378971365
0,0.6648687930223655
0,0.4386931664881244
0,0.31393405120078127
0,0.3075935411689588
0,0.4819112212928261
0,0.3132551319545604
1,0.5888726286412579
0,0.3006189248750884
0,0.31814895741167454
0,0.29194879294265935
0,0.49280164148786515
0,0.31365561602787745
0,0.5885029106524339
0,0.2740622777242011
0,0.3146157298912158
0,0.2777460205915908
0,0.31637073521321196
0,0.3209389699190414
0,0.6886320374509047
0,0.864066236025988
0,0.3065329717928954
0,0.42290290558780097
0,0.29079902349029874
0,0.32485938127082825
0,0.31898126846577773
0,0.6949514467381838
0,0.3012443719614868
0,0.31669436474826507
0,0.30685135409400915
0,0.4741702405704313
1,0.8409028180375034
0,0.6397416910226299
0,0.3078987989182551
0,0.29973984786729635
1,0.4716012380562887
0,0.31056518767059965
0,0.30703606181807463
0,0.4029439153787655
0,0.29499878275456864
0,0.6589998754045288
0,0.6373232544569066
0,0.2943027457059768
0,0.31923626057951904
0,0.6318780400167663
0,0.2987989793116689
0,0.31535728171394173
0,0.30871760698073475
0,0.32003691079471774
0,0.3178615164859563
0,0.3233837220015435
0,0.6309914358477534
0,0.32124487308901906
0,0.30955003367618816
0,0.31791229444459784
0,0.33071190801373473
0,0.3160665051474465
0,0.3102671515091269
0,0.41070551399467664
0,0.291584638179607
0,0.6443528818341508
0,0.3230439042470756
0,0.31807409980763585
0,0.49054537799004655
0,0.2819909346501151
0,0.31456378458571904
0,0.802395070420231
0,0.31934634483601376
0,0.5912904477947434
0,0.7305605484955585
0,0.589159933728267
0,0.3157615672467363
0,0.3122421466515842
0,0.318331537544381
1,0.45448109447335117
0,0.31239274061427535
0,0.3152805390984152
0,0.3153225439110623
0,0.3163345824076962
0,0.6576337388408445
0,0.2928454933921872
0,0.3051121068111301
0,0.8674151094497055
0,0.4097606631308046
0,0.8009437271418118
0,0.31914887805980846
0,0.2911820500282632
0,0.7303270242351037
0,0.3162743601482138
0,0.31078680491485544
0,0.6873630983580726
0,0.29992366571165724
0,0.26510371666161814
0,0.3203279187289748
0,0.4742645710749967
0,0.4597489973664849
0,0.303116630681832
0,0.31056518767059965
0,0.30361547514296316
0,0.30976390671501747
0,0.5680895533658705
0,0.4121096306203301
0,0.13813443103482478
0,0.3236571169299971
1,0.4799153215289222
0,0.25240580954583836
0,0.3037519114048332
0,0.3156182622783921
0,0.7531559695310732
0,0.564948271430262
0,0.48170458419584294
0,0.32130868162513343
0,0.4835660754928686
0,0.313632084723892
1,0.6993321066808926
0,0.3037957447346265
0,0.48372947871233635
0,0.2754329742002497
0,0.480194644281816
0,0.32796777163306834
0,0.30207702401232134
0,0.47816940206889036
0,0.3145481483947108
0,0.31068520001011724
0,0.4817470463276748
0,0.3266793611716464
0,0.29974435887612677
0,0.32535530203340424
0,0.47259732299511853
0,0.48274145362386317
0,0.31818817025448115
0,0.32122047959872646
0,0.31528167846302513
0,0.716656105723938
0,0.3157201302886074
0,0.32639113762234667
1,0.8009671036681868
0,0.3082757696978483
0,0.6566962761304576
0,0.3133119934373412
0,0.3202236460649829
0,0.3107376201728166
0,0.30359843500864586
1,0.6466707491073913
0,0.3066569517501744
0,0.6498620273108737
0,0.4690040839767384
0,0.824548257965866
0,0.30648449255136384
0,0.5685337703002521
0,0.8387573299113884
0,0.3009283722876095
0,0.31719454114116813
0,0.2987338212399541
0,0.49320209976817747
0,0.4764369030606387
0,0.31656797763125905
0,0.4745317570166981
0,0.30791467767170166
0,0.47458411751541685
0,0.6580123377427922
0,0.3142564340875318
0,0.7178209438539058
0,0.3087853417891589
1,0.7813540188849215
0,0.3120098207921936
0,0.30011765675450575
0,0.3212313411504983
0,0.7334131796669674
0,0.628845147386935
0,0.3164356335776566
0,0.3169701995448588
0,0.6411645555970086
0,0.31162999205239483
0,0.3273754649265115
1,0.4798019374633457
0,0.31237385534064005
0,0.3209117510925841
0,0.4738340681508256
0,0.40531589024781184
0,0.29950229514319143
0,0.3125851003119481
0,0.3088021214861425
0,0.4673227928341061
0,0.659446308326514
0,0.31110882900210607
0,0.47091372075274185
0,0.2795992085512813
0,0.2995475875007924
0,0.31161595711074247
0,0.30757505776092103
0,0.3204237834731935
0,0.3123511058844376
0,0.3130349675013522
0,0.3285837253166957
0,0.48237161593884176
0,0.3103497512892532
0,0.46845822419363137
0,0.3345240668574022
1,0.6696916624480601
0,0.3204931463125231
0,0.32805757656490914
1,0.481775147207261
0,0.4812993301543837
0,0.7705257493590475
0,0.3089214278188309
0,0.3197851432036607
0,0.30874588542208053
0,0.46942042381661997
0,0.32161015601336446
0,0.5772663762840562
0,0.3085012005342971
0,0.563213822309835
0,0.31679555729161646
0,0.777235706945341
0,0.3131678788169725
0,0.30092375487784856
0,0.3104198073178409
0,0.3149410646775071
0,0.40650804891701864
0,0.30396348792319927
0,0.3273278934170712
0,0.3025616591135359
0,0.5742113539120194
0,0.5764039211536373
0,0.4382356464509231
0,0.49393560788008317
0,0.4719022165673092
0,0.47354597725843
0,0.31712426490366485
0,0.47838918983387224
0,0.3115844114976239
0,0.3254855418261215
0,0.3151899876268798
0,0.327760921952563
0,0.32099268316732016
0,0.46568886492894335
0,0.3134501112061268
0,0.31449958222157776
0,0.3243939275007423
0,0.5746921438136581
0,0.3197525474036966
0,0.28344396207457045
0,0.5785263131168735
0,0.31850196320316243
0,0.3169651672844735
0,0.3250522634064286
0,0.3152279197096505
0,0.30937838581716354
0,0.47722119602115015
0,0.3248177397446905
0,0.6788819765466295
0,0.4794357620422394
1,0.45688584350850053
0,0.6658203978895363
0,0.32063874388595764
0,0.31359573791392165
0,0.31360524544797547
0,0.7530350385572803
1,0.9049066428452968
1,0.48222485821667027
0,0.3107517961396804
0,0.31729489262744376
0,0.8315454213406259
0,0.47126824409872775
1,0.5740756705262364
0,0.301086281698562
0,0.3201718744892764
0,0.31828875438482995
0,0.3132888396210174
0,0.5990691157218956
0,0.31175304748462246
0,0.3196422244329051
0,0.31761968265003654
0,0.7905531892537219
0,0.31477170278409755
0,0.31025375965289653
0,0.30009562060403966
0,0.481481566774376
0,0.4594833694968088
0,0.3160795405573659
0,0.29819543138482413
0,0.30107433126649397
0,0.3182227036969983
0,0.4864274973490606
0,0.4105995983147835
1,0.5474772978710657
0,0.4850504975651768
0,0.4693242706605153
0,0.7824882767884083
1,0.4771184419875637
0,0.3173719999446058
1,0.7140783584684594
0,0.3092455825471769
0,0.7444687230799435
0,0.31836228607717
0,0.320353526886603
0,0.4682179664826385
0,0.3085772901902097
0,0.31106902288154864
0,0.311746910982216
0,0.32461743609402804
0,0.6443349917419149
0,0.48157101771358857
0,0.3219029243463834
0,0.4827020964372446
0,0.31915913122391987
0,0.28718235394262737
0,0.30709294607422666
0,0.2939385994797315
1,0.4717975045650619
0,0.3211887566555342
0,0.31603865270385634
0,0.33541923584663513
0,0.3127292931824845
0,0.3172450527203794
0,0.12218321810631942
0,0.31694701904778083
0,0.3144116757784394
0,0.4762432381445456
0,0.47850250807280986
0,0.6299858857706055
0,0.312713312859666
0,0.5125687019803706
0,0.4732064230677693
0,0.31497863965148865
0,0.3215370920418774
0,0.3218172833577132
0,0.4126574369163742
0,0.7268471318894879
0,0.4930666537889816
0,0.2983155814897605
0,0.7728262259648331
0,0.3073370539802943
0,0.4810431913280244
0,0.31364991795652913
0,0.484039808263343
0,0.32111881727112845
0,0.3203177967206511
0,0.3162854746665304
0,0.3148492413766488
0,0.8768677316726374
0,0.30243272222581585
0,0.635125303944569
0,0.31551661653948937
0,0.6013779187605597
1,0.48202432495540687
0,0.3116278080340994
0,0.33704295986682675
0,0.3158418830455101
0,0.30354154694999763
0,0.648311611675728
0,0.6801436198380177
0,0.5821693328250043
1,0.48305402761787253
0,0.32054867323232905
0,0.48320841521894453
0,0.3189246564389691
1,0.8333323840647757
0,0.3289752830222846
0,0.3047601451130021
1,0.5693950691015076
0,0.40993738083968073
0,0.3023940914222943
1,0.487479336829802
0,0.5329010272947096
0,0.30757505776092103
0,0.3179350446603971
0,0.40776394027833385
0,0.6889645654109171
0,0.3257018950414871
0,0.5048651027259937
0,0.31107901810068694
0,0.3150676372740266
0,0.31724130619557084
0,0.8436074887862454
0,0.31784690829519047
0,0.31056518767059965
0,0.3094322526035243
0,0.3038285130799257
1,0.4825198672074609
0,0.5943376694252529
0,0.3170947935457131
0,0.2867843813455096
0,0.307778985166686
1,0.5858855027755228
0,0.3160876726955513
0,0.32819194150840586
0,0.29778498315781426
0,0.30833000821745193
0,0.7643202327720728
0,0.3220328032815856
1,0.4711608658761922
0,0.8468127790917854
0,0.31335244977321
0,0.302146700778105
0,0.4761575197894221
1,0.4836392690343359
1,0.46534152319552163
0,0.32543956516380596
0,0.29951794883433525
0,0.31224243575570626
0,0.5842730755863608
0,0.6883609426376468
0,0.5774742917779162
0,0.3172450527203794
0,0.48446599072198604
0,0.7389699591045961
0,0.3177496290935382
0,0.6903458439699618
0,0.5344150421788652
0,0.3261381825547058
0,0.3186929090280399
0,0.32996005648968363
0,0.6358776196881823
0,0.32281394515738854
0,0.46104935729755225
0,0.2864031103189138
1,0.46576710062494386
0,0.3159800631050674
0,0.3202737909815453
0,0.41147798855841256
0,0.3161430677665471
0,0.3155444520163123
0,0.6950601149168023
0,0.31643238182629746
0,0.5724814914462892
1,0.4791947087877905
0,0.3185036968739273
0,0.46245765505536957
0,0.8384928203344254
0,0.47404794549067897
0,0.31822699543661037
0,0.3028571193565019
0,0.5884971000454522
0,0.307139638068281
0,0.32066714028829274
0,0.3326048291853144
0,0.7671747426151234
0,0.2930588349731704
0,0.32073587311429214
0,0.5615868491297942
0,0.48229959928432453
0,0.3228230855963195
0,0.7205923341274687
1,0.4885400790491358
0,0.3188233139272869
0,0.3156260542785275
0,0.6662841127435503
0,0.31203944620243246
0,0.4725063334891395
0,0.31845241637095034
0,0.3063619045138671
0,0.6750086226373351
0,0.32148414192545793
0,0.6787474541181482
0,0.2836189183097481
0,0.32425801244274916
1,0.6447671689943112
0,0.32849412232181996
0,0.5561160794394577
0,0.8542311272944807
0,0.3077921768353325
0,0.31979275440551974
0,0.682963165138683
0,0.32550982226167874
0,0.4772689838008102
0,0.5721704626905256
0,0.3069066006386419
0,0.32076379605156674
0,0.30996102206665055
0,0.30111709437590295
0,0.31822245825031964
0,0.4785259287859992
0,0.3176537120356861
0,0.5748963121023397
0,0.7796968355239225
0,0.33715336774748894
0,0.5706432996153589
0,0.657805066851921
0,0.3289149271770219
0,0.4670562925234597
0,0.31439917743226775
0,0.4798056273309376
0,0.3109650188128739
0,0.32478185879272126
0,0.2956662971232651
0,0.3266208964242908
0,0.46589709381207434
0,0.7684905886873084
0,0.663217082071109
0,0.3049660941203129
0,0.31504584337808844
0,0.4793990061709993
0,0.4832921760171178
0,0.3152058112129863
0,0.6546765875306095
0,0.3092455825471769
0,0.32077912870439046
0,0.3186090941055635
0,0.4799718109196165
0,0.28396630939628337
0,0.6518940139696018
0,0.2996731934237785
1,0.5737066711143621
0,0.4072521508126465
0,0.6991822939215181
0,0.32079928793806795
0,0.3299536275206994
0,0.31655724917428185
0,0.3091885990584517
0,0.3130911210471989
0,0.2896775004881018
0,0.32588043059529587
0,0.30179545462163043
0,0.48066868524007156
0,0.31354644084163646
0,0.30730035929457905
0,0.30606669320572016
0,0.7077026279441649
0,0.3248192699693486
0,0.4918266820352859
0,0.31931103574858044
0,0.31744557624846914
0,0.3136874556739255
0,0.6324632518947925
0,0.7902410028381748
0,0.4719902967758175
0,0.3148864845465763
0,0.3115645669572578
0,0.30827070149630076
0,0.5823281286877491
0,0.3044115408736669
0,0.40962176725848326
1,0.917936952377143
1,0.5808907678971189
0,0.32575335998371
1,0.6388682601193997
0,0.29751721998471725
0,0.3149480852258545
0,0.31350598953337727
0,0.7528722079174875
0,0.3254564717950141
0,0.31056518767059965
0,0.6636724972096049
0,0.3213747675581865
0,0.484775461331742
1,0.4777292690114581
0,0.6337464755452967
0,0.46719745199933027
0,0.3195241172327695
0,0.632451723627826
0,0.4791766537578679
0,0.3111605353423049
0,0.32528680187004394
0,0.30200762934826075
0,0.3106419892881757
0,0.8545241757699727
0,0.32307832968736766
0,0.2968460442142944
0,0.3045218498267859
0,0.2960447087775575
0,0.3036289570296404
0,0.4773722093821111
0,0.41103162058856774
0,0.32192356504173075
0,0.48332478991273886
0,0.3131666171228381
1,0.644156878832149
0,0.3316202740502845
0,0.3014914588056278
0,0.3196399886317939
0,0.6000813630382212
0,0.315749754030948
0,0.41156842547938677
1,0.6461580334131801
0,0.32294087282037937
0,0.3091331857208959
0,0.30528221191920524
0,0.3241408424511184
0,0.3258092251408875
0,0.3135200829272777
0,0.30040512020453153
0,0.48306665668309134
0,0.31995082136610786
0,0.3121836733751539
0,0.7655574555555406
0,0.31637073521321196
1,0.5798643904632064
0,0.47017165249839993
0,0.3169701995448588
0,0.485203027888713
1,0.4823759371978132
0,0.3219647351238693
0,0.6360875269065664
0,0.314264949186937
0,0.31655699740234783
0,0.32500821678754754
0,0.2998740993954699
0,0.8858086497262704
0,0.3182392530363807
0,0.7927007990009278
0,0.4354121691181015
1,0.857767447152967
0,0.3342726359839706
1,0.49095456550201716
1,0.7705386815818828
0,0.31373622074546575
0,0.7894792670631613
0,0.5607070127570473
0,0.31187547690316564
0,0.689995447234762
1,0.635527082734664
1,0.4805823361714937
0,0.324898429726367
0,0.7669724448698305
0,0.4127234151382986
0,0.3246069414283373
0,0.32119664859643093
0,0.3234254337966304
0,0.3280344397691228
0,0.3127720714018853
1,0.48171363513713916
0,0.31427277609332716
0,0.3198187211568333
0,0.31373622074546575
0,0.7571337516535759
0,0.31433206355945265
0,0.32647593080779536
0,0.46233767329182773
0,0.32677350418824486
0,0.6950402057825477
0,0.3183602925447081
0,0.4799146207523359
0,0.31660639940798146
0,0.8774705857214585
0,0.40993738083968073
0,0.4651370327691754
0,0.3038557419573254
1,0.8114460275270512
1,0.40949770650285156
0,0.41218328989427233
0,0.4642714302371056
0,0.4725456288576329
0,0.3185036968739273
0,0.5549267630393067
0,0.2883485242556776
0,0.3164308662972118
0,0.3090302977749873
0,0.48266017718223203
0,0.3251916988185293
0,0.31506601758586494
0,0.6555118310771122
0,0.891136552103843
1,0.4674134184711625
1,0.48768202596654725
0,0.3249896703971266
0,0.31338834253551723
0,0.313263511330028
0,0.3313762175175828
0,0.31068615484141615
0,0.3194761384340575
0,0.31341700567218267
0,0.7359117924759491
0,0.48143519640828875
0,0.3184747827507619
0,0.46538782264638373
0,0.2864800771372975
0,0.31191295771326005
0,0.29624571263694577
0,0.3077648095766624
0,0.40962176725848326
0,0.4796031154517806
0,0.3132484085380654
0,0.3181577701941713
0,0.47371773769879194
0,0.31373622074546575
0,0.28993248454788134
0,0.4900768863287349
1,0.4830103064954946
0,0.32926480108601813
0,0.3144485046274172
0,0.3127140239583041
0,0.30624526326698254
0,0.3122824778330409
0,0.31174250549909105
0,0.806175811385045
0,0.33634809058680304
0,0.30733428796901163
0,0.3341533436557492
0,0.556096855435276
0,0.29323455229986206
0,0.7384139378908967
0,0.5795790579949266
0,0.40637065273590817
0,0.29235424715456826
0,0.48888169408024806
0,0.3015600649485446
0,0.2828714516635717
0,0.30025664343752645
0,0.40531589024781184
0,0.4663299974658411
0,0.4696104206629067
0,0.5028978350675065
0,0.6941899896407396
0,0.31463644315041955
0,0.6881051196201151
0,0.31029104532188695
0,0.5622427575775923
0,0.3067050593551994
0,0.31324497255388845
0,0.48112076700520306
0,0.31836238904932335
0,0.26715080432244337
1,0.48607104070073137
1,0.6933845263862213
0,0.3113095315143837
0,0.47774923729419183
0,0.32712444880456354
0,0.316599209463808
0,0.32186456171392447
0,0.3151387941465471
0,0.32382517343378225
0,0.30930098876518847
0,0.3181079940819318
0,0.48913141515529207
0,0.7903782550459671
0,0.6847096185753734
0,0.492099237771411
0,0.3028162506241298
0,0.21080318109920454
0,0.5165476807089148
0,0.7279156833300562
0,0.4594078436591212
0,0.3166977619611395
0,0.32844103247254514
0,0.4105098888409634
0,0.4683923452334812
0,0.31659571873926184
0,0.32232476256536785
0,0.5879612112791883
0,0.32572671982910295
0,0.2957587801860452
0,0.3203685671653768
0,0.8398074741476661
0,0.31456232088699526
1,0.48974118342147044
0,0.30633089919064405
0,0.8304488339105318
0,0.4810810205210306
0,0.3138240673970903
0,0.3308733045635566
0,0.32522248927913344
0,0.32522248927913344
0,0.3222000558432029
0,0.29947081311221063
0,0.47558635429223933
0,0.45640750013704634
1,0.6475510365629639
0,0.3085196442541926
0,0.32398148706480173
0,0.47067571845534967
1,0.647255875030246
0,0.29278804982959133
0,0.3125121258702538
0,0.3322534765394251
1,0.5779427007521016
0,0.2892323763062615
0,0.31883952530697585
0,0.3024984527871809
0,0.7529444289662829
0,0.31804886129048304
0,0.32446649320581433
1,0.46456409353633626
0,0.4795472344852911
0,0.31506583333806315
0,0.31683608017742465
0,0.47761608714794723
0,0.31464585895486286
0,0.7827544216345393
0,0.6417878735034468
0,0.6710475538819034
0,0.320404047594499
0,0.6974727292800575
0,0.48108924118823754
0,0.3119808066782797
0,0.31749716466489425
0,0.7171675290586493
0,0.31029104532188695
0,0.32320917447157893
0,0.31402380937417895
1,0.4924403471866957
0,0.47661416203523077
0,0.29957509200073096
0,0.29866510028135085
0,0.31929174613344785
1,0.5778824895664373
0,0.31741922680942747
0,0.4082019359038095
0,0.5709198518765752
0,0.30237873240084684
0,0.30772715744592394
0,0.33422983353295177
0,0.4924048629336985
0,0.40894531449682403
0,0.34940534375457843
0,0.4689791821946287
0,0.3008116810013255
1,0.47949445441569466
0,0.3055545752204724
0,0.6917181860937964
0,0.33077872676281855
0,0.3165124372658835
0,0.3186919394142867
0,0.30051969605048234
0,0.3073637163454591
0,0.32572356418023324
0,0.3171546828234436
0,0.31417995583710173
0,0.23309865610585823
0,0.32452344844112685
0,0.3082873913732806
0,0.8395328976073799
0,0.7162117586516573
0,0.3218028061536896
1,0.644561669429079
0,0.3258660206349054
0,0.47826955911662866
0,0.3004182014838018
1,0.6451863843338288
0,0.3140693846974722
0,0.3041751864801907
0,0.3072244521101057
0,0.31765379507573066
0,0.32343815931926434
0,0.32420522580969313
0,0.31712721608279126
0,0.2984376030030962
0,0.32199191716561304
0,0.49359429179246395
0,0.31808591325906865
0,0.7286602371176166
0,0.6768322735174078
1,0.46965869771048613
0,0.3221221160239118
0,0.3138365873227253
1,0.855347829254524
0,0.32323730158007963
1,0.46435056192613117
0,0.30261547115008247
0,0.2967092711863141
0,0.31983232265037653
0,0.30757221650715816
0,0.5799998468534445
1,0.5843424203187254
0,0.4650210210826056
0,0.47057279531569807
0,0.3015439491049107
0,0.4886698166535064
0,0.3156058867990512
0,0.4781197295186304
0,0.30002570219248137
0,0.575845802565775
0,0.30939416939931136
1,0.6836088029080654
0,0.3183367887311801
0,0.4843226775345121
0,0.32071357357991964
0,0.31150386247581335
0,0.2687004869494811
0,0.33216948647179445
0,0.3059733188779744
0,0.32018516092834104
0,0.31635469406385053
0,0.6365249435148853
1,0.4883259909041984
0,0.6578312067570756
0,0.40886087116315106
1,0.42697091734944126
0,0.8074354010939389
1,0.7222274851201597
0,0.318528769895184
0,0.3025669839874123
0,0.2917584876201886
0,0.31719317982197504
0,0.5904681116102874
0,0.31586732273537943
0,0.3239565238796139
0,0.4113944677179684
0,0.32640066863351036
0,0.4659276714206128
0,0.3203233418896197
0,0.5784658825473791
0,0.3140738025237615
0,0.3232727939667434
0,0.31526839518224675
1,0.4867354401866861
0,0.32126052412906625
0,0.8456126822333419
0,0.31840173062274335
0,0.3197588349398884
0,0.3143766809923834
0,0.7816851648804337
0,0.3183666649368058
0,0.64634978461811
0,0.4786722786985238
0,0.48950155047548466
0,0.7874234589427941
0,0.3120850283201622
1,0.5816396782229707
0,0.5887666862493319
0,0.31238921123357843
0,0.2983204701843571
0,0.3231894950107611
0,0.5730304125780089
0,0.5316212837831843
0,0.3236090578397198
0,0.30611394298048394
0,0.6803194083555307
0,0.46694141456482835
0,0.3173659384752106
0,0.30757505776092103
0,0.3134751159553962
0,0.3282127906985603
0,0.41257563109243184
0,0.6438356480055103
0,0.6416996606159104
0,0.47922032254105246
0,0.4742561878606109
0,0.3242457551191951
0,0.40993738083968073
0,0.2976441422416568
0,0.32418619789368003
0,0.3210090691086621
0,0.3149551859655276
0,0.4562972995348075
0,0.3077188755392539
0,0.3151933627864116
0,0.3168140452435048
0,0.2913948360282079
0,0.6693913920360558
0,0.316599209463808
0,0.46570140572871294
1,0.4852756218162284
0,0.31712426490366485
0,0.2679992185669372
0,0.91293443957572
0,0.32399604758600825
0,0.29367853890633144
1,0.573123477001682
0,0.13233237958491798
0,0.6944615043098648
0,0.317684806609675
0,0.5808400875225617
0,0.3104310574314433
0,0.30052439317201673
0,0.2888984701903456
0,0.31974622101005706
0,0.3174682183996717
0,0.5724645053015532
0,0.4576524979007585
0,0.5822845530770525
1,0.4652020670040155
0,0.4520497652132248
1,0.7570076823297461
0,0.7252792137536386
0,0.4775870128061621
0,0.322077728221106
0,0.31231870452846366
0,0.7395745357170422
0,0.31744548870384004
0,0.3168850880729386
0,0.3100972042674137
0,0.6954733126318455
0,0.32522248927913344
0,0.32124487308901906
0,0.596731500394033
0,0.3116211807693104
0,0.31373622074546575
0,0.31524925747513516
0,0.3159977502299624
0,0.5774713822926044
0,0.6278796205640599
0,0.5847330110469028
0,0.4709058915887008
0,0.7301569158602259
1,0.5756497693480999
0,0.32147728493290184
0,0.731964972802071
0,0.31056518767059965
0,0.31783103097986837
0,0.3141924162663753
0,0.5888089943845728
0,0.3178508872577934
0,0.3198690609355341
0,0.605799699825992
0,0.6477234270660172
1,0.8669071492279596
0,0.45243800285877794
0,0.29780424961938173
0,0.30864121953106166
1,0.814042706922791
0,0.40962176725848326
0,0.6800863403815459
0,0.3204481919319102
0,0.30361547514296316
0,0.3173622375048048
0,0.31162999205239483
0,0.29753878410213935
0,0.317797707114407
1,0.6579249823044964
0,0.4750584302211413
0,0.3219114866276925
0,0.32146791493620763
0,0.6340564608125262
0,0.1364616348726228
0,0.5995199681330264
0,0.47006399665336557
0,0.30772576746132463
1,0.48261656437807277
0,0.47871960767541377
0,0.6492968776188138
0,0.48122611202632454
0,0.7604258381718594
0,0.7977025574333966
0,0.2980825042117887
0,0.4795808296865724
0,0.2996699181742866
1,0.6342527098840298
1,0.47386186988868056
0,0.6298461073161835
0,0.3116211807693104
0,0.47092179606792495
0,0.4060858167099875
0,0.30817796908977857
0,0.7236002085501169
0,0.48468263748179824
0,0.31933467167045243
0,0.6860696784135214
0,0.3124483535553638
0,0.8873909723286258
0,0.2981941539088
0,0.32407654233120325
0,0.3207907822476357
0,0.3179318487562717
0,0.3191947869177758
0,0.31469722639293024
0,0.6427014896211777
0,0.85441511816994
0,0.8171813121935769
0,0.8875159589621691
0,0.3030110509911438
0,0.7649525505193938
1,0.477768690838377
0,0.32147728493290184
0,0.48142827933004073
0,0.5769791495521586
0,0.5719803674244891
0,0.32422142636168944
0,0.31162999205239483
0,0.4869143839890126
0,0.4192047805741943
0,0.4900074304840351
0,0.6419064624465874
0,0.32044620850924
0,0.4755105787069301
0,0.31415353655800443
1,0.4956400482068936
0,0.5813617173281773
0,0.7519351196480213
0,0.4851704413425605
1,0.4764996112424474
0,0.31439848391295044
0,0.3075120165288838
0,0.28833287353179726
0,0.32289839481323507
0,0.3306666859552217
0,0.4891137275383122
0,0.32186120817817293
0,0.3340882140620895
0,0.2796454364406048
0,0.29434292799856443
0,0.29603651527258634
0,0.48740925811085484
0,0.3080069924259444
0,0.4735792270193912
0,0.47780694537559587
0,0.5599441270302238
0,0.5822798248531953
0,0.30549145872631567
0,0.3202962762684496
0,0.3259942748298448
0,0.3043334495443129
0,0.4625144949448302
0,0.5485723384586413
1,0.6430415482395837
0,0.32320917447157893
1,0.47560039227400086
0,0.48840251159404896
0,0.6267795469183853
0,0.316300550382752
0,0.3183871178430977
0,0.31175026433934616
0,0.32132956231135895
0,0.31002590609598996
0,0.3008806627920116
0,0.6804136371449148
1,0.7603087720311897
0,0.8252277106971693
0,0.6425286541163573
0,0.8274062997875553
0,0.3261861184874804
0,0.314668105879798
0,0.31534356218807214
0,0.299350383133235
0,0.31927884432607295
0,0.31818928326020446
0,0.29709224066026557
0,0.324151208328323
1,0.48424616942539783
0,0.30757505776092103
1,0.9140727994100127
0,0.6913867638206753
0,0.3201790853778686
0,0.3204676901206581
0,0.3192677828797425
0,0.7248096912406756
0,0.5866251275284562
0,0.4810642118543325
0,0.3105036799093751
0,0.32090543928915755
0,0.34207708055775815
0,0.48481519771630116
0,0.3111538116633687
0,0.27825598313856525
0,0.31481883565195695
0,0.30643291129825007
0,0.30576226146269647
0,0.31736142976377063
0,0.298793877340092
0,0.3197500331343548
0,0.3010859203937656
0,0.4832143898621983
0,0.3058661495023838
0,0.3198221564924386
0,0.32352583872841273
0,0.701816424546675
0,0.3171790700208883
0,0.3010161187671843
1,0.6379394464960747
0,0.3160814533854515
0,0.3288456816329268
0,0.8867635247009629
0,0.3335800819153072
0,0.7103317682472596
0,0.31225056293916686
0,0.3129902473345133
1,0.6876988568408504
0,0.5855443982704257
0,0.4721838728922397
0,0.5634616754590068
0,0.4819176818505161
0,0.31943242646342923
0,0.30549718644488466
0,0.32682646459099784
0,0.3175655972942493
0,0.4474463134563314
0,0.8152904784832677
0,0.3086136608559808
0,0.4804863073826053
0,0.47243221582935163
0,0.3165989326030002
0,0.317357752491003
1,0.6033236038852734
0,0.31927986863245983
0,0.6557757163675157
0,0.3098060201546069
0,0.3142826388034758
0,0.4854290536598181
0,0.3250044425871512
0,0.4651211782165866
0,0.32889787112908836
0,0.4867847355077448
0,0.6469155777526341
0,0.3358162166802456
0,0.32139828024490646
1,0.48272222414218785
0,0.5836422186843251
0,0.46848861104699596
0,0.30361547514296316
0,0.4788810597981254
0,0.3054637380054993
1,0.4774003619628544
0,0.41080989742768514
0,0.3255129211469527
0,0.6612125106473626
0,0.30361547514296316
1,0.49154762131246393
0,0.5859568080422065
0,0.7759544848061853
0,0.31618798610595383
0,0.41070551399467664
0,0.30468009148952857
0,0.2901439875827262
1,0.6628123615172112
0,0.30166034984348944
0,0.3167156781300171
0,0.47038479085692453
0,0.5750700115708679
0,0.4743129973409956
0,0.31053741372643523
0,0.32074775149965024
0,0.27732964393728415
0,0.31494078192297553
0,0.8565581186184466
0,0.31616145273583834
0,0.3203613582279369
0,0.4910604647657529
0,0.5064027133655885
0,0.4285206059354208
0,0.5789053154082612
0,0.41215678080065427
0,0.4387194694945048
0,0.828518321049156
0,0.3248646450787237
0,0.3186958797535022
0,0.44215742271927466
0,0.29603502473107557
0,0.31682646037406786
0,0.5621744016505947
0,0.30579809936605484
0,0.3141842437496685
0,0.32228859655735737
0,0.5625359397183529
0,0.28308104551411445
0,0.9078995284719894
0,0.4830850351698312
0,0.2917128543715333
0,0.327065253232008
0,0.5620801596595996
0,0.5835939043940283
0,0.49037541187632167
0,0.3245463357635702
0,0.3210672678729949
0,0.6191657954985944
0,0.3021960345577291
0,0.29330677888685647
1,0.5826530300144956
1,0.47813250294484744
0,0.31360645947417726
0,0.6415300911170871
0,0.6082094445219677
0,0.3345712036078754
0,0.31368603601490624
0,0.31393465461229836
0,0.3261090107013912
0,0.2757828303832366
0,0.40962744641731014
0,0.41098360487939517
0,0.7618262456573127
0,0.3182938146417281
1,0.5793818249516585
0,0.6451532425295915
1,0.5808328602729507
0,0.47186177048641276
0,0.2966590599896578
0,0.27966228344202987
0,0.5776383594267822
0,0.3191313991165728
0,0.3125242888639029
0,0.3212606708949742
0,0.6361438152922295
0,0.2906642140817236
0,0.4057274106885516
0,0.3195453380586274
0,0.3105963810699512
0,0.4767317189186978
0,0.5157312642315398
1,0.6917592580610008
0,0.3144830311083159
0,0.29225407599846975
0,0.3133732592941142
1,0.8827025185617305
0,0.30885668978791403
0,0.31778430006647884
0,0.5926268842582849
0,0.324083037477064
0,0.8467954837393732
0,0.3132052509085512
0,0.3229541428465458
0,0.40993738083968073
0,0.6517507010819145
0,0.31044582276890587
0,0.32259807177558725
0,0.4748348262948773
1,0.6476008682777189
0,0.2826394006689921
0,0.6421170209423144
0,0.32511873929204793
0,0.3032964151120734
0,0.3112426926841191
0,0.32319078298305626
0,0.3183461360620054
1,0.5702097505177547
0,0.3031786099882111
1,0.4835139790679443
0,0.3165934895828389
0,0.3155444520163123
0,0.31845208761524263
0,0.4737540516564441
0,0.32243339091080125
0,0.576862535945512
0,0.30631760992341345
0,0.40315103820852555
0,0.48216287494327437
0,0.48268839635400546
0,0.3164211138716774
0,0.3182138002147979
0,0.2970278545082335
1,0.5923071376727309
0,0.31780013387370915
0,0.4839492886258721
0,0.2835737542407303
0,0.31522390972131537
0,0.5802364645135266
0,0.32006431602899726
0,0.3185081087310848
0,0.3201016504241631
0,0.28855957105849767
0,0.483278557539257
0,0.476504324159242
0,0.6241106942754534
1,0.8093400865866085
0,0.3201304879370628
0,0.3175784541849015
1,0.578649064524418
0,0.9046658547178289
0,0.4814366259524931
0,0.30715933457392525
0,0.8102926421761655
0,0.31455330123562786
0,0.30808927783976414
0,0.33075151602493436
0,0.3207470970154278
0,0.7450751558868983
0,0.3056526035846106
0,0.4835646115725253
0,0.6463227685051347
0,0.40962176725848326
0,0.5774142252831396
0,0.7935931776778784
0,0.4702877277653931
0,0.28752278197015846
0,0.48555260208978557
0,0.581645927230632
0,0.3084043507401098
0,0.31959571253055735
0,0.4707820241644491
0,0.7193264345481296
0,0.47061955116878773
0,0.48252620943350927
0,0.4106794516800955
1,0.48380491160125566
1,0.6898785273722645
0,0.31454069398312784
0,0.6493266801740442
0,0.30494213632867634
0,0.3048220608742675
1,0.49964149628582805
0,0.4575695006399577
0,0.4060858167099875
0,0.30503482410783217
0,0.3042041663778616
0,0.46461718685369224
0,0.330540023498103
0,0.3162223858451622
0,0.4778733737788813
0,0.31404397842858833
0,0.31877457395069625
0,0.49702464417827474
0,0.4857666599584442
0,0.31510016937251323
0,0.4761682366794688
0,0.5762165223867435
0,0.30425443441394107
0,0.2803427590235074
0,0.42147801327978673
0,0.6817401020828244
0,0.29265381801760837
0,0.48073131668641744
1,0.6516411085779342
0,0.3179297576243568
0,0.4835806648849208
0,0.5544251757658835
0,0.33100539311516725
0,0.317530399553558
0,0.3179983611482208
0,0.574005702842771
0,0.6048399760225089
0,0.5726416922715561
0,0.3157853486036487
0,0.32408344288668
0,0.48467743681775854
1,0.48056277322041885
1,0.5783859615759166
1,0.7256216516412539
0,0.3199018845392767
0,0.41124935837438625
0,0.5731860207566514
0,0.3986261476100259
0,0.3108687825818589
1,0.48026152989968357
0,0.5594936044614446
0,0.30081275180109773
0,0.3142379038608021
0,0.6477513307892828
0,0.3158284061358168
0,0.32315683526414923
0,0.3212996222286577
0,0.4717483850816443
0,0.4060858167099875
0,0.4512827125496905
0,0.28431445768467806
0,0.3147956785177041
0,0.31990619008913196
0,0.31925447883403096
0,0.7290111403470344
0,0.4799470707639989
0,0.6581989834350983
0,0.3117761529949719
0,0.3469522388589441
0,0.4725687048940077
0,0.3094786696768095
0,0.5879612112791883
0,0.2895632857077788
0,0.7467395369149531
1,0.48285984049216985
0,0.31525411334854775
0,0.46975331011522137
0,0.2889243690229536
0,0.8150129380060932
0,0.3207601156199961
0,0.3160347757595056
0,0.3266311861636993
0,0.3219058532327538
0,0.2906632923469343
0,0.3177523420869416
0,0.2962842274873277
1,0.5682793848578163
1,0.6394977370652852
1,0.5888282461959872
0,0.6374774566469238
0,0.7489310806981222
0,0.31029104532188695
0,0.47732493719014407
0,0.3198782925116441
0,0.3182192173455668
1,0.9260329711941019
1,0.5716151172525713
0,0.7398883143512185
0,0.47267364880194784
0,0.6848128748670136
0,0.4764886977305057
0,0.31947822273965054
0,0.3101550536208609
0,0.7211448921594127
0,0.3239819388431346
0,0.30888492277399937
1,0.9673273097622035
0,0.30450615537113346
0,0.3102299637032376
0,0.3094243135251072
0,0.3174575056441848
1,0.43515978245485815
0,0.4767711238572859
0,0.2776385317370247
0,0.3115131401103821
1,0.6479731234083848
0,0.30165075942064434
0,0.6877403542608861
0,0.3024752017464095
0,0.5892640751077913
1,0.47892145809683606
1,0.6421126280925863
0,0.4861755673493064
0,0.30164290713939107
0,0.5876350007174033
0,0.7318508040852485
0,0.3374040446529811
0,0.32075397975360653
0,0.32366104290811376
0,0.32286487025386773
0,0.7004130395154297
0,0.32206090680496674
0,0.2998313495365088
0,0.313632084723892
0,0.8079256872932269
0,0.48411625748099063
0,0.7425594209856262
0,0.7347281019384949
0,0.318501178295546
0,0.3088258209523903
0,0.32010236738474146
0,0.3154709283586623
0,0.6392157657284269
0,0.28845411561145795
0,0.2964535333163502
0,0.4772555268206146
1,0.5750060472082553
0,0.48089682913848314
0,0.31546150201724465
0,0.3162049351162127
0,0.844683650730168
0,0.30951373731602605
0,0.3268441393895072
0,0.321439686286261
0,0.31690695891680015
0,0.49346899425169083
0,0.7463088500038085
0,0.8016156981077754
0,0.30850987605172914
0,0.4117095738508355
0,0.5808060301042952
0,0.32131378346993505
0,0.3000779815001859
0,0.32096485524810897
0,0.8274365065718364
0,0.737005538990299
0,0.30582214438610766
0,0.3109919886717188
1,0.48285428728309543
0,0.5684885290926063
0,0.3066696673469386
0,0.3181064491883575
0,0.3181817787738508
0,0.3255380951331427
0,0.31253131795248307
0,0.7668594925021915
0,0.32991976944787715
0,0.3196652623962376
0,0.4792685008688237
0,0.6486326458544039
1,0.582863641408239
0,0.2930471238123529
0,0.31895693274000875
0,0.3092455825471769
0,0.3209386836968102
0,0.881099822359101
0,0.2987371414187635
0,0.41103162058856774
0,0.31373622074546575
0,0.32660033772687425
0,0.5319160889391634
0,0.3236514116186634
1,0.4892285477721055
0,0.32712444880456354
0,0.3097941622635007
0,0.46304974619399325
0,0.4854074455155136
0,0.6858238947809142
0,0.4810918803919413
0,0.3260313527717071
0,0.47060383860895905
0,0.4949465996101801
0,0.47736160188592525
0,0.5886172812784519
0,0.287735812112011
0,0.31654059382518435
0,0.2960244146523363
0,0.3191807015881365
0,0.47696035340972043
0,0.4489168888318053
0,0.31930729432488597
0,0.322033544538403
0,0.32471978720182915
0,0.3080927237749306
0,0.6620477684533549
0,0.3060981834305435
0,0.5828920323094188
0,0.32119702632599606
0,0.3135520900244849
0,0.318872810937669
0,0.5839008805656184
0,0.3109010055852337
0,0.3169123118243735
0,0.6599179813019482
0,0.7239202034677239
0,0.693985134141274
0,0.3173321095568222
0,0.2954150528457137
0,0.566222494735674
0,0.30354154694999763
0,0.3244154957330595
0,0.7991367237175035
0,0.5799982286463486
0,0.3223291696212332
0,0.3174910535999357
0,0.8021003127046764
0,0.3195754068672086
0,0.5708623676134106
0,0.40886087116315106
0,0.29777883557991536
0,0.331711745871793
0,0.3177040647786949
0,0.3140689153869841
0,0.49108035947615924
0,0.31056518767059965
0,0.3104962482661349
0,0.3041136467786628
0,0.31892917348908434
0,0.31233521921424917
0,0.3176299593484962
0,0.31999436408565823
0,0.3264009989495083
0,0.2662874747215326
0,0.30705421168445624
0,0.31411997679307785
0,0.468168877881966
0,0.322797141969464
0,0.3192644843295865
0,0.6261231113065521
0,0.5725096036124304
0,0.30674661895000493
0,0.6501014205208252
1,0.4860303826903038
0,0.4771235711631709
0,0.6439755486383814
0,0.3069237810991737
0,0.46814260084180653
0,0.3195084114706842
0,0.3127793681077102
0,0.6450090846698745
0,0.32648561134350407
1,0.4731830336890504
0,0.3049391407958182
0,0.30665573024177506
0,0.2825168792281432
0,0.6301986505825126
0,0.7713982418660318
0,0.5718628849399175
0,0.32124487308901906
0,0.8313062976385821
0,0.31050629304887334
0,0.6309597910577502
0,0.31938745799036367
0,0.695000812494974
0,0.3174383027856017
0,0.46320804635382684
1,0.48581164490416723
0,0.31887724360478675
0,0.7402777806473516
0,0.3174810807551984
0,0.32188574758361
0,0.32471874208235285
0,0.31801430217622745
0,0.6381415705809482
0,0.8499042178796806
0,0.47888439853638115
0,0.295204938732764
0,0.6854203892214558
0,0.6945044471432055
0,0.30843316552786704
0,0.6200890583461403
0,0.76591857589412
0,0.6401966640353667
1,0.4885854183802078
0,0.3184475546107299
0,0.31907435541624257
0,0.5694834279644949
0,0.31529083708391803
1,0.4635189701917508
0,0.630421917899101
0,0.30372118374506546
0,0.6026823811605363
0,0.47708305771480786
0,0.31554780901732643
1,0.48782502661944327
0,0.3255729038553673
0,0.31598165598084327
0,0.2968691085641128
0,0.46566389157707516
0,0.3158101213931715
0,0.3150300493500418
0,0.3208482420464995
0,0.31808405412154034
0,0.7550826527703015
0,0.7161239901687181
1,0.6283279616071624
0,0.31906511354826356
0,0.32482078540164094
0,0.46726614939051264
0,0.6698758718867969
0,0.31653531949909025
0,0.31906715125434176
1,0.4699326327797577
0,0.3093807300151567
0,0.3176196247361868
1,0.6515083086340737
0,0.32502478699158094
0,0.313134992644204
0,0.3165782835221187
0,0.3059229942310409
0,0.6482662300939857
0,0.6493222590245338
0,0.5773501947917116
0,0.323669103518976
0,0.7846524309031505
0,0.32124953959329444
0,0.2944567609995438
0,0.3195104196974137
0,0.3065337761108026
0,0.2926614243515263
0,0.8793429000199962
0,0.3092601713450329
0,0.31409412249402385
0,0.29649844616250454
0,0.638266988080704
0,0.3301976633228796
0,0.31906511354826356
0,0.8204323736480219
0,0.4702219351421101
0,0.31528974864788306
0,0.32100185275017085
0,0.3231537318522853
0,0.30683068435206307
0,0.3107297441916809
0,0.3269600370600163
0,0.44939006194610026
0,0.47835442088776337
1,0.48411717429144024
0,0.5060542280071532
0,0.5670289678326259
0,0.5762974807414373
0,0.4828390436498169
0,0.6215621623912787
0,0.31679555729161646
0,0.5703432229089969
0,0.30339617600804825
0,0.32544718399607325
0,0.3168590092340336
0,0.5600079760813341
0,0.46409667347275996
0,0.5700428715103368
0,0.6561873550643963
0,0.31343332538835794
0,0.30158813095986065
0,0.3122187769922165
0,0.5733970644621401
0,0.46725498309635416
0,0.47900066030576277
0,0.3220252072240984
1,0.8918244874765516
0,0.32050404490621276
0,0.46492142415968657
0,0.48209601239917643
0,0.3117046991350171
0,0.32136441789209924
0,0.3215899646315435
1,0.5822652524247082
0,0.31501313641291245
0,0.3151096148746329
1,0.4713409449696073
0,0.32252584975997806
0,0.6910579425496454
0,0.30620769904529427
0,0.41077398480070515
1,0.8879404446201037
0,0.48154873718320074
0,0.49533053864417376
0,0.8003050215394399
0,0.30954382623328897
0,0.3150732459189133
0,0.8621247656458269
0,0.2855976824990866
0,0.45959724063848556
0,0.45977246031889596
0,0.3120382934960841
0,0.30323439641729494
0,0.40993738083968073
0,0.31640016285584677
0,0.6093257946287215
0,0.48265875642160716
0,0.3224422375133901
0,0.319054821447475
1,0.6452003346989483
0,0.4735716951596586
0,0.3118179030888522
0,0.7165472580742607
0,0.574730409907369
1,0.489723157805928
0,0.3214904423044751
0,0.3016580579305983
0,0.6254285800030818
0,0.3176594316031583
0,0.557419143058924
0,0.3264967651096144
0,0.4658830770058216
0,0.3148243704859305
0,0.3024375599622814
0,0.3138437538901288
0,0.7261080844390759
0,0.3205177353731769
0,0.3194197404409318
0,0.3179572182960129
0,0.2864536985517018
1,0.47782938224529903
0,0.31674607399771665
0,0.3040391099830939
0,0.3215370920418774
0,0.2954021904456144
0,0.5804653587210967
0,0.3127818771871836
0,0.3167934066010004
0,0.3093205959865949
0,0.3104058079293065
0,0.27279414284394227
0,0.3236395861085931
0,0.3174061269470757
0,0.30186833940030194
0,0.2731904011698531
0,0.46335355627618935
0,0.3539769777827541
0,0.32005133396562946
0,0.6883028567029614
0,0.3227135779901041
0,0.47398270697749295
1,0.47760058266592403
0,0.31439389114570787
0,0.27861838190586624
0,0.2902350266385949
0,0.48057866164006663
0,0.3178192431048614
0,0.4822690723943754
1,0.7992329689632592
0,0.8221853106834831
0,0.30823231656522215
0,0.321178135822825
0,0.31388121930372326
0,0.2977978717835188
0,0.31755456514909647
0,0.3169762855239322
0,0.9264329753069306
0,0.6463045971531574
0,0.3084466334290011
0,0.3177591663471434
1,0.573263768742231
0,0.31593947679756507
0,0.3151162112088925
0,0.5683931670387459
0,0.5824764874061963
0,0.3230305269261611
0,0.31056518767059965
0,0.32988127289789526
0,0.47032020017825044
0,0.4101133629739654
0,0.3092759436464949
0,0.6828093422970568
0,0.3086588521727108
0,0.48568659894234256
0,0.32608371308396145
1,0.5825934692039646
0,0.49290562610585076
0,0.30804883208778927
0,0.5748894158244822
0,0.29357250673312
0,0.3263055645617068
0,0.4124475773885713
0,0.48014483899299304
0,0.3164527579458763
0,0.31273196473901016
1,0.49721852902326086
0,0.6408345839458605
0,0.3092455825471769
0,0.30465436324949474
0,0.29866556314341036
0,0.30312064824210494
1,0.5851848335387109
0,0.31568809245527224
0,0.3142033226913633
0,0.3092455825471769
1,0.7478939128211126
0,0.30493492533935795
0,0.2940669149066885
0,0.5788943518663403
0,0.40962176725848326
0,0.4070025436701534
0,0.5828579554311648
0,0.5707900256949536
0,0.3036710761119661
0,0.3163597457236761
0,0.3207203940876144
0,0.49608307689819753
1,0.6479040935999155
0,0.31030134161527884
0,0.3222004560149837
0,0.3167320757303663
1,0.48598964651988735
0,0.8154034024304565
0,0.33017999151874067
1,0.48732136538145326
1,0.6277794970278774
0,0.4113944677179684
0,0.308079613629262
0,0.2825604131673053
0,0.4808072271611369
0,0.31174678884263585
0,0.30361547514296316
0,0.6413379506450376
0,0.311143378844869
0,0.30918611688443953
0,0.8011866640190062
0,0.31205496275947525
0,0.6557894257153689
0,0.6770055215301723
0,0.27930453791308696
0,0.5842061373664728
0,0.30768744523315095
0,0.29784858481077064
0,0.32891231071609545
0,0.31614173446694244
0,0.31631387661969496
0,0.4024500250243904
0,0.31682058546634484
0,0.6802951066229614
0,0.3014495326829126
0,0.6543683787069491
1,0.643258200884931
0,0.4105581406712802
0,0.7519014272626795
0,0.3189158505420838
0,0.45642245417823635
1,0.3306532856825874
0,0.4732772062643017
0,0.30987836854714634
0,0.3094976550929264
0,0.47926670304090746
0,0.3208745138344848
0,0.32339597331848097
1,0.47002960607016725
0,0.47083046201746503
0,0.30954097307216644
0,0.31674954146819784
0,0.32489242182462774
1,0.47580078456972424
0,0.3044458003074444
0,0.3202643379482007
0,0.3188931550818705
0,0.32205736689316056
1,0.4881614043639056
0,0.6441825969316786
0,0.31489236290420375
0,0.6005712109811552
0,0.48123383807159076
0,0.30496424975610503
1,0.5627385124253466
0,0.47329286013474
0,0.40776394027833385
0,0.31253131795248307
1,0.48533748548591005
0,0.31988757479081203
0,0.565016071547895
0,0.315235565435788
0,0.46168389596146786
0,0.2806768252997364
0,0.839199907670686
0,0.32691317425505567
0,0.48007493249961136
0,0.586236952683211
1,0.48978713459713924
0,0.3097021471903766
0,0.3189596821238767
0,0.636858516332396
0,0.4723219271040605
1,0.5063839248432863
0,0.8048168190182157
0,0.3160201639914701
0,0.30484305039499543
0,0.31703396136853096
0,0.3196478203758366
0,0.3152805390984152
1,0.4525028823219189
0,0.31525411334854775
0,0.5239118598338537
1,0.4798588053104756
0,0.3037944400014775
1,0.7924267534452923
0,0.2886752762860872
0,0.8489579625006931
0,0.682327833472412
0,0.2846275705970907
0,0.31344251602477924
0,0.32124052004081183
0,0.47831955132174886
0,0.48154033763604853
0,0.29713666299230934
0,0.3052291521337509
1,0.4798588053104756
0,0.32004790798688043
0,0.40993738083968073
0,0.7205934033009801
0,0.3202993967808118
0,0.30725821039240864
1,0.40808247134913966
0,0.6319371499740096
0,0.8378346229139026
0,0.317468170942458
0,0.3054036389385047
0,0.8780140757488966
0,0.3166435649027825
0,0.49139359054160425
0,0.3249896703971266
0,0.8522742489975673
1,0.5870816122466095
0,0.30102294100492566
0,0.30813479336206684
0,0.4082349092925574
0,0.3228888534399206
0,0.3147952888758755
0,0.31930729432488597
0,0.31643377599816297
0,0.3206315129754424
0,0.32320917447157893
0,0.4606052421331221
0,0.3179003531841369
0,0.3161530070120295
0,0.32805757656490914
0,0.2965773379406906
0,0.33278811519743645
0,0.6836217110250266
0,0.31761518631699726
0,0.47978621234905894
0,0.614668502383108
0,0.3309353275196296
0,0.5474334889370202
0,0.3219074578459673
1,0.5875712720110812
0,0.316547285427394
0,0.3050816880612823
0,0.3248177397446905
0,0.4057274106885516
0,0.3178476387527299
0,0.29984968042893234
0,0.30280447201520433
0,0.31184240301338617
0,0.3096902105277468
1,0.46726614939051264
0,0.7067013659974425
0,0.4814416967606991
0,0.4542707060343533
0,0.32024263099132333
0,0.31270483666202
0,0.3211644369590806
0,0.31837329470611186
0,0.7240339450619392
0,0.32143216529749014
0,0.31304932414925757
0,0.3199219763021983
0,0.6954334316877812
0,0.31875077941016466
0,0.2993235037338831
0,0.30766828637337995
1,0.47160065446052013
1,0.4726170903693005
0,0.2344800165271375
0,0.3092673553208501
0,0.7575088458924752
0,0.30705371661398484
0,0.7070095238830991
0,0.3160706694751959
0,0.3172450527203794
0,0.3153116819727719
0,0.6976715095334811
0,0.31109819137331396
0,0.8374352021107921
1,0.6373857968242707
0,0.34207708055775815
0,0.3165169971690484
0,0.45252587172952485
0,0.46773573054601614
0,0.48724385467546294
0,0.32313716830660355
0,0.14012847727598016
1,0.5795665669503045
1,0.4859188924875008
0,0.32908846492867144
0,0.31762037214746247
0,0.30529508156754126
0,0.34498687040761994
0,0.2925842261994734
0,0.40650804891701864
0,0.3040835690255813
0,0.5748203620281939
0,0.4771902890866952
0,0.3026354087309973
1,0.9298348907824892
0,0.6025853233830091
0,0.3199267478725375
0,0.3170160396726131
0,0.8387731459574136
0,0.318156667597574
0,0.2884409525817401
0,0.3281660393605247
0,0.3235283198616942
0,0.3104375959160808
0,0.7591009381436876
0,0.3187989580477022
1,0.5855373337005706
0,0.6439500219691396
0,0.2934746962145819
0,0.3239308394458539
0,0.46770808042771767
0,0.314809345707119
0,0.6034341346887349
1,0.584434158500836
1,0.6452212442749761
0,0.3174910387926729
0,0.4597257865661665
0,0.48506197000032497
0,0.31595706698521947
0,0.7939668867811394
0,0.6944487814716808
0,0.3165322712878573
0,0.30408007894151134
0,0.296742085223112
0,0.31491369163998856
0,0.31253131795248307
0,0.3117597406612704
0,0.7104418713185255
0,0.30281058090957147
0,0.31072594182330565
0,0.5714497927004868
0,0.31056518767059965
0,0.320136646772498
0,0.45996317915221235
0,0.30213433064339945
0,0.7568532044689879
0,0.4626054193180781
0,0.4688190674487799
1,0.4862180194449693
0,0.31654355929582123
0,0.28708417528868574
0,0.7570962163286868
0,0.3227985202365668
0,0.32286764589698813
0,0.2980079675710137
0,0.30361547514296316
1,0.5839382976522531
0,0.31406003491165735
0,0.3135765195258498
0,0.2975062899204274
0,0.3056549652129162
0,0.4869789472205978
0,0.30754768109747505
0,0.29841504800155916
0,0.3098516139966737
0,0.3117551458449228
0,0.7737420837959845
0,0.3112372803502325
0,0.30914055071424273
0,0.12666809693229103
0,0.31133841234258447
0,0.5700896779686976
0,0.40955822508647916
0,0.3245475628109929
0,0.7511216979573307
0,0.32010104167926595
0,0.32229699076053636
0,0.3172450527203794
0,0.31788530591983305
0,0.8303559756353017
1,0.7970775585233016
0,0.30011765675450575
1,0.4860226680592712
0,0.3104781489296937
0,0.576878423103832
0,0.32766658963313267
0,0.2718892612247681
0,0.3206672180405318
0,0.48157782953318795
0,0.33879067666735985
0,0.3184615230615903
0,0.31373622074546575
0,0.47715643670676006
0,0.28819818096557653
0,0.6946912932483501
0,0.3198350548794386
0,0.29862743215839865
0,0.3026059771211742
0,0.4691887539525234
0,0.47381390391882333
0,0.3069054307982774
0,0.31162786994941855
0,0.30685809424559585
0,0.588192904029172
1,0.48657995589585323
0,0.4112235518782653
0,0.7221112365178932
0,0.3164814366151141
0,0.7734127698078604
0,0.31753859361730985
0,0.5730908631518967
0,0.6875502837354249
0,0.4786852613285388
0,0.47599703846005414
0,0.32971216601160014
0,0.31720239033343783
0,0.3194381545383063
0,0.32924625323894935
0,0.32588043059529587
0,0.12950935522534093
0,0.308299701978952
0,0.7853706572121283
1,0.6439995075129732
0,0.3182313063961736
0,0.31015644680876914
0,0.3134372315832117
0,0.3094857376010942
0,0.3131683910945531
0,0.6797152144045729
0,0.6247873529503118
0,0.31650328969824604
0,0.6427024787960597
0,0.6515885066900284
0,0.3085668989562728
0,0.40986737040244636
0,0.3023053048988578
1,0.48682106531408437
0,0.3231478468274732
0,0.31693735238721144
0,0.48147942573915703
0,0.3130515725959146
0,0.3290245578996515
0,0.3300210580593603
1,0.7379020680722042
0,0.29511526174488945
0,0.318172578066326
0,0.32146355386467473
0,0.4620812058316011
0,0.46902220871534034
0,0.47333970049411267
0,0.32259387481135726
0,0.3148716808854015
0,0.31331032522734487
0,0.7536949533852444
0,0.4770864836716501
0,0.31355120647955503
0,0.31656677900282265
0,0.31574069283059164
0,0.6795054904355057
0,0.5777855988532675
0,0.41204665352584563
1,0.6647602482565185
0,0.31226145723494814
0,0.31445952184109643
0,0.32489242182462774
0,0.2991049798825756
0,0.31029104532188695
0,0.30954937511722513
0,0.32124487308901906
0,0.31625253988618296
1,0.7014031955678584
0,0.3164959328200141
0,0.29472933736422363
1,0.7991187494460418
0,0.8394980010402983
0,0.6398834326507117
0,0.3256111462735325
0,0.32367164394375436
0,0.3118772666374029
0,0.4815358748112726
0,0.31720061342802236
0,0.3167946344716837
0,0.6275932129219846
0,0.3186218863570193
1,0.6222408092330779
0,0.3262926384453532
0,0.6964413424009619
0,0.32253730871255815
0,0.31153340513647265
0,0.319508423542252
0,0.32044384472972254
0,0.41215678080065427
0,0.26441826236980076
0,0.5849651255894648
0,0.7672938080070948
0,0.33070489721160934
1,0.7563864229169345
0,0.3092455825471769
0,0.3110974019526873
0,0.28748814274344736
1,0.48508089889391387
0,0.29096377127028444
0,0.31815306666279153
0,0.31076167938728544
0,0.8188980541823169
0,0.31319324249721076
0,0.30066600490888634
0,0.31383473646912813
1,0.681552936669609
0,0.3590876993338152
0,0.5879612112791883
0,0.7395786882554769
0,0.32229699076053636
0,0.905731440530146
0,0.4953850836660511
0,0.3184621428354983
0,0.30755060364119774
0,0.8810350482668965
0,0.30737275272339365
0,0.2732583733005844
0,0.3252444573525853
0,0.47409921754688517
1,0.6774186848397513
0,0.6878903003172304
0,0.4854146985511602
1,0.8037820944022035
0,0.3227369609832758
1,0.5789038921996794
0,0.3320583018273529
0,0.3161534762275028
0,0.310175339298125
0,0.3052612311858513
0,0.7590416303662508
0,0.31664267102756133
0,0.3101952362406247
0,0.40773104701911994
0,0.319019521371425
0,0.2966636926495539
0,0.5800082996678829
0,0.3169856502413008
0,0.48193948942722403
0,0.31673216006804217
0,0.810560824566947
0,0.3128039535287821
0,0.29908758933334995
0,0.6814909453381773
0,0.7532084360523953
0,0.4847630707061596
0,0.47257673852548143
0,0.3050919480590148
1,0.47512539589946495
1,0.5772779270294004
0,0.4610311145418777
0,0.5572057576722906
0,0.5723255204886837
0,0.3259273148609908
0,0.47999410978094226
0,0.3153517492525318
0,0.30091962867124744
1,0.4774592533720538
1,0.6300010095786416
0,0.46924086463629194
0,0.3206023843065492
0,0.31537487763856825
0,0.31253731739734086
1,0.8391181898723048
0,0.5764316200487701
0,0.321908882859218
0,0.3172450527203794
0,0.31183308994681874
0,0.34207708055775815
0,0.317906924496188
0,0.48227218916756176
0,0.6734639681030928
0,0.5955976336230504
0,0.3168909148901964
0,0.4611832634754186
0,0.32420522580969313
0,0.3141842437496685
0,0.4746360852339059
0,0.325144529395707
0,0.642484468954609
0,0.31937760060297554
0,0.5828441911057043
0,0.31712426490366485
0,0.3248894014585334
0,0.8400045306653674
0,0.3204169940319078
0,0.7258831964621891
0,0.31898321667146756
0,0.30924680057678067
0,0.5864897576993832
0,0.44510885520655064
0,0.46111540794566014
0,0.31484172781379277
1,0.48620886975682953
0,0.32605857081498396
0,0.8400045306653674
0,0.2962016046121036
0,0.761048627053779
0,0.3193334331874908
0,0.31405752902720224
0,0.8325593659308251
0,0.6576410112641274
1,0.4871488414404426
0,0.3215370920418774
1,0.7831984765762271
0,0.47603675299386755
0,0.30959912227657604
0,0.47738011599791724
0,0.31764503471726074
0,0.3117357022210116
0,0.4900074304840351
0,0.2960095030150004
0,0.2978926566895534
0,0.3250933217980339
0,0.49240568317448447
0,0.29602078744415894
0,0.31190730675321743
0,0.47472533998471494
0,0.31029104532188695
0,0.3267156943650329
0,0.3189666069389734
1,0.4869734915612719
0,0.8436269023008952
0,0.31983584233661777
1,0.7257158283007211
0,0.652287502676394
0,0.8480041221086585
0,0.3207280342456263
0,0.3056982224057645
0,0.3182126145651405
0,0.30228432559258067
0,0.3166618250464012
0,0.2984817455564685
0,0.8395328976073799
0,0.7417085776608284
0,0.28891600507693244
0,0.31712426490366485
0,0.3261972800399845
0,0.32046479359736646
0,0.3241060049004144
1,0.4780994663643413
0,0.3090492483173248
0,0.4649088279862869
0,0.7729031297282325
0,0.303559750838974
0,0.6643033571493479
0,0.49752824334804757
0,0.3007127485096534
0,0.3272777929416556
0,0.6533981120107307
0,0.3053751573597622
0,0.31162999205239483
0,0.3033014154898725
0,0.3143314487457626
0,0.30623074904020736
0,0.31679555729161646
0,0.31433172446528135
0,0.3243764698626347
0,0.30893496106331175
0,0.31532459449022454
0,0.47832510624753377
0,0.31834396961410455
0,0.2608445721554153
0,0.5605189698942561
1,0.7149644990894126
0,0.32193129170541396
1,0.9036536311625072
0,0.3120461652676712
0,0.5825414458957922
0,0.47307483507405884
0,0.4884566208653098
0,0.31029104532188695
0,0.7263190345113995
0,0.320020421059185
0,0.4842025905556392
0,0.3202056471833338
0,0.31240349451685856
0,0.3254819717440045
0,0.3178697388438807
0,0.5802326745360732
0,0.317374941738895
0,0.3152384424770051
0,0.31498318508853995
1,0.6088896989550403
0,0.48568516571700565
0,0.49013892408223186
0,0.4663313279529136
0,0.31235835110482557
0,0.2994254728647212
0,0.13141567862294845
0,0.3117588058611107
0,0.8076731589181658
0,0.7140408179204792
0,0.323440546769097
0,0.325072459807854
0,0.49047471339629234
0,0.2980568025257417
0,0.47899009792933966
0,0.3262985938516683
0,0.2939246486553792
0,0.30497439263101633
0,0.6546858777189469
0,0.6487883238419246
0,0.3048329077670554
0,0.3152012461754019
0,0.30098552127435757
0,0.3153357765122647
0,0.7605544062803136
0,0.3167906483054182
0,0.3219016892259673
0,0.583331637150733
0,0.2993759233375421
0,0.3213642136332041
0,0.32032316149286943
0,0.3067237394213796
0,0.2988731317129006
0,0.31888593493008055
0,0.3207737151573071
0,0.3159781886870684
1,0.5759398711225365
1,0.48830606364955736
0,0.31685189297759725
1,0.7199129353192759
0,0.3271201204435467
0,0.30885290376485686
0,0.48738063610072435
0,0.6758466216480784
0,0.31712426490366485
0,0.32049745977755156
0,0.3036654217323
0,0.4756705243965904
0,0.3114775447079635
0,0.32572184257026515
0,0.4803530743493117
0,0.5740475850597649
0,0.2977920956104214
0,0.3159735926867648
0,0.3079103478346706
0,0.5828679411887127
0,0.3236897298294404
1,0.4064185303889691
0,0.7197162510553086
0,0.47477122847231856
0,0.3177700236910306
0,0.31712426490366485
0,0.4737370771895511
0,0.31889048281543503
0,0.48014636687012213
1,0.7712592284657196
0,0.31673760398207806
0,0.7079208878624228
0,0.4844691445105582
0,0.48091990732763173
0,0.3167057060543301
0,0.49466078851769346
0,0.3157374097989
0,0.2983012193687185
0,0.29225779940297253
0,0.31750541075349464
0,0.32402186222544693
0,0.7418016826379037
0,0.6388365936995944
0,0.31883113609385033
0,0.3058005830896579
0,0.3186306703202832
0,0.3129292087162749
0,0.4499222941341145
0,0.47663613453307385
0,0.8717420148749054
0,0.30515659200483286
0,0.29957421842293713
0,0.5840678052008852
0,0.31056518767059965
0,0.30795180928557386
0,0.32245602408498053
0,0.3163494750842567
0,0.3151735269074331
0,0.31029104532188695
0,0.47633387145766976
0,0.30174788737922636
0,0.4728994489219304
0,0.4110375392356967
0,0.3182713197996304
0,0.31671061004078016
0,0.41214413871747313
0,0.3076310422487432
0,0.4753428889905302
0,0.31420308268765945
0,0.3231711292537412
0,0.47792873830834437
0,0.31722055660196796
0,0.31836238904932335
0,0.3212925314873115
1,0.48529593543755734
0,0.31412598302617606
0,0.4811991180286107
0,0.31637687075287235
1,0.478354015439948
0,0.304512966752015
0,0.5936985647696081
0,0.3147006317940968
0,0.3310371217429873
0,0.30307814916344794
0,0.5312172673627578
0,0.32302512871683725
0,0.30808325096107697
0,0.3277820832678124
1,0.46944073823347177
0,0.40962176725848326
0,0.31956150869527633
0,0.3186086330193574
1,0.6515249960556274
1,0.5825524390508665
0,0.5818750078452206
1,0.4858825092668153
0,0.3166532588513838
0,0.3140953215641189
0,0.32127879866702314
0,0.31915608780684473
0,0.28470647003063476
0,0.3035935085839795
0,0.31495619593928287
0,0.3261724813685164
0,0.32100772136403866
0,0.5624436612966002
0,0.5865772449505959
1,0.46862795339510505
0,0.7470949025360437
0,0.8686876838569222
0,0.31267325371378035
0,0.644835347709772
0,0.31238094359759994
1,0.4895252144641103
0,0.40428568580905283
1,0.45209061653063737
0,0.2864448053211739
0,0.7448459591603566
0,0.8115033826367638
0,0.2984940797974893
0,0.4762027442513802
0,0.40962176725848326
0,0.31456124939486463
0,0.32246292004266736
0,0.6379191287609108
0,0.31421372082368704
0,0.31743541093697536
0,0.31320541117644335
0,0.31234891231157924
0,0.3186645212072483
1,0.45498042956128465
0,0.5714122416262567
0,0.31422266430305795
0,0.3198901046066615
0,0.5206465411717759
1,0.4877522219499598
0,0.4658318465167258
0,0.6270750637946295
0,0.30324709593170696
0,0.3032137634525113
0,0.4810918803919413
0,0.3170067318995482
0,0.751731324899523
0,0.3309514961271772
0,0.30699087903254835
0,0.3241997803800347
0,0.31035293857791946
0,0.3264427085008864
0,0.31560274219453804
0,0.3000793484187711
0,0.6813776537995284
0,0.31572395594692365
0,0.4720082680061002
0,0.4830284397338725
0,0.30640924321350654
0,0.5722959122697746
0,0.3193531286671248
1,0.46413133550894914
1,0.6503363372622516
0,0.31931410555358425
0,0.31513549895498244
0,0.3202643379482007
0,0.3112397903298741
0,0.31889629289440197
0,0.5540545523717035
0,0.6542573253667358
0,0.30864121953106166
0,0.31691754166164837
0,0.3105118779868926
0,0.3021760535803557
0,0.32035904320802533
0,0.6381988475166533
0,0.4832921760171178
0,0.29814638205881894
0,0.3167993884935151
0,0.31294557062873435
0,0.29022329812041797
1,0.5662496836205304
0,0.31518127643564237
0,0.306265759853608
0,0.7460993239571351
0,0.31570664823899464
0,0.3222167204549298
0,0.4096547920795312
0,0.5923990010103721
0,0.3172341614061325
0,0.40776394027833385
0,0.31524052828793764
0,0.3158286045394762
0,0.32325740717412904
0,0.31930729432488597
0,0.40886087116315106
0,0.4832921760171178
0,0.33988689781490566
0,0.30864121953106166
0,0.5764374997949531
0,0.3240003045033439
0,0.4666135591509468
0,0.3107744355363431
0,0.3184678880041892
0,0.5892037158586955
0,0.3153299793094167
0,0.5935376952121397
0,0.4742557697110047
0,0.3791559236992875
0,0.6781241210758506
0,0.5812243885980708
0,0.3020136131666161
0,0.4679955593611235
0,0.48277555704460545
0,0.5812889830180457
0,0.3077239081437988
1,0.7788533722027692
0,0.31396950315767047
0,0.7537372611298804
0,0.8695806616181662
0,0.4831317853552678
0,0.3179246688672494
0,0.469409820823273
0,0.47906354612309077
1,0.48471734668264366
0,0.3116748652065662
0,0.31625220254224096
0,0.4746832627860084
0,0.45378694848970763
0,0.3185476153469729
0,0.3262551365199021
0,0.5759228480539267
0,0.31461944259097374
0,0.48356071459877686
0,0.2809313532079192
0,0.46860553044034714
0,0.31165358357980794
0,0.7780502629638424
0,0.31863216130782585
1,0.5826213781355444
0,0.3130396026213121
1,0.728203376852071
0,0.31922718199634426
1,0.48682147056924785
0,0.31424401682696296
0,0.6486537325495788
0,0.32805988584417106
0,0.669871142656041
0,0.31029104532188695
0,0.30950676343461714
0,0.3143019009224763
1,0.4740703087406292
0,0.29936633921946704
0,0.47550015977647314
0,0.41198923455379266
0,0.31956128013268287
0,0.29302500541411214
0,0.4829638405477202
0,0.3155428676799975
0,0.3232650772973893
0,0.3270291999069073
0,0.3199487644236614
0,0.47911863150875095
0,0.7224071624344458
0,0.2979737236823273
0,0.5986621964030376
0,0.3031454171616904
0,0.41217011306606766
0,0.3215976121759241
0,0.651992503509073
0,0.4737176162735349
1,0.6315912622830069
0,0.487125678570215
0,0.31056518767059965
0,0.6686705639451881
0,0.302266818120715
0,0.46759047838456275
0,0.3159601571687595
0,0.3071689990382503
0,0.469681437353216
1,0.47057205491462495
0,0.31989028881230785
0,0.4852599895623266
0,0.4707682893830476
0,0.7199746437418956
0,0.29235347902219944
0,0.30779837628575724
0,0.31436473469669535
0,0.2994032086748901
0,0.6315328862998768
0,0.6979445272734396
0,0.27586787209052255
0,0.3049933955438414
0,0.4762692946444316
0,0.4815207121357194
1,0.47860792481501513
0,0.4783697569955388
0,0.3107351002765176
0,0.5687528656612623
0,0.7225650879801055
0,0.30570959066783315
1,0.4793241797626823
0,0.31554885335793315
0,0.6530261866454844
0,0.29367060156184577
0,0.5802121084010339
0,0.2923576917263729
0,0.6410278475449106
0,0.2911587407467288
1,0.47839872129828936
0,0.40965910106183145
0,0.32124699979837357
1,0.4793472273105823
0,0.32280068223709774
0,0.32692469674527147
0,0.3062532416269415
0,0.2891917814529892
0,0.46902749461730064
0,0.3259460981267741
0,0.3238679584287521
0,0.4860196978683538
0,0.31029104532188695
0,0.13874353731400635
0,0.31573161171733843
0,0.40962176725848326
0,0.306626103778175
0,0.7858016183167822
0,0.30451806251372354
0,0.317815574050221
0,0.31754363135609376
0,0.32043680292226445
0,0.30874895723507323
0,0.5728032178078701
1,0.4997414968814247
0,0.30254650818203255
0,0.3146529922803768
0,0.3254078933455431
0,0.31526380758993294
1,0.8685983055011876
0,0.4904010911937201
1,0.5572220007014156
0,0.4792685008688237
0,0.411245160704467
0,0.8853451250157527
1,0.5847438173596615
0,0.4851018534972033
1,0.4762419631604841
0,0.2901598863002568
1,0.40949770650285156
0,0.3055224826003717
0,0.4113334339254529
0,0.31712426490366485
0,0.6360387022429506
1,0.47645285968930445
0,0.31894750026093643
0,0.3121525699625464
0,0.3050954669821057
0,0.4584613184398024
0,0.31596889442015413
0,0.31221396400824547
0,0.6439649365001656
0,0.47623135676003914
0,0.3228884003229482
0,0.7737212586582681
0,0.3264542274679375
0,0.30732681357927333
0,0.5729465466199808
0,0.6246228938497177
1,0.5056101808335792
0,0.3229786507147579
0,0.30820677780611505
0,0.3148147482344398
0,0.3269748616243451
0,0.8316871577376498
0,0.7227714762447672
0,0.8787283002840621
0,0.3006782255705536
0,0.5763464937481093
0,0.4655960564835982
1,0.6892238031970338
0,0.40993738083968073
0,0.48716830647682746
0,0.30864121953106166
0,0.2982957303597997
0,0.29071828590109167
0,0.7740548154529423
0,0.6391980993469769
0,0.32712938856161317
0,0.4628427961867881
0,0.699957678524731
0,0.4850708841788075
0,0.4882881127407071
0,0.32194800745208196
0,0.5815707659679763
0,0.31174576306105917
0,0.7773714212287272
0,0.320431728923129
0,0.3224580957751037
0,0.45889443188258955
0,0.3062086066077162
0,0.31012177427226495
0,0.3141691200787034
0,0.29879170006831385
1,0.47576759526365414
0,0.4772699444783355
1,0.48847944982240893
0,0.7593742517284015
1,0.479446838284635
0,0.3156678845675072
0,0.32293752679831855
0,0.4730644734586107
0,0.5725323370845653
1,0.7409738299357956
0,0.289986110201083
0,0.3292006451908538
0,0.31558251826645
0,0.32749023433922775
0,0.32317532662951876
0,0.2935645905264537
0,0.3003294849585795
0,0.3092455825471769
0,0.32427857694316564
0,0.3199014689950466
0,0.31984433359842124
1,0.49041808415852084
0,0.307302074068703
0,0.478832305439557
0,0.31050637973884493
0,0.29924525238134714
0,0.31056518767059965
0,0.47582366987340696
0,0.5883571918333785
0,0.4833582630338052
1,0.48054131520431664
0,0.3100406325467396
0,0.31021480682562946
0,0.3078541097472652
0,0.32704320993095226
0,0.31682646037406786
0,0.2965230910721077
0,0.7525675643606942
0,0.31673450563959954
0,0.30677939235936796
0,0.2990453265191966
0,0.3122919534526741
1,0.4855948675750936
0,0.31402948059336483
0,0.3210550624147294
0,0.5070064516830102
0,0.89635410776016
0,0.6901534099746467
0,0.3207351770291047
0,0.298529181849818
0,0.31635242268666286
0,0.8378611249994723
0,0.30955192526371184
0,0.47572361929995677
0,0.32257802423332793
0,0.29606301739221585
0,0.48566957530023425
0,0.32698737725435817
0,0.6200063674397794
1,0.4815414341167571
0,0.3200673474687505
0,0.30597130110884413
0,0.3053879790493336
0,0.5390958581073879
0,0.680464382849055
0,0.3274391149856761
0,0.3302454173279112
0,0.29871624433317184
0,0.30193599736871707
1,0.475623130436522
0,0.4235454738762618
0,0.5874577428650012
0,0.6825589853737216
0,0.31029104532188695
0,0.3220397282414507
0,0.31495019089198284
0,0.3176824289806422
0,0.30864121953106166
0,0.31527881344425424
1,0.46189603882234054
0,0.5656300512403027
0,0.3135765195258498
1,0.6903217187975449
0,0.301188566070233
0,0.30882137281626504
1,0.5758209259447626
0,0.47360748050723117
0,0.32748052946721556
0,0.7370372777328611
0,0.28312410774109814
0,0.47920562665970495
0,0.32078429574739514
0,0.30567954279742976
0,0.3137356591374653
0,0.3073360769496618
0,0.30864121953106166
0,0.41257563109243184
0,0.2998757173010323
0,0.24499789850914666
0,0.48215024059377715
0,0.3272845559023076
1,0.6390900362200539
0,0.3282579938316587
1,0.4838053022642232
0,0.3256399746923605
0,0.30810242910623753
0,0.31957441087066846
0,0.29534601803612104
0,0.6153130857263541
0,0.4121905671897897
1,0.4819835618286499
0,0.3105465503088997
0,0.47412699151932935
0,0.31164605575733345
0,0.31786648283235813
0,0.3181155587633172
0,0.6340779972335767
0,0.32580422292321903
0,0.2748129897498713
0,0.31577684913102383
0,0.6028022932828847
0,0.32145012069435014
1,0.4852212773442539
0,0.6606499070364332
0,0.5824801653157147
0,0.48813138513056026
0,0.3093798265920597
1,0.8425192745197572
0,0.1320763151513899
0,0.3083251412928645
0,0.29851159768486907
0,0.4820967219181207
0,0.5843382056578359
0,0.3083842684233845
0,0.3179774811295064
0,0.8956345489110402
0,0.31177274285462675
0,0.31010083274705535
0,0.3155236638429146
0,0.411503888545574
0,0.5789785201895571
0,0.3216547712675025
0,0.5475035028890255
0,0.6896907484187326
0,0.3105556684395748
0,0.580708527658135
1,0.5861055395494453
0,0.31993979366656744
0,0.40993738083968073
0,0.3265500283269781
0,0.3181817787738508
0,0.31341954713297526
0,0.31885205637783526
1,0.46729199539258615
0,0.2935121214402657
0,0.30931209562104134
0,0.3092455825471769
0,0.29718500160481465
0,0.3153459855418379
0,0.48189416813421826
1,0.47845172297159666
0,0.32124487308901906
0,0.31625435598067264
0,0.7517855290505824
0,0.29709830773561186
0,0.297921170081961
1,0.5727190837803765
0,0.30701634525443916
0,0.32151199677905873
1,0.47763595617406696
1,0.6536406204463256
0,0.29474065641073743
0,0.8205224885808302
0,0.31930729432488597
1,0.7954210989359484
0,0.6058065578733698
1,0.4823090981017709
1,0.5873705931744247
0,0.31930729432488597
1,0.5852601304372261
0,0.3160037657135288
0,0.48360188034385937
0,0.32322359264141004
0,0.586923340735601
0,0.459702542102083
0,0.3207468465180461
0,0.3265005732505325
0,0.6313710742771403
0,0.3151882087359377
0,0.8897825350629873
0,0.3144932555174981
0,0.3247762169407212
1,0.48615847103609233
0,0.47874317345697615
0,0.30965331456638584
0,0.47525677820931045
0,0.31004270173253445
0,0.32061116792602434
0,0.6515300011246311
0,0.3241919837618668
0,0.14595407447761397
1,0.47131436651824593
0,0.5770581665228046
1,0.4853045355572795
0,0.2989892906594932
0,0.4110375392356967
0,0.4343544901469089
0,0.3257308271746877
0,0.629832900279069
0,0.30894037543266606
0,0.3165882333076124
0,0.3078030185598867
0,0.3040935833890074
0,0.48146494930575773
0,0.3139920386347984
1,0.588576499069232
0,0.3092786595276381
0,0.2992432192290401
0,0.4060858167099875
0,0.32339736651155776
0,0.32927464644945464
0,0.3045011083143589
0,0.3055545752204724
0,0.3178354153195195
1,0.46671339257816136
0,0.5603077325983823
1,0.4912308912476985
0,0.32562591093938703
0,0.4673988520705111
0,0.3145284308007899
0,0.3135980961610896
0,0.3005751848174419
0,0.5803619606814299
0,0.4605680952540197
0,0.48007165550853964
0,0.6937931913398009
0,0.3036427262754267
0,0.6917018355568484
0,0.4253034726708875
0,0.31005221956551154
0,0.2917328255251156
0,0.3215585845776691
0,0.31463974211376977
0,0.3216287577272899
0,0.30465354489653584
0,0.3111685463666296
0,0.31045310119024677
0,0.31056518767059965
0,0.30712478285299005
0,0.6891966954438449
0,0.3215370920418774
0,0.3237644697823102
0,0.8973725582177786
0,0.3245015595835012
0,0.32465926573943954
0,0.31638884391419714
0,0.47546859109543416
0,0.3277866452144097
1,0.4702823666306608
1,0.5860732245959367
0,0.41161508065537783
0,0.31752847749418583
0,0.6519567988908613
0,0.45512328782086975
1,0.45762455863765816
0,0.3046506964016239
0,0.4828401861759462
1,0.7666705194443802
0,0.6397314112069858
0,0.4636556864445907
0,0.266427158521984
0,0.3197731553039984
0,0.31645005933757536
0,0.5768335645744674
0,0.47431238554967337
1,0.4699298202965171
0,0.3219761978114037
0,0.7413179553059156
0,0.6946952551925679
1,0.4830045296604272
0,0.3122725341004588
0,0.4851497474699187
0,0.645113730341795
0,0.5749034501121127
0,0.3118887158000002
0,0.5859004367506356
0,0.48332478991273886
1,0.4802691395277112
0,0.3057347544393705
0,0.47694838265085365
0,0.5877565374119299
0,0.40962176725848326
0,0.32092504546499623
0,0.31584056218172624
0,0.2745846491392326
0,0.48662986234317324
0,0.3116211807693104
0,0.33104976454833507
0,0.29689406662400597
0,0.4763926336352906
0,0.6735840776975286
0,0.5865297953330493
0,0.8186949460800325
0,0.3098738698726754
0,0.3058290435146333
0,0.6380551901730166
0,0.4832921760171178
0,0.31996662719684693
0,0.32547235398157653
0,0.3122102933940428
0,0.6382926619425241
0,0.30838268575483074
0,0.3003363770595174
0,0.4817412431328698
0,0.5801674788787687
0,0.46816536191984487
0,0.32809211456774984
0,0.31222841470191126
0,0.3122946434676174
0,0.41156842547938677
0,0.6028022932828847
0,0.31836238904932335
0,0.3212022572047595
0,0.30674561784419946
0,0.3185018669045406
0,0.7431454077397088
0,0.4023167909599256
0,0.3198001327233383
0,0.30894160070842536
0,0.5787130889660718
0,0.32246292004266736
0,0.3266299429974198
0,0.32035727265062613
0,0.6542822676316642
0,0.31220971924907004
0,0.7577695695931037
0,0.32133092384087364
0,0.300118650719546
0,0.7816018283934077
0,0.3133623118913384
0,0.4842118828943963
0,0.31527339866418763
0,0.32420522580969313
0,0.31319001630610616
0,0.31874237727839655
0,0.29782773685808533
0,0.32105825607361554
0,0.3124982424023248
0,0.5768883397607283
0,0.3254228872552992
0,0.4082349092925574
0,0.3032491188192729
0,0.6251420368108438
0,0.8282333095896774
0,0.8409809441876654
0,0.4649343388290913
0,0.3017858495700729
0,0.5811412859562669
0,0.5856812714692506
0,0.31957441087066846
0,0.6712978594949814
0,0.29887439208439637
0,0.31712426490366485
0,0.6450141236957506
0,0.4719791884361226
0,0.3082320417150782
0,0.30827070149630076
0,0.3027190258543496
1,0.47415774152584345
0,0.2950816687742272
0,0.4781266114087701
1,0.640652925606002
0,0.3230723442847511
0,0.2961579054358621
0,0.29613675573752
0,0.3171006057330647
0,0.29617146104946857
0,0.482698562178843
1,0.4805658721248903
0,0.3157516864807346
0,0.3018292516056767
0,0.3205121585001851
1,0.5786603009866554
0,0.4068358750733999
0,0.5661050383083543
0,0.47435777914499666
0,0.31081830011518297
0,0.3207279114452359
0,0.30737372538727037
0,0.31306132767636335
0,0.3081677966900991
0,0.3233849678197574
0,0.3143230896917849
0,0.32425691749812674
0,0.32559694880725815
0,0.32183751628504154
1,0.8868187549082166
0,0.30612400358776404
0,0.331843404032048
0,0.4165329370411706
0,0.32281044519301727
0,0.31667120000384374
0,0.3174810227170934
0,0.6405427442254028
0,0.30354154694999763
0,0.49833487663725284
0,0.4529323237446065
0,0.49541899618952256
0,0.30789756624413994
0,0.427247628376706
0,0.40962176725848326
0,0.3165919628644206
1,0.7634373112087793
0,0.7605252537690503
0,0.6874444373103051
0,0.311746910982216
0,0.3172423506221303
1,0.8465782283025707
0,0.4845618290432015
0,0.42480691520599284
0,0.4792427117365282
0,0.31802222897031335
0,0.5901337829633413
0,0.6468562946470984
0,0.4785136360778667
1,0.6219352697022477
1,0.5770154561176657
0,0.4574446848355503
0,0.3202643379482007
0,0.4749270530019875
0,0.5657860578245117
0,0.3117346211208089
0,0.576696616272614
0,0.32278353159304923
0,0.32244335830039145
0,0.2915825147972179
0,0.2893138213923758
0,0.3175608430069624
0,0.4863306472593792
0,0.3190134226261397
0,0.3112077191201921
0,0.3169993431141056
0,0.2996181918669488
0,0.3192062649075324
0,0.31168601725804695
0,0.3069136083811122
0,0.2800398562663601
0,0.5557898795307185
0,0.31099352030090144
0,0.3179837430891183
1,0.5907284536391125
0,0.42195485898451973
0,0.33267464893690946
0,0.6900810927870997
0,0.31066539777030644
0,0.47599162099333014
0,0.32113362155634845
0,0.8389471756273797
0,0.30277819511106735
0,0.2947809027812824
0,0.5671558744832873
0,0.3194003168809889
0,0.3155444520163123
0,0.32361234674253014
0,0.8042560322004217
0,0.32258758312572516
0,0.31466629503268995
0,0.30916419140432605
0,0.32624202334833613
0,0.631521096053851
0,0.4777682940293553
0,0.4752297842239503
0,0.6240911585040003
0,0.4943117357908829
1,0.8355753724469678
1,0.6621141996347633
0,0.327150661931675
0,0.3232727939667434
0,0.6557465798301226
0,0.5938086117724332
0,0.31318340457297444
0,0.32436392682833554
1,0.4902249929369346
0,0.2946210885344389
0,0.9019579900273567
0,0.6300516550989868
0,0.48407479054890906
0,0.6833413753352474
0,0.309795876647476
0,0.3155444520163123
0,0.5686199355442477
0,0.2991377579883188
0,0.4847492764048021
0,0.31375779573654294
0,0.31042751556016907
0,0.7378618127877045
1,0.5924575006959306
0,0.31814366194888744
0,0.5735461866054303
0,0.321580806520432
1,0.456645728406874
0,0.6388072686463413
0,0.31386522181219934
0,0.650024081201822
0,0.5643434089794473
1,0.6419714544859122
0,0.4082349092925574
1,0.552767766233624
1,0.487424288379775
0,0.3081606065456936
0,0.31660500547668363
0,0.3177241500939611
0,0.3029330673480451
0,0.29767358051806353
0,0.7490210794499422
0,0.3067697528482818
0,0.3200954776556033
0,0.313260896606505
0,0.31712067369335145
0,0.32319189424675215
0,0.3205255189059538
0,0.7400744397483693
0,0.3234254337966304
0,0.5653777085072687
0,0.904438378501631
0,0.5793860706091808
0,0.3316202740502845
0,0.3230073788888336
1,0.7724831816916056
0,0.5734812877868785
0,0.31528743931682496
0,0.31903761221387195
0,0.33648625164616014
0,0.31929062461475677
0,0.3218875148106798
0,0.31497801607696035
0,0.31665983960214467
0,0.3195840341048392
0,0.49112489652278946
0,0.7466168081703289
1,0.6539440871599317
0,0.5691213562807623
0,0.1345435788834243
0,0.3165977692102566
0,0.30999705076065265
0,0.47724100333048614
0,0.6977969919725896
0,0.3169924965683649
0,0.3262897951841402
0,0.5692445191001411
0,0.3296318299361744
0,0.2992902548864954
0,0.5793035211788988
0,0.3154501166444355
0,0.2898467955389986
0,0.4839049960062991
0,0.3049554144831614
0,0.31998742214056275
0,0.5879251328059415
0,0.3272063673583579
0,0.3106736425704402
0,0.4545922339411361
0,0.30930594357795155
0,0.30376983611777825
0,0.298957233076075
0,0.3018336595146698
0,0.324053230681606
0,0.6556493142295747
1,0.5760632613292382
0,0.5870764228290587
0,0.3058339738204558
0,0.4366924051903949
0,0.32622877543888384
0,0.910382365439179
0,0.32370848218385784
0,0.3032630384762436
0,0.3137983763288238
0,0.6434005738167725
0,0.5704285089921273
0,0.3005024430886768
0,0.32813692244737047
0,0.3201854160500406
0,0.7970170637653519
0,0.3197263313343825
1,0.4789088302001979
0,0.47148859862478015
0,0.31548228836068537
0,0.31911993745867184
0,0.47162032856592623
1,0.9157806675558876
0,0.31133704121502204
0,0.5822659012751015
0,0.307728952835281
1,0.49269863212494824
0,0.8399044872246635
0,0.3171211518429847
0,0.3288384206345256
0,0.32095241961150944
0,0.31960698102699914
0,0.48445601635948643
0,0.4113944677179684
0,0.5833843968501379
0,0.6922454172207768
0,0.32188234276662603
0,0.2968187594265812
0,0.3229541428465458
0,0.31219855510214906
1,0.46697305072861356
0,0.4881111869486052
0,0.31553802681576104
0,0.47762455751478045
0,0.3243156929772851
0,0.48189035315415074
0,0.4990417018180334
0,0.3152805390984152
0,0.30010420633747725
0,0.3112776392395911
0,0.31562528927956324
0,0.3201262005704962
0,0.766810131067269
0,0.31915494912313236
1,0.48023059661754974
0,0.29669788784476875
0,0.48674597953395154
0,0.5912558854955086
0,0.3192696109845902
0,0.31249532980840367
0,0.31322101051673024
0,0.5824351565678507
0,0.7437558735333993
0,0.4744718453070274
0,0.31832528611520955
0,0.31915913122391987
0,0.4060858167099875
0,0.2997867022755951
0,0.28805359442131184
0,0.40962176725848326
0,0.41052104677759316
0,0.5879612112791883
0,0.48049000331673447
0,0.48265875642160716
0,0.30752157734951946
0,0.3058016763318628
0,0.4619846509915077
0,0.3152824941182333
0,0.44391442110125906
0,0.31466168342280565
0,0.3256869317384178
0,0.3209325224298745
0,0.8008751518808813
0,0.2979740522908933
0,0.3178456521394525
1,0.9078835702179457
0,0.3208420270262658
0,0.7219706529272913
0,0.6767735680660929
0,0.31361908879140027
1,0.7969607232234883
0,0.3059786016153851
0,0.42452335186137075
0,0.4116686590426503
1,0.4800934366172123
0,0.3012481093218345
0,0.32144151311989755
0,0.475087865082434
0,0.32109509238676526
0,0.29765187835355056
0,0.81098008634497
0,0.3084967074018101
0,0.4806232809728917
0,0.4750081724850815
0,0.3091178230090424
1,0.4845286514652675
0,0.49537455211154735
0,0.5460536977850284
0,0.3116214763868815
0,0.3112307024143058
0,0.31630341434722575
0,0.3145737685719855
0,0.3008435942672526
0,0.6473472482475691
0,0.31355478404933756
0,0.3206561394912838
0,0.4851197356085526
0,0.3276020679415746
1,0.47158280458353574
0,0.30188619940376693
0,0.3118032608280229
0,0.9068916385450093
0,0.2973531463095629
0,0.31447035335263496
0,0.7317572128472366
0,0.3263760986167922
0,0.5569464986141169
0,0.2643007918765487
0,0.3243246878640475
0,0.6361906873403157
0,0.6990039994379742
0,0.31813573701933334
0,0.30520041159434863
0,0.2937649403132885
0,0.5524521502604768
0,0.29675935550058263
0,0.315956121566335
0,0.3208096735890009
0,0.31003108341955155
0,0.8120253692133181
0,0.8399044872246635
0,0.2838268036770504
0,0.48059813330984374
0,0.2981857099995796
0,0.31770294759345047
0,0.3268857682407963
0,0.48000716392787074
0,0.40776394027833385
0,0.31675208907595415
0,0.31739344808107395
0,0.8358400278978483
0,0.577764622712873
0,0.31541366330339665
0,0.3200050671303761
1,0.5831536816963571
0,0.3164423891333027
0,0.2946490245522887
0,0.30373494507843357
0,0.3127037048776284
0,0.6228510897599655
0,0.32150824610990986
0,0.3313331724925416
0,0.3205825283645038
1,0.6896783542988154
0,0.48485843826509467
0,0.6869699482658764
0,0.5857854254444422
0,0.714916958725512
0,0.31183265204673877
0,0.3188859085257692
0,0.3095511300000209
0,0.6398123857536381
1,0.4863817688001806
0,0.5842496925332088
0,0.3276314680771514
0,0.31524052828793764
0,0.48410888445385203
0,0.33422983353295177
0,0.3021534777157488
0,0.30468009148952857
0,0.31067012625116724
0,0.31173368605493235
0,0.31029104532188695
0,0.3205778980828035
0,0.5714105871506501
0,0.6122605616476873
0,0.3180370333299112
0,0.31999656115614955
0,0.5739892634886368
0,0.5887460966763268
0,0.7849263359428124
0,0.5675003173837487
0,0.30955192526371184
0,0.40913125953919927
0,0.3041066875475697
0,0.31727790978418324
0,0.40962176725848326
0,0.3200979325107873
1,0.4090239135693321
0,0.4819275536002212
0,0.31388368231196456
0,0.8076881795100357
0,0.46210484556999437
0,0.3212781891646963
0,0.9061968375982109
1,0.4877256380550222
0,0.7228639227739408
0,0.32306327605362845
0,0.3227944559121889
0,0.3243841059696955
0,0.30911124388358413
1,0.6428226319683115
0,0.3207903953084859
0,0.3099543471449243
0,0.30320090071649786
0,0.46007683426422463
0,0.31052342846339775
0,0.32336265325788927
1,0.48603159832819337
0,0.31449680203694214
0,0.3124178208056287
0,0.3163742036193547
0,0.31670966590571786
0,0.3150558613910027
0,0.31581730233358585
0,0.4785655422784266
0,0.5667621404656422
0,0.27104092761186327
0,0.3191195639758155
0,0.7230546623676171
0,0.4674862173423804
0,0.32098578000053324
0,0.6931382714693959
0,0.29816540167901584
0,0.31804308115278435
0,0.3186273521305333
0,0.302906990167132
0,0.30892304457944214
0,0.2742484082532428
0,0.6428506561175586
0,0.29874300268362836
0,0.30588205457269685
0,0.30645940998610643
0,0.4905005021982003
0,0.4659251497764535
0,0.31124576687524513
0,0.3109329586642949
0,0.3253385825907071
0,0.3203296677192484
0,0.31056518767059965
0,0.30623793099182284
0,0.3189064404247284
0,0.4999798906431181
0,0.3126062581301454
0,0.3194003168809889
0,0.8467249961164344
0,0.3118225621234289
0,0.3150565763149145
0,0.3091142115677933
0,0.31707119164209685
0,0.31037688927248014
0,0.32033305650725236
0,0.4123368635565781
0,0.3073472276262358
0,0.022582026776763117
0,0.32375510732372204
0,0.30924680057678067
0,0.48761804064282377
0,0.8254378363515863
0,0.3212869199322888
0,0.3180004723891645
0,0.32275002653056284
0,0.31214735362421375
0,0.4759400588135118
0,0.3057636662604906
0,0.5711754360578958
0,0.821305187375246
0,0.3055099176984024
0,0.6579606679465327
0,0.6775008290746277
0,0.32816642684281405
0,0.31732773126391567
0,0.31056518767059965
0,0.30554200624139555
0,0.4816941274860632
0,0.30187674513732166
0,0.47021463481042625
0,0.837421873697507
0,0.31029104532188695
0,0.41094041718822616
0,0.786275096933214
0,0.311769350427989
0,0.3145457819199602
1,0.4784658713416429
0,0.30419616084175904
0,0.30676739186304675
0,0.3155444520163123
0,0.31606256783103254
0,0.30156628745283287
0,0.7295892139437334
0,0.3281882673995314
1,0.4869749250501381
0,0.6445928160531383
0,0.2991659745703941
0,0.32849531760756445
0,0.3180611413858024
0,0.31582918960274464
0,0.32509801832538043
0,0.4864025311264907
0,0.31670798073715273
0,0.3257586406302237
1,0.47597557340112284
0,0.46960428137177085
0,0.2611361829367569
0,0.3167113073726872
0,0.4687287110589311
0,0.33131830987965777
0,0.2958341770280397
0,0.3174782993683555
0,0.3187452592453171
0,0.32508728777070656
0,0.48221668445877525
0,0.3027774964884104
1,0.6305575418340604
0,0.4115629287150902
0,0.32219317826871413
0,0.31749019055168165
0,0.31118544526197267
0,0.4795249847295109
0,0.31465535751815804
0,0.3116367935579214
0,0.48407847896855744
0,0.3031075274272018
0,0.13606931820123835
0,0.29880618630715877
0,0.8063146012739097
0,0.31228612612180773
0,0.31657411327100465
0,0.5734354964066528
0,0.4719974547603907
0,0.6594718670282422
0,0.31059928563127676
0,0.4857750883888081
0,0.6301775483328199
0,0.6413788849088042
1,0.7519914146264105
1,0.7329324652666206
0,0.3042177708726985
0,0.31157987184054603
1,0.6470109211504732
0,0.3172450527203794
0,0.47118045206354053
0,0.3189660803280986
1,0.6458937770035625
0,0.4603147634915614
0,0.30864121953106166
0,0.4120687615747207
0,0.31056518767059965
0,0.3155688346483252
0,0.4812243981675041
1,0.4891240239719942
0,0.31281626094669895
0,0.3044595978312044
0,0.32350552648627
0,0.4852404252393936
0,0.31979588655289615
0,0.3180600495571525
0,0.3093890685695266
0,0.13377067350869284
0,0.29554293353669603
0,0.31401153381554076
0,0.4121096306203301
0,0.3239279887747402
0,0.3173443874196552
0,0.565269826051735
0,0.3022704049221908
1,0.49047216766227
0,0.3082899597447073
0,0.47854435619808067
0,0.31685658067234335
0,0.6400745073714612
0,0.31016943346073395
0,0.8276734553895942
0,0.3207663550109694
0,0.3200339720868269
0,0.6900021409497241
0,0.3222918397669373
0,0.583584452272606
0,0.3139850518889786
0,0.31178601649941484
1,0.4733491167199239
0,0.4812743194534094
0,0.2749848073772321
0,0.41111706846345936
1,0.866141717755897
0,0.3201865079190884
0,0.3021404918415858
0,0.3239279887747402
0,0.5795243468738177
0,0.4110375392356967
0,0.4752143485788402
0,0.7012373442094105
0,0.3202151687047599
1,0.5827442012640099
0,0.30822514840387627
1,0.5683342440992982
1,0.5920397642442623
0,0.47697407292497074
0,0.5553643683099332
0,0.317685073898072
0,0.31842801712059726
0,0.3289053787049801
0,0.30950910808658033
0,0.7729151700390013
0,0.31397310588290994
0,0.30734469900332223
1,0.9087885063739324
0,0.32389519947662426
0,0.31646939189917955
1,0.47972949645354535
0,0.3109742535587329
0,0.31893660583105504
0,0.31056518767059965
0,0.48089519412644866
0,0.29541435936123406
0,0.323339007255086
0,0.49710985876783853
0,0.3096018145669271
0,0.8397133118915515
0,0.7603152705077312
0,0.304338743629599
0,0.33640375773818976
0,0.31071096613259325
0,0.4658980667049333
0,0.4575930830558624
0,0.31194597615375314
0,0.7532240322134499
0,0.3160061144893865
0,0.5869646259537645
0,0.31481323200077593
0,0.3054014154864571
0,0.309623908180852
0,0.30966486459217707
0,0.4111184702000035
0,0.32372194187653497
0,0.3029689292879953
0,0.4909303268808324
0,0.3030030677371865
1,0.4900480437294647
0,0.3245493952393906
0,0.3717975740622272
0,0.7280728238619142
1,0.48376384469944467
0,0.4704179396238834
0,0.583929693806908
0,0.5922487318758624
0,0.6550785176419746
0,0.3027878457032443
0,0.3321461682057432
0,0.3182705424874699
0,0.3182471225269694
0,0.5708248015501988
0,0.5767269600090371
0,0.31652288006584856
0,0.47920036904356855
1,0.635255991746609
0,0.3338379538627223
0,0.31906511354826356
0,0.8277165332858415
0,0.40721854792130996
0,0.4104799620045329
0,0.318391677822532
1,0.4827098896919904
0,0.31290972045934734
0,0.3152805390984152
0,0.3069873651490524
0,0.3250452810820531
0,0.31836238904932335
0,0.3197921929108171
0,0.31712426490366485
1,0.9004370251780206
0,0.3245870156104299
0,0.31492538797988034
0,0.7864235710104249
0,0.8536699247166029
0,0.3279380808734962
0,0.3065549277630446
0,0.5844636568652591
0,0.3191725373474732
0,0.48021483555002226
0,0.3105660850395485
0,0.32221596612930736
0,0.3173980724692425
0,0.3151735269074331
0,0.8627750486236749
0,0.47780803635331454
0,0.3014062714730719
0,0.48942396937305577
0,0.3060346211082692
0,0.5793806129962421
0,0.47857713330980367
0,0.6738825123729911
0,0.3206941326716583
0,0.3023322022754613
0,0.691288176691927
0,0.31934026507575375
0,0.3162366702332645
0,0.3040861265306859
0,0.32234364622623424
0,0.30444759899958107
0,0.3133984042961511
0,0.47757758797361144
0,0.476194099864446
0,0.3162367128508357
0,0.809631725700077
0,0.30247575293131784
0,0.3111547223708804
0,0.3220328032815856
0,0.2955162040200957
0,0.31543529051376634
0,0.48468706026683855
0,0.6459960182217234
0,0.31056518767059965
0,0.30557791261732403
0,0.3140739720683204
0,0.47226970692970854
0,0.6509719458625487
0,0.4108166198285904
0,0.48069654339576656
0,0.7045563378813372
0,0.6648687930223655
0,0.8241818532664418
0,0.6895621325309453
0,0.313343903483392
0,0.30889082725097355
1,0.5798135115957707
0,0.4809408931922808
0,0.3069620576995509
0,0.32124487308901906
0,0.47657819546902114
0,0.3102993501541631
0,0.3210887099031656
0,0.32229699076053636
0,0.31028971312712317
0,0.5697088047831852
0,0.3125577861418041
0,0.47184644843205115
0,0.3235328793380892
0,0.31646763772719816
1,0.7529584210757057
0,0.5776149780024623
0,0.4736945425261877
0,0.6582831502073991
1,0.48531779135531644
0,0.7142552136301129
0,0.6397641275348652
0,0.3134591107684374
0,0.31056518767059965
1,0.5886931356071388
0,0.8698539261395424
1,0.4780613297461724
0,0.49363166343359505
1,0.7701829422492071
0,0.32549031811794593
0,0.6877036922020364
0,0.313449461800284
0,0.31438687364525
1,0.48212611349327417
0,0.33146144363585833
1,0.491634681470484
0,0.30734469900332223
1,0.48129740769815915
0,0.4854996095394422
0,0.4667227428363313
0,0.3225636906293647
0,0.3197401742577072
0,0.31667205193502274
0,0.3196951498962251
1,0.48802727251515016
0,0.7537480342162958
0,0.4640663075524281
0,0.31500259292445454
0,0.321733331985335
0,0.3141317401801093
1,0.8701411112261611
0,0.3044217407169095
0,0.31719098584336547
0,0.31744098979501045
0,0.3210999739861644
0,0.32001987969634726
0,0.3166532588513838
0,0.307940044703067
0,0.31533965426556654
0,0.5122165183232649
0,0.33471702251156304
0,0.41218328989427233
0,0.3036420344521436
0,0.307947765920425
0,0.3232157889792584
0,0.4655183352187475
0,0.48344330125242696
1,0.46678565006037753
0,0.3090131061410984
0,0.8466429664235898
0,0.31242849860119687
0,0.3060628238816121
0,0.32229699076053636
1,0.4818962345752941
0,0.4829752049547159
0,0.3047126957987236
0,0.31029104532188695
0,0.2998158589117308
0,0.3253562423809709
0,0.31712426490366485
0,0.33112103757029815
0,0.6270101370317569
0,0.2902171325108669
0,0.3264838489825576
0,0.3143605946934264
0,0.3125398905613806
1,0.46952887303908397
0,0.3107401677822591
0,0.4814506203431228
0,0.663217082071109
0,0.317289943986649
0,0.300912302370196
0,0.2966792659612081
0,0.3146990324236847
0,0.46177035948002826
0,0.6647216405488284
0,0.31526517010060917
0,0.5178951756832085
0,0.5586813434134913
1,0.48047515522643763
0,0.48262518906670177
0,0.31059315429972306
0,0.29227960437153316
0,0.4079427944787411
0,0.31444311759697907
0,0.3216349751105186
0,0.31900916151075925
0,0.3133567454794292
0,0.3172450527203794
0,0.6591456314010119
1,0.4639121219255908
0,0.5666018819601083
0,0.4783492176822658
0,0.3304535502180882
0,0.6838120687208685
0,0.32122438215349425
0,0.31165296535108317
0,0.3198840643057124
0,0.32983013997140337
0,0.33071190801373473
0,0.31762899733529676
0,0.32050198380051154
0,0.553767713721117
0,0.4719183550350459
0,0.48092535976182066
1,0.482110259207747
0,0.30709598521758996
0,0.3195423674683591
0,0.2959986569074058
0,0.8799168900932091
0,0.47011236095628633
0,0.543887343996824
1,0.48003913342998045
0,0.3135831765166616
0,0.6593419799253756
0,0.31249014201689423
0,0.3061771883423388
0,0.31522351447275654
0,0.31193287691052524
0,0.3073637163454591
0,0.30793271659089577
0,0.580373749873123
0,0.6763995553430308
1,0.8288867537784884
0,0.474883287379802
0,0.3197537847106704
0,0.3238300711746071
0,0.6458273013833896
0,0.5691562945183897
0,0.32283219654048495
0,0.7124751467510321
0,0.4654923824231399
0,0.6447230903136434
0,0.6849930132463845
0,0.3184875140961106
0,0.32117331454698334
0,0.30313268166178575
0,0.31308744597539767
0,0.5744807637416635
0,0.14562859278012424
0,0.4845438296625908
0,0.4830290255325801
0,0.4588203056235664
0,0.31464925141035144
0,0.32998303306195137
0,0.4780248548536178
0,0.4848876486597476
0,0.6216448687105878
0,0.31547109406283314
0,0.32035985116119936
1,0.5900151750211089
0,0.3346740584748367
0,0.29925940325754524
0,0.3222680906534302
0,0.290622005078197
1,0.4781021220011299
0,0.3242443119243796
0,0.31662118852433774
0,0.3143314487457626
0,0.4738184775312635
0,0.5730391529309571
0,0.48379605391967206
0,0.5700560990931259
1,0.48644181495286815
0,0.5751937806934515
0,0.29609590100607014
0,0.30519269124455706
0,0.315351083084237
0,0.3165780333777069
0,0.4619092806438103
0,0.30803580585611723
0,0.31297256415245955
0,0.3141855836505144
0,0.31477264042438974
0,0.3092259203482439
0,0.48139653556506684
0,0.32043672447100696
1,0.7621615290636327
0,0.4777491129266596
0,0.5884383232967413
0,0.29492900977137926
0,0.31676301187523315
1,0.7184393282478547
1,0.47646279513069784
0,0.7651883947095062
0,0.29939859039232275
0,0.47827280546532425
0,0.2893088093326596
1,0.48118958398111294
0,0.47591666066563865
0,0.4759901749462974
0,0.30785643323634626
0,0.6374825115484524
0,0.4089324421740987
0,0.31195906948848495
0,0.32188234276662603
0,0.5789657912451059
0,0.7057080905846754
0,0.6358335989968474
1,0.6539066001581099
0,0.456570415945598
0,0.2992745344835076
0,0.35710898749969155
0,0.41174559856512133
0,0.47424112167323
0,0.8597291293242528
0,0.6374830719355818
1,0.473040761163414
1,0.6918101378889088
0,0.8243075181616747
0,0.4693474891725518
0,0.30812814338783684
0,0.41174559856512133
0,0.4785873884596967
0,0.31078754882446835
0,0.313340673013757
0,0.7686576882691074
0,0.31546138581604716
0,0.3154950580318006
1,0.6413586838067978
0,0.1894845354619069
0,0.675765017381269
0,0.7221456470702647
0,0.47987075609486635
0,0.3354921049984555
1,0.47604374872497623
0,0.3049649957681178
0,0.4845548225548554
0,0.48444079147030317
0,0.6351511597937877
0,0.5759402397689682
0,0.3280472632934888
0,0.5802356233507372
0,0.7590655433658084
0,0.48216956071292183
0,0.3198170508005179
0,0.3203392056997595
0,0.2990960888168481
0,0.3221351434319014
0,0.32070851724684396
1,0.4610234443098652
0,0.3261381825547058
1,0.48654858979594123
0,0.5639076848487136
0,0.31656722606264986
0,0.31060767556670454
0,0.3235946756170067
0,0.3147111849051367
0,0.3135765195258498
0,0.7616027435250688
1,0.5777908853938463
0,0.48582310442323445
0,0.7230643127308108
0,0.2899605639202263
0,0.31738108350401334
0,0.10240776435526157
0,0.2926476408966639
0,0.6498638671566456
0,0.3203344231389556
0,0.4823976428103763
0,0.3157696317156872
0,0.2940672011344688
0,0.6420760279560876
0,0.33178058778853303
0,0.31671693071796314
0,0.29505555948717793
0,0.8940545744491867
0,0.3176004938377009
0,0.3039508894453546
0,0.30768420831238363
0,0.4886391088906606
0,0.674670029241527
0,0.45290065285199177
1,0.7417168718625707
0,0.31911335760692483
0,0.467533096199564
0,0.3072409173367057
0,0.4870756223357988
0,0.5803874209008334
0,0.4961759847558854
0,0.3164464462182191
0,0.7278790830676349
0,0.6558319119313523
0,0.679547806564136
0,0.3090081034657519
0,0.8384928203344254
0,0.30862454977975784
0,0.3177190766923925
0,0.3163357266675073
0,0.31460675382686537
0,0.3536462714996237
1,0.47228758712049923
0,0.2831494699113252
1,0.8963103272039207
1,0.5875889879429114
0,0.4837137654459381
0,0.4622556617201782
0,0.8452432414870323
0,0.5520263658736267
0,0.47699240115320063
0,0.30734469900332223
1,0.4835092455426122
0,0.31963458005001116
0,0.4812166895945618
0,0.47582276491799175
0,0.31933467167045243
1,0.7322075988806808
0,0.46176215665493003
0,0.41228124061434857
0,0.3140579298140684
0,0.32147728493290184
0,0.30864121953106166
0,0.8458030359521402
0,0.838735665369676
0,0.32558407139603684
0,0.29843840169320995
0,0.47315440257048297
1,0.791324207068613
0,0.4082349092925574
0,0.572660298617955
0,0.31405766592462836
0,0.6999654471256858
0,0.7469176656134098
0,0.3151463604757632
0,0.4728234705552434
0,0.6386213471908637
0,0.32072849601451847
0,0.5785263131168735
0,0.3010161187671843
0,0.6612388297944146
0,0.13480588528178417
0,0.7542861853228401
1,0.4669361888069761
0,0.4731385275359754
0,0.5646278719106362
0,0.32647470375153587
0,0.7248774889371593
0,0.2961300704972429
0,0.3223235237548129
0,0.5785234315822254
0,0.8400045306653674
1,0.6948864145444591
0,0.3179353078258781
0,0.29405260355152524
0,0.3026528722853816
0,0.31183176895070774
0,0.31162999205239483
0,0.31712426490366485
0,0.3170701722299626
0,0.3215370920418774
0,0.32630591590922037
0,0.3102035989421542
0,0.820283399618136
0,0.3241475287077425
0,0.3233298020252076
0,0.31836772177644707
0,0.30672952865287806
0,0.4873191880358822
0,0.31422156734979734
1,0.5835528966386104
0,0.4820320934256032
0,0.320187152781166
0,0.2963401434369548
1,0.5734584288616815
0,0.5866254713566332
0,0.32220951937349607
0,0.32306642774777966
0,0.486064846241866
1,0.9262598912490412
0,0.3058750821495591
0,0.322421661486038
0,0.724275680867363
0,0.48344066415213166
0,0.3087450472989297
0,0.31663741398129175
0,0.4719251825411967
0,0.32641504542123667
1,0.7072934174060669
0,0.4788434400418122
0,0.30654129502635746
0,0.31779077693885543
0,0.31518277843069603
0,0.48432246003940843
0,0.32491604926989875
0,0.30611800486798024
1,0.40361026217600027
0,0.48766787572503584
0,0.14000103290262048
0,0.48094740610165776
0,0.31922914182762413
0,0.47927117022500937
0,0.3123052842019513
0,0.3087739055628054
1,0.46904774365161317
0,0.31345284545580643
0,0.48234138688522754
0,0.48277555704460545
0,0.30972603776987384
0,0.6532938997183786
0,0.8495607101993771
0,0.46545214951414504
0,0.31977379170383274
0,0.30722905877026463
0,0.4717326982235031
0,0.32223581462697376
0,0.32349399981349736
0,0.32691528778334356
0,0.30948092075280836
0,0.6981363401126269
1,0.7567265475314896
0,0.13148880533962842
0,0.31348100126133255
0,0.3128665547705933
0,0.32564777310367055
0,0.4663278592797961
0,0.3251552565670459
0,0.839479432306105
0,0.30157965919410046
0,0.4186629396251885
0,0.3174200828954171
0,0.30864121953106166
0,0.3112770285134714
0,0.40948207769089545
0,0.3154781930857131
0,0.4832921760171178
0,0.5889967848748088
0,0.48670094927885565
0,0.3183889219068557
0,0.3163299887705755
0,0.32729960222472115
0,0.8401078015783909
0,0.30721643389197256
0,0.5649469383447095
0,0.3146476313521147
0,0.5797859948952503
1,0.48259443707159827
0,0.31269789303668266
0,0.6440749735382615
1,0.7259263089080834
0,0.322388930391304
0,0.29137829764770584
0,0.3114810068857294
0,0.6028022932828847
0,0.3250408706755949
0,0.31846931989976746
0,0.31367117129890815
0,0.47796891422893195
1,0.4940512599690027
0,0.28528325067819155
0,0.3191422026055761
0,0.3019793816615287
0,0.31367073643591914
1,0.7770549827466565
0,0.3220986076435431
0,0.30361547514296316
0,0.5746112753319249
1,0.80599458998362
0,0.3285837253166957
0,0.479963740840651
0,0.5793775054254053
0,0.2988356375185762
0,0.3174081431467195
0,0.305120021999729
0,0.31022291398641555
0,0.3050572769203832
0,0.31047393983475075
0,0.3320048728899283
1,0.4807200657563369
0,0.3057491225349909
0,0.4783318615139077
0,0.3185298569055051
0,0.7977277929388275
0,0.30897788768316725
0,0.3104891309049143
0,0.31692089552741953
0,0.4742902423336602
0,0.5835389809842592
0,0.8720219273928606
0,0.3030613794762257
0,0.48332478991273886
0,0.6529678150318533
0,0.2885505463277134
1,0.6915505633620105
0,0.30329149094449015
0,0.3111714135016644
0,0.41077398480070515
0,0.46867338530435637
0,0.31496389793737484
1,0.4771250041161772
0,0.4734212593150467
0,0.30343898690834487
0,0.32222027981157836
1,0.6429291247688902
0,0.8390164059822454
0,0.31187546628468366
0,0.32007911847116444
0,0.3170394278401357
1,0.4920009578637252
0,0.7347213240240004
0,0.3155444520163123
0,0.4869901587190602
0,0.4880430068719288
0,0.6648687930223655
0,0.2990890773228168
0,0.31146110535339216
0,0.28951359610977423
0,0.2933678965331357
0,0.4117948979421497
0,0.3205839413248989
1,0.46043226797719106
0,0.47515853859188584
0,0.7527000850411064
0,0.32339736651155776
0,0.48330869510477353
0,0.3176648212355247
0,0.28967936244145875
0,0.3092667015581747
0,0.3153205051969911
0,0.49157862816658987
0,0.31447860778545345
0,0.7084255308137295
0,0.7470856849190395
0,0.4806729818213574
0,0.30365135915513775
0,0.6808883978251986
0,0.5820552549246817
0,0.3192189937645067
0,0.876421196846468
0,0.5670814282406788
0,0.32644522761720945
0,0.30682186265548966
0,0.45374650308618364
0,0.5319577277120379
0,0.32055551879484456
0,0.49280164148786515
1,0.48190616495427585
0,0.3126513883649182
0,0.3195241172327695
1,0.5726390018730898
0,0.6384611161466757
0,0.32834482492060024
0,0.648783901933163
0,0.49402396560584805
0,0.32229699076053636
0,0.3019818176850661
0,0.4905220353401237
0,0.31029724645272616
0,0.46770808042771767
0,0.6874522145322584
0,0.30193180764870886
0,0.8400045306653674
1,0.47115163443168345
0,0.31632805737305897
1,0.7069395565175995
0,0.31214580724153185
0,0.5801200399954577
0,0.31937559567305773
0,0.31929971627145
0,0.8130087086023776
0,0.3180514697410924
1,0.5770563088952324
0,0.3132284441684842
0,0.30361547514296316
0,0.29464960167578924
0,0.8432208011055841
0,0.5569034680119086
0,0.6159868480827274
0,0.6295441616237374
0,0.48277555704460545
0,0.7159437833198865
0,0.3165308301209792
0,0.30757505776092103
0,0.5737787066075473
0,0.3093747967130504
0,0.8062903397604994
0,0.5767692901806951
0,0.5996122197782608
0,0.3196968288954948
0,0.6053539962199261
0,0.31109880635761017
1,0.5791782526292507
0,0.280561985629678
0,0.4763701615633529
0,0.48073008900765724
0,0.4649804360177549
0,0.3142690727376492
0,0.30150592349920285
0,0.2923652276499366
0,0.30053178381735296
0,0.4899814413247325
1,0.47292426264599285
0,0.4834879317593764
0,0.7746385809670768
0,0.3103941698163095
0,0.47766391896945115
0,0.48617268550386045
0,0.46425215025990446
0,0.3124231963603264
0,0.31902393879931384
0,0.29962124738499135
0,0.6489339118755127
0,0.32113362155634845
0,0.30661436371339806
0,0.4861133599670508
0,0.3201262005704962
0,0.30734469900332223
0,0.5949440401872218
0,0.3101719964359948
0,0.570309938933129
0,0.8273790916035891
0,0.8383262147404067
0,0.5818385791546975
1,0.866979590143454
0,0.28091906748986145
0,0.7264725363679021
0,0.28950013062259045
0,0.28989047372844406
0,0.29673085880605876
0,0.3188299477387712
0,0.3172031159186238
0,0.32077348421291674
1,0.8266409900488165
0,0.5826179751467496
0,0.4006163097434816
0,0.5345765075281014
0,0.7304304900730091
0,0.30841699969244324
0,0.7387804655366096
1,0.858529676041741
0,0.31825486252896584
0,0.5714719693525863
0,0.3172450527203794
0,0.8274735661764608
0,0.3623306772328168
1,0.577358018993256
0,0.47552908545847516
0,0.47379638162007004
0,0.29003018153179577
0,0.7343388098468979
1,0.4853449656087309
1,0.47890425018897426
0,0.4668035174288417
1,0.5608688600653582
0,0.7220114814814491
0,0.32050404490621276
0,0.3142886263740879
0,0.3020591461424179
0,0.5647934287128025
0,0.29912442482287355
0,0.5770490943386637
0,0.480748519152171
0,0.5700536912374977
0,0.32238647186916664
0,0.48328487493686534
0,0.6870906480300369
0,0.310606618664321
0,0.41118678399108743
0,0.31560041090161367
1,0.47363654773848524
0,0.774038109697295
1,0.48843450235307445
0,0.3021038399844453
0,0.3245552450288484
0,0.4861903175152268
0,0.13881646109394857
0,0.31681675136514953
0,0.3237529641124002
0,0.30760152948971453
0,0.3215976121759241
1,0.7198744425571533
0,0.47874119826639483
0,0.809842667937146
0,0.2845500298571585
0,0.4676921161403148
0,0.3084784051211048
0,0.316831214480045
0,0.32361234674253014
0,0.4773011094974069
0,0.46119514963123504
0,0.5915585637367055
1,0.7757644364429418
1,0.4873305492548733
0,0.6074017385658506
0,0.32398148706480173
0,0.31503605312139316
0,0.47038479085692453
1,0.6505327333937423
1,0.485962275211669
0,0.30254305066531506
0,0.4879898069255817
0,0.599526660356393
0,0.33315828515693907
1,0.5671238603737292
0,0.30179206157850597
0,0.5837177621962572
0,0.8764926715045096
0,0.4101556668819456
0,0.4840379314091586
0,0.4806863868417244
0,0.4652237881326869
1,0.4889151316966741
0,0.47818464449841663
1,0.6622601752631394
0,0.3073686729798172
1,0.6886907459766363
0,0.6551194489557698
0,0.833811564142181
0,0.3171990357369402
0,0.4887516295534488
0,0.30585274353596065
0,0.32012845033509246
0,0.3123697914403745
0,0.3247202898897465
0,0.3066273099241774
0,0.30864121953106166
0,0.47956446213489967
0,0.5532655970927052
0,0.31029104532188695
1,0.5752749352495976
0,0.40962176725848326
0,0.3199175459892179
1,0.4768863899612872
0,0.4593407546168783
0,0.4644035340892724
0,0.3057539274222592
1,0.8056916505837086
0,0.320464876319454
0,0.3159241261888968
0,0.31822250821221576
0,0.292860910722351
0,0.28261952698155807
0,0.48278021602658133
0,0.31612343038919705
0,0.318538327770385
0,0.3115053398740521
0,0.4703276635990658
0,0.2758465439466532
0,0.4608405348351379
0,0.5778600421547275
0,0.3092455825471769
0,0.8422060980978142
0,0.48400612334819715
0,0.31333305481965534
0,0.32339736651155776
0,0.4732803214347529
1,0.7302866964026562
0,0.3092455825471769
0,0.3248397409287536
0,0.3231226014355447
0,0.3104781489296937
1,0.5860475447340453
0,0.2935642752020541
0,0.31131063302651873
0,0.3064057084097218
0,0.2896709064352385
0,0.30491282459108915
0,0.6210486220111049
0,0.47559133449311697
0,0.5835592365492515
0,0.47395656986861245
0,0.4793272971119619
0,0.46908060005039787
0,0.596357867982947
0,0.32420522580969313
0,0.32373880022820706
0,0.32214081978354175
0,0.3150961524143948
0,0.3159216490567698
0,0.4120400232747863
0,0.47521980886480036
0,0.48247199919856165
1,0.5779117213188414
0,0.3009711977485128
0,0.801699181751366
0,0.48328487493686534
0,0.6899790150103395
0,0.29799485634912015
0,0.32239383858342235
0,0.4715064861175096
0,0.3056160784814209
0,0.31897336395103004
0,0.4108928400686737
0,0.5805164373641084
0,0.31638124658673755
0,0.31672496886807183
0,0.3249507551864702
0,0.3012858123776707
0,0.7798746785438303
0,0.670046263793054
0,0.3213642136332041
0,0.48049000331673447
1,0.4835097679841973
0,0.38809812607406524
0,0.29490479828119387
0,0.4903412599157904
0,0.3145320981508923
0,0.4746778511943882
0,0.31588772921146335
0,0.3089642658126997
0,0.2987992191775845
0,0.30679589641696436
0,0.49237761401607305
0,0.4855931323718654
0,0.3172819692586639
0,0.3132900085322045
1,0.4850782140439674
1,0.4913971001195203
0,0.7207240171809731
0,0.47530825288940176
0,0.2982276293842559
0,0.5492928499650959
0,0.4087881391776771
0,0.31803278506075433
0,0.4699438845675315
0,0.31729713614877575
0,0.48363533719804286
1,0.5773058042077619
1,0.5824191452540682
1,0.6458996449157153
0,0.4844598216274948
0,0.300527188788371
0,0.48416820583446585
0,0.8431637376351953
0,0.31930960464972336
0,0.3880803481505479
1,0.48017425845202116
0,0.48234465695854956
0,0.41018020983908915
0,0.3069900276592038
0,0.6851002578429469
0,0.41202891982519607
0,0.306402599358684
0,0.29621588935570026
0,0.31667482157509746
0,0.2971312465326165
0,0.3055595516830973
0,0.32674184881908624
0,0.3171071662384356
0,0.8428019698808477
1,0.4784233435874265
0,0.4785044341071912
0,0.3089256190161182
0,0.3157128005936721
0,0.321177177684983
0,0.3049232228030293
0,0.45395872667510867
0,0.3070342505545554
0,0.3174164017683189
0,0.32241475591140445
0,0.32196743809580336
0,0.5724319401698125
0,0.3102188853382029
0,0.30854675819888766
0,0.3021614587249539
0,0.30041828904423273
0,0.31077268554259097
1,0.7817210189327779
0,0.47826540272419354
0,0.3225056171022166
1,0.5542731623568274
0,0.30029421092493597
0,0.4109724341786373
0,0.4733392993346422
0,0.3241562394137869
0,0.4596972849823451
0,0.3089833772614046
0,0.4718178762534413
0,0.7271136377431632
0,0.4773242861963928
0,0.31905420664515105
0,0.324330050114597
0,0.6389748885294548
0,0.32320917447157893
0,0.584726103870988
0,0.8397133118915515
0,0.647004458918559
0,0.3120984825590852
0,0.47591873304592414
0,0.31585831458001123
0,0.6335102599928979
0,0.49410258239153176
0,0.8185814755257023
0,0.3161402394438079
1,0.4064185303889691
0,0.5833284434022608
0,0.7809656666678632
0,0.6556619075635347
0,0.5828566555159385
0,0.2982490808565856
1,0.6355450222377476
0,0.3178957979995138
0,0.3232727939667434
0,0.5845257298104867
0,0.4837640055908815
0,0.32787654430676744
0,0.3204272207907609
0,0.29649314708043234
1,0.4686308572966996
0,0.40993738083968073
0,0.30664833722523194
0,0.3128338708240676
1,0.4863448523412482
0,0.3214542269472051
0,0.31730537335693726
0,0.6428432958024757
0,0.3157711960685472
0,0.32840371867383983
1,0.46995714862009064
0,0.3239663741836713
0,0.31369248272904876
0,0.3020752426749634
0,0.3178462574422979
0,0.3171659127255692
0,0.31727764084618193
0,0.48781666855447603
0,0.3225729961441658
0,0.31440015561023554
0,0.30392853691604693
0,0.13194092501490123
0,0.30354154694999763
0,0.32584471825469774
0,0.47193769589418383
0,0.5772529181975131
0,0.3220227058685229
1,0.468494257939527
0,0.6961926836316026
0,0.3166053503147402
0,0.3187320059644373
0,0.5805773285835163
0,0.840785532060679
0,0.31795045616044665
0,0.4731258297406636
0,0.8863365785475843
1,0.4917267791630146
0,0.30308032604750684
0,0.574367686233777
0,0.29113857675189764
0,0.46405256296458325
0,0.31703978387415144
0,0.3184110662181474
0,0.32439664512147104
0,0.32072849601451847
0,0.3221448433663795
0,0.638020752101851
0,0.4825200109554397
0,0.490869903249288
0,0.5751461296587445
0,0.688198489870695
0,0.3164466545406113
0,0.2950188975337371
0,0.5888111874249685
0,0.3092844790104323
0,0.3147884893742971
0,0.5516063180098822
1,0.7562217063790423
1,0.5832213348800576
0,0.46103858339276244
0,0.32723582027214343
0,0.31987841533150607
0,0.29710168147534005
0,0.31791885938936826
0,0.31273757400276864
0,0.41058902195744934
0,0.3161663685283618
0,0.306431115018881
0,0.41212203823991117
0,0.4929001820996321
0,0.29648180128148
0,0.325377568290708
0,0.30709396698173813
0,0.32805757656490914
0,0.3036754199128861
0,0.5839670600274066
0,0.31336555659314086
0,0.3182409735186327
0,0.3140023554523591
0,0.4808492770496816
0,0.3217691367380168
0,0.3208094257163097
1,0.4706772040633843
0,0.31434900555897455
0,0.3284266171707511
0,0.8818611271324871
0,0.32113362155634845
0,0.32653605032146876
1,0.9201426321688386
0,0.3187965690924806
0,0.32787654430676744
0,0.3020267482236795
0,0.30757505776092103
0,0.31483863175516624
1,0.5828453939243726
0,0.30089304483896673
0,0.482454650807768
0,0.2887015418850523
0,0.7765354886884771
0,0.48024365925143664
0,0.3034510528274631
0,0.8310577113268802
0,0.31056518767059965
0,0.4886868739484715
0,0.3150468671230671
0,0.489088398033674
0,0.31080171078753177
0,0.3016276233381805
0,0.3263296449596577
0,0.30554662094920904
0,0.5840443023279923
0,0.3174508533804155
0,0.3008754066991918
0,0.30443329683218256
0,0.3155444520163123
0,0.299566761246416
0,0.32740492491003326
1,0.7446745084815356
1,0.48946530735861155
0,0.5914739554658367
0,0.5388684514006631
0,0.3168173430657303
0,0.3097598787195898
0,0.31236837596321393
0,0.3247856228069953
0,0.31648175202209217
0,0.3386503548215799
0,0.40886087116315106
0,0.3234175049204337
0,0.7364062515623853
0,0.3089275796695891
0,0.3151922847317828
0,0.32091361561711707
0,0.30088029637496977
1,0.5795480047831592
1,0.582061769402227
0,0.3127801258041554
0,0.5831044465418407
0,0.30875681380151015
0,0.7561766356473785
0,0.5867059272987598
0,0.48715996977294596
0,0.7916639762465069
0,0.2926383145998336
1,0.4872095785497086
1,0.4820840195022674
0,0.3128865157462648
0,0.6401855265346047
0,0.319500920620894
0,0.3219967410553402
0,0.4562843424223936
0,0.3191096622959734
0,0.3062005109750266
0,0.323440546769097
0,0.3207828293914654
1,0.9435827713559137
0,0.314904560433915
0,0.326599503000895
0,0.4754746790586429
0,0.32651746911604745
0,0.4924580399243712
0,0.32257070568734836
0,0.31355572818632943
1,0.4789472294149654
0,0.3145233596236874
0,0.3337359365095
0,0.3133037471341975
0,0.31262827058121634
0,0.31916698764710033
1,0.40361026217600027
1,0.4884471715670107
1,0.48767249673385943
0,0.30747289151342005
0,0.32346934428220964
1,0.4847294157371119
1,0.4598640895294031
0,0.30068642202243206
0,0.4636420950715029
0,0.47736842003547486
1,0.47901845836529433
0,0.8490046300297668
0,0.30322182103083256
1,0.46133610970851663
0,0.5763286857753712
0,0.3109238789010097
0,0.28518351374607803
0,0.31544242682636836
0,0.28321081015449234
0,0.47489147654560404
1,0.4761161945265769
0,0.31057270742331594
0,0.6650399431411556
0,0.31522868217928035
0,0.29384190194632503
0,0.7782464117394977
0,0.3117046991350171
0,0.5617732410269027
0,0.5760981944310926
0,0.6430349106564066
0,0.47552634282024986
0,0.5779101106141645
1,0.5637574506315594
0,0.29901225127993275
0,0.3152805390984152
0,0.3091803689614962
0,0.3047086131064755
0,0.31911796185274477
0,0.7705199166197335
0,0.3005014571370145
0,0.4811386346092619
0,0.3196506889253182
0,0.32697603593799107
0,0.6321086064279834
0,0.4509917912665779
0,0.32302512871683725
0,0.31044943083661314
0,0.4719970994216889
0,0.483484083036071
0,0.31056518767059965
0,0.31056518767059965
0,0.3212520969501701
0,0.6049072995797772
0,0.30944869206342707
0,0.6489843390867182
0,0.32403697448352625
0,0.3259741435808246
0,0.46584608262892974
0,0.31564701103072823
0,0.3193285996348537
0,0.30887025761206166
0,0.29930021436202836
0,0.3091965804861862
1,0.8346998351430446
0,0.3130390879407945
0,0.6485658254757194
0,0.31378781369821995
0,0.31810938542989914
0,0.32195853002858865
1,0.5741254324499637
0,0.31228612612180773
0,0.3007126424747634
0,0.3092455825471769
0,0.31264393146231534
0,0.4856440908796839
1,0.6622601752631394
0,0.3207231720944099
0,0.2996863180023735
0,0.5183475186888562
0,0.474450481999335
0,0.3055693115684487
0,0.6636724972096049
1,0.4808637925903589
1,0.6498592073438557
0,0.49139359054160425
0,0.3314052147414288
0,0.6901025861242465
0,0.32027083851552685
0,0.32007721508399906
0,0.313785436167076
0,0.31614410200439896
0,0.3117070107964397
0,0.32145670474005933
0,0.46965741553833507
0,0.3161243066968123
0,0.29939445993756103
0,0.31368044697889713
0,0.31162999205239483
0,0.41148452189302986
0,0.29625697999658285
0,0.4197670198742384
1,0.7650915659355368
0,0.6454039133952549
0,0.31958611629693023
0,0.6480258520572538
0,0.4119756277379201
0,0.8504247824186589
0,0.5785234315822254
0,0.46562496469216574
0,0.5722964344780755
0,0.47538541754085256
0,0.601225593265403
0,0.3238613802772992
0,0.7202273459362118
0,0.3188337170396216
0,0.758518777135854
0,0.3203500168574565
0,0.7872323795507193
0,0.3022572378260467
0,0.31228612612180773
0,0.3169502886723086
0,0.3154815533899537
0,0.3023013053363477
0,0.3123506831596211
1,0.9267537613444369
0,0.31503412220146637
0,0.3264009989495083
0,0.6848968566212728
0,0.14038063380462434
0,0.29691624651337684
0,0.5840090422819361
0,0.3163628666163174
0,0.7064732093418438
0,0.3079984777820514
0,0.5791302115675437
0,0.3190472201525092
0,0.4527559764334239
0,0.4060858167099875
0,0.3139675301401054
0,0.411524565708181
0,0.3224143572011727
0,0.77151530103577
0,0.31280290187433013
0,0.5767359589814196
0,0.6710928593727744
0,0.3069873651490524
0,0.6475401197801572
1,0.865588353015094
0,0.32332080246276856
0,0.5757921280860094
0,0.3165825080919256
0,0.3058135203421532
0,0.6417499545789924
0,0.31029104532188695
0,0.3027339348660569
0,0.3257586406302237
0,0.3110472625110796
0,0.30658362840222075
0,0.3214324525472689
0,0.3167281970169769
0,0.5658964186546531
1,0.6277181900420296
0,0.6660213801947421
0,0.7047067085159757
0,0.3147852665076629
0,0.2952006154865183
1,0.4846826214314074
0,0.5785414041438943
0,0.3097403873346085
1,0.4897138472551418
0,0.3241314777503851
0,0.6583451240545732
0,0.3277381616122785
0,0.31281406826524183
1,0.7121242954887145
0,0.31574229972094414
0,0.4788833298355523
0,0.32806587462076076
0,0.6353324198871965
0,0.5709473733229616
0,0.5910485434574838
0,0.7325681214737099
1,0.46907005832107046
1,0.5619975268714754
0,0.47985574238292983
0,0.3136643928845523
1,0.9751373336439482
0,0.5868293317065976
0,0.31690538026035886
0,0.31678138627546076
0,0.313608965288677
0,0.49364422365474087
0,0.31402577035544393
0,0.7263008138332857
0,0.4820845292434169
0,0.32998194081700066
1,0.4778607527023135
0,0.2990624859668428
0,0.7582583879068789
0,0.6067727985415654
0,0.31659261543858547
0,0.29282665546423725
0,0.32325615072707403
1,0.8530969359970587
0,0.3129045425572936
0,0.3168793436618444
0,0.3257260201046549
0,0.324053230681606
0,0.3202161450457621
0,0.2938554517428536
0,0.272996626525079
0,0.30720492427019797
0,0.31730941897892084
0,0.34260794512104564
0,0.2823085176384713
0,0.4290630564272271
0,0.32236852773548663
0,0.3345712036078754
0,0.30857801622381376
0,0.2940319970613175
0,0.2952026226157465
0,0.3146936531493291
0,0.4649601962741441
1,0.7637638148644642
1,0.481767576656838
0,0.3146618285432962
0,0.30332658479618196
0,0.3081467409380517
1,0.8058064724284048
0,0.3085317636182269
0,0.31656312595933356
0,0.3114921127089618
0,0.8946674575881068
0,0.4706631391366926
0,0.4596742698068629
0,0.2986566848770958
0,0.7327461970503738
0,0.4807244257822586
0,0.3231593350226925
0,0.3113160119807189
0,0.8217763210724941
0,0.31357834081224845
0,0.637225470572521
0,0.32415039586326105
1,0.4830855836108011
0,0.2996672575044424
0,0.47721774976583975
0,0.3041066875916648
0,0.3234208550494129
0,0.30802318243047816
0,0.5831223858758919
0,0.41111471285216206
0,0.30818161569818536
0,0.32272301081267896
0,0.48786903134453713
0,0.31123807723233815
0,0.4361142514327211
0,0.4859309651620941
0,0.2977323717199782
0,0.6552964661056979
0,0.7831373158889915
0,0.3010161187671843
0,0.4864207797112542
0,0.7932133767440439
1,0.4806982532782136
0,0.3216615217082607
0,0.41156842547938677
0,0.327522444389335
0,0.31084343783395624
0,0.3131691938874759
0,0.3110187827658437
0,0.6988388204116904
0,0.4889010679675596
0,0.3165575922440579
0,0.3276040215587701
0,0.6471793638630303
0,0.49269044747976665
0,0.47798749867879187
0,0.48390171224728157
0,0.47413482210048014
0,0.3254473416798331
0,0.3270077936116577
0,0.3214249407935352
0,0.12251156899414037
0,0.6461756826356577
0,0.31287861717403903
0,0.8950253433082233
0,0.4699231343143185
0,0.5683562381833218
0,0.31773162380937503
0,0.31409412249402385
0,0.6075478576669026
0,0.316697221904773
0,0.4121905671897897
0,0.3183656395648526
1,0.635460926631606
0,0.3171367007674247
0,0.3117830585557557
0,0.31789956784285195
0,0.31629147669774826
0,0.31834819254202745
1,0.40586109713901003
0,0.3243174434227667
0,0.6550664058861299
0,0.29843603318448464
0,0.4765829224009993
1,0.47955972464741675
1,0.46340182140740915
1,0.7566182763137596
0,0.29739153689566633
0,0.32868826734662177
0,0.3167815781286483
0,0.7549626243276127
0,0.49280164148786515
0,0.47634588759260066
0,0.4742390195602104
0,0.32640066863351036
0,0.3083248266481172
0,0.3149962746507853
0,0.3193376750684008
1,0.48801173534793546
0,0.6434453276631847
0,0.48675063402401986
0,0.3197353068582063
0,0.31659261543858547
0,0.324301385675324
1,0.46913147174489644
0,0.3139820313148193
0,0.31217867799658716
0,0.30869034499554276
0,0.7778121947390955
0,0.30864000547726606
0,0.31510406263099655
0,0.6457430478322698
0,0.2943973314352313
0,0.3173843381139249
0,0.8024138539671805
0,0.3181767700601301
0,0.32051876325799455
0,0.48386900317262754
0,0.31752800473470344
0,0.3180044341266786
0,0.43413625714042636
1,0.6321584510942223
0,0.31945916998601526
0,0.4101620541973471
0,0.3092455825471769
0,0.6072450454339554
0,0.6370218486370807
0,0.5671978208104712
0,0.31532732752955983
0,0.6454000259659054
1,0.4789081104233434
0,0.7211003307117941
0,0.40897183504435214
1,0.576541816560483
0,0.32351785531435634
0,0.47025903254079376
0,0.324730027464327
0,0.32983013997140337
0,0.32142986966548714
0,0.2718862606471607
0,0.856689105571706
1,0.7213177681727765
0,0.3261381825547058
0,0.2967638255312702
0,0.3075547577462687
0,0.3084860825976308
0,0.4578602685929176
0,0.309291327952244
0,0.671733766238729
0,0.4637558221790167
0,0.8435374845192707
0,0.7521507207674436
1,0.5792697078119184
0,0.5373834346796496
0,0.3209143113744151
0,0.3176508700307708
1,0.5544760902420943
0,0.31262674492975784
0,0.3159385122802098
0,0.6022937990697703
0,0.3001158543461733
0,0.3196911018837381
0,0.927968381482171
0,0.5755107401654648
0,0.3085044097580095
0,0.3172450527203794
0,0.2972167785992179
0,0.8444966873180583
0,0.3160938127921807
0,0.31719405758253366
1,0.6873266720764699
0,0.3101552857109459
0,0.31208327728205976
0,0.29838349306865236
0,0.32216828653017254
0,0.665176046796185
0,0.3102157475741046
1,0.48962610568952125
0,0.42076586627610907
0,0.3171144709775792
0,0.3283972681450689
0,0.3090109643523302
0,0.317374941738895
0,0.3228945557760453
0,0.3082974361996479
1,0.574965469707983
0,0.303201526701014
0,0.32331041678237177
0,0.4778974917006035
1,0.9121926756164602
0,0.31509048081697233
0,0.3175613844545844
0,0.7018660620578715
0,0.562401075622198
0,0.44839040642298367
0,0.7767736701795851
0,0.4842601662378959
0,0.31366737770932
0,0.3284644526691822
0,0.6630033161799935
0,0.47897461731477986
0,0.30256120687979815
0,0.31461899834544127
0,0.31247068795957295
0,0.7187711435228122
0,0.4695828584732087
0,0.32042181340825143
0,0.31043866390160846
0,0.31415002408696713
0,0.30934806345368
0,0.5721154156925952
0,0.48379426224957434
0,0.839199907670686
0,0.3213129945763248
0,0.41070551399467664
0,0.5880112875311743
1,0.4863793585033068
0,0.7635054573578884
0,0.7606721498456552
0,0.31229260786330154
1,0.40818999382338333
0,0.3149140515393939
0,0.5888946249902428
0,0.30864121953106166
0,0.6611668117564516
0,0.3119651336360299
0,0.46747611751560403
1,0.48180064011363555
0,0.3061569352539449
0,0.4870560381073849
0,0.31769293011627103
1,0.5937732607929862
0,0.3275010144637214
0,0.5972419877358376
0,0.30489107276057426
0,0.8225116985021351
0,0.7807148551328531
0,0.31474657181873295
0,0.27644212473566404
0,0.3012028866228002
0,0.47662977830982683
0,0.30714658013801954
0,0.5789173903730755
0,0.31785222614206177
0,0.3141075918419563
1,0.47653524065336056
0,0.30928535449154654
0,0.31459310931409346
0,0.30697994857367555
0,0.5699593261200233
1,0.7741494755946174
0,0.579536819380388
0,0.31712426490366485
0,0.42711387222075875
0,0.30043596876148926
0,0.30953815840743093
0,0.3172957951565325
1,0.7936156323688769
0,0.3204132932746505
0,0.29970706523941576
0,0.480529092366046
1,0.5626983280701983
1,0.4659768233926432
0,0.31774480489181167
0,0.31060686869176757
0,0.3058494757748259
0,0.4873110004703212
0,0.31406003491165735
0,0.31048021723295277
0,0.3072903884640439
0,0.3176648212355247
0,0.3144255122624997
0,0.30496904285367216
0,0.3187808111264695
0,0.3099315074080461
0,0.2964528764973602
0,0.2994970359155649
0,0.3131001856779861
0,0.48785415455296394
0,0.3135112759078194
0,0.5019925452261548
0,0.3090268756639269
0,0.4808394766115016
0,0.3164594470829229
0,0.32153326685751504
0,0.5814869788939
1,0.4570287361403516
0,0.32245773760767527
0,0.3132764547916814
1,0.6905172990000484
0,0.31343110620475767
1,0.5605949669755734
1,0.46408251385310456
0,0.32161527092739023
0,0.3043012887311037
0,0.4877931380301192
0,0.6059388342358664
0,0.3194253154327698
0,0.32640066863351036
1,0.83545792106583
0,0.30634739555373514
0,0.7428413445573394
0,0.2927206329053433
0,0.5785759089148879
0,0.3200415371114603
0,0.3192004940375368
1,0.6292319121431251
0,0.3252237381673686
0,0.40993738083968073
0,0.32697643675329846
0,0.31053951185985446
0,0.31439706513252147
0,0.29953454623235287
0,0.30702501056817305
0,0.7320759051599607
0,0.650307251373316
0,0.31460189845238107
0,0.3197548391649897
0,0.3158718883158149
0,0.48172125342175853
0,0.31741943770485964
0,0.3070055068655818
0,0.7955828692747745
0,0.3145443043462128
0,0.32320768393038923
0,0.3154709283586623
0,0.31887621719677045
0,0.4871621930518649
1,0.5880750501362371
0,0.3023611939599096
0,0.3254027337778619
0,0.29470059820999883
0,0.3255380951331427
0,0.3183000305931669
0,0.5839635315428258
0,0.31162999205239483
1,0.5728974843026821
0,0.31737033264268427
0,0.3193242219384083
0,0.3010504844009218
0,0.13850877488018998
0,0.30795180928557386
0,0.4602978668348021
0,0.31446666698344955
0,0.3183082665431167
0,0.32282419487544817
0,0.48874948883871533
0,0.3199014689950466
0,0.3056025873927397
1,0.4774586666208635
1,0.5648191811669424
1,0.4831210657092677
0,0.3196198576242426
0,0.31388480607384023
0,0.31712426490366485
0,0.30460332306206983
0,0.3286527644771428
0,0.3156056272472539
0,0.32076364587978756
0,0.3222386537154491
0,0.31957441087066846
0,0.2977977382916314
0,0.2972730042230422
1,0.5783699695662875
1,0.4806255338060253
0,0.47695906076720185
0,0.30087391467752295
0,0.48819013726811805
0,0.2917208002276963
0,0.8622777411753992
0,0.5880550594386437
0,0.28941901799898795
0,0.2946741943627391
0,0.6480387045583659
0,0.3202738816892457
0,0.30864121953106166
0,0.3262551365199021
0,0.31284611401631707
0,0.31056518767059965
0,0.5814334539408712
0,0.30187674513732166
0,0.31750030294661075
0,0.3188264998924607
0,0.3211633149748721
0,0.5837963535478451
0,0.29028829228530323
0,0.40961429981733033
0,0.6391731296615811
0,0.8577050810412169
0,0.566758140379165
0,0.305760771354431
0,0.3277448393574918
0,0.3141842437496685
0,0.49013122458757014
0,0.7769982072968621
0,0.6401694983234166
0,0.31060907331850096
1,0.47093163464276444
0,0.6923786317000865
0,0.31835780095149785
0,0.49802032272872737
0,0.31727790978418324
0,0.28048668090580847
0,0.3038203222271292
0,0.31471760721695635
0,0.2935416760475215
0,0.48560438049353133
0,0.31164835405571595
0,0.31056518767059965
1,0.9310806933446775
0,0.3156719006852507
1,0.48211889831564847
0,0.12160815309215106
0,0.3135341309170389
0,0.40913125953919927
0,0.4060858167099875
0,0.5764548001165505
1,0.8897386498098698
0,0.29582926530740533
1,0.9169708422799175
1,0.48719003880626344
0,0.3033458379105357
0,0.4762974391492063
0,0.3193553858238678
0,0.31801171498195996
0,0.3215976121759241
0,0.30911896953095525
0,0.7583050034885084
1,0.5863815040428182
0,0.3151469523462525
0,0.32682373094057204
0,0.3220721790929206
0,0.2907570933946585
0,0.294647254652347
0,0.46682050026824284
0,0.28253370190737453
0,0.7334987261480151
0,0.3196978501862964
0,0.6366855039203599
0,0.32668134243335517
0,0.31554668404076974
0,0.31573948759109083
1,0.8222091272663282
1,0.8277888268976732
0,0.30051644094886665
0,0.30246814120550863
0,0.30532839761356806
0,0.41340971773794266
0,0.30521010518966485
1,0.632949071497048
0,0.30990840157836724
0,0.47101419641929504
0,0.29862394980425183
0,0.30267246745110477
0,0.313670795057196
0,0.31212490729435544
0,0.30073634283916184
0,0.31296448829410917
0,0.8151120791841796
0,0.7395436921037132
0,0.3208951405486363
0,0.4101556668819456
1,0.5764599662681988
0,0.31665614212502624
0,0.46845547498351947
0,0.5009854778233366
0,0.32654324159852244
0,0.2710310328780983
0,0.6438751657578445
0,0.6482670510109476
0,0.2908616056771436
0,0.29641525351574605
1,0.6289812911113059
0,0.3118888441346096
0,0.6466812265958507
1,0.4826804292619686
0,0.3294973483787146
0,0.314096416869664
0,0.3183656395648526
0,0.6886180117024977
0,0.3152251517892049
0,0.4074636037789876
0,0.31495146202345126
0,0.4128208815611818
0,0.3141674911713068
0,0.29255690041715343
0,0.3153848724952533
0,0.30664158479087017
0,0.6413248702951307
0,0.31029104532188695
0,0.5657269511014248
0,0.32965521748295795
0,0.3152850399410819
0,0.44000060480155956
0,0.31162999205239483
0,0.567962343699535
0,0.41094041718822616
0,0.3110705786815247
0,0.4111110402408069
0,0.7328258481080832
0,0.46273506581622303
0,0.3228880004388917
0,0.3271750136122503
1,0.48825917061516283
0,0.3122710277962805
0,0.30864121953106166
0,0.3179261626897276
0,0.3144645121119796
0,0.3167573934954245
0,0.3106306762618686
0,0.3268857682407963
0,0.3211783955069568
0,0.735138798640835
0,0.48119683520343765
0,0.3110008139564275
0,0.3130839304922408
0,0.3207632297208811
0,0.5384442570918327
0,0.3028059455735453
0,0.48847590208511865
0,0.6255794598970393
0,0.640515538022978
0,0.30879332520398123
0,0.47388453394216584
0,0.3204615532012372
0,0.3118234627671019
0,0.31620099604783214
0,0.4841112231409348
0,0.3261359837558006
0,0.31995661203270287
0,0.3194711640017278
0,0.7185941181510549
0,0.5730598346791407
0,0.5582667218575764
0,0.8881443350685455
0,0.2982538028162468
0,0.7746877502334434
0,0.28087923255892083
0,0.328229849494711
0,0.2954356567962636
0,0.8398074741476661
0,0.7310663223259075
0,0.3261381825547058
0,0.31510959109623854
0,0.40962176725848326
0,0.7573730252802898
0,0.6283836243732162
0,0.3183151729505887
0,0.3063412170921331
0,0.32245314634303035
0,0.3298613457161524
0,0.32654324159852244
0,0.5790438426518992
0,0.321936477635541
0,0.32332173027236444
0,0.27884398554193907
0,0.4957925575796421
0,0.6496116252979989
0,0.31082008059293353
0,0.3137808361884785
0,0.3081625552774618
0,0.4560636809408272
0,0.32468097581847477
0,0.47144965355314994
0,0.316717964290453
0,0.30864121953106166
0,0.4597329686551288
0,0.31712426490366485
0,0.31032485433248935
0,0.2977345772110105
0,0.48997104445745937
0,0.3068184907234981
0,0.30104352536074397
0,0.31526188015303
0,0.309942240194505
0,0.3156303598799442
0,0.5746376477641351
0,0.48060103791171765
0,0.47695906076720185
0,0.4707070366328575
0,0.3253901001338267
0,0.32141817571477177
0,0.31744679142061477
0,0.31122054784417597
0,0.5752662636613478
0,0.3205895131495103
0,0.593833543130403
0,0.3059606755800907
0,0.32302512871683725
0,0.3242127057361028
0,0.3228255326242699
1,0.9182811067632958
0,0.40913125953919927
0,0.3088908117720584
0,0.32752377297591256
0,0.3017916662838317
0,0.2981812327182053
0,0.46910501546276623
0,0.7888099177373229
0,0.4861755673493064
0,0.841704211341147
0,0.3149721875443308
0,0.3231902837312553
0,0.3193461218690376
1,0.48798386199196236
0,0.31664266409834524
0,0.31057592086432145
0,0.32031370174926344
0,0.3055232024854317
0,0.4624024053763772
0,0.6919178736171508
0,0.641284122500972
0,0.3157820543598947
1,0.48153668984662396
0,0.574937582236839
0,0.30310113732852406
0,0.3227782853271188
0,0.3093242281841866
0,0.3193232533066126
0,0.4843136959118177
1,0.7993619761081695
0,0.48358326765541426
0,0.4769637764987733
0,0.30966195670099544
0,0.32330742025690024
0,0.3082345243968751
0,0.46591774448688356
0,0.3082757696978483
0,0.6349759635476191
0,0.3100464401461707
0,0.6451669143890518
0,0.3046296275632679
0,0.3021637771568477
1,0.48092038204190857
0,0.48585405695210243
0,0.3162494793327115
0,0.4119477773556582
0,0.6250035464558356
1,0.5716762076220091
0,0.4505641849102542
0,0.30934041475363494
0,0.306521607691911
0,0.7846114573999009
0,0.48377653993510017
0,0.30603535863581555
1,0.5804773286229927
0,0.5724483970908685
1,0.48657010177127985
0,0.31166736984824384
0,0.3108041037906429
0,0.5622223356427505
1,0.4807634113687247
0,0.2825082965502894
0,0.6807385931024471
0,0.46968445317953283
0,0.31519590342802445
0,0.32003119159525545
0,0.49658932326319627
0,0.29986888168582543
0,0.5934466474114551
0,0.7790661044640026
0,0.8683368658023709
0,0.3128705095535641
1,0.4837091164112712
0,0.48142296957084935
0,0.7026759981066466
1,0.44749345218767966
0,0.3201600536708749
0,0.4864170890431408
0,0.6599545170825221
0,0.3135612669304757
0,0.31552597546293454
1,0.587827859206427
0,0.8617594660277768
0,0.3170470572254215
1,0.581028772592353
0,0.3188299477387712
0,0.48260824781791006
0,0.46938752710942794
0,0.5745521532986055
0,0.29249098270210694
0,0.3168112895666224
1,0.45747146447202514
1,0.6352657173621094
0,0.2962302262424339
0,0.3047195288133508
1,0.48614581713325256
0,0.32703685283626804
1,0.5892895504217746
0,0.5810032653862596
1,0.49771615692737187
0,0.3164629759373411
0,0.2978229054546194
1,0.6840381227851106
0,0.31993997606105445
0,0.3110035797228397
0,0.31473700568398866
0,0.6810387539273789
0,0.4809708797145442
0,0.6343530662781103
0,0.48415216074975265
0,0.318731299011591
0,0.2918370878433876
0,0.45677940859310223
0,0.6377465643573492
0,0.30660055386800744
0,0.7562754164283173
0,0.31029104532188695
0,0.8303677373336807
0,0.40962176725848326
0,0.3238613802772992
0,0.3148856766823706
0,0.4752369125123327
0,0.2842325125284373
1,0.9246939256042184
0,0.30526013298422183
0,0.40886087116315106
0,0.303756354625749
0,0.3216888186096561
0,0.5851325950064564
0,0.6445260584717338
0,0.3176977677030385
0,0.30922396162679394
0,0.339624908705003
0,0.31217779679459323
0,0.47728233299233574
0,0.48160837548879737
0,0.3070420857374353
0,0.3174084623736438
0,0.3230506131872709
0,0.31056518767059965
0,0.3035580931484851
0,0.31496335925995333
0,0.4760608427790053
0,0.5635751268823024
0,0.4907263437546881
1,0.4859805617484663
0,0.31806598480031273
0,0.6063353658807639
0,0.677363501356422
1,0.5781938936072851
0,0.29151231201983374
0,0.31804900619216564
0,0.5543166422222463
1,0.4892043779634263
0,0.48631273511357787
1,0.6509456890721376
0,0.4101620541973471
0,0.8021003127046764
0,0.653801416365834
1,0.49351838733484577
0,0.3150903907412045
0,0.32146571996618073
0,0.323245870314789
0,0.3223291696212332
0,0.30951636263455534
0,0.2989386797739785
0,0.31979366912512086
0,0.4879823679804585
0,0.5781600884851414
0,0.31655304158435865
0,0.31929906766528193
0,0.32099801798565825
0,0.3179629679281978
0,0.31527339866418763
0,0.3248311474166069
0,0.4653039036630309
0,0.5098292768873744
0,0.3035647969765958
0,0.3239315674501053
0,0.32398148706480173
0,0.32220707808236704
0,0.30357801650486516
0,0.5598624423186727
0,0.41098360487939517
0,0.27510670638271617
0,0.6910507974305573
0,0.4104281585709452
0,0.31886198347415856
0,0.5810803295650792
0,0.46630851188483086
0,0.41026552114027787
0,0.47466639612461065
1,0.4765936384140748
0,0.47549282179037794
0,0.3010228348514181
0,0.32822842146941705
0,0.28550083207268867
0,0.3014718198569173
0,0.30361547514296316
0,0.2860259305276547
1,0.48680407626766264
0,0.6293507049624188
0,0.6172330997139006
0,0.3073257443722113
0,0.5839670504060783
0,0.3039526408613517
0,0.4750750250109021
0,0.48565868920131144
0,0.7929925470462154
1,0.5738515227735926
0,0.30648449255136384
0,0.31823414915087445
0,0.3165870925824952
0,0.3180792635309513
0,0.3179877195174222
0,0.31644456809086685
0,0.31543693752142726
0,0.31386522181219934
0,0.3204033626588521
1,0.4873466595751568
0,0.32754184843653944
0,0.32089706743748675
0,0.46220564482920784
0,0.4837433704179028
0,0.8418149707193426
0,0.6280545597064547
1,0.47473190221905875
0,0.752736253718369
0,0.480956930846125
0,0.3166435649027825
0,0.31874237727839655
0,0.48785415455296394
0,0.4876456450423238
0,0.47331302981493445
0,0.6400280086324643
1,0.478762560114647
0,0.33598718589052695
0,0.3087558839244083
0,0.4773223931676679
0,0.504723221775614
0,0.789277552282343
1,0.8374472370044654
0,0.6459073025544376
0,0.3120116232412063
0,0.5630807813829537
0,0.48198515552567633
0,0.6500517096357696
0,0.6868487561456698
0,0.29713678991352793
0,0.6839333936872165
0,0.3008246105863782
0,0.2938838480081619
0,0.5831160013651104
0,0.46535617145119257
0,0.3199802715672274
0,0.41109021556517095
0,0.4841707744694798
0,0.3067454482389654
0,0.3059620806466885
0,0.4123368635565781
0,0.312469015551816
0,0.41218328989427233
0,0.3254078933455431
0,0.30804927559340717
1,0.46740073586537456
0,0.7226773538461516
0,0.5598101646913879
0,0.32804175082524095
0,0.3150415659477343
1,0.47973173826471227
0,0.3091772122690881
0,0.1404197405688575
0,0.3063187088243627
0,0.31963250118922304
0,0.6355663653638699
0,0.5777146475068022
0,0.31668402106462357
0,0.31672078814074633
0,0.31392736661658954
0,0.30972987342425673
0,0.3237490028056641
0,0.30712900167656837
0,0.7581985324660421
0,0.3171319530793247
1,0.4784330292469849
0,0.33013508940393166
0,0.695422114210012
0,0.7726555069714901
0,0.3270165957861548
1,0.4771731536875826
1,0.4642652974089815
0,0.31228528912161674
1,0.721975422203521
0,0.3246544926368908
0,0.7590798457188118
0,0.31213892081517364
0,0.31900176017250004
0,0.3222850595398648
0,0.4484706549233086
0,0.31438773955183485
0,0.5879612112791883
0,0.2931655652962997
0,0.3243410976569495
0,0.2987752331301367
0,0.30873090152356414
0,0.32251451756068067
0,0.3212613883186457
1,0.4782361687635153
0,0.3133607996946927
0,0.3242382285607923
0,0.8893552348212617
0,0.484667241727617
0,0.7787735584586362
0,0.4665916051271627
0,0.3018733981200821
0,0.3265084422336813
0,0.316771273064908
0,0.31093908683659816
0,0.482570969556422
0,0.6817984477659753
0,0.30065759628817373
0,0.4767384130511287
1,0.5831040673675478
0,0.5320906873782419
0,0.29703768329904434
0,0.8081133712580933
0,0.31056518767059965
0,0.32185001507815286
0,0.31752117791331425
0,0.4793462543347759
0,0.31792831308355035
1,0.47219350907741797
0,0.3077438350987566
1,0.5709923754364162
0,0.6922357628311816
0,0.4829156246087522
0,0.47554057520894233
0,0.8298737785863053
0,0.31668340072514234
0,0.3112669748212976
0,0.2926455310127128
0,0.31160430855456384
0,0.31623210564345167
0,0.40962176725848326
0,0.31892975268687535
0,0.8318473038535492
0,0.6467559966420946
1,0.6875329102763571
1,0.48670537660313024
0,0.3072610603539868
0,0.32427982207376066
0,0.3129651831729165
0,0.32004938480592654
0,0.31961204102515334
0,0.30779542742005916
0,0.31951911986506143
0,0.31107310713019704
0,0.29656676299869167
0,0.3252429465946989
0,0.2813628447868239
0,0.8769344816884612
0,0.7547178976546984
0,0.2874410189747385
1,0.5724916254837975
0,0.5609599501894224
0,0.3146476509839052
0,0.3108853755871056
1,0.7322576195006044
0,0.3183200913240464
0,0.5790331649324714
0,0.40993738083968073
0,0.31460760828854806
0,0.4650428667007554
1,0.8782521037991393
1,0.4641963217297246
0,0.7150787297972305
0,0.3224960255670692
0,0.32156258253249176
0,0.4778546225136234
0,0.30757617862475223
0,0.33096760610900067
0,0.7662520454181116
0,0.2984172187305439
0,0.30312321417915805
0,0.7964968767866359
0,0.29412061518706784
0,0.490869903249288
0,0.32388933231916445
0,0.3066657641295542
0,0.5083488697982367
0,0.6824540439587768
0,0.32379921362520925
0,0.4762713058676263
0,0.8596307589386043
0,0.6966432262069078
0,0.3036835719507339
0,0.5741945770885185
0,0.3073268343049462
0,0.478915454318246
0,0.3179060278288906
0,0.3132240363067387
0,0.32053201478698423
0,0.30898259258362715
0,0.3042665719874747
1,0.8956433514346085
0,0.5884806749897349
0,0.31986836693788334
0,0.6862576594767709
0,0.3215976121759241
0,0.32021419896418846
0,0.3042489045532112
0,0.41098360487939517
0,0.5759726731815773
0,0.5817951586128787
0,0.29945587991372585
1,0.5804557743082059
0,0.3237312020487785
0,0.31120989710353675
0,0.2973077535853156
0,0.3063931599788407
0,0.6852129048744812
0,0.3267806706003979
0,0.3137812617136254
0,0.31459865632019174
1,0.48615505926308217
0,0.6390230967233052
0,0.3223515263481277
0,0.3153182967586966
0,0.5692780592935914
0,0.3082713380600456
0,0.3137770125678049
0,0.3067533517061255
0,0.3223369399802423
0,0.47634661239727033
0,0.49493355270079703
0,0.29722911502427934
1,0.4889564197896271
1,0.482909050588387
1,0.7340833457311675
0,0.32400295185413347
0,0.3089406583665398
0,0.3057382628412815
0,0.28743090880884703
0,0.47190349633772044
0,0.3209377975417864
0,0.824632850648683
0,0.32278485638679255
0,0.7266715181059294
0,0.3092455825471769
0,0.40894531449682403
0,0.31029104532188695
1,0.47170496279692
0,0.4929712771864214
0,0.9200262563957222
0,0.8610752175757687
0,0.647502383684198
0,0.3215784361440426
0,0.47657674205882006
0,0.6650201778739746
0,0.5946203869938346
0,0.4749262315533956
0,0.31743619936565465
0,0.32487592611799765
0,0.32133649514056156
0,0.6457095727865994
1,0.58571639061022
0,0.3248664508339322
0,0.4060858167099875
0,0.31640016285584677
0,0.29575239687180643
0,0.4630536562409327
1,0.7565624509719661
0,0.631360734348237
0,0.6846985179216466
0,0.3253851757762932
0,0.7413319082010031
0,0.3215370920418774
0,0.48164455028787556
0,0.7758168448036489
0,0.6811305171375412
1,0.4888613619267138
0,0.3279245585662286
0,0.32899795878975874
0,0.3061808710206619
0,0.8313216947764921
0,0.5027108957645233
0,0.7944666766104047
0,0.3065549277630446
0,0.32977680275452015
0,0.3155471187310064
0,0.31574677503690596
0,0.3243230401329101
0,0.29766582010304593
0,0.3122603318363163
0,0.31633429060737145
0,0.30734469900332223
0,0.7778121947390955
0,0.2835403563204079
1,0.40748863718589645
0,0.41094041718822616
0,0.7225323729483444
0,0.7188915125259756
0,0.3067086663991206
0,0.3219565042135122
0,0.6414125576178752
0,0.308754777907326
0,0.6632191322513327
0,0.3207828293914654
0,0.6855974575396406
0,0.32041507805640107
0,0.32293992924918435
0,0.3143991567413438
0,0.32805757656490914
0,0.30013023135320654
0,0.31461253637873415
0,0.31557914873078424
0,0.32260333584350764
0,0.8929366509375389
0,0.305856083117574
0,0.4737119095829306
0,0.6588655688040929
1,0.6894312612153335
0,0.5392504492658315
0,0.3105737862243786
1,0.5834200806275368
0,0.40986737040244636
0,0.7383469224262453
0,0.31909561647540363
0,0.47589934040069365
0,0.3196752113125015
0,0.3110724878113716
0,0.4606680719049017
0,0.4102467700160381
0,0.3229096774529083
1,0.4824763247603032
0,0.46365510232511953
0,0.31813444496523696
0,0.5829398922707669
0,0.32445038064147613
0,0.5323910878098019
0,0.31705796447005546
0,0.8609652114994061
0,0.3204676901206581
0,0.4860487862171049
0,0.48168216563238087
1,0.5817013886672275
0,0.3106837670365779
0,0.2949342759282007
1,0.483431417251734
0,0.3065549277630446
0,0.30586747344026655
0,0.3229091097086966
1,0.4737211610980715
0,0.46928598380210446
0,0.47852642672312057
0,0.45136382736566244
0,0.3251174768151258
0,0.3023921188771068
1,0.5637462322280027
0,0.2969327158310928
0,0.33031253604817484
0,0.6917536079765225
0,0.3041847287373123
0,0.308611215126696
0,0.41160308795527223
0,0.6059388342358664
0,0.2968344597008346
0,0.6711963944900045
0,0.6457070310595082
1,0.6400787907913646
0,0.6477028619237684
0,0.48630849310343754
0,0.30524756943433395
0,0.7368274663351964
1,0.6873811901237927
0,0.47332623678620994
1,0.5736445895940694
0,0.3253497412530426
0,0.31729166021240995
1,0.3626539559827886
0,0.29337829848483715
0,0.31087358998384024
0,0.4784259646217417
0,0.31985246447639887
0,0.1294485011288022
0,0.5625604945744249
0,0.7607801080941448
0,0.32404306440290115
0,0.31029104532188695
0,0.2962382044493499
0,0.3141257426035185
0,0.3090597318145061
0,0.7530660118331954
1,0.8316382251511104
0,0.3179945464122622
0,0.3034222911304317
1,0.4846055478981239
0,0.32343295060219096
0,0.6825899089528265
0,0.6278984997435403
0,0.3128732218281394
0,0.3084860047241745
0,0.292952056279901
0,0.3113310420002045
0,0.31463375409146754
0,0.27164511153718085
0,0.4840457727509429
0,0.30281561018629716
0,0.4846588223557374
0,0.3206159968210245
1,0.8337821378014799
1,0.4057686722541962
0,0.3156444674250378
0,0.4802208995338198
0,0.3305730207853244
0,0.31746760176376976
0,0.8391194940023056
0,0.3236019280834987
0,0.32281402505880846
0,0.30011765675450575
0,0.3136945942356503
0,0.6829463254649696
0,0.2952841454662711
0,0.3231662983256572
0,0.3168364801732994
0,0.30934806345368
0,0.3152125004977157
1,0.7971062402868208
0,0.464812694113758
0,0.2932449746134037
0,0.3342342103418336
0,0.4568920718310398
0,0.4580340833432444
0,0.8021003127046764
0,0.2980892752881175
0,0.3126614623137898
0,0.31378665989405113
0,0.30117523500827215
0,0.46519384721390605
0,0.3096128136980964
0,0.5360596155846653
0,0.3170004286296929
0,0.31056518767059965
0,0.4810710103320181
0,0.29890367200225676
1,0.47746616374889156
0,0.3216429747701012
0,0.3211145043844851
0,0.3311129366179549
0,0.3128844918065175
0,0.319420169142753
0,0.46797730356149153
0,0.30533098563031585
0,0.5724867133037398
0,0.31954789420536295
0,0.3086736035908841
0,0.4589780731040418
0,0.5885881476615058
0,0.3183064683365551
0,0.6288396369888298
0,0.31754363135609376
0,0.3159735926867648
0,0.3127012748212125
0,0.3283912013269362
1,0.6914619861541136
0,0.5829412091230852
0,0.635248333036303
0,0.29914724826000966
0,0.3061543702927647
1,0.8778946465706181
0,0.32090436076338613
1,0.7618690802880562
0,0.3165549901688656
0,0.3182867731660845
0,0.29654015548224083
0,0.2936730366511082
0,0.30502212725425215
0,0.31056518767059965
0,0.32092522002505836
0,0.736198230414767
0,0.5697293929154501
0,0.2767729661473132
0,0.3197392642898966
0,0.4791088490389511
0,0.3120588002141346
0,0.8324517703395671
0,0.5588451554134298
0,0.58845524640546
0,0.30235306001102247
1,0.785060800576277
0,0.48592062366560884
0,0.30213433064339945
0,0.6460912135600746
0,0.300961965109423
0,0.29914398496751987
0,0.3229127407080066
0,0.45531006497714055
0,0.5796156042330927
0,0.31792975875395085
0,0.31526226426154275
0,0.583819179165468
0,0.3192320157122845
0,0.7543785319312287
0,0.3260014374091562
0,0.317738068278285
0,0.447772811548214
0,0.30178455714493135
0,0.3077962635699811
0,0.29597762001660616
0,0.492210738655071
0,0.48024691626325966
1,0.4821111879486913
0,0.5778510674032798
0,0.3151299440084428
0,0.4885645264628962
0,0.7412161799666109
0,0.31996305331442104
1,0.5719330505269298
0,0.6943863071620479
0,0.3109278013030656
0,0.3273422715190133
0,0.3151583297336426
0,0.6680998289733024
0,0.7842248560469804
0,0.4834009710888679
0,0.4788191199509482
0,0.5785234315822254
0,0.4557768951690502
0,0.5801687777261485
0,0.7282228430648153
0,0.8130899142767211
0,0.3140738025237615
0,0.3288793710353502
0,0.6032736218926611
0,0.30962461947058145
0,0.47249907512516065
1,0.6927580637127868
0,0.3293740945382022
1,0.5801945691274992
1,0.4876899598140478
0,0.671366337256314
0,0.3159272556784448
0,0.3075503173483628
0,0.557130994246891
0,0.8415677639272358
1,0.5949944259180517
0,0.3141519092253337
0,0.8369054024962309
0,0.578463145876379
0,0.31978067521303927
0,0.8267642641777637
1,0.4773950669589237
0,0.31961720581893427
0,0.6830458511400098
0,0.6491353952165612
0,0.3006687672060487
0,0.30092167441326423
0,0.5846179337137922
0,0.3075479749207974
0,0.31560326827365326
0,0.30127983898477223
0,0.31212490729435544
0,0.3053416553090527
0,0.3227316267343511
0,0.3255788751095035
0,0.6859873598885825
0,0.3184615230615903
0,0.3270822602735096
0,0.5771577418298309
0,0.4740108445034101
0,0.5722138909368472
0,0.6706714130502512
0,0.3196422244329051
0,0.3143139715716813
0,0.3284266171707511
0,0.32202106407467596
0,0.32428529674809703
0,0.8379665766560813
0,0.6522866832291266
0,0.6750649888149248
0,0.3005529932496248
0,0.29968284056420613
0,0.2945670964223424
0,0.3070418558698321
0,0.32109423473005005
0,0.3067975715906488
1,0.5692943216387871
0,0.3020631722188277
0,0.3149125592219501
0,0.31797588081246125
0,0.48024365925143664
0,0.30936129633295245
1,0.4860681804527981
0,0.3143019896187987
0,0.30127399546890904
0,0.6468333144046334
0,0.30132816735633045
0,0.4717700206929975
0,0.12953728171484832
1,0.6604007463392477
0,0.31290417641491225
0,0.31162999205239483
0,0.3465341181069574
0,0.3136144314687896
0,0.40886087116315106
0,0.9071281280380128
0,0.48113793189582005
0,0.31003158841548467
0,0.28477182213319346
0,0.311270920721587
1,0.7747959516697269
0,0.31858043693900556
0,0.4745905806615301
0,0.46307792013061616
0,0.3025760591413642
0,0.31689537593616157
1,0.5641098516253725
0,0.31318320358326024
0,0.714507567526088
0,0.6828769871542083
0,0.28981697232348763
0,0.31400362935978926
0,0.29991766882612725
0,0.2928454933921872
1,0.5820485803196341
0,0.3196566265131541
1,0.48378782206781856
0,0.31029104532188695
0,0.2929407860457586
0,0.3254921240722304
0,0.7447080385915252
0,0.31103939605026065
0,0.298312672753358
0,0.31412623218161423
0,0.31029104532188695
0,0.4797284916588593
0,0.3191662732735848
0,0.495313232340893
0,0.31310331329979124
1,0.4874027391095844
0,0.574875012224326
0,0.3224440165566654
0,0.8611374303140341
0,0.8021003127046764
0,0.3036204865903374
0,0.31320923993236327
0,0.484580668382937
0,0.3225453114522422
0,0.3141519092253337
0,0.3245572099744064
0,0.3093857203737757
0,0.5783858601068504
0,0.4759618312974446
0,0.3211797008396326
0,0.31194760932546606
1,0.9241828319031566
0,0.8400045306653674
0,0.3128017912871274
0,0.4640025334693371
0,0.3223479896314274
1,0.40361026217600027
0,0.460897698622107
0,0.4227343062954824
0,0.47975804436422437
0,0.31286221455130797
0,0.4094676328895366
1,0.5596665104283239
0,0.3152913021243748
0,0.3104781489296937
1,0.6880295425403231
1,0.6453908734751792
0,0.4842530136631977
0,0.3018182848599825
0,0.32805757656490914
0,0.32608234537804737
0,0.32290380157903936
0,0.29119390465958095
0,0.30799217761802644
0,0.5868683293993802
0,0.4816941274860632
0,0.3092455825471769
0,0.44126629215217633
0,0.8738962915638104
0,0.3232085111240082
0,0.3189792853513406
0,0.840726401187806
1,0.6395042890745245
0,0.30405797479184143
0,0.2829275347862857
0,0.30718828611385957
0,0.48435003687488154
0,0.4554044815898229
0,0.3354979888993481
0,0.2941126817493671
1,0.8458823293281831
0,0.30361547514296316
1,0.4805488572240293
0,0.618531110961579
1,0.4866747034838359
0,0.3096516237284018
0,0.3051164056213214
0,0.6321529312388312
0,0.30499690146890857
0,0.6327069398228649
1,0.6992220026888356
0,0.4770093339263697
0,0.6295811351849038
0,0.31988333017835147
0,0.46473129260343843
0,0.3237008074725329
0,0.788853762641631
0,0.3243469429388998
1,0.40565731307068875
0,0.47883164432423614
0,0.30968752213818457
0,0.31940651678509446
0,0.6614233087963167
0,0.7948133038146239
0,0.3055711830054893
0,0.30954267524122026
0,0.5699651754310462
0,0.8008751518808813
0,0.3077797492440298
0,0.32198694801321287
0,0.40993738083968073
0,0.32717467908985143
0,0.3159432609714623
0,0.30839725720639394
1,0.40263400508836716
0,0.8397133118915515
0,0.47312735411948875
0,0.47064124022003423
0,0.6985949377704924
0,0.48125255535148004
0,0.7508403987958285
0,0.3098390601078282
1,0.5879138495985253
0,0.3219970791009781
0,0.31906715125434176
0,0.32529154344156597
1,0.48631481600875337
0,0.46251479710609916
0,0.31671905211932133
0,0.31394935109409594
0,0.3122216931119664
0,0.30961407410741826
0,0.48806461157081343
0,0.3135912644116009
0,0.31923546124641305
0,0.3112674190053264
0,0.4817449142092946
0,0.42735074360399494
0,0.7185755298933886
1,0.6479731234083848
0,0.30864121953106166
0,0.825136279682816
0,0.3154471260811854
0,0.694908687221072
0,0.32618691577766834
0,0.44607516817101306
0,0.31250697344710116
1,0.4858203051718583
0,0.3116615849815788
1,0.5807545139136252
0,0.7060782713142034
0,0.3124178508065661
0,0.3185780313894312
0,0.40993738083968073
0,0.32226780703449887
0,0.5728968340962561
0,0.32323442828629523
0,0.6398560731422563
0,0.3145226366009694
1,0.7724232379155864
0,0.2893019498525565
1,0.7926744298293008
0,0.32600050495236577
0,0.8077270498484395
0,0.8151299502818335
0,0.31465108826065363
0,0.3134984075095733
1,0.7525252339457722
0,0.29896610782906907
0,0.31572773006990995
0,0.41215678080065427
0,0.31485124091195626
0,0.29510248621436586
0,0.4096547920795312
0,0.3177244386129493
1,0.48341831206557623
0,0.3185579366833587
0,0.31531675387120983
0,0.6342077931119352
0,0.3001502087417673
0,0.30370415095051023
0,0.4752469828076292
0,0.46699392506789117
0,0.6383300817676292
0,0.5815390926392786
0,0.3009346009469295
0,0.3151171580264968
1,0.6304421468512812
0,0.4683420521080484
0,0.4775870128061621
0,0.8523752127326488
0,0.3123026718822516
0,0.48294098797026763
1,0.5794674870807303
0,0.2982842656755904
0,0.3135423307079949
0,0.3181107476559559
0,0.31473995106692304
0,0.2840769358686079
0,0.3062155949436669
0,0.4060858167099875
1,0.5784896064307472
0,0.3179228715759643
0,0.31029104532188695
0,0.31379312018032063
0,0.3209389699190414
1,0.4820922606493531
0,0.31360648758268145
0,0.3057375342959656
0,0.5687000693363732
0,0.4724397487518097
0,0.32267154514379887
0,0.4577849147660219
0,0.3182655515722086
0,0.32212040309274603
0,0.30068521919615343
0,0.3059439009829773
0,0.2968260022405978
0,0.3202643379482007
1,0.48035728308816317
0,0.32420522580969313
0,0.30200185253545697
0,0.3133310758848558
0,0.5941269148799397
0,0.4862616336690629
0,0.2824394204970408
0,0.5233450427794787
0,0.47596676618535777
1,0.898859937608315
0,0.3259235242696951
0,0.571798786905406
0,0.31008877060056544
0,0.5936458441290691
0,0.3219661250473148
0,0.31598165598084327
0,0.3052283638765879
0,0.13442666033873962
0,0.3208922028652836
0,0.313632084723892
0,0.32851194811734136
0,0.7012648914103086
0,0.3232727939667434
0,0.31179797900996037
0,0.7617353584274497
0,0.32617806835466356
0,0.2932339279063496
0,0.469395727848638
1,0.5708018366882004
0,0.3103829844787246
0,0.2987577286912345
0,0.8597919792770817
0,0.3174839873419292
0,0.48191036409507226
0,0.30872421641439146
1,0.4730387347281928
0,0.47264172726303
0,0.32074827993681126
0,0.3106919711917301
0,0.3177873203963613
1,0.9289219986134428
0,0.32445679488056056
1,0.6399695807924826
0,0.3044458003074444
0,0.7261111420159084
0,0.4578384012981545
0,0.45836902276980196
1,0.8471738951052139
0,0.3147659154070309
0,0.3001930254763439
0,0.7642265178339347
0,0.470571070826388
0,0.3169418792001027
0,0.2922480864646276
0,0.31550348784182397
0,0.49260901374149646
0,0.7997995168376808
0,0.2899546435795441
0,0.31056518767059965
0,0.7220870511654078
0,0.642021827671886
0,0.3011754359312344
0,0.3017497225888904
0,0.3015738361525066
0,0.3120896965090704
0,0.6383239602301958
0,0.30924680057678067
0,0.5879719768207012
0,0.3062022947102799
0,0.6445744893804245
0,0.3194117073533021
0,0.29478855339583654
0,0.31016245908288675
0,0.31836238904932335
0,0.5878635082291244
0,0.7758797265219505
0,0.31501706481543545
0,0.8941746924422572
0,0.31295695564634535
0,0.3279628354433082
1,0.580188943135478
0,0.8523681860278254
0,0.3229371395377051
0,0.3230370462250382
0,0.3112533605680287
0,0.2993250969772048
0,0.3097719151145338
0,0.12700526668701498
0,0.31019551494697317
0,0.594736179651976
1,0.5616857200845051
0,0.3313685246080151
0,0.48349587028685787
0,0.31890337541804353
0,0.7701917672404124
0,0.3021178283851078
0,0.12704775657208767
0,0.7083592887393513
0,0.31980274288696187
1,0.5759504736558265
0,0.821054627022171
0,0.6461168687177943
0,0.40776394027833385
1,0.5812022427930941
0,0.32442340566916383
0,0.3162358044551057
0,0.33086356509145126
0,0.480609013595578
0,0.7843834972545678
0,0.4847131494662183
0,0.4838084312693658
0,0.3209058397853557
0,0.28872385265785194
1,0.48066603751428016
0,0.6059388342358664
0,0.2841745431268331
0,0.3166446377916741
0,0.31410343368592003
0,0.6865156249524464
1,0.47851330146733423
0,0.315168437305321
0,0.7431845544272522
0,0.31996261237541346
0,0.40962744641731014
0,0.6453917326142203
0,0.5707602802272213
0,0.30143401888755184
0,0.3190103360477274
0,0.6437672500777594
0,0.4665104816270962
0,0.4789836803885546
0,0.31262456680094663
0,0.31178061739487684
1,0.47273655451802515
0,0.3198033983495026
0,0.30887025761206166
0,0.31712426490366485
0,0.3079639050210506
0,0.48025869651305486
0,0.46349390878165275
0,0.6392868846641028
0,0.4843395696308674
0,0.3090582294276692
0,0.31645911152505657
0,0.3277298884727107
0,0.2853045954723295
0,0.4121905671897897
0,0.3275148334125271
0,0.3163450004838084
0,0.3166734223653723
0,0.4811492459059983
0,0.3220328032815856
0,0.760277098230305
0,0.832827925661308
0,0.31029104532188695
0,0.8656991095078277
0,0.41057753768872085
0,0.288467268300735
0,0.3019024235864621
0,0.7041941247475844
0,0.3172450527203794
0,0.32512561548665847
0,0.3239727607163043
0,0.31512365101933726
0,0.31343376785988386
0,0.32117331454698334
1,0.8795525978723907
0,0.32509542072807707
0,0.29663056289362094
0,0.326457895648923
1,0.7758928909665591
1,0.5875571154497532
0,0.3230828048257422
0,0.3164825288639594
0,0.3191495052756525
0,0.3061419500501657
0,0.4816485045309802
0,0.3228236576893166
0,0.47175487759878443
0,0.7936593905825513
0,0.32076953963221594
0,0.2950796874786736
0,0.3157358411876001
0,0.3057988546281144
0,0.2936199389911653
0,0.31276089206471624
0,0.32131049199026174
0,0.4112765837747128
0,0.3156556114252646
0,0.3199014689950466
0,0.7115321007314315
0,0.28107540421762445
1,0.4829940081163813
1,0.48654770339809467
0,0.3308991793188518
0,0.2970834247383206
0,0.31877976093853566
0,0.29603739688813335
0,0.6457738727275809
0,0.3118209496882712
0,0.3159209615413875
0,0.3225756333974257
0,0.29990774783751906
0,0.3074200111720264
0,0.32757934680830053
0,0.32439454564632764
0,0.32123004924331805
0,0.31162999205239483
0,0.31803273609384436
0,0.33634809058680304
0,0.31308867476762375
0,0.3170947662794321
0,0.4128525412522222
0,0.7785499087892342
0,0.7910941214445558
0,0.5609764197298652
0,0.5841461758422518
0,0.3297633370316574
0,0.2875294742864858
0,0.2911929313128484
0,0.30996074068045654
0,0.8573386456975063
0,0.31834819254202745
0,0.31240170495372
0,0.31236019965900463
0,0.32019637477726215
1,0.48544336940059096
0,0.5685077749055355
0,0.32712444880456354
0,0.48306096653109676
1,0.48054914508615204
0,0.31944556201551816
0,0.3141437369603558
0,0.3136193583234145
0,0.3150239208593342
0,0.31691873919062513
0,0.32334554687678874
1,0.4887275949330698
0,0.30248664515624907
0,0.2871847257317071
0,0.30864121953106166
0,0.7587346897093944
0,0.324672577257886
0,0.3133951949533153
0,0.3119478523350682
0,0.5554317335229222
0,0.30659258716952764
0,0.4581612390881277
0,0.4777802069794957
0,0.4802142441192319
0,0.30467810301073445
0,0.5589906186746483
0,0.32229699076053636
0,0.73288678743089
0,0.4711099352421802
0,0.31029104532188695
0,0.32260552718858143
0,0.29416103993996895
1,0.8537113128044901
0,0.5943177881044545
0,0.48127077879951535
0,0.48210178693519107
0,0.29815722042329895
0,0.5702434368880149
0,0.7555317328657473
0,0.554220747957631
0,0.6436028316348484
0,0.4688009228198763
0,0.31454145183703075
0,0.814490217007832
0,0.3121557850923007
0,0.3192320251662183
0,0.3127202362855661
0,0.3265497051193877
0,0.46859659470908965
0,0.30733793309417456
0,0.644489109164744
0,0.7795087429712781
0,0.5737752672964103
0,0.31192815458235706
0,0.3025758312708737
0,0.31162999205239483
0,0.30797765368488617
0,0.32090084063884833
0,0.33199578258901236
0,0.48669865826464653
0,0.4639963522124079
0,0.3065810358980064
0,0.31502502339614674
0,0.31035450905308165
0,0.47821419260690773
0,0.4761459746093818
0,0.30500681568952137
0,0.4773167011528086
0,0.4702392562626783
0,0.4084639857180266
0,0.5552384467594278
0,0.864916002803895
0,0.2996337425460117
0,0.3243293392706414
0,0.3191251394768136
0,0.29521922551153945
0,0.29240835550019256
0,0.29920299649974047
1,0.4852207296692686
0,0.3103446708716715
0,0.4898496912561471
0,0.31953050511556585
0,0.32749712202240416
0,0.30244757660156274
0,0.6356973476407761
0,0.31050173779496953
0,0.46906443795184033
0,0.29701489817310056
0,0.5770637705536976
0,0.46742839129969566
0,0.4040156018577574
0,0.6341674093496488
0,0.8037830945720393
0,0.3072572462497507
0,0.31884977547500254
0,0.3129087125180905
0,0.2925933990483609
0,0.31359969583117203
0,0.32406736442753004
0,0.3123701191190215
0,0.28003111295245675
0,0.3094493096773414
0,0.3123615637067994
0,0.31615071107066284
0,0.3141519092253337
0,0.306614736752751
0,0.32753593837541767
0,0.2971543467166098
0,0.5020882690700739
0,0.308325509487108
0,0.3054664170770089
0,0.47113633391271686
1,0.5769045610137126
0,0.3254805355338199
0,0.3127873154996247
0,0.4985453505211269
0,0.2957949865456309
0,0.5840716626263234
1,0.49351868597669196
0,0.6314978271943058
0,0.3114370075677404
0,0.40962176725848326
0,0.3128690714488732
0,0.48049000331673447
0,0.3165610717837783
0,0.6341558231955888
0,0.5636868753273345
0,0.2622225232596733
0,0.578972395880735
0,0.6434989527549008
0,0.665203830106859
0,0.4786092078992506
0,0.30114864714734013
0,0.3184342555981848
0,0.49032134409089706
0,0.5884858234673729
0,0.5709672021427109
1,0.48760113993855964
0,0.2999876950337751
0,0.3045220797818573
0,0.32286474188759107
0,0.32254867202145693
0,0.8533942178949651
0,0.3204272207907609
0,0.31823424896994834
0,0.5866974005533817
0,0.48495764197530095
0,0.3172450527203794
0,0.3104162659246528
1,0.48254123430666646
0,0.3250369200344551
0,0.6401525021550841
0,0.32031360161547173
1,0.6472046849764181
0,0.3215071003172208
0,0.5660264255858154
0,0.7030185882187411
0,0.7802749300097478
1,0.4759041481743656
0,0.32440695520683654
0,0.4819531805679915
0,0.31184058662289393
0,0.7579364180689238
0,0.3103878205182655
0,0.3153778358448408
0,0.303742905320728
1,0.4784054723640665
0,0.41218328989427233
1,0.8003789101706582
0,0.5773325695236403
0,0.1258819600570305
0,0.5741147930464753
0,0.5860618338926178
0,0.32147728493290184
0,0.5899074039687545
0,0.7110791980458411
1,0.4892817114613976
0,0.31380987504296404
0,0.2933374505638803
0,0.32874317672207115
0,0.3092684260216125
0,0.5745918966738132
0,0.7333355309756183
0,0.31255982387681935
1,0.5906847472512383
0,0.816609404678885
0,0.3153308907514874
0,0.46694244193426515
0,0.31380381896923976
0,0.803876397136134
0,0.5765213106271029
0,0.3155294177676657
0,0.6491630096690969
0,0.32320917447157893
0,0.32222730900726904
0,0.30622742354378046
0,0.30273626280715865
0,0.3194117073533021
0,0.3229218863737803
0,0.30263346634202193
0,0.31162999205239483
0,0.4060858167099875
0,0.3101933745956072
1,0.49058126009805364
0,0.41124935837438625
0,0.3033664645063621
0,0.31312486384845617
0,0.3091565390619428
0,0.5787445809780456
1,0.5845033488861291
0,0.3381668377556125
0,0.7478224378836156
0,0.31944446719314135
1,0.8752716574694591
0,0.5774099307058318
1,0.4834191253653825
1,0.5805703607730753
0,0.4860451974615401
0,0.30906204918309726
0,0.32388020903150555
0,0.314204700888516
0,0.3165948728318229
1,0.5895160364121148
0,0.6329492160704057
1,0.577829600534064
0,0.31134131347862354
0,0.3065266127776353
0,0.48619751791333904
0,0.30498175605998357
0,0.7682735762535966
0,0.571999933656517
0,0.40893409957925514
0,0.7331229010864585
0,0.31429015043342606
0,0.5584653309817509
0,0.3198952969813042
0,0.4895870477995087
0,0.4496931434122185
0,0.30091839965056716
0,0.3171005068636456
0,0.312945148608033
0,0.623637912412894
0,0.6874304832950995
1,0.5645592629586836
0,0.31909352949860265
0,0.29791679415130085
1,0.4872975637206275
0,0.9314386403912986
0,0.47604338295081067
0,0.31718012969339404
0,0.3262781411868861
0,0.4641719489044003
0,0.30443042926405856
0,0.3015409270351588
0,0.3252148667857369
0,0.48370580421447823
1,0.4914917946039121
0,0.550388887125126
0,0.2771743440987908
0,0.32098389222505913
0,0.32009072816675904
1,0.48760357170582447
0,0.631522981061339
0,0.3254078933455431
0,0.31162999205239483
0,0.3002420840071652
0,0.28696676963493595
0,0.7661388978216207
0,0.4680434550476992
0,0.2996144473287859
0,0.48379669028335537
0,0.31063996120019827
0,0.31242945872375083
0,0.46819734772788124
0,0.316166522581991
0,0.31214953438740545
0,0.6353065587274102
0,0.3159976087139135
0,0.4861481781604387
0,0.32640066863351036
1,0.4882720968987648
0,0.30878742785064234
0,0.7189425332829964
0,0.3110949372766268
1,0.5766104135060734
0,0.4889307129897701
0,0.4788914624147034
0,0.31223086860705485
0,0.30720529135057456
1,0.9088755489462138
0,0.3063922972866851
0,0.32527583269015864
0,0.31477192378950125
0,0.31337621883419065
0,0.6090205783988871
0,0.3232010769561749
0,0.30145568504602643
0,0.5693831542831254
0,0.40897183504435214
0,0.8021003127046764
0,0.30864121953106166
0,0.3096492767086864
0,0.7605789665864332
0,0.3088841580387621
0,0.7461116630046597
0,0.3222105185268281
0,0.48353080225257017
0,0.3216633638838356
0,0.2926267070666942
0,0.3171650546573629
0,0.4623301425458715
0,0.573766936187312
0,0.8601953040388847
0,0.49229086793542065
0,0.8012313589980635
1,0.5767715707951927
0,0.29499368042369506
0,0.5630421171510714
0,0.3151175448035158
0,0.2590225451483927
0,0.3139200868900919
0,0.3137312981580125
0,0.28096356132094297
0,0.30864121953106166
0,0.9083545210028795
0,0.31155690248770174
0,0.32104773491205596
0,0.31017847290904244
0,0.8420578401935199
0,0.3096172154299821
0,0.6904037396445374
0,0.32543925748483277
0,0.32498395457857676
0,0.30092755276096217
0,0.32998303306195137
0,0.4806960643713357
0,0.40913125953919927
0,0.40962176725848326
0,0.4749432816605932
0,0.3038608048120827
0,0.31474441699258515
0,0.30307440968699223
0,0.48541516102813836
1,0.48434496471311494
0,0.5751244058588076
0,0.4753854979647122
0,0.3136108191155099
0,0.2993284737197752
0,0.6852198086673364
0,0.31322101051673024
0,0.26557025613038926
0,0.3169252741024205
0,0.31677372935622666
0,0.45742908271851773
0,0.4900021518844546
0,0.32670440899765407
1,0.47752583726370645
0,0.3112459956744929
0,0.6312926375981948
0,0.3223792924839481
0,0.47911863150875095
0,0.5524998296051664
0,0.7257642383467183
0,0.3115248069298328
0,0.6515102525385772
0,0.2983522636046242
0,0.31056518767059965
0,0.30607546111287215
0,0.3089635515469854
0,0.49461878951270066
0,0.30595579219853364
0,0.3124148960258569
0,0.6787803059563371
0,0.49092833286581905
0,0.48162170220907086
0,0.3128741796073191
0,0.2988569603593109
0,0.30750326291733027
0,0.3279081408633596
0,0.3048719462697757
0,0.4696134554174349
0,0.4813100404251233
1,0.6427570565911912
0,0.3147317834023554
0,0.2690933780166578
0,0.30710422093278794
0,0.40993738083968073
0,0.40423864244036406
0,0.3158445320056016
1,0.4915524347549393
0,0.29390610496722663
0,0.3261381825547058
1,0.4781649994904461
0,0.4057274106885516
1,0.5827990892077185
0,0.475879514680934
0,0.6478053217952477
0,0.3140382626766725
0,0.31683909061252796
0,0.31208514770830753
0,0.5889448412161563
0,0.3165072853982398
0,0.3260757703430421
0,0.2803507065250921
0,0.31239334188406914
0,0.4940218457865318
0,0.2790150728110654
0,0.31030134161527884
0,0.3192220529637447
1,0.49502369500060134
0,0.32337569196835464
0,0.32552758021554384
0,0.3275215184512895
0,0.5970344956718833
0,0.3155005261328362
0,0.31276188334925575
0,0.3177553102525229
0,0.30329039559654164
0,0.3128799461167977
0,0.32190117860545414
0,0.3169757163250022
1,0.46607905061680216
0,0.3237294842715641
0,0.6357967921476936
0,0.30864121953106166
0,0.14196783895701487
0,0.311529588918028
0,0.5743719472802761
1,0.4653280893548589
0,0.299531749365299
0,0.3185295314249759
0,0.3152012461754019
0,0.33165102197711444
0,0.29823207502832666
0,0.3355230925821954
0,0.3231565923244661
0,0.7081288406994535
0,0.32097825695743337
0,0.7884477693095253
0,0.3295203471476168
0,0.3181988048673025
0,0.32315239792082034
0,0.2925303431008531
1,0.7224414930465042
0,0.412159655288935
0,0.30751010347850954
0,0.4801613563847239
0,0.32583334610234693
0,0.4757145514629735
0,0.31076157486267925
0,0.3180199486447101
0,0.30467081269554
0,0.31720061342802236
0,0.4049436533721297
0,0.3082763342727197
0,0.314441667889868
0,0.31698447732238666
0,0.31509585528668
0,0.32114902548908714
0,0.4667006669340241
0,0.3169111273049804
0,0.3082763719400521
0,0.48049000331673447
0,0.3187075027106327
1,0.6968442715126855
0,0.3121914409676861
0,0.31907506358910154
0,0.3121958477220084
0,0.32191658682761487
0,0.31727175375119115
0,0.7166973485945064
1,0.5755989850314
0,0.48510844995921837
0,0.5298367993586859
0,0.3198523145248304
1,0.4947664678941044
0,0.3136778167233524
0,0.4851497474699187
0,0.31542584306866145
0,0.3234651896857649
0,0.30864121953106166
0,0.32691751781488637
0,0.3161729606066325
0,0.33002043213386156
1,0.4834218677373938
0,0.3097648123245131
0,0.5921214552626375
0,0.32590001182838885
0,0.5559422305950216
0,0.30864121953106166
0,0.48947301968058704
0,0.29329884640408216
0,0.31254003204719005
0,0.2053118087372582
0,0.4803861057761785
0,0.3284266171707511
0,0.556758481795032
0,0.29669159897569936
0,0.3192491431123078
0,0.4714604069468123
0,0.31574229972094414
0,0.30938581656712016
0,0.305749810391467
0,0.3146312633943262
0,0.5767102096801895
0,0.27031893479149366
0,0.3198112842041206
0,0.6935669543328833
0,0.5770557111286669
0,0.3185893214530662
0,0.6516221469105116
0,0.8316756946533619
1,0.5878977569248905
0,0.3159235157764875
0,0.31766323813760033
0,0.1491566082847203
0,0.3254078933455431
0,0.3156114718987653
1,0.4843525254697431
0,0.8387573299113884
0,0.3178031312715264
0,0.31107887550647184
0,0.4866444223865168
0,0.4698232558781724
0,0.3214752057743116
0,0.3191517795353627
0,0.40894531449682403
0,0.3168910873023239
1,0.704909180518991
0,0.30864121953106166
0,0.32522248927913344
0,0.31253131795248307
0,0.41124935837438625
0,0.5785292029284734
0,0.327368456502652
0,0.3201412363349953
1,0.4714919227764511
0,0.40962176725848326
0,0.4844109757862968
0,0.3090331413255507
1,0.47784867441268836
0,0.3184798998183847
0,0.3283355885021594
0,0.32610176870801744
0,0.3202416682041169
0,0.5715184191499696
0,0.33217108033185766
0,0.6436895433546963
1,0.5729375709900352
0,0.7767874342765603
0,0.48416820583446585
1,0.4844836752080698
0,0.4804342822151957
0,0.658235439367718
0,0.3172325689874256
0,0.312294301603315
0,0.5886967003396966
1,0.5793740515591401
0,0.3128077103473473
0,0.3055545752204724
0,0.2990266130394956
0,0.29811981109528896
0,0.705424775339108
0,0.2856007650621629
0,0.32998303306195137
0,0.6349491791369116
0,0.47486427455924746
0,0.31744098979501045
0,0.32569907309166957
0,0.3131434698318159
0,0.2972630121037875
0,0.3118972101141616
0,0.41206802222418915
0,0.5795153465545103
0,0.3232727939667434
0,0.79147785556526
0,0.30324114527026713
0,0.30515659200483286
1,0.5725745380841848
0,0.46154154909358414
0,0.4879084206941935
0,0.3241142343783666
0,0.30361547514296316
0,0.4105995983147835
0,0.3261756859177687
0,0.3127605704126878
0,0.4661741513519329
0,0.29194172233051263
1,0.6944693876284008
0,0.3194888511888678
0,0.31745929691369723
0,0.5715629996513071
0,0.30924680057678067
0,0.3073125810643904
0,0.4780521859732724
0,0.4751233131951096
0,0.3234254337966304
0,0.4762173982912362
0,0.6791639017871234
0,0.6650201778739746
0,0.48091414098775437
0,0.6862117826618959
0,0.3116211807693104
0,0.30795180928557386
0,0.8318572919592349
0,0.2933220739941036
0,0.42830313701983463
0,0.4912601750748779
0,0.29126935461516523
0,0.31295721413807354
0,0.3148299712387603
0,0.2937950054915071
0,0.5682661815610855
0,0.4583454560833383
0,0.3117147103816397
0,0.40993738083968073
1,0.47795245537645525
0,0.4115976515624086
0,0.557240132306913
0,0.47375830425958876
0,0.45941825158631805
0,0.5810444638106846
0,0.8398612009333913
0,0.6319355455688584
0,0.30518868120777815
0,0.5767868052816951
0,0.3207352010836239
0,0.8078943364981394
0,0.3061609521876658
0,0.32641139505160127
1,0.7483368009015839
0,0.31056518767059965
0,0.3166349329105961
0,0.31150075133448873
1,0.4779114535364712
0,0.2846612980605665
0,0.6434511692173519
0,0.3015424838163851
0,0.30857885533807905
1,0.5820461811455327
1,0.6900149540736694
1,0.5845031404053256
0,0.48277555704460545
0,0.30049577222372204
0,0.4936952840736645
0,0.577307591427771
0,0.5488712687861488
0,0.4794697313158362
0,0.30942873205132265
0,0.321748719157635
0,0.32684830713040425
0,0.31029104532188695
0,0.30967280250530765
0,0.5912596057682693
0,0.30248800409253834
0,0.4755879133505298
0,0.31988056726526476
0,0.4787024693676547
0,0.3055216014783965
0,0.32691324329537497
0,0.591049450668036
0,0.48532266792246437
0,0.4760203646020833
0,0.3169609759064064
0,0.3118747910128273
0,0.3242127057361028
0,0.45489073213590814
0,0.31126631668272414
0,0.306184294161223
0,0.564813805980158
0,0.3115652354213317
0,0.3294893273126319
0,0.4782394164855222
0,0.30741436746910084
0,0.47638903131827626
0,0.30079385141166104
0,0.31610177939860773
0,0.49113664933283707
1,0.5930763149884971
0,0.3161406275518639
0,0.3126272005971199
0,0.7272501947213267
0,0.7115278908002224
0,0.3101824661013125
0,0.3319499217764083
0,0.3145573131031615
0,0.311356366566937
0,0.48031930358719654
0,0.32192099049092227
0,0.31031229893053197
0,0.3000435941049231
0,0.30720801549238475
0,0.3172734326975032
1,0.7384243453855794
0,0.2948702270462716
1,0.4915476362013978
0,0.32447900470908103
0,0.3180844535955211
0,0.32447942981931366
0,0.3112198511839223
0,0.5688674078210901
0,0.486683633511626
0,0.6633273029083175
0,0.3026927002711218
0,0.3270523710534861
0,0.7365803893683653
0,0.3173671976795789
0,0.8254457903419907
0,0.31712426490366485
0,0.4120453238696141
0,0.3021534893892906
0,0.2730526879558839
0,0.6292132444581995
0,0.9229091875266824
0,0.3291230141419672
0,0.3125542461999786
0,0.3169035241439682
0,0.8006344705858894
0,0.7518257099104397
0,0.31726226303261357
0,0.5639665755264021
1,0.464504463992575
0,0.47723184980856886
0,0.5664466947461548
0,0.3301938092802859
0,0.3318277042883883
0,0.7969790044493111
1,0.8524588375778894
1,0.48372415622271836
0,0.3161628322127082
0,0.2953101062779788
0,0.6375650643748226
0,0.3006687992084605
0,0.3144661726602901
0,0.31188032227892504
0,0.3160737807615669
0,0.5733938206498447
0,0.298048446119029
0,0.30409378595333064
0,0.6454057585589552
0,0.3139310679136202
0,0.3229541428465458
0,0.3189602680750384
0,0.29889376520847105
1,0.5864144007290613
0,0.3081306570501762
0,0.31663042232928645
1,0.46846180865572046
1,0.6891509003687012
0,0.32499615312622626
0,0.551290622609282
0,0.31553707920079394
0,0.48756709719768554
0,0.32540088651857146
0,0.3283182707778114
0,0.32571049390075013
1,0.48792766819690664
0,0.30068025136265286
0,0.7748772345407399
1,0.6385388574583838
0,0.30515949635631523
0,0.6874016749566336
0,0.5767170545707756
1,0.4844173000245455
0,0.32112855362676324
0,0.47837471462181697
1,0.5832939519211228
0,0.31836772177644707
0,0.7441988260677426
0,0.32319325459028175
0,0.40226933175405905
0,0.31935413770672727
0,0.3171990357369402
0,0.48794942724994855
0,0.30195863120361993
1,0.7567008521808442
0,0.317815574050221
0,0.482764775459788
0,0.3126472529425592
0,0.8358622584884207
0,0.3145792121072764
0,0.47878543059816864
0,0.47593048123825354
0,0.3299891544010023
0,0.29928668707082506
0,0.3162553848582592
0,0.41011409927185627
0,0.321998107097672
0,0.32234522518015457
0,0.7909338438927705
0,0.30839059774955274
0,0.295197692114063
0,0.32053201478698423
1,0.48731329734222634
0,0.5652294671225772
0,0.31591577106739327
0,0.32479793645170657
0,0.5865910114573392
0,0.32839496728160805
0,0.319966428981593
0,0.3179475340042721
0,0.314774715542585
0,0.3223598527339853
0,0.307134409533226
0,0.47627087024380593
1,0.8738459324621782
0,0.3255369790466292
0,0.31722289407667187
0,0.32818253138680453
0,0.48480746065241387
0,0.31735461595177017
0,0.4813532464082755
0,0.4772456754596428
0,0.32260925428503145
0,0.32091161746965496
0,0.28957121041033673
0,0.480204214859987
0,0.5657903215635882
0,0.31204597199487505
0,0.6395060886337507
0,0.17980865426027146
0,0.326022984561933
0,0.6633273029083175
0,0.4769810503235963
0,0.8958551157705749
0,0.2719488326272171
0,0.5822903165005895
0,0.7957490571349093
0,0.7568741140793844
0,0.6936199868088057
1,0.407081609665729
0,0.31294874371528825
0,0.31491972432133586
0,0.31737881362531356
0,0.3143267175852119
0,0.584230089416011
0,0.474614924341444
0,0.2958375555438083
0,0.32010987441355576
0,0.31374770093101645
0,0.48314301007873445
0,0.6556493142295747
0,0.29959515680681126
0,0.5683123270118111
0,0.4603825440048284
0,0.7907034226765648
0,0.31649954358755356
1,0.5860645442385964
1,0.40361026217600027
0,0.47689579087614575
0,0.30753950196379204
0,0.314306914384903
1,0.4888157932485648
0,0.3151718954457529
0,0.3117320147598872
1,0.40361026217600027
0,0.29837140939669876
0,0.3068267257638065
0,0.5683321298403016
0,0.31967311934106457
0,0.311746910982216
0,0.3221001122928159
0,0.32239343484742305
0,0.2863906007749271
0,0.29004593123713934
0,0.483745858547212
0,0.3183363408482755
0,0.5768648749274076
0,0.3211720940274816
0,0.48200175815650875
0,0.30899688188959346
0,0.5827737044165855
0,0.5697497639892347
0,0.2767552965466257
0,0.49386272734094133
0,0.3177466448983435
0,0.31437864719559094
0,0.3189267199796798
1,0.5553737564665413
0,0.5832784088430515
0,0.31052264215987824
0,0.46249002605254774
1,0.5756411427856779
0,0.32091225502507115
0,0.30989559335326683
0,0.5750809757899195
0,0.4755846807209369
0,0.32192854286313755
0,0.46219359573841595
0,0.309798260594651
0,0.7278975872900607
0,0.31712426490366485
0,0.3186754387701314
0,0.31025131601582767
0,0.4767669786869456
1,0.6864693896665136
0,0.3188588359564887
0,0.30449682952337215
0,0.32818798482210887
0,0.31470134005372097
0,0.3284339939172815
0,0.7148870838807453
0,0.48163813033834213
0,0.3215976121759241
0,0.3251133215669267
1,0.48222970521297476
0,0.6298111693691414
0,0.31347991636503514
0,0.8253961162785143
0,0.31765640962348396
0,0.32546693866229004
0,0.5902618417052858
0,0.40993738083968073
0,0.32460473328873796
0,0.32002087150363023
0,0.8079866063443525
0,0.5472208508219474
0,0.8232268867495355
1,0.6492344212833209
0,0.4122417903241127
0,0.3083667017126217
0,0.3088882218222741
0,0.47267826676488806
0,0.31209469380905147
1,0.48367548328498594
0,0.7516825659353152
1,0.47994548843310325
0,0.5758751273437273
0,0.29855934076103813
0,0.32157064426563
0,0.31930729432488597
1,0.4742605992124187
0,0.3138583332243014
0,0.41108187888153286
0,0.6285568590234778
0,0.31514189397127834
0,0.47864049730782504
0,0.311325806664602
0,0.3220218006845622
0,0.3100842093985795
1,0.3972424486918943
0,0.4761498469097415
0,0.8695712217479639
0,0.32360406399924735
1,0.7204099022699512
1,0.7711680874517846
0,0.31246104499269517
0,0.4858134379561733
1,0.7295629370803896
0,0.30924680057678067
0,0.31732016145255354
0,0.7395956556579854
0,0.2993037415437658
0,0.31031074543587145
0,0.2973234419710109
0,0.31858652297892526
0,0.30350898495214707
0,0.6530318851322185
0,0.31712426490366485
0,0.5489585125126989
0,0.2987990673654835
0,0.32361234674253014
0,0.8225116985021351
1,0.48364432671778934
0,0.29789264993445996
1,0.4637258686061535
0,0.30297215903079017
0,0.32130644450366025
1,0.4875731083476991
0,0.32573536110801715
0,0.7139337308297096
0,0.3084909117442376
0,0.46716053564201204
0,0.4818403755863459
0,0.46102571132733955
0,0.3116892054391772
0,0.3212872303758489
0,0.31912356426151073
0,0.5849698232161079
0,0.29307296620885204
0,0.32320917447157893
0,0.3080185530751898
0,0.301763743277279
0,0.3159127492648382
1,0.465435619877761
0,0.2781056278820018
0,0.323326717921116
0,0.29424438337918735
0,0.32157293998109754
1,0.46586914962875653
0,0.40962176725848326
0,0.3113448714908533
0,0.32156565617127014
0,0.7757020909869133
0,0.4817740942077828
0,0.30991548079053904
0,0.3234254337966304
0,0.800854386861404
0,0.2846586330117437
0,0.5494250328193102
0,0.5799508144626665
0,0.2647242826781351
0,0.31711937779473515
0,0.46579959872152443
0,0.7180644215223272
0,0.3041566675084499
0,0.2891993957629409
0,0.48817439744999414
0,0.4850263913864365
0,0.30703192627008297
0,0.41321068930648674
0,0.4733672805649526
0,0.30720490907199255
0,0.3144928159384916
0,0.6822784953988774
0,0.3157282169869884
0,0.48136926732617585
0,0.5862089714416416
0,0.7685182185773244
0,0.7271740242328676
0,0.31910932032932715
0,0.3181357135913628
1,0.46763583527736835
0,0.692412172406734
0,0.6306045614168341
0,0.2872672326826126
0,0.768685415530771
0,0.7598395383044805
0,0.8649812643186578
0,0.3167690415888384
1,0.491726636622523
0,0.3196422244329051
0,0.3074574413371443
0,0.31251488216909984
1,0.47902647181490965
0,0.4101556668819456
0,0.31404174508560784
0,0.40993738083968073
1,0.5808117484312085
0,0.7744290617152741
0,0.48877404101752564
0,0.8955925893777368
0,0.5735535111183252
0,0.31657868094865077
0,0.3011318662634475
0,0.3247054679119876
0,0.3178750233022181
0,0.8314387387962917
0,0.8234764159049014
0,0.31478563458414177
0,0.8234298194269474
0,0.6484987374722982
0,0.30864121953106166
0,0.29310029726438114
0,0.3185524318990952
0,0.31755571751273287
0,0.32005395529431985
0,0.48016074877991827
1,0.48520750255889833
0,0.4092379615629904
0,0.4772604120823862
0,0.3219686634463153
1,0.6761092646613849
0,0.3103843159889086
0,0.3200412223448053
0,0.29027670661450583
0,0.3191800961880328
0,0.8502539704883402
0,0.3011770124836589
0,0.31390818465604453
0,0.31654059382518435
0,0.6519596834498427
0,0.3179484329804832
0,0.3277260397877496
1,0.48541455572950565
0,0.48268338663327365
0,0.6453855454411853
0,0.29728700656270507
0,0.31191773281637375
0,0.5771941094425459
0,0.29746933940339754
0,0.3081100855975826
0,0.32298580106443175
0,0.3196422244329051
0,0.6388565445192688
1,0.4922511184500118
0,0.3190225998832153
0,0.31507235938133
0,0.29782773685808533
0,0.3236739683925652
0,0.30455769329335886
0,0.30021524624821105
0,0.6410592809988074
0,0.6514515996139278
0,0.5972845139963958
0,0.3201051703483257
0,0.31056518767059965
0,0.31114174883451007
0,0.7151208529601059
0,0.3142496449997392
0,0.31287861717403903
0,0.43720710104529514
0,0.4826121472895491
0,0.3299536275206994
0,0.3145415889429503
0,0.3115223822798491
0,0.3243742928370636
0,0.41111706846345936
0,0.6725281708763766
1,0.6489814061069435
0,0.5787777730099569
0,0.5777386981403759
0,0.3202643379482007
0,0.8128611828160881
0,0.8385960590410118
0,0.3203478350340785
1,0.758007059236762
0,0.3183985839377657
0,0.3144763236390166
0,0.3075646458504081
0,0.6913218489959145
0,0.29751328329235216
1,0.6478688338456745
0,0.4751487338962106
0,0.3094768016641829
0,0.2971551927042557
0,0.8298206133695062
1,0.48778025087982835
0,0.31233827768777794
1,0.9185178886304112
0,0.6647216405488284
0,0.31332687041001944
0,0.3012858123776707
0,0.3092455825471769
0,0.9008303390795409
0,0.2873307512403592
0,0.2993253378124944
0,0.30374577248575
0,0.3030196857930754
0,0.3068130208104645
0,0.28237114216779424
0,0.4111465536687767
0,0.3134646856149603
1,0.48240055758539574
1,0.4951910993200505
1,0.586591033837089
0,0.29241606767404066
0,0.7258820222090736
0,0.5577747845909006
0,0.29764016567174406
0,0.28562628968609055
0,0.31712911154231554
0,0.8097492449897825
0,0.3086661182778198
0,0.31912778722437846
1,0.4898861426678526
0,0.31162999205239483
1,0.4767463131421024
0,0.2975133168095296
0,0.3261381825547058
0,0.32000642628490106
0,0.5841119814862036
0,0.31021972694646777
0,0.4919107689301196
0,0.3154471260811854
1,0.48130256553859696
0,0.307386340752391
1,0.577331245247887
0,0.6877300689470444
0,0.7228567108544797
0,0.3220328032815856
0,0.31155907240042097
0,0.24082429560008722
0,0.48053035044296766
0,0.8022530495448632
0,0.3354503626007589
0,0.5806317058798199
0,0.3154051525670017
1,0.872490273266763
0,0.30540459421244526
0,0.3227407332461404
0,0.48237126490633525
0,0.31561476797522203
0,0.3127050857875531
0,0.29939445993756103
0,0.3234960170702507
0,0.4827274054053767
0,0.3104276963717085
0,0.3131481761271684
0,0.6633273029083175
0,0.4096547920795312
0,0.5776232810109498
0,0.30021477112105643
0,0.6453744873700561
1,0.4761546624018926
1,0.8496107636683967
1,0.6885578665226344
0,0.31943968385653587
0,0.3097125273315234
0,0.8293589132803743
0,0.4111272287700767
0,0.4701474661775338
0,0.3094969828087628
0,0.3194441749194949
0,0.2865506144484596
0,0.30272281901954
0,0.28233612446634876
0,0.5849538706919453
0,0.3160384957503244
0,0.3146557122990796
0,0.8197609587019552
0,0.6843716148840363
0,0.31757754662720167
0,0.30458937186772633
0,0.32891403126982194
0,0.30925241200587483
0,0.31852811156897526
0,0.4791820054250053
0,0.40993738083968073
0,0.3116211807693104
0,0.29996923560546374
0,0.49289487393961634
0,0.3064595207210517
0,0.638096176928491
0,0.319586912533431
0,0.31848749087021594
0,0.3166073793131763
0,0.30200988373786003
0,0.4941567319412662
0,0.6377180738461307
0,0.7503457973311776
0,0.3211144196739857
0,0.3177354934064876
0,0.28795892215517405
0,0.32339736651155776
0,0.306548534908254
0,0.3184615230615903
0,0.4084639857180266
0,0.8148241062856038
0,0.2984985273163184
0,0.45782508465514615
0,0.3172450527203794
0,0.3170198445910189
0,0.7455757189826395
0,0.28562382518578583
0,0.3063784128127471
0,0.31846720548218865
0,0.32990286411785386
0,0.6497212590492624
0,0.3107370919910042
0,0.321341349872013
0,0.47477158001864656
0,0.30733153750183595
0,0.30130971819706703
0,0.4516332240047486
1,0.7241235746814282
1,0.5604448391671074
0,0.48955453828212153
0,0.3218917118796496
0,0.32016638482159865
0,0.30066222988477365
0,0.3123049706007086
0,0.3099587586304339
0,0.3167499232165659
0,0.6877754004494063
0,0.3124848629472275
0,0.3196769398859672
0,0.3045124337958429
0,0.2681652098647427
0,0.2902197367490654
0,0.3236036809576021
0,0.3163069126620247
0,0.30695631928033756
0,0.3086514611864931
0,0.3169757163250022
0,0.31334583579767017
0,0.30530652073937387
0,0.31228612612180773
0,0.31597155840644026
0,0.7738843498059585
0,0.3106845832979052
1,0.48366089053362477
0,0.3195987336705561
0,0.30919926646338947
1,0.48728526369772185
0,0.8021003127046764
0,0.30782378426504337
0,0.48509185977039887
0,0.4165032952111576
0,0.3131799931476956
0,0.29627682193399274
0,0.31311693451633804
1,0.47325794842711694
0,0.32188234276662603
0,0.3280813745140797
0,0.3191523693220601
0,0.5822647766907703
0,0.27202785225526716
0,0.30722082903501463
0,0.4837202806177193
0,0.31498641419132584
0,0.31786508214707343
0,0.3082975029979136
0,0.31806489688166406
0,0.2947998180387973
0,0.3074568423868917
0,0.4816737036686171
0,0.687115167266016
0,0.31635453682844994
0,0.5861047802816807
0,0.5725521534827402
0,0.27612757088125917
0,0.4723219271040605
0,0.3092455825471769
0,0.7038000094590399
0,0.6402056511891819
0,0.31029104532188695
0,0.3164356335776566
0,0.2992404821030157
0,0.32822644507600135
0,0.7042373217391897
0,0.5765233498662325
0,0.40962176725848326
0,0.412090162829478
0,0.3240577061627543
0,0.3146889447242555
0,0.4837846679194304
0,0.8496607168787044
0,0.3174834849481227
0,0.4128789719432876
0,0.49821846390273916
0,0.30950084858102767
0,0.30864121953106166
0,0.47466645836161786
0,0.3816701375838681
0,0.31270224047794426
0,0.6932602256456628
0,0.33421626930980897
0,0.3217208636996404
0,0.6846475984732515
0,0.41103162058856774
0,0.6488301694992998
0,0.32333312238010464
0,0.7855102246941067
0,0.28778594716820743
0,0.3122738980473577
0,0.3109101089007505
0,0.3226941936285416
0,0.46646755157961445
0,0.32486294229058305
0,0.3164356335776566
0,0.31962796153352846
0,0.31894183560099093
0,0.48326448945978806
0,0.31411606947917015
0,0.6369983274892077
0,0.5820778824719861
0,0.3101210273085585
0,0.7736720880811969
0,0.4755405515188043
0,0.6835502612689158
1,0.7083950570850001
1,0.5715952038596341
0,0.3186103119945422
0,0.4656196638418972
1,0.6550330596673647
0,0.7790819603660508
0,0.7803341772274525
0,0.3274071538937121
0,0.46967240810996896
0,0.6891514745512657
0,0.31367247374098256
0,0.7231993550553243
0,0.30991377768166045
0,0.6725281708763766
1,0.48213145842667426
0,0.3099421362781264
0,0.3212548645778971
0,0.6199169008684082
0,0.29405046240052785
0,0.32056567077114817
0,0.31803528891557886
0,0.2975329877217447
0,0.32973407251873305
0,0.48957363448279656
0,0.32048227855636297
0,0.28873267035289174
0,0.8365909878008534
0,0.3227985202365668
0,0.5937398084473653
0,0.3220288657670996
0,0.29610306906816614
0,0.7130622200258361
0,0.3197923276895225
0,0.8504565318866335
0,0.33160443397287254
0,0.683341264260651
1,0.4715536481310229
0,0.30631049755562006
0,0.4755068003059779
0,0.47975846015608087
0,0.4802760026029972
1,0.6488654193242824
0,0.7332713425221634
0,0.57958761917776
1,0.5643398708178673
0,0.47773681497679127
0,0.3596531435415086
0,0.3159348318261143
0,0.275174465297385
0,0.4782933436262494
0,0.3135957886492685
0,0.32541683503828506
0,0.41253038893018346
0,0.32347144956427737
1,0.5701696061720769
0,0.6197395574538627
0,0.6126056582017203
0,0.4112378556114496
0,0.718284054408134
0,0.3242075306854515
0,0.4716354527449551
0,0.3246965932711726
0,0.3184835462843463
0,0.45015174529162383
0,0.3055952651823017
0,0.755631832364026
0,0.31253731739734086
0,0.6457353884615031
0,0.4908751951601462
0,0.31954074335091814
1,0.9059077077186369
0,0.40962176725848326
0,0.316599209463808
1,0.5832876255862239
0,0.5756114441612061
0,0.46339991142307685
0,0.4113944677179684
0,0.3294891710536562
0,0.5676419368681996
0,0.3112913946982787
0,0.4844169187464986
0,0.6719215504842561
0,0.32014755238221154
0,0.324322884085565
0,0.4642530834688863
0,0.4793687649870752
0,0.31176741793816587
1,0.48992264240254807
0,0.5603068940166308
0,0.3193613634778211
0,0.318658367087266
0,0.32351327507589867
0,0.30102961289199426
0,0.803295614639985
0,0.313445091300709
0,0.47247878382953873
0,0.29077276024203125
0,0.6267987325136474
0,0.3143314487457626
0,0.33864824238883706
0,0.47741975763265676
0,0.49151958463230455
0,0.8689899184266343
0,0.8906599956102417
0,0.3179072907261159
0,0.32164466104299505
0,0.6825710203125096
0,0.7349524324432009
0,0.3233757367560757
1,0.6846722995012283
0,0.6864625784717319
0,0.29867873685356267
0,0.3178914190380786
0,0.29497925358459043
0,0.3222950826795185
1,0.4877049361003172
0,0.2996078396343966
0,0.31311406640291556
0,0.3240796760975186
0,0.31958227098867786
0,0.29797671322817676
0,0.3024932085575595
0,0.32507878880558494
0,0.48139622339780064
0,0.32299448546242887
0,0.3088418556898054
0,0.32159836236898964
0,0.31369535931710196
0,0.41088203501362863
0,0.31836238904932335
0,0.3219582382317047
0,0.29827342384722527
0,0.5858303760999707
0,0.30775654734772023
0,0.30515031460424336
0,0.8308627082676495
0,0.9243907987940099
0,0.48625744254516035
0,0.305823881755571
0,0.47973093297487734
0,0.2975366130911996
0,0.312834100235727
0,0.2978120569581164
0,0.41184616359417503
0,0.4873162738049504
0,0.29494185590738775
0,0.46686345421675723
0,0.4822216120784807
0,0.582372094894271
0,0.3213712343758405
1,0.4839359000596643
0,0.31453583446842487
0,0.4774031083472129
0,0.30939758107762994
0,0.5824008137668496
1,0.48254074923982493
1,0.48055326022931977
0,0.8373657869725897
0,0.30214745063370935
0,0.5728648775122507
0,0.31177168164750896
0,0.33252519296046457
0,0.3191924785185505
1,0.4747804412279832
0,0.32012856173087034
0,0.3077174532331735
0,0.31585297300836873
0,0.868669290841516
1,0.4736693007036499
0,0.31586715961310546
0,0.41111706846345936
0,0.31287009638466423
0,0.31264966884860373
1,0.4531516729517445
0,0.31774480489181167
0,0.31158117331229507
0,0.326681602614046
0,0.33083112395606235
0,0.47931349997439565
0,0.48010091074850786
0,0.6465775782676478
0,0.31925941286579684
0,0.31944562679929317
0,0.301522698539853
0,0.7659984084904163
0,0.31436931677801955
0,0.5611779961815404
0,0.32696045368928445
0,0.6321363593852121
0,0.48557194822235367
0,0.7097175685636672
0,0.835138455304373
1,0.4770167970633452
0,0.464354129125285
0,0.31096221656825274
1,0.90733613260136
0,0.7373466971683192
0,0.31007843903529436
0,0.48425638528523174
0,0.6413693442785334
0,0.30510133148411267
0,0.331372812703316
0,0.31939146274271685
0,0.6902660777107172
0,0.4091945259734315
0,0.2907654667866914
0,0.3245034230593624
1,0.6923425508817994
0,0.3069589403901814
0,0.7133694519551255
0,0.3207022213211578
0,0.6861973877371875
0,0.31488821365592096
0,0.48728052791306814
0,0.3260230914523186
1,0.48074751812984323
0,0.3101493298496336
0,0.3051338435561185
1,0.4759004187230151
0,0.3104563104988517
1,0.6912163314312784
0,0.32943859968926864
0,0.4787656526565856
0,0.325463065512754
0,0.31004055405303904
0,0.31178378182947153
1,0.47042771743726913
0,0.32151675748813413
0,0.4117590216247959
0,0.48080441459284384
0,0.31442238001191736
0,0.31776567152722024
1,0.5682866113748644
0,0.302468299869802
1,0.47581323183096674
0,0.3109029972152538
0,0.483473006945779
0,0.835902364569153
0,0.3190349472408162
0,0.5939838275839138
0,0.46974980331488275
0,0.3155933333152287
0,0.3315531456228344
0,0.3035468400794625
0,0.2984242026775595
0,0.47775764922573166
0,0.8074821333044594
0,0.6466852184052949
0,0.33422411940958213
0,0.3069873651490524
0,0.3168482000914264
0,0.3179827199060577
0,0.3214460171060729
0,0.4832921760171178
0,0.32758170866553776
0,0.3175256984237036
0,0.8091452831412419
1,0.47748206514238833
0,0.3162784523442721
0,0.34260794512104564
0,0.2994776610453226
1,0.479197935605958
0,0.31751740636673204
0,0.31712426490366485
0,0.3129592735431041
0,0.5591875180101916
0,0.4888064439137896
0,0.637701365428134
0,0.3183367887311801
0,0.6785303441337576
0,0.4781392100737435
0,0.47605552301979215
1,0.6400327442942734
0,0.4994139121645658
0,0.31147846943669966
0,0.31059964485487895
0,0.3014685189399305
0,0.31850419197575985
0,0.2948065849485809
0,0.478488956878012
0,0.5706170361044592
0,0.32268261752801414
0,0.31984433359842124
0,0.23098026239785335
0,0.3297839739717396
0,0.5954876860709899
0,0.3015044583814174
0,0.30274185360558764
0,0.47168639718877015
0,0.31707322343097416
0,0.3254805355338199
0,0.30175802858374606
0,0.6385319718816337
1,0.6945521314485039
0,0.6953362039921235
0,0.3249061748429479
1,0.4918294774665042
1,0.5068661973241657
0,0.32124487308901906
0,0.2976986076820924
1,0.46272380243837846
1,0.48211520832701305
0,0.4105317622992519
0,0.48131134045255414
0,0.4404667312765372
0,0.4809987144987699
0,0.3149475441179773
0,0.48813261362603355
0,0.30113588328057894
0,0.3055545752204724
0,0.30864121953106166
1,0.4768962560865796
0,0.3254921240722304
0,0.3010161187671843
0,0.2902834106414004
0,0.31092584774495186
0,0.466579774782671
0,0.5635524163972085
0,0.4874003547068488
0,0.48015301618957384
0,0.3132584138280477
0,0.31989358275129864
0,0.31659261543858547
0,0.3171918150384996
0,0.2980326226233717
0,0.8406720615204769
0,0.29760440710323927
0,0.30406192846677865
0,0.7679401367788826
0,0.3069873651490524
0,0.4048049420036618
0,0.3036842483784818
0,0.31001050125998547
0,0.6306106837775267
0,0.32339736651155776
0,0.6630033161799935
0,0.7173136581297682
0,0.47187107018132307
0,0.31056518767059965
0,0.3148566779782605
0,0.27350583906537507
0,0.5886083528360992
0,0.3049196538290045
0,0.29251253460713095
0,0.2838966651150457
1,0.47547454625885466
0,0.47349171677399843
0,0.5769463166857751
0,0.572471374482339
0,0.32075919794527374
0,0.3221602376713856
0,0.30619596161007834
0,0.3065549277630446
0,0.7247483715659477
0,0.3075709960961308
0,0.31087788672724986
0,0.3134935341970808
0,0.30213826605790217
0,0.3047141159215028
0,0.4828107968709461
0,0.3188047178817916
0,0.3065720963446613
0,0.6156764655366987
0,0.7249889029248231
0,0.7611118076602036
0,0.6470285154969242
0,0.32320917447157893
1,0.4823168850775541
0,0.47356244738072567
0,0.3164172283750081
0,0.31409880466326295
0,0.309038802363535
1,0.590410322926738
0,0.3283303576190404
0,0.3055460423655833
0,0.5725445105875374
0,0.31718138090593717
0,0.5700834560225329
0,0.3161272936331931
0,0.3123902667875939
0,0.4627642040989706
0,0.3052726609202161
0,0.3139493778102636
0,0.8061394370308582
0,0.3132550097755725
0,0.47897461731477986
0,0.29615388041839263
1,0.4661995962905431
0,0.3097141240686869
0,0.3128378376150404
0,0.3017201752964807
0,0.30338017318036364
0,0.32124487308901906
0,0.48485635971758356
0,0.31843240305250703
0,0.4639175282491961
0,0.3048766686242938
0,0.31700370761504987
0,0.42593054167563676
0,0.5768442672582095
0,0.40993738083968073
0,0.3151082918108778
0,0.44058350560987114
0,0.3091441047516915
1,0.48715743179081356
0,0.4812344834474703
0,0.41059374918119784
0,0.3283719575561108
0,0.3197993139903011
0,0.31673760398207806
0,0.2978209111781772
0,0.31743097789126234
0,0.33998452075588215
0,0.4714007982912455
1,0.47138538673676034
0,0.2967718542430801
0,0.3207828293914654
0,0.2659417478074996
0,0.7580127109797716
0,0.31249298624738214
0,0.573934113678828
0,0.1475601300782393
0,0.31409510409266095
0,0.48096664152531016
0,0.5600211298630964
0,0.31501971215042773
1,0.40718280531992035
0,0.31593684324270593
0,0.29755865345234495
0,0.3190668511681094
0,0.5852025546957774
0,0.33017999151874067
0,0.3006525716830894
0,0.8714285050098646
0,0.29769097063489897
0,0.32573536110801715
0,0.30864121953106166
0,0.3284266171707511
0,0.26830575869836193
0,0.2955849212414403
0,0.32033025254797204
0,0.30669511650645026
0,0.3243249998031852
0,0.3151484409624389
0,0.29601718727995585
1,0.4812327213796815
0,0.6524695203886962
0,0.2948725219105893
0,0.579909323138859
0,0.3016038385186067
1,0.6462584559670151
0,0.3131184757604231
0,0.32156296819176755
0,0.7020128076377109
0,0.3348774045798057
0,0.31129861107287926
0,0.4761113933064796
0,0.5759633257724733
0,0.47760609393949366
1,0.7744938423641649
1,0.7418386784587269
0,0.3136047124335944
0,0.31462824450018156
0,0.31451798505286227
0,0.3027629324421945
0,0.32083157089588976
0,0.475904304013982
0,0.31677448833524413
0,0.31733076161596147
0,0.3124290044806365
0,0.3158327882000345
0,0.3216535604230278
1,0.8711603504550592
0,0.3133231282200232
0,0.308845145721457
1,0.463064441428444
0,0.30343011620351107
0,0.32310604795612713
0,0.3084427821099779
0,0.5049859236177207
0,0.2947760358110621
0,0.31683267590339664
0,0.3152805390984152
0,0.8062714987270585
0,0.48064389500435
0,0.6643033571493479
1,0.686608419825466
0,0.6869154596098717
0,0.31154723671679935
0,0.31804045208356996
0,0.3275722595564247
0,0.7561433436654317
1,0.47373704120533644
0,0.7743815900060652
0,0.30535457283363815
1,0.47987925471850357
0,0.3149438992435826
0,0.2940745430609258
0,0.4442298807295984
0,0.3323712153668523
0,0.8243790737620356
0,0.7275612873570524
0,0.3076919416626134
1,0.6491852636058556
0,0.3197640038095641
0,0.30200257564680927
0,0.31739344808107395
1,0.8911770732043977
0,0.3015296616301135
0,0.3186273521305333
0,0.3224648713630289
0,0.4643495184384792
0,0.3072707932146683
0,0.3172798417890861
0,0.3041597643916355
0,0.32035344752420275
0,0.3256040798223904
0,0.32367164394375436
0,0.4837272487575547
0,0.312614354033772
0,0.4078503795786102
1,0.7135845350434531
0,0.31846214234084
0,0.31905876535450284
0,0.3044471652931129
0,0.3198523661806155
0,0.31693778099388636
1,0.47041928035030545
0,0.3278850553454114
0,0.753480284049026
0,0.3012858123776707
1,0.4076722811714024
0,0.4871117048023089
0,0.32073127890337166
0,0.31284454552453234
0,0.3184199435019185
1,0.4022640260568297
0,0.3155892196413032
0,0.461623545345373
0,0.32678536023391586
0,0.007367289111498972
0,0.31843809017920705
0,0.8442449946034559
0,0.29398182111888177
0,0.31253131795248307
0,0.31277357263482886
0,0.30233891465553403
0,0.3120330815208858
0,0.3185946895427472
0,0.3190125020757382
0,0.8003050774464158
0,0.2905940847773775
1,0.692873804938059
0,0.6866008121170312
0,0.30463140161362506
0,0.6991221926096723
0,0.3171651126797962
0,0.48754601898196487
0,0.3203248773771282
0,0.29590687779621666
0,0.3170703481988569
1,0.5844488015354569
0,0.31725086508525063
0,0.5780363041964154
0,0.31698406320119094
0,0.48792984301992
0,0.3008605283492799
0,0.8446653668120946
0,0.2959447973162169
0,0.3171272015131108
1,0.48706187367919995
0,0.3209832220002057
0,0.31056518767059965
0,0.3107606941631796
0,0.3081652131972211
0,0.6391310161569519
0,0.31825573484537023
0,0.48135980290920083
1,0.7317188205211614
0,0.3017112848329403
0,0.30365119859042916
0,0.4838202380985842
0,0.31232174470935625
0,0.2915451842502113
0,0.32423808500811313
0,0.3200589851594938
0,0.32018934718245173
0,0.32206838556552375
0,0.30332768382153497
0,0.31675384312906407
0,0.2855178433614059
0,0.2956149224470828
0,0.3234879930440295
0,0.2995573137248703
0,0.3173817985143421
0,0.31204616779206124
0,0.7456678418294111
0,0.8898703228954132
0,0.31258721915185733
1,0.6626369134052819
0,0.3329284731136172
0,0.2953047076999237
0,0.31947071352029704
0,0.29635102503500016
0,0.6676280221487372
0,0.32308148420941246
0,0.31130119806947565
0,0.48751707691244955
0,0.748775334901112
0,0.3280344397691228
0,0.3064907117607311
0,0.6648687930223655
0,0.7409501501152598
0,0.31042063301655864
1,0.4843217950227947
1,0.47002960607016725
0,0.3202962762684496
0,0.30752736427123273
0,0.31945784852539344
0,0.32666517315577975
0,0.3140141056286177
1,0.48675118585762595
0,0.4831785330138709
0,0.7830714009093477
0,0.41108187888153286
1,0.7270567630230338
0,0.6577973002090046
0,0.3208594774885921
0,0.3123935944856154
0,0.8882304921602019
0,0.30345642076575613
0,0.5583119561254652
0,0.2970662689856738
0,0.2995518349107794
1,0.6308744860463285
0,0.2861941185103057
0,0.3086639837819472
0,0.30764411639534517
0,0.30256824661563675
0,0.32433526098171456
0,0.8095418248464382
0,0.284475949880119
0,0.4748558501152881
1,0.576175025014551
0,0.6303441499921922
0,0.3242122028348559
0,0.31779159346531305
0,0.32501201896634857
0,0.3347700069503891
0,0.32070851724684396
0,0.6485604917304718
0,0.3386249580870321
0,0.3261381730659266
0,0.6307919249045287
1,0.48091235885666606
1,0.8224190955317633
0,0.31130119806947565
1,0.580302384977009
0,0.4658733514419184
0,0.29560259971644726
1,0.5692368538913093
0,0.4085826129018792
0,0.3343579297757292
0,0.309716594536209
0,0.5433893915551616
0,0.32993587742728453
0,0.3144078861203301
0,0.3024585146937224
0,0.322563874177373
0,0.30047981503709503
0,0.476864375710281
0,0.2993985225662137
0,0.31187202882115334
0,0.4645555257954146
0,0.3121706877710714
0,0.47450052616391214
0,0.4850225586000984
0,0.47291335900362846
0,0.4733461268161082
0,0.3254078933455431
0,0.32455410989592365
0,0.46595214192479156
0,0.6407534323928782
0,0.555687317815131
0,0.2973081561688819
0,0.5766552853463431
0,0.3147798897932175
0,0.8944109610432326
0,0.5771288565105258
0,0.7433997471589839
0,0.3259876914400363
0,0.3226054471545264
0,0.30757505776092103
0,0.2661973415320195
0,0.3205467863822675
0,0.30924528120509714
0,0.3255151405663906
0,0.4811460421721184
0,0.5826090977963444
0,0.48455574014104913
0,0.32164013643263983
0,0.4613547449834486
0,0.3174967310408281
0,0.7201081037599549
0,0.41057753768872085
0,0.30984802741755185
1,0.6431678807461555
1,0.8169569633676064
0,0.6423923095084616
1,0.48326778204184506
0,0.4799498155080349
1,0.6413677599739125
0,0.3026119015249758
0,0.8903360325025745
0,0.3116214763868815
0,0.6713751687352447
0,0.6713250384960893
0,0.5817956162611511
1,0.7746933997808179
0,0.3216676909114914
1,0.7855714548550288
1,0.8246074263530294
0,0.31119914249187663
0,0.4338908725499176
0,0.3231490679509328
0,0.5838268752382387
0,0.6423207654626512
0,0.6566699559642695
0,0.3231290387454017
0,0.3011662532918762
0,0.3156341237703878
0,0.3208545669052042
0,0.3192057887183539
0,0.31029104532188695
0,0.3191348517123325
0,0.29781952616392376
0,0.30720160441868644
1,0.8991930164319768
0,0.2600787726074887
0,0.30074280501121825
0,0.48200607060018275
0,0.32148117673331267
0,0.47329100531173224
1,0.36994019081223317
0,0.31012668124493187
0,0.31314338764821315
0,0.5770282479451716
0,0.48598533449238995
0,0.3103551688555055
0,0.31265442891237116
0,0.8816012935387443
0,0.4104281585709452
0,0.3120883990961995
0,0.31397369765670213
0,0.3254078933455431
0,0.33507881304840914
0,0.3172450527203794
0,0.31737819399176065
0,0.3068810774656932
0,0.3161012021984485
0,0.316930482684548
0,0.13746151743847132
0,0.3127066341988199
0,0.4060858167099875
0,0.31964070161281427
0,0.31290216132512483
0,0.6421308828659695
0,0.4750581670077134
1,0.4680443816990025
0,0.3207540662501087
0,0.4053035446091727
0,0.48182899768009685
0,0.5693606929292799
0,0.3118729671770645
0,0.30942126494717725
0,0.3055519341097817
0,0.3023635719355475
0,0.30862514641475963
0,0.7056600297389983
1,0.6126056188354134
0,0.5743345674194467
0,0.4585471162777214
0,0.9011598058222835
0,0.32096818345202666
0,0.31826570305646035
0,0.5574901579468223
0,0.6643033571493479
0,0.3066797228397525
0,0.28278778816151234
0,0.31761757675786273
0,0.3048019395534648
0,0.3189407989895458
0,0.6376940742546929
0,0.30692641902054346
0,0.31218526762113297
1,0.4762683013189676
1,0.7789199756632502
0,0.6484691686103946
1,0.47839303543308676
0,0.32192356504173075
0,0.5479888163759628
0,0.7880233133916845
0,0.2982410554938201
0,0.314730379053894
0,0.4808291135700183
1,0.8462983888076221
0,0.3044153147739321
0,0.2940290937454227
0,0.3204663367289762
0,0.646970859373705
0,0.47733100827921204
0,0.41657630073550367
0,0.31873818633914547
0,0.48107412890296924
0,0.7651418299047129
0,0.3158283186171774
0,0.3015461819994517
0,0.31385763586029836
0,0.12826854031728024
0,0.3070297426884801
0,0.29540822324126403
0,0.4771802271842226
0,0.5691192219841281
0,0.32775029500418684
0,0.31243352922802026
0,0.26267926036545336
0,0.3166560114397755
0,0.5634982131887825
0,0.3253487417237841
0,0.3205493338146082
1,0.6434693204172902
0,0.2985706514892175
0,0.3148324887995253
0,0.31692024774883387
0,0.3105351535562808
0,0.3008576340604347
0,0.29688858132462337
0,0.5757475322447739
0,0.3042304005780132
0,0.31945886476077323
0,0.32339736651155776
1,0.47802749839567216
0,0.3083248266481172
0,0.3170163722573972
0,0.5731031751555208
0,0.3173691229446872
0,0.3071015533863771
0,0.3125679115865574
0,0.3238753994739702
1,0.49175894537069575
0,0.3168473174424489
0,0.30864121953106166
1,0.8921081494991002
0,0.6814532055722781
0,0.8817762620699942
1,0.4816016919466232
0,0.3217518335844476
0,0.31943481405023594
0,0.48239796998513246
0,0.8399242474431104
1,0.40748863718589645
0,0.3134194130473269
1,0.6433402543884224
0,0.5796269360585824
0,0.30682014738098734
0,0.638992957412157
0,0.6289362625881245
0,0.4771393708487236
0,0.6456848865601091
0,0.7862937898614851
0,0.4695254235203647
0,0.31808715375062513
0,0.3217999574941456
0,0.3159350842926746
0,0.593412544472765
0,0.3312661080894944
0,0.3165404708079213
0,0.3235806723813107
0,0.31824065684084996
0,0.3207381929728752
0,0.3204679618089352
0,0.8524612283923917
0,0.13750172125762716
0,0.8179447681993712
0,0.6790564463329413
0,0.28187489173894065
0,0.4113944677179684
0,0.5674061346040963
0,0.31982395568914684
0,0.5759742465943071
0,0.307048610094525
0,0.3052680693102167
0,0.40993738083968073
0,0.3049125857725872
0,0.31213944948065114
0,0.4685283175272924
0,0.57286162808535
0,0.3012858123776707
0,0.2817435195332565
0,0.29202607638545175
0,0.31029104532188695
0,0.32847399509323905
0,0.31930729432488597
0,0.3163313903995635
0,0.575001270714857
1,0.4886932855203664
0,0.3083710553820573
0,0.5855159109951882
0,0.4822474457767126
0,0.3183926166261673
0,0.5667458434155607
0,0.3157544578089993
0,0.4776648637299424
0,0.658915761800209
0,0.30964519130531765
0,0.6960892407261494
0,0.3146520093053848
0,0.31257517749440583
0,0.31653044689061427
0,0.31791711186519656
0,0.3066214782846649
0,0.49752824334804757
0,0.2968729125952462
0,0.5635463084972259
0,0.30857566887984783
0,0.30361547514296316
0,0.29990834583805737
0,0.4603985331727443
0,0.5787130889660718
1,0.4825160043288028
0,0.476475113338874
0,0.4800691586446055
0,0.30192168360623056
0,0.3063071954159811
0,0.29164943438325697
0,0.6737892144030929
0,0.31744153318520757
0,0.3104290212279953
0,0.5754620162810528
1,0.5861048228438953
0,0.2996251360420631
0,0.5446496417635316
0,0.31118836412592443
0,0.46762670704438225
0,0.31539358608045115
0,0.32705362192660903
1,0.40361026217600027
0,0.31280841592453323
0,0.3207351770291047
0,0.31207564101176405
0,0.28979167241021647
0,0.31725786843040577
0,0.7353026165324303
0,0.4015176933439814
0,0.3088444928722026
1,0.4834863633918369
0,0.8476372040438022
0,0.3045608163899176
0,0.32137585813870545
0,0.30346588833954974
0,0.24355816895577748
1,0.5862190555684119
0,0.31537518936776393
0,0.30867747540030094
0,0.5898921925873294
0,0.4802404191803207
0,0.31530792877117325
0,0.30018274078539703
0,0.31714824531352276
0,0.3145398048709725
1,0.3438843082741456
0,0.3267481073778727
0,0.30192670649466896
0,0.5359418686403982
0,0.47818464449841663
0,0.31842804794898105
0,0.3233784346143196
0,0.29794010264762155
0,0.5887206164015275
0,0.30535682855956653
0,0.49151958463230455
0,0.3028810142263787
0,0.30882237583242506
0,0.3290995098110418
0,0.30252132305445806
0,0.4750655850844526
0,0.3228533046015476
0,0.31721115119885857
0,0.3092455825471769
0,0.7660594142775667
0,0.320657126152939
0,0.475930247781298
0,0.6378049485245493
0,0.6520380469421155
1,0.47821169472599323
0,0.28668320218562704
0,0.31995691708386315
0,0.2932275788297884
0,0.33101411551044413
0,0.4828144457997396
0,0.3150738784828618
0,0.30926316203139276
0,0.3092455825471769
0,0.30426519216039327
0,0.3293002601618495
0,0.3080181963682028
0,0.6913242230536751
0,0.5847846607286292
0,0.7822893784649521
1,0.6906201500536937
0,0.3269566642159234
0,0.5735818644340074
0,0.3272235976598587
0,0.5835718459781312
0,0.8234649962866295
1,0.7016819759384905
0,0.3120928455114768
0,0.336763996321521
1,0.484740599537134
0,0.3188440790183262
0,0.30445962001560195
0,0.3133440039885492
1,0.8564820706510407
0,0.31416993631598256
0,0.47928029452067805
0,0.556604412494179
1,0.7220539795169664
1,0.6567731225875181
0,0.5778676902335946
0,0.7868711894918993
0,0.30619794620041174
0,0.6636724972096049
0,0.29939445993756103
0,0.8469136467603884
0,0.3118775684931012
0,0.27330668132341884
0,0.4878414777691845
0,0.5833046986128455
0,0.4697281525871668
0,0.5887618297418793
0,0.47558650143919745
0,0.49364386730726817
0,0.7667055195027658
0,0.31712426490366485
0,0.4688561919658003
0,0.32398213797767644
0,0.31737123040972237
0,0.3239279887747402
0,0.48715946302638513
0,0.3229164733430168
1,0.3972424486918943
0,0.31253131795248307
0,0.7468700175956112
0,0.7574196118183733
0,0.3066842222432451
0,0.6951646281557367
0,0.6784058698551719
0,0.4889635863562369
0,0.31029104532188695
1,0.6860078371331645
0,0.6028022932828847
0,0.3088882808455498
0,0.40913125953919927
0,0.2983681544998917
0,0.30507247247201985
0,0.32102071221140066
0,0.7282633021355176
0,0.31005865275181366
0,0.314968389775741
0,0.5307689758744013
0,0.31253732613702484
0,0.24799520493374258
0,0.31791606399513317
0,0.3140527882371984
0,0.3134313658384741
0,0.7287795945937963
0,0.3124435181299849
0,0.6375339504804206
0,0.32047535214130496
0,0.6468199605247711
0,0.42552161950795525
0,0.32587060965602216
0,0.31912356426151073
0,0.3163412148160176
0,0.3180791082559175
0,0.682452318657741
0,0.32479291386126813
0,0.5668532480776837
1,0.5888870232729441
0,0.7390461033476952
1,0.5713480059958009
0,0.6537685537299243
0,0.6285052893082878
0,0.4096547920795312
0,0.3149588600947934
0,0.5751104984610224
0,0.31483511248805
0,0.33131396500765503
0,0.316354088810714
0,0.31850339677426703
0,0.2983638017303866
0,0.4668166678871401
0,0.3307700115559329
0,0.2495728736487462
0,0.4769433697656469
0,0.3189716208257376
0,0.3074648604130244
0,0.3264009989495083
0,0.48722844839044427
0,0.7348742429606927
0,0.41178706984406793
1,0.9355239305639393
0,0.3218069562057516
0,0.3177097049760133
0,0.30196578801075197
0,0.31329015524042453
0,0.3037514057129133
1,0.5870185854537217
1,0.48145445142802296
0,0.30855675762642554
1,0.4747774715491775
0,0.31712426490366485
0,0.31243238461571343
0,0.33478736782899343
0,0.31761130303981394
1,0.642035577464281
0,0.31809311337186
0,0.31234709238197766
0,0.32413418175265735
0,0.7134837842745495
0,0.47533938793256153
0,0.46163406428292036
0,0.7026984575164545
0,0.48592062366560884
0,0.32165667643392165
0,0.4886247570407845
0,0.2917943675958027
0,0.31847186548399964
0,0.318766002348383
1,0.5640170591888245
0,0.31551274008538127
0,0.4073179117009164
1,0.5786525312217254
0,0.3074516722320534
0,0.3166335935260769
0,0.3125263916547268
0,0.3182836696793545
0,0.30650765157025794
0,0.483905495847014
0,0.5577397928506926
0,0.3188299477387712
0,0.2895390090003218
0,0.3188579757707749
0,0.3102013994980479
0,0.46617247919731936
0,0.6411949993127681
0,0.40979345555708074
0,0.5870290351254621
1,0.475844330659317
0,0.3206257431448117
0,0.30742364180903115
0,0.3021301998624237
0,0.3068534001105672
0,0.7803028232026555
0,0.30864121953106166
0,0.8590045240074808
0,0.30361547514296316
0,0.30157909605750555
0,0.31294569046961956
1,0.6440657948351203
0,0.29487266701985815
0,0.30887025761206166
1,0.47828127345079924
0,0.8202257387115333
0,0.3112907941172895
1,0.6828395088146755
0,0.4768169080267232
1,0.6245307258762937
0,0.4694305552425231
0,0.4896466313660286
0,0.2994538156915089
0,0.4731385275359754
0,0.4125642129233586
0,0.319280516911543
0,0.30095857562697076
0,0.7979239420563433
0,0.2919227577249347
0,0.6943343999803265
0,0.8401078015783909
0,0.30223155386345046
0,0.27421047053124514
1,0.5879419959972759
0,0.3176486704965561
0,0.7391303132249197
0,0.5839033459789694
0,0.30901887896986985
0,0.317749621896756
0,0.47413905917430466
0,0.5598359810533013
0,0.577567649692881
0,0.31661370340009515
1,0.48288668178751476
0,0.3116733164564909
0,0.31054492589707855
0,0.47250375842099235
0,0.31056518767059965
1,0.7745543664906347
0,0.31750222268920486
0,0.3155289412404165
0,0.63078324678945
0,0.32077897370592673
0,0.30361547514296316
0,0.30474635470483713
0,0.4108623341749116
0,0.6947919644426567
0,0.47599682933781773
0,0.32229699076053636
0,0.31699553146433235
0,0.8271278486372122
0,0.46633759766539656
0,0.3034616918020986
0,0.5777794344397419
0,0.30692742045120064
1,0.7699144743292369
0,0.311492437246846
0,0.8400045306653674
1,0.650205098482725
0,0.3188317180326208
0,0.5744716013941384
0,0.31963927495318056
0,0.8397133118915515
1,0.47519954474478115
0,0.4627763918414576
0,0.28018305806229793
0,0.699843492985917
0,0.5647016282779728
0,0.3074764561808569
1,0.7219123341676111
0,0.40993738083968073
0,0.5814383267227461
0,0.683410411185672
0,0.2989506182136199
0,0.3067835990098459
0,0.47221663442357525
1,0.696911853159483
1,0.48533317898769557
0,0.3171152771854611
0,0.4810046640713939
0,0.3210648314411924
0,0.571719516216867
0,0.3223599407733758
0,0.7132453297750901
0,0.31705637423261834
0,0.3197675187234943
0,0.3109744342952612
0,0.4773811380802503
0,0.31510437903288185
0,0.3138935120497908
0,0.3219649800115938
0,0.3009985643479443
0,0.3083635097805302
1,0.49075379810630043
0,0.46623238732279115
0,0.49483059415199276
0,0.7766592350462329
0,0.4858078893647066
0,0.3302645873584977
0,0.3036312380715508
0,0.30814800953359234
1,0.7757327881102615
0,0.31538899744739657
0,0.32680786111788074
1,0.4929069325076917
0,0.3227135779901041
1,0.7108942325712291
1,0.5693857085404319
0,0.3122598761755421
0,0.4589878604969214
0,0.31095932956269995
0,0.4856093199339563
0,0.3166535016683436
0,0.3009153258745159
0,0.4708301997560135
0,0.5754050469688017
0,0.46905500337887
0,0.5867858280549922
1,0.8287173159006049
0,0.4556111485488691
0,0.31723610941163716
0,0.32098274910060787
0,0.3144434748318841
0,0.48826442674873005
0,0.3142495308875958
0,0.30128016192865953
1,0.643578212446183
0,0.4832921760171178
0,0.318998685130427
1,0.4853895796159644
0,0.4768690396164479
0,0.6724487131276744
0,0.31446559717714195
0,0.29363473638075116
0,0.3013443487200492
0,0.3202643379482007
0,0.3112403823050205
0,0.3177015856013294
0,0.30926920398424546
0,0.31505216292013716
0,0.47291204400815645
0,0.47947215837487867
0,0.31712699530576643
0,0.313710453610961
1,0.40361026217600027
0,0.32050444653661203
0,0.47293782758525105
0,0.5823281286877491
0,0.317162292893165
0,0.33096814622404236
0,0.48445043107526214
0,0.5616368166012489
0,0.324427641734434
0,0.5761058210217056
0,0.32869385361993964
0,0.4810506546454174
0,0.7868050309358477
0,0.3252000279094556
0,0.328998850693012
0,0.32690563760009617
0,0.3235679067810595
0,0.3042740171783343
0,0.33164265202619264
0,0.31922153921652824
0,0.31895093911003514
0,0.6332650357768714
0,0.32340535336947857
0,0.3184589419563997
0,0.311232152420584
0,0.7519792506682796
0,0.3117366475689529
0,0.2987883159094604
0,0.3151114365895956
0,0.315959650290272
0,0.3038277290422302
0,0.7240850731335748
1,0.4823090981017709
0,0.4660597975261403
0,0.475094080749307
0,0.6787643798206884
0,0.3069378254432814
0,0.4719374382823867
0,0.4119477773556582
0,0.21245397885880582
0,0.4874793577279307
0,0.33373222299833794
0,0.46240544669756095
0,0.6434003264222237
0,0.3175583638304313
0,0.8589762781462805
0,0.40993738083968073
1,0.7942583035964959
0,0.3163400356781041
0,0.3124070018321975
0,0.30864121953106166
0,0.315400566613687
0,0.13027916205587836
0,0.4733316260205658
0,0.29668237980078305
0,0.6521954847149029
0,0.32298664498890056
0,0.49179374834545825
0,0.7707393502383936
0,0.30995308376536257
0,0.30493719088571697
0,0.4789276288018941
0,0.3215370920418774
0,0.3055545752204724
0,0.46730799680472396
1,0.822807074821265
0,0.3231901999825763
0,0.4888723488461427
0,0.32336472241784864
0,0.5720728390557971
0,0.32245314634303035
0,0.4844169187464986
0,0.4793417790874157
0,0.3154691649543762
0,0.3233358827914233
0,0.3166569549661788
1,0.48643314997505777
0,0.4113860474604421
0,0.4730644737918739
0,0.480779887004688
0,0.31425552053297934
0,0.6191554127241127
0,0.33058931536033154
0,0.5986621964030376
0,0.6452359744603647
1,0.4846285348375923
0,0.3228425789413701
1,0.5734882937429607
0,0.7765607457567544
0,0.7186982189521568
0,0.4121096306203301
0,0.6028022932828847
0,0.31118114257580537
0,0.3063517670965205
0,0.4792116876936142
0,0.5828711892249312
0,0.8510218471053136
0,0.3198523661806155
0,0.8475764815994813
1,0.6760698858444605
0,0.46782501201258647
0,0.31056518767059965
0,0.31942859595310646
0,0.32399783386808484
0,0.3150790242255622
0,0.47042297845089254
0,0.3207022213211578
0,0.31884250304856143
0,0.32010236738474146
0,0.5796741117583906
0,0.2832989354484503
0,0.8622519845128763
1,0.4915253524470627
0,0.4119494113551954
0,0.32009443878930816
0,0.6636724972096049
0,0.32983085703239806
1,0.4888877072928672
0,0.5955307831528793
0,0.8395852052957579
1,0.6080051050884322
0,0.43131176000814453
0,0.3215961197493484
0,0.32932984949226574
0,0.5811959911028459
0,0.31306242410961954
0,0.30016445771475525
0,0.6917649734310064
0,0.7704945826587792
0,0.5730579058377823
0,0.613848436179318
0,0.32991574661951784
0,0.3209771943542737
0,0.3084104804427302
0,0.3256512243049764
0,0.292266541667993
0,0.4726380644501323
0,0.3194253154327698
0,0.3213884596709547
0,0.48066021555786115
0,0.6453503288615342
0,0.6435259986054341
0,0.5954876860709899
0,0.48251056859480135
0,0.6759391070115127
0,0.31017049050091283
0,0.3125320664515126
0,0.757143481318697
1,0.48499772680715
1,0.6448484960936655
0,0.5893609034883608
0,0.47008574223409266
0,0.7432713332168697
0,0.8400045306653674
0,0.4553806336225915
1,0.4769911662524564
0,0.29515552002582357
0,0.28274784065002706
0,0.6731926230051936
0,0.32357663824822536
0,0.7350057505087799
0,0.49166821343653144
0,0.2938006581290555
0,0.41084530672638986
0,0.3055263982400001
0,0.7552082332940372
1,0.5767251945726203
0,0.47839869729528034
0,0.3158694565470939
0,0.30237276777228417
0,0.322969853283869
0,0.322529980444074
1,0.4904761299817845
1,0.7499141556232195
0,0.31393255815496385
0,0.3185911406781587
1,0.6435967447455848
0,0.12888185139228658
1,0.5795541186142578
1,0.5699197340089395
0,0.3158381633598456
0,0.2953841277019875
0,0.30979544228328687
0,0.1351058227344756
0,0.646262631943603
0,0.3098037909160694
0,0.4900872823346633
0,0.7546173900207539
0,0.32482915703407844
0,0.3105699120682076
0,0.4836736917381366
0,0.4736750793094726
0,0.3082403513387218
0,0.31275234013398323
0,0.8505003739328748
1,0.5835463465770168
1,0.49035288935405985
1,0.4722315022457001
0,0.6839118887071317
0,0.3170520941103013
0,0.6813155324197178
0,0.3174711771630027
0,0.3058035075313679
0,0.41119343985562884
0,0.30337377387991044
1,0.8210470723164577
0,0.4060858167099875
0,0.7350122968391787
0,0.30833098126143565
0,0.6755307328728823
0,0.47488993371036137
0,0.4873208893694745
0,0.32288375252453805
0,0.3156406757436423
0,0.31537472621791285
0,0.5757908179742027
0,0.30902296839091037
0,0.6441070452764586
0,0.28928861930364547
0,0.3147652978044702
0,0.40894531449682403
0,0.3246187134779026
0,0.4589873406023787
0,0.29192979193283164
0,0.3076096293715056
0,0.5792643940520886
0,0.32237053809913496
0,0.7005089465646885
0,0.6232409786758848
0,0.32465499922999674
1,0.6557139091574015
0,0.31999100956217613
0,0.4768217493948837
0,0.47621678071948614
1,0.5868307486038841
0,0.5779766281778166
1,0.46206275416719844
0,0.48328903925389977
1,0.7810791598644566
0,0.6409255218708098
1,0.4704856318138211
0,0.4677418658269904
0,0.3199014689950466
0,0.41212203823991117
0,0.46892478971128704
0,0.31201917076828944
0,0.7033997162732215
1,0.5896925727757799
0,0.29637588358240846
0,0.2858193387159429
0,0.6881302098060529
0,0.5649268358204071
1,0.4804312650121822
0,0.4802769082316904
0,0.31505684055158145
0,0.31804146750235984
0,0.3092455825471769
0,0.31725394511615485
0,0.3171240725304882
0,0.2928576038009225
0,0.3170363968448917
0,0.3264876760468172
0,0.2913439760990027
0,0.30045827058539865
0,0.3122883636298906
0,0.2943379059195914
1,0.7264961121796023
0,0.4101620541973471
0,0.6936464830110486
0,0.6517053218548
0,0.3092434093698191
0,0.3131340006302327
0,0.3162316386227223
0,0.30644791239492675
0,0.40962176725848326
0,0.40962176725848326
0,0.30864121953106166
0,0.4239007823622893
0,0.6925765612827943
0,0.2944153034020783
0,0.6832379601232633
0,0.47534521027658644
1,0.584398996780578
1,0.48671253983515544
0,0.30855949592763154
0,0.47825599078602266
0,0.3180591293819245
0,0.5635128828346546
0,0.3175402426788412
0,0.32640066863351036
0,0.758702055238729
1,0.4932177045819736
0,0.5879612112791883
0,0.5862632744161426
0,0.3246813355252879
0,0.3266011804720903
0,0.3010549861632253
0,0.621675774862313
0,0.440167396489104
0,0.30757505776092103
0,0.3120463125835576
0,0.3160057216429913
1,0.4779205651503445
0,0.30421009840710866
0,0.3031545775769983
0,0.31032532184529316
0,0.4818461471472738
0,0.48452947032840027
0,0.31470327930248726
0,0.6325213287934186
0,0.49506136531595535
0,0.3392579683971454
0,0.24305731992125404
0,0.48191219832535886
0,0.5661931157702379
0,0.6456162857830535
0,0.2952542576097979
0,0.30864121953106166
0,0.41235908828295503
1,0.5684750382712801
0,0.46770808042771767
0,0.3139820313148193
0,0.31029104532188695
0,0.5272422928186813
0,0.32995969244159207
0,0.45289528545173807
0,0.4602548775696577
0,0.4670356528443657
0,0.3093095170408601
0,0.30772644474847327
0,0.3619158714672632
0,0.3213455652598497
0,0.3005273022339382
0,0.3179475340042721
0,0.3259446100789907
0,0.31798739500910167
0,0.29832579104055984
0,0.31751564477514743
1,0.6474823946836221
0,0.2996811392161989
0,0.562591873295418
0,0.29921060427464036
0,0.49658932326319627
0,0.31869405635087444
0,0.5657792782527967
0,0.5663353547021504
0,0.41135398804688383
0,0.8183501146176642
0,0.49041555913907764
0,0.757582185981382
0,0.8401078015783909
0,0.31888603461109116
0,0.8055659811991441
0,0.316948769724708
0,0.29793023939363267
1,0.5793157301850399
0,0.7819654905611979
0,0.3178092379599516
0,0.48187799332796055
0,0.47458105286803026
0,0.3177192690008534
0,0.3436572826303052
0,0.31565034061601466
0,0.5756488564845365
0,0.8960509119900507
0,0.3148657387539376
0,0.30798568611650634
0,0.4217428471189148
0,0.4426853739620233
1,0.40361026217600027
0,0.31219790690105603
0,0.3131893262235483
0,0.2929296538830675
0,0.3197062731747003
0,0.5579095517616586
0,0.6302801579611412
1,0.5743745148745973
0,0.4082349092925574
0,0.6595965470578822
0,0.32208879349038655
1,0.5670994733319203
1,0.8240492553101133
0,0.29803948943872277
1,0.6413622179935103
0,0.3126163277418403
0,0.48100929235397266
0,0.3248836414869238
0,0.48120462123945235
0,0.4755406786465125
0,0.31402648425596447
0,0.31480634655826334
1,0.47623053301286133
0,0.710706716580896
0,0.4867145873085905
1,0.482686122208278
0,0.3239393377782165
0,0.46029794203333135
0,0.3215976121759241
0,0.755600878325068
0,0.14015011176308814
0,0.49363166343359505
0,0.48547505362114207
0,0.323339007255086
0,0.2840489198514503
1,0.4686733401097922
0,0.31304164661317535
0,0.6920313284158025
0,0.6464641776467748
0,0.31619141241137344
0,0.46572954391310584
0,0.3000785416863152
0,0.41103162058856774
0,0.31775012019692356
0,0.3166197935705126
0,0.30189284894233614
0,0.31936597020418167
1,0.7183262623924586
0,0.8486158274658009
0,0.314416179806874
0,0.31451010733017815
0,0.32238647186916664
0,0.4716990720307846
0,0.5811187541704034
0,0.31653567551330164
1,0.6514640941462226
0,0.31086640757451056
0,0.31238998981576355
0,0.4101133629739654
0,0.4934066293970102
0,0.8125420969078313
0,0.31544855062997534
0,0.3092455825471769
0,0.41217011306606766
0,0.7578019470416852
1,0.726606665409652
0,0.3116484194402132
0,0.3167900981584009
0,0.31571999578324744
0,0.5897114046303856
0,0.6650201778739746
0,0.8683437115869618
0,0.31712426490366485
1,0.4894958636520786
0,0.5865861719927521
0,0.3174551618870075
0,0.30232892073007867
0,0.3080892511460219
0,0.31399967103571813
0,0.32095721556172035
0,0.7235360177909976
0,0.31492519943596997
0,0.3258373206242426
0,0.31841702474964534
0,0.324423621379853
0,0.3221774682484914
0,0.31029104532188695
0,0.3246851955276338
0,0.3098605962690057
0,0.30652579288616894
0,0.3171644330631621
0,0.31056518767059965
0,0.4120304784788679
0,0.31205411343902123
0,0.3104736542437404
0,0.643386345536071
0,0.3246257980311866
1,0.4782361687635153
0,0.6527813783148549
0,0.5684953008052573
0,0.30862767147709574
1,0.5894686172720721
0,0.3027957683874563
0,0.32016638482159865
0,0.482972850079816
0,0.3126683363402632
0,0.3077600519180742
0,0.7606724839958527
0,0.3196676825528031
0,0.3217715065768006
0,0.45962125993580866
0,0.3274319845860124
0,0.3179306276828482
0,0.6506844821773237
0,0.3039882593577469
0,0.29625841651605933
0,0.30157763479223326
0,0.2912195902505395
0,0.30836082600152237
0,0.5832459035731782
0,0.3172450527203794
0,0.4822611566612814
0,0.3013822066491884
0,0.30317929908227165
0,0.47629216842795213
1,0.48131986887698136
0,0.4571499757173233
0,0.48064057421103484
0,0.3017312327895694
0,0.4731070061091023
0,0.5590210661534687
0,0.3055545752204724
0,0.3057132541420873
0,0.32247376943871386
1,0.6768099331844262
0,0.31539064393173616
0,0.4732573273558202
0,0.3133141530896107
0,0.8754029861473646
0,0.31930729432488597
0,0.4797310612286229
1,0.829251641155361
0,0.4792811777917962
1,0.6388091323058831
0,0.2863164299967521
1,0.7246254962463609
0,0.846224777917968
1,0.643381770524168
0,0.40697522263175734
0,0.3187679851663656
0,0.48364402631127595
0,0.7842369002565068
0,0.32226908319394043
0,0.3256128001310861
0,0.3306666859552217
0,0.31548148904279105
0,0.48092311454298853
0,0.5655377362199665
0,0.29913910818886064
0,0.4750940579623494
0,0.3184660496548897
1,0.5787830283422978
0,0.3111744522834136
0,0.5661841885341016
0,0.3021178283851078
0,0.3213642136332041
0,0.31579206562583556
0,0.3110360007837864
0,0.4775870128061621
0,0.7957895883289233
0,0.4104281585709452
0,0.3025121354107732
0,0.3131238946674582
0,0.316946732880916
0,0.3234254337966304
0,0.5791091601772573
0,0.8463597719151732
0,0.30620968508241897
0,0.3101233619135499
0,0.7041915309763332
0,0.5859796799088616
0,0.7101622513115551
0,0.48464198671807696
0,0.40914098035007174
0,0.4779507098903733
0,0.3128451637716444
0,0.3179019185252089
1,0.7806327311183072
0,0.3162071183179736
0,0.3229987541870514
1,0.4917779818805948
0,0.6908679146739306
0,0.631359795126763
0,0.5707697095791993
0,0.3156713165508914
0,0.3056050480543585
0,0.320537240735428
0,0.4786271045705532
0,0.3119861887289674
0,0.8478379170851972
0,0.31993390640354064
0,0.3073610934765319
0,0.30871943361774024
0,0.6409944956502392
0,0.31809699390508844
1,0.6259781529152657
1,0.7410453957122142
0,0.29717792880416477
0,0.3189419395109632
0,0.3066078892182507
0,0.30924680057678067
0,0.3091981455135342
0,0.583961061167048
0,0.31201360184690125
1,0.5743834456619703
0,0.3164018190657951
0,0.2842969480927376
0,0.3073436709430239
0,0.5697405719403809
0,0.28903214171254077
0,0.2998438516030661
0,0.6486884409836042
1,0.5644486234596039
0,0.4775393139267203
0,0.6505149507147648
0,0.3090131061410984
0,0.317190561057931
0,0.32337569196835464
0,0.3132891605199678
0,0.3186134630626279
0,0.4781678497407444
0,0.2987778974380477
0,0.3135359994253265
0,0.3111840384815331
0,0.30864121953106166
0,0.443439300640528
0,0.30734469900332223
0,0.3170388909389805
0,0.3169122885514149
0,0.3128308824790113
0,0.3185036968739273
0,0.31296611523640644
0,0.5897265447105088
0,0.31104950264212045
0,0.6825113101705544
0,0.5519405778600038
0,0.4940932622736559
1,0.4684737324784511
0,0.3034710698602839
0,0.3170550278544863
0,0.8207749931794832
0,0.45597466752570026
0,0.30781773796153544
0,0.3210211105412618
1,0.6373600609035172
0,0.2956571266361869
0,0.48702216676341625
0,0.7488067883473123
0,0.2987948306619628
0,0.40962176725848326
0,0.3124661655797697
0,0.30853924584538445
0,0.2916135397085197
0,0.3003703992534096
0,0.30587601635813116
0,0.3248715940421567
0,0.33634809058680304
0,0.47316584474460627
0,0.47837361541542606
0,0.47681365776586765
0,0.3103576004525935
0,0.28956423874800047
0,0.31146753555277645
0,0.31060642303311103
0,0.7297982590719903
1,0.4957032261185364
0,0.3201381940376314
0,0.30860828340435315
0,0.31485673112187074
1,0.5694139131025453
0,0.6647216405488284
0,0.5250923032199931
0,0.7955053149420159
0,0.8055218445652518
0,0.3281575751249586
0,0.3113391725120958
0,0.48265875642160716
0,0.30246044524887655
0,0.32372809440086714
0,0.17953881058738852
0,0.2906364490976301
0,0.31891131922634286
0,0.561968992796669
1,0.482987877749982
0,0.4699724201538752
0,0.7026068463979753
0,0.3298061780214823
0,0.31978013497440866
0,0.6455499147134485
0,0.31030520210923884
0,0.3208990129339107
0,0.6322342595181959
0,0.7315932186191975
0,0.30558660412038813
0,0.3305332797208621
0,0.3199530151846634
0,0.31138763612474085
0,0.31087902536910417
0,0.3088711685019944
0,0.631439221143687
0,0.479977001107198
0,0.48083282974696107
0,0.4864080299005251
0,0.4779850071439146
0,0.3361412305885546
0,0.4882070988309699
0,0.31817663559310516
0,0.5798034786461539
0,0.30892000892882693
0,0.3120027495215133
0,0.32821029539852076
0,0.41431809178637935
0,0.29772819750880597
0,0.31877273819066343
0,0.30063711416305744
0,0.3187549715575117
0,0.7348937430513728
1,0.7757832695026244
1,0.48326327397479374
1,0.6515841257877729
0,0.7158368325084387
0,0.5760401965658457
0,0.31494802245145637
0,0.7277357153487105
0,0.3037899959548992
0,0.3216094456633089
0,0.4113944677179684
0,0.8123279735269606
1,0.7754270479221602
0,0.3194117073533021
0,0.41340971773794266
0,0.5817019919820052
0,0.1430187820091131
0,0.3198112842041206
0,0.5701505040835972
0,0.3096194576502575
0,0.3118398756851346
0,0.31765676687739297
1,0.4758201583321642
0,0.31627701074064846
0,0.3212637355480504
0,0.31399168186806803
0,0.30749569433147456
0,0.7049136458761239
0,0.3128687183858875
1,0.48523785469269004
1,0.6425139959309782
0,0.30071472727513426
0,0.31542071332160315
0,0.29867434646303875
1,0.7827295929154634
0,0.3077518770491361
0,0.31547716372325535
0,0.2974443099709258
0,0.13117434935363553
0,0.816295304336451
0,0.32050404490621276
0,0.32573536110801715
0,0.48320283277611725
0,0.3157430652630034
0,0.3200512520308512
0,0.31236096225717475
0,0.3055462138200693
0,0.30085168529113304
0,0.31842355738353145
0,0.5589437764897011
0,0.30118278009554705
0,0.31598613180868895
1,0.6254085554929217
0,0.47912320263141034
0,0.5738891325535675
0,0.5559528766159213
0,0.3110339652973895
0,0.4605022096044038
1,0.6892465485436824
0,0.573205837730641
0,0.7926879383607746
0,0.3046262853415545
0,0.12863519161943227
0,0.3263690318726952
0,0.4836288533099728
0,0.3122727766122394
0,0.7751032742718451
0,0.48154596009396083
0,0.3035410055903422
0,0.4121414555540262
0,0.3019637540635514
0,0.3090229088000895
0,0.4737477460668054
0,0.29974110015796
0,0.4757065874085851
0,0.28826635599263184
1,0.6907652665159235
0,0.31313385102417657
0,0.2971029778999816
0,0.31280475475290787
0,0.31617417197199105
0,0.3238650985330739
1,0.6549491382310222
1,0.48510046405703133
0,0.8395328976073799
1,0.5747157795214454
1,0.6488788471926762
0,0.43738038627265485
0,0.3163496956778223
0,0.3018257613213171
0,0.7228757007818921
0,0.5654615535354374
0,0.3228995905991115
0,0.31712426490366485
0,0.48107279009995246
0,0.7286206792682427
0,0.31710917484867024
0,0.5774575010737459
0,0.31550561884071565
0,0.41094041718822616
0,0.3174809792307062
0,0.7221084004819303
0,0.32489057965489804
0,0.687336043093688
0,0.459849086645731
0,0.304870085635615
0,0.3118211385916732
1,0.5734069159351523
0,0.1385089287231386
0,0.4769772657991122
0,0.3162461052229245
0,0.31797588081246125
0,0.3089977702397841
0,0.31029104532188695
0,0.3302322853259698
0,0.3167939028188869
0,0.3150189305746838
0,0.3264855573734235
0,0.31867896902344284
0,0.3098039120860804
0,0.574433254724775
1,0.8613074205343736
0,0.30989024802474374
0,0.30934193157755263
1,0.6204378237344885
0,0.48599217668815137
0,0.3247729569894896
0,0.48098120490824936
0,0.13968510038094678
0,0.29809384398465816
0,0.41239895783803004
0,0.7407529795606224
0,0.30576992446508566
0,0.31149840790452127
0,0.48342820540709824
0,0.5827708917848622
0,0.315348196696948
1,0.886000949084474
0,0.8538761579606621
0,0.5588381707097015
1,0.4793614846675469
0,0.4709508724138257
0,0.567361369557011
0,0.2886758825718842
0,0.30559850112228143
0,0.303279084286048
0,0.4101133629739654
0,0.744645471868898
0,0.31135861207946547
0,0.29748548398897023
0,0.3177146701594887
0,0.31700898639932024
0,0.31834578546597003
0,0.47214454325409577
0,0.29980606025773027
0,0.3041418335215852
0,0.2944716981785364
0,0.49135535356183474
0,0.8294133195099858
0,0.46769049617069125
0,0.41185793437317
0,0.4787171305674741
0,0.636533419995243
0,0.493355278338875
0,0.3213642136332041
1,0.4872951147243638
0,0.3153493645830422
0,0.3130667830032878
0,0.3099278514862467
0,0.30864121953106166
0,0.31298647642819294
0,0.30716829960990333
0,0.28675977875581943
0,0.28393533310910174
0,0.6341511032239341
0,0.581876787409759
0,0.2839245697564249
0,0.642705296402194
0,0.29521814207360236
0,0.7823863338208404
0,0.47987175227687334
0,0.6988522401637522
0,0.31584391642951243
0,0.5782703434519374
0,0.48500153351297703
0,0.32013678192127587
0,0.7345753156622034
0,0.3225511398060242
0,0.31653429846211767
0,0.48089781590654246
0,0.31214269243443504
0,0.31526637526596485
0,0.3157260029326465
1,0.45261924826389854
0,0.46800978858384257
0,0.7629202276467508
0,0.3063078593888921
0,0.4904247987750302
0,0.32332613598858584
0,0.30767541482870586
0,0.32858832816746525
0,0.3169432078480471
0,0.889641780790138
0,0.32396851387858266
0,0.5737165896415484
0,0.48241238674740144
1,0.5902265426403124
0,0.6829896378163284
0,0.3131535579651819
0,0.2890413289302449
0,0.3111390895193537
0,0.8333442356676378
0,0.3084320493908607
0,0.3190496076663384
0,0.7139158642155654
0,0.3096885297230949
0,0.3052480068059984
0,0.32817263118965795
0,0.30621785846329475
0,0.31100206984076456
0,0.47744472220831446
0,0.4884712432380262
0,0.3065549277630446
0,0.3284266171707511
0,0.46242419688566144
0,0.30165446127164175
0,0.7401399249608777
0,0.6497930270545091
0,0.3246535372259597
0,0.3187215670298175
0,0.8799265843816914
0,0.30399065649622686
0,0.3045386449767991
1,0.5836888164895966
0,0.2722351315817228
0,0.4618077972935496
0,0.3213642136332041
0,0.31812159977506904
0,0.3106945665942524
0,0.3101085664298356
0,0.297613243272114
0,0.30074532506765905
0,0.46295012473788183
0,0.8188565116713398
1,0.5815276059125983
0,0.410381948166846
0,0.4842171186982675
0,0.31538567231150244
0,0.31157370768271353
0,0.3173621811378008
1,0.47396303241095716
0,0.32616535948450703
0,0.31695586739294285
0,0.41057753768872085
0,0.3042219466901052
0,0.32313880714719934
0,0.48183098245429995
0,0.30716239613471674
0,0.8293331138521959
0,0.30929802135676426
0,0.5925633827529014
0,0.3162743601482138
0,0.3122728003525736
1,0.8964520207072675
0,0.30516209732279176
1,0.4952251946871622
0,0.5914242415163602
1,0.4760609289045471
0,0.31717917441542537
0,4.3506171265240186e-09
1,0.4854363544471722
0,0.31730249517101117
0,0.41156842547938677
0,0.2635300071732892
0,0.7430488043614306
1,0.8667862345120538
0,0.3166480847506907
0,0.6339034239204976
0,0.5776118681851288
0,0.323731123166289
0,0.4791002423819183
0,0.6785204902817692
1,0.3972424486918943
0,0.3172430237073466
0,0.3204708317936666
1,0.6358867588971933
0,0.4791535580747845
0,0.3052207298300633
0,0.4836641736503171
0,0.8193183819942508
0,0.31820507548938115
0,0.3161377276195614
0,0.3171618453833582
0,0.27540587612476325
0,0.32121213070090804
0,0.30563695611680225
0,0.7238071831188863
1,0.4850299592266379
0,0.31056518767059965
0,0.47888625560921977
0,0.6829596905543882
0,0.31412598302617606
0,0.32558519239008343
0,0.32198152411714287
0,0.701056660510134
0,0.46921984304481096
1,0.4830236423381207
0,0.4601652730182752
0,0.283484806006269
0,0.2929813217853632
0,0.29439616566290594
1,0.7834584399526577
0,0.3120889456819174
0,0.3203217860285763
0,0.32247712511091436
0,0.3176002035646064
0,0.29495750470179527
0,0.3020232635607765
0,0.47665714591869107
0,0.48248429332850373
0,0.2861178091347882
0,0.31455826216846816
0,0.30528850950083075
0,0.3165650153103442
0,0.3118629731801167
0,0.3214743659121704
0,0.32117331454698334
0,0.5686903142366201
0,0.6495093209644054
0,0.41257563109243184
0,0.2916956639374177
0,0.6973419684496495
0,0.3004349124975356
0,0.3076697342629704
0,0.748840984416037
0,0.41070918511661764
0,0.31383158730295163
0,0.30624238621693206
0,0.31220395962774833
0,0.291753142215825
0,0.3082475418849486
0,0.2958386851026944
0,0.4662101231710437
0,0.46478440846355185
0,0.5870534464493915
0,0.5766290085096103
0,0.31886121509310056
0,0.31056518767059965
0,0.3124900081939093
0,0.30645845894573914
0,0.31490390851595557
0,0.3045918929505578
0,0.3102396016115261
0,0.3209913567438515
0,0.4852222245181575
0,0.3052762293581539
0,0.3030196857930754
0,0.3202643379482007
1,0.48257086242333386
0,0.3201600536708749
0,0.32860041955600416
0,0.5842730755863608
0,0.8508975575918373
1,0.47767644631464545
0,0.3297194841770917
0,0.294228226189988
0,0.8399044872246635
0,0.3118693806103804
0,0.3189233346038933
0,0.31573919661916083
1,0.4763936284177868
0,0.49347196725881237
0,0.4807304749709099
0,0.32007289304162584
0,0.31802112073749766
0,0.31016511122751056
0,0.3154626642326506
0,0.2992864361367898
0,0.31029104532188695
0,0.40493176080328097
1,0.4821827485447871
0,0.3162653236866719
0,0.31979501108629566
0,0.31721097326014475
0,0.47703591123604255
0,0.31526015061183316
0,0.3054029678941089
0,0.28860137077249587
0,0.31317806189667685
0,0.31162999205239483
0,0.3110223467293945
0,0.3213608356062405
0,0.31595464132084805
0,0.5771880001913363
0,0.32334134295216804
0,0.31511842850560134
0,0.3131850879346911
0,0.6471596733736192
0,0.328998850693012
0,0.2941543564638008
0,0.3105878015825457
0,0.5756863215931822
0,0.30738867313349255
0,0.3175854391890985
0,0.31680329986394934
0,0.47691754670758724
0,0.3092455825471769
0,0.47139892526065713
0,0.3284624796977749
1,0.6926938643973036
0,0.46458011386100423
0,0.4829076244467466
0,0.4697647698985359
0,0.31620099604783214
0,0.47823711503468713
0,0.4119196312301779
0,0.5757386303437311
0,0.4656925172352865
0,0.5839399811413433
0,0.31223699953301537
1,0.5863648134994576
0,0.6605373321081748
0,0.31973511803540344
1,0.47347257435108153
1,0.48894633149623323
0,0.46446920385312035
0,0.32008684677588434
0,0.32350873549380105
0,0.6462687582690555
0,0.2895760336003768
0,0.28314963449601604
0,0.31206762823364637
0,0.31901193868297945
0,0.6548690138263081
0,0.3180162231592618
0,0.40962744641731014
1,0.4685447520991007
0,0.31507219045822693
0,0.31567644427600583
0,0.47178466172790207
0,0.32818253138680453
0,0.4732257439640314
0,0.48281919069778323
0,0.31573447652736525
0,0.31436304424188266
0,0.31529571326222566
0,0.311926071201903
0,0.31029104532188695
0,0.7153343154250859
1,0.7009659454664461
0,0.4837745113736777
0,0.412090162829478
0,0.3131910365186363
0,0.3167641795199466
0,0.32073025350269735
0,0.4684735836618141
0,0.31296201876756674
0,0.3239731443777224
0,0.7238447710830613
0,0.29829121492019983
0,0.29575267027430036
0,0.3164308662972118
1,0.5931426662113662
0,0.3015356908254194
0,0.31000579104204123
0,0.32007775984167086
0,0.4765023695534807
0,0.5818353956592761
0,0.470453577486007
0,0.31144184873537734
0,0.8384928203344254
0,0.5741826523686324
1,0.46573083916092134
0,0.3217054058225081
0,0.3167267396633827
0,0.32817263118965795
0,0.31162999205239483
0,0.6865684761549821
0,0.7792839895456132
0,0.4839777481377292
0,0.5796648535998348
0,0.31012648795644954
0,0.5889961959001051
1,0.5834800692328324
0,0.40993738083968073
0,0.4719146194610294
0,0.31678868149602235
0,0.741850711932544
0,0.32879806828157787
0,0.30587521060861056
0,0.30740798133583996
0,0.7461250466913374
0,0.3152963024576793
0,0.31519184857679017
0,0.31759556883783563
0,0.30415258608494383
0,0.48036001250858557
0,0.3142859240520935
0,0.3103580175357662
0,0.4866053984322
0,0.48728817578798417
1,0.4757896006952004
0,0.6349643748579991
0,0.3026865278162315
0,0.3124156804468941
0,0.31450286543368206
0,0.4803185606434768
1,0.6116660623008826
0,0.3114646429989191
0,0.3129800255787171
0,0.3136398889713125
0,0.30627517070281063
0,0.6577819641188332
0,0.3171756715249812
0,0.30285303091809046
0,0.3016113017423035
0,0.5646998442235923
0,0.313244405157377
0,0.5555550779301281
0,0.308607891619588
0,0.4705488237109617
0,0.31449307955050554
0,0.47645728315083946
0,0.3235454955204241
0,0.41077398480070515
0,0.7603562436701241
0,0.4827235642252488
0,0.3109333721747089
1,0.46687891040375856
0,0.32524538601837033
0,0.31029104532188695
0,0.5802614444750444
0,0.3096960691574136
0,0.31253131795248307
0,0.3013910035923118
0,0.29458598267407
0,0.28680832496040237
0,0.48075062605273294
0,0.47609135147779635
0,0.31741921786656974
0,0.3185242943498759
0,0.30650489765782074
0,0.3094842672339208
0,0.47484577343686424
0,0.3103637285800533
0,0.3033488561737688
1,0.5770035371193641
1,0.5805166494810569
0,0.29314681891598277
0,0.48168834583521325
0,0.3196940478339673
0,0.7318131642510097
0,0.31029104532188695
0,0.4815910571955672
0,0.3234254337966304
0,0.4663075471234285
0,0.3078580114773661
0,0.31228612612180773
0,0.32076243086123857
0,0.6050423359775938
0,0.49327109503203415
0,0.641485172326733
0,0.5788817424177104
0,0.3219948681231403
0,0.3129055610303309
0,0.30556850329381424
0,0.7177167348749034
0,0.588006705077968
0,0.3169332059412326
0,0.3238254671024177
0,0.3172450527203794
0,0.3285988862667472
1,0.6459560491274038
0,0.2989228270095436
1,0.8037547539738898
0,0.4967429078533409
0,0.3240580395183008
0,0.5053523706961234
0,0.3204666038712043
0,0.33370045779733276
0,0.3263760986167922
0,0.5729678451005955
0,0.30216251501557795
0,0.30057709786716885
0,0.4770706714508373
0,0.3182867731660845
0,0.7195095536906592
0,0.4779507098903733
0,0.3121958477220084
0,0.6364851672830685
0,0.5841969706198019
0,0.7257690484547027
0,0.4513760327944256
0,0.3088115348168165
0,0.8305202180157383
0,0.2736290913488727
0,0.31546923482403605
0,0.7851259217339213
0,0.7524424264187242
0,0.48665775200999256
0,0.2933721834133031
0,0.3234131823639873
0,0.3085365854777025
0,0.5747321010192149
0,0.6172524386085658
0,0.30681405889026075
0,0.3121448017752844
0,0.3184335632131168
0,0.31598165598084327
0,0.3208556346125147
0,0.8020207719873572
0,0.31165035797392904
0,0.3249550431527907
1,0.47835951899835744
0,0.47563253087185114
0,0.8161020529886934
0,0.5788550348382369
0,0.5739571103057759
1,0.6419408410578802
1,0.5841977155648821
0,0.3206892076099899
0,0.3043073390267077
0,0.3257990533322311
0,0.3210631601755732
1,0.481790949699175
0,0.31088685172019614
0,0.7957047016037266
1,0.7694690491776611
0,0.31162999205239483
1,0.48290502308531025
0,0.30456228923807227
0,0.31077042538816446
0,0.8372133437626315
0,0.31986940977795086
0,0.3234747156364715
0,0.30093156874752686
0,0.3106316939559993
0,0.31874013186806643
0,0.31287861717403903
0,0.31558973985163963
0,0.31301978948866727
0,0.31431817964878267
0,0.4898612220682009
1,0.577838996944105
0,0.3112174791297371
0,0.7275358884065319
0,0.5714563763922506
1,0.4756914586593655
0,0.30864121953106166
0,0.3130288760433007
0,0.3058097651995738
0,0.2893579570135373
0,0.31588802129904575
0,0.6453249134726903
0,0.3126853385625126
0,0.8401078015783909
0,0.2971655236790164
0,0.32346199372656703
0,0.6422212960381057
0,0.3178772459547582
0,0.3148428024272671
0,0.32145284834142235
0,0.4792620181862343
0,0.4847600813676118
0,0.49151958463230455
0,0.29097170135585326
0,0.41125781543812734
0,0.3236087386774177
0,0.3060735063270175
0,0.7558343305293133
0,0.7802591430654587
0,0.30972108544735455
0,0.31375732661320793
0,0.47474019086918556
0,0.3253054571525443
0,0.8021003127046764
0,0.31029104532188695
1,0.4742375899823755
0,0.2618822844479734
0,0.8460522276934143
0,0.29327266402259833
0,0.4745787786393105
1,0.48241563805933163
0,0.7282845237216273
0,0.2928056727628999
0,0.31898486893241873
0,0.30361547514296316
0,0.3136778084539931
1,0.49040997928914487
0,0.40929531675640113
0,0.7733781478841177
0,0.31889279375793983
0,0.6976326756426782
1,0.5784195187862645
0,0.6415158908188054
0,0.7916260456473372
0,0.31103336567484147
0,0.31952995281431235
0,0.7793279018686994
1,0.6988561037053328
0,0.8301778513144641
0,0.3238861658844124
0,0.6807109784492515
0,0.6372587044834004
0,0.4774292236661398
0,0.46768196234963666
1,0.6919644624403795
0,0.6851184752990533
0,0.3198523661806155
0,0.3155444520163123
0,0.31043644124869885
0,0.3211954335422589
0,0.631307472386944
0,0.3116082114245306
1,0.48079477187614106
0,0.2941136033810198
0,0.48362574331708097
0,0.4647231923740585
0,0.31496423325755735
0,0.8397133118915515
0,0.4832921760171178
0,0.30083964757717235
0,0.3126041297638357
0,0.3156770101594958
0,0.4082349092925574
0,0.31620099604783214
0,0.3202090053045227
0,0.310523643662046
0,0.4104281585709452
0,0.303915526306487
0,0.5792829072946382
0,0.27862927819362787
0,0.6648687930223655
0,0.49181349106146227
0,0.6358844530547275
0,0.4782781412951208
0,0.3083260973468251
0,0.32871823610404827
0,0.6919393344589083
0,0.31773518678487356
0,0.5745743874495183
0,0.3090131061410984
1,0.48894876770199236
1,0.5878347395628374
0,0.31194773972780443
0,0.29576842609129916
0,0.3228236576893166
1,0.48584242327564886
0,0.3177740085955101
0,0.4801223600431221
0,0.32437289818661325
0,0.3114116405326377
0,0.31208570429390325
0,0.3087736157155779
0,0.4082349092925574
0,0.3236134734917747
0,0.3155747486115017
0,0.31339144576399053
0,0.3172401645651841
0,0.45525403531111996
0,0.3190216053400664
1,0.6943898804912454
1,0.48912923609985925
0,0.4744998971864061
0,0.2899139107422972
0,0.3234672439739731
0,0.3158284061358168
0,0.3011103726437926
0,0.3043600182203104
0,0.313559093517983
0,0.8193936183462005
1,0.4640295192086392
0,0.5778281013114958
0,0.6396173721175898
0,0.31149143471419616
0,0.41204579587403467
0,0.3116600001710285
0,0.3153746156169061
0,0.4851782992681448
0,0.34853035552164474
0,0.5862215314744911
0,0.4854996095394422
0,0.3235160509573415
0,0.3133435063316865
1,0.6435158392332818
1,0.635665397820255
0,0.6317073622438647
0,0.4819896211193471
0,0.32034254273622453
0,0.32340235621022345
1,0.4904059036141402
0,0.3162416726415298
0,0.30709807557795854
1,0.5674150032465277
0,0.3097043277214692
0,0.30734469900332223
0,0.7187764802928679
0,0.31580920072914465
1,0.5871353452595157
0,0.48175959428591664
0,0.8047406854941976
0,0.5003273957594592
0,0.31645005933757536
0,0.6901325403792327
0,0.7472362067862744
0,0.3188299477387712
1,0.4880750957302733
0,0.30633878849566476
0,0.3141667267821105
0,0.5657387750258661
0,0.312561738163269
0,0.4101133629739654
1,0.7690766195920211
0,0.4600988866872676
0,0.303239694988295
0,0.3163665650054606
0,0.30327552125285506
1,0.5726742950904276
0,0.45590464023316024
0,0.7404668896787445
0,0.3222768572050558
0,0.4116545971196364
0,0.48389431468361527
0,0.5914739554658367
0,0.8600111474530908
0,0.41059374918119784
1,0.7746353072381492
0,0.3092455825471769
0,0.30372863878606143
0,0.27113530516346934
0,0.3114074003984815
0,0.3185792375723377
0,0.6559358447429215
0,0.31948228236322795
0,0.4889079317190404
0,0.7648481001948585
0,0.3202643379482007
0,0.6903783658166271
1,0.79964071657943
0,0.30433893974917325
0,0.6259986216312946
0,0.31623623936671824
0,0.8326493659778902
0,0.4470583584480046
0,0.31695845488285085
0,0.285591278298272
0,0.3184299440732858
0,0.47852692823594406
0,0.286476287954295
0,0.3094793290163833
0,0.48424663499891757
1,0.5837562843319226
0,0.33478477675960183
1,0.5676087494006451
0,0.3098794728517082
0,0.8107014659609607
0,0.30062169081313395
0,0.3084169623070389
0,0.32407806041608644
0,0.8397133118915515
0,0.31405295600249483
0,0.4812371945930732
0,0.3165771976093209
1,0.8156512616226343
0,0.7202325409067196
0,0.31623587712912177
1,0.5820300150566212
0,0.48332478991273886
0,0.3194574162949964
0,0.46947671226686927
0,0.6395888794950774
0,0.5796058796717599
0,0.5359962508262791
0,0.6464403409062692
0,0.3189237730339082
0,0.2970563052058031
0,0.32191537235819057
0,0.5450931468942491
0,0.3106026475830139
0,0.3088917012894136
1,0.9005400649890827
0,0.3233280504332273
0,0.313632084723892
0,0.3128933522751164
0,0.3193598390526386
0,0.46702302619082564
0,0.5727418411229416
0,0.3035464702344349
0,0.5785263131168735
0,0.6469097317146317
0,0.6833908321102206
0,0.5716981348173684
0,0.29753697325790823
0,0.3045151327609758
1,0.8459089793006617
0,0.3282495947334645
1,0.576579621978595
0,0.30696244092155034
0,0.31290170542811324
0,0.3092455825471769
0,0.31068333257827535
0,0.30864121953106166
0,0.3126753435475685
0,0.32265679253127016
0,0.3014342056180034
0,0.3131849475566226
0,0.3069873651490524
0,0.2921714412789774
0,0.6775719641763499
0,0.3132822395722383
0,0.31608879580291066
0,0.3207097133222544
0,0.655003423273572
0,0.318562761244102
0,0.3089859532076724
1,0.48312817520416035
0,0.32081898044972057
0,0.3189407989895458
0,0.47150656156089793
0,0.7584478518364725
0,0.28695997459525124
0,0.33073208069380156
0,0.7127265602567376
0,0.3193977224067057
0,0.30506298769830636
0,0.43998175406787116
0,0.32252305185051977
0,0.47780718604994654
0,0.46985383807231496
0,0.575927064607251
1,0.48510547634743145
0,0.31029104532188695
0,0.31667250654272605
0,0.532136043525827
0,0.32573536110801715
0,0.326740755579188
0,0.319001545824694
0,0.4715826416588066
0,0.4922210963183342
0,0.3159127492648382
1,0.8243064726023168
0,0.5634462294312735
0,0.47275013881249406
0,0.3012858123776707
0,0.5547748516982759
0,0.635342903945626
0,0.48081329679174406
0,0.30354154694999763
0,0.3024039759734893
0,0.2830614347009643
0,0.7296055488747377
0,0.48375783658156785
1,0.8388936772464036
0,0.4109724341786373
0,0.29699097237629574
0,0.47672833409470744
0,0.3300883748120032
0,0.32439899883167433
0,0.31834819254202745
0,0.4623652129900292
1,0.47489837963767867
0,0.6975970978933131
0,0.32095392882833673
0,0.4098870196997575
0,0.3198489167500829
0,0.2989642666811539
0,0.7960159836931224
0,0.3132450164544905
0,0.32382580498473135
0,0.4304043931452099
0,0.730658950149897
0,0.3175399124375579
0,0.3149738423800427
0,0.3102127469194268
0,0.47677441323809056
0,0.3275362180240734
0,0.6761947408666392
0,0.27988166760384187
0,0.3065792224256121
0,0.7573531039814119
0,0.31056518767059965
0,0.32161769003722834
0,0.3092455825471769
0,0.3123938818033607
0,0.7885420432765708
0,0.4113944677179684
0,0.29434262993427823
0,0.8725954188273409
0,0.41130347430880787
0,0.31712426490366485
1,0.46054220920452305
0,0.4566419877735192
0,0.2967715017180298
0,0.28832885355684795
0,0.7630240113197841
0,0.31571931084704213
0,0.3162749137757305
0,0.5847305448254618
0,0.30122839803348395
0,0.30874213596165745
0,0.3161530070120295
0,0.3259194152743042
0,0.30932828158438425
0,0.4817707682306084
0,0.3191923810607422
0,0.4769436410193672
1,0.4785218030347322
0,0.7599782162773576
0,0.32298741069463294
0,0.3296874720078274
0,0.3204160832555982
0,0.3155444520163123
0,0.7424198781829925
0,0.6489631039190972
0,0.41217011306606766
0,0.45082035312890834
0,0.31284611401631707
0,0.2989750993358985
0,0.32810098054265774
1,0.48109179749209324
0,0.3315531456228344
0,0.6779371609241643
0,0.29988107353462995
0,0.32095019742270536
0,0.46577714484054455
0,0.48165007920771796
0,0.31407499803661837
0,0.3038305791263145
0,0.7789042252253924
0,0.31056518767059965
0,0.31564066288843456
0,0.4778585940540085
1,0.5765230721524466
0,0.7108129710843101
0,0.32142655479819
0,0.32381115990912
1,0.49292196821155787
0,0.4582179648976981
0,0.3012858123776707
0,0.31056518767059965
0,0.3015467744423977
0,0.3061682440310423
0,0.7247225501407915
0,0.3695002225005279
1,0.6923183600208128
0,0.31814770908593476
1,0.5729778329137172
0,0.48677116742413384
0,0.592260561249731
0,0.7390139944758821
0,0.7522839830898629
0,0.3058684189108587
0,0.32250851076109754
0,0.3186174668932348
0,0.30361547514296316
0,0.633660231363111
0,0.47595038796453815
0,0.323233562103818
0,0.317737778570781
0,0.32422472597070656
1,0.4929783277275396
0,0.2887724456145564
0,0.3207252711022203
1,0.48708378320060863
0,0.30905836107753126
0,0.689923374948734
0,0.2905629000334769
0,0.6812043832446568
0,0.3011914154256593
0,0.3261336909586375
0,0.29934776318875445
0,0.3065311528491491
0,0.7215477702060207
0,0.32416087522537557
0,0.4786832335018273
1,0.5750795269309511
0,0.40894531449682403
0,0.3228132616899277
0,0.7117151850481123
0,0.3014652256865626
1,0.6941953709244383
0,0.8222806272992722
0,0.3223646789142442
0,0.49260901374149646
0,0.6428078290990757
0,0.31618133416811356
0,0.3231915594631302
0,0.32528871613362004
0,0.3170652403527286
0,0.2845130201398018
0,0.3158242270305773
0,0.30317959759979934
0,0.47680645901717333
1,0.5834663430172514
0,0.4109717894139652
0,0.30757505776092103
0,0.3122546822547203
0,0.6804968425949158
0,0.3195328579796618
0,0.4682472462439864
0,0.5009727709204964
0,0.6495703579321407
1,0.45675707287717243
0,0.8649471238588338
0,0.3092455825471769
0,0.48056310991114154
0,0.5777517588838401
0,0.29534206653119927
0,0.1270965547473503
0,0.31466722749108916
1,0.8196418923117813
0,0.46020102338756214
0,0.5731818745137778
0,0.48144885574451396
0,0.32667325406129527
0,0.47509830990301133
1,0.4066090889666713
0,0.47519248515069135
0,0.3198112842041206
0,0.4149031110092757
0,0.313809083427243
0,0.3334454003359677
0,0.30070447725873145
0,0.2978381652715335
0,0.6400517143316807
0,0.5707364930065457
0,0.3234254337966304
0,0.30498115744695475
1,0.8095835185227278
0,0.3155479531624926
0,0.3263144461378402
0,0.3051557951262507
0,0.311390317990853
0,0.3220328032815856
0,0.31772397795839186
0,0.30361547514296316
0,0.829740929298985
0,0.47855778374180685
1,0.8165059233561638
1,0.586350550287787
0,0.3116519744010922
0,0.5831891710042473
0,0.30362484116559024
0,0.46252180777422336
0,0.5500987181459484
0,0.26987782899445734
0,0.3136258763475957
0,0.3145691422388878
0,0.5701325851915684
0,0.8287739342737174
1,0.8845477217253948
0,0.32289839481323507
0,0.8243476285434616
0,0.30457853041286537
0,0.6417433912227202
0,0.5804475527191924
0,0.47822807496633496
0,0.46883283570682127
0,0.3106753512070812
0,0.5733155044675906
0,0.739705911278532
0,0.3295677407607733
0,0.30065052633415434
0,0.30046248392921365
0,0.3223684036674824
0,0.4754174184655854
0,0.32640066863351036
0,0.2805593736662632
0,0.46344602993840295
0,0.5823281286877491
0,0.5706852132590418
0,0.31929284442939626
1,0.9194911962965678
0,0.3181988048673025
0,0.4919669562071087
0,0.48623588934160417
0,0.3065666261797091
0,0.31927176807023633
0,0.8327199699985367
1,0.48309668880723783
0,0.6379976051938185
0,0.30112989522227135
1,0.7856233707000196
1,0.9050710842548951
0,0.8372671669314189
0,0.29104646338588647
1,0.48375512987383434
0,0.7769066806209036
1,0.6433699710583257
0,0.2965552354123094
0,0.3069543359472335
1,0.4767671145387784
0,0.3098809504658667
0,0.2974002194628206
0,0.5534404766990616
0,0.48332478991273886
0,0.3169922104985859
0,0.8828674132183273
0,0.3100651613419537
0,0.32102866448830614
0,0.3028946729267309
0,0.3162986522155985
0,0.3014165283400502
0,0.31334794625381607
0,0.31518006851583735
0,0.3220560751876405
0,0.30772170120850245
0,0.3098781666678215
0,0.570739793082565
0,0.32927333132244496
0,0.7433692945970384
0,0.3086788580461633
0,0.324534951743876
0,0.8023129043893008
0,0.3123889329040459
0,0.5643999465740586
0,0.3221777909778287
0,0.48922603829199995
0,0.33129067186905403
0,0.6512726946784816
1,0.47479719020564626
0,0.28788185673208977
0,0.5779448940612286
0,0.6245714830520592
0,0.32897719222896743
0,0.41052104677759316
0,0.3019774914242072
0,0.4777474231292725
0,0.4872261019810541
0,0.3064228120988706
0,0.31661178357347314
0,0.48480434491107716
0,0.32861254293861214
0,0.31087729042842505
0,0.3092455825471769
0,0.5857142048170968
0,0.32388020903150555
0,0.4116686590426503
0,0.32698737725435817
0,0.33568918749606047
0,0.47157223146229993
0,0.31029104532188695
1,0.47887768205807035
0,0.48161422673320037
0,0.2991360763272031
0,0.31040578350793735
0,0.3155777294387049
0,0.44064794830561355
0,0.47331615286783546
0,0.31363459072567973
0,0.31029104532188695
0,0.48529744805960384
0,0.8582254797732474
0,0.30864121953106166
0,0.32482671311139116
0,0.31615702850419586
0,0.31125537212268906
0,0.32633371491957125
0,0.48164240988901746
1,0.7967818325726033
0,0.30653923499402735
0,0.4808062047420003
0,0.3234254337966304
0,0.7303458148622091
0,0.47542184586945035
1,0.4678504604377968
0,0.8252461066454857
0,0.8969043016378333
1,0.4860180610293729
0,0.3195637739069908
0,0.3165166015518892
0,0.3222317615230599
0,0.2999065712027929
0,0.3140632534456561
0,0.47337981616500235
0,0.3181444337116369
1,0.700433992004823
0,0.30617647729442155
0,0.7573836777177666
0,0.5330007277026181
0,0.3023066039502859
0,0.8112411297228277
0,0.32599340535449234
0,0.8307029365158917
0,0.3209461279130558
0,0.3112788770340872
0,0.757200549114888
1,0.47249069048401704
1,0.5817707078213774
0,0.29811718143167326
0,0.3169754520767789
0,0.3126047888529976
0,0.3082640063434043
0,0.7156724596635416
0,0.8071069204504534
0,0.30383397519584077
0,0.639830924315796
0,0.7378002205372048
1,0.7626210979172623
0,0.31575550100704913
0,0.40962176725848326
0,0.8381390987897158
0,0.48664289209212913
0,0.5034630814445149
0,0.3178856439127279
1,0.6945849813726745
0,0.3167514718075862
0,0.302811357146426
0,0.310678184698739
1,0.5495823123357241
0,0.6896101556346127
0,0.3012272620648358
0,0.46983971264606195
0,0.29210054678429587
1,0.4756336895971964
0,0.2996304063458689
1,0.46373274333078396
0,0.6321510389663396
0,0.2975121152629149
0,0.4837793637518457
0,0.3281873831683433
0,0.3260372711337264
0,0.7358245462698769
0,0.3124855144129642
0,0.3163384049880523
0,0.3261347831512867
0,0.31373622074546575
0,0.32525591701328155
1,0.6926677874548685
0,0.32063911013501206
0,0.3020187414713168
0,0.46646638222636555
0,0.32260486447751496
0,0.48492844904332133
0,0.41228551708401406
0,0.3103701415600858
0,0.4058346702641031
0,0.605575718629856
0,0.3142759566704324
0,0.43041201171339954
0,0.3093566771854057
0,0.46488241850501094
0,0.3204375697059261
0,0.3092455825471769
0,0.31940281534299886
0,0.331893401190663
0,0.30561559199979554
0,0.3077356567114728
1,0.5632952848129983
0,0.31518322413831185
0,0.2951064936483375
0,0.3166953150977084
0,0.3168284424666731
0,0.31811066605120963
0,0.6324750083824976
0,0.5406105065388161
0,0.2914465888888126
0,0.31392789211348776
0,0.672708821963438
0,0.30623052825025004
0,0.3065549277630446
0,0.31047196773988717
0,0.5781816327545023
0,0.4749693918655025
0,0.32378766528947184
0,0.32028385305668944
0,0.3263094555350823
0,0.3198891582066164
1,0.5510225694120156
0,0.30096907858750654
0,0.4840604679609401
0,0.5840152480883828
0,0.31306970379571686
1,0.5791222524667988
0,0.6860745578996966
0,0.3126314382854675
1,0.4860668887150045
0,0.1389286140687744
0,0.6548940164921798
0,0.47341673932212563
0,0.6932433959460781
0,0.31836353286964203
0,0.8380815523118662
0,0.276419032828384
0,0.32294468190565695
0,0.31223606780231594
0,0.32016974274499177
1,0.7312677977769584
0,0.2966630412899395
0,0.5733283266740439
0,0.28903240680081416
0,0.486534748678906
0,0.2807424223659476
0,0.6417938749899302
0,0.3157514961910613
0,0.3054768419606429
0,0.4645801224712138
1,0.40361026217600027
0,0.31023900720291736
0,0.6767615446364714
0,0.40977201932002055
0,0.30724077041560316
0,0.327698775384771
0,0.2964847640315763
0,0.3160814533854515
0,0.5739897305850337
0,0.7532405679387219
0,0.4121504979812763
0,0.31061767913403837
0,0.4668995533326729
0,0.6382243513544066
1,0.4848766025075974
1,0.4879371218121992
0,0.8943240514139328
0,0.8887459777297729
0,0.7437307412085639
0,0.3158650925199358
0,0.48644850613114904
0,0.30294518356530964
0,0.31139292243976935
1,0.48945886738360256
0,0.32397959770364704
0,0.3095674501886163
0,0.29210156124411757
0,0.3153854089781691
0,0.4836129940148842
0,0.597786603356887
0,0.3245015595835012
0,0.5802230679688885
0,0.30864121953106166
0,0.3118365182264324
0,0.28953562130737953
0,0.31934594817135903
0,0.3199937041668988
0,0.30757505776092103
0,0.3245116944128137
0,0.3023183210093738
0,0.5867761907116762
0,0.29373484352936624
0,0.3172450527203794
0,0.3041703920152405
0,0.32093528641810076
0,0.32092868764983734
0,0.31673521484257783
0,0.5780051519105517
0,0.45742114473997225
0,0.325453727548427
0,0.2946399229816503
0,0.6370426004681883
0,0.316300550382752
0,0.2985734863090575
0,0.32124487308901906
0,0.28789911708349597
0,0.3279738093215711
0,0.4108692486471151
0,0.3209415212314861
0,0.30969069578064096
1,0.6380440589306354
1,0.4752982665706986
0,0.47269847645157714
0,0.3084831670894223
1,0.529970712543241
0,0.5649122857678182
0,0.6151174803554934
0,0.47103652259885537
0,0.48691822826903153
0,0.7851421739263135
0,0.30772718399506194
0,0.481136253755541
0,0.6459871125197572
0,0.31029104532188695
0,0.3379079127410306
0,0.2961433802649142
0,0.3147465974316434
0,0.6746658753158056
0,0.4746215948543215
0,0.32147728493290184
0,0.2909460598589075
0,0.3231617620171644
0,0.31665248036876525
0,0.6372218580042242
0,0.5643926250634207
0,0.6539734379472957
0,0.5769518048031083
1,0.722554203062239
0,0.31054937258591775
1,0.8154232871775461
0,0.4788533988127715
0,0.3138899453150245
0,0.41094041718822616
0,0.2937682831623521
0,0.3142090934698072
0,0.31588790622869095
0,0.29639257929932783
1,0.5784090757320713
0,0.31056518767059965
0,0.32552967062735644
0,0.30440454277972023
0,0.4690301054336915
0,0.31619139705604116
0,0.41070551399467664
0,0.3118847582728021
0,0.4682601130206091
1,0.4883818992361642
0,0.4854325368956553
0,0.32141817571477177
0,0.3182345374744189
0,0.308470359441593
0,0.3144610395752303
0,0.3056666476956477
0,0.30575318114975397
0,0.29875769297349763
0,0.3240676303725511
0,0.55899314370864
0,0.30300564726774565
0,0.30817196586646195
0,0.4857791518841163
0,0.491500251894323
0,0.3172450527203794
0,0.3146734598866255
0,0.3242541285947824
0,0.4180589340511731
0,0.33006972163413745
0,0.3056302357305877
0,0.7839901366460245
0,0.3093532978183973
0,0.32236865297800843
1,0.47437900682996087
0,0.29230121272583964
0,0.22838720427528858
0,0.7726461320669319
0,0.29420788107399937
1,0.6834962359644843
0,0.45380848720978995
1,0.8204650621680829
1,0.40361026217600027
0,0.6575301445078405
0,0.31552629113455694
0,0.3038320519698938
0,0.41070551399467664
0,0.3053119493027789
0,0.2912142681201672
0,0.3082408166117418
0,0.3112480070822168
0,0.31267330352459916
0,0.6479519915858233
0,0.31771714796148953
0,0.31654059382518435
0,0.7528719952917047
0,0.642285020917821
0,0.3128208298644063
0,0.3143958145452012
0,0.33199578258901236
0,0.4972159375320702
0,0.31646389317736145
0,0.3172450527203794
0,0.31770530014609205
0,0.2828353624903664
0,0.32574662513549196
0,0.41030458403676884
0,0.7320589786679199
0,0.30988297578805185
0,0.3014025300890368
0,0.47044639541663286
0,0.4812417079592965
0,0.412090162829478
0,0.41218328989427233
0,0.32671370839379366
0,0.599451813341235
0,0.3179441073439907
0,0.7296672687132832
0,0.309114583802564
0,0.4589377651106235
0,0.478471590714185
0,0.3164953545830058
0,0.7674737324536198
0,0.3066558804338429
0,0.27218382239370525
0,0.3183664245353382
0,0.5821817848260061
0,0.3193445813229179
0,0.5858537173258943
0,0.4571737967508772
0,0.31075928374777545
0,0.309705920579199
0,0.30361547514296316
1,0.6429141768048555
1,0.8249729113275852
0,0.4485198084222801
0,0.29585969266940454
1,0.5814562126654039
0,0.3191200604058875
0,0.6915560741366745
1,0.6322786117604252
1,0.47923217620166736
0,0.31549305786777804
0,0.3292580763913333
1,0.4813902795962274
0,0.40652547308295606
0,0.8236959072768868
0,0.5819255651358
0,0.31957025429642716
0,0.3179530342346692
0,0.3138893721158873
0,0.5814727848353162
0,0.5860722572903801
0,0.32237659921857925
0,0.31776829087196307
0,0.31044521080931997
0,0.31456318460173194
0,0.4808708563180711
0,0.32836740693307287
0,0.3107633447269388
1,0.6481485059767247
0,0.5853891174918688
0,0.32039983033183533
0,0.578414032153853
0,0.419905317020094
0,0.6208446845675796
1,0.5787333774630564
0,0.29738310861760126
0,0.30225989296370753
1,0.6853435049964199
0,0.30910009711023556
0,0.6582831502073991
0,0.31209691877947754
0,0.3183484665080188
1,0.5723442289366765
0,0.3203177967206511
0,0.4913195501291727
0,0.32261987806918363
0,0.31142534228423724
1,0.46863100806905905
0,0.46820919788279924
0,0.3227000937334806
0,0.30997774949633145
0,0.315032994914379
0,0.45947637193274316
1,0.4880543262773779
0,0.32572184257026515
0,0.3234630339686035
1,0.47393944875689636
0,0.3105415796268826
0,0.3319732367652636
0,0.3112844120807895
0,0.3231226014355447
0,0.3135195103162571
1,0.48140126181227455
0,0.48620047038454284
0,0.3150628042512065
0,0.3183871178430977
0,0.32625531461753515
1,0.5742889540012078
1,0.49026806019685426
0,0.2921876738134028
0,0.8038232184612766
0,0.32696778688153894
0,0.30633323398042084
0,0.6895297482645331
0,0.3185117816596666
0,0.6817646109332892
1,0.5606095994293424
0,0.3000076310889906
1,0.4756562213368053
0,0.2906039951930955
0,0.30980065575344956
0,0.6423463279125549
0,0.47655034980712996
0,0.3246378749449608
0,0.3158073263842466
0,0.31692709412459363
0,0.31164207816511774
0,0.3132165607417517
1,0.48808929247704735
0,0.3119047277609269
0,0.29033335581214303
0,0.47897461731477986
0,0.2930906087705655
0,0.30435145760301935
0,0.2913656637804004
0,0.41179031940194194
0,0.8562517213903058
0,0.315956121566335
0,0.3012709799314038
0,0.31421541587928625
0,0.3183476485673639
0,0.723500335235886
0,0.3100548717232523
0,0.4894431236556576
0,0.3140929842389982
0,0.7578982560697973
0,0.41077398480070515
0,0.6564843598056658
0,0.3046926404664816
0,0.3189060500436566
0,0.5939358556367967
0,0.7144301432993829
0,0.31825486252896584
0,0.8241595082294555
0,0.32212040309274603
0,0.5808428613967946
0,0.6338091226891789
0,0.3163900369682321
1,0.5729533608970714
0,0.40776394027833385
0,0.5759883193019331
0,0.5796682871409881
0,0.3031966680739239
0,0.8269384398784967
0,0.31638884391419714
0,0.7827544216345393
1,0.48367630240587534
0,0.31790350577630505
0,0.5730015706387439
0,0.32159002230322387
0,0.31490145142671433
0,0.3178309543726362
0,0.48375068743303584
0,0.31927725870085527
1,0.4827734244233681
0,0.8850224544567541
0,0.46810986459412013
0,0.31469991076490994
0,0.46146681094263764
0,0.7231993550553243
1,0.5878603482241448
0,0.31113735392194997
0,0.31028966941875136
0,0.4766507700654816
0,0.3055141991057664
0,0.31550803050629855
0,0.5711660255953748
0,0.48024013716546293
0,0.3889785860739234
0,0.3291013023081042
0,0.28935527824399565
0,0.4784746567671228
0,0.29010403279122876
0,0.48332478991273886
0,0.3059331591124362
0,0.31714132929947486
0,0.3071029646775587
0,0.31286660791065396
0,0.31361756243064537
0,0.6707388190625629
0,0.31820884444378883
0,0.8193983673799047
0,0.30989427295165195
0,0.3144148342547782
1,0.6889011864845841
0,0.5640492805544487
0,0.6257242486895316
0,0.7754093528775193
1,0.6784452344802561
0,0.7827544216345393
0,0.7519857076991262
0,0.4272394782008321
0,0.3201051703483257
0,0.29882736381348507
0,0.3137416963419919
1,0.5717903814737901
0,0.30984672127172974
1,0.4828359970032121
0,0.3141253080896803
0,0.31048473222773343
0,0.30986792198541935
0,0.7332499278801049
0,0.4847740486609208
0,0.3180575803108539
0,0.3003853015289664
0,0.2991097576341347
0,0.3114662735410656
0,0.32141817571477177
0,0.3240862994135518
0,0.3213455652598497
0,0.32298235735499997
0,0.4705269092602079
0,0.328487723725926
0,0.32585685806158904
0,0.4790234471424855
0,0.3141748299088186
0,0.846410784569078
0,0.30864121953106166
0,0.32675580141183075
0,0.47806480329378326
0,0.31733624068347815
0,0.30648449255136384
0,0.6907581523630425
0,0.4940860615935871
0,0.4595114872306852
0,0.2967936026813307
0,0.7152851675688663
0,0.4642499719500814
0,0.2960284628064223
0,0.3123637390191836
0,0.3102167377553449
0,0.32652627430899134
0,0.407723698232527
0,0.32588043059529587
0,0.2956517299677121
0,0.5129545599574312
0,0.6824180670351397
0,0.3099319899942084
0,0.33178058778853303
0,0.3153493645830422
0,0.3144136886688287
0,0.7393653914278704
0,0.31774480489181167
0,0.31388634759942896
0,0.30460467821812987
0,0.31712426490366485
0,0.30091622810878266
1,0.8350541216410529
0,0.3146987809731199
0,0.7757863794926221
0,0.32531537946261535
0,0.4851018534972033
0,0.31029104532188695
0,0.31182730595689295
0,0.31056518767059965
0,0.4787209021698566
0,0.4780616738259986
1,0.6422730476925804
0,0.30361547514296316
0,0.3171627952000885
0,0.48827123660010463
0,0.32119370377719264
0,0.49403108951432867
0,0.2989082062657768
0,0.3201582826829208
0,0.29784465478499594
0,0.4113334339254529
0,0.318596937669639
0,0.5662520738796396
0,0.31189671752813347
0,0.3181282677296683
0,0.30829710311193836
0,0.3152805390984152
0,0.3226931259670414
0,0.326903157158911
1,0.4090239135693321
0,0.30660304415984946
0,0.3164403103694617
0,0.5779564348876606
0,0.4816806104499373
1,0.4898380494498677
0,0.7225984247917856
0,0.3252616604456734
0,0.31786204181211275
0,0.3183513940995964
0,0.3214830052037355
0,0.3160465483686567
0,0.31953495284179223
1,0.49143110939669543
1,0.6435367168536053
0,0.3002822002456339
0,0.30568343473930565
0,0.32310336571109455
0,0.5799809335397441
0,0.3065549277630446
1,0.4784201553479976
0,0.3180909870602328
0,0.30106522628716975
0,0.3211094926844417
0,0.7178126932628021
1,0.46454672985353995
0,0.493355278338875
0,0.138178192378097
0,0.3291550790752989
0,0.3355230925821954
0,0.657613370826827
0,0.32732787277182823
0,0.2998191848224069
0,0.3110357382249815
0,0.3266216069806545
0,0.5813208997274185
0,0.7557666434355135
0,0.3049826250143492
0,0.30827809855670435
0,0.29328977530053757
1,0.6443817061253342
0,0.31287403973727845
0,0.32260552718858143
0,0.29758808338308673
0,0.3135357249022571
0,0.32476610673198325
0,0.28603665881493057
0,0.6992788796344743
0,0.3255380951331427
0,0.4736127147788067
0,0.32428529674809703
1,0.4676848058989714
0,0.31974513102301766
1,0.48090651283580554
0,0.30784560081064755
1,0.5779511054199775
0,0.32323548658067885
0,0.3197408738845719
0,0.31272148676094724
1,0.8527137171718258
0,0.4790325037488599
0,0.29946994214468536
0,0.31948872866041683
0,0.5782439223236384
0,0.3084874596746531
0,0.41193191869835327
0,0.31172835506952323
0,0.3186203853530538
0,0.4060858167099875
0,0.3172450527203794
0,0.3205595325597037
0,0.5597178121562013
0,0.8073902952545633
0,0.29373319771796963
1,0.4748496141001338
0,0.3138844279246681
0,0.6862273872703294
0,0.3250348826046004
0,0.2894463848735158
0,0.31837497800643205
0,0.3143314487457626
0,0.8112957668148899
0,0.3104891309049143
0,0.3230677233220971
0,0.31366297766683987
0,0.30490682738875846
0,0.31561375762934374
0,0.3164356335776566
0,0.325144942122494
1,0.4076216667510788
1,0.4872095785497086
0,0.471789736708168
0,0.48328487493686534
1,0.4855013451368769
0,0.8388411103698388
0,0.292294015996404
0,0.30852767042367296
0,0.311996090271142
0,0.47909807753923883
0,0.4912989865659263
0,0.4798741724858867
0,0.30971411916623864
1,0.6912353416533328
0,0.3149084607977113
0,0.7485072391343066
1,0.7476993004083761
0,0.30864121953106166
0,0.319316096029734
0,0.3254078933455431
0,0.30224985861851944
1,0.4777761605387261
0,0.41094041718822616
0,0.32265058426665666
0,0.31408617025605434
0,0.31473398215078047
0,0.31309023194796604
1,0.8102485366104225
0,0.3009815532722883
0,0.8218373640367486
0,0.48986160273491713
0,0.5545989057023547
0,0.3135710717647667
1,0.7383844946719647
0,0.319529224123588
0,0.3181833009151593
0,0.7308901143062316
0,0.3008230457903784
0,0.29867434646303875
0,0.32661247681266814
0,0.31194414805411425
0,0.31301185753700944
0,0.31553857864890006
0,0.30450914475800306
0,0.31929046802947236
0,0.4759155075212564
0,0.29742483536794656
0,0.586608578751032
0,0.3169374013044172
0,0.6163495891258879
1,0.4783053962536533
0,0.3035465049578949
1,0.5815876029884749
0,0.8618086201002302
0,0.3093501253084652
0,0.7578871656764277
0,0.47948550996049577
0,0.3144396197433382
0,0.3296837823282738
0,0.29823721245458024
0,0.2963793901213286
0,0.31209691877947754
0,0.32159493283282486
0,0.46309044041321334
0,0.3099301934697077
0,0.48613105495173425
0,0.5611563492826636
0,0.314204700888516
0,0.3283182707778114
0,0.4834384698117335
0,0.47953812313634897
0,0.321177177684983
0,0.31930600548923355
0,0.704653034251027
0,0.3124802198656333
0,0.31397709259523704
0,0.3128552742973801
0,0.5836016095889635
0,0.31836772177644707
0,0.28125835021631795
0,0.7010538878462856
0,0.639169070443701
0,0.6732192083717085
0,0.600548650724067
0,0.2808193754045653
0,0.32443963164839223
0,0.40836639409265724
0,0.3102146596165516
1,0.38440065905759296
0,0.4755197090063219
0,0.2929592010912765
0,0.67683033264075
0,0.3156125422479107
1,0.4852147515673902
0,0.3075942614057804
0,0.3284125269304789
0,0.3174268379389582
0,0.31267354511670276
0,0.3066205079843895
0,0.2931283880071457
1,0.5676123193116669
0,0.3109289569836007
0,0.8321264814880155
0,0.30923964640476215
0,0.314943695667419
0,0.7760287034402384
0,0.31176966880644197
1,0.9351962819143341
0,0.3214925984476757
0,0.3174381184942867
0,0.7979336809264839
0,0.3172450527203794
0,0.29124766669204405
0,0.29508121082118427
0,0.32168301491202766
0,0.3196158559084022
0,0.3172450527203794
1,0.655968419418593
0,0.3253185486231387
0,0.310801270838556
0,0.7460538897545816
0,0.3147765452564313
0,0.48760662624880263
0,0.4831701260872102
1,0.46373140057334067
0,0.31496948946742015
0,0.7658791594651332
0,0.24353964757387345
0,0.47777538536880865
0,0.3188527814006035
0,0.3152012461754019
1,0.789963888718319
0,0.4776253339874661
0,0.7602208773906052
0,0.31764759713216256
0,0.5672203616185579
0,0.30956434538023114
1,0.5760918803295839
0,0.5578123986009051
0,0.32965419947665026
0,0.3164223244001778
0,0.32234556181700286
0,0.48001459398539575
0,0.731336858396142
0,0.30094061219254475
0,0.31409669456043277
0,0.31056518767059965
0,0.6801019942641013
0,0.660331154654478
0,0.4545882450332215
0,0.3182217559761512
0,0.3098390601078282
0,0.4738084294514412
0,0.32573536110801715
0,0.3133911325020722
0,0.31760588612576923
0,0.30842132770108877
1,0.5696890848017787
0,0.3059244538859868
0,0.31919618164482844
0,0.28784786388998806
0,0.31935949585329393
0,0.2995806420449193
1,0.4777725542489705
1,0.5662919322329103
0,0.3045515219218736
0,0.3198112842041206
0,0.30622677778601354
0,0.3111339797002161
0,0.48593472962143464
0,0.31325239491876034
0,0.30799730309258494
1,0.6923915316724241
0,0.3158344559805509
0,0.3115501246241838
0,0.3153356657804282
0,0.31771850259578366
0,0.8096182843517434
1,0.560661524291155
0,0.6590236194188221
1,0.4801932499276373
0,0.32188334156543
1,0.5761439702333767
0,0.32083753519154334
1,0.7718053532587617
0,0.3049974021737955
1,0.4852990169724685
0,0.2926733652714257
0,0.27008166584228693
0,0.3189785873951285
0,0.3006981978866811
0,0.32763064191270747
0,0.31449671573549576
0,0.3010161187671843
0,0.8519344214549449
0,0.14747804050677488
0,0.303341942717722
0,0.3288179500290442
0,0.45550395989983683
0,0.3115556016704972
0,0.30361547514296316
0,0.3181479704747294
0,0.3205194552835768
0,0.31625365586562826
0,0.32364495663470594
0,0.41168062488324836
0,0.4792555439562352
0,0.32320917447157893
0,0.30682788992191984
0,0.32229699076053636
0,0.4662730688027228
0,0.30261016022110937
0,0.4797887673178664
0,0.31418318707230813
0,0.5848770664643653
0,0.5764762120022322
0,0.3120156570400706
0,0.3062714075594887
0,0.13817154238229962
0,0.3278557450508753
0,0.2966417520747253
0,0.31659147761247863
0,0.30357182952080297
0,0.8674697478696389
0,0.3150276528134932
0,0.3219731920483772
1,0.4864170858230674
0,0.2883168373814882
0,0.2889683923904039
0,0.280735078790178
0,0.4835924360488184
0,0.5414215659824326
0,0.30549229556922325
0,0.5792192553722166
0,0.4872694369965115
0,0.476019573438416
0,0.3009376335644422
0,0.32771644604748185
0,0.3210216094730354
0,0.3220560751876405
1,0.48499879204999563
0,0.4660516320349975
0,0.5720217579497733
0,0.14999055599648242
0,0.6348269921467355
0,0.7313964786356926
0,0.7176592444529241
0,0.6630033161799935
0,0.3015460611780545
0,0.4619031871219727
0,0.30468009148952857
0,0.29248644000764296
0,0.5815532174253207
0,0.8173273754303212
0,0.6885175404782883
0,0.5816365659473092
0,0.47196771028065404
1,0.579915454991872
0,0.4736630173380692
1,0.48446302134597324
0,0.3198262150541279
1,0.5865924863731798
0,0.31406321919597396
0,0.4745734229141334
0,0.4754536665919322
0,0.3129922547568517
0,0.4731415632307327
0,0.8021003127046764
0,0.4114488758201464
0,0.3196990794530894
0,0.3305730207853244
1,0.486244358502646
0,0.31522659488959837
0,0.31697467073006175
0,0.4915160065858553
0,0.31535275907718036
0,0.3138543396393179
0,0.3158205745523023
0,0.3123820344137875
1,0.48638633806510406
0,0.6239722318148123
0,0.6614673781122676
1,0.579456497112
0,0.6588837140672562
0,0.3234254337966304
0,0.31550411378991455
0,0.3173533889579266
0,0.31684826557629414
0,0.3116211807693104
0,0.7895945128218084
0,0.6517432112978184
0,0.31310573563752164
0,0.32573536110801715
0,0.47426349942019663
0,0.5758747663324139
0,0.32008479736358364
0,0.4548542291875981
0,0.8519968237502094
0,0.4052800972578109
0,0.3070416837253294
0,0.40955822508647916
0,0.5582903154201669
0,0.5699135200514354
0,0.300869543466362
0,0.3054285551676071
0,0.32295489661360505
0,0.30458618348773125
0,0.2906837168988198
0,0.4767924598786775
0,0.30864121953106166
0,0.30651671074951575
0,0.3026952786840856
0,0.6328134963769698
0,0.46017983791545314
0,0.3089857372148945
0,0.3244647670083711
0,0.6886143177707756
1,0.4698573309909854
0,0.2373435271773888
0,0.32185001507815286
0,0.27503744595280905
0,0.315251647552839
1,0.5837114174222859
0,0.4116360979335509
0,0.30844458589867607
0,0.40993738083968073
0,0.5289903655041827
0,0.3180973539710947
0,0.31162999205239483
0,0.4116360979335509
0,0.31486602213858034
0,0.2937235043918001
0,0.7348748945652537
0,0.4920760255441688
0,0.31683100990283414
0,0.5394708305658303
1,0.5809140348898579
0,0.3164356335776566
0,0.3123222826427977
0,0.6947391848541984
0,0.4891543831571834
0,0.3285837253166957
0,0.47184478689401554
1,0.48505308337505926
1,0.5633704976410241
0,0.48575708029446385
0,0.41171927096023136
0,0.2987316774300567
0,0.5756848151148832
0,0.6439296999794762
0,0.6294286287464466
0,0.4472792111086018
0,0.4586862503160184
0,0.3249896703971266
0,0.31243935956772845
0,0.48049000331673447
0,0.3263875686320323
1,0.7343649126863251
0,0.3181178886253832
0,0.31756785619355893
0,0.5717824752730043
1,0.47893758495050853
0,0.4714270035085988
0,0.5721839877320745
0,0.31930729432488597
0,0.1342023124986645
0,0.2826110882359102
0,0.31531515766868956
0,0.4057274106885516
0,0.3092455825471769
0,0.319847398459226
0,0.4859385134932941
0,0.3286411685763876
0,0.7119099127120657
0,0.3204329169185415
0,0.3186273521305333
0,0.31162999205239483
0,0.31979588655289615
0,0.4818403755863459
0,0.3217438276834971
0,0.4679002512854175
0,0.31292302666524274
1,0.4810031872869994
0,0.3051187525574965
0,0.31056518767059965
0,0.3227135779901041
0,0.645861677045265
0,0.31148422849348006
0,0.30321713743300377
1,0.5817646127425284
0,0.3068712343701057
0,0.3268761037905653
0,0.41070551399467664
0,0.47492072173499544
0,0.5840929634259096
0,0.4804337155311584
0,0.5611494849484148
0,0.6812985985131171
0,0.47812984952292803
0,0.6961781682916555
0,0.30260881664905015
0,0.3147892743273261
0,0.34239532430050823
0,0.7948127617635508
0,0.5636432805309962
0,0.663217082071109
0,0.31628067589856296
1,0.4768839684293744
0,0.42249688593589363
0,0.3152149697170629
0,0.4845448936218109
0,0.3188703981827778
0,0.48382306864419744
0,0.3039918272108806
0,0.3271582748504124
0,0.31116356506847775
0,0.3101587521007684
0,0.4691583281239529
0,0.3021265269591734
0,0.7308945661098925
1,0.4818797421814654
0,0.31102576494228723
0,0.13913410316018684
0,0.3215784361440426
0,0.7979943278777375
0,0.3058680459579001
1,0.6410744485261046
0,0.47296739352897116
0,0.8400045306653674
0,0.49958280605447897
0,0.6474026438959385
0,0.41345240426664637
0,0.3175548804942387
0,0.32863567479896705
1,0.743411199276869
0,0.3177682132284261
0,0.3302135901232648
0,0.5539874131200554
0,0.5036783612465664
0,0.2951231664474666
0,0.3189433653851074
0,0.3215370920418774
0,0.30414710173802006
0,0.31228296804962385
0,0.3095160483952801
0,0.30949838118989953
0,0.30193228335234873
1,0.8248744536703814
0,0.30339174002875535
0,0.7801615881748261
0,0.3124288711307295
0,0.6425286680838
0,0.3155520439290793
0,0.3071069877071825
0,0.31651141029854096
1,0.5820365494943455
0,0.318668938409064
1,0.5828958805847677
0,0.3265003059544197
0,0.3146075402586912
0,0.4898977054714487
0,0.3167133926479392
0,0.31725798991530874
0,0.41154836905730663
0,0.31518118916368093
0,0.48029438981879596
0,0.6313207304809013
0,0.32147728493290184
0,0.31505240045568605
0,0.2881652599466832
0,0.31056518767059965
0,0.4694327770087334
0,0.7188568949757512
0,0.30477496019965755
0,0.45825122666152884
0,0.3134112884486785
0,0.47414906296395576
0,0.31367073643591914
0,0.5742449599554308
0,0.31973488668374567
0,0.3265965307945974
0,0.32639329630686115
0,0.6370067825235453
0,0.30016168025798834
1,0.48207086288614015
0,0.315743645998374
0,0.3196652623962376
0,0.32246292004266736
0,0.29827459086126423
0,0.3196858394455799
1,0.48778577092094155
0,0.32605515456897993
1,0.4814958196262133
0,0.4709073407378383
0,0.32082201512363795
0,0.3155444520163123
0,0.29214849819086736
0,0.4679008134905936
1,0.637565740251805
0,0.3033335169999993
0,0.8021003127046764
0,0.32508350252024354
1,0.48218061889674685
1,0.47856639162313785
0,0.3374458180330957
0,0.32526110575606093
0,0.47825425189196724
0,0.31874882465028925
0,0.31029104532188695
0,0.8281066395136312
0,0.3198905221448459
0,0.47713618417903325
0,0.3307196097670818
1,0.6435908371979759
0,0.2816123437974405
0,0.4522316757084004
0,0.29797480747382216
0,0.30995160022732915
1,0.7483698366030557
0,0.31389774733865217
1,0.9283483799901943
0,0.2960820618593064
0,0.5814882476096663
0,0.48222500324197737
1,0.483679023713884
1,0.5680191826744478
0,0.31658002315205885
0,0.3099206467816406
0,0.47910191658385715
0,0.30595738247833343
0,0.6398486445197189
0,0.3059318519152013
0,0.31275453646936824
0,0.27097365160010467
0,0.5395072340472052
1,0.4873148666579234
0,0.3269539215508669
0,0.6398474540331145
1,0.6601310401758863
0,0.571897144504615
0,0.5702095512452842
0,0.2956748669888891
0,0.31589716558202785
0,0.6117953494992379
0,0.3047398724275463
0,0.4568542195773142
0,0.31679555729161646
0,0.3124655377934634
0,0.7649748144220602
0,0.31598644863524006
0,0.29585243038532427
0,0.3164058353999647
0,0.32652048972071285
0,0.32052825017162473
0,0.30401165420075876
0,0.30525311465613364
0,0.32212040309274603
0,0.3150171625404163
0,0.31967201180002836
0,0.480922750419958
0,0.33008799147019974
0,0.3138101719817029
0,0.41156842547938677
0,0.32635719765867377
0,0.31932769765313906
0,0.30045089732429947
0,0.6457872405397531
0,0.6811847347899648
0,0.6334210332518637
0,0.3299446940079715
0,0.8769474061355014
0,0.577249678674689
1,0.6398321610708905
0,0.32640066863351036
0,0.28965544026046375
1,0.643407198928044
0,0.31056518767059965
0,0.49332326820608796
0,0.29057246451118857
0,0.48928766289421605
0,0.688461761758037
0,0.3241606739135207
0,0.3171914164322835
1,0.4087149163236327
1,0.4883759007006441
0,0.32644150994152454
0,0.32714847328999225
0,0.8176988504923199
0,0.5863771627988246
1,0.8255382350577675
0,0.3120869835520489
0,0.3213129945763248
0,0.32124487308901906
0,0.3102931736298887
0,0.49235073316052996
0,0.31919172925046757
0,0.6961586917433905
0,0.37756113187416784
1,0.4763267410900456
0,0.3092455825471769
0,0.9379544495121522
0,0.31477741949445387
0,0.4818591021009041
0,0.5697231654286617
0,0.3275956298589974
0,0.5889961959001051
0,0.31703720267459345
0,0.3264275391565033
0,0.27929434188759117
0,0.321613223657314
0,0.4736932856006292
0,0.31602733646938763
0,0.32709021690083667
0,0.30277819511106735
0,0.30871119921723256
0,0.31204184140796093
0,0.31821464029645463
0,0.31627229980279226
0,0.31127761946764904
0,0.42400917139187955
1,0.47803496674193147
0,0.32366083611383806
0,0.4801206164761701
0,0.31517593297372304
0,0.4856655918321904
0,0.8294757863497138
0,0.3186551551094096
0,0.3190678335472743
0,0.3201295614547026
0,0.3235983347063292
0,0.3040416319717126
0,0.3177452261613387
0,0.5284366870980909
0,0.3190947057615676
0,0.3016580579305983
1,0.4853559154450083
0,0.30864121953106166
0,0.2851260490218658
0,0.4122074202578347
0,0.5998681514817555
1,0.5791247548051448
0,0.4855080754338396
0,0.32245083439011085
0,0.3182772897418002
0,0.2883849846881285
0,0.4848295676352247
1,0.49514289367983716
0,0.31696500939513217
0,0.49467375476169095
0,0.4748984264342701
0,0.4887615019461206
0,0.558333588023898
0,0.6750432367224041
0,0.6474064915102643
0,0.30361547514296316
0,0.3275842987211575
0,0.3228880004388917
0,0.46943697000615325
0,0.6451852221216098
0,0.32124487308901906
0,0.5762203802033444
0,0.6455240413023607
0,0.48304389308791473
0,0.3122880634174831
0,0.30059998733594545
0,0.3196630669124213
0,0.693130007233198
0,0.31885105529750346
0,0.3220531455767645
0,0.672892658670497
0,0.2958257603101715
1,0.6449725899407346
0,0.6412055885263076
0,0.8540370566198983
0,0.3160051298721777
1,0.48616648820754355
0,0.3154009651159301
1,0.4790172629025385
0,0.6638887402801847
0,0.4750891422146133
0,0.28869355471024166
0,0.8496408840584024
0,0.3090392508333325
0,0.6948310843709898
0,0.29074984801952386
0,0.31712426490366485
0,0.31814366194888744
0,0.3241526872823451
1,0.580783717499743
0,0.4731539680116618
0,0.485499409045327
0,0.6847376127851019
0,0.5636586005435212
0,0.5774079097185885
0,0.31384475584552657
0,0.47195314801797894
0,0.30328500623968896
0,0.7256267853166597
0,0.30864121953106166
0,0.4597725638369397
0,0.41030458403676884
0,0.3021178283851078
0,0.31792817274804247
0,0.3048719929895417
0,0.41103162058856774
0,0.31708130244341093
0,0.4660306392290147
0,0.4604102370363989
0,0.32260392985732905
0,0.46955738142775255
0,0.31029104532188695
0,0.31590408729111397
0,0.4701145440636781
1,0.4793909394479134
0,0.32134032381829913
0,0.3254078933455431
0,0.6274142006745136
1,0.7689780310908549
0,0.5711037911900078
0,0.31287861717403903
0,0.48008631833754273
0,0.29885017574179423
0,0.2937712726941167
0,0.31804756582224725
0,0.777975656052748
0,0.6842107096960006
0,0.2970409395233386
0,0.29943844853916646
0,0.553066858940732
0,0.2811260918262793
0,0.8507205979533724
0,0.2908133676383283
0,0.6292218392469282
0,0.4060858167099875
0,0.3172450527203794
0,0.3245883343230797
0,0.3124905995282982
0,0.2997157208504765
0,0.30167511834443606
0,0.6502971671136668
0,0.3222522970365256
0,0.32636922632541154
0,0.4111110402408069
0,0.8672107714617656
0,0.6183425254628209
0,0.32799792183214516
0,0.4674542658426641
0,0.8126485684117123
0,0.7306673499982826
0,0.5258571026316456
0,0.32257786528514604
0,0.33549897528852224
0,0.3241932338184297
1,0.7176639341523308
1,0.4860674973016111
0,0.8025841407725969
0,0.3155275104003842
0,0.3237894516778183
1,0.5762617355558457
1,0.7566428928256319
0,0.7284431901844446
0,0.3291711545751285
0,0.7032077250873843
0,0.306723235214567
0,0.4620719975732786
0,0.3244813980361469
0,0.6976547372971074
0,0.31631625960267334
0,0.32336265325788927
0,0.6531366415471347
1,0.7761868292268761
0,0.31766670429883936
0,0.30361547514296316
0,0.32826250074929864
0,0.30735396879909044
0,0.4070627648319493
0,0.31200210355124885
0,0.4795861856423404
0,0.48079321837488104
0,0.7859171728376695
0,0.31406003491165735
0,0.4084639857180266
0,0.3080185530751898
1,0.6348120107142897
0,0.5760011345512154
0,0.4791625167325224
0,0.3214634885297708
0,0.5769023836627948
0,0.3268857682407963
0,0.3159781886870684
1,0.4764285721899571
0,0.298175205233317
0,0.2907306579039608
0,0.4598186220757727
0,0.6448510741031422
0,0.3195070865949553
0,0.325560973782119
0,0.32113362155634845
0,0.3256869317384178
0,0.3116211807693104
0,0.31612710272463
0,0.4759942215930282
0,0.31763417496944524
0,0.4646632535059871
0,0.3064320524012132
0,0.4301122812205595
0,0.31503641704274377
0,0.3235429351831316
0,0.8376656037839542
0,0.6634028150285662
0,0.31928408588863405
0,0.30717155042168803
0,0.7567900059100128
1,0.4908025911422135
0,0.41056200210429133
0,0.4857666599584442
0,0.578825538630131
0,0.3155906279152207
0,0.659363489130401
0,0.3237807283803533
0,0.3114683333733707
0,0.31935231237008965
0,0.6627990804723456
0,0.3191264288408667
0,0.31072417032449773
0,0.46258030427298164
1,0.5752021017844386
0,0.48576752887483426
0,0.31645028193790176
0,0.5861457897488691
0,0.3128624239847928
0,0.47458241011541735
0,0.32755917174955035
0,0.4718753644563768
0,0.48721423751403536
0,0.31039020615321167
0,0.5724469115583938
0,0.3044297647635977
0,0.7389312802428603
1,0.4854862007599013
1,0.7390928987627868
0,0.793963259435288
0,0.5822615969622714
0,0.47752609691655185
0,0.802034398613214
0,0.31309648402927487
1,0.59249229634757
0,0.11890808131854425
0,0.4731385275359754
0,0.2912366964407303
0,0.7247670957150956
0,0.8397133118915515
0,0.46913711456225365
1,0.5791085741066763
0,0.4846424059874282
0,0.5826535369342671
0,0.30785789002304054
0,0.32075198422117657
0,0.8390750745130432
0,0.316816296484522
0,0.31277932923746066
1,0.4848424894728245
0,0.7386612470797635
0,0.5558606603965972
0,0.3141084152678507
1,0.5876708721815478
0,0.469181750588902
0,0.7823925138086094
0,0.47364695620314273
0,0.6532211740182245
0,0.3016230109942907
0,0.41237973935406996
0,0.48380964684338423
0,0.8384928203344254
0,0.32701306706294403
0,0.30368391858045396
0,0.635034204580694
0,0.32509574920597906
0,0.4785611451733857
0,0.44980846713923056
0,0.41103162058856774
0,0.30733003607939774
0,0.32427247345123783
0,0.31873610309870287
0,0.47061617467216604
0,0.31764597110284193
0,0.318793848924621
0,0.29737100059430366
0,0.31520612139893905
0,0.2906088864438577
0,0.32691784154159503
0,0.30864004656631716
1,0.5578251270147165
0,0.48663133108329043
0,0.2851130799276124
1,0.5821495282673923
0,0.3167603043402646
0,0.3034631548740887
0,0.31453040422230505
0,0.483574301065251
0,0.8195440047484936
0,0.8905822079560368
0,0.4675375419228932
1,0.5851422421546112
0,0.2937486684356356
0,0.30481443094819544
0,0.47849964495727865
0,0.683468802757404
0,0.576714027414285
0,0.2995292969382644
0,0.2994477964294769
0,0.5815073502694484
0,0.3105160872456377
0,0.2869673768465427
0,0.576834581756453
0,0.31872760661137406
0,0.31710715359035846
0,0.32733195227404727
0,0.3302135901232648
0,0.4827293030900803
0,0.41280509589468967
0,0.3214862963623417
0,0.3023709686581096
0,0.6288735233067153
1,0.48326513944232724
0,0.29667961532127024
0,0.3231530173760308
0,0.6015249530062048
0,0.3118447352914766
0,0.6463772493761799
0,0.30508180323393536
1,0.6510579805867854
1,0.49021051302507207
0,0.31847211896522964
1,0.5785562896138118
0,0.3263292238651952
0,0.4824911007807851
0,0.6474003023632016
0,0.7665609362840514
0,0.7752231572170059
0,0.323094409284541
0,0.4794364512909847
0,0.3017218500727409
0,0.29467409790423527
0,0.318783833115172
1,0.47923787655465305
0,0.4905345664491655
0,0.3114975912029118
1,0.4899700624856758
0,0.3241123662041097
0,0.3142376876058688
0,0.30563355257594027
0,0.3237844105385656
0,0.40894531449682403
0,0.3208228703010318
0,0.29938001841109324
0,0.46955577904307644
0,0.4650604000544243
0,0.31823096361026726
0,0.4808058397670535
0,0.4707932344723461
0,0.41336711284846894
0,0.31979890749610085
0,0.3136591853506626
0,0.652837620077373
0,0.6085258536050591
0,0.32786489823754533
0,0.32475762211145565
0,0.6391498759483474
0,0.30918611688443953
0,0.29747372973318387
0,0.32113362155634845
0,0.3164018190657951
0,0.31031719833309845
0,0.46770808042771767
0,0.32549031811794593
0,0.32238415507848633
0,0.31802830465639204
0,0.30864121953106166
1,0.48346453107209597
0,0.7768423362419261
0,0.7401123979152148
0,0.3017087998076243
0,0.3085637675148981
0,0.7978321827270508
0,0.32731172753295246
0,0.3098390601078282
0,0.4763793774181449
0,0.4084639857180266
0,0.8464816592823062
0,0.47646265827818757
0,0.313146100618104
0,0.48245548511073244
0,0.30232810712668173
0,0.31799225267543013
0,0.3261381825547058
0,0.30831493817483013
0,0.30948061140210575
0,0.3264009989495083
0,0.1295302845759529
0,0.31066794300241657
0,0.3177685527666497
0,0.6622255470941988
0,0.8443207865522854
0,0.31219837042338616
0,0.7629613717398706
0,0.32884883359446476
0,0.3172450527203794
0,0.3194253154327698
1,0.5843211214613168
0,0.33634809058680304
0,0.8413885090269615
1,0.5847735146958116
0,0.3151698119369192
0,0.4764521194377571
0,0.48411604323700513
0,0.31608325510017327
1,0.46811073176445905
0,0.31825720876169955
0,0.48531418867020787
0,0.48400574060086077
1,0.9161023446912336
0,0.48316945838626996
0,0.584556767341086
0,0.3228406938061934
0,0.4849073647773598
0,0.3204772457955526
0,0.32205591128422334
0,0.3140890763035595
0,0.4743608933872004
0,0.8586605031721207
0,0.3118400144323278
0,0.31292595022687336
0,0.5683576964554593
1,0.47661341757615955
0,0.30361547514296316
0,0.31521441027149133
0,0.2863854049684395
0,0.6671750577771499
0,0.295139147312543
0,0.31581826689350345
1,0.4615321560638342
0,0.3057883782860241
0,0.8683460035755326
0,0.48682619521625586
0,0.3237691502405237
0,0.4753791762850875
0,0.41057753768872085
0,0.3250337166413313
0,0.4829450035360128
0,0.4637953967834215
0,0.3278154898535198
0,0.7169441762274646
0,0.8443717772982045
0,0.3020330573060886
0,0.3197474146385291
0,0.3154097753373959
0,0.33478166189286557
0,0.3170425298445447
0,0.6427967135173104
0,0.32441854461168484
0,0.3192794965788428
0,0.475940991509356
0,0.3156691133204786
0,0.4724905061702719
0,0.3079642564435084
0,0.30864121953106166
0,0.3225250105857755
0,0.3154989438449744
0,0.6321107395057827
0,0.8130900405780287
0,0.2856951220018709
0,0.32843307783794307
1,0.4811709977578812
0,0.31906369673250284
1,0.4836750688986841
1,0.8354674067998981
0,0.47831169841145676
0,0.32320917447157893
0,0.604136164242768
0,0.47834743868677354
0,0.45258844632583506
0,0.31795612142894114
0,0.48131369196813434
0,0.7377834852905513
1,0.49496455854351484
0,0.41269721550916477
0,0.4784023911891811
0,0.322627242324378
0,0.30734401596128835
0,0.6747481647405454
0,0.4300963745527109
0,0.5683974863709047
0,0.30418186287483795
0,0.6550060559034747
0,0.7013272673219202
0,0.7256048924619154
1,0.472053552621016
0,0.49424038070810095
0,0.48089432184737785
0,0.6481557186218825
0,0.4128773881246835
0,0.3093901639550616
0,0.3234226922312914
1,0.4747921659686303
0,0.5830224107944082
0,0.46761159810463154
0,0.4829459966836025
0,0.6094386406958694
0,0.31290735919328566
0,0.32194800745208196
0,0.4585858576722275
1,0.580878106295842
0,0.31807009757700394
0,0.31013713418055444
0,0.31317674742335927
0,0.30107063273407947
0,0.3211074747818171
0,0.3043787483714578
0,0.3092455825471769
1,0.6356459517683898
0,0.4777901723053495
0,0.3097358264336601
0,0.3283355885021594
0,0.5861339592756993
0,0.31816105157921876
0,0.6600166525333043
0,0.6454783933497068
0,0.6966193906613306
0,0.5852269607802727
0,0.3133035580362721
0,0.8462347214779561
0,0.32028748626320375
0,0.309908669905363
0,0.3306793058010445
1,0.6990545569621519
0,0.3187621132494605
0,0.7122059354222151
0,0.47347331074774857
0,0.25440138313412575
0,0.3131297889395215
0,0.644093805602517
0,0.6648687930223655
0,0.3146135372382792
0,0.8763220368581393
0,0.49789694776579035
1,0.7225588734849558
0,0.31944434109403275
0,0.6363404224678978
0,0.3000380036557552
0,0.3144288163908529
0,0.31049937056887017
0,0.2954917175521428
0,0.31261300315263435
0,0.3008071991792099
0,0.4703844510430398
1,0.47281937128554624
0,0.8693448411165964
0,0.3184567431778059
0,0.6896956795976709
0,0.3202329948751243
0,0.5794444104254919
0,0.3053119493027789
0,0.4684237353127884
0,0.317058217352358
1,0.4907432570963763
0,0.473280469211283
0,0.31036715615549587
0,0.31181549432266187
0,0.30826622261084013
1,0.5864780834250414
0,0.6567996280633087
0,0.5774398849692012
0,0.5807857961936665
0,0.3200601652053279
1,0.48357126061647043
0,0.31712426490366485
0,0.4642146817823229
0,0.5721343227082075
0,0.3087652932639345
0,0.3202643379482007
0,0.8021003127046764
0,0.3217610642282514
0,0.759832361943665
0,0.2994681889892985
0,0.3074894416577224
0,0.8419599128931234
1,0.4788233949383914
1,0.47022371148172626
0,0.3225158918302461
0,0.4833986809509552
0,0.31561429199751795
0,0.32141817571477177
0,0.3193837908072764
0,0.6405630108541491
0,0.3097862171386002
0,0.32168636416394314
0,0.32305743223895067
0,0.3263714264841838
0,0.3061794478290282
0,0.32260392985732905
0,0.48332635145530894
0,0.49140499679105587
0,0.31789823861369243
0,0.679596399602798
1,0.48230506414254837
0,0.47999742541124946
0,0.755331192587759
0,0.47186778634968024
0,0.32134311985171493
0,0.30022993625886035
0,0.6334716836799508
0,0.3150421032852821
0,0.6761584462094923
0,0.30199205030088794
1,0.6902261381454456
0,0.31497467021842646
0,0.4610780866539232
0,0.28264795779474755
0,0.3110631973058689
0,0.4840122532192406
0,0.313960994233875
0,0.3060140713722636
1,0.4702634402824346
0,0.31432713629179726
0,0.48771431581586555
0,0.48911596734008544
0,0.3278467286894427
0,0.3220328032815856
0,0.3302987165830268
0,0.3123317061635933
1,0.48989329933333653
0,0.3185405250718719
0,0.7853775593772089
0,0.5654630841828452
0,0.2986343221450608
0,0.30864121953106166
0,0.30864121953106166
0,0.31878919483773543
0,0.3183656395648526
0,0.3347567250653939
0,0.32690558430041083
0,0.31883319233753504
0,0.3240276101220771
0,0.3166155103196891
0,0.31694616752873134
0,0.3104820959977983
0,0.320944577156498
0,0.2926856116420275
0,0.31567132115583363
0,0.3283155797871976
0,0.40962176725848326
0,0.3261468880060376
0,0.31548228836068537
0,0.7939547363143934
0,0.49266703251041793
0,0.14811819878990262
0,0.31031320142272434
0,0.30864121953106166
0,0.279085865375072
0,0.4810959023673017
0,0.41167959566443163
0,0.31814689384606815
1,0.9235374756683142
0,0.3007448783619772
0,0.3194348536050828
0,0.3182580689168892
0,0.30404295332981146
0,0.2988665344794446
0,0.3152805390984152
0,0.4809254085257024
0,0.40993738083968073
0,0.31164597572144875
1,0.5643821781431507
0,0.297802635185195
0,0.13251645851160626
0,0.32104690645144046
0,0.31658701071119394
0,0.31162999205239483
1,0.5839792326612693
1,0.48467501089723153
0,0.6974972641590974
0,0.3344725775496099
0,0.3012534423112151
0,0.31482134349341406
0,0.6028022932828847
1,0.5819815349793387
0,0.5672627533055173
1,0.4713458685955406
0,0.3118843479525651
0,0.48471248179106036
0,0.4788441805847085
1,0.5728163280981435
0,0.31975269317384264
0,0.6865287314833561
0,0.31187515031389046
1,0.4542488870693505
0,0.6798856225606874
0,0.2992488513737977
0,0.31909352949860265
0,0.793516698057589
0,0.4871610472558875
1,0.5815128955706952
0,0.30357358673218854
0,0.8526078698999042
0,0.47556257844653327
0,0.3065142936124863
0,0.6239681040965134
0,0.33310428368064265
0,0.6751180802654099
0,0.3085501890228165
1,0.48424339377139836
0,0.46316741984485343
0,0.4832419054609161
0,0.577420967437031
0,0.3091797741661762
1,0.46876505783358263
1,0.3296141394492734
0,0.5831921118824178
0,0.3078338792915484
0,0.5785456038770109
1,0.6857445163447607
0,0.8113521169450788
0,0.5989056007640824
0,0.3281465782797137
0,0.30725149154846704
0,0.3132700385714556
0,0.6898171153391442
0,0.49752824334804757
0,0.3146734598866255
0,0.31393143730182765
1,0.6583195639587419
0,0.6475095815031365
0,0.30515659200483286
0,0.3216295839788305
0,0.3107104072868141
0,0.4109717894139652
0,0.41111706846345936
0,0.4672094926421345
0,0.3234254337966304
0,0.296284814905008
0,0.3162337266105745
0,0.4726459258669598
0,0.29416112326689664
0,0.3073503177967271
0,0.6837725077158685
0,0.3142491784524807
0,0.4113944677179684
0,0.6487338139226224
0,0.3151843932151594
1,0.6379055258885165
0,0.3216866100303558
0,0.3221296783730874
1,0.48071201773329364
0,0.3173306284992169
0,0.4699944625263775
0,0.4827763790011895
0,0.3261172386672498
0,0.31056518767059965
0,0.3210924570041069
0,0.27782130121315113
0,0.3127480186753558
0,0.320214319085385
0,0.30942728989053025
0,0.8236211181909177
0,0.4861494466495238
1,0.48912254644854114
0,0.3025077835583233
0,0.31648466421925064
0,0.29891235623271134
0,0.30306938920682724
1,0.4834368610951216
0,0.3158002356036713
0,0.3241673710992052
0,0.3171714737044663
1,0.4748757062115174
1,0.5789159245694309
0,0.32078896447500027
0,0.30648449255136384
0,0.3132055696613555
0,0.30544239856544064
0,0.6543389723423855
1,0.48335012980931025
0,0.29902011581536814
0,0.4060858167099875
0,0.31056518767059965
0,0.4887828159489112
0,0.6480977157479858
0,0.7244461094126798
0,0.8072802867999042
0,0.48935702871352255
0,0.31944136880004137
0,0.501392070483914
0,0.3195119111137006
0,0.2952533087668941
0,0.6586735304188116
0,0.30832968299813296
0,0.3064629630889749
0,0.31056518767059965
0,0.6479445126295899
0,0.3093653651365647
0,0.32210523117007184
1,0.6442711537126231
0,0.3269938902809265
0,0.3132102237660071
0,0.7636347336397824
0,0.48697138394472467
0,0.4746291440769819
0,0.3192593114413698
0,0.33006839729589704
0,0.31788387315826744
0,0.3046811782242041
0,0.2988282765597715
0,0.3136938133848056
0,0.5775010387871248
0,0.29887412043438216
0,0.3010422572350198
0,0.31699843626443547
0,0.5601673025390562
0,0.47891527710028275
0,0.29542463245593803
0,0.2948137894571951
0,0.3090287299628935
0,0.3121640616470852
0,0.3155077039606706
0,0.7671927742767161
0,0.3092455825471769
0,0.32640066863351036
0,0.5881447452326314
0,0.3192363041699463
0,0.29535731281392
0,0.6445717545803035
0,0.32805757656490914
0,0.29561259611572627
1,0.49181862021892686
0,0.32009339508176965
0,0.29219240906062305
0,0.48388848396341216
0,0.13110423498566456
0,0.5638825918665982
0,0.6409351556302496
0,0.48138077296823895
0,0.6790876597473504
0,0.3147840904604094
0,0.31029104532188695
0,0.31842388892557677
0,0.31052072836262123
0,0.3265666572279453
0,0.31629721984117487
0,0.31555963793641745
0,0.32461240494482907
0,0.3190059301873481
0,0.7313593858318189
0,0.3055545752204724
0,0.29305149005818437
0,0.7778121947390955
0,0.3037817659038426
0,0.3254078933455431
0,0.48727573832867915
0,0.48161357593198256
0,0.3106711231187149
0,0.30734469900332223
0,0.31884652512558387
1,0.6284839109749595
0,0.3046434172922592
0,0.3143671684732609
0,0.5830079197670576
0,0.32268494919527974
0,0.3054375581469599
0,0.6575112950133861
0,0.6596891805318128
0,0.3181354756266192
0,0.6287184307444905
1,0.5564503369542992
0,0.30339044573052704
0,0.32127607714743706
0,0.3172861295990932
0,0.8127762954046471
0,0.30935350218049945
0,0.48024415782517893
0,0.29587636389717076
0,0.5686406652813343
0,0.3088816592770928
0,0.3131577216427913
0,0.30975028865362075
0,0.48111346372307473
0,0.3009965041565721
0,0.32229699076053636
0,0.4875211293093066
0,0.31364474229616335
0,0.5858075722754549
0,0.2957342161654064
0,0.5792577010165321
0,0.3142309944361931
0,0.3308991793188518
0,0.2784567220233604
0,0.3012940383420457
0,0.6927229996016467
0,0.486094779187444
0,0.32043091762091513
0,0.3080547862891493
0,0.3155630386323897
0,0.29707873913506877
0,0.29966657803600694
0,0.48061461685467866
0,0.47008902818579856
0,0.32052795993750055
0,0.3178182898003476
0,0.5816976528150793
0,0.3203320150646585
1,0.48966661486840185
1,0.7266616250397702
0,0.47289002252280926
0,0.7083288657672648
1,0.8209536597139467
0,0.7336617186012103
0,0.6785171717624867
0,0.28116654000014807
0,0.3092455825471769
0,0.2882853390952294
0,0.32186214127760765
0,0.49235522664908504
0,0.31737038853408367
0,0.300542873697694
0,0.7256818650130995
0,0.47674686462480925
0,0.48048920854289767
0,0.32066954068489706
0,0.3205766718968515
0,0.3163623642816283
0,0.3115274001140841
0,0.3055545752204724
1,0.48131384731847815
0,0.29544796448202987
0,0.31029104532188695
0,0.12556975823428593
1,0.7549475279850668
0,0.6297288066543933
0,0.315659926480028
0,0.30823064686383
0,0.300836285527353
0,0.41103162058856774
0,0.4730352592706627
1,0.4862888508610412
1,0.7079976991814416
0,0.8156373110031091
0,0.3165930128508321
1,0.47982467579188537
0,0.3098504277273624
1,0.6483026022246617
0,0.40962176725848326
0,0.3155901391050026
0,0.31271741866535985
0,0.3126291608212445
0,0.32179351804863443
0,0.3061525162875644
0,0.6846164871766752
0,0.2890463727424876
0,0.47911472112917897
0,0.313308150282617
0,0.6980909300592008
0,0.3039247763629569
0,0.32515823545989864
0,0.2963563591679149
0,0.4855010429758176
1,0.4020960268624859
0,0.4616527839823262
0,0.3063665785439511
0,0.32342820056264243
0,0.3079439737283623
0,0.3062452120955225
0,0.5806061373190482
0,0.839199907670686
0,0.4844319388502339
0,0.48349587028685787
0,0.3125242888639029
0,0.40993738083968073
0,0.7224888667872461
0,0.3022936433688978
0,0.30065402211759573
0,0.3340108899052915
1,0.4826074477985492
0,0.5816899101718276
0,0.31527339866418763
0,0.590849039455689
0,0.31615385944624025
1,0.4923444751208231
0,0.4758909501054466
0,0.5849934330642284
0,0.3172140497264189
0,0.4819443826716745
0,0.7238127371085697
0,0.32273986842965463
0,0.3037582705895367
0,0.571540135268546
0,0.48536977120585056
0,0.31527339866418763
0,0.6648687930223655
0,0.30842136901617706
0,0.31836238904932335
0,0.3195522936422598
0,0.3089566240747679
0,0.30864121953106166
0,0.6439719276880521
0,0.889158752769664
0,0.2957196018815183
0,0.29163915297232595
0,0.58620920160498
0,0.7399503982844515
0,0.31750727608125645
0,0.3246544926368908
0,0.3157720361155587
0,0.29819748680160635
0,0.31863518789748396
0,0.30864121953106166
0,0.5962632540630347
0,0.32148631646270887
0,0.31471561381123997
0,0.4202046026951838
0,0.3238613802772992
1,0.591021272004175
0,0.3110234768093558
0,0.4346935228387538
0,0.316398927375319
0,0.47190622001622723
0,0.8173727050060482
0,0.32709662161536457
0,0.47434573154182896
0,0.5812801087493876
0,0.2996596669647725
0,0.31605227081630816
0,0.30326917309251533
0,0.3204600520911252
0,0.47666784762238945
0,0.31310548931405474
0,0.8765691427867643
0,0.3318575506977085
0,0.33017999151874067
0,0.48413354491258664
0,0.3158517876760262
0,0.4113129608724622
1,0.479958002503723
0,0.3178277893239955
0,0.31722955753508764
1,0.871478940437109
0,0.46600451615943306
0,0.32031370174926344
0,0.5916643190477842
0,0.4060858167099875
0,0.3266791676855786
0,0.47773287178327273
0,0.3028695619206505
0,0.292529664830758
0,0.32481952411370535
1,0.48442890120849286
0,0.312643648878373
0,0.48247087620273527
1,0.48913360388137767
0,0.2828556203657028
0,0.4809219059710249
0,0.580387622316088
0,0.31275601544555615
0,0.6947918025926166
0,0.3024368954931844
0,0.48787042209646236
0,0.4798532940681676
0,0.7130437678856417
0,0.4783949422908078
0,0.31127349916392016
0,0.4777015283523805
0,0.5617989099895208
0,0.7202471799631044
0,0.3165548790686625
0,0.6488038833428553
0,0.3234254337966304
0,0.5629956755637385
0,0.3283182707778114
0,0.2834132185772911
0,0.31565667061690017
0,0.5898721954832877
0,0.31409911317570766
0,0.2927351263362035
0,0.7389898221429294
0,0.47404285783519556
0,0.3192886307265236
0,0.4720193944022833
0,0.3124402880665211
0,0.31896469386598897
0,0.31488835182965086
0,0.3198467120308218
0,0.8515130065386531
0,0.31056518767059965
0,0.9006218508675966
0,0.5785393045132224
0,0.48049000331673447
0,0.5778412083524083
0,0.4809951543042948
0,0.31506302443539874
0,0.4776648637299424
0,0.3209829751451736
0,0.7550377490947423
0,0.4709589847194974
0,0.31828056354019185
0,0.3077174532331735
0,0.6453020097390392
0,0.31834617720871117
0,0.31741737335566217
0,0.3152012461754019
0,0.4875536725052056
0,0.31202261918275037
0,0.48507219646331007
0,0.31574195999085525
0,0.6265778503652205
0,0.32678406276666466
0,0.41070551399467664
1,0.7325187415288382
1,0.8232392769456367
1,0.476289914445555
0,0.3215503839362078
0,0.6106440772176583
0,0.313632084723892
0,0.30424939888496244
0,0.3195205251209888
1,0.4748972904474627
0,0.6740914719642301
0,0.2940176449695043
0,0.3225627652776346
0,0.31424968323938324
0,0.4766669330599312
0,0.4759095886325006
0,0.3048901963002787
0,0.32199191716561304
0,0.478364082693425
0,0.41103162058856774
0,0.8399044872246635
0,0.3092455825471769
0,0.31654347641207536
0,0.32050404490621276
0,0.31546116532035967
0,0.31710494114174126
0,0.31700898639932024
0,0.3264009989495083
1,0.641625650216764
0,0.3233435970906668
0,0.32079813211800506
0,0.4832921760171178
0,0.28307487326917197
0,0.6976609937317246
1,0.6520060738762725
0,0.41340971773794266
0,0.47786578484612585
0,0.31723636573510694
0,0.310066000145717
0,0.3114042555371446
0,0.3139820313148193
1,0.7710186472175229
0,0.4767126577889744
1,0.4683356558404523
0,0.30864121953106166
0,0.28646495649208115
0,0.30361430840939546
1,0.8589208125758048
0,0.3052968373858592
0,0.2948917770827276
0,0.29900455946403487
1,0.5777426029173557
0,0.2889756298489073
0,0.3316279567879698
0,0.4867619375938464
0,0.31820052208360405
0,0.6872769023508817
0,0.48655121164993
1,0.580385118911966
0,0.4791375778950626
0,0.3091220955219422
0,0.4789797024920702
0,0.3233252103476633
0,0.3108820820728949
0,0.4732573273558202
0,0.3172957951565325
0,0.4120480171597303
0,0.30931619256133824
0,0.46349403604797396
0,0.754747524360096
0,0.47545812522392533
0,0.31502801720359186
0,0.3255380951331427
0,0.3155737458931434
0,0.3164614649034382
1,0.47386493600446394
0,0.2858744030845674
0,0.3250044425871512
0,0.29995349569967195
0,0.3254078933455431
0,0.4751581801095249
0,0.3207404212149297
0,0.44448740036513756
0,0.3162825416995075
0,0.319289046496603
1,0.4422745051766916
0,0.33318105763585626
1,0.6929934769793183
0,0.31373622074546575
0,0.5671376861633721
0,0.8018643631045222
0,0.3222030754105576
0,0.3025105042009947
0,0.6449928444990575
0,0.3207498394857931
0,0.31659261543858547
1,0.6051662830739598
0,0.3243849541579937
0,0.3175474934808
0,0.33178058778853303
0,0.2946152377305744
0,0.47890362283781074
0,0.2939866994600871
0,0.31032237083418374
0,0.30613764417089656
0,0.3254078933455431
0,0.2955108781223067
0,0.9046794479189519
0,0.4793894896626091
0,0.7596713930578304
0,0.31997311855317895
0,0.8560494911326039
0,0.3221429826164839
1,0.8896829569862726
0,0.4839992514256253
0,0.31341082060381825
0,0.29978209425087493
0,0.47708299149175903
0,0.31787084837167245
0,0.31654984098947325
0,0.31327598004624413
0,0.573241950816075
0,0.31393922768687216
0,0.5602944511133692
0,0.31433254462737664
0,0.3141176873690533
0,0.5441699095834331
0,0.31765724790016897
0,0.9223080983375279
0,0.3292673674053197
0,0.30975732339207057
0,0.7468856201076718
0,0.7855794422500947
0,0.3141591929852213
0,0.3253079053065355
0,0.6456343386695065
0,0.3077227656824244
0,0.484198270414126
0,0.32119702632599606
0,0.31804148175150715
0,0.32079070768261664
0,0.3229405563688903
0,0.3273399887649831
0,0.32172426300838314
0,0.6422484946094609
0,0.3014637338114137
0,0.26232216809212716
0,0.41187289386415993
0,0.30734469900332223
1,0.7825983859623324
0,0.32635725881172
0,0.8298796793121394
0,0.47984690983022105
0,0.3277035167269632
0,0.4096547920795312
0,0.30936898140011
0,0.4044742021911312
0,0.3319979992633412
0,0.32081546807617767
0,0.4847802622474508
0,0.3210960738984531
0,0.3020718273496602
0,0.323260446936629
0,0.3229541428465458
0,0.3254078933455431
0,0.31333422593681826
0,0.29268978980223004
0,0.30361547514296316
0,0.4883900810428183
0,0.3178166879479856
0,0.3160922945460144
0,0.48079519675058524
0,0.41215678080065427
0,0.30361547514296316
0,0.3191965939458629
0,0.3227739842061276
0,0.31413381425778436
0,0.31524052828793764
0,0.6523890803553498
0,0.2791459715551353
0,0.3091249531765986
0,0.31295811749044805
0,0.32532617529322855
0,0.47035060649434113
0,0.3089010957678331
0,0.3157695602630267
0,0.6315534983720132
0,0.3127356645407564
1,0.48523965655113793
0,0.32439827728080156
0,0.4742213066236516
0,0.3153637399611934
0,0.3116214763868815
0,0.3191120793390526
0,0.5762111090376842
0,0.8636773255246848
0,0.726248505401402
0,0.4734284387281587
0,0.5676390536844668
0,0.32988038652814644
0,0.4600619230927592
0,0.6059388342358664
0,0.4760999244681285
0,0.32690558430041083
0,0.832217706016999
0,0.2956023208098621
0,0.7725415086131112
0,0.31918047546937917
0,0.665176046796185
0,0.31176506537968224
0,0.3023732429946132
0,0.641902274097866
0,0.46325476779708136
0,0.3142265430479734
0,0.7836513777323973
0,0.5783874590799737
0,0.47921289971442355
0,0.29533776982752774
0,0.3182939903173576
0,0.4753516537793271
0,0.2990146662177054
0,0.3167949961445633
0,0.3177236563441726
0,0.6494582931926032
0,0.31712426490366485
1,0.8707464217522406
0,0.31420594860427414
0,0.1361677732653218
0,0.4832921760171178
0,0.32811486446326243
0,0.4604621357442916
1,0.688324980483095
0,0.31012768692037695
0,0.6944997120846519
0,0.31334934173974427
0,0.32833710221027035
1,0.8182737221682045
0,0.3203985643357236
1,0.4867935313175341
0,0.320496655881279
0,0.2979258792052702
0,0.31056518767059965
0,0.4102961023323399
0,0.4863250689156963
0,0.5649219706135182
0,0.2964906748284705
0,0.013370121833227023
0,0.29870310981637754
0,0.320118491517162
0,0.31498610861016746
0,0.7236644600711937
0,0.31291355665816684
0,0.8374382791128965
0,0.7557558827414431
0,0.30565550808559666
0,0.31159363853696387
0,0.65886151352706
0,0.33168626556620723
0,0.4121414555540262
0,0.3149725491251259
0,0.31369808991951986
0,0.47692556169910677
0,0.48372872478808454
0,0.3246901675890375
0,0.32019100269595313
0,0.48410150067300667
0,0.786236043379257
1,0.4671453463944307
0,0.4826072196012292
0,0.2989407246628041
0,0.30553743565931407
0,0.32749123180665146
0,0.30980947730464964
0,0.323706813905481
0,0.7325359046242059
0,0.275436063064983
0,0.31737321041800703
0,0.45689755262131676
0,0.6586878545349006
0,0.31698594082975345
0,0.32342183540120895
0,0.3116285720754177
1,0.4809559092506995
0,0.31195823030771025
0,0.30541033198168627
1,0.723410350500537
0,0.31555390487656915
0,0.314495325522424
0,0.5937153088937962
0,0.3090153183576002
0,0.32618316246395823
0,0.31715199872932925
0,0.30799032575822244
0,0.3285837253166957
0,0.3217208636996404
0,0.31029104532188695
0,0.4763794452284924
1,0.814086949112191
0,0.31086353292868213
0,0.4113427077257714
0,0.3200416171990363
0,0.3048136121129492
0,0.31937597268651635
0,0.31029104532188695
0,0.30864121953106166
0,0.7181988344578745
0,0.3082693935058517
0,0.4220659330664875
0,0.31568111303900276
0,0.3102993501541631
0,0.4683501525367361
0,0.6897329655228276
0,0.3120550418463121
0,0.7284357575937899
0,0.30873634788792426
0,0.31075625484714575
0,0.30853282514801594
0,0.3060987118783389
0,0.3249896703971266
0,0.4845221312973876
0,0.31380533382427717
0,0.3065549277630446
0,0.3210040568531709
0,0.3283492807384908
0,0.7763835709831562
1,0.5716836922375158
1,0.6933372205706777
0,0.30388335336364114
0,0.31162999205239483
0,0.579870214917907
0,0.3147967641952793
0,0.32610176870801744
0,0.39047338454982133
1,0.48075935235344597
0,0.2988217450002968
0,0.3188099925336806
0,0.5769353870530445
0,0.574795244274753
0,0.30918611688443953
0,0.31254056258273427
0,0.8397133118915515
0,0.6892928203327888
0,0.30647385713101916
0,0.30093010007940024
0,0.3244962485018368
0,0.32543251987262634
0,0.31410343368592003
0,0.2929216968618554
0,0.30567306413891626
0,0.30412553783988683
0,0.30864121953106166
0,0.5712479763296461
0,0.5767780933725769
0,0.32027260075986214
0,0.6385127308912166
0,0.317314550138913
0,0.8392071549096015
0,0.8577424937358464
0,0.31612343038919705
0,0.3113674967814181
0,0.31750173804872406
0,0.3214830820331321
0,0.29076137852355394
0,0.5631151997667114
0,0.32803772452392893
0,0.7282587293349337
0,0.31082329788023677
0,0.7129882010333565
0,0.309056089729462
0,0.31207270295252243
0,0.47886176868503016
0,0.31714776988062354
1,0.4868191723905388
0,0.7859439432958232
0,0.5768440375146495
0,0.2647745974203378
0,0.30648449255136384
1,0.9106540692478317
0,0.2905711138791072
0,0.30698052182008595
0,0.47207173466294255
0,0.31748713438559345
0,0.3195955140375076
0,0.30010534596812954
0,0.30127150752354104
0,0.5591271715134014
0,0.31082165214649227
0,0.48819642994921125
0,0.4887003485576953
0,0.3146643633335583
0,0.3186551551094096
0,0.3177110613210666
0,0.40979345555708074
0,0.5817562443555944
0,0.8471143866960621
0,0.4613490780771025
0,0.3222643518371198
1,0.4934997152839937
0,0.2952074332435162
0,0.31858954567133435
0,0.6441207028881802
0,0.5765628172010135
0,0.3073903327877789
0,0.48495504981288207
0,0.574261439333875
0,0.6543765673678777
0,0.3140058919148558
0,0.3146087829690785
0,0.3217028877894476
0,0.4552296583620729
0,0.3113538763343084
0,0.32467494141819236
0,0.3251174768151258
0,0.3154956614382541
0,0.3077803355398597
0,0.31613101156014706
0,0.8246268995396271
0,0.3123103527287914
0,0.763173536248165
0,0.49883387713757205
0,0.31280347161371247
0,0.3153915164529825
0,0.568569892980481
0,0.3074369436122589
0,0.31665579484395356
0,0.31826230958964735
0,0.3130925083745678
0,0.5726243436098581
0,0.29941985627841705
0,0.3181357135913628
0,0.41131115274197194
0,0.6940374570537305
1,0.4714773324690067
0,0.32261959834189397
0,0.6785886701548449
1,0.6627043323767312
0,0.3175826785130932
0,0.3057107967894841
0,0.4553962255905893
0,0.7871224682475454
0,0.3195936922302504
0,0.30781183897939235
0,0.6285670032119327
0,0.3215420642013585
0,0.5859657746324892
0,0.853979214848832
1,0.5588419728539983
0,0.2971306016135467
0,0.4837846679194304
0,0.4058626550248275
0,0.32188234276662603
1,0.7273652158437779
0,0.3166280405760591
1,0.5792194902081184
0,0.31068152287659073
0,0.32322394708549257
0,0.824264465569184
0,0.30266122182538824
0,0.30198803264794577
0,0.48284964718816403
0,0.3165860234090197
0,0.31029104532188695
0,0.6355657396616518
0,0.48951617021815025
0,0.3181930901820335
0,0.8060704964963368
1,0.6935158808150973
0,0.7826898581197159
0,0.3106206659389318
0,0.7205727032030373
0,0.32428935580557083
0,0.820781467818808
0,0.7032884098421358
0,0.5771136442775262
0,0.31497194280006197
0,0.3120083024708327
0,0.4606505848699519
0,0.31589596541030057
0,0.3141588209082431
0,0.6426119131876209
0,0.3021442679255527
0,0.318459111378975
0,0.288271305436822
0,0.31896469386598897
0,0.3038276390907701
0,0.30052439317201673
0,0.31229813093670805
0,0.5712128311165614
0,0.6238039815111864
0,0.3217782997742953
0,7.79161633883709e-06
0,0.5335541469216258
0,0.3237552042825034
0,0.4566542968745868
0,0.320048535597264
0,0.5824667551105042
0,0.2986422434868474
0,0.30133758478997347
0,0.3193868446826548
0,0.3232692822082302
0,0.41156842547938677
0,0.30354154694999763
0,0.3116012301359878
0,0.4793911517978289
0,0.3151039540805158
0,0.3192849564238797
0,0.3220328032815856
0,0.3144236647433372
0,0.31569945008608724
0,0.31171958133116234
1,0.5773111773841895
0,0.31626966462905987
0,0.3155962921727175
0,0.32046769524295415
0,0.5798820865599171
0,0.4769404371032207
0,0.30582267286871406
0,0.7802307089923183
0,0.3214832830632146
0,0.4828021562429122
0,0.3226230324398993
0,0.32900041647751965
0,0.28819309512480423
0,0.3244486035132191
0,0.32273680786424186
0,0.4771267721504615
0,0.45090656408342195
0,0.756152126361017
0,0.697489047927598
0,0.5642749751443541
0,0.32090745092435297
0,0.30084164351946224
0,0.4641173468910331
0,0.30818557681160164
1,0.7874555892566462
0,0.3201787209552147
1,0.644336929030894
1,0.7520599999520904
0,0.6434088730721395
0,0.324577601896435
0,0.32253175782492927
0,0.3155981674651169
0,0.3061187877308212
0,0.3199014689950466
0,0.3184615230615903
0,0.47308620841501997
1,0.4815765705753829
0,0.5771036332240073
1,0.5447716991311661
0,0.2989309683586121
0,0.8490417409622529
0,0.3016855929455195
0,0.3130966381605187
0,0.3194253154327698
0,0.311045588038124
0,0.3207022213211578
0,0.5220345637748277
0,0.3049816355924516
0,0.32759993993796155
0,0.3178129801630347
0,0.32549031811794593
0,0.3227002733017237
0,0.31068520001011724
0,0.3170016456120673
0,0.5350687497844513
0,0.12994305589108696
0,0.32095019742270536
0,0.32255441264034845
0,0.313260896606505
0,0.31029104532188695
0,0.3199979747722376
0,0.3027419681755925
0,0.3133057701747364
0,0.5794345951467733
0,0.3026993261015971
0,0.5733820502580171
0,0.5828843243159895
0,0.33102051625107676
0,0.5886083528360992
0,0.3270834453923311
0,0.7976184397300522
0,0.2897125348841795
0,0.6585571834978403
0,0.30066903134364203
1,0.8999293704253996
0,0.2956579246794287
1,0.4767698025449131
0,0.2896995377968997
0,0.636226293281469
0,0.48279040158433034
0,0.32052795993750055
0,0.31473995106692304
0,0.4761679355475795
0,0.30449422868754233
0,0.5686055524525377
1,0.48046356064062157
0,0.3185361237664335
0,0.6486626112734296
0,0.31684299138684413
0,0.31834819254202745
0,0.64214009398071
1,0.794800393272849
0,0.4644393236495227
0,0.579292314031837
0,0.3117127544920555
0,0.3030539495813938
1,0.48170169368818644
0,0.3075225293551867
0,0.3107309480532267
0,0.47387796203186616
0,0.49451976562148664
0,0.48234605020887517
0,0.3125107596071928
0,0.7193807079344982
0,0.3208455127393606
0,0.29328411756901485
0,0.31654351962742183
0,0.3043349348351886
0,0.3116799795433425
0,0.3181236955183597
0,0.30508308495865305
0,0.32314081533467864
0,0.30182064146134685
0,0.27801916830558904
0,0.3277729546812684
0,0.5818355395154268
0,0.4814429150574419
1,0.4797620806838301
0,0.2880380851088492
0,0.5708721050578367
0,0.48402911783725483
0,0.3170841694740234
0,0.5691744622202497
0,0.40993738083968073
0,0.3247311198065608
0,0.32540841965753553
0,0.7643647160505816
0,0.46406312735750244
0,0.486272488446433
0,0.31704634953476607
0,0.3102815185834485
0,0.32179564512866826
0,0.4773235652160213
0,0.40886087116315106
0,0.3292066334221315
0,0.7098914980558997
0,0.313632084723892
0,0.31308307978135963
0,0.7324941821068632
0,0.47805685970452494
0,0.320984569588727
0,0.3221505653546792
0,0.2982551943587601
0,0.6613159578531057
0,0.32231290947865776
0,0.31622515384010547
1,0.4837993201537676
0,0.3092455825471769
0,0.4814368750690267
0,0.48252948717965577
0,0.7599591008732366
0,0.29969551546330514
0,0.47880577163459814
1,0.6450476062549664
0,0.4659705529230963
0,0.5274923476087542
0,0.6940018542998676
0,0.7361758678928808
0,0.48243699253876615
0,0.3165128192620442
0,0.4121096306203301
0,0.31596464161236654
0,0.576865217477752
1,0.48325615390257515
0,0.2948963555977272
0,0.2974060957212175
0,0.6386670791088374
0,0.31389227599718866
0,0.5601045330383252
1,0.47715221132907826
0,0.3124630361881828
0,0.4848363776124493
0,0.31266494724766775
0,0.31794665866695
0,0.319981661277802
0,0.5679474491793322
0,0.32522248927913344
1,0.4881344417981095
0,0.8450968297590652
0,0.3278557450508753
0,0.4082349092925574
0,0.578486744778594
0,0.4781250325899506
0,0.4761217091817368
1,0.48832260651738324
0,0.31346030277415776
1,0.4844657628201702
0,0.3218871161153923
0,0.12973262415418288
0,0.32004564205503144
0,0.3202643379482007
0,0.5893425558497056
0,0.3109580885899058
0,0.3011548548803802
0,0.3014888155531188
0,0.328341037157021
0,0.3151419424880917
1,0.5560920904475279
0,0.31056518767059965
0,0.47180251714207105
0,0.30886177112909674
0,0.827436803167937
0,0.6904361875860914
0,0.3197588349398884
0,0.308023349476725
0,0.8649075800508921
0,0.31718182385138766
0,0.31746703771313944
0,0.32669809673009825
0,0.2971123539081944
0,0.805745444994017
0,0.3185465510402983
0,0.3225449269992202
0,0.3200838730860267
0,0.32279953380896953
0,0.47808433291972574
0,0.3110709127404138
0,0.3015409616285305
0,0.6302284051268552
0,0.3000995118820646
0,0.6214487698740861
0,0.31550437153151456
0,0.31808150786272826
0,0.5613413039328102
0,0.3182613690558573
0,0.8183092829580871
0,0.3163268492596592
0,0.4896976012894723
0,0.2998250283500563
1,0.7745374295638678
0,0.3194412477951842
0,0.580086481164691
0,0.30761557121440397
0,0.8464633926116704
0,0.32328529471069395
0,0.3119906818624122
0,0.3195873442308963
0,0.3204150559536118
0,0.3202643379482007
1,0.4087294336401154
1,0.5788183498373551
1,0.48489539442699203
0,0.6209225771315386
0,0.31903749279868815
0,0.32527558136154344
0,0.48124591942765704
0,0.29180833692812597
0,0.31654084583043857
0,0.6596891805318128
0,0.41094010283729043
0,0.4818809174084061
0,0.31202469564442437
0,0.44249382318919983
0,0.4812289639556073
0,0.31659261543858547
0,0.5748169248761251
0,0.31774480489181167
0,0.32064987735499306
0,0.5779651003544433
0,0.5838187868510684
0,0.5644802440896728
1,0.5856931425858345
0,0.4587603483642058
0,0.5731589539618477
0,0.46327959786380235
0,0.2840526065819963
0,0.30750331467356307
0,0.49010733034166876
0,0.3208916842305626
1,0.6455637540148184
0,0.5075476582068118
0,0.31836209024861856
1,0.6410363215784057
0,0.30968888840567205
0,0.4697673776473195
0,0.31999309455227865
0,0.3159780119606778
0,0.7723860200875383
0,0.3247498140841092
0,0.7682678976425728
0,0.4674293935104592
0,0.32113868110931726
0,0.3115048703418808
0,0.4771500475288736
0,0.31162999205239483
0,0.8461815381460414
0,0.3189285431862307
0,0.32774724166445407
0,0.5837299630501381
0,0.5246677667748726
0,0.32714060920112614
0,0.3144834892141735
0,0.5768111954894333
1,0.6377391228037342
0,0.8109526461321453
0,0.5795925103420635
0,0.31743532562818755
0,0.32042377422759233
0,0.31510899185067315
0,0.47099245918162796
0,0.3097554073301853
0,0.6447513120527946
0,0.29561364267613605
0,0.3212228003980047
0,0.4788752685720155
0,0.2944127697897773
0,0.8307898771612436
0,0.8923599072247899
0,0.2873732212346528
0,0.3114882585674586
1,0.8282766188467441
0,0.32654324159852244
0,0.3121037037954746
0,0.30231904277284094
0,0.31711377871463936
0,0.2727662668445279
0,0.45978415798184136
0,0.3165495092739001
0,0.3019475314979576
0,0.3148410149130408
0,0.6528058969773779
0,0.2932285178018174
0,0.30826828561171943
0,0.40962176725848326
0,0.8400045306653674
0,0.49153890818223483
0,0.6372104296951399
0,0.3146558505336402
0,0.30752025785833853
0,0.6828343616930449
0,0.31122117942262467
0,0.7554323085063983
0,0.31630341434722575
0,0.752797714880047
0,0.7991123639356675
0,0.5539017336081186
0,0.7528910550061126
0,0.32244875367255516
0,0.3180568970112871
0,0.31885692383770886
0,0.323679170882096
0,0.7187265537132332
0,0.32113362155634845
0,0.3072403822779485
0,0.4104398733358871
0,0.31386904022004125
0,0.6846420827915181
1,0.762245462224551
0,0.3184399832781629
0,0.31604604912202455
0,0.742751525278725
0,0.31773455960381747
0,0.3212573243734507
0,0.31660587560874526
0,0.41030458403676884
0,0.3111083857949188
0,0.46507985626314363
0,0.6508256744284013
0,0.6877005681193153
0,0.486470083190355
0,0.31573758591805395
0,0.41301948614070005
1,0.4835097679841973
0,0.29650929918175695
0,0.3230886517059651
0,0.314629936022627
0,0.33353353053824925
0,0.32965320972600676
0,0.3158825390165226
0,0.3185930247508077
0,0.4322333277203512
0,0.3038600202619307
0,0.30361288596126
0,0.3263714264841838
0,0.5724937328123431
0,0.7774273178126764
0,0.900539240375492
0,0.315424095031616
1,0.4868016813755741
0,0.3295014394722968
0,0.7116071461248957
0,0.2979103364541886
0,0.3158284061358168
0,0.31095560702415803
0,0.31850287906764974
0,0.7575901369004429
0,0.5820625164983161
0,0.31610804245827395
0,0.31621813745898825
1,0.6510998593046241
1,0.8362094423686576
1,0.8941947144706304
0,0.333476512483205
0,0.3140624718542532
0,0.3050548433359282
0,0.3228224472561655
1,0.45761219519934265
0,0.31477264042438974
0,0.3200604077566683
0,0.31626966462905987
1,0.48820612038568884
0,0.4778502670428768
0,0.4778682589049527
0,0.31532886303759533
0,0.4728707009627643
0,0.7196190270139072
0,0.3319169176406252
0,0.31807056680408236
0,0.7576016195680588
0,0.23933982146754357
0,0.3116100069199661
0,0.48447948662779583
0,0.3155348139533959
0,0.32696778688153894
0,0.40962744641731014
1,0.472128234682433
0,0.3153498291494553
0,0.48409319215010294
0,0.31161242898701474
0,0.31944446719314135
0,0.3144613556991107
0,0.31098226251636685
0,0.6796066584788332
0,0.718972959327534
0,0.5790696910169678
0,0.48131931531674155
0,0.3227014771380748
0,0.31373622074546575
0,0.3031181681183097
0,0.5692529339424225
0,0.6303985656049259
0,0.30597769898908217
0,0.30459806151895075
0,0.603270063815308
0,0.8358188951561117
0,0.3282587601493086
0,0.48168987132775154
0,0.48463517982484494
0,0.3187556158636477
0,0.3263715942632992
0,0.3084718461069205
0,0.313632084723892
1,0.5702260847628899
1,0.4826188732942695
0,0.41221867610295965
0,0.3207499657741737
0,0.32336265325788927
0,0.31267074319812255
0,0.47972247028893483
0,0.3234254337966304
0,0.48622132512849636
0,0.6970847013553771
0,0.31696131802884725
0,0.31793306441539726
0,0.3248530011486975
0,0.34260794512104564
0,0.2942866225349902
0,0.3171255773747913
0,0.5739740161048178
1,0.5575549274859706
0,0.30603700846426896
0,0.31178249937522995
0,0.5557558613586513
0,0.32052133491620904
0,0.4052752102233324
0,0.47801548918784686
0,0.3202643379482007
0,0.29579350141899785
0,0.46634364929694105
0,0.3212434402907578
0,0.3226879926566123
0,0.4746974369580505
0,0.4761935267255107
0,0.582616544941114
0,0.3135230162928557
0,0.47620552312186215
0,0.31655590659990096
0,0.25974835475459307
0,0.3188331909562863
0,0.4885276424722214
1,0.7242880485460595
0,0.31072024587024977
0,0.5782342773325777
0,0.5854430494717736
0,0.6439917404563009
1,0.4785403438582839
0,0.3133722122686821
0,0.3234254337966304
0,0.30878815524007786
0,0.3045431819199328
0,0.3162358044551057
0,0.487329329809266
0,0.6961896257852013
0,0.6972429645015444
0,0.3229256492732882
0,0.32459497320807773
0,0.4780616738259986
0,0.3087028061752918
1,0.48336960601674206
0,0.3162993045230211
1,0.8082106309075626
0,0.6270784585534765
0,0.4634713108606029
0,0.3211801504944478
0,0.4706494475886593
0,0.2994721851147845
0,0.2904334962264355
0,0.30588877946318294
0,0.47172119735130263
0,0.3129696613273291
0,0.31029104532188695
0,0.41129894863376676
0,0.3090127172266042
0,0.4840311853597369
1,0.7931396661708247
0,0.8747671679873359
0,0.8155784977124027
0,0.30754224149265913
0,0.27878525500837426
0,0.3165529540478446
0,0.4720375542731525
0,0.30690668054399123
0,0.3070776940394491
0,0.662797872560662
0,0.31162999205239483
0,0.7311967478404413
0,0.3060116558604545
0,0.7313135329054057
0,0.6933959430172892
0,0.5724929290911677
0,0.8542446840869833
0,0.8567233640402455
0,0.31576946187567
0,0.3029443703084705
0,0.685800186814693
0,0.4816452939948043
0,0.48227979009823385
1,0.4842191784875641
0,0.31794733954643606
0,0.31278768137859125
0,0.3094869009900422
0,0.635754333542931
1,0.5898667307470126
0,0.2882261296946934
1,0.643070562295729
0,0.32254098394582326
0,0.7463486549098406
0,0.27448128431870633
0,0.3184455253838696
0,0.30482400763965384
0,0.3249896703971266
0,0.31174169145443514
1,0.47140204549532394
0,0.2973159352030093
0,0.3202643379482007
0,0.31727790978418324
0,0.3213642136332041
0,0.31257651149698173
0,0.4697558434485276
0,0.4812666878850155
0,0.3494475505211601
1,0.6471732521852845
0,0.30393676556910076
0,0.3035464702344349
0,0.3172379649630542
0,0.6725281708763766
0,0.32111491753679794
0,0.31808039884713785
0,0.31717749124220146
0,0.31134802512977267
0,0.4802858541329645
0,0.29540167296568876
0,0.31187515031389046
0,0.3191924785185505
0,0.313632084723892
0,0.48222500324197737
1,0.8453308465370839
0,0.3035941331382856
0,0.32366806235137524
0,0.310464930518726
0,0.6927118630206354
0,0.4857907749662068
0,0.31608251831602197
0,0.3256785037496852
1,0.48341549386644145
0,0.3152718120994761
0,0.31056518767059965
0,0.4112707685489818
0,0.40979345555708074
1,0.7825849009019654
0,0.7754027331076342
0,0.4109724341786373
0,0.47339657670436885
0,0.6408461266684601
0,0.4785021233018223
0,0.31322631453094757
1,0.578557880587598
0,0.8993142806298661
0,0.4854996095394422
0,0.45993837623876505
0,0.3081381964992866
0,0.30733153750183595
0,0.4774075151434783
0,0.3012694718564752
0,0.31472538701825925
0,0.7791276973535122
0,0.31056518767059965
0,0.3135173069726514
0,0.40979345555708074
1,0.8433014614590156
0,0.3211485786811777
0,0.31748624532875874
0,0.31975266181673667
0,0.3058409560257992
0,0.31133160797575954
0,0.31664152893195113
0,0.2969564986606363
0,0.4840267109448454
0,0.29359793092570935
0,0.31262581796293504
0,0.31749704316896143
0,0.3228179803865177
0,0.31714160101950506
0,0.2998306560669048
0,0.31219088551966073
0,0.33017999151874067
0,0.30864121953106166
0,0.3169469159364441
1,0.6506324774375128
0,0.3016657212152672
0,0.29495438884130615
0,0.3025325310445828
0,0.32973407251873305
0,0.7138981636623288
0,0.3262352933268337
0,0.48222500324197737
0,0.6449604730400299
0,0.3215686779704372
0,0.31264782631403837
1,0.44917679225688184
0,0.30074528253139476
1,0.4699145101623184
0,0.31597780708828466
0,0.3220198572874497
0,0.5616402767974427
0,0.29162071535209677
0,0.5258927930802264
0,0.4735538025111695
0,0.319022392648519
0,0.2928660345017361
0,0.6643855215290767
0,0.31712426490366485
0,0.48646146875384844
0,0.309079680891299
0,0.5844029145319216
0,0.308864784208074
0,0.316731002990707
0,0.3259528110980462
0,0.3196068837789667
0,0.8112310458993445
1,0.5671745402451404
0,0.33022990076352143
0,0.31712426490366485
0,0.3215700244522567
0,0.31893189109478665
0,0.47944531123243306
1,0.4886176067454132
0,0.7080457368073152
0,0.3075967506745416
0,0.4811217792677438
0,0.28019820463155837
0,0.8905972015894936
0,0.3016307725108495
0,0.4770370282153723
1,0.49040609158569737
0,0.31433182988373226
0,0.500897860130567
0,0.3178478465255967
0,0.30698687530917507
0,0.32079468055686744
0,0.48252238298294975
0,0.31653825686057774
0,0.3162585713580516
0,0.1239347739506745
0,0.31372924069791347
0,0.4855000515452233
0,0.3076654541813216
0,0.32137112922374894
0,0.569790790810012
0,0.7582583879068789
0,0.3261485143837398
0,0.3220328032815856
0,0.3263063415527191
0,0.5730520490263082
0,0.3138801052213771
0,0.3183871178430977
1,0.4835663642379538
0,0.32130695034108847
1,0.5852266439479544
0,0.41125781543812734
1,0.4787790855098568
0,0.3137349279920498
0,0.30962650718623563
0,0.3126016353253769
0,0.6144800869975906
0,0.6648687930223655
0,0.3126099055230202
0,0.5929047818204464
1,0.5698423548382111
0,0.5806731217879034
1,0.476377805983831
0,0.31843809017920705
0,0.31791396362694385
0,0.3233149507310572
0,0.31429894141934556
0,0.32760891060484537
0,0.5794301082040505
0,0.31872819401593194
1,0.4886702824713787
0,0.3041999743123448
0,0.30341811741167524
0,0.31863518789748396
1,0.8991661213818287
0,0.30869683144193566
0,0.6740068878622
1,0.5704474036895995
0,0.8988652508401824
0,0.3115477683524487
0,0.3226877933577283
0,0.3093885992443918
0,0.6346641155973061
0,0.4870620070352026
0,0.3212438359578212
0,0.3150078087853157
0,0.8401078015783909
0,0.324181998712265
1,0.6319945800035559
0,0.3167009537338073
0,0.3155784363512837
0,0.3261664081996244
0,0.31996801092473237
0,0.32281182326487573
0,0.3303246103377294
0,0.660331154654478
0,0.4302334182659345
0,0.6583387728827356
0,0.4785493197783068
1,0.5804870267203334
0,0.280287765056454
0,0.3118924523426058
0,0.3166833597295455
1,0.40361026217600027
0,0.47880082672439617
0,0.3017618013044613
0,0.47520144715790086
0,0.3183878033465229
0,0.3031198574335675
0,0.46095432566316696
0,0.2921349718278564
0,0.7905845279796553
0,0.31658001463696006
0,0.3228966239202544
0,0.8302209557796247
0,0.29744128660730285
0,0.31402201524615936
0,0.8112168329390421
0,0.4704869157726105
0,0.3112645855968736
0,0.3012186575055756
0,0.31575912441636544
0,0.31056518767059965
0,0.3080455550301729
1,0.6483992888605585
0,0.3157180897619126
1,0.4792766581427853
0,0.6255013034380095
1,0.574618695890076
0,0.6059388342358664
0,0.47359965006472227
0,0.3175044827270347
0,0.47495223954325533
0,0.4101556668819456
0,0.7835298302640203
0,0.5785263131168735
0,0.30734469900332223
0,0.5777105895906326
0,0.40979345555708074
0,0.32640066863351036
0,0.31303388973257407
0,0.3157573239202542
0,0.3052836113152971
0,0.3165340797046138
1,0.480678252757237
0,0.5692341632128103
0,0.31637073521321196
0,0.4525007919334994
0,0.32896579098171824
0,0.3181726296340432
0,0.47018226000372493
0,0.31386952455993966
0,0.7024874777739352
0,0.8219961147179101
1,0.7817528490552843
0,0.2969232449944709
0,0.5690677231180218
0,0.32097187676983924
0,0.32418839502334423
0,0.31844204013021316
0,0.31752900018400015
0,0.3161561326715581
0,0.5158401009766328
0,0.6334380040840926
0,0.685511354472229
0,0.31928376642884565
0,0.3291338308353679
0,0.4073695710705538
1,0.4841124193831475
0,0.571138723792745
0,0.8922183801924897
0,0.7856577181630853
0,0.30887025761206166
0,0.6465403101176432
0,0.3152199932507621
0,0.7812374690382934
0,0.31398520290171394
0,0.478376131372299
0,0.31694478785078634
0,0.47498277917957527
0,0.5815313639865753
0,0.4851922928692895
1,0.814792899821319
0,0.3098390601078282
0,0.315217237442424
0,0.3215071003172208
0,0.4905343628334273
0,0.3149534061882835
0,0.4768777416024015
0,0.31978055176827935
0,0.31454277308431505
0,0.29282031457811447
0,0.883321450730336
0,0.3147200049254054
0,0.4797286137867379
1,0.5759512965193341
0,0.31056518767059965
0,0.31717159959897645
0,0.3053480618410634
0,0.7745443691316246
0,0.4779733297605846
0,0.47387425634506597
1,0.580825590891619
0,0.32464782657305147
0,0.5816995043994275
0,0.298457917916018
0,0.3019945560682632
0,0.8760023792956365
0,0.47787505115483375
0,0.31848581927139963
1,0.5764046723585464
0,0.30864121953106166
0,0.31230192500016346
0,0.5789959534443275
0,0.31346959474774794
0,0.31095555816494524
1,0.47346039181881855
0,0.48160837548879737
0,0.3041492834385135
0,0.41094041718822616
0,0.44943729371542174
1,0.4531148858774959
0,0.624711822804137
0,0.3198302801607685
0,0.5585120511482577
0,0.3173671976795789
0,0.5675581290797691
0,0.32069375644045456
0,0.31612343038919705
0,0.4770746072433361
0,0.3333931820858811
0,0.3035647969765958
0,0.3320048728899283
0,0.5855819804751029
0,0.31814685570169593
0,0.3202997156784
0,0.48134438112710165
0,0.40993738083968073
0,0.3106919711917301
0,0.2973157889184105
0,0.3196746362120984
0,0.7917773961606381
0,0.4752639719732171
0,0.3093361087190675
1,0.8814925998932179
0,0.47046329809700616
0,0.32724311669983924
0,0.31162999205239483
0,0.31430027325961835
0,0.3100568833211273
0,0.3251776907067623
0,0.48996304277668623
0,0.6581284396590904
0,0.3172442343316789
0,0.3186666697498271
0,0.3154804908908994
0,0.2973052077650281
0,0.31164721979001
1,0.5820960562578456
0,0.3148299533201345
0,0.3228539981326
0,0.4865263974652094
0,0.31162999205239483
0,0.7684840825832027
0,0.3066222353122211
0,0.30233099081983883
0,0.3065549277630446
0,0.3099278645476435
0,0.4846741474671773
0,0.6463764100670027
0,0.45967345978293245
0,0.2908115443210494
0,0.31177775139385894
0,0.41126749763472054
1,0.48576331756479896
0,0.3303085618332655
0,0.8640652488230963
0,0.3034227277652506
0,0.46809045003384814
0,0.31657073548741566
0,0.3100811436584681
0,0.5849429596416931
0,0.3119444147839542
0,0.48053286457894495
0,0.317464785836813
1,0.47711484976780877
0,0.5861360561220155
0,0.4834545459712195
0,0.4795567502403339
1,0.6536021260141388
1,0.5813083820804696
0,0.2999727578415778
0,0.5751291833157635
0,0.31969295434925216
0,0.3241963626617905
0,0.31330399036387385
1,0.4731027819674932
0,0.6472662719598651
0,0.4697037938660913
0,0.3254078933455431
0,0.591197733595707
0,0.6523126728675582
0,0.32464132761567555
0,0.3274307858046032
0,0.3139746268904322
0,0.32031567947321776
0,0.31681469946681223
0,0.5705625984669194
0,0.3179245623773643
0,0.31934424478616624
1,0.4022640260568297
0,0.3104363556871787
0,0.8770865771386873
0,0.8849074323751313
1,0.8305625276024148
0,0.47730364265400715
0,0.31443825900337874
1,0.8951551885711964
0,0.6787377003447321
0,0.8399044872246635
0,0.31736483835956064
0,0.6857264369104501
0,0.3238613802772992
0,0.47849563758529573
0,0.30966477045696816
0,0.46723871449979265
0,0.31029104532188695
0,0.5763874044506082
0,0.3167132576016178
0,0.3218892907265973
0,0.31358373113903937
0,0.32569623395573544
0,0.32260392985732905
0,0.5777501935165191
0,0.5771959614669273
0,0.4963763851862961
0,0.31743732196514124
0,0.31292105855569624
0,0.5809797527225661
0,0.3210283930556038
0,0.4933616911464913
0,0.32593578164528547
0,0.326195586531197
0,0.30456607025852134
1,0.5777222991793884
0,0.4682749200991662
0,0.6510501856135911
0,0.5795243468738177
0,0.5604698955556433
0,0.556696463823847
1,0.7244837665575051
0,0.4779750169722599
0,0.46496096688542216
0,0.48235853830016706
0,0.319931128047769
0,0.558471940673594
0,0.32378895365532445
1,0.4694219414531707
0,0.3119209311115657
0,0.9159306814687502
0,0.3114412213874633
0,0.4835924360488184
0,0.46858102799536144
0,0.320353526886603
0,0.5800443571138802
0,0.319966428981593
1,0.7968636404253199
1,0.8390867598457493
1,0.4833319208081169
0,0.7491193501494757
0,0.5728707920869447
0,0.4126574369163742
0,0.47586628312628215
0,0.2825916847178206
1,0.47181278343597965
0,0.8612865360034209
0,0.3215394354685809
0,0.13133215283753805
0,0.5742453271397141
0,0.30361547514296316
1,0.49126716736669124
0,0.3155444520163123
0,0.4805602024742663
0,0.3290979764182489
0,0.3337158259791543
0,0.3207770043779846
0,0.6880822833336729
0,0.3132341516465137
0,0.31406042168792936
0,0.732422156628619
0,0.3160047827558573
1,0.7848808044014189
0,0.8193579284804051
0,0.3181701767645784
0,0.49045879390833796
0,0.30649467837658634
0,0.29478635379712087
0,0.3114162677952856
0,0.5859934676043657
0,0.3139545419110193
0,0.33178058778853303
0,0.3155444520163123
0,0.3124785147580272
0,0.4693649055720589
0,0.49458507266209895
0,0.29395235703225303
0,0.8605394122099305
0,0.6428212444124534
0,0.31851496978131877
0,0.31233246267545284
0,0.3094401789147255
1,0.4825783524144129
0,0.49178543032491273
0,0.4757437989594495
0,0.30480337308961547
0,0.32890323099594554
0,0.31199073623387413
0,0.3065133517532764
0,0.5820197077816595
0,0.3169463674036237
0,0.3196018741000384
0,0.5986621964030376
0,0.32437455553434574
1,0.48282984557039166
0,0.5851299657620121
0,0.30352864734756585
0,0.3143314487457626
1,0.5744145628116748
0,0.5801456244537708
1,0.4821464994235758
0,0.31668402106462357
0,0.32668141395800004
0,0.30986622917877393
1,0.48384354162784426
1,0.6318125892772011
0,0.3144156460503587
0,0.322785331587746
0,0.2999301953148077
0,0.3166913463420698
0,0.306520892056897
0,0.30606999188426437
0,0.649657498590786
0,0.3223684036674824
0,0.3221224607521448
0,0.464629339667928
0,0.3094439646151013
0,0.31479004389845183
0,0.3041942275578708
0,0.3196301932083234
0,0.30174676347363305
0,0.4121414555540262
0,0.31274649106630414
0,0.8261588804989267
0,0.3172450527203794
0,0.48554234314409117
0,0.4109717894139652
0,0.29977214753071013
0,0.31451141162710117
0,0.31200007293744814
0,0.3050645316971274
0,0.3162521848972695
0,0.3152805390984152
0,0.30308741451016225
0,0.4103715234975495
0,0.3227302539046479
0,0.5780654956722333
0,0.31527223715113184
0,0.7544674119962521
0,0.3259872383580311
0,0.31797226415885127
0,0.31840907997205475
0,0.31727790978418324
1,0.48057999483002767
0,0.4640214023994252
0,0.5758704226665894
0,0.4665585532298752
0,0.30508750408151386
1,0.4866906347224647
0,0.8792451769601082
0,0.4723049961505359
0,0.28577111333127897
0,0.3112198511839223
0,0.320861823031947
0,0.32859341435800404
0,0.4800075669474197
1,0.47772669145486574
0,0.31712426490366485
0,0.31727790978418324
0,0.31678526598813733
0,0.31679465956427605
0,0.31637073521321196
0,0.5732091385258483
0,0.316314550984892
1,0.7947269041473897
0,0.30750539307798735
0,0.31187515031389046
0,0.31657044266602336
1,0.4739342044007671
0,0.3116533600214009
0,0.31398871213115376
0,0.30250328051995384
0,0.6581284396590904
0,0.30979202942467254
1,0.49478589051530486
0,0.3001406932398294
0,0.32603746877626794
0,0.30669956512963215
0,0.32274898401441826
0,0.7761653017717802
0,0.3086573846218494
0,0.30552422005000784
0,0.3077195470291408
0,0.3254065628447802
0,0.6454000259659054
0,0.3073637163454591
0,0.31162999205239483
1,0.7921991683630537
0,0.3138101719817029
0,0.7482597464114795
0,0.3190819868336047
0,0.3263702694980755
0,0.27167388689331934
0,0.3126047888529976
1,0.479557478793499
0,0.47907971271282335
1,0.5853513252669494
0,0.30816882626793474
0,0.28787557578074957
0,0.30262504503247206
0,0.4837954490444475
0,0.40776394027833385
0,0.3159241261888968
0,0.30521978126971394
0,0.30757505776092103
0,0.3032566772722661
1,0.48089208069805905
1,0.6290215584357829
0,0.29845586327167933
0,0.3111685463666296
1,0.66017035142581
0,0.3128488343378745
0,0.25512964548422207
0,0.30955198624317837
0,0.7835839701092526
0,0.4763607653073988
0,0.6770964634366218
0,0.630897370343144
0,0.3188290137620399
0,0.33019181963177313
0,0.2941729171331665
0,0.3179410948134936
0,0.32034254273622453
1,0.4721166967051124
0,0.5235469965832793
0,0.31679967284505184
0,0.3246358228939262
0,0.5803566653924569
0,0.3101525671895843
0,0.48785415455296394
0,0.3128984227059317
0,0.299906210036265
0,0.7196228824998248
0,0.3242723672100682
0,0.31750985318790576
0,0.5829400608429823
0,0.47210827684052525
0,0.31742838739588125
0,0.3150951961847328
0,0.46730460755783226
0,0.3085277652579204
0,0.46738522340754185
1,0.48543567484502304
0,0.46114192514310387
0,0.5612802814843131
0,0.3998520122840406
0,0.6975521229036613
0,0.293781361940096
0,0.30443552849213507
0,0.318344623236137
0,0.5589625981851001
0,0.40764587641415845
1,0.7251314247627636
0,0.30862251050114803
0,0.2963644114135138
1,0.4874800219213959
0,0.30864631544029114
0,0.4538141389159934
0,0.47805314237649554
1,0.4287666997138554
1,0.6372332245918334
0,0.30598290523314847
0,0.4834005400234992
0,0.3190635256314699
0,0.4785566236500169
0,0.4803927608506366
0,0.6951081953710239
0,0.31810170388669357
0,0.5920822949888691
0,0.3116211807693104
0,0.49022911842644
0,0.7566313124247857
0,0.32347659792254707
0,0.32480961032326644
0,0.320537240735428
0,0.31738704148226105
0,0.47757320789488433
0,0.45177445431460933
1,0.4821925848902371
0,0.31381279881499724
0,0.30506458093966254
0,0.3111522711906896
0,0.319459942757965
0,0.2983015810299288
0,0.5734414396461015
0,0.31346306358143666
0,0.2385849974479553
0,0.33315828515693907
0,0.4690797538575002
0,0.32730737469962917
0,0.3102564963293349
0,0.32151289109064657
0,0.31540625895943497
1,0.4785270037968441
0,0.3230367767922283
0,0.7602161230339234
0,0.30823443233511716
0,0.3123119008295071
1,0.8019894458970409
0,0.32393294415038515
0,0.5896733582102579
0,0.6283811798241701
0,0.5519944293901152
0,0.4735037643814816
0,0.31879167198677133
0,0.31512979476589775
0,0.2971616622551278
1,0.4780430591246319
0,0.3151275216824851
0,0.3311874647808517
0,0.3316202740502845
0,0.6502023385338835
0,0.32606117311746274
0,0.3149615307185648
0,0.3182163788581495
0,0.3262778030122343
0,0.5673630414642241
0,0.30584737730418726
0,0.31726628455132594
0,0.8097289073200827
0,0.3145921102279077
0,0.3218292700683476
0,0.3057472778592473
0,0.3158367855669019
0,0.31543988073531365
0,0.48449307949251613
0,0.31586647551274977
0,0.31143876827890116
0,0.41018020983908915
0,0.312934591340875
0,0.3026430704325941
0,0.3119916174681257
0,0.3035362053471035
0,0.47798799471107406
0,0.7905196835020972
0,0.3222520419436709
0,0.31938188641241116
0,0.7278506019477206
0,0.6868639397220064
0,0.4827660910714778
0,0.31829986208776934
0,0.3257308017185982
0,0.31626786278090774
0,0.31948037309628885
0,0.29316346620568795
0,0.3186798961180492
0,0.31212490729435544
0,0.6522438567779961
1,0.4775090735835162
0,0.2990916473837747
0,0.306519003779074
0,0.31584425194166205
0,0.48774293678047065
0,0.7330295885039496
0,0.27256332343950823
0,0.8021003127046764
0,0.32712938856161317
0,0.48026202232902054
0,0.47782739279610204
1,0.8065200036760714
0,0.28132113748100257
0,0.3303786195414839
0,0.6501423017813489
0,0.311765552270796
0,0.6954128808054094
0,0.4656643243983979
0,0.4710612343600834
0,0.3033548965511677
1,0.5805391290445729
0,0.8749463493193893
0,0.3018053797606994
0,0.31378799280905634
0,0.49289487393961634
0,0.3280190057958362
0,0.31721691199080854
0,0.5634687286080802
0,0.30668991573942644
0,0.30405165253577054
1,0.7972975334520461
0,0.3133689929464637
0,0.3236395861085931
0,0.6307442383139223
0,0.31296165040225166
0,0.7073801750297705
0,0.32371407604688973
1,0.47605760373914424
0,0.31132534131176387
0,0.32020103729040744
0,0.3102131717405587
0,0.29838353506279613
1,0.4885943577695356
0,0.5052737657561777
0,0.7302559659704143
0,0.48738598151353074
0,0.6481446111514256
0,0.48332478991273886
1,0.568541542823465
1,0.5702964096508588
0,0.48132808261765897
0,0.3071316677873084
1,0.47250558169851864
0,0.4271467756312831
0,0.3189130068658847
0,0.5065617559897064
0,0.323116204308635
0,0.2909276740866493
0,0.8098699591171621
0,0.3281729401497318
0,0.3055545752204724
0,0.4680881257019089
0,0.6408517596449615
0,0.3199964048524633
0,0.13827937369616392
1,0.47998573368169534
0,0.4087116548175852
0,0.5686561854978173
0,0.3206507790769955
0,0.7368052967187312
0,0.31680280684947226
0,0.3155021209270286
0,0.31056518767059965
0,0.6835971111533388
0,0.3187559889653996
0,0.5753886183481163
1,0.4798594113457028
0,0.3175362917444319
0,0.49076205949799484
0,0.32117504093515836
0,0.32526101236536226
0,0.40636352649185503
0,0.3251974638945471
0,0.3108518493344155
0,0.685471738952625
0,0.885934802388464
0,0.31036041676291615
0,0.3199894041265808
0,0.7340370635314314
0,0.31918583035701253
0,0.31330299370314824
0,0.46655004825687074
0,0.5839369659028021
0,0.5478301868476396
0,0.8354378560918224
0,0.31805755785439455
0,0.3156298384234902
0,0.467030926630135
0,0.5847799346078094
0,0.4821115294399844
0,0.5849313757331543
0,0.31477500300221783
0,0.31603442645647417
0,0.31419585119414156
0,0.4875083854674879
0,0.30714063821001786
0,0.3177915890093279
1,0.6922669211990038
0,0.7761653017717802
0,0.6689029382343566
0,0.45580796619478114
0,0.4885480369958725
1,0.5961310510687948
0,0.32050404490621276
0,0.28998530259432004
0,0.30357358673218854
1,0.5834402877697737
0,0.3290079780052975
0,0.47725918948418383
0,0.5777289569957273
0,0.31481933874365964
0,0.31999436408565823
0,0.4679971766464346
0,0.40776394027833385
0,0.4863537266742349
0,0.410980456554686
0,0.46886777359628595
0,0.31360148569588414
0,0.30952742670839467
1,0.6890995271095494
0,0.47964917125236045
0,0.3056171005429836
0,0.8586292956014875
0,0.2994566426609566
1,0.4804454781930593
1,0.5733500797577414
0,0.3247891455786126
0,0.3031519902815467
0,0.2979078465092701
0,0.4851537581270125
0,0.32555580660148986
0,0.3191545471098124
0,0.6266990780661253
0,0.4671445235920144
0,0.31517659626767436
0,0.3128984227059317
0,0.32227968136338275
1,0.5886830711862296
0,0.5681912015110953
0,0.3240749953798008
0,0.6509145343279581
0,0.30905385848645633
0,0.3168139073161424
0,0.32238647186916664
0,0.6410899785492636
0,0.3108440799753364
1,0.4723446377984813
0,1.873576357518194e-12
0,0.306014638432803
0,0.7316034895190286
0,0.30488204966482874
0,0.6566661349234413
0,0.56110197366531
0,0.6539911222957707
0,0.2995033193480477
0,0.3103534623851908
0,0.6423629198690889
0,0.5601078465708914
0,0.5832987627726757
0,0.32446871885400513
0,0.3092455825471769
0,0.2891553352650884
1,0.4883201020651977
0,0.30431559394015184
1,0.4879426804717352
1,0.6462632753723849
0,0.4727129232000885
0,0.5761558406280846
0,0.5942464991944758
0,0.3061272673623776
0,0.7456061727247943
0,0.4057474339717988
0,0.41103162058856774
0,0.3185661217207228
0,0.3246977420781112
0,0.40993738083968073
0,0.7220989498603557
0,0.3128640518436641
0,0.7965570243523119
0,0.1325570940236128
1,0.6324165235528482
0,0.3177595419909303
0,0.7006780288193971
0,0.3040200511973214
0,0.30089367430957753
0,0.31406003491165735
1,0.4852236355434947
0,0.31414453850334745
0,0.48578720796038405
1,0.5568571924194378
0,0.3174381184942867
1,0.5847171499447227
0,0.5739659149718764
0,0.3187749614555176
0,0.5770916367969189
0,0.29982944316003374
1,0.4827927355163174
0,0.3182348527991867
0,0.32190705985472423
0,0.31527339866418763
0,0.31627544892909004
1,0.5804608783769628
0,0.32246078122444055
0,0.3053300326263917
0,0.47814545084586413
0,0.3132305235314109
0,0.32840227788338633
0,0.3129367657962237
0,0.583751992708829
0,0.49421018927307026
0,0.31438880575499406
0,0.3191868727131583
0,0.4314533937848759
0,0.3040131398139737
0,0.28277565203681154
0,0.31938745799036367
0,0.31324454849505096
0,0.31712426490366485
0,0.3272837811028821
0,0.48183387071500583
0,0.30233480104633237
0,0.48419258768096457
0,0.889195320033987
0,0.4802529061598922
0,0.3234254337966304
0,0.7761653017717802
0,0.31928801233670306
0,0.30160893523908344
0,0.48176285849838646
0,0.3143254386932419
0,0.3095557465445446
0,0.466061006040399
0,0.922671883467609
0,0.31853795502622156
0,0.3195859769886909
0,0.30530169496830567
0,0.30979383779912106
0,0.4597774511248339
0,0.48168687302890223
0,0.3247944567486036
0,0.480917276919873
1,0.8209969892654302
0,0.479391930739494
0,0.7854010987718899
0,0.5760589451322866
0,0.4828546526101695
0,0.31534430330570773
0,0.30937721886243247
1,0.5885728716780848
0,0.3311868554247702
0,0.29169502314147894
0,0.3197012017151542
0,0.8228061451933963
0,0.31381167791839665
0,0.5929839883023599
0,0.47251235354525656
0,0.3068375702474831
1,0.48975076366542114
0,0.308277786822443
0,0.30918611688443953
0,0.31871885348282847
0,0.6332310897910667
0,0.40805491865736015
0,0.3139362675341217
0,0.3170306499074621
0,0.5821590271595027
0,0.31703651826678625
0,0.30994404167690975
1,0.4721037820003102
0,0.26673157083181
0,0.41109021556517095
0,0.5859075495626811
0,0.3117607436080311
0,0.8057884006665024
0,0.314723109366532
0,0.7714257133920405
0,0.31213679487240803
0,0.457725816030818
0,0.5728501083069599
0,0.46593684160962434
1,0.4865594725938795
0,0.48500213519412
0,0.6867046300712747
0,0.683680873797366
0,0.31758326943682413
0,0.3168793436618444
0,0.3211696314066131
0,0.3270680072404335
0,0.3150067443832424
1,0.4825954507013475
0,0.4057274106885516
0,0.318956650492153
0,0.7798746785438303
0,0.14345065684642153
0,0.3063935356198328
0,0.7220608680433152
0,0.3213950122300749
0,0.3196233964964197
0,0.3220328032815856
0,0.5863223857672479
0,0.30812938380252075
0,0.4620174047153663
0,0.30334447849235047
0,0.4681988364775548
0,0.3063967309157398
0,0.30824358096375065
0,0.32437804792962605
0,0.47137672057627295
1,0.4770836409975405
0,0.32043469452844486
0,0.4611116826513563
0,0.3025822705143492
0,0.33173672223928463
0,0.3186273521305333
1,0.4837210799612772
1,0.6950770480033707
0,0.32501581284477565
0,0.7359083209561234
0,0.3221909321679526
1,0.4910090095296117
0,0.5879612112791883
0,0.32640066863351036
0,0.48005422808416387
0,0.31782636715486556
0,0.3136856628989877
1,0.5515623013192466
0,0.49199338537663134
0,0.7394504458489537
0,0.30765122690764046
0,0.31456122455551006
0,0.3229541428465458
0,0.5752793199013537
0,0.7780041561969278
0,0.3010161187671843
0,0.33403591499052104
0,0.3061133954355923
0,0.4725631221765832
0,0.30206908008080313
0,0.30044810349044415
0,0.31971018822617675
0,0.288639282972222
0,0.3053853004847723
1,0.4653733293716199
0,0.31084641458297835
1,0.48390169501033986
0,0.3025150959048809
0,0.4722653402656272
0,0.31568974230432584
0,0.29741976017798405
0,0.47096927219453427
0,0.5792710897790103
0,0.4807369722524813
0,0.477774462807726
0,0.3185524318990952
0,0.3238855925934442
0,0.29025591678371904
0,0.31160344284415253
0,0.4721575081954557
0,0.2955390541643197
0,0.3196422244329051
0,0.4631102604479181
0,0.3195637124440909
0,0.30332609939550353
0,0.6388842113948144
0,0.31054822679694577
0,0.3188280742721213
0,0.8644394152026574
0,0.31452642656809154
0,0.30809263974872597
0,0.5624187638842724
0,0.317692617426008
0,0.30112628824308
0,0.5568224821431828
0,0.3143314487457626
0,0.3118048704656439
0,0.3057383451443448
0,0.31607349217697395
0,0.315592458479374
0,0.3139234446305086
0,0.3230825740058555
0,0.31678645858964183
0,0.3116214763868815
0,0.3176978221883549
0,0.3026613011558004
0,0.41156842547938677
0,0.3208272383598591
0,0.7645700720575992
0,0.29745237620102105
0,0.6319911487541967
0,0.3143774435434225
1,0.7349899823813183
0,0.5798559750989718
0,0.31296787570385154
0,0.7560779362448706
1,0.48559273165572836
0,0.3195954508839756
0,0.4491868836865827
0,0.41119111508836187
0,0.32005894702143406
0,0.3020559257256605
0,0.4642892584739157
0,0.2944279845984277
1,0.6308394517015417
1,0.4884423451663053
0,0.5858256581192677
0,0.3149937537328941
0,0.3306666859552217
0,0.3168108295358068
0,0.3182136410087758
0,0.3223235237548129
1,0.8362391038093708
0,0.3263094555350823
0,0.31781203677259295
0,0.6262950279946943
0,0.4925278399559006
0,0.31906715125434176
0,0.4851018534972033
0,0.31977367207762414
0,0.29739572464337655
0,0.5822980470664617
0,0.30980952656703253
0,0.308800050633523
0,0.30763148806869733
0,0.4812608819236044
0,0.29916179173511165
1,0.4847677844988103
1,0.7701302067603828
0,0.2860030035094753
0,0.3139019408225986
0,0.7061153829162081
0,0.3192834660498221
0,0.4953691826484583
0,0.3128282183118182
0,0.6800609926237823
0,0.3514307060111751
0,0.31606522119514857
0,0.26415667699892553
0,0.31762052799887475
0,0.3199895786120221
0,0.47525396000753783
0,0.32157293998109754
0,0.5187189692214529
0,0.48148063772246946
0,0.4797103520242712
1,0.8198844051312175
0,0.7288656792366793
0,0.3169542634177848
0,0.3115408334857513
0,0.48888523929851807
0,0.32101715320906615
0,0.47622348210705845
0,0.1405888622726543
0,0.5877708279916252
1,0.49006982982512487
0,0.6391117248369699
0,0.2866597485741615
0,0.3100317442419967
0,0.32689086887256846
1,0.47158280458353574
0,0.3156497548264905
0,0.330543116888722
0,0.5822089233427563
0,0.320286962631082
0,0.3091274369376775
0,0.40993738083968073
0,0.3136537180437977
0,0.4765708612000906
0,0.48332478991273886
0,0.314183014961888
0,0.31620099604783214
1,0.5690848325276116
0,0.5785927825615677
0,0.3187062068447924
0,0.2948866078009685
0,0.47818382376686863
0,0.4615584840859918
0,0.28515500281631406
0,0.4845069765589339
0,0.40500679124632466
0,0.3163070129127465
0,0.2943706339733706
1,0.5860815449952717
0,0.4830637862705052
0,0.31162999205239483
0,0.4583139020968605
0,0.3112198511839223
0,0.3051972790319431
0,0.6473681452822864
0,0.31862397853536834
0,0.4121096306203301
0,0.32061501746228516
0,0.4768663883702757
0,0.31843809017920705
0,0.3262985938516683
0,0.29539687269768244
0,0.3245015595835012
0,0.3194415322956009
0,0.3073000813114857
0,0.8179266757292177
0,0.32197921814745084
0,0.5792065533959856
0,0.476979926953148
0,0.46606905854361774
0,0.3186764945782865
0,0.3226875558083968
0,0.3182022688671487
0,0.3171865609696119
0,0.3182933992191962
0,0.3245285150840621
0,0.6503971343125451
1,0.48588936777193686
1,0.48202051346118724
0,0.46015256533993554
0,0.31477485003902234
0,0.32848637521852586
0,0.31056518767059965
1,0.5753752557442907
1,0.4817456445456409
0,0.8398749278566696
0,0.6316454376562459
1,0.4851307155474933
1,0.9137308610908362
0,0.7990303712507938
0,0.30327640483781265
1,0.5904731824365329
0,0.46233793276036894
0,0.31500052044532467
0,0.31298673974439106
0,0.5694874156777767
0,0.3144747251872137
0,0.49112769789773075
0,0.6274843234336357
0,0.7504161169630248
0,0.6368032700491921
0,0.30039156483868407
0,0.31224010810613767
0,0.46143918393341754
0,0.30180691665901316
0,0.6940018542998676
0,0.789777732723181
0,0.3100581488812407
1,0.4710534546872035
0,0.2901430175646041
0,0.31287692484077656
1,0.47854706599285574
0,0.3164356335776566
0,0.3108665977346162
0,0.25806999780908607
1,0.582539021503142
0,0.30486113850364094
0,0.6878267464838831
0,0.28543036680050726
0,0.30557950792898286
0,0.582132954135024
0,0.5711483266580039
0,0.3144161797149002
1,0.4838266982639746
0,0.3145282818246273
0,0.3054179773816977
0,0.6781062220034966
0,0.46721177614503656
0,0.31882873899610387
0,0.3206592816766684
0,0.319059231241032
0,0.4755515396805477
0,0.32712444880456354
1,0.5928706872975652
0,0.3224638600319639
0,0.41091961089636214
0,0.32618401380679707
0,0.3170916310084034
0,0.314297574597046
0,0.31600652177747496
0,0.2906904302837432
0,0.3269968071595609
0,0.3199877445556318
1,0.6420035689125871
0,0.31659261543858547
0,0.3207353309639928
0,0.31489465181040405
0,0.4744630773809015
0,0.32205451849882133
0,0.5790611392689688
0,0.3099782397906443
0,0.4839178133231612
0,0.47514712554599925
0,0.4744845249048132
0,0.475141669329483
0,0.4084639857180266
0,0.3024892159920117
0,0.3088454282621435
0,0.3164018190657951
0,0.32904154021675247
0,0.6905650732050158
0,0.5847452578733248
0,0.4720476175612862
0,0.3199403182604986
0,0.3251386674238861
0,0.32794524354836785
1,0.8851252581989789
0,0.45562298455333333
0,0.5716765925506937
0,0.3037518928952665
0,0.7672269048444357
0,0.3127549481088997
0,0.32327241488191494
0,0.3171990357369402
0,0.3111105860172696
0,0.31621188975272363
1,0.47847887260405475
0,0.8715533132442831
0,0.30952621293546045
0,0.3205689052290908
0,0.4806360644933456
0,0.574595111513995
0,0.3204392816575763
0,0.7088214736064423
0,0.4864610802887506
0,0.3176872920330461
0,0.3208886248498124
0,0.31460760828854806
0,0.4815581154188889
0,0.5775766726850003
0,0.7271972068743954
0,0.6944603226380907
1,0.4895094520287389
0,0.31567347910554994
0,0.3137392189006925
0,0.4829768692398604
0,0.3171223696308285
0,0.4559659382101358
0,0.31760311669269925
0,0.30282234400056507
1,0.8194221793499155
1,0.4913673529626769
0,0.3018165198752051
0,0.31760133561806697
0,0.33034191591586926
0,0.33227211587076017
0,0.4749781107366173
0,0.32509574920597906
0,0.3202643379482007
0,0.4730601244137761
0,0.31600746495112503
0,0.4689836828059732
0,0.31029104532188695
0,0.3180129527883545
0,0.31146089601839394
0,0.8400045306653674
0,0.45990833038470547
0,0.5899660891686828
0,0.8318248585155179
0,0.29691258248107083
0,0.6532724881587588
0,0.5618262889559533
0,0.41057753768872085
0,0.27301730748646874
0,0.4780037398276666
0,0.7305683828885767
0,0.32305516669308865
0,0.30537195961396024
0,0.2997598300144102
0,0.4880430068719288
0,0.32420334445607235
0,0.4658648993015756
0,0.3098308153046106
0,0.2994743479135662
0,0.31970879119706186
0,0.32479718134375185
0,0.6425659617441823
0,0.32260486447751496
0,0.8621615805135959
1,0.4860575021420525
0,0.4713316488286179
0,0.30589461830458564
0,0.6791133920654484
0,0.3320584710888458
0,0.3170008822598896
1,0.5862214780374757
0,0.3262577491729643
0,0.3298638973665304
0,0.32350760928942585
0,0.6959610954937134
0,0.3100559744346136
0,0.7187496612682559
0,0.6397581495252489
0,0.760213947645244
0,0.3235214895330951
0,0.30361547514296316
0,0.30851690519344505
0,0.3278368200781454
0,0.29120290724653847
0,0.8633138369738101
0,0.5815202164348467
0,0.3187655994269426
1,0.4785080725797754
0,0.3118073147499117
0,0.3058569809471614
0,0.5054195288537853
0,0.31951475180482525
0,0.6278129562748797
0,0.3183071858642412
0,0.7165586704109407
0,0.7117600387513792
0,0.27800062604650133
0,0.3009842432210958
0,0.29372957464929383
0,0.7121041723515802
0,0.32203180436668183
0,0.3210550624147294
0,0.4880085871891236
0,0.6847343856954207
0,0.3221774682484914
0,0.31459942724324136
1,0.6558612548709657
0,0.30799949822333367
0,0.3063415604454999
0,0.3058378060868993
0,0.8073652482526452
0,0.8499982351041259
0,0.12426567792645125
0,0.30132258614292634
0,0.31516457171181117
0,0.31807487223441494
0,0.3200150272008028
0,0.32134311985171493
0,0.3141071056784896
0,0.6473657687292339
0,0.32161769003722834
0,0.27753014527248915
0,0.3133430291845287
0,0.6404605356663386
0,0.48431264134516694
1,0.4789157274836541
0,0.5581517104886685
1,0.6921746693285687
0,0.566850089373676
0,0.747615053325856
0,0.6809685391798221
0,0.6913959193481687
0,0.40993738083968073
0,0.31573447652736525
0,0.7676853319278139
0,0.298368180033594
0,0.6786232048240863
0,0.8385440145489936
0,0.31378665989405113
0,0.30864121953106166
0,0.319488505027684
0,0.30361547514296316
0,0.29757366794802786
0,0.29581419136311965
1,0.4859119625205869
0,0.31717917441542537
0,0.31535190588935297
0,0.31077696252712483
0,0.32462513880535704
0,0.644126503125379
0,0.3137472278687585
0,0.485563983771666
0,0.48007342358284977
0,0.31246796636520613
0,0.31847266560124937
0,0.3308991793188518
0,0.5168527642680877
0,0.30286185031458634
1,0.47229778912197456
0,0.31258368805387987
0,0.3101388304508698
0,0.486050832765267
0,0.3264437970413889
0,0.299711776403435
0,0.3208009915336383
0,0.3119391073858861
0,0.4730232308059167
0,0.478402117166525
0,0.285335656773515
0,0.30150415865251995
0,0.41112344651096455
0,0.32124487308901906
0,0.31452143738300864
0,0.4955224188540593
0,0.31727603459127707
0,0.3355230925821954
0,0.30270492878022115
1,0.6438268323990668
0,0.47638749399821556
0,0.33800298716118343
0,0.8329571446500106
0,0.32171997648056117
0,0.32709307200646864
0,0.6406904002101487
0,0.318104440076164
1,0.4812032964397233
1,0.48272001240890744
1,0.7590911152992508
1,0.6858197668124085
0,0.3190602138330555
0,0.8375962250197998
1,0.7225186117714173
0,0.4784641427465064
0,0.31982775505359107
0,0.32042818532431405
0,0.3213087662333877
0,0.3183351513045344
0,0.7567367221885075
1,0.4754706090135452
0,0.32278353159304923
0,0.31056518767059965
0,0.3220098536716608
0,0.3187740840615049
0,0.3073637163454591
0,0.31672194645533125
0,0.3240971466664356
0,0.3175743249105943
0,0.3156143155311417
0,0.3334452157462496
0,0.5804653587210967
0,0.5818869540086453
0,0.3145091073091562
0,0.6581284396590904
0,0.3234254337966304
0,0.48593108596712814
0,0.3033907629420065
0,0.32640066863351036
0,0.8316828583024385
0,0.2977335304454542
0,0.5683980638092542
0,0.5600950209808752
0,0.7484298804713012
0,0.4969598720204398
0,0.31056518767059965
0,0.3044691699095042
0,0.3098193041361596
1,0.5795272855900898
0,0.4854996095394422
0,0.4742749602027777
0,0.31574531284710183
0,0.31785163301655484
0,0.4344556710570635
0,0.3286226363115654
0,0.5630642779288819
0,0.45853006663126644
1,0.6366767080919279
0,0.30549084927456527
0,0.4631116672637258
0,0.29939445993756103
0,0.30299423633685896
0,0.30734469900332223
0,0.3235395258771801
0,0.3107992716580017
0,0.6799942162590521
0,0.31308620562193834
0,0.3211680292423924
0,0.30483790976429526
0,0.318528495873231
0,0.303470790393082
0,0.31801258308908414
0,0.31162999205239483
1,0.5706530108782387
0,0.6422091840859843
0,0.8309108836192726
0,0.6899621799273188
0,0.31697854293313543
0,0.29524942955927885
0,0.31990619008913196
0,0.674580108617614
0,0.4113334339254529
0,0.31015060208952994
0,0.30329982135475364
0,0.8399044872246635
0,0.318528769895184
0,0.30155801174960856
0,0.30405165253577054
0,0.4855627343786139
0,0.31395158646729754
0,0.315930990357804
0,0.7937101673494892
0,0.32428771672890244
0,0.3021524741453135
0,0.2912573658623724
0,0.31877344293284293
0,0.5196091079225279
0,0.6800717425655043
0,0.3271873530963326
0,0.3165332087691663
0,0.3173314592915558
0,0.2839568352716955
0,0.4060858167099875
0,0.4789761560118678
0,0.30681003168576226
1,0.47717443719221236
0,0.30873758360796827
0,0.5805793731756681
0,0.31295085101763787
0,0.31287861717403903
0,0.5972845139963958
0,0.46446810026175994
0,0.40993738083968073
0,0.3183338754811185
0,0.3085759225293885
0,0.3248276799727408
0,0.31720636963541976
0,0.8397133118915515
0,0.30449529353349164
0,0.5700236756592378
0,0.6812981630155129
0,0.3185273964269444
0,0.3137856841731891
0,0.3301175498105619
0,0.3270794554038877
0,0.3267156943650329
0,0.30956638492898986
0,0.3262797565960695
0,0.7222537884637728
0,0.31520922738714763
0,0.6926861504721386
0,0.29866265996874836
0,0.31029104532188695
1,0.71931359186073
0,0.31773114023701954
0,0.7883045202522204
0,0.4614548118893885
0,0.30039800374024633
0,0.33387208366373067
0,0.28341294338344786
0,0.3088452267686391
0,0.6527284337548683
1,0.4805420981279613
0,0.3147788257978188
0,0.3103285871307468
0,0.32325096749206494
0,0.31597259493791596
0,0.30463935673483117
0,0.6384586579043068
0,0.3225307721610797
0,0.3185101594838578
0,0.29906016765201565
1,0.5735686819822444
1,0.49631962273662483
0,0.48013913188405155
0,0.4886316033636922
0,0.32772284279386427
0,0.7212969326385728
1,0.7137923744103507
0,0.3211395832267871
0,0.30734469900332223
1,0.4689921258597313
0,0.7190897906814552
0,0.3235220277409133
0,0.4801090329398252
0,0.8943519714243805
1,0.4809984245598533
0,0.3063506214238608
0,0.617807474165303
0,0.3088049630966926
0,0.3253477340045947
0,0.32505821224438014
0,0.3166794505684641
0,0.633548917334295
0,0.596867885899785
0,0.3183382693630443
0,0.31393472831417424
0,0.31555023679833183
1,0.6463642653907162
0,0.47818936718508087
0,0.2949298650220269
1,0.5731664795972898
0,0.30597725029866885
0,0.5880176408108605
0,0.30329039559654164
0,0.31665480774551763
0,0.3263207762453723
0,0.30416507456099245
0,0.8019318657158541
0,0.5746851962399132
0,0.47134617696321784
1,0.6876619051512086
0,0.3061797645897552
1,0.48763279513666663
0,0.3123961875085126
0,0.5867111771974818
1,0.4781450830207625
0,0.3056611683146922
0,0.49317851866931667
0,0.4101133629739654
0,0.6389789359556194
0,0.4954165042055126
0,0.31881647887085895
0,0.3015036825400255
0,0.32770556211077934
0,0.3268500880812632
0,0.3168968617308388
0,0.2898588053169897
0,0.7171829429621407
0,0.6581284396590904
0,0.30129084251217136
0,0.31394411378442605
1,0.457225446526605
0,0.316470653219801
0,0.31302857916045623
1,0.7346482718639111
0,0.7407251730503973
0,0.48863571947278145
0,0.31438458873036806
0,0.31647210186795516
1,0.5706608646435354
0,0.3069923546311888
0,0.31394508410665417
0,0.41103162058856774
0,0.3155987587127999
0,0.6772092565394462
0,0.41156842547938677
1,0.6389286655269497
0,0.4816941274860632
0,0.8398556134985223
0,0.5734111676277072
0,0.3028754529411535
0,0.4753776402128557
0,0.40962176725848326
0,0.6347605203567595
0,0.6262082960541637
0,0.3237772186481759
0,0.30354672010534295
0,0.3112514468111219
0,0.8397133118915515
0,0.3058991121825059
1,0.4995734469128105
0,0.32709307200646864
0,0.3323669147867836
0,0.2977798288256309
0,0.4084639857180266
0,0.4688705395334847
0,0.5755967896627352
1,0.4789106788157197
0,0.3229310021247492
0,0.32060368365742115
0,0.2772707586237594
0,0.3131222460384114
0,0.2859915023682458
0,0.34853035552164474
1,0.5788992988519134
1,0.46976254058960926
0,0.5840499621443438
0,0.30118930398369276
0,0.3122289655613198
0,0.2887011350524747
0,0.7364803507130472
0,0.3165524327977499
0,0.3202643379482007
0,0.6356441289346156
0,0.3261140677242483
0,0.48724130365888985
1,0.9269803689073615
0,0.6324094362980391
0,0.32075420828444146
0,0.47422180031545025
0,0.3293215196452508
0,0.3049297634072766
1,0.48384437206425157
0,0.6952440087854346
0,0.7734389873287244
0,0.7971055285130018
0,0.4839313959509039
0,0.31566611720141813
1,0.47740792036940843
0,0.30740260314715623
0,0.3316297886623131
0,0.3095446852331039
0,0.32186169639246714
0,0.5514318957278369
0,0.4608135932455729
1,0.7572028975801781
0,0.48143519640828875
0,0.7089808943614675
0,0.5708624885879009
0,0.6962480289813525
0,0.5606890729359811
0,0.5612245265364029
0,0.3201961625519739
1,0.4821223631439991
0,0.17864032157621687
0,0.31396758965504706
0,0.31580288866102024
0,0.32485938127082825
1,0.482109999497736
0,0.31350922924948366
1,0.7228999507195933
0,0.4612159536530371
0,0.304572860821207
0,0.31643422047145336
0,0.41156842547938677
0,0.4920760255441688
0,0.4548560897726266
0,0.3139349751869473
0,0.5718546256064501
0,0.7207332832146863
0,0.3410645652840868
0,0.3001257974889177
0,0.4715840520555369
0,0.3210342255716259
0,0.31953419473903355
1,0.4908629841351466
0,0.31694042953712176
0,0.4814334872746785
0,0.4828107968709461
0,0.40962176725848326
0,0.3094235545727624
0,0.4958745549183533
0,0.3237521848028349
0,0.29932371964232646
0,0.30299311869926926
0,0.3297194841770917
0,0.491564904982868
0,0.30734469900332223
0,0.31983549811308015
0,0.4060858167099875
0,0.46878440182549047
0,0.5816009719444488
0,0.46521839717634716
0,0.3189207183480166
0,0.47765156368137757
0,0.31476696144278543
0,0.4843105684648736
0,0.2989165632859003
0,0.31604552729670904
0,0.5805564072392514
0,0.6487460957899606
0,0.3071402454319852
0,0.41127710170477966
0,0.31792885655298825
0,0.47726956397110937
0,0.4803926043178074
0,0.3139136281377638
0,0.30800578081335256
0,0.31589872110865375
0,0.31764503471726074
0,0.3264009989495083
0,0.3134696653943559
0,0.40962176725848326
0,0.48747617531110293
0,0.4856782903897779
0,0.3161370821602086
0,0.31821454118845566
0,0.32364912277698465
0,0.31481852200009547
0,0.4886646038320531
0,0.2913585332518829
0,0.7596917283608238
0,0.3125931345576796
0,0.3210120887807478
0,0.31825598470435235
0,0.32497989322437937
0,0.111860907382825
0,0.31158069236087643
0,0.32552194232294396
0,0.6939873911371791
0,0.32443963164839223
0,0.3242480071305598
0,0.4759725422451614
0,0.3126513883649182
0,0.3234215102407249
0,0.4750971532386776
0,0.324053230681606
0,0.4612515714136512
0,0.3214518620746999
0,0.3155612317064014
0,0.6365766287426495
0,0.3263394820958233
0,0.3198112842041206
0,0.31809267810194247
0,0.3223449361904848
0,0.3173443874196552
0,0.8397133118915515
0,0.5912331975770716
0,0.49297648657083704
0,0.30864901121474725
0,0.31219498964965103
0,0.3207121655358224
0,0.2958040250316485
0,0.47554174621062617
1,0.5727939586353771
0,0.3062281178931231
0,0.3112198511839223
1,0.4873777871011313
0,0.3162543508208682
0,0.3006551037892003
0,0.46064295135180894
0,0.4111110402408069
0,0.31944048458450375
0,0.287545254687537
0,0.46734358984257174
0,0.2813592333552857
0,0.3125834329552028
0,0.3255854127009878
0,0.2925355193388077
0,0.31763840515751957
1,0.4813742996590002
0,0.31730352628447756
0,0.4649066899611286
1,0.6792612359596136
0,0.3066611348388012
0,0.31716491703088395
0,0.6654550144164554
0,0.3231333161660327
0,0.28400388012957933
0,0.317911028898435
0,0.8074997103809096
0,0.30225384314879844
0,0.487959276961825
0,0.31229711625854517
1,0.7400243404749142
0,0.3094517195165503
0,0.692206940250231
0,0.3189353653542714
0,0.30957172153619267
0,0.491483851548894
0,0.4814156574642193
0,0.6648687930223655
0,0.8132368088923814
1,0.6901643961104601
0,0.31781176348779633
0,0.7689383982429263
0,0.4706081599039938
0,0.29347945386207624
0,0.2944120514109448
0,0.586079100500272
0,0.5806202071222156
0,0.3205431326459956
0,0.33634782423365317
0,0.41170142343175214
0,0.31586200939113246
0,0.48416584269060425
0,0.5779488755017985
0,0.2909263763455717
0,0.31972401971683334
0,0.29290705723477195
0,0.46338711908728936
0,0.5807397305906287
0,0.30081389759130744
0,0.29862800862642136
0,0.32159125988696524
0,0.6539876411930592
0,0.2885705003936348
0,0.7155824791714088
0,0.504746722254373
1,0.4904849570851005
0,0.5797912859504052
0,0.3035483562567531
0,0.3092455825471769
0,0.31770901101802723
0,0.30415124567604906
0,0.32217785402660065
0,0.8478664379767292
0,0.29590301812591696
1,0.47952097849979186
0,0.7804542706015737
0,0.5860017819514979
0,0.32069746633051366
0,0.6584029342663107
1,0.8405490759305981
1,0.47597557340112284
0,0.3170946934177175
0,0.6307232497738855
0,0.31911180549707624
0,0.4743233568016318
0,0.5835328583269395
0,0.6363222206452704
0,0.31873105197782126
0,0.4083532711760494
0,0.3184003771899376
0,0.48294256202385916
0,0.3187224459881142
0,0.49119095696220366
1,0.6985103443330805
0,0.6270274253297973
0,0.46054353471677406
0,0.41227063509478995
1,0.6980419467069149
0,0.31836067674861923
0,0.31395240016432213
0,0.47055143623642465
0,0.4773357432443403
0,0.3144269992913696
0,0.32134311985171493
1,0.5490026246961482
0,0.5676388301430966
0,0.5821775691837827
0,0.4800250518507937
0,0.3204410095644828
0,0.30730857636312264
0,0.31753820637243185
0,0.40993738083968073
0,0.3148507105878297
0,0.5200022963772952
0,0.4616088894445357
0,0.4791561775581885
0,0.30182704633375895
0,0.30135298378536646
0,0.3207029044829251
0,0.4123586385185496
0,0.8774647403609778
0,0.4739891733185739
0,0.7943899217995259
0,0.30900653293297325
0,0.7370672740979831
0,0.30843632411939254
0,0.5470687539317552
0,0.4586853288203442
0,0.28904152682343426
0,0.475155468845265
0,0.6551721641672305
0,0.2994382872332858
0,0.41018323485024766
0,0.3187248529054124
0,0.48796121109216667
0,0.3059152929125019
1,0.4807739444483213
0,0.2772234406039472
0,0.5827553975456516
0,0.3005101289107952
0,0.48328562504761324
0,0.5860753784428617
0,0.9101803853772755
0,0.3270498655667233
0,0.49978331002107595
1,0.5770226738537444
0,0.45977083899493487
0,0.31581347754358496
1,0.6859462371750472
0,0.6469038476509104
0,0.3130302949108681
1,0.48272735180752696
0,0.3207468999897939
0,0.5846872229005832
0,0.27374671149034824
0,0.3180836568876418
0,0.4109493523642118
0,0.582257828472342
0,0.5650691288132011
0,0.41215678080065427
0,0.47664584331794185
0,0.5770615958832684
0,0.3126047888529976
0,0.5182995917802508
0,0.3157482967441814
0,0.31728118090971025
0,0.4827639176431138
0,0.33001002408650887
0,0.3180324578773633
0,0.5585567696461651
0,0.31972301951490323
0,0.32185377420339
0,0.29077056222252007
0,0.3208579264634276
0,0.3120116741285587
0,0.3146013011094745
0,0.32232423210281774
0,0.32782242729832733
0,0.4835924360488184
0,0.5846868412552146
0,0.6890490143440662
0,0.3147302880782317
0,0.3224328036836521
0,0.4814222513506817
0,0.3127344428877644
0,0.30595686135731737
0,0.3171744704390141
0,0.7005769747996595
0,0.3223599407733758
1,0.48137457977059184
1,0.4901181663282598
0,0.40993738083968073
0,0.3185002934845502
0,0.31011045702007134
0,0.2989315365898934
0,0.3178587753510317
0,0.3123170402192668
0,0.8920282703304193
0,0.5892193516227067
0,0.3000669381520186
0,0.32824585440231535
0,0.320046059585446
0,0.3136949517177017
0,0.322038016692101
0,0.31775070178311465
0,0.4823419286623382
0,0.31180503559647854
0,0.5640975367988764
0,0.4824420504915874
1,0.636392887589344
0,0.47616084954360943
0,0.3237337444041891
0,0.4881828156666554
0,0.30442702481643513
0,0.31874222803408164
0,0.31249366295198366
0,0.3297194841770917
0,0.6582021576094058
0,0.6366185832530855
0,0.6476279943617388
0,0.31955045182468483
0,0.8449664028068239
0,0.3107250154710735
0,0.3189172520351017
0,0.3092285450283452
0,0.479736645980516
0,0.47540697739077314
0,0.5667446310536299
0,0.6957416978299662
0,0.4888701359670028
0,0.31810016811832637
0,0.5757896708453043
0,0.3109749554210858
0,0.3182548995226367
0,0.4602679796947678
0,0.48613675573704573
0,0.7237752860086722
0,0.8011616522940347
0,0.29604518275384345
0,0.32416939239300524
0,0.31620099604783214
0,0.3149609919065733
0,0.30111511314576944
0,0.3165628653948877
0,0.31997458416576147
0,0.681865684221276
1,0.6468299783361703
0,0.3216315932134054
0,0.46786381189678433
0,0.48302023064586597
0,0.46769628598178653
0,0.31779947634257955
0,0.30423021743599465
0,0.3139134256916039
0,0.32296510774557596
0,0.3030196857930754
0,0.30428889066376325
0,0.31095773828369316
0,0.28886558776286475
0,0.7743019743727064
0,0.3250950728683739
0,0.2897958279903576
1,0.49086497866186585
0,0.4060858167099875
0,0.305064877129808
0,0.30976804667036295
1,0.40361026217600027
0,0.31595438404943904
0,0.3248497899599102
0,0.3125254686093913
0,0.5870764228290587
0,0.8292906859966915
0,0.48107869936130515
0,0.8400045306653674
0,0.29417655330515646
1,0.6534302774791899
0,0.41198534658086144
0,0.4467526881575657
0,0.5755059098331188
0,0.4875849780741048
0,0.3259238174440567
0,0.3306793058010445
0,0.3198905187904969
0,0.46154801639997645
0,0.31859140117195617
0,0.3128067097409572
0,0.32420522580969313
0,0.3124100387403518
0,0.3108281375404775
0,0.5837491460176094
0,0.2933432103501097
0,0.41057753768872085
0,0.31950390908259996
0,0.4819527356882576
0,0.31897727835901424
0,0.3169604261833824
0,0.2965953085835597
0,0.31917638672370824
0,0.41014056681806094
0,0.3122227347331107
0,0.5783798732920907
0,0.2747039587871802
0,0.553954281760872
0,0.5751819805725372
0,0.3112316363018179
0,0.47338278520376287
0,0.3257756449220504
0,0.3015360221955936
0,0.6783837708968153
0,0.32216693077962083
0,0.3108597088770296
0,0.31226454668782877
0,0.4818129864389009
1,0.7960763599074359
1,0.5744853424573755
0,0.5705751744370232
0,0.32409455911644947
0,0.3209342397032952
0,0.5812260676165771
0,0.3220328032815856
0,0.4685261787751216
0,0.7489094758411297
0,0.32461060562250893
0,0.3159241261888968
0,0.28821733207497235
0,0.31104053149714017
0,0.3116091024003765
1,0.6329201030789345
0,0.31974905414443844
1,0.6422249388736392
0,0.817710091995395
0,0.27639336225804617
0,0.47681973545299505
0,0.4482694791813192
0,0.486196108296686
1,0.49395592224721957
1,0.5830990974760714
0,0.3188002370412666
0,0.1298719362682832
0,0.3168566581662616
0,0.4646619239339006
0,0.3178424268438522
0,0.289620954192636
0,0.3122185925639466
1,0.48322048020630354
0,0.3092455825471769
0,0.5844741397774892
0,0.3235131907279159
0,0.3306793058010445
0,0.4765744518384013
0,0.4629029285276476
0,0.7798746785438303
0,0.29969468317827364
0,0.3235983347063292
0,0.3288353193816967
0,0.322840663082836
0,0.6369164124294647
0,0.2996667026154343
0,0.2862933297923519
0,0.9041444780060786
0,0.32229699076053636
0,0.4872552895907922
1,0.7848186598770683
0,0.8833563043284198
0,0.335184260476206
0,0.324681698379936
0,0.3281949838047763
1,0.4773067959075944
1,0.48662856244597885
0,0.31293347251596554
0,0.6951203046653149
0,0.31598165598084327
0,0.3204089374673681
0,0.4984068440197403
0,0.32009631348079726
0,0.7662407891547026
0,0.5760882784626531
1,0.46393394494666806
0,0.41185793437317
0,0.4726885823108238
0,0.3117366687064816
1,0.49617890893372885
0,0.32649316566311193
0,0.6955286581261382
0,0.2908660449925896
1,0.4866823167740787
0,0.3050573590914903
0,0.31817062188322515
0,0.3168306920278943
0,0.33244928440654176
0,0.3205304390696974
0,0.31787649702549137
0,0.4530023623945841
0,0.8140581018775854
1,0.5793719577085479
0,0.4648775901457643
0,0.7098229802785706
0,0.29555842006706223
0,0.31395894343959274
1,0.5645134502675482
1,0.7611071415908102
0,0.886312498224538
0,0.30705032673759103
0,0.32236548182457875
0,0.3120896682453885
0,0.5820993555888883
0,0.7833366684456843
0,0.645883332109177
0,0.3154424359490108
0,0.3062770856588063
0,0.3102992882414135
0,0.3216594482511051
0,0.3178105193118691
0,0.48458101599071857
0,0.8297230663313009
0,0.31609517519992664
0,0.7968346110113873
0,0.47913975781920953
0,0.3254805355338199
0,0.6575777327030095
0,0.3194673577943151
0,0.3198361604151049
0,0.32281402505880846
0,0.5722549227838206
0,0.6872040750786521
0,0.31250892481928
0,0.3162263308915817
0,0.5740335181901118
0,0.3143223615517666
0,0.3189923867566411
0,0.2972433202643627
0,0.28253494237236926
0,0.4846724273667281
0,0.3010904100294505
0,0.31962090734166154
0,0.3215723980888535
0,0.31829647540849076
0,0.4115082685073926
0,0.31105312097207805
0,0.319689846801463
0,0.6797821285274185
0,0.30414687936215784
1,0.4785266316711964
0,0.5493327343595507
0,0.2963536073561149
0,0.3132873889069073
1,0.49472584113149326
0,0.4851492191580163
0,0.46287589997373696
0,0.3120372215426493
0,0.5795243468738177
0,0.32783998193133373
0,0.13012135071242584
0,0.30662967023231025
1,0.49049739405200643
0,0.8009195122962786
0,0.5729926419232102
0,0.31188953314366485
0,0.41148116227332987
0,0.4801161878005911
0,0.3104422234858665
0,0.28807221369587327
0,0.30477558181152226
0,0.581995072161138
0,0.3215041747879024
0,0.3120048070705676
0,0.6845607360466743
0,0.31957326565248745
0,0.32759648116627715
0,0.576802617829703
0,0.2989050394970852
0,0.31415556600060796
0,0.4060858167099875
0,0.2957527616245293
0,0.31056518767059965
0,0.8369952762045362
0,0.5813398951344619
0,0.3169757163250022
0,0.583332146257613
0,0.3039541470116436
0,0.5713556591930703
1,0.48404682657287773
0,0.32939765790027864
0,0.8021765879394023
0,0.3030196857930754
0,0.8067736388971025
0,0.41124935837438625
0,0.48458101599071857
0,0.31165122732181255
0,0.5708843770236234
0,0.30196195932331393
0,0.3215926623762398
0,0.3321772225836625
0,0.29695738603399385
0,0.4935032996683365
0,0.7818374979017836
0,0.47750294782941316
0,0.3483361071088218
0,0.32161769003722834
0,0.31056518767059965
0,0.7766445995491978
0,0.44794013405423744
0,0.32479601082001236
0,0.32410062765035547
0,0.572948068064395
0,0.33070194035780254
0,0.3162922181647874
0,0.3292354835350899
0,0.31517629512031137
0,0.5698291110200865
0,0.3220328032815856
0,0.3144406250061236
0,0.3190364606698778
0,0.41336711284846894
0,0.3183367887311801
0,0.2892806957935833
1,0.5848773340111975
0,0.3223524211713022
0,0.3125262664241
0,0.31990619008913196
0,0.32320917447157893
0,0.3170379808720164
0,0.32739344672060566
0,0.2924665229130917
0,0.4927846276806897
1,0.7260390633299662
1,0.5619145812971976
0,0.29386681939097736
0,0.41148116227332987
0,0.5859798315159356
0,0.31359524356724255
0,0.5850189433635469
0,0.27064320171979606
0,0.30983705544363294
0,0.31162999205239483
0,0.8968209514522113
1,0.7998595544335411
0,0.47930896656085425
0,0.5899371476385188
0,0.4765185753296949
0,0.8021003127046764
0,0.3215370920418774
0,0.30171297956756205
0,0.5946986158248576
0,0.31025867844752336
0,0.730812932816037
0,0.132209469180147
0,0.4742532607320483
0,0.5758126700180984
0,0.684090523926327
0,0.31310405148642095
0,0.3190299623040499
0,0.30160466785931606
0,0.3038322181342072
0,0.324346388988331
0,0.6402604275083393
0,0.8721623125679231
0,0.3225740821204983
0,0.3152310495208895
0,0.30864121953106166
0,0.9286251636042288
0,0.4775350219408397
1,0.5839649398603001
0,0.31100546526779715
1,0.9216756261800378
0,0.3234215102407249
0,0.3194511129643571
0,0.577268859551762
0,0.30396109444923697
0,0.8466180018563173
0,0.31362195307091145
0,0.13084984527441548
0,0.31982300962119475
0,0.3021315368284826
0,0.3284266171707511
0,0.3143421139986513
0,0.5710149246395403
0,0.31638859431004546
0,0.32298228240726395
0,0.32173215806176536
0,0.31372308883433203
1,0.5836928264364755
0,0.3161218616387532
0,0.321868943116851
1,0.5820827799852437
0,0.3099852798768986
0,0.31278854059843725
0,0.2983106193573627
1,0.5849068946106878
0,0.28662678553661597
0,0.3112686816026499
0,0.30977613722269287
0,0.30304258444051974
0,0.6259874732202156
0,0.47653618798073233
0,0.5918049740210225
1,0.7076640544996443
0,0.47338489600139116
0,0.31056518767059965
0,0.3139535568565823
0,0.48204348122622703
0,0.47972247028893483
0,0.41030458403676884
0,0.47703881177689217
0,0.3254078933455431
0,0.48078159166903356
0,0.48277555704460545
0,0.3033121732570261
0,0.296948880865717
1,0.40361026217600027
0,0.3234405981518526
1,0.4844139804357881
0,0.322526291131542
0,0.7240451159865507
0,0.3041075375590439
0,0.4790593851858389
0,0.3220328032815856
0,0.3187447131865516
0,0.3121302168593583
0,0.7999409799508396
1,0.5846960668630801
1,0.4815414341167571
0,0.32361718090638836
0,0.46551844383574287
0,0.5923544410591786
0,0.311433990806695
0,0.6649692309068814
0,0.5060542280071532
0,0.3199932080736062
0,0.7241094832340012
0,0.4812404787066946
0,0.6334886919776176
1,0.5692215680139092
0,0.46028822451308127
0,0.3341844107912461
0,0.719942384904474
0,0.6435749181713726
1,0.47987571587771405
0,0.30914282936849025
0,0.32022671065318986
0,0.31329845892139857
0,0.3184291410758214
0,0.30946820934262703
0,0.4866444223865168
0,0.6511512315787018
0,0.6392438013239322
0,0.3191304850994313
0,0.31730252772447626
0,0.33443192576243064
0,0.31712426490366485
0,0.31865475721145636
0,0.29797275628531933
0,0.2927667732133898
0,0.5688205715600003
0,0.30119769957541803
1,0.5820672950475749
0,0.3004477255574645
1,0.4565874760633698
0,0.7197995781080279
0,0.7504424969485824
0,0.3148084310842771
1,0.8419414707466769
0,0.3137893232525066
0,0.3086588521727108
0,0.2915520618751501
0,0.3278566659676479
0,0.313632084723892
0,0.4862495849933995
0,0.32805757656490914
0,0.4895613854892226
0,0.4736153669998935
0,0.5831398243153272
0,0.836280379244467
0,0.3170623463955762
0,0.46617516344091364
0,0.7886176351316687
0,0.3003358981288686
0,0.4122583290943921
0,0.698210148132273
0,0.8631917094606831
1,0.632930898065937
0,0.32059839737745405
0,0.3102949710505551
0,0.3178346318417358
0,0.3179298065031181
0,0.3109257778437485
0,0.4832717148346173
0,0.44320925532288924
0,0.31736601064601677
0,0.4074278703662564
0,0.4716073415053638
0,0.3234254337966304
0,0.3177254206313316
0,0.323610126940943
0,0.6926183782532986
0,0.31653452429751605
0,0.31395349081984114
0,0.43492059042314
0,0.4762582764298007
0,0.2876968228985543
0,0.6464024774791123
0,0.29527237915766097
0,0.3159147753757879
0,0.3141434410180378
0,0.31889628573655887
0,0.3132805889549903
0,0.3084676867596771
0,0.3223646947565342
0,0.32601986998363086
0,0.765740708849829
0,0.5705635587835938
0,0.645236470891851
0,0.3036235182744803
0,0.693944123252699
0,0.48663835101562763
0,0.3306434157846408
0,0.4715643843074953
0,0.31903277137261676
0,0.8317258332461194
0,0.30780289305341163
1,0.4829406677043222
0,0.27074729777863554
0,0.7314459777577148
0,0.485586372483135
0,0.8132805626916436
0,0.3293819732487275
0,0.48697523147049737
1,0.48457254543462536
0,0.2922774230212751
0,0.6899256367473345
0,0.31046738714156064
1,0.6467213977760586
0,0.3202777033409246
0,0.3008513186340097
0,0.3019770583613781
0,0.31931735286881846
0,0.31798944341820207
1,0.5712976472875403
0,0.47155823095160876
0,0.4688268784449883
0,0.313960850025808
0,0.43508199583179524
0,0.47323538868127807
0,0.3215397371852665
1,0.5746535399443549
1,0.7336843752987358
0,0.3118379702785193
0,0.28800853408294885
1,0.4797865889034288
0,0.48728855226882445
0,0.3122017611834584
0,0.31891131922634286
0,0.4096547920795312
0,0.32640066863351036
0,0.4845956267922496
0,0.3061401658721869
0,0.6461563933816624
0,0.2978635595671893
0,0.6821246245557772
0,0.5566452192749571
0,0.31307790288921644
0,0.3171849799478342
0,0.6350187258057555
0,0.31825580697054096
0,0.4267972576864681
0,0.45396512559827
0,0.49076276034798366
0,0.3146643633335583
0,0.32384745378378316
0,0.3151016080606786
0,0.32463402696659827
0,0.6907459276902451
0,0.3218130930814325
0,0.30955927199524125
0,0.294497389332574
0,0.32293835395516135
1,0.6838341142325156
0,0.32520707054634457
0,0.7530659019846391
1,0.7591304788785512
0,0.3231177941357369
0,0.47685708273623006
1,0.4833579502382284
1,0.4846535006048648
0,0.3197356271442711
0,0.31548172544351655
0,0.45992758718513405
0,0.6938120793490906
0,0.3241735350114243
0,0.30099554549898216
0,0.313632084723892
0,0.41187289386415993
0,0.3008521729164739
0,0.492757954587546
1,0.661470265653578
0,0.3126391759332701
0,0.6891938323657693
0,0.310934757911466
1,0.4789594709751486
0,0.4834384698117335
0,0.3160781189789381
0,0.47611703726736826
0,0.32161282512234807
0,0.5696257157839163
0,0.3225923038466391
0,0.47356701953163416
0,0.4665209836510874
0,0.6019466843202919
1,0.47726662723190616
0,0.47911863150875095
0,0.32121519837616924
0,0.3282580916441482
0,0.7575060109764122
0,0.31090953429759827
0,0.3092455825471769
1,0.6651755403427291
0,0.3163789369133997
0,0.31709281324998795
1,0.47875203425456186
0,0.31545272941219477
0,0.30700219387447075
0,0.4720718155007858
1,0.4835343758981609
0,0.3025480421359721
0,0.3251649026436108
0,0.2870114569086358
0,0.3043666225397472
0,0.3248664508339322
0,0.32147728493290184
0,0.31819839674433265
0,0.4724616131380538
0,0.40993738083968073
0,0.4593520854892853
0,0.3022113257697311
0,0.4833359081672076
0,0.47984564619950426
1,0.7871920117878667
0,0.5643437070447586
0,0.31162999205239483
0,0.2932041940254277
0,0.30745420529575357
0,0.31935415664595407
0,0.29956978859772077
0,0.3204628064390279
0,0.32910483990498896
1,0.4861484940986635
0,0.6015334033270079
1,0.4728632942634766
0,0.30266017058701655
0,0.3225529178251141
0,0.8114466791719439
1,0.6440024096513769
0,0.3105453840528881
0,0.3016931956780932
0,0.2993012116596562
0,0.8066250127422719
0,0.7523859788517638
0,0.3234254337966304
0,0.48796804576569613
0,0.2986510507357895
0,0.8010019756728101
0,0.3166171676910559
0,0.30815477512820844
0,0.3037205917592118
0,0.29152103545631985
0,0.32623893968987505
0,0.30464560902781057
0,0.3235409671908273
0,0.1251070591371004
0,0.41174007461673756
0,0.3140388761182315
0,0.3281575843304494
0,0.44207030459966057
1,0.47803691441406976
0,0.31286448442502796
0,0.32353105276728295
0,0.3166039056056188
0,0.3003272491225368
0,0.3198817313296918
0,0.7076369578658706
0,0.5648578907062458
0,0.3001758374220916
0,0.3229273201784516
0,0.4787849674543136
0,0.4096547920795312
0,0.30895800879031515
0,0.3235750179805334
0,0.4752499732886092
0,0.79823312892529
0,0.28638097010541835
0,0.48322742956462034
0,0.3184299440732858
0,0.29357513417502507
0,0.3078285437912672
0,0.45832351919472575
0,0.47783015502587106
0,0.3025467940969958
0,0.32479504317923136
0,0.4751713164343903
0,0.27860567705051986
1,0.4815294650730937
0,0.40894531449682403
0,0.6528973495787026
0,0.48303780925241324
0,0.6490713599802324
0,0.5034334708309827
0,0.7991123639356675
0,0.4867904361138427
0,0.28886667084853923
0,0.2792630927029513
0,0.3125984771426013
0,0.3121602088310617
0,0.31909352949860265
0,0.32034480589112896
0,0.32199191716561304
0,0.3258023920427884
0,0.3084874596746531
0,0.7251644493522842
0,0.4753684148011845
0,0.4742726555276989
0,0.4113981636398653
0,0.31923020084115367
0,0.3088192125308
0,0.31602484050830787
0,0.3084231542125984
0,0.28860185182020076
0,0.3202643379482007
0,0.3008807610997573
0,0.3110351682259478
0,0.3252961149558172
1,0.5868202995470247
0,0.31056518767059965
0,0.6471405922320508
0,0.8383077671151676
0,0.32264090521984357
0,0.5886083528360992
0,0.4794379551878158
0,0.6318251365662405
0,0.3248177397446905
0,0.29641786242818163
0,0.2942938443456991
0,0.31184032462131794
0,0.14074222320786
0,0.30451806251372354
0,0.4766729029707327
0,0.4674590961350692
0,0.6507355560389053
0,0.6330333073627863
0,0.8448781471725252
0,0.31618996901228125
0,0.3354503626007589
0,0.3160717135486372
1,0.4786363476599883
0,0.4721439382944323
0,0.3209950173882562
0,0.30030650004110865
0,0.31347349729592777
0,0.7912926973995568
0,0.30039714238891924
1,0.7376427917333842
0,0.3005381413189592
0,0.2195279260043241
1,0.4799483105649722
0,0.4697216072409583
0,0.3055545752204724
0,0.31056518767059965
0,0.32941652597842525
0,0.47774986908399947
0,0.6380620309202965
0,0.3100800923332253
0,0.567729760120672
0,0.31767626580593544
0,0.330863295504219
0,0.30224773925714704
0,0.43397791187169227
0,0.5610901520110002
1,0.48337628502007773
0,0.31334301348714905
0,0.3183513940995964
0,0.7038038187936535
0,0.2916486976716859
0,0.40989560420224413
0,0.40962176725848326
0,0.30959556829719664
0,0.30298881070303535
0,0.5712062813389845
0,0.30845587522070683
0,0.32522248927913344
0,0.2975175799007244
0,0.6904795861308541
1,0.48704050908232965
0,0.7281899984245505
0,0.7929572178227935
0,0.2996801746271471
0,0.3209117510925841
0,0.2824192053463127
0,0.3181519039547278
1,0.8131101771960555
0,0.3092455825471769
0,0.4903145629584698
0,0.32439243497830605
0,0.30877470218809644
0,0.12746298330469283
0,0.3197892013808998
0,0.31024137383286154
0,0.3140747784100658
0,0.7060439972356467
1,0.5819758548306061
0,0.3095971722039306
0,0.3258406657866671
0,0.31515235478696185
1,0.48257727823134017
0,0.41202891982519607
0,0.3249388430597409
0,0.8388325144718931
1,0.8007326562582723
0,0.289382429850295
0,0.31375010199607856
0,0.6452422962899216
0,0.3254078933455431
0,0.7787571366093119
0,0.31354565282204644
0,0.6426859141199528
1,0.7299879210175892
0,0.5418261168449262
0,0.3227407332461404
0,0.3166771656607668
0,0.47296167157881375
0,0.2879506101230684
0,0.5897915579876201
0,0.30864121953106166
1,0.8789537843202581
0,0.6245913860948304
0,0.5707104615627764
0,0.32029582641090515
0,0.4115063845237594
0,0.3220328032815856
0,0.3084496203818952
0,0.3019309152638999
1,0.8636674729153804
0,0.6469896216504548
0,0.5761699476528985
0,0.2883465563364918
0,0.30822487850595054
0,0.4853551741477406
0,0.3194385211255616
0,0.47805881454846777
1,0.4717749749826163
0,0.3067668115068519
0,0.8809990320059501
0,0.8071787617807845
0,0.4796376576276292
0,0.2967970317868772
0,0.3038768125281661
0,0.29378169582298863
0,0.7768465328053382
0,0.31797588081246125
1,0.47706056397548774
0,0.3291386253284797
0,0.4562381414344221
0,0.3111588272125096
0,0.6974284517574688
0,0.331892582913183
0,0.8400045306653674
0,0.6903942870231645
0,0.4802533255888931
0,0.3104612100484881
1,0.7553936561663556
0,0.318707370962504
0,0.46770808042771767
0,0.48558684838413463
0,0.31029104532188695
0,0.8018765571374683
0,0.30871227828048964
0,0.6414130010755997
0,0.7221613105236795
0,0.3212637355480504
0,0.5636271287578889
0,0.31177729761821515
0,0.31792101443056375
0,0.31947071352029704
0,0.31189281976987293
0,0.13393694432982065
0,0.6883780950662762
1,0.5851115676974756
0,0.31425713231746866
0,0.32141817571477177
1,0.9292537609171884
0,0.4796863706384901
0,0.2942926193475597
0,0.5655343042144516
0,0.31329902150013444
0,0.3040214460073031
0,0.6729147358163562
0,0.3128260996286113
0,0.308766699734085
0,0.3078832950204088
0,0.48398932070057665
0,0.6554923116019147
1,0.4840049484911607
0,0.6432145104453691
0,0.46445750141324477
0,0.40962176725848326
0,0.3198523661806155
0,0.5802020823103562
0,0.313343903483392
0,0.2950190521069663
0,0.5743633737009678
0,0.32485054803303387
0,0.3094679241298643
0,0.12882475766099036
0,0.31073919075157075
0,0.47476070249183366
0,0.30490682738875846
0,0.7040669232424775
0,0.6725281708763766
0,0.4765625683229155
0,0.4679210859865309
0,0.3086063060709601
0,0.32274449604194655
0,0.3011754359312344
0,0.3316141030506588
0,0.3138432409538495
0,0.3123619777699061
0,0.4685386476938393
0,0.7837209902114461
0,0.32229492376306224
0,0.5626968957598835
0,0.7774478239457067
0,0.2988843267094165
0,0.30021625525034984
0,0.31708592489652565
0,0.28942023569128705
0,0.1349260413274917
0,0.48235074514987125
0,0.27710891556143735
0,0.41160308795527223
1,0.4801997791521262
0,0.6905494156769583
0,0.3223599407733758
0,0.5619020798040655
0,0.3206454396226493
0,0.31101039524154445
0,0.3021209781912726
0,0.31956336056825074
0,0.30757505776092103
0,0.47741445371629937
0,0.29279960598232413
0,0.30007761140221817
0,0.31590241843754824
0,0.3207649876831371
0,0.3128005774987303
0,0.30854837305339383
0,0.30782476846026446
0,0.8384928203344254
0,0.31842801712059726
0,0.5754397395621605
0,0.4812284617326753
0,0.3131784445728214
0,0.3149565315433467
0,0.5786435916738173
0,0.48315690385914184
0,0.31641803700512783
0,0.6396487534712363
1,0.4872200149726912
0,0.6927033014587312
0,0.29819143903189727
0,0.5389494675370342
1,0.47950596308242555
0,0.3213137843316756
1,0.709620719816101
1,0.9018667287931109
0,0.3094579994873836
0,0.13728665605988954
0,0.26288512901940964
0,0.3180401368382339
0,0.3308052492005989
0,0.4746822333742847
1,0.4885164770568363
0,0.6518656707874166
0,0.7323643582783051
0,0.31056518767059965
0,0.31616381189434606
0,0.5783084599115925
0,0.33689451112293534
0,0.30221945143736967
0,0.31592553457682304
0,0.1291684266766798
0,0.311660247474635
0,0.49193529306332184
1,0.4880376560747015
0,0.31296430500709976
0,0.32786135963439056
0,0.4674217584727143
0,0.3134135557259514
0,0.3142537317468991
1,0.7966422562691167
0,0.48441267846398106
0,0.32251511927542575
1,0.46958930851588787
0,0.31844333633453603
1,0.4664524998396819
0,0.32115515640539366
0,0.6581284396590904
0,0.46274358624430834
0,0.4771776261214556
0,0.32077296437233316
0,0.47870327925445144
0,0.31937156429097774
0,0.302387833394431
0,0.31096555980451723
0,0.5837473377142008
0,0.327537165046379
0,0.31558592129212654
0,0.31074254567742354
0,0.6462349888355476
0,0.46748660822792093
0,0.591167751736279
0,0.31685155160476297
0,0.3137196365880113
0,0.6914444304499487
0,0.3215315201335903
0,0.3054372155458099
0,0.5836523736474539
1,0.588926701736133
1,0.6338344837413012
0,0.8512124867060719
0,0.7302778248396923
1,0.5877316543471768
0,0.692377155507498
0,0.47934796809882163
0,0.3250768940938266
1,0.4786794626766909
0,0.48364402631127595
0,0.63309308123037
0,0.31056518767059965
0,0.2941133273491906
1,0.4860764513015244
0,0.31669961747717695
0,0.9051923017732415
0,0.30799942526460705
0,0.4732135832623873
0,0.293060242289581
0,0.13760988944194696
0,0.31877669077688364
0,0.4822436276762263
0,0.6851009900233931
0,0.3196422244329051
0,0.3199747880220262
0,0.7915662573098073
0,0.29571768881928673
0,0.331711745871793
0,0.3122600015805129
0,0.3165716685568882
0,0.3020039387867956
0,0.32260145853863237
0,0.3125405152630489
0,0.32124487308901906
0,0.31137259769631837
0,0.32292112238397597
0,0.2597324584243363
0,0.3114319666044858
0,0.6134879928382002
0,0.3192305479142326
0,0.5858998226003023
0,0.48269445497324565
0,0.4733094493882659
0,0.3198275769253316
0,0.4762618185278035
1,0.7413525200533136
0,0.41164380002748274
0,0.6947598795064405
0,0.48329476238387337
0,0.3071085812696778
1,0.884613511641231
0,0.3079916848316295
0,0.3090495759419944
0,0.3184521867254058
0,0.4731622439377712
1,0.8733382980701954
0,0.3174290049340607
0,0.48463544209834536
1,0.48010192199858387
0,0.29852870972539014
0,0.3040851411285756
0,0.5853082168353236
0,0.32539176300492034
0,0.3145895792535752
0,0.6932496123886431
0,0.8384597502908304
0,0.30368135496314413
0,0.31524052828793764
0,0.661547719497088
0,0.48028011469963117
0,0.3217886807110013
0,0.31160577617657464
0,0.6389094878222181
0,0.31437093366679686
1,0.3965820930677683
0,0.30142542617264567
0,0.4715977070928747
1,0.48599620728814796
0,0.8487334369600269
1,0.6410767434608331
0,0.7432704018118874
0,0.715837349615966
0,0.31852452770967404
0,0.3250933217980339
0,0.48560438049353133
0,0.3178886051874301
1,0.4814673535536595
0,0.4672434940446371
0,0.3165748383559178
0,0.6612388297944146
1,0.6239213827408091
0,0.32438006600092356
0,0.30644963684289417
0,0.31412598302617606
0,0.3155444520163123
0,0.47559731210688777
0,0.47573231851122344
0,0.3214226384425548
0,0.3228254301675734
0,0.3184615230615903
0,0.30833590068508976
0,0.30973138796141625
0,0.323324797956845
0,0.3129638150943832
0,0.32847313101884423
1,0.4803076953006841
0,0.7396062320714072
0,0.26513148132498937
0,0.3228637574630554
0,0.4777274113428456
0,0.3084514867621092
0,0.4768598151079193
0,0.3196806290392326
0,0.3035655571665743
0,0.3009755553621992
0,0.31334366352561993
1,0.7971717193388206
0,0.47086114590603007
0,0.29872761879565024
0,0.3070678057643747
0,0.554771516760351
0,0.7985781579955338
0,0.29516488100323723
1,0.46749722809489136
0,0.6400629918116209
0,0.48768789574454113
0,0.7701268221869204
0,0.48173619092364545
0,0.4887828159489112
0,0.311862641500086
0,0.7046471946506987
1,0.6601310401758863
0,0.40962176725848326
0,0.31056518767059965
0,0.31732996135741826
0,0.3198773337433763
0,0.47384850131795764
0,0.6958025613452907
0,0.30565893877923134
1,0.4764538228280635
0,0.30725733346244766
0,0.6302462697319493
0,0.28332355293153905
0,0.3236572125506531
0,0.322014454310336
0,0.30586885139781167
0,0.30079384592700514
1,0.5851054988086395
0,0.3207351770291047
1,0.4873141034523391
0,0.3177762551799241
0,0.3309655233063918
1,0.6933078944199529
0,0.30556010493366037
0,0.3131018784026534
0,0.31145338630741276
0,0.32095019742270536
0,0.32347144956427737
0,0.31496238841382435
0,0.46123969384595315
0,0.7565200830068051
0,0.27871501621964956
0,0.29434282465415723
0,0.31822246386722924
0,0.300835212347232
0,0.6357892313401733
0,0.6543507678344307
1,0.740323224856684
0,0.3073836353496035
1,0.48251844997390586
0,0.34685280208977
0,0.5829996180732561
0,0.31647582932256085
0,0.4758304998732026
0,0.4780317556398069
0,0.29899516603666393
0,0.6351849761912127
0,0.47919647620802536
1,0.5738236089163071
0,0.3000572346356461
0,0.4833910832534254
1,0.4817170885837173
0,0.3021178283851078
1,0.4826260587932442
0,0.2683733892965347
0,0.6437695642651896
0,0.31518921147589096
0,0.4798510426850669
0,0.47616373857682237
1,0.7631219039830158
1,0.48137824807066365
0,0.3192063262572331
0,0.41203920566116664
0,0.3121039173840417
0,0.8383032872675962
0,0.4828825373059754
0,0.3245339400412246
0,0.29078724156772634
0,0.31842801712059726
1,0.473379922857079
0,0.3128029793661584
0,0.584748021707346
0,0.5664579162743192
1,0.7882159630597068
1,0.557878377314923
0,0.29541872357530724
1,0.6499707722480561
0,0.3139820313148193
0,0.3181178886253832
0,0.48743946673594174
0,0.31225115801294306
0,0.2970654841909228
0,0.47629635124078545
0,0.31249818097657667
0,0.32311753537433674
0,0.4817646700589885
0,0.653652014086101
0,0.3237490028056641
0,0.47881888593566635
0,0.6647216405488284
0,0.6346958543419017
0,0.32183491069188225
0,0.3150167434622848
0,0.3217255139632838
0,0.6979638858915174
0,0.31695411496865894
0,0.3045124337958429
0,0.7391096373199658
0,0.308411559364903
0,0.32387709318687513
0,0.5893683870781642
1,0.4898288577569199
0,0.3135589366600108
0,0.2954082512491632
0,0.32510244585204656
0,0.4991137420571154
1,0.5647866825476628
0,0.4593751086691663
0,0.3304908253857187
0,0.4768970812993196
0,0.7505950548902455
0,0.3029985234240342
0,0.3003465082325028
0,0.293297421710137
0,0.3282454029564505
0,0.30814245382924865
0,0.8122591964039201
0,0.31915913122391987
1,0.8213133650036956
0,0.3196422244329051
0,0.689215255762367
0,0.4681116054292906
0,0.4849273381610269
0,0.30938448008988856
0,0.32141817571477177
0,0.7409547888884976
0,0.30187674513732166
0,0.2932355550685234
1,0.6784989888762591
1,0.46706862010904077
0,0.7443526772512887
0,0.28632394491246027
0,0.3224642497160933
0,0.36860591820519173
0,0.3087127973101509
0,0.3254078933455431
0,0.47557635111980917
0,0.33020901513158596
0,0.3191835360559551
0,0.3230728199795446
0,0.3050692295911326
0,0.31834069171605883
1,0.4874565133429352
0,0.30970938276460375
0,0.3016977377466526
0,0.31587663766325075
1,0.7362893922258154
0,0.32113362155634845
0,0.2963285979594596
0,0.3241438992668641
0,0.41057753768872085
0,0.3299633011274987
0,0.47982380857329704
0,0.5666916314678109
0,0.31979254609753355
0,0.32095053950103286
0,0.40886087116315106
0,0.6650399431411556
0,0.3171705950134095
1,0.5720658968370576
0,0.3151279990141681
0,0.30829873170606387
1,0.46543851880818027
0,0.31882939399807186
0,0.4104281585709452
0,0.311778732542079
0,0.640552596884495
0,0.1346767525722257
0,0.32229699076053636
0,0.314935952563892
1,0.47240178990469817
0,0.2956261596166755
0,0.31473290977888696
0,0.5502713223273042
0,0.5791302115675437
0,0.3183395695796595
0,0.4796779435897939
0,0.4777274113428456
0,0.31393308776522777
0,0.5658399826639785
0,0.3157567360711616
0,0.6573547942492408
0,0.5707899532161007
0,0.3265330328145503
1,0.4807030753685275
0,0.32133311315255036
0,0.5379881554219891
0,0.32382580916704057
0,0.8139997589173474
0,0.3209925877906717
0,0.41070551399467664
1,0.5764627663647766
0,0.47240034124300756
0,0.6488896362489468
0,0.8377988797051452
1,0.4716012380562887
0,0.30371455106159884
0,0.7262727452619714
0,0.3266702292884979
0,0.2725340956361896
1,0.4848400353989931
0,0.12752960308337802
0,0.5659067354801093
1,0.7403786132094309
0,0.2978949429551405
0,0.31996057438701114
0,0.47033051653322927
0,0.9150102365098648
0,0.4777794755643731
1,0.47334502099294634
0,0.5759779896312631
0,0.3241889511431747
0,0.7695581000221259
0,0.317844534895868
0,0.5784815530450218
0,0.29556017913438937
0,0.48334958494333846
0,0.3273479913474106
0,0.5805172808410609
0,0.3040279617598118
0,0.5759880987773025
0,0.47931995174125785
0,0.4850739971307324
1,0.7100088452745543
0,0.3171212050618486
0,0.3164859980568358
0,0.6648687930223655
0,0.3110213428876911
0,0.3327863102909052
0,0.32259267472616227
0,0.4893298232438971
0,0.4848783317628372
0,0.3164356335776566
0,0.3254212576150667
0,0.4105735063459459
0,0.5756817346327738
0,0.3117310652491675
0,0.5595909140570839
0,0.3129675006447579
0,0.4505281164887152
0,0.3155258453525094
0,0.8918273146399445
0,0.5067364261729236
1,0.4765946521730635
0,0.31283070853767675
0,0.8758764818833907
0,0.7305677197717642
0,0.761241467986385
0,0.4443597719475424
0,0.31620099604783214
0,0.27200136788374785
0,0.2959104527478541
1,0.4857888238368711
0,0.47707026068726344
0,0.8553445348545873
0,0.3207351770291047
1,0.7503149419734573
0,0.48277555704460545
0,0.4833475550566851
0,0.31590181243410825
0,0.3053705009503459
0,0.7344894029525032
0,0.6473283803072863
0,0.652427281930774
0,0.48571183237347126
0,0.6108524232569954
0,0.3073637163454591
0,0.3213578907636504
0,0.2924747693462863
0,0.31484662280032233
0,0.7314761241246766
0,0.3202373261313696
0,0.32410270020410215
0,0.5634490847790893
0,0.1234076754175332
0,0.47734596068775315
0,0.3152063145361315
0,0.4839313959509039
0,0.4618468122478324
0,0.6834228145644553
0,0.8152402681389892
1,0.4720897421676684
0,0.3200954776556033
0,0.33058931536033154
0,0.3095773499739163
0,0.3173721191296428
0,0.407108413619895
0,0.312643165523515
0,0.4790783227061095
0,0.3109029972152538
0,0.7941868657779249
0,0.7169679254856663
0,0.32630003251841505
0,0.4831876297252373
0,0.326737954362457
0,0.4762118554501503
0,0.3172615046443133
0,0.33488142873411614
0,0.8847053513332431
1,0.6961824935075017
0,0.31978701727895864
0,0.3081702275323662
0,0.5752442212528833
0,0.3198330722824902
0,0.3138311038766508
0,0.32098352112185324
0,0.6046891890532757
0,0.30711598888525027
0,0.4120910991172838
0,0.7827544216345393
0,0.32034480589112896
0,0.3163542549405906
0,0.3206193648233896
0,0.3118160736885429
0,0.32327110224928307
0,0.31999723897584625
0,0.474493017255569
0,0.2955290822594369
0,0.32156258253249176
1,0.45923435871761675
0,0.745964405531742
0,0.3202994240686203
0,0.3129415226705078
0,0.2915146919979255
0,0.9093165486767216
0,0.3145333047256203
0,0.3235913560272162
0,0.8503528346309527
0,0.4735851123418129
0,0.32390319920545113
0,0.3241889855125357
0,0.4578958442630868
0,0.3193651083172258
0,0.7430132424586401
0,0.3111804566423151
0,0.30812030633846366
1,0.47691309254405456
0,0.7697274631199875
0,0.6039227650396991
0,0.4727664188195303
0,0.3062433834952313
0,0.3139746805682065
0,0.4755712463222764
0,0.6272550881134167
1,0.5782577751736261
0,0.6283836462003902
0,0.3086565540068772
0,0.31387616041761224
0,0.31727790978418324
0,0.31618846116764465
0,0.315399523764936
0,0.7557876845964161
0,0.6365830844104522
0,0.3306793058010445
0,0.29396824687579715
0,0.3200954776556033
0,0.4795549261903959
0,0.32087443460941734
0,0.31681489390042555
0,0.7537391931518335
0,0.4838470118132475
1,0.48299440957922163
0,0.44862139583010446
0,0.30291146251919265
0,0.31213517154402665
0,0.31901347761802024
0,0.48208791991468175
0,0.8732746876275602
0,0.4829510193393313
0,0.31354778675053535
0,0.3050474617506881
0,0.4682240615862136
0,0.30701063490469493
0,0.31015795849681427
0,0.4123368635565781
0,0.4101556668819456
1,0.9183383072620157
0,0.3248646450787237
0,0.4797708177179001
0,0.30731104562819095
0,0.31029104532188695
0,0.5751761763842517
0,0.5902241743695991
0,0.31609507083963306
0,0.3040902036525409
0,0.5804844763070206
0,0.586244335240103
0,0.49187909465420926
1,0.4871936739353966
0,0.32161769003722834
0,0.4898550934073149
0,0.32224452276845916
0,0.3237958442829464
0,0.30519558928301305
0,0.31566334349491887
0,0.30507145634354127
0,0.3118381681140325
0,0.30313795997534554
0,0.2851982222308915
0,0.3124038487478951
0,0.479001523747128
1,0.4837619809615164
0,0.7782991743611378
0,0.3083151796434688
0,0.5800949947114208
0,0.30141434804229617
0,0.41084530672638986
0,0.4533437473480292
0,0.31217381054248705
0,0.30696014682417383
0,0.31863742075391815
0,0.3219350874378358
0,0.6550785176419746
0,0.31013707060074364
0,0.3221925256690616
0,0.2960499073109548
0,0.32715038063179314
0,0.31034090763765015
0,0.10879641783457564
0,0.31343909059259095
0,0.32508853370734675
0,0.7596631121579076
0,0.32366110654410823
0,0.30310407021356145
0,0.8077753524829698
0,0.31710906798738253
0,0.3217299047831314
0,0.309327568966228
0,0.8937447894131676
0,0.47895870770594834
0,0.3066932570899361
1,0.4848145870744629
0,0.13680024511789565
0,0.31030951076804136
0,0.30389894840287685
1,0.5781782016776861
0,0.30445190810380507
0,0.3286974493087598
0,0.3282591813843649
0,0.41215678080065427
0,0.8048332052129715
0,0.678244912917654
0,0.3044454358724406
0,0.8212435258663716
0,0.31694739599889354
0,0.3048760978645344
0,0.3121559157549748
0,0.3268857682407963
1,0.4873624444811755
0,0.4670986825690797
0,0.3210444406632449
0,0.3013439663874287
0,0.46619668468048764
0,0.5959619647221992
0,0.3142491784524807
0,0.30508967433339046
0,0.8519302643047976
0,0.4692573813105559
0,0.4800211192664581
0,0.31086311430190006
0,0.3202643379482007
0,0.6873238550572806
0,0.48406794061849345
1,0.48718911338014226
0,0.31056518767059965
1,0.6960467551664689
0,0.5545922290947503
0,0.31916531344089943
0,0.3184008027159581
0,0.4754726004512677
0,0.47742381221662616
0,0.2945011490540178
0,0.3213961746915354
0,0.4786858770434129
0,0.7205466206802057
0,0.8314165420087412
0,0.6333327503160977
0,0.300973594210646
0,0.6423909980252381
0,0.4101133629739654
0,0.4790483792064057
0,0.3192490108535145
1,0.48808448564730333
0,0.5859925564489818
0,0.3211028158895956
0,0.48155005288107466
1,0.4686026371702991
0,0.3257521355601498
0,0.30277544768168396
0,0.3120186222523578
0,0.303131984295219
0,0.3054143735100236
0,0.32123095419616643
0,0.4711215599411171
0,0.5126161028649312
0,0.6838144840297178
0,0.8403753593799163
1,0.8332132967148529
0,0.7972636643924815
0,0.31398899160319527
0,0.4235699796372623
1,0.6267670250538909
0,0.3056382146953085
0,0.3106873635569879
0,0.32101316432373816
0,0.6486760748947449
0,0.31205088893971994
0,0.30926234529599467
0,0.5781666860131641
0,0.30791011370553556
1,0.6749895490903797
0,0.32057875428036897
0,0.4084639857180266
0,0.6969948380277622
0,0.30818848610277333
0,0.47114236184629443
0,0.30586428672816707
0,0.3301329042886096
0,0.41057753768872085
0,0.30614259318264797
0,0.3152012461754019
0,0.31957441087066846
0,0.3141585490337901
0,0.31859989557615914
0,0.30354154694999763
0,0.7059857684856568
0,0.33039165454953834
0,0.3163499158690283
0,0.4775870128061621
0,0.3158284061358168
1,0.4677601925770909
1,0.48614529679109914
0,0.31191490836685815
0,0.31586514154153067
0,0.3070060058387361
0,0.3190145573846955
0,0.30212771187381965
0,0.41792821336341274
0,0.5916443048626661
0,0.4782198804029014
0,0.3164561072438911
0,0.4060858167099875
0,0.571492839245109
0,0.4805945183363912
1,0.47468779794705157
0,0.3142444527419975
0,0.4858837254827105
0,0.3087868859153438
0,0.3159421539036139
0,0.3068972766285788
1,0.4743350970959129
0,0.6762571886038561
0,0.3299986591514215
0,0.3223648096624679
1,0.48351265076236044
0,0.4084639857180266
0,0.7775702544597672
0,0.8579268119896735
0,0.2975256718743187
0,0.583633379242792
0,0.31754082252629084
0,0.6591954785516129
0,0.31582899686707344
0,0.5822039938187226
1,0.47995582976740825
0,0.3010325672912334
0,0.2970047851932536
0,0.30354154694999763
0,0.312373368548014
1,0.47438758864283803
1,0.4763623436778939
1,0.7066096854195717
0,0.3299536275206994
0,0.5793489290875344
0,0.314364742866207
0,0.5821951659183043
0,0.3110922054667446
0,0.3163615175962162
0,0.7876947268877224
0,0.31825720876169955
0,0.6848117238446083
0,0.31551088248879433
0,0.31720617177064725
0,0.31604604912202455
0,0.31289748614443336
0,0.311929708859382
0,0.31455819820841713
0,0.6961790371498191
0,0.3032611367668774
0,0.4599854986848028
0,0.31378748714073085
0,0.3254078933455431
0,0.8377653500925233
0,0.31102467687134777
1,0.7533252468418878
0,0.41057753768872085
0,0.48135980290920083
0,0.48975110753675527
0,0.8384928203344254
0,0.4797116790479989
0,0.3157319567347579
0,0.29878998971119664
0,0.13006628390192151
0,0.31799389769276043
0,0.31900171850520487
0,0.30361547514296316
0,0.3220464041514517
0,0.31796900202802025
0,0.28189742588470235
0,0.5673217102889981
0,0.31834913144685395
0,0.3254711622647875
0,0.5716340889975319
0,0.31716789395613293
0,0.31763730011145336
0,0.31725284377448615
0,0.3122077556737656
0,0.31496238841382435
0,0.733929280561607
1,0.584138935194639
1,0.5844561379245076
0,0.7488610655693761
0,0.5788059333569249
1,0.570935998812988
0,0.2881033572792233
0,0.5639773218080691
0,0.30567538495461943
0,0.30880662154512656
1,0.6700316471631516
0,0.5830138126652344
0,0.5740802546829561
0,0.4708234124153178
0,0.47823245309503554
0,0.48201566085596054
0,0.5771090959786267
0,0.7779845575509893
0,0.32037784605097847
0,0.3062109450232601
0,0.3115322000215923
0,0.3048136121129492
0,0.32641830374798353
0,0.32702046350372904
0,0.4922645724483681
1,0.4878020925240282
0,0.3213353574631621
0,0.5823870156099239
0,0.31570386861033656
0,0.43537711234661003
1,0.45893290180226126
0,0.3061696742205167
0,0.30843953669733415
0,0.47532871293855766
0,0.31416129589809966
0,0.31368603601490624
0,0.33260284718750566
0,0.41070918511661764
0,0.3165460722160329
0,0.4834470941973912
0,0.41160308795527223
0,0.30086575853919784
1,0.5882706056521906
0,0.31029104532188695
0,0.3066783010882561
1,0.4822664573602943
0,0.48291326367314397
0,0.30864121953106166
0,0.318614212976447
0,0.30898217044830883
0,0.3251956528063507
0,0.3169822466133904
0,0.30648449255136384
0,0.8218584361837383
0,0.3002991409880155
1,0.482839153153776
0,0.32150824610990986
0,0.31157956243478857
0,0.46612697631208017
0,0.310751675355956
1,0.4856033271034684
0,0.32018119986897003
0,0.5853159092546216
0,0.8395328976073799
0,0.4105995983147835
0,0.3184177524728392
0,0.4657468205773545
0,0.3172450527203794
0,0.5232831858712327
0,0.3220277513759586
0,0.3060614825612554
0,0.3161365646514928
0,0.3290657935584991
0,0.21700765211838796
0,0.48681181766980813
0,0.45904702521734253
0,0.3063278876525886
1,0.48698896400375946
1,0.9013697432484893
0,0.4777584372249239
0,0.29180203417190853
0,0.40962744641731014
0,0.2885763847032792
0,0.3203461148235165
0,0.3093201552284506
0,0.3201069461916056
0,0.3187648807302099
0,0.40962744641731014
0,0.7553309490593743
0,0.31079035328795085
0,0.6267961314304952
0,0.31674354205493216
0,0.648793514955648
0,0.30321493155611234
0,0.4720024218632324
0,0.3165803862145812
0,0.31718624247461663
0,0.3220328032815856
0,0.6032736218926611
0,0.31686949729025765
0,0.2982126554982099
0,0.41077398480070515
1,0.4821346874786741
0,0.3196389082694336
0,0.4778739536282086
0,0.31821062903858793
0,0.2956109552325801
0,0.40993738083968073
0,0.30278676329512044
0,0.5648416536978426
0,0.3213353574631621
0,0.6739799817781001
1,0.6871699058364525
0,0.32204362429080413
1,0.7956433511041664
0,0.48035055423112777
0,0.46922277822452757
0,0.4687666614357597
0,0.47589356797112276
0,0.41282547221538773
1,0.47621440450478386
0,0.31192976509771275
0,0.31718113419238114
0,0.31727790978418324
0,0.47055629067019417
0,0.3165934532097894
0,0.5019925452261548
0,0.5991943940241663
1,0.4895911491465232
0,0.31108699611643387
0,0.2860551247331542
0,0.4057274106885516
0,0.8506856441333822
0,0.7151700757235627
0,0.7853689483262993
0,0.47927059558477125
0,0.7170470498256363
0,0.30918611688443953
0,0.29628282687349033
1,0.80164341656733
0,0.48887575977163866
0,0.45831920000404297
0,0.3117778939390946
0,0.4894128443407147
0,0.8683931572818366
0,0.3221061281633881
0,0.31953687633910255
0,0.4841185070941659
0,0.31675250308343794
0,0.6453203997816346
0,0.13003962954326614
0,0.32694933953476935
0,0.4598466812791711
0,0.3112973377849045
0,0.4096547920795312
0,0.34260794512104564
0,0.305888832927012
0,0.3116484193504162
0,0.3096872533145135
0,0.3027311368524366
1,0.5731420586457128
0,0.3180710208982069
1,0.4737480741559081
1,0.4877038668641154
1,0.4851373525829235
0,0.7624648019491889
0,0.32805757656490914
0,0.3044985650075136
0,0.3161078119236075
0,0.32021231215075213
0,0.32900559426183484
0,0.31112413767769964
0,0.5745342296725428
1,0.47663225965919187
1,0.47849287285797426
0,0.3063757381942385
0,0.31607495227408444
0,0.49012291471553265
0,0.3151899627840174
0,0.32423889136335493
1,0.6443861654016938
0,0.7132960075813912
0,0.8816344467762803
0,0.3228230855963195
0,0.47937846124625116
0,0.46865688014764423
0,0.30969893800640746
0,0.31768450534953435
0,0.29179650404685853
0,0.7255057520147099
0,0.2949206288731503
0,0.5752831805940274
1,0.8637247347681731
0,0.3214875887711821
0,0.3136403835991764
0,0.3022026125238365
0,0.3178610795884501
1,0.49282297092150623
1,0.5726405530482118
0,0.30648449255136384
0,0.45262841218000616
0,0.40962176725848326
0,0.8767456829772148
0,0.30977613722269287
0,0.4842793161899999
0,0.4670981413334392
0,0.3169200128894634
0,0.5660486439875149
1,0.47572785109874993
0,0.3144310371220255
0,0.3142775557769248
0,0.5815549356038763
0,0.45752195192796086
0,0.3084121214495135
0,0.31213672678373167
0,0.3234254337966304
0,0.31551090727279735
0,0.3116931588822941
0,0.41805411823688404
0,0.5667713916703565
0,0.32416014976859303
0,0.31162999205239483
0,0.3142089888452176
0,0.31910846250098157
0,0.31575536826882084
0,0.3209147722825499
0,0.32340235621022345
0,0.7532740896438878
0,0.4808504771495513
0,0.8735425203126584
0,0.4789943762583352
0,0.3236395861085931
0,0.6857791180979054
0,0.6935294766035872
0,0.32805757656490914
1,0.559880278349598
0,0.30985635088206426
1,0.48086310071502264
0,0.3219974160295022
0,0.31858741612819363
0,0.5845849345201198
0,0.47413080534778845
0,0.46308975329206425
0,0.3123701347284499
0,0.3152063145361315
0,0.4759441035653403
0,0.30148244929962914
0,0.6594916132876059
0,0.31728549776433507
0,0.29834575337267344
0,0.31554055283650567
1,0.9234157427193644
0,0.319488505027684
0,0.31847159321889223
0,0.2897485788804499
0,0.4798166937384566
0,0.5790307714364785
0,0.3055320649560067
0,0.31872642710712007
0,0.31136221533703934
0,0.7277806821832248
0,0.3198523661806155
1,0.72175825494558
0,0.32271753526520136
1,0.5786410584178349
0,0.31548228836068537
0,0.3037084680759728
0,0.7993387616281642
0,0.5627830029717932
0,0.3144204307435949
0,0.8032900263782855
0,0.3114154674830233
0,0.4668678156566227
0,0.30814179656986157
0,0.3139706726749822
0,0.31830262082973676
0,0.6870486743809316
0,0.3248199976949931
1,0.5776698673815653
0,0.3220660470444138
0,0.3179777037392876
0,0.4947039550141691
0,0.5756202031075461
0,0.31616117438361274
0,0.30766614939503734
0,0.3277859414450806
0,0.3015035268253767
0,0.6297607034569552
0,0.3156894573641368
0,0.3172332323548327
0,0.5516177504375949
0,0.32517210116031037
0,0.4831629573282273
0,0.48710797389074095
0,0.31056518767059965
0,0.29219538063740097
0,0.3223031872805602
1,0.5623876735603636
0,0.3178369745152243
0,0.3106229539302492
0,0.48308829726169744
0,0.4817986237776593
0,0.31056518767059965
0,0.3188051677285608
0,0.2893281387361343
1,0.4867830621482812
0,0.32213058857695503
0,0.48540265073256617
0,0.47358888228805185
0,0.2883297317849295
0,0.3160232379054118
0,0.31962856930492833
0,0.3180535054846954
0,0.31867704895834337
0,0.9126016191027148
0,0.3115765244497921
0,0.7033622912588272
0,0.3088082659270909
0,0.6363922772279885
0,0.30854912506052273
0,0.8722022673137736
0,0.4096547920795312
1,0.4909652406905315
0,0.4060858167099875
0,0.3169949080733955
1,0.4862382556219205
0,0.6852445792962104
1,0.4738918473688627
0,0.5748372347058435
0,0.5769480926256673
0,0.4886020998821388
0,0.3131403037524254
0,0.47120953689929745
0,0.6277991134634161
0,0.31565309661152957
0,0.48125304889579257
0,0.31685044458894995
0,0.29435994365232726
0,0.7747096176608943
1,0.6759019877122471
0,0.6434664035729601
0,0.3103030565308086
0,0.3248396315923823
0,0.2981842437042295
0,0.3172450527203794
0,0.3169992184244612
0,0.5704330581392022
0,0.6630033161799935
1,0.4688384471045274
1,0.4057686722541962
1,0.49236304594772023
0,0.326098572386288
0,0.41125781543812734
1,0.488865589190305
0,0.31709740072087794
0,0.7978611430394421
0,0.31959383452100565
0,0.5846975623112188
0,0.5643872285580784
0,0.31446835601087686
0,0.5739465483577831
0,0.3217094724473265
1,0.6337514930023495
0,0.30543864441640584
0,0.5622007670299247
0,0.30864121953106166
0,0.3224812748971629
0,0.32153084819932154
0,0.48447936301459593
1,0.586464791620408
1,0.887764933307408
0,0.687870773422722
0,0.30920990748373994
0,0.31663666191537193
0,0.31935214725252564
0,0.48606135318871413
0,0.6593419799253756
1,0.4839609355210597
0,0.47437744747518923
0,0.6663696784778511
0,0.709509996508429
0,0.7517251549610399
0,0.3092455825471769
0,0.40962176725848326
0,0.47204487301733605
0,0.6819335952890513
0,0.3153831618176341
0,0.4861615448363836
1,0.7773285763042318
1,0.48403487018491564
0,0.31863518789748396
0,0.3112198511839223
0,0.8341785779685943
0,0.4778871531857304
0,0.31060672822823343
0,0.3300645630064462
0,0.3179513889962574
0,0.3198946685530431
0,0.29999416471432455
1,0.4946244125244939
0,0.3234488451935017
0,0.3142954169528175
0,0.6787119796443183
0,0.32438601302769055
0,0.7926227611606297
0,0.4119477773556582
0,0.31649240743501406
0,0.3154815533899537
0,0.3219623738830913
1,0.5772430336699836
0,0.8504907770772177
0,0.4849989007258252
0,0.32013914178373015
0,0.31755604815325744
0,0.31736740051194623
1,0.6974859117699104
0,0.6473473829030679
0,0.31732189870161864
0,0.40965910106183145
1,0.47952942416792804
0,0.6400413301514165
0,0.31585619966803963
0,0.4848954097917676
0,0.29897357601802815
0,0.32222877671690553
0,0.3144785806114236
1,0.6451463150206095
0,0.3170656982698221
0,0.3161060396846459
0,0.32602455960089144
0,0.2638580602518307
0,0.4116686590426503
0,0.327627792171754
0,0.6028533369045137
0,0.3057678573730484
0,0.47764752806159266
0,0.31685806957134316
0,0.3015388628615959
0,0.5791386529172015
0,0.32577647566180196
0,0.6392793246204722
0,0.46686070921908684
0,0.31447169637008865
0,0.3201947877348592
0,0.30463366215365856
0,0.47270209031272964
0,0.3049350579229451
0,0.5778720578586981
0,0.31196431783791523
0,0.4898195183877451
0,0.32281402505880846
0,0.30471494695453594
0,0.3041280614902484
0,0.5873791554984571
0,0.3202540526249826
0,0.47681415319250064
1,0.617811953650606
0,0.3216150467534431
0,0.3154833104421141
0,0.3182648660209237
0,0.476510781166742
0,0.7655298272458838
0,0.3194355694473997
0,0.3209674626434173
0,0.6832123214424468
0,0.5648824879944416
1,0.5799695834006817
0,0.2880862546845356
0,0.3185663095568964
0,0.7858950797357522
1,0.47828922958801007
0,0.31178857849714375
0,0.4676874481903388
1,0.48488154417163887
0,0.31237586056073396
0,0.3163674638187064
0,0.3327362864543365
0,0.2842188639201657
0,0.21306016779819334
0,0.6925706816395634
0,0.3173549441378071
0,0.32323867905680476
0,0.4759295854785622
0,0.31013409766183075
0,0.3196102788030474
0,0.7766504554644678
0,0.6028022932828847
0,0.3215071003172208
0,0.30864121953106166
0,0.3161304280372145
0,0.34662767143298767
0,0.478162107301867
0,0.5822543046098854
1,0.46288717786331585
1,0.5794196440542287
0,0.31596464161236654
0,0.48523884370683795
1,0.5867089270850583
1,0.4842213018912837
0,0.6772376552298497
0,0.4802503745529831
0,0.4731385275359754
1,0.48245659244774447
0,0.31097363560844465
0,0.6843506428673544
0,0.3116211807693104
0,0.32418631183992597
0,0.3085288660477823
0,0.40993738083968073
0,0.8375454092223501
1,0.6964492815789426
0,0.29560259971644726
0,0.4803936784141381
0,0.8190888421388391
1,0.6558751784946308
0,0.31229919562448233
0,0.8647139204943105
0,0.2875914192859376
0,0.6647216405488284
0,0.4592482519013924
1,0.5852632501892305
0,0.29573516639402847
0,0.321553612113103
0,0.4851497474699187
0,0.4834135138085119
1,0.4878911974877642
0,0.3250438945685074
0,0.5951018192441048
0,0.31029104532188695
0,0.31728219843073424
0,0.30934401471114825
0,0.3089158344508889
0,0.3113521609364388
0,0.4861168319833905
0,0.3073928763871378
0,0.6903686644250753
0,0.3164356335776566
0,0.5612045740895144
0,0.31581701746514335
0,0.32900041647751965
0,0.48538727752334043
0,0.4644816269710466
0,0.32120319920906715
1,0.6493077698692372
0,0.8536598541849502
0,0.3030386520940527
0,0.20546310970531806
0,0.31798498605325065
0,0.6507344891707494
0,0.31951556254446695
0,0.4854996095394422
0,0.3022869022790977
0,0.46013019899152613
0,0.6591456314010119
1,0.47630944222625704
0,0.2899497678561469
0,0.28701038621381036
0,0.3209032443710869
0,0.3181647128492846
0,0.3016564856033695
0,0.40993738083968073
0,0.3221695507977142
0,0.49105367281351575
0,0.6337033045963508
1,0.4808845413796712
0,0.3036281373664133
1,0.47845559612174987
0,0.2983389616851382
0,0.8680072767268178
0,0.31538967134368906
0,0.41103162058856774
0,0.6353174906355431
0,0.3009250331071737
0,0.48332478991273886
0,0.30770346269002186
0,0.828682127189191
0,0.3182776790228791
0,0.29499433355345944
0,0.5983797277332255
0,0.7099617793846421
0,0.575324885333374
0,0.31908332013831525
0,0.3035647969765958
0,0.6500658806213653
1,0.578030401060195
0,0.7527010988631024
0,0.31025693348936445
0,0.3114235364461209
0,0.325637416136589
0,0.3030546418396752
0,0.4759752522731478
0,0.3266216069806545
0,0.3149236107511136
0,0.6489104468182613
0,0.40962176725848326
0,0.4822316313445295
0,0.3178554086048459
1,0.8060007283760648
0,0.47799484734889214
0,0.5721905748245909
0,0.47383606050980703
0,0.487884808223665
0,0.31323662964046306
0,0.32116870859606095
0,0.6889075719188794
0,0.685628302083125
0,0.3193232533066126
0,0.2967162834216096
0,0.46987191700471653
0,0.32281402505880846
1,0.4815004240039557
0,0.7504423059855363
0,0.40979345555708074
0,0.41103162058856774
0,0.3201391307009385
0,0.318707370962504
0,0.6547565463188588
0,0.7218866042939188
0,0.30774381266599504
0,0.7639564586518443
0,0.7571452263038211
0,0.3147372006080627
0,0.3074673933410937
0,0.3229353605151258
0,0.3007755357641919
0,0.4760538266265693
0,0.3235328793380892
0,0.6332471660523529
0,0.6418408783788833
0,0.31712426490366485
0,0.819016545740085
0,0.463632889705971
1,0.4885164770568363
0,0.302622761299515
1,0.48817834103052044
0,0.30161572051498325
0,0.1464173609380993
1,0.48824944190100644
0,0.32431566689065705
0,0.5772233191453778
0,0.3097041693075168
0,0.4744631222083441
0,0.31253131795248307
0,0.3178677111062089
0,0.28065550595312305
0,0.3180660311338876
0,0.3021046793023273
0,0.8684034673814754
0,0.32153847527287177
0,0.32323676330154594
0,0.30864121953106166
0,0.3152191699655876
0,0.4762053239259424
0,0.2913122137714439
0,0.3164216981418267
0,0.3172450527203794
1,0.4859451632084218
0,0.3250044425871512
1,0.48053265218134766
0,0.30390298387755676
0,0.30291682168322437
0,0.31143615374445155
1,0.47916895171749874
0,0.4844169187464986
0,0.7950189453475079
0,0.753227729423442
0,0.5872197437215216
0,0.7013479907804819
0,0.30879681115769075
0,0.5939651450296806
0,0.3182096539423148
0,0.30390769947080365
0,0.3165455983756125
0,0.3129278902892415
0,0.6895858596960565
1,0.5625655886279913
0,0.3088237111019953
0,0.30734469900332223
0,0.4767521300156944
0,0.31029104532188695
0,0.3035675393661158
0,0.47632617808641314
0,0.5733122107995731
0,0.31548228848768983
0,0.3040902036525409
0,0.32012358366822546
0,0.29586411925007966
1,0.47701471044369387
0,0.3270169773067297
0,0.2975538650602681
0,0.4829903007164919
0,0.7280761969064689
0,0.8681652827300889
1,0.5817398621746013
0,0.32229699076053636
1,0.7947153883502102
0,0.3117472923025595
0,0.3111252873096076
0,0.3105906804861923
1,0.9492477783864502
0,0.3030196857930754
1,0.8734384563814636
0,0.3118138943462483
0,0.7552461443118114
0,0.3176595964815998
0,0.3122450253027241
1,0.4783828786200871
0,0.316577027068199
0,0.49175953120053173
0,0.3168633985370025
0,0.8452479821383212
0,0.4844169187464986
0,0.2978866017127889
0,0.317216808589705
0,0.41244047230261277
0,0.31488286692654094
0,0.4762071766464927
0,0.31668402106462357
0,0.5651642552137509
0,0.6390129130084772
0,0.7290155397379575
0,0.32441982921569334
0,0.2733369726147544
0,0.5528512647800886
0,0.32394251226902676
0,0.31927973740046706
0,0.47572996198832845
0,0.3087884757182611
0,0.30900089249199025
0,0.3185112823531185
0,0.8603330709064345
0,0.29811387472263756
0,0.3102914517906423
0,0.3200222374033165
0,0.3156706335595049
0,0.30630802242308364
0,0.4851252764906561
0,0.3154471260811854
0,0.4801514228949721
0,0.31746422483241055
0,0.6809453070213758
0,0.4891720975649067
0,0.4805833739538938
0,0.3151013388293439
0,0.3168538579044006
0,0.3236865452530613
1,0.4880638378013909
1,0.48744134138270184
0,0.47952688315754305
0,0.31930729432488597
0,0.31271230661521
0,0.3242497675735942
0,0.572995968352627
0,0.3283161718513559
0,0.30864121953106166
1,0.4885515910580933
0,0.8441761442671016
0,0.3002429723469588
0,0.49490357131483975
1,0.4810031872869994
0,0.31875659180211385
0,0.29808363998292847
0,0.2671989241753242
0,0.2951452066408008
0,0.3084231542125984
0,0.3059488888694935
0,0.3169308398324193
0,0.713274997784982
1,0.6209790534351045
0,0.3168427320212104
0,0.31721556309421384
0,0.3163979023773472
0,0.32688376769692007
1,0.4867199117708345
0,0.4836048355933123
0,0.7134550453479548
0,0.7663234714461067
1,0.7812936642362011
0,0.31056518767059965
0,0.32998303306195137
0,0.30519125194139946
0,0.3090294882242041
0,0.5864585143741117
0,0.3266216069806545
0,0.328998850693012
0,0.7331504321597272
0,0.7445050695879526
0,0.4639078122681135
0,0.31547581021232607
1,0.4597766319418336
1,0.48018630636425264
0,0.3259957979214619
1,0.48431039306800117
0,0.6522815518849759
0,0.4880227904226756
0,0.30864121953106166
0,0.319354393984879
0,0.31023588741799424
0,0.2922421768696007
0,0.3046971170387334
0,0.3255348533486667
0,0.5767283764512899
0,0.9124423683150702
0,0.32297386099775405
0,0.30742023240634947
0,0.5840145382657782
0,0.31863518789748396
0,0.3061943898586608
0,0.46991176092159836
0,0.2936112017394873
0,0.3157432356839012
0,0.47545571695664796
0,0.32662605112068116
0,0.30972506412397294
0,0.318528769895184
0,0.3078855803183926
0,0.4734507134691707
0,0.3009954080210536
0,0.48513736440147687
0,0.41219505701981063
0,0.41018020983908915
0,0.48649274741213927
0,0.807754065285046
0,0.3135307549559094
0,0.2886764894112919
0,0.7705143401561289
0,0.31212490729435544
0,0.5858537173258943
1,0.5794126536192742
1,0.5857022562138241
0,0.3211959700103624
0,0.2923680706765877
0,0.48458101599071857
1,0.719362476642704
1,0.4690369892517016
0,0.3174616742753168
0,0.32489920947795486
0,0.6719651103096945
0,0.30702971384929595
0,0.3049639116977225
0,0.5602924432726967
0,0.3035248753286977
0,0.5586436734305035
0,0.3140824552542633
0,0.3072613159857888
0,0.48867306915061004
0,0.5625610228864929
0,0.31730329702014415
0,0.29881123814092464
0,0.4735663096960562
0,0.5633592987446546
0,0.3131910740816333
0,0.45830046612870157
0,0.6426501100031071
1,0.4790172629025385
0,0.26251500129037525
0,0.3070301927583199
0,0.4121905671897897
0,0.3070713280709624
0,0.3189264167199218
0,0.47489629497060737
0,0.3139638091983533
0,0.29639389367087304
0,0.46981567228388404
0,0.2988125383218146
0,0.5677720692261058
0,0.3207828293914654
0,0.6555118310771122
0,0.3137349356895506
0,0.30991102602259496
0,0.32468444046740524
0,0.30083837791372847
0,0.3162245706994407
0,0.3143481520006253
0,0.5895939372393691
0,0.3163370748518004
0,0.4733870940487787
1,0.8839007646481785
0,0.6499889505720636
0,0.31162999205239483
0,0.31412157888518427
0,0.5554818013330766
0,0.3101558303763507
0,0.8941166847537764
0,0.30354154694999763
1,0.4087149163236327
0,0.6245248741742737
0,0.30237592464880747
0,0.2645888758069157
0,0.2961240641036449
0,0.6887588474621762
0,0.32327759284836066
0,0.3167696436295536
0,0.31633367616255775
0,0.6650201778739746
0,0.3107732958667219
0,0.700114998278634
0,0.30352365312667245
0,0.3209342397032952
0,0.48039232989208397
0,0.30924680057678067
0,0.29695871611919267
0,0.7772566431496257
0,0.3139820313148193
0,0.5274241196045831
0,0.6233967338498902
0,0.7472356973667952
0,0.32303950549143334
0,0.681444512132973
1,0.8903785775447488
0,0.32117331454698334
0,0.289891251967926
0,0.31099193854770046
0,0.30277208539322575
0,0.29325614151059476
0,0.32031370174926344
0,0.32803772452392893
0,0.32164256602603963
0,0.30095196257683143
0,0.45790503804874555
0,0.6374803728269584
0,0.7060782713142034
0,0.30945940028169877
0,0.31149086255597924
0,0.32605205372790713
0,0.3218167230224445
0,0.3232142715555026
0,0.3167632244713401
0,0.31863520393937117
0,0.3150354884301242
0,0.32904183603320325
0,0.3143223625959033
0,0.30895955524397434
0,0.3207351770291047
0,0.3159570670991651
0,0.3015597539862322
0,0.4842561817031689
0,0.3263958459911774
0,0.5799777768631174
0,0.913558571554855
0,0.3180473582288008
0,0.46945231959122896
0,0.32805757656490914
0,0.31441562480886903
0,0.3083538324843214
0,0.3192530489896916
0,0.31328752737690957
0,0.31679150899682046
0,0.3199038297125099
0,0.31701792599917045
0,0.326681602614046
0,0.48317815129486225
0,0.3242127057361028
0,0.30864121953106166
1,0.4775413271376009
0,0.6706285853883335
0,0.3190501856888354
0,0.3177753555216613
0,0.3142356642928991
0,0.6390434844356615
0,0.3246853784163751
0,0.2616521508171325
1,0.5867827284885339
0,0.2996567685393074
0,0.3192677828797425
0,0.28540617325346945
0,0.31641583359768444
0,0.6505183564277629
0,0.3147785274136249
0,0.6959315062211039
0,0.567422562600864
0,0.31532732752955983
0,0.3098911299815324
0,0.6055403562824316
0,0.31231870452846366
0,0.3055545752204724
0,0.5481498764517597
0,0.4753982018377012
0,0.306120407706659
0,0.30768074154291275
1,0.4891281509838429
0,0.31860733652540707
0,0.6582877874174117
0,0.30864121953106166
0,0.32320917447157893
0,0.30166029800731176
0,0.668539803367762
0,0.3022661275281099
0,0.7852010708510967
0,0.4096547920795312
0,0.3192776012376644
1,0.48197213496859875
0,0.30617886439650516
0,0.7595268394472674
0,0.8327477423041196
0,0.5719655047822858
0,0.4802378824974117
1,0.5720676778392806
0,0.30671379441783775
0,0.6486216825074784
0,0.3299423264227013
0,0.3278467286894427
0,0.3202643379482007
0,0.3220328032815856
0,0.31821546490245933
1,0.7290899354981379
0,0.32278353159304923
0,0.30602453691241766
0,0.7811221765368966
0,0.3102735446134202
0,0.3238388149610886
0,0.7934793351333549
1,0.8959212157883145
0,0.5672915569706445
0,0.3144983094084379
0,0.7244256231065649
0,0.582056062006311
1,0.45367373040610987
0,0.31738083432576975
0,0.3032203399709947
0,0.31380277098992293
1,0.8070600307002598
0,0.6855148728786664
0,0.32043177559563135
0,0.30888611117068493
0,0.4829159558706311
0,0.4473201768861693
1,0.4854895023465581
0,0.31050785537729275
0,0.8812560899831802
0,0.29952610413845004
0,0.32588641983034133
1,0.6497530978492994
0,0.7510661809366854
0,0.31439968855626843
0,0.331528167117214
0,0.31971722689510185
0,0.30838564491574144
0,0.3208040372716188
0,0.4602948842037087
0,0.3254078933455431
0,0.3140022555678503
1,0.48639172582371415
0,0.3186760778824872
0,0.3109922614487305
0,0.6299728730597735
0,0.6468659706793721
0,0.5670201116080736
0,0.3157807632778268
1,0.485851238927488
0,0.3234254337966304
0,0.47745775811500624
0,0.5798946169788148
0,0.687984328250496
0,0.4106111736356393
0,0.3118476110820651
1,0.4765998257137332
0,0.7006699726955427
0,0.32607714606626764
0,0.29850846193402436
0,0.6650201778739746
0,0.7468933249031862
0,0.6877925174715636
1,0.4820107048704879
0,0.30740645519696735
0,0.29349674866210335
0,0.4862209822907035
0,0.3053985874477721
0,0.4336785899671576
0,0.3187891971850979
0,0.3170339883720835
0,0.2963917539301052
0,0.2990201929008547
0,0.3179475340042721
1,0.8748732968753209
0,0.3069553538266797
0,0.4772936241908817
0,0.3295422725435008
0,0.3230411296768948
0,0.3154994954045029
0,0.4084639857180266
0,0.3106197344616594
0,0.47148956261005254
0,0.31706431926963125
0,0.31722353192403635
1,0.684608876276991
0,0.3216866100303558
0,0.3277752201118258
0,0.3180611413858024
0,0.32229699076053636
0,0.31328138058776045
0,0.30734469900332223
0,0.31753371699584515
0,0.6466504710505349
0,0.3095528266048121
0,0.31692116202046045
0,0.3074613517258221
0,0.4827603987987659
0,0.30354154694999763
0,0.2738672074672694
0,0.5257689964772795
0,0.3169648032620735
0,0.6499054377559701
0,0.3172051911736275
0,0.3030196857930754
0,0.47807115277829515
0,0.31803031223963657
0,0.5783092275628559
0,0.7689537230337586
0,0.5629028415772137
0,0.48060100659938126
1,0.8536950657888218
0,0.8173869662977714
0,0.3160341104781009
0,0.3268230876931882
0,0.4784742958912434
0,0.4763120361898747
1,0.47801878180007884
0,0.3236785612440798
0,0.3211272203763551
0,0.5495925268802612
0,0.6000424645809839
0,0.5758708709798789
0,0.46191231663467835
0,0.6473813706884367
0,0.40776394027833385
0,0.3219950825248686
0,0.3052411273203605
0,0.32051876325799455
0,0.3010990197555033
0,0.45799413975034686
0,0.4771355830398382
1,0.40362156778737945
0,0.7553249243158748
0,0.3010604431630089
0,0.7678923624344589
0,0.3157975005434208
0,0.45877830843530976
1,0.4907068426145641
0,0.31620099604783214
0,0.31572688954439876
0,0.31962867434734626
0,0.29640404504887535
0,0.32183751628504154
0,0.31173494688320635
0,0.30960474348155875
0,0.46484636572876864
0,0.6444862800495423
0,0.30802120461469484
0,0.3184042035322962
0,0.49111465780687735
0,0.3193597151601256
0,0.30955192526371184
0,0.30804734957994473
0,0.5828195423837341
0,0.5536367955459033
0,0.30514771820947845
0,0.30946782447946636
0,0.2905521755854622
1,0.47824829008746633
0,0.32341298798743745
0,0.3307727293757906
1,0.4796893393242934
0,0.4605573805320853
0,0.30969891075245753
0,0.30938478957827464
0,0.30457673507556576
0,0.4827583063122474
0,0.642917468847791
0,0.4774867674959157
0,0.3032921032589035
0,0.3147085792227488
0,0.665176046796185
0,0.31991172323070977
1,0.48341831206557623
0,0.4836925064206002
1,0.5869814867199591
0,0.3117960588612206
0,0.4787171305674741
1,0.6442467887722008
1,0.4594677301549101
0,0.30734469900332223
0,0.7669252970070178
0,0.4828347857922029
0,0.7166896072071197
0,0.6149470499269619
0,0.31010558656800075
0,0.3105349478869127
0,0.8846924215714929
0,0.30471180596259156
0,0.317815574050221
0,0.30901107366425873
0,0.4828519715185834
0,0.48845734140871144
0,0.31722692217130416
0,0.29445184405009367
0,0.31492221005104726
0,0.3153925711745123
0,0.3293054725393019
0,0.8599170000120885
0,0.3133463331692633
0,0.47909157492180354
1,0.4671770630575135
0,0.30918611688443953
0,0.48187332996649423
0,0.31174040941641834
0,0.5739620649404386
0,0.4760766461796331
0,0.31162999205239483
0,0.48515652349160243
0,0.30731572485235065
0,0.2976193322330711
0,0.3112148783589117
0,0.47610868913870547
0,0.7570151658066782
0,0.3001517276762656
0,0.3096863638280659
0,0.32510722405818376
0,0.4672083969875936
0,0.5825376808941454
0,0.31478843874459816
0,0.3254805355338199
0,0.3164406863139618
0,0.48839679092757604
0,0.3234254337966304
0,0.3281158378498167
0,0.3118910730726217
0,0.3000076323406006
0,0.320523265326724
0,0.3198806524957387
0,0.3159372454866919
0,0.5823029776336863
0,0.29998432112605355
0,0.31186092917324904
0,0.29943532988079125
0,0.3171369780686619
0,0.4812753418264092
0,0.5770465994266121
1,0.7143485873639275
1,0.8402187382542134
0,0.4841945766479471
0,0.6620477684533549
1,0.6346358574537709
0,0.31679555729161646
0,0.3130743193411978
0,0.7060141595517554
0,0.3151503373305055
0,0.6490299927818506
0,0.3216487239008905
0,0.313001839990072
0,0.31065842604550536
0,0.3224582427889432
0,0.31445820109960393
0,0.41167465382239377
0,0.3042247595427031
0,0.7194268539681594
0,0.29410601333830794
0,0.3096252680001076
0,0.3154208516604023
0,0.323324797956845
0,0.30230172326746646
0,0.31989776201071324
0,0.28901108624171584
1,0.4711066726086776
0,0.46949572775696163
0,0.4123219393328163
0,0.31308773141836754
0,0.32081100140370067
0,0.31756952453786425
0,0.3141173911322254
0,0.32602062394037523
0,0.41340971773794266
0,0.3045502942150052
0,0.4815803599165614
0,0.5799649777875077
0,0.3179983340903574
0,0.3142582891005327
0,0.3179128776116276
0,0.49753538391119434
1,0.4780661393974349
0,0.31584585948958604
0,0.3218235206006014
0,0.41077398480070515
0,0.6408862997465724
0,0.31345865614485163
0,0.30853178105540013
0,0.40962176725848326
0,0.7043073242867391
0,0.2984721981359653
0,0.3078268937769059
0,0.3047296794672563
0,0.6302750111657429
0,0.6493225488791007
0,0.310512829889768
0,0.3091581451168645
0,0.45154844006938094
0,0.3129045426201421
0,0.3209019602559252
0,0.40962176725848326
0,0.5748037387497372
0,0.290799918375024
0,0.47977490757488317
0,0.577808998796299
0,0.3167647163430442
0,0.32568994195692114
0,0.33229222800361674
0,0.30904736964087576
0,0.8478050882376107
0,0.3275407624926316
0,0.3085957338431901
0,0.5869657597423606
0,0.3284266171707511
0,0.27915969104819505
1,0.6884372393725977
0,0.2736280088546397
1,0.48978616542628073
0,0.31577788155701664
0,0.4784886193131032
0,0.4632452524620412
0,0.7798746785438303
0,0.3218342451268922
0,0.4677867293286671
0,0.47671868002576545
0,0.7113850136426313
0,0.7865837357547962
1,0.47585885880071477
1,0.47743724918271174
1,0.47640138436465856
0,0.6028022932828847
0,0.3186388967772544
0,0.5806018606633047
0,0.2780430568288123
0,0.47525000857171357
0,0.31620099604783214
0,0.31056518767059965
0,0.32068332590901694
0,0.3127880290354209
0,0.8668870983287552
1,0.47590679052698287
0,0.48084859477814
0,0.2992684095540214
0,0.3213642136332041
0,0.3154945898357337
0,0.40962176725848326
0,0.3166725365114423
0,0.5603762593552952
0,0.4106111736356393
0,0.4101556668819456
0,0.8033851255257127
1,0.7482068322472779
0,0.3153692571659204
0,0.312847959517856
0,0.28099169852340566
0,0.3229541428465458
0,0.47480527531130584
0,0.31162999205239483
1,0.7470197307335846
0,0.31960501270205577
0,0.31564701103072823
0,0.8038873425998369
0,0.3186273521305333
0,0.31433509485997385
0,0.5596812296658709
0,0.3039545596200123
0,0.485456141361022
0,0.30415289866240863
0,0.32159125988696524
0,0.5581248140850581
0,0.3189533385055003
1,0.4866853379552992
0,0.7494479106836774
0,0.2943724066420747
0,0.5855054493742636
0,0.6273555630759471
0,0.5762677918008995
0,0.3028106128054354
0,0.31483746885719954
0,0.3165076821454398
0,0.3263657987519979
0,0.5767372558052472
0,0.3190647320330384
0,0.31640857549262696
0,0.300158861084891
0,0.31497552382551247
0,0.4866575585395625
0,0.31402858399482997
0,0.30560114662738563
0,0.31712426490366485
0,0.48179849120559826
0,0.4678141605337129
0,0.47646204451587226
0,0.309974927694398
0,0.4703648947086883
0,0.49363166343359505
0,0.3228236576893166
1,0.48600158583863035
0,0.4978504730154087
0,0.580859653649811
0,0.31543732914954786
0,0.2927527357538722
0,0.4814523624269828
0,0.29845024417990257
0,0.34260794512104564
0,0.32558407139603684
0,0.6331556100248689
0,0.32339736651155776
0,0.31701116854160044
0,0.6511191373533401
0,0.4543999691536241
1,0.4034215643637703
0,0.3065549277630446
1,0.40808247134913966
0,0.4855135381171005
0,0.4761567920805205
0,0.436625045722439
0,0.8293341009874302
0,0.3244570490652884
0,0.3249333257855095
0,0.7397496904458608
0,0.5897556284837835
1,0.7276381568912931
0,0.7471961254418695
0,0.3091319034950338
0,0.3171516713068886
1,0.9062830328057419
0,0.3026456713296144
0,0.3115863151604505
0,0.485465301683309
0,0.3140884056962585
0,0.3170146962383566
0,0.31637073521321196
0,0.31443448940400553
0,0.7785499087892342
0,0.2988115776063575
0,0.43285429756688865
0,0.4794004109417694
0,0.7368907893925929
0,0.29967849859545137
0,0.2651106381367073
1,0.47849363312885584
0,0.3879352451038004
0,0.3063807404020665
0,0.7034281621755917
0,0.31974822149408577
0,0.7122267720156626
0,0.4552463081060587
0,0.29290788630567777
0,0.3003970753567925
0,0.31874237727839655
0,0.6337832250759189
0,0.3187350483970914
0,0.32238647186916664
0,0.30834176366233335
1,0.4786331305515524
0,0.3244691327974247
0,0.3209028754223839
0,0.49035289865158
0,0.5679751156922097
1,0.6242419496917505
0,0.3283912013269362
0,0.635236714400013
0,0.28880187734986723
0,0.30361547514296316
0,0.6564649166962041
1,0.7405796784539637
0,0.3125699184027186
0,0.3193272850018359
0,0.31930729432488597
1,0.8599597159419604
0,0.320118491517162
0,0.46067442105877837
0,0.31486338344223463
0,0.3113270001598561
0,0.30212312190312895
0,0.3115141370379745
0,0.5328512379242913
0,0.5757402674634345
0,0.41077800965005423
0,0.312026367025728
0,0.7222377067192596
0,0.314779872918246
0,0.476864375710281
0,0.47701641976471576
0,0.4868100059979547
0,0.27244913446075886
0,0.47950833867910636
0,0.30559665548981074
1,0.5821189994678758
1,0.5820827133865604
0,0.25497910401259793
1,0.40808247134913966
0,0.5779187938514949
0,0.4744848340674458
0,0.4091945259734315
0,0.5766602640963199
0,0.8451582409728317
0,0.30938163102797195
0,0.48598099885090845
0,0.3169665750066089
0,0.29792181825373004
0,0.31056518767059965
0,0.480601123672651
1,0.5798679449758849
0,0.8021003127046764
0,0.2986634480666251
0,0.4629609337422264
0,0.29430198451422884
0,0.8156741800387256
0,0.30509091034839464
1,0.4780066079554003
0,0.31137729863886004
1,0.5802974287759105
0,0.31029104532188695
0,0.6336706192737245
0,0.31490108498563
1,0.8684714779597387
0,0.7289001631003378
0,0.29709114635473566
0,0.48523793246966884
0,0.47196991326276766
0,0.3407560398305978
0,0.7135922943290205
0,0.11195649501324402
0,0.315486566478209
1,0.7740018132380554
0,0.2926947225562038
0,0.5525503388608733
0,0.33072971664843354
0,0.46457364956268926
0,0.13536909635617259
0,0.32064486858268915
0,0.4713117185455681
0,0.6391330208389656
0,0.30737635950240144
0,0.3071402454319852
0,0.847280973714414
0,0.4616402736542952
1,0.4663049633244266
0,0.31300257818536464
0,0.3078987989182551
0,0.7798753472496368
0,0.5580128642147745
0,0.3112139294086356
0,0.2990116629210797
0,0.29768064177379167
0,0.3176781089628642
0,0.3179676215425908
0,0.6483863377327
0,0.7304074558292707
0,0.4828546526101695
0,0.30864121953106166
0,0.3138524781083023
0,0.4806162806083753
0,0.30598334654402154
0,0.2905386067909041
0,0.3254078933455431
0,0.30847979479824456
0,0.30395330887854444
0,0.3145134425771398
0,0.32870132436102434
0,0.4830850351698312
0,0.3164587845914633
0,0.3184003771899376
0,0.3175001232690312
0,0.4792685008688237
0,0.3159451717849631
0,0.5751229037782093
0,0.88577375149965
0,0.3290096174809221
0,0.3080203405634286
0,0.4832921760171178
0,0.3165346534527105
0,0.30136998194094144
0,0.4869265455608189
0,0.3069966106753982
0,0.4553426739875325
0,0.7808377937914323
0,0.3186273521305333
0,0.49172334628706954
0,0.3135739520535333
0,0.40962176725848326
1,0.645848853056644
1,0.4966124351221361
0,0.4816941274860632
0,0.8585312845829877
0,0.7924395301321292
0,0.30363887455212674
0,0.7475121912807641
0,0.286133659026706
0,0.32275792399230213
0,0.7378472528948042
0,0.3117861513586833
0,0.34054129829820295
0,0.3120523421366114
0,0.32840227788338633
0,0.328358902389064
0,0.3104104642576242
0,0.3212884080045805
0,0.5724398229343198
0,0.689977082058215
0,0.7046515819865216
0,0.3114482210332469
1,0.47420911917134734
0,0.31548236989817513
0,0.32034480589112896
0,0.30354154694999763
0,0.31722319588810877
0,0.6367326876111589
0,0.3199806441697493
0,0.3144104108228945
0,0.31942797364810166
1,0.47939432302815477
0,0.3124407128861247
0,0.3212203480091762
0,0.32427860730800373
0,0.32147728493290184
0,0.31327181522524994
0,0.48738309625095017
0,0.2829998165345603
0,0.4778730491925275
0,0.7352181183445888
0,0.31928106700699393
0,0.3141810424513857
0,0.7629943123326891
0,0.2925245334532851
0,0.5594905699908711
0,0.4960255816866215
0,0.3129784405828683
0,0.4116686590426503
0,0.8188359385066465
0,0.30762257117143843
0,0.5769066676327413
0,0.3095750524538738
1,0.4643046677447992
0,0.3025547515478387
0,0.5763433496075733
1,0.579420264400418
0,0.31339593592899806
0,0.31712426490366485
0,0.31634056399354055
0,0.3283182707778114
0,0.5738928337010719
0,0.31189436545482424
0,0.6424638501738096
0,0.738589294337337
0,0.7514873850025017
0,0.5710821551609301
0,0.32126942875235776
0,0.48024365925143664
0,0.6750583273332237
1,0.48043941493242415
0,0.5006672958147358
0,0.313873283677017
0,0.5673362905939958
0,0.3044327130658466
1,0.7640699998875633
0,0.30513266858845217
0,0.6818757380316931
0,0.46953388576906907
1,0.7427469251876404
0,0.3039765405338526
0,0.30976917016034483
0,0.3029095447832027
0,0.5868837654751354
0,0.31738542386396545
0,0.8328320584911434
1,0.48747621475711833
0,0.41277373174851617
0,0.31304340407008246
0,0.47722699869479407
0,0.3220328032815856
0,0.278206855307994
0,0.41070551399467664
0,0.8804156436834508
0,0.6855192901876646
0,0.2984860530897348
0,0.31296746645798995
0,0.4796467689706287
0,0.3143802563322638
0,0.3139310679136202
0,0.3162785973981267
1,0.4825881771730769
0,0.41094041718822616
0,0.31688095661194343
0,0.48525222656522576
0,0.7700502336469373
0,0.31404972282343335
0,0.3126829640848531
0,0.3028175503905691
0,0.8085882418182693
0,0.4887315914084321
0,0.5915882556546525
1,0.567639729649784
0,0.3211027005168345
0,0.3229068957452107
0,0.3159998280357411
0,0.7970516438165361
1,0.4704449684903333
0,0.3204937316629669
0,0.32339736651155776
0,0.31684620598161706
0,0.7139880582415875
0,0.31029104532188695
1,0.4888330063748169
0,0.47741445371629937
0,0.8039343675834724
0,0.8608509955485864
0,0.31856981881851365
0,0.32334055862290206
0,0.31804738518196524
0,0.45249327648714416
0,0.5797399101104164
0,0.3198182800134509
0,0.46441507576614516
0,0.3068855189072103
1,0.8726498088205321
0,0.47070029144758885
0,0.3073198849340421
0,0.40962176725848326
0,0.3252759722538884
0,0.3248177397446905
0,0.47706257325073775
0,0.49199948566828783
1,0.48016332692766756
0,0.3166278137618171
0,0.31469839258291066
0,0.3230625351054642
0,0.3104316536196706
1,0.7382711530526894
0,0.32278353159304923
0,0.144077007827689
0,0.7550169476154385
0,0.3083973791388936
0,0.48408082152318904
0,0.3315531456228344
0,0.3239829849903302
0,0.6959981817270186
0,0.3195579976031529
0,0.4703134898438956
0,0.7224267308968093
0,0.29522804384614526
0,0.31529495228430654
0,0.5912682560053605
0,0.31099624971737333
0,0.6444202998498308
0,0.5821675380793155
0,0.6630033161799935
0,0.7351077414405277
0,0.5709228681422432
0,0.4810613645214026
0,0.3021279539751604
0,0.3217819735950474
0,0.41156842547938677
0,0.6245808865040938
1,0.4022640260568297
0,0.3182810348852296
0,0.32254125631039493
0,0.313516726316743
0,0.5703315069384066
0,0.7602163585942631
0,0.778411164053687
0,0.30226429865095183
0,0.29687199343986004
0,0.7240736019670969
0,0.6213614621580611
0,0.48332478991273886
0,0.3152380011619799
1,0.706156769349287
0,0.31029104532188695
0,0.3212922295813264
0,0.301006249496494
0,0.32107541557018165
0,0.475914133914445
1,0.5663692847712126
0,0.6380196249694935
0,0.30588744314840344
0,0.48239933223642045
0,0.3223760037735024
0,0.31102130452844445
0,0.3053080161823114
0,0.29263102693872123
0,0.31389532170671014
0,0.4769866877184432
0,0.7494121743325521
0,0.30769829502983687
0,0.32031370174926344
0,0.690632320993122
1,0.8736893656331525
0,0.7597113467178375
0,0.46220072929369665
0,0.6366637578569372
0,0.4752848862303296
0,0.3118803222082401
0,0.30767800476762097
1,0.5759617225180022
0,0.30525226004828404
0,0.4104281585709452
0,0.834138692648346
0,0.5783326781493244
0,0.3249457671037546
0,0.6047494825860489
0,0.3057805197321941
0,0.31713197248268543
0,0.3161184026916384
0,0.31911100742551624
0,0.24524158075646965
0,0.6494015283845861
0,0.5996440942302081
0,0.2925337545558732
0,0.4108732714205576
0,0.31291059736717247
0,0.7357137411106874
0,0.28425000393016747
0,0.47369451436630683
1,0.564281006406593
0,0.27836932801473024
0,0.8399044872246635
0,0.4816941274860632
0,0.5331806991746509
0,0.4737794297913057
0,0.31797748715755947
0,0.3188512967840921
0,0.31645005933757536
1,0.6555770086215041
1,0.5904132697210704
0,0.3144831590192987
1,0.49134516821622254
0,0.31395894343959274
0,0.3133474328992505
0,0.47179046077789144
0,0.3010161187671843
0,0.3163066798391522
0,0.7346975515106778
1,0.5714758267740827
1,0.4850743342347076
0,0.6413274951076924
0,0.30807569829600556
0,0.3161822892609198
1,0.9136663950476139
1,0.4918187590421292
0,0.4079427944787411
0,0.5746613728504176
0,0.622476378512664
0,0.4801965037131848
0,0.30038355024372154
0,0.4970805083382073
0,0.3164774816372679
0,0.3137585937993007
0,0.8443811656894964
0,0.29829683896223763
0,0.3116211807693104
1,0.48292093007392967
0,0.2963725969840458
0,0.4121905671897897
0,0.30232260117964765
0,0.3050629622124777
0,0.4884712432380262
1,0.5854223142251472
0,0.30999071937550926
0,0.6633700085481082
0,0.7793746890295575
0,0.3050630766487345
0,0.31709740072087794
0,0.32640066863351036
1,0.4838904678479686
0,0.32199191716561304
0,0.3050148243186005
1,0.48424910739050014
1,0.62644873526004
0,0.31783103097986837
0,0.29489955251304967
0,0.5768982319122679
0,0.8088428149770488
0,0.8067115475800978
0,0.3148888247432467
0,0.30724899462628097
0,0.47198801004703594
0,0.4781931613908244
0,0.2924341227143896
0,0.3036839992669218
0,0.30688051045613896
0,0.31331667056393186
0,0.31076714400400285
0,0.31296769500721416
0,0.32228777738703973
0,0.6902867958952383
0,0.3141714322527729
0,0.3091838825077157
0,0.6533150833846715
0,0.32694741703642544
0,0.3117716901867317
0,0.3230498118462982
1,0.4765521354463287
0,0.5644388837131662
1,0.47273693825094854
0,0.3281888807019549
0,0.31852711286286917
1,0.650872890870027
0,0.3055545752204724
0,0.32507972959139575
0,0.2981830427496235
0,0.864112004178794
0,0.3254805355338199
0,0.30456648414212756
0,0.3084784051211048
0,0.6434482025084796
0,0.4801858424178014
0,0.306639811938232
0,0.3231899985187061
0,0.3158429533288918
0,0.3082174104215312
0,0.31723185798466536
0,0.4942730234339899
0,0.31930729432488597
0,0.31914539974327855
0,0.5788115066346204
0,0.31349474642875796
0,0.3159636556978941
0,0.3220328032815856
0,0.3055691923893616
0,0.3091730856116132
0,0.7442245848671373
0,0.6321277285842631
0,0.4657012129745835
0,0.31658393376647387
0,0.31021420678631456
0,0.31412598302617606
0,0.3180957681570994
0,0.32210922844306755
0,0.30177490854655076
0,0.3097874662995814
0,0.315277649115064
0,0.3045586794259121
1,0.8722457630964905
1,0.49259477294900483
0,0.649219139249237
1,0.4565273308223663
0,0.5711661619238735
0,0.5627703091475499
0,0.4901032340981259
0,0.6435539379810709
0,0.48223453691826385
0,0.31915793753956867
1,0.7448888210969515
1,0.7931717742672172
0,0.3120241011747489
0,0.47896374925301594
0,0.296844478447356
0,0.4789864550755915
0,0.3162109575825733
0,0.4731127379355736
0,0.8796376689024588
0,0.6932630009250919
0,0.47696504743328444
1,0.458428124795039
0,0.3220174844502387
0,0.321177177684983
0,0.3171293600802572
0,0.31712426490366485
0,0.5878996483559566
0,0.7466128030146093
0,0.4728430046866695
0,0.47117209908887736
0,0.30354154694999763
0,0.4854462328238647
0,0.3238713012994442
0,0.7984574261163879
1,0.48529387999393814
0,0.3263714264841838
0,0.4106111736356393
0,0.7204571923620602
0,0.28972939384815505
0,0.31370013633020694
0,0.3105906454595983
0,0.48482657135593704
0,0.40694611048149143
0,0.31244379165398906
0,0.3215976121759241
0,0.3140963575402807
0,0.5807557935690053
0,0.318578596477694
1,0.47395363826630393
0,0.3158799875656002
0,0.3090960022499055
0,0.320537240735428
0,0.49393179010121224
0,0.31533446876477694
0,0.32050404490621276
0,0.7075688074104557
0,0.320385645102561
0,0.31019942704799014
0,0.478814881545404
0,0.4761785673353516
0,0.41225762782730047
0,0.32316220999971257
0,0.3175127259596755
0,0.30955667159851613
0,0.30480254843604904
0,0.31874237727839655
0,0.30864121953106166
0,0.2947600230937271
0,0.31918904975663215
0,0.31501489433153984
0,0.57372808080817
1,0.48427750706380474
0,0.797432304481403
0,0.3231922861822836
0,0.3240210317866398
0,0.3106826976366419
0,0.684181270222975
1,0.4845453278979344
0,0.32482500938467385
0,0.30532739238194034
0,0.7793718385168101
0,0.7219631159041575
0,0.4927170214860863
0,0.3064907117607311
0,0.31888831639970305
0,0.2997748357970994
0,0.4835924360488184
0,0.2995684734835004
0,0.45626889866347453
1,0.5849866198483982
0,0.4114351951561233
0,0.32002304571946405
0,0.1301911759980665
0,0.47316733997764837
0,0.31885310695552077
1,0.48240331919838614
0,0.304932375248626
0,0.3148885445421308
0,0.3096116163999866
1,0.48331151730136723
0,0.48089781590654246
0,0.3243114799894646
0,0.46550717419584475
1,0.4879552013623289
0,0.31667695472927676
0,0.3206976242442433
0,0.3194240899105926
0,0.3139820313148193
0,0.30341435528654026
0,0.4299704341584363
0,0.4850098000606823
0,0.6444384600136861
0,0.3251318411579083
0,0.3095402372163898
0,0.4760609565177447
0,0.3228230855963195
0,0.7013945793652208
0,0.8601531405971081
0,0.582402143306502
0,0.31604604912202455
0,0.8293759642609663
0,0.3004743706508115
0,0.4794057058467434
1,0.5823154185948467
0,0.46804566709548995
0,0.3087590203941075
0,0.5621676143475595
0,0.3181328893574005
0,0.3146413192530558
0,0.3124178208056287
0,0.3014920715295233
0,0.30276877851881334
0,0.32182621238709985
1,0.7553544526358894
0,0.4616062715014385
0,0.3053951006532297
0,0.7712762937947053
0,0.3136645146598999
0,0.3276951138277792
0,0.8229369032292825
0,0.2976272346264396
0,0.3190848482768394
0,0.29770485863435353
0,0.30313346473048997
0,0.30361547514296316
0,0.30511334944701235
0,0.29380896446167687
0,0.3165838013241692
0,0.4121905671897897
0,0.320310910922746
0,0.4920760255441688
1,0.5793162312869554
0,0.2968053906078163
0,0.5563488412036492
0,0.3165698339734425
0,0.31615528147185284
0,0.8191501710418883
0,0.3163313903995635
0,0.31975101497023867
0,0.3172450527203794
0,0.3159028233617351
0,0.3170004286296929
0,0.6504973422822535
0,0.30361547514296316
0,0.3078035414648155
0,0.41147174169379175
0,0.7579849331697884
0,0.41125781543812734
0,0.46820367009610014
0,0.3207210762509353
0,0.8378757501630945
0,0.6507956596834938
0,0.3207022213211578
0,0.3156189579753425
0,0.3096175766019422
0,0.8033321158251543
0,0.6650201778739746
0,0.31834819254202745
1,0.7723452160489572
0,0.40962176725848326
0,0.3215370920418774
0,0.31029104532188695
1,0.48383332414585667
0,0.4673180333148598
0,0.3096356641506654
0,0.30967615500686657
0,0.32255369662594247
0,0.33209539232784613
1,0.4802661258055773
0,0.47792755832403644
0,0.31453969294659356
0,0.8125516502273918
0,0.30614155210333366
0,0.579054136590091
1,0.6893552219823256
0,0.5784894047243241
0,0.31906973055418797
0,0.4841416689489713
0,0.5704473895747336
0,0.3213642136332041
0,0.3090854572632477
0,0.6580225404512722
0,0.29615365315593195
0,0.30757505776092103
0,0.320020421059185
1,0.8868729501599647
1,0.48809419423864714
0,0.5854209986521649
0,0.327368456502652
0,0.32004482516192306
0,0.6986905570020137
0,0.3061407366127949
0,0.795179166881547
0,0.6968817926343112
0,0.48482084938673387
0,0.32006556847948836
0,0.31598970656588266
0,0.33040271279286126
0,0.30248800409253834
0,0.41598565756748734
0,0.3158510402892747
0,0.3159097288024421
0,0.5743282846416717
0,0.30734469900332223
0,0.2940782323027763
0,0.31212490729435544
0,0.46949696135133395
0,0.31287367508948793
1,0.4656740201722543
0,0.31547117513852985
0,0.5720190880469929
0,0.41077398480070515
0,0.5972845139963958
0,0.48088844046280954
1,0.5528560208399531
0,0.6797513699748825
0,0.41057753768872085
0,0.659223030179983
0,0.5792858978973792
0,0.3274523670243231
0,0.31620099604783214
0,0.32471874208235285
0,0.3164497580189493
0,0.30690287441408176
0,0.8490277522341014
0,0.3152805390984152
0,0.6485757133897826
0,0.32598718233929375
0,0.30512897799903016
0,0.31898473758067947
0,0.3021093727115596
0,0.4845911931299632
1,0.7264378692437151
0,0.3162546613166812
0,0.32143216529749014
0,0.6375453525903084
0,0.3192911821735227
0,0.6781785684661024
0,0.3065537667330906
0,0.7995700813399005
0,0.4819406716757299
0,0.31220284085706623
0,0.32626283834708314
1,0.463893523673561
0,0.3107176868627128
0,0.3246669439847457
0,0.5923521050889679
0,0.3228550531548791
0,0.7740186850624108
0,0.31863518789748396
0,0.4929659034746594
1,0.47208816883267224
0,0.4842502867115356
0,0.4774636963320677
0,0.5870898061011302
0,0.4755322607745322
0,0.3129523718912494
0,0.3208245237737249
0,0.5822801307399333
0,0.6284844798773105
0,0.5691756668766976
0,0.3153384473728039
0,0.31712426490366485
0,0.4808391607380734
0,0.48276027798520343
0,0.6402710680151004
0,0.3159451717849631
0,0.6922088990244141
0,0.48086553954454697
0,0.5812794243425181
0,0.3222518072691013
0,0.47600964262160256
0,0.3283912013269362
0,0.6358483140420351
0,0.32095019742270536
0,0.275471541733261
0,0.3060077380199693
0,0.4596944262875015
0,0.3118245990875375
0,0.30858606535024885
0,0.31162999205239483
0,0.3116628276231458
0,0.6378365737267756
0,0.3255380951331427
0,0.3115710472931737
0,0.30225513930833336
0,0.6515603494669753
0,0.5775179122209165
0,0.3200397408988976
0,0.47309317526276023
0,0.3084646321233187
0,0.3182580865023291
0,0.32141817571477177
0,0.31367073643591914
0,0.48957363448279656
0,0.48164010863333945
0,0.4752943139955345
0,0.8397133118915515
0,0.3054401515401048
0,0.7090171988478233
1,0.4700623710659931
0,0.3137377623064985
0,0.4828143327469929
0,0.6779809246183427
0,0.3151881232799775
0,0.31575706410076776
0,0.758518777135854
0,0.3207240387429325
0,0.30834617641078926
0,0.3024368954931844
0,0.4623122673435739
0,0.30879798623192334
0,0.31778675314429544
0,0.299152769039039
0,0.8600278866965004
0,0.6564772459504469
0,0.2726838419649773
0,0.835288066938927
0,0.8549566164920102
0,0.6771911492007067
0,0.4735130349006838
0,0.3214233108210559
1,0.481540376230722
0,0.3219780459161499
0,0.7651503767226927
0,0.3094957463791757
0,0.5826535369342671
1,0.925107634911038
0,0.5901825124447977
0,0.311263354312061
0,0.3169560528073476
0,0.30262934846835626
0,0.31479895495591365
0,0.5754743144303239
0,0.32376403240824425
0,0.655814063126003
0,0.33020469247628625
1,0.6701368551381
0,0.5826744049711449
0,0.45656429745622135
0,0.4113427077257714
0,0.46299475185775507
0,0.41052104677759316
0,0.3106073812620362
0,0.4703021933599453
0,0.33758529833726
0,0.31623507771165976
0,0.30354154694999763
1,0.6622601752631394
0,0.31414798209625383
0,0.6648687930223655
0,0.7301799952735193
0,0.30178354096889914
0,0.2948215165806036
1,0.8832522689490672
0,0.4720346696133285
0,0.4106138496209788
0,0.31792514080421647
0,0.7938886017979931
0,0.4874179308915048
1,0.4750885774545624
0,0.47789564418476754
0,0.33685648820942526
0,0.32092819461683925
0,0.47267692139181455
0,0.32638788544370095
0,0.4954857998892841
0,0.8306339864923918
0,0.41147798855841256
0,0.30958743755890694
0,0.3265965307945974
0,0.3306793058010445
0,0.3015360221955936
0,0.31722282258551565
0,0.3112495458186094
0,0.29708798845591405
0,0.8609515969040838
0,0.4794979353668244
0,0.584536254380466
0,0.3243968468523157
0,0.784955189130692
0,0.485063210936682
0,0.3203392056997595
0,0.3171127852562695
0,0.6401070310484115
0,0.31156357672574
0,0.3192090658167151
0,0.6417757639763917
0,0.5836940915295952
1,0.717206804121272
0,0.6647367264734145
0,0.3142485768080391
0,0.3211501867794532
0,0.3118162906018316
0,0.4794396403231286
0,0.30730687465535733
1,0.6478484636743425
0,0.327368456502652
0,0.30519248144042793
0,0.31282091430053377
0,0.3121692892968194
0,0.6940367334772908
0,0.3063166748006191
0,0.31559806540041907
0,0.5683101948226762
0,0.3096708309474536
0,0.31475203940423385
0,0.3280813745140797
0,0.640348759903372
0,0.5781563702408192
0,0.8120325610988528
0,0.31206299527085807
0,0.8328624529078003
0,0.47751075360353024
0,0.6810118324308072
0,0.571416071072056
0,0.32475403826368704
1,0.5759633221080002
0,0.311625608372705
1,0.4064185303889691
0,0.48441523785888474
0,0.31314973649693584
1,0.5883577651739834
0,0.4105098888409634
0,0.29316556302488
1,0.7666784018416978
0,0.4043194004745859
0,0.3149067169069928
0,0.4802998589016425
0,0.2928639311942678
1,0.5804901813320418
0,0.323324797956845
0,0.3159509394541749
0,0.3179809386106713
0,0.6487338139226224
1,0.7518975191251611
0,0.8573774894017775
0,0.32738633164346365
0,0.4116686590426503
1,0.4855296327541262
0,0.7591036616354085
0,0.323324797956845
0,0.31901850991153347
0,0.31162999205239483
0,0.31885205637783526
0,0.4866560823340635
0,0.32104126766185986
0,0.4787418985547711
0,0.3027362616512371
1,0.4761133098924093
0,0.3098585785716038
0,0.31257444672804363
0,0.31604590912099434
0,0.3142137029142198
0,0.576900704805973
0,0.3226850659104707
0,0.30539740903215085
0,0.3030196857930754
0,0.5828358995112629
0,0.4814560084750799
0,0.4435971825798164
0,0.3210444406632449
0,0.32436053831821393
0,0.4851436663914583
0,0.3194117073533021
0,0.307890708610633
1,0.4771924534232341
0,0.48846686018332297
0,0.3040374075271241
0,0.5765158233749857
1,0.4777606142557589
0,0.6828457636508531
0,0.3054209636093932
0,0.29618397524090184
0,0.31730732223977165
0,0.6372122037917104
1,0.9162687981198504
0,0.29780736356796217
0,0.28225569896543357
0,0.302882035665168
0,0.3216355628503372
0,0.3039406133270196
0,0.3157683081953304
0,0.5008582799879266
0,0.4633403397411291
0,0.3269970133598749
0,0.29870369248775225
0,0.30904593010741654
0,0.31056518767059965
0,0.3261381825547058
0,0.3104726971354099
0,0.3260598152710796
0,0.32653849318505024
1,0.6372121742129049
0,0.41098360487939517
0,0.4821411469792218
0,0.32217308795487676
0,0.3133798261390373
0,0.3129864665200089
0,0.325589090756847
0,0.3262948182721352
0,0.3032851987327992
0,0.3136749762199848
0,0.4780751246797656
0,0.3226939330350369
0,0.31889710184975983
0,0.3113426632315559
0,0.642622346303717
0,0.48819647011805684
0,0.3282049386767785
0,0.31623507771165976
0,0.32792599206617284
0,0.3104512371231425
0,0.3329338098134566
1,0.6492941334114638
0,0.5563395002784294
1,0.48456725970384795
0,0.32159125988696524
0,0.6787219743503684
0,0.4788779098651162
0,0.32254301089961823
0,0.32123625082038937
1,0.7309291173694115
0,0.4836520200955528
1,0.4916999683145501
0,0.32151641893339344
0,0.3218750735828611
0,0.2998740993954699
0,0.3134690043077827
0,0.3268857682407963
0,0.4109717894139652
0,0.3320048728899283
0,0.6633273029083175
0,0.48380636802759414
0,0.30029083007750945
0,0.47481802741125173
1,0.8191041334257281
0,0.3134956813754495
0,0.3064466462273102
0,0.7879623076171748
0,0.3194339950944044
0,0.3032906500446519
0,0.30684130990793745
0,0.30864121953106166
0,0.30205774318889156
0,0.3210040568531709
0,0.3260973791983949
0,0.30310237245756744
0,0.3243626426738493
0,0.31575113565977764
0,0.698667217809906
0,0.7686481271323754
0,0.7761653017717802
0,0.3018921103176318
0,0.3181659774766967
0,0.3093085341826959
0,0.31378090449589824
0,0.3105212028266392
0,0.5772614369516468
0,0.3172450527203794
1,0.4813282270214007
0,0.2830817028840764
0,0.6633273029083175
0,0.2934175409914328
0,0.3170924772559847
0,0.31627831589643957
0,0.5706270881070019
0,0.47759340844129333
0,0.29031299012035766
1,0.6462370516389337
0,0.6218237205384809
0,0.32388703219899667
0,0.2942324370958927
0,0.4756224353174414
0,0.3018508276897185
0,0.32544640336758934
0,0.48198629379102026
1,0.5843386280004933
0,0.31167187523419976
1,0.4880747028741123
1,0.7932048240819387
0,0.2987755272142113
0,0.48081977288587285
0,0.3913187193585872
0,0.26839023105049825
0,0.32056509890994583
0,0.7147404727156059
0,0.5677431274540393
1,0.49108131837339564
0,0.30954382623328897
0,0.3048011728260489
1,0.6390742046182893
0,0.3196168158753831
0,0.5775700708745595
1,0.4834218677373938
1,0.7297485693126877
0,0.3157314377562257
0,0.3194281145854126
0,0.3164628927321128
0,0.3090131061410984
0,0.3155444520163123
0,0.3251174768151258
0,0.30365901678976787
0,0.3044743667165849
0,0.3185941670689015
0,0.32071175102923566
0,0.29986073321338663
0,0.3720397698335318
0,0.4102961023323399
0,0.48180578559976933
0,0.4842002895083377
0,0.2953520392377884
0,0.41236424576645353
0,0.6882526807781113
0,0.31079749069973434
0,0.3108900654061366
1,0.48820934201524085
0,0.4797775962489082
0,0.4643135852707553
0,0.4874895344417837
0,0.4681502607572679
0,0.3247629408928486
0,0.5826868818473053
0,0.3165148027685441
1,0.4621353180111217
0,0.31846756375338975
0,0.3183142702192777
0,0.32640066863351036
0,0.32113362155634845
0,0.3130469616541472
0,0.6717329109301562
0,0.30726590230395845
0,0.48328487493686534
0,0.3101296457172887
0,0.47197917705098863
0,0.32391257655874506
0,0.6739248173083089
0,0.3220721790929206
0,0.3140207450260818
0,0.61916161048382
0,0.3228939602301943
1,0.5634625712528286
0,0.3185501959036018
0,0.4838080817398163
0,0.3310963664488545
1,0.741572792535194
0,0.46400615775035275
0,0.3121039603902869
1,0.48468886585546905
0,0.32309152696215226
0,0.474542136571098
0,0.3235983347063292
0,0.311272176920956
1,0.6451924853322384
0,0.8455902513046932
0,0.4712703717345872
0,0.31406003491165735
0,0.4661850884105555
0,0.48482607923840665
1,0.8536399168447484
0,0.3379129601307046
0,0.31727790978418324
0,0.2997834483358233
0,0.4927615906763027
0,0.29899471865451843
0,0.31506758153368464
0,0.32895552619067525
0,0.3158296153379356
0,0.2820148942774155
0,0.7066182832622347
0,0.7093067293187384
0,0.3070754051035681
0,0.3242340335443822
0,0.32113362155634845
0,0.8397133118915515
0,0.32350028442772466
0,0.314539559688014
0,0.4796975932461974
0,0.3146117601888604
0,0.8496504241781607
1,0.5908669222427072
0,0.46130822876465927
0,0.5774114628799902
0,0.7459821507677885
0,0.3145273026314718
0,0.31137976709353204
0,0.46381352430719963
0,0.6555176891078356
0,0.31418213850063215
0,0.3082516092588605
0,0.30864121953106166
0,0.8379132242097422
0,0.3152260009003944
0,0.46769227837537575
0,0.6470241339180431
0,0.3213814561935754
0,0.30879232849383953
0,0.4756797315373867
0,0.5724280811337003
0,0.32485054803303387
0,0.561273969551001
0,0.41160308795527223
0,0.7029194307432051
0,0.46576183239219826
1,0.48396174600322767
0,0.5031256277936146
0,0.6208037543102813
0,0.716344487593514
0,0.7620882395377635
0,0.30839681235518224
0,0.48957363448279656
0,0.2943954935911869
0,0.3006787960624556
0,0.45378698682795976
1,0.5770832163860151
0,0.3140016739354084
0,0.7939433472990425
0,0.3086176260417027
0,0.6882373009180286
0,0.32542599080142975
0,0.31438488672096815
0,0.32897719222896743
0,0.5592618293762924
0,0.31618262034114786
1,0.9332905519577395
0,0.3324000054409113
0,0.3198584959769948
0,0.461791287774295
0,0.3080244170339993
0,0.32141220084841254
0,0.3039916235958218
0,0.4737525704012804
0,0.3169648032620735
0,0.3181723495433279
0,0.33322934742652277
0,0.3201262005704962
0,0.321798272004409
0,0.3146118005269809
0,0.7798746785438303
0,0.5816296036272671
0,0.4104281585709452
0,0.4825887651315107
0,0.4060858167099875
0,0.2981120081702729
0,0.3221250367489924
0,0.47566357903144646
0,0.7267534358899485
0,0.3109568340822079
0,0.322461845425916
0,0.28341294338344786
0,0.47816940206889036
0,0.48135980290920083
0,0.4087116548175852
0,0.302217084806526
0,0.3226199986972663
0,0.32004365034514554
0,0.7350124677917601
0,0.6916237944711942
0,0.5789914801238081
0,0.29611716884120903
0,0.7323380192550191
0,0.32805757656490914
0,0.32406246183148385
0,0.4925809678195993
0,0.2838656641863268
0,0.2970335344396669
0,0.3061001021584657
0,0.3241142292374708
0,0.3345712036078754
0,0.5736069308066228
0,0.29239673137066585
0,0.3120544142590103
0,0.8059092464290986
0,0.31817054856837335
0,0.3231693026691563
1,0.5759979679904907
0,0.47578321744718205
0,0.4564603620612994
0,0.3245646501899007
0,0.3192004940375368
0,0.30609162392381084
0,0.31044806339008824
0,0.3048514070628673
0,0.4829752049547159
0,0.30864121953106166
0,0.5817805515006629
0,0.3177532870223636
0,0.5851916973447685
0,0.4707164925609284
0,0.31098801586212155
0,0.3191997133645505
0,0.32058271030128266
0,0.31183214309772606
0,0.32677350418824486
0,0.5794316743754575
0,0.3184711886593091
0,0.32917145797152686
0,0.4622634396221044
0,0.3126706511011542
1,0.9079661792088122
0,0.2317587205390041
0,0.32039238877843434
0,0.3243826873976278
0,0.31056518767059965
0,0.30355393411650783
0,0.569780272606355
0,0.32065517029937796
0,0.5863019385344894
0,0.3054454761473957
0,0.3122224910062293
0,0.4807142222787538
0,0.6723727590503027
0,0.3238713012994442
0,0.3132216963304012
1,0.4521761329938603
0,0.3109024375933688
0,0.47637319506792164
0,0.7961821419225538
0,0.32361234674253014
0,0.3208094257163097
1,0.47183033243609335
1,0.4653902557493426
0,0.30154083912557506
0,0.31015839103009635
1,0.6299794221713246
1,0.47936600176484695
0,0.3090647181934675
0,0.31227191676603255
0,0.31407352395449417
0,0.6494864783868413
0,0.31552918087023923
1,0.47976694202989983
0,0.2946575813436044
0,0.309426137740657
0,0.31188251826190305
0,0.7861226671994588
0,0.47789083521618037
0,0.8922819661520854
0,0.4111465536687767
1,0.48145451180254567
0,0.8488365162126056
0,0.3218709646880391
1,0.4869672831670203
0,0.30329039559654164
0,0.32229699076053636
0,0.2888343304988554
0,0.3227173127559516
0,0.310622555903581
0,0.6261986124412012
0,0.3085803917078556
0,0.329005184066944
0,0.580868507802177
0,0.316219860525775
0,0.2941267535978992
0,0.3015360221955936
0,0.47385563768907435
0,0.8361312891912539
0,0.47380104538278495
0,0.6459003534888663
0,0.4056290298355021
0,0.31625945578183856
0,0.3347240380384813
1,0.7964000009671008
0,0.4097231192728784
0,0.4739074170230498
0,0.4901441520121917
0,0.3123897911683882
0,0.31406003491165735
0,0.5885881476615058
0,0.31476149335944076
0,0.3133567127603642
0,0.3183367887311801
1,0.4876269659965298
0,0.31979890749610085
0,0.3084874596746531
0,0.41204579587403467
0,0.3019989751402219
0,0.316981862678521
0,0.6407388797130128
0,0.2927435984870899
0,0.5859273197624039
0,0.31263280657351944
0,0.31883411269339224
0,0.4655193241149436
0,0.30208477652172977
0,0.6514811632604403
0,0.6343752252874066
1,0.6510489238302567
0,0.31515195066916313
0,0.47829050563084624
0,0.3150370909673905
0,0.31032570863822334
1,0.904763674831689
1,0.4831118264568023
0,0.5971220403165067
0,0.3155444520163123
0,0.2914586840297105
0,0.45559579725054583
0,0.3262551365199021
1,0.4798816859253103
0,0.3013565077072583
0,0.3015679419503384
0,0.46790878581577516
0,0.5734177792891292
0,0.3046561712608369
1,0.791346672825323
0,0.31414446709439986
0,0.48527637273131063
1,0.571577801546407
1,0.48381003711466936
0,0.8547287803374459
0,0.30203344908095886
0,0.31906715125434176
0,0.5753004273080776
0,0.574795244274753
0,0.3112080109384275
0,0.3261336909586375
0,0.32260145853863237
0,0.3279089695520116
0,0.3247550890170506
0,0.30714636215686775
0,0.2988045150668071
0,0.49280164148786515
0,0.4728472712117159
0,0.3011662532918762
1,0.6194726918015101
0,0.32152619490782025
0,0.317373337077227
0,0.31918904975663215
0,0.4870566122005084
0,0.6982336951215904
0,0.2992698149419797
0,0.6429705062827188
0,0.4706227282106793
0,0.6643033571493479
0,0.324053230681606
0,0.31612866097640396
0,0.30230169626306674
0,0.6470028060448761
0,0.6743687479956534
0,0.47820614629319447
0,0.7861198370191194
0,0.31712426490366485
0,0.31384073606323687
0,0.6785703972223838
0,0.32030641909977503
1,0.4750773537368935
0,0.5682026642736319
0,0.32264984384338075
0,0.31827048264803637
1,0.4799221069553778
0,0.316408051629203
0,0.290370984119288
1,0.571654198167389
0,0.30029898744979955
0,0.31755764165016664
0,0.479627089573899
0,0.6633798289976808
0,0.46722782457957873
0,0.3104163296295024
0,0.4896012739628954
0,0.7867619650577157
1,0.645493511210455
1,0.691428573227786
0,0.4765780898652468
0,0.3182672186911074
0,0.583018873150537
0,0.31669715117718994
0,0.40650804891701864
0,0.46948083597703866
0,0.3243826873976278
0,0.4119186826397201
0,0.31070324082707834
0,0.7284180044800582
0,0.6957909045426208
0,0.3172450527203794
0,0.3210443915931181
0,0.30917058864387537
0,0.5814347587743717
0,0.3254078933455431
0,0.7052096801684761
0,0.3282270310476308
1,0.47305057624203395
0,0.31369002242755406
0,0.5787846507247307
0,0.6752696914794409
0,0.3174389060004521
0,0.13674660364961577
0,0.7564419139945548
0,0.31184913649789103
0,0.3155580804475901
0,0.2974133150999809
0,0.13729262460366295
0,0.8399044872246635
0,0.3109307081485578
0,0.5271021220009391
0,0.40986737040244636
0,0.6512414452859056
0,0.4833837971271004
0,0.3074459922383288
0,0.31380730670302165
0,0.2763113004241206
0,0.33531341704534406
0,0.40570730873689886
0,0.6884996010591831
0,0.32880887745404785
0,0.3230764518871257
0,0.48332478991273886
0,0.48931763075969453
1,0.4794059138150819
0,0.5708238886733586
0,0.5558867610962938
0,0.5734812244818015
0,0.30757505776092103
1,0.5834598412085424
0,0.31826424162182476
0,0.573347944481372
0,0.31860567666727524
0,0.31845188515307377
0,0.3196422244329051
0,0.3174843731707659
0,0.3037059700581282
0,0.6501042577343756
0,0.5733432131333642
0,0.3098205265667264
1,0.5846864575007069
0,0.2991532330986265
0,0.305638179411942
0,0.32106338988163413
0,0.4851446086839067
0,0.31620099604783214
0,0.7062237003569376
0,0.646663005298173
1,0.47822542826709763
0,0.5836319355966093
0,0.3293142230841397
0,0.31790111907368834
0,0.45410998464624003
0,0.3016365889774351
0,0.30885685920576517
0,0.46867426555053343
0,0.765339917705543
0,0.471133071029789
0,0.32326363993618495
0,0.3252822845529618
1,0.48495627188422324
0,0.44375332616718016
0,0.31214008490532213
0,0.6987936498171983
0,0.3191807015881365
0,0.30864121953106166
0,0.31383431878606793
1,0.4671576058583082
0,0.4717555684863881
0,0.48553498805557455
0,0.30747587551474787
1,0.47946338578642544
0,0.320683870051724
0,0.3142353186711411
1,0.3926809354165091
0,0.3111140938221851
0,0.29757216546055687
0,0.8192997165292581
0,0.8559873051289512
0,0.49289487393961634
0,0.31646325036456546
0,0.8244067004401774
0,0.3078546219328515
0,0.8080101423347228
0,0.7692750990287739
0,0.32410060326907003
1,0.4807590859869516
1,0.696021506877607
0,0.5818018972602815
0,0.8006865729315572
0,0.4732502874431545
0,0.3284266171707511
0,0.5677841543323324
0,0.3133463331692633
0,0.5414938943015769
1,0.4765752206360732
0,0.6368569926872334
0,0.3033739239619007
0,0.3202643379482007
1,0.4885891349498856
0,0.5829011525592209
0,0.322797141969464
0,0.3072539923158789
0,0.332398632258635
0,0.8219728661111094
0,0.5910873720759214
1,0.46892382593846527
1,0.5845946302966709
0,0.47995453271421634
0,0.3172850211007105
0,0.31029104532188695
