y,p
0,0.0915077213401988
0,0.13358596389841548
0,3.905459893859221e-15
0,3.3629969747714096e-05
0,0.10067488463491185
0,0.1891405432560986
0,1.568918778386517e-15
0,3.1316082079282454e-05
0,2.0021606476864393e-07
0,8.56090823722681e-15
0,3.8051907924239176e-13
0,7.986827232629867e-17
0,3.705824899723781e-13
0,8.534431861937485e-08
0,1.46461701244291e-17
0,5.035753653913816e-15
0,1.888630717927104e-05
0,4.020216196905778e-08
0,2.6761719986166567e-08
0,1.5971686121636886e-15
0,0.020350342865542402
0,5.2974270388787286e-05
0,8.827619573904417e-11
0,2.613677930520109e-10
0,2.9586552192741105e-07
0,0.00583032994210185
1,0.4482811481115986
0,0.25230971709778754
0,0.28095026942572504
1,0.9231027216559321
0,0.19628975183667036
0,7.017611586774226e-06
0,1.6872375384325147e-07
0,1.5522757837179214e-07
0,0.2422729803538853
0,0.5590298249084444
0,0.3291510068429784
0,2.153967712089592e-11
0,0.18426379166613838
0,8.727861205708894e-08
0,0.5793817057529439
0,0.16187521758226403
0,0.0016145683135975928
0,2.0427972699448183e-08
0,7.7222238271716e-17
0,4.6519903718e-11
0,0.06589787604798115
0,0.5802545273683317
0,6.16045400485561e-05
0,0.3063020383479446
0,0.16315502039265736
0,0.10276870195075648
0,1.0588760362734356e-16
0,0.1615921788819792
0,1.568918778386517e-15
1,0.5753825129647606
1,0.3130563604427237
0,1.2324111302742599e-05
0,0.1408668988715917
0,1.2647001366742872e-20
0,5.884478736928803e-07
0,5.912633562322878e-11
0,6.782086771596486e-07
0,3.2409475345971614e-07
0,1.6832164143434873e-08
0,8.780002946696684e-07
0,0.2188319867970625
0,8.517101976510305e-10
0,0.4107775471556215
0,4.671126379859297e-07
0,4.3994367920632845e-07
0,6.9680647729533025e-06
0,6.333012521304891e-23
0,1.056663856507227e-10
0,8.850115341419995e-14
0,0.0670571165375245
0,5.34721273603508e-11
0,0.4267772645505459
0,5.114852476011838e-15
0,7.466062032429273e-15
0,0.02237990815123388
0,0.1972015253393319
0,2.794668837378927e-11
0,2.4411138403506058e-17
0,0.001392359274322244
0,0.39450044560875236
0,4.126398423781386e-10
0,0.0941782350525825
0,0.31791268295805936
0,0.003989465833672632
0,0.43710221508041686
0,0.0005150038419141279
0,0.4068230047689309
0,1.128267979055021e-15
0,0.1382576105149638
0,6.663478432015591e-16
0,0.04342958780553879
0,8.221854024202165e-09
0,0.1931413486037004
0,4.103933713583909e-07
0,0.21944165555410144
0,5.874215849824276e-12
1,0.27487482783866013
0,0.372866432146178
0,4.046884364141567e-13
1,0.34971943034314373
0,0.26739048863902154
0,6.333012521304891e-23
0,2.0746245053467166e-12
0,4.491905537192017e-10
0,2.0635434676766497e-13
1,0.46611790786619806
0,7.941323881042247e-11
0,1.3874857854764749e-12
0,1.4336969468459123e-08
0,0.22120639511067003
0,3.8934275907317123e-19
0,0.1647662524469512
0,2.131372207897373e-09
0,7.120377196185349e-16
0,0.15492860853193607
0,1.9621926530012558e-08
0,2.6060519938471682e-14
0,3.535260778660949e-11
0,7.304859592849547e-15
0,5.515030371291407e-13
0,1.0894602896316743e-06
0,5.06327364116715e-19
0,0.5228599040973952
0,0.005057008153538717
0,5.316206147158131e-18
0,0.3507113753808455
0,5.8225859434601e-08
0,0.1587312491947609
0,0.13468503308850652
0,0.007205188464555573
1,0.7895630568180384
0,6.886533425546899e-07
1,0.31051610821180553
0,0.4530659732943199
0,3.365417394666533e-11
0,0.34242684400784956
0,1.0050520417300321e-21
0,3.714430303683558e-11
0,1.839222377072707e-08
0,1.568918778386517e-15
0,0.0002339642330523261
0,6.546441928034427e-18
0,9.295911744069924e-07
1,0.5887297566737408
0,8.486700078358362e-06
1,0.22398480944727822
0,1.3486620952975947e-07
0,9.895968282166736e-08
0,1.8411620360823658e-21
0,8.971575705287924e-09
0,0.2408557359833916
0,1.568918778386517e-15
0,5.351861722792607e-15
0,0.20597468698505417
0,1.09790158585276e-06
1,0.5144451045914595
0,1.6977157050188452e-13
0,4.353997052674503e-16
0,1.00488061333371e-09
0,2.8940978406917385e-09
0,1.9416547990891076e-12
0,0.21914889029444726
0,2.517927950396782e-13
0,2.9569081721323544e-08
0,4.136563913464915e-12
0,4.007844921288642e-20
1,0.24810250503257975
0,9.245432822688663e-12
0,0.3448488758093653
0,0.0743023538133225
0,0.10740567416712114
0,0.23542941502857223
0,0.0025219045380775566
0,4.697806638633792e-14
1,0.5833986956896271
0,2.1259868993122027e-08
0,1.3804490155786377e-12
0,1.4358864569029092e-21
0,0.06736776541963642
0,1.346675775436342e-14
1,0.6398682793952694
0,0.009725599803233698
0,0.19043742066496752
0,0.13826305611006445
0,0.2158978467584643
0,0.0021613030299903807
0,2.947312487755455e-05
0,0.08871691809358358
0,5.192758339405465e-07
0,1.7830705332767366e-09
0,1.8287697576895294e-07
0,2.8007447571693287e-11
0,0.46085957106982806
1,0.44734269172066743
0,2.0192427632990243e-08
0,2.9386464769602203e-20
0,3.93026354117513e-16
0,1.8658438719919998e-10
0,0.09014903118082775
0,0.027250720185489057
0,2.556981417331375e-23
0,0.18513686582788386
0,8.840661400323924e-06
0,0.4833915680504318
0,0.012119654269218811
0,0.3754678152631116
0,0.4310886619193498
0,3.199577886813449e-08
0,4.145846951713652e-07
0,1.8138427708297686e-08
0,3.342091539860571e-14
0,5.837318216852945e-07
0,2.53929897521996e-08
0,5.342941737651168e-22
1,0.6670442219437076
0,1.9006372172488244e-12
0,4.11316511727139e-23
0,0.11650992504475548
0,9.800846712529693e-08
0,1.1930370136591609e-08
0,0.4302149537944104
0,4.5989995179748417e-10
0,1.2012752460069975e-10
0,0.5214151705542556
0,3.600248227239084e-16
0,0.5945909019046401
0,9.88176049822189e-09
0,0.3194389795118044
0,2.400497795038387e-09
0,1.8917617151482214e-19
0,2.357105703435233e-05
0,0.06525832212707745
0,0.4913495705083784
1,0.44801225847245707
0,1.4163647134966677e-13
0,1.0192171469040949e-08
0,1.405758313332587e-09
1,0.6792089897043634
0,2.2279900775412853e-09
0,3.4798877293955015e-17
0,0.5203429115372036
0,1.589640932713295e-10
0,0.2550935503629429
0,4.626110645282605e-16
0,0.4020170273175545
0,0.15024191714074345
0,7.610410255017227e-09
1,0.6928587397072155
0,1.2190930783138763e-12
0,2.410324666835565e-12
0,3.04796425434573e-12
0,1.3588187516955316e-21
0,2.924277478804256e-10
0,2.203795101704213e-05
0,2.5311283122438974e-17
0,9.334468529047933e-09
1,0.44620939461297665
1,0.22312663954044407
0,0.44182768210142453
0,1.751049077128612e-08
0,7.816630158897799e-08
0,3.964303489031738e-17
0,8.305222378898364e-22
0,9.740450843676057e-07
0,5.045269851453507e-11
0,1.8432884587642663e-08
0,2.9148985603729896e-05
0,3.1464785209891156e-08
0,0.03463511151980678
0,2.312571846571169e-09
0,2.053984746409291e-18
0,4.642267781812417e-13
0,1.591808266168421e-08
0,0.23967603077825708
0,4.335449039062876e-20
0,8.74757229508026e-08
0,2.9546223605720666e-09
0,1.4954129905377279e-15
0,2.3839517404368662e-14
0,0.2577463524302701
0,0.0037369677896134253
0,3.3385244575385004e-08
0,0.17021929165587973
0,1.2752890514459583e-12
0,7.603073943868012e-11
0,1.9861222085093374e-10
0,0.4061569361354477
0,4.642267781812417e-13
0,0.14009545788353484
0,0.3783064685525646
0,2.186546208553814e-09
0,1.4751008061877499e-07
0,1.7756995526660334e-08
0,0.20995953766082792
0,6.077456219623437e-12
0,0.13980857295976676
0,0.47553324405822534
0,0.5308299514967333
0,5.285098221967406e-13
0,0.05954824081665313
0,4.602832412397207e-14
1,0.2801809770130893
1,0.620539546320158
0,0.18899806488372942
0,1.2432851897039474e-10
0,0.04596368083961979
1,0.389886746212831
0,9.170627237187921e-10
0,2.958921206593092e-11
0,0.1995159811339544
0,0.4678109970569912
0,1.8230074256367264e-12
0,0.4572291207349321
0,1.9955660490730353e-11
0,9.845517299265604e-06
0,7.725364367732919e-07
1,0.4357571650384754
0,0.009095598773088256
0,7.596418043905235e-10
0,0.5813123438989358
0,0.47379506025563634
0,2.0217667061690693e-07
0,1.5850242077314345e-11
0,6.632886037140998e-10
0,1.4429430337924396e-08
0,0.22499432723308446
0,1.902828764887668e-11
0,7.466062032429273e-15
0,0.3113692859929575
0,3.9926268345562053e-19
0,0.4743246172171967
1,0.6831195274590002
0,5.157210704665791e-16
0,0.5079037670420129
0,4.3846531678520274e-16
0,3.0225899769847548e-12
0,6.075820783516873e-16
0,7.226281777160508e-14
0,3.709754786414326e-13
1,0.1298430963936247
0,2.993761787334344e-15
0,4.051394936046494e-06
0,0.15054200301361723
0,0.19816358059884775
0,2.4687766333212866e-08
0,1.392608553428996e-09
0,6.628580433343687e-08
0,4.642267781812417e-13
0,0.09004690623423878
0,0.0171356087331023
1,0.37230978353905664
0,1.5502114908108523e-18
0,5.365821546077822e-22
0,1.7865822727829655e-08
0,0.2907226067096048
1,0.6511111715053053
0,8.847817939593613e-07
1,0.41950139647588974
0,4.9660772068909906e-08
0,1.992436015293993e-12
0,2.3042460230750837e-10
0,2.2222055364011254e-06
1,0.4813507447049973
0,7.046327721928573e-08
1,0.33244581120043504
0,0.0007899003511133215
0,3.6640308318479727e-16
0,9.206100050477676e-06
0,2.7332321652148078e-21
0,0.4022725587173461
0,2.112597528397541e-19
0,1.6328690147413962e-10
0,5.184950843445576e-08
0,2.57455616311014e-14
0,0.23325284867568413
0,2.545871894690059e-22
0,0.13406670999315307
1,0.9940857092647613
0,0.42812685200120093
0,2.8829317334258535e-07
0,6.61295891685921e-18
0,0.08576764905883373
0,3.5410652485062985e-07
0,5.1111254784062765e-17
0,0.43618511598171406
0,2.3826810903997506e-13
0,0.2484774489403462
0,1.3186454140066209e-11
0,8.980792633991758e-23
0,1.7218507872907705e-20
0,1.3766096312182248e-12
0,0.00010944653799050364
0,0.5532131105413991
0,1.0722418649633281e-09
0,0.1906500675302539
0,3.276269457757831e-07
0,1.081860253780351e-07
0,7.011946399715902e-05
0,1.5449609222396476e-10
1,0.4133052410377091
1,0.20039035561046642
0,1.045159157160251e-09
0,2.2982614176044895e-12
0,0.5185028210438887
0,3.932825341566998e-06
0,0.226713897003657
1,0.5576102872239518
0,3.2842551990766164e-07
0,7.679531421404312e-06
0,2.6201742436148403e-12
0,0.05021967415858062
0,0.2083889949672639
0,6.247986681362233e-06
0,1.4726102502720108e-08
0,7.322539127350685e-09
0,0.11292297165186718
0,2.9699686195878807e-22
0,7.066527146602038e-22
0,1.4677964044412687e-15
0,1.3436351604967164e-07
0,1.3874857854764749e-12
0,7.619886736275757e-11
0,1.4430886856287655e-15
0,1.9086261911669027e-11
1,0.3085071985451063
0,2.063336182554715e-09
0,5.094608300181542e-07
0,7.609177567434545e-10
0,2.356459733891056e-09
0,4.797086163420076e-07
0,0.14252137308809265
0,7.902042137267341e-08
0,0.27018868385357453
0,0.3084137338056904
0,3.244332457270665e-22
0,0.023670953922657462
0,0.2458872589240312
1,0.5295752360092633
0,0.38797446349661247
0,8.44149342242141e-16
0,8.6205585226893e-22
0,3.478103796781242e-19
0,1.2657141014834252e-15
1,0.4165236176739075
0,2.1207148193510468e-15
1,0.036313058253734994
0,2.1545601810775792e-11
0,2.8791202848901893e-13
0,1.6400565805730506e-07
0,3.778074137492285e-08
0,0.07991446321166157
0,2.556092112837872e-07
0,4.2450339588366753e-05
0,0.24269219289254113
1,0.41220326522668044
0,5.74643921159546e-20
0,0.10061248467014963
0,1.4548496931456456e-20
0,1.8054328047217373e-15
0,3.6187351567261515e-10
0,1.1353610937538787e-07
0,1.539506238103532e-08
0,1.9451051310714526e-09
0,0.3948875534503324
1,0.5472308300600297
0,0.15991627801139707
0,1.5725293933920595e-05
0,6.11642535758667e-11
0,8.469621969505594e-20
0,9.629245106759979e-08
0,3.3697646605472215e-08
0,4.4412761783869244e-11
0,2.6822316946895895e-07
0,0.3214353382797803
0,0.2903153376832713
0,8.944014313557125e-07
0,1.2693134464685235e-05
0,0.01909882099393355
0,4.644118828569766e-13
0,0.242063303367773
0,8.698838726446697e-09
0,0.34419299123227054
0,3.634185933753059e-10
0,6.612401983414078e-16
0,0.022061430861419706
0,8.75692245276789e-10
0,6.619623764065073e-05
0,0.3507367274703781
0,1.4165362632265534e-07
0,6.386620948069467e-06
0,6.363523111480003e-14
0,3.282013641653889e-19
0,0.166391121780087
1,0.14698961422574727
0,1.3799734764157277e-10
0,1.567482660532423e-12
0,9.637622022265074e-08
0,0.10090690399401984
0,1.209956783498709e-08
0,2.49656810843956e-07
1,0.7162327253861228
0,3.0923051828372995e-08
0,0.1791666279498956
0,1.0317125195834915e-07
0,0.30412125324409467
0,3.4943053908453232e-06
0,0.06263492885950486
0,0.40150939238594074
0,2.6996953993667412e-11
0,0.16723671821273708
0,0.00011356039995344304
0,0.4797785736706925
0,0.34787155914166146
0,3.379004135873245e-05
0,1.8976824529951066e-07
0,2.9150246562455226e-11
0,2.3261611101169393e-05
0,0.5227394982490965
1,0.17645062560639715
0,9.605303547100656e-10
0,6.876946918405109e-15
0,1.5840581368861337e-08
0,0.3433592175299862
0,0.1316484906864764
0,3.3369084399920007e-10
0,1.7809171736569352e-22
0,1.636386946895753e-20
0,9.047490750247461e-09
0,0.2187345812343998
0,0.48794072810250083
0,1.7832861302533389e-06
0,6.599580455097117e-10
0,7.694551587732445e-15
0,7.89150775896697e-13
0,4.642267781812417e-13
0,5.9581974707737605e-09
0,0.27334654055836616
0,6.282735510154771e-08
0,3.7492629471130313e-16
0,2.9727828934333872e-08
0,8.822519461766881e-08
0,2.1581273361413074e-11
0,0.06551516540288961
0,8.755878065885067e-08
0,3.4522443130221706e-09
0,1.5971686121636886e-15
0,3.042974895268779e-11
0,0.31087399359469575
0,0.02745497886975043
0,1.5763482541251776e-19
1,0.7539004129493561
0,6.409945493408728e-05
0,2.2573009022159023e-10
1,0.217779780725257
0,3.0311332673660805e-22
1,0.38540085305411076
1,0.311177556963051
0,4.559260955270203e-10
1,0.20401414853494382
0,4.7652947822324435e-06
0,0.4093440508302302
0,3.525977322334916e-07
0,3.1630239711763733e-10
0,1.3321408033002863e-05
0,4.5397392569712795e-13
0,6.780091273824949e-15
0,2.960922080291071e-09
0,0.19110969040749276
0,1.568918778386517e-15
0,1.0143127405913049e-10
1,0.9803352732582298
0,0.047772446698272984
0,1.5208724392469845e-13
0,0.3438555652983192
0,2.1930874978508415e-07
0,4.642267781812417e-13
0,1.2355262929055993e-07
0,7.603025426417964e-12
0,1.596774137102795e-10
0,0.16719584068585766
0,5.28045549419891e-11
0,0.10454212553510829
0,4.400667182554245e-11
0,6.553821141109794e-06
0,1.2606310191114882e-05
0,2.606529644214261e-10
0,4.7577907319511106e-12
0,4.7527644075429005e-08
0,3.292356665289167e-13
0,2.835666924307034e-06
1,0.3602927138361265
0,0.3620459113827758
0,3.4896520899809805e-20
0,1.265788954507533e-05
0,8.201950295851881e-09
0,0.014722631661510041
0,1.3335430366234578e-07
0,3.282013641653889e-19
0,0.22332602832031975
0,0.02669918890955729
0,3.4462860889839055e-21
0,1.679117697349207e-10
0,2.296368845074469e-13
0,2.9925909854879814e-08
0,0.5298440279435913
0,1.27635242911076e-07
1,0.2645103990097139
0,1.8264181203997406e-13
0,0.3399466194633484
0,5.455635224559043e-07
0,9.074965838231858e-13
0,0.07876277653657238
0,6.406247336629464e-07
1,0.6599628982488652
0,2.0122528445388014e-11
0,0.0015419466209773709
0,2.1609273027990992e-10
0,2.2936678762907394e-09
0,1.559297022945761e-07
0,7.585345011901766e-08
0,2.2777052964015645e-12
0,2.340820546539634e-13
0,0.400511555871744
0,5.548506840761028e-10
0,0.2844401658668804
0,0.16925335004557057
0,0.27545829131097216
0,0.3259426149216465
0,0.3913580419273408
0,0.033679429190524045
0,8.90107729394582e-09
0,0.4766434929660485
0,4.4027102946954866e-21
1,0.06858450381483344
0,2.4956414443435465e-07
1,0.048856018270439325
1,0.4955029202086088
0,1.8093507757677834e-05
0,2.6271540316435537e-14
1,0.40843136212652237
0,2.1603417225772165e-14
0,0.48552585442712004
0,1.271351486064184e-14
0,9.775918444334781e-09
0,0.297207285587434
0,0.0004158295416114401
0,0.010790481498731413
0,2.8527887566251765e-08
0,7.660272693839464e-12
0,6.873843141229089e-22
0,6.007778974001182e-08
0,1.8364190613258607e-07
0,0.18106238283659065
0,2.4664298563326964e-12
0,0.002671366942682239
0,1.6373295265318107e-11
0,0.48480534156009986
0,0.4899403950694288
0,3.732126333973648e-21
0,7.569167736776563e-06
1,0.46103870303345057
0,6.450740230720435e-12
1,0.10311402323501628
0,2.7176235947086177e-09
0,3.690227511993111e-13
1,0.46742544338463843
0,9.385910384182007e-09
0,4.0332279796043016e-11
0,4.3733724746017607e-13
0,2.4139754273487976e-07
0,0.10777032256735668
0,1.6109918871328179e-10
0,8.14615589404593e-08
1,0.21081094737178163
0,2.460329281825915e-07
0,4.033585159234297e-11
1,0.4693302943894799
0,2.4543130666707325e-13
1,0.22087542763637225
0,2.125445195533971e-08
1,0.04914998978588664
0,1.7417261986360738e-06
0,2.0858511450417647e-11
0,3.8045912940555854e-10
0,6.508653833304987e-07
0,1.5174944719683235e-13
1,0.507439000928484
1,0.2810712990712803
0,4.201274153238635e-06
0,1.7031201769718013e-19
1,0.2913283242837238
0,2.021766706169073e-07
0,4.5741467821058023e-05
0,1.4962294198902736e-06
0,7.120377196185349e-16
0,8.325858820175505e-05
0,2.0096045039538227e-18
0,0.42100650438403114
0,1.2482412731905903e-08
0,2.4680691865232495e-11
0,2.1182268665777054e-06
1,0.39425642385849213
0,2.2736084897595322e-20
0,3.803126387328744e-12
0,0.2781691440286522
0,1.0430715308079753e-07
0,1.8762014199994058e-17
0,6.065089577144051e-06
1,0.17961355489622216
0,8.447050287249467e-05
1,0.06023773194733322
0,7.923623090704407e-10
0,6.887728855044664e-06
0,0.07310095714981518
1,0.4749358004674354
0,5.1747034234979335e-17
0,0.6537953717507661
0,1.6832164143434932e-08
0,1.534095538598019e-06
0,6.656887099108841e-19
0,0.22378637590309788
0,3.754233044562521e-11
0,8.207219125461747e-24
1,0.4214656943700673
1,0.4078494659055108
0,0.1059994148061139
1,0.15352320328669544
0,0.007156788114243358
0,1.7858500726126597e-07
0,0.22501606844581537
0,1.2903948538502643e-13
0,0.37715867598328345
0,4.969630011316436e-19
0,3.472788484888211e-14
0,9.39577866963331e-14
0,0.2383146793261954
0,0.5098834506432225
1,0.31800162738515075
0,1.226554089879781e-14
0,1.458161536630406e-20
0,7.212602465169649e-16
0,0.2245845731755414
0,3.408608766938418e-07
0,3.5435797177868395e-16
0,2.0970903563956126e-06
1,0.44048856272047937
0,1.4535901173488928e-05
0,0.2856813316133208
0,5.757355201881876e-11
0,9.271315487202768e-20
0,6.259733119354444e-19
0,1.4701541214619144e-06
0,2.8888423608981466e-20
0,4.576482122333779e-09
0,3.5757743878342974e-05
0,1.0583706110798528e-09
1,0.3155949197811171
0,1.0977671017772988e-14
0,0.29502436092209444
0,1.568918778386517e-15
0,0.6167391501755142
0,1.2349868961297171e-13
0,0.14186144225135291
0,0.20795325228318604
0,3.6245447036676035e-16
0,1.0027477075865642e-12
0,0.001467668897293475
0,0.019347778522837367
0,4.141917884423224e-06
0,1.192615699456938e-08
0,9.797693833142847e-07
1,0.7612719895472048
0,1.2221708989323308e-07
1,0.18278242633950562
0,4.629139126936874e-19
0,2.6388783950256525e-07
0,1.4730107550465583e-13
0,1.4049652252659588e-21
0,6.119222619055914e-07
0,4.242508031254002e-09
0,0.3997350764338234
0,0.1535133055434267
0,1.568918778386517e-15
0,2.9014213802911045e-05
0,0.4501751638643164
0,1.1862225189577264e-10
1,0.07158103457581026
0,0.3187221168719148
0,1.0704062831125443e-11
0,6.132305806029637e-11
0,0.3017421564319816
0,0.5637018619336065
0,5.570213393729666e-06
0,8.26258900169222e-20
0,9.495310805602813e-13
0,0.20546644478645915
0,1.444676323387805e-06
0,9.080248411221469e-13
0,1.479370569760063e-05
0,7.877570696350144e-12
0,7.120377196185349e-16
0,2.0217667061690693e-07
0,1.292081563115979e-13
0,0.4535042716351698
0,1.2334976275324105e-08
0,0.3779149303338397
0,0.12486328264237188
0,2.6789583526525917e-12
0,1.4025491208610699e-09
0,0.1718512152621115
0,2.924848484693806e-07
0,0.3378718320180255
0,1.1221738067995507e-10
0,1.6832164143434932e-08
0,8.632879017183616e-22
0,0.25429202239088333
0,1.0443348679268032e-16
0,4.4308730407653144e-13
0,1.3548578398375536e-17
0,2.2865041908731428e-07
1,0.8329197252769628
0,1.268341524024088e-10
0,1.0881833985883225e-09
1,0.20897812170466593
0,5.735438260747462e-13
0,0.10505830501146703
0,0.26630163229388715
1,0.44836686171536655
1,0.20161694051780524
0,0.032996517634463776
1,0.48555692167732967
0,7.602716111620098e-21
0,8.804769202853751e-09
0,1.885270828782366e-09
0,4.610116460642664e-10
0,4.0248697546358516e-13
0,9.704265638765672e-10
0,5.8841408926796586e-09
0,8.770982272953506e-14
0,6.928723952561694e-11
0,3.204572522554992e-10
0,0.016238044112273652
0,1.634599899663883e-05
0,2.33383236268654e-11
0,1.7151408237671106e-07
0,6.181664276709071e-06
0,1.9395756699174034e-08
0,0.2511002211144632
0,1.5075237581560895e-12
0,5.260065653001507e-09
0,5.347214516971274e-11
0,2.25199019931028e-10
0,7.395813591483861e-09
0,0.2769283826967334
0,4.5989995179748417e-10
0,0.13269053339245013
0,1.634827736189391e-22
0,2.333612492869186e-12
0,0.12776167558310425
0,4.2337629642716706e-07
0,2.9756015091558776e-12
1,0.5303675962501371
0,1.479572580217736e-17
0,4.2968383196803753e-16
0,0.21475269191689747
0,0.4640715397247938
0,0.23483661233425773
0,0.2305931289897034
0,3.5761721799751135e-18
0,1.6233640955632095e-07
0,4.152455142969793e-05
0,0.1959937290179009
0,3.7300396919832795e-05
0,2.5167925916778574e-09
0,5.0185092506587855e-17
0,0.012371100459217438
0,3.4963075775065305e-09
0,5.12487299799423e-10
0,3.8352229350313745e-07
0,6.93333487694557e-06
0,7.255164344065097e-22
0,7.558300390253266e-22
0,0.1822572547559081
0,0.3279943857187947
0,1.1304588256508415e-15
0,3.6609061166810225e-12
1,0.46728475133271363
0,2.203788307514049e-08
0,0.09010702807665537
0,5.861213111967206e-09
0,7.003539190097622e-18
0,1.5260783962546368e-11
0,0.005057008153538712
0,0.0004300613020880921
0,1.2273840442375854e-10
0,1.568918778386517e-15
0,4.444419749934509e-18
0,0.16550375608729043
0,1.4187563694380986e-08
0,0.29121233846488503
0,0.35111957973715685
0,3.949013207789362e-07
0,0.009966837460249556
0,4.341647683430703e-15
1,0.24520472410970146
0,3.9361914538906145e-09
0,0.35343628291831564
0,3.075438849519849e-12
0,1.2760458050328448e-11
0,0.42587271217953354
0,0.001543442058473794
0,2.3617336146618652e-05
1,0.8226963260959028
0,0.08066238419037869
0,4.194047257235619e-07
0,0.406814030279185
0,2.5271195117190413e-09
0,5.571047412543345e-07
0,0.1902238100109479
0,0.34913904956136227
0,0.12985088757464097
0,2.0217667061690693e-07
0,3.4721143188691124e-05
0,2.640591652541257e-21
0,0.32283664449907046
0,2.492512562252796e-07
0,2.134216337065351e-12
0,1.2903948538502643e-13
0,9.168714520300987e-05
0,0.03507019355661909
0,1.0849626514165561e-11
0,0.0024802663467385494
1,0.4803393038196155
0,4.705116405261288e-09
0,0.22592698986517656
0,1.7245135498227836e-09
1,0.6916759964848926
0,4.5616170893464986e-10
0,0.03432416174214915
0,2.7601127092229214e-07
1,0.43627451258152783
0,1.22041820577588e-10
0,1.5793543532888675e-12
0,6.066029378290078e-22
0,1.3256403382191703e-07
0,0.5375638322186843
0,2.8773742666081533e-05
0,0.028436805732653937
0,0.011069438692385214
0,1.0761548753818503e-10
0,0.2560013954681937
0,1.249507547470149e-12
0,3.6727199240913904e-16
0,3.498203972295018e-19
0,0.21787611957659717
0,0.24165925020243914
0,7.849672990309929e-07
0,0.18075129413450797
0,0.11097539139944139
0,4.2348838989352566e-11
0,0.04002151328941337
0,0.1282296589666462
0,1.9700607029790327e-11
0,0.6115020089958156
0,0.43159766825515555
0,1.905732313599552e-06
1,0.7548872860781177
0,0.45222923270095144
0,1.8403847425420504e-21
0,0.020906545077942502
0,0.12052586159002694
0,7.740807173485289e-22
1,0.5050355730933571
1,0.6937789237145576
0,1.6306296128569353e-08
0,0.3616787161137674
0,7.513069265729689e-07
0,2.12286973936135e-12
0,1.3639726805168034e-15
0,0.041976628797638776
0,3.331784915819491e-06
0,0.006456056943472659
0,5.58671063611547e-13
0,2.9370950880341697e-13
0,2.953712978421708e-14
0,1.307570606343585e-13
0,2.05452618819075e-15
0,0.47495110962879517
1,0.27717652799912196
1,0.252458056091843
0,1.9719704179312922e-11
0,7.871160096268422e-06
0,5.557405558963813e-06
1,0.5157267980395894
0,5.310565529786675e-09
0,0.21579340141681194
0,2.1689874208902628e-08
0,3.5125794448126137e-10
0,6.288583940557756e-05
0,0.3170124921338616
0,0.401898112472083
0,0.3231410424646718
0,5.4522022823801014e-09
0,1.2530568286470273e-13
0,1.1991640637920246e-09
0,0.15089761448078076
1,0.3724696843410888
0,8.099159787236182e-05
0,2.833587095006249e-07
0,7.2553377569812715e-06
0,3.55782859547901e-14
1,0.1786982820421353
0,0.09911606429736279
0,6.595177675618643e-21
0,4.482267592095741e-10
1,0.631151885287983
0,3.6727199240913904e-16
0,1.3910497026984186e-19
0,3.3007356616371946e-07
0,4.150131393383694e-06
1,0.30060751240883027
0,1.4393505753209205e-20
0,3.059842523059169e-17
0,1.2304478138624475e-07
0,0.0025720944286891922
0,0.16592328811001117
0,4.4284684750490216e-14
0,3.673655912781037e-16
0,1.0168482085877829e-22
0,1.398835658280698e-11
0,9.914810003361474e-07
0,0.0001506152499551352
0,4.27955960736078e-12
0,5.77297344211445e-17
0,1.1380096766026977e-06
0,0.3607329878169574
1,0.3089223893634825
0,1.9975944330684108e-09
0,1.3654851691629278e-14
0,5.366237840668498e-13
0,0.036880266997940434
0,0.2802671325971353
0,4.536217405911842e-05
0,4.5989995179748417e-10
0,1.879274286669778e-12
0,2.9797338602234585e-10
0,3.4085721257540383e-19
0,0.710493778270962
0,1.226616497749606e-07
1,0.18766482923223599
1,0.22592601917706553
0,3.5556503650239537e-13
0,1.7712330582290904e-14
0,6.412632758091192e-13
0,1.7102158455230294e-08
0,1.7203750787228463e-12
0,2.4300584483173696e-10
0,1.527151200085194e-10
0,0.0482787152198246
0,0.0002996724408563491
0,0.4141950121377644
0,2.7895750651943e-06
0,0.32479293496868844
0,0.14636370043874153
0,0.05601211469432063
0,1.522598272545921e-06
0,0.006910415910939055
0,0.4538531072347022
1,0.7266361603150068
0,2.2477659201331048e-13
0,0.21472064083726297
0,7.18973423423322e-20
0,6.045716441555424e-10
1,0.11827712792170013
0,1.667117806906419e-08
0,0.005812449706568073
1,0.46872558198808195
0,7.453643695370679e-08
0,0.00010056274392210044
1,0.26822419106174367
0,0.2513205778652155
1,0.5191450879499157
0,6.5064786169907744e-12
0,0.3381241690932407
0,1.0180786675548491e-07
0,6.423375348276109e-08
0,1.0083271714479594e-08
0,0.2629938043452177
0,1.4049652252659588e-21
1,0.3210835915415661
0,0.007441827398407867
0,5.937402727537556e-15
0,0.2201764965652391
0,2.7147944059307453e-12
0,3.1116604307716733e-12
0,1.9304146882384856e-09
0,1.2657889545075352e-05
0,6.762543368496203e-13
0,0.47293849220064815
0,5.2385296222159344e-05
0,0.1351932119671581
0,2.625982022042002e-10
0,1.0455324407346328e-11
0,2.7659941421164275e-12
0,1.6590455078497396e-05
1,0.15110632515831982
0,4.286577353257224e-15
0,0.10376208936452957
0,2.2624754887050585e-11
0,1.2603490676761272e-12
0,3.699153524889954e-09
0,6.592856675477104e-07
1,0.39076655924837944
0,1.1592040709139611e-07
0,2.0130159265441974e-08
0,0.23244724653042606
0,6.586762109811844e-07
0,1.2751977085459675e-08
0,2.7968908237151905e-13
0,0.01897457052085861
0,3.2645097339115526e-06
0,4.809792289209728e-08
1,0.9241117129039126
0,3.4622942352355694e-11
0,2.4079093477944566e-10
0,8.916620227848295e-10
0,1.8321733371357447e-07
0,0.059782540024797395
0,3.4528364244172054e-19
0,7.89005628269124e-20
0,6.806874131241086e-08
1,0.5301198919076873
1,0.5767148454516865
0,0.2663382724077246
0,2.1959706295233834e-05
0,1.3347306501024596e-15
0,3.4325145945694628e-15
0,0.074819840702503
0,1.4224612608149256e-07
0,6.915959846074683e-09
0,0.21976247889757636
0,8.816573815852067e-11
0,0.0018596925370804153
0,1.0325532357651077e-07
1,0.3956924773385263
0,0.26188855745865697
0,8.56090823722681e-15
1,0.4375219884506772
0,0.4561365983864101
0,0.4860335061228035
0,5.3991485827340956e-08
1,0.33933661431926604
0,0.3028786021880963
0,3.499035373473624e-21
0,5.2138949733483755e-09
0,0.3677539499126503
1,0.5247503711670879
0,0.33768104109559616
0,1.8861617259965114e-11
0,0.3248211500267999
0,0.11105691528076383
0,0.12278772255905793
0,3.2502081702511035e-13
0,0.0939935978102722
0,0.24346797395229533
1,0.5516932093359931
0,7.686618522936438e-08
0,1.8411620360823658e-21
0,1.4227710207431262e-13
0,4.454335656147811e-20
1,0.43719107461532086
0,7.725768035045465e-15
0,2.6981612907054513e-13
0,0.0035174637321486743
0,2.68474760850675e-10
0,0.06667432321948186
0,0.03586613946268712
0,0.17278469658523482
0,0.10229594070883173
0,1.416546310239224e-12
0,6.631581297860931e-05
0,5.026435748804413e-16
0,1.1726991300932917e-10
0,0.36419512652379227
0,3.6640308318479727e-16
0,0.14314510176175074
0,0.5413633167755669
0,2.2165325457476142e-15
0,0.1350518057565655
0,1.9187318397748604e-09
1,0.4570028058966191
1,0.738278694413188
0,3.756060659752995e-10
0,1.5928060098226006e-06
0,0.12825803660516588
0,4.729977282694241e-21
0,2.4363993626548846e-07
0,5.637732187518992e-07
0,7.82494454327941e-11
0,0.22350566190289275
0,1.8336276311775785e-10
0,5.072862709228765e-06
0,3.044870602644712e-09
0,6.593548858109704e-23
0,0.4768394331771959
1,0.30143187995875076
0,8.138644455919843e-08
0,8.833316193028341e-12
0,3.112235418567278e-11
1,0.9603839636047157
0,3.598320636428501e-10
0,1.8607990353514782e-16
0,1.8347689146986855e-07
0,1.3411782005123372e-05
1,0.6609229023011575
0,7.367016183965236e-08
0,7.654510607047678e-13
1,0.9924106536751506
1,0.5848261303689553
0,0.2660120985635692
1,0.383129916292759
0,5.335157932614427e-12
0,3.9926268345562053e-19
0,2.273793159181257e-12
0,0.056270682398996186
1,0.4458161520504233
0,0.36513065471332445
0,0.5053778007116578
0,7.47961196621127e-13
0,1.1937797575283307e-13
0,1.1169916929558072e-08
0,7.308634238943212e-10
0,1.7070856753418107e-10
0,0.168708242601607
0,0.37440507877695356
0,3.5584223016573073e-16
0,0.09875533311208033
0,5.811120833988477e-11
0,5.5053551139388445e-11
0,0.004752195929096426
1,0.24505756298884607
0,0.15325053898371296
0,5.275499456378193e-12
0,4.7520724914435345e-11
0,2.0217370750830777e-13
0,0.001026438566580034
0,4.8396823962504755e-12
1,0.3604907379903269
0,0.36155988845904774
0,0.13070257780338326
0,0.00021044543112600704
0,1.1296669738822097e-08
0,8.801047593730709e-10
0,2.000226485104998e-14
0,8.578233060008244e-15
0,3.9999069520013585e-22
0,7.120377196185349e-16
1,0.9626051258975026
0,1.7715926815870858e-11
0,0.3200822479322282
0,3.868647233962546e-13
0,8.079983023517159e-13
0,2.3266159552192836e-24
0,0.22145925911401598
0,0.1290602053583229
0,0.4189055391640618
0,0.0003659725777110063
0,1.2729787628564747e-08
0,0.08566923990913308
1,0.14636637657065266
0,4.5741467821058105e-05
0,0.2826538011379598
0,5.659969040929961e-23
0,0.30661091580233385
0,1.5319509773308568e-15
0,0.01502184060815642
0,9.42241972254566e-10
0,3.6023376593807116e-12
1,0.4822734863862495
0,2.0217667061690658e-07
0,0.24209201029333116
1,0.23524059008410625
1,0.8708612018102011
0,9.815366782692285e-16
0,9.991323032186772e-11
0,0.005465362877966168
0,8.191024248469935e-12
1,0.19777296072505085
0,0.13376672771360662
0,6.791550582701988e-07
0,2.1055580842874957e-08
0,0.09552733767691038
0,1.2880113313883798e-11
0,2.476144247654067e-09
1,0.39766220318677536
0,3.1808322194526555e-21
0,0.1212281313432652
0,0.36655689378137046
0,0.4469634407051928
0,4.108337559852453e-10
0,8.56090823722681e-15
0,3.571356783251767e-14
0,8.56090823722681e-15
0,2.911210583392394e-08
0,0.216519649641785
0,0.05516729500433603
0,7.542039293059814e-07
0,1.9497921227559537e-19
0,7.120377196185349e-16
0,0.5383058247519675
0,0.15874920160285205
0,2.18321357755981e-06
0,0.4010271192558038
0,0.27242181193978515
0,2.8135742699893075e-11
0,2.7049641685792494e-11
0,1.4339719516951583e-05
0,7.174739090247355e-11
0,2.2263765966219278e-05
0,7.132384036012037e-11
0,0.0002912822281291436
0,7.3910899474602374e-09
0,3.815137223235996e-15
0,3.493427552676733e-08
0,3.8688262535421295e-07
0,4.1078563818639274e-08
0,0.16708752077549416
0,6.663804663857127e-07
0,4.130145838522599e-11
0,6.696686961229677e-13
0,0.33054673835148957
0,0.17749114844088926
0,0.18860730747737522
0,3.4500787098046194e-06
0,0.1164790382702618
0,0.5166342528427925
0,1.1475101261515169e-10
0,1.384195638027944e-13
0,1.9770616489429534e-11
0,3.689390570522031e-13
0,9.969934226344612e-09
0,2.3609798124814563e-08
0,1.7313721518221945e-07
0,0.08179650005161535
0,1.8771142952043184e-07
1,0.18638503069707407
0,0.20274646105362812
0,1.092774458570013e-22
0,4.778760761457363e-09
0,1.4347118374387835e-15
0,0.2678315319100248
0,0.00035259369289125355
0,0.09447338129407458
0,5.578689560687583e-11
0,0.18358215894701418
0,3.2118144552433454e-10
0,4.61462543000779e-07
1,0.7807331318860866
0,2.380295348648955e-15
0,0.08525083575755031
0,0.006055005897409382
0,0.17926415391282496
0,1.255384705077e-07
0,1.5355836692940593e-15
0,1.4184281914018426e-07
1,0.2957193324347967
0,4.1750349061000814e-13
0,9.368063247759387e-09
0,2.37782115946769e-11
0,2.911210583392384e-08
0,1.808828716715791e-08
0,0.0647626235023531
0,4.6571628762388024e-11
0,8.829890235635132e-13
1,0.11293100127722502
0,1.1267355439131398e-10
1,0.19608066724325005
0,0.46428163651223475
0,5.399768927993935e-12
0,1.0122521958249072e-09
0,8.097196697622145e-08
0,2.2349544735146058e-07
1,0.19973847235780365
0,6.085592967088529e-06
1,0.4438659022585162
0,3.941348073146372e-08
0,2.5297776667651965e-10
0,6.699737884261503e-11
0,8.642116357317113e-16
0,2.2927264538484818e-07
0,1.3556361357084815e-10
0,1.3798574873689465e-12
0,5.576815279190089e-11
0,7.030517120499746e-13
0,1.4272061319136425e-07
0,2.9124542258393936e-07
0,3.298240544290793e-11
0,0.11049396966686313
1,0.28725900834179935
0,6.264098128476937e-05
0,3.4437404054248963e-12
0,4.642267781812417e-13
0,1.6579240288829986e-10
0,2.8791912190829117e-06
1,0.3407160413134921
0,0.054405552054152755
1,0.45906914625500794
1,0.3486342738778546
0,9.446104128624458e-07
0,3.7157448622907885e-14
0,3.6014148134270205e-13
0,0.29919822083497133
0,4.8500954454660245e-22
0,0.5310843750413485
1,0.2562027263253049
0,6.92030263734847e-07
0,1.6286256307409148e-07
0,0.4061909493835979
0,0.21149508700533845
0,1.2254279099564612e-12
0,0.3121466669202041
0,8.744142277773553e-08
0,4.7493924000286814e-15
0,5.988420101142849e-10
0,0.42969351886163953
0,7.624641340192646e-07
0,0.16108293372816135
0,1.2112025332800405e-11
1,0.35690460955158926
0,8.772251338451266e-10
0,3.0771200778006977e-09
0,0.03288936261762283
1,0.2500151805116719
0,0.02835764160982137
0,2.06808128205912e-07
0,5.890600959001449e-09
0,1.1648288863713281e-08
0,7.431076368630448e-12
0,1.004892282479708e-07
0,0.17758577403138281
0,5.031677377595405e-19
0,0.4178872110657515
0,0.4481623443833976
0,2.736993901662549e-05
0,0.0029242152032095447
0,0.020116329273968114
1,0.5708340453283928
0,1.3910412174430806e-11
0,1.0753908112020567e-12
0,6.065797044083737e-16
0,1.0120614593182686e-12
0,4.028866610716458e-13
0,1.8496884971253784e-10
0,7.832037923734007e-10
0,2.6043112095545517e-07
0,0.00944413253682738
0,0.3141064347184506
0,2.9816873885505704e-12
0,0.28378538341178094
0,4.846031269717038e-23
0,0.09803685398843205
0,1.1830334493589971e-09
0,6.139476915231391e-06
0,0.15780374782749879
0,0.3800138651728195
1,0.4502068308456825
0,1.6619361088494638e-08
0,2.463626289763364e-05
1,0.6501425848555241
0,1.3801246708865994e-13
0,0.2098321270113066
1,0.6406166306349549
0,0.0004491829918507379
1,0.8095807350760391
0,0.0003694666237476589
0,0.03322103348985554
0,2.4676882746862374e-07
0,0.336503883429165
0,4.91449447106575e-10
0,0.0002620718084027463
0,4.0158339848724626e-05
0,0.6367026739329478
1,0.43450026467518915
0,1.83547519630274e-15
1,0.7574272983011286
0,0.021860406088397455
0,1.7758528597681927e-05
1,0.6757419088965739
0,4.516168427389835e-22
1,0.5471554142391089
0,9.511700413953663e-09
0,0.13163566326673212
0,7.193700092271977e-12
0,2.1829722194605e-09
0,8.56090823722681e-15
1,0.5683619238862826
0,0.022285938926565253
0,8.696709218761747e-08
0,6.501938180648746e-07
0,8.508931656430613e-08
0,2.0780369507946e-12
0,0.06434582977567574
0,6.210645625683882e-11
0,0.25092941032270005
0,0.036689535520242664
0,0.13922424109331477
0,1.7257174133575615e-10
0,3.32404254925571e-09
0,0.3759767058429314
0,2.911210583392394e-08
0,3.008024432985055e-22
0,4.514689050873101e-07
1,0.2559779907323393
0,0.06616551625773807
0,0.13779306989315
0,1.568918778386517e-15
0,1.2760914011811175e-05
0,0.18487350589165952
0,2.2210923127611946e-09
1,0.998706230136594
0,3.7727099226674225e-12
0,7.677583713168683e-09
0,2.1644517510513014e-21
0,1.1960762466815586e-08
0,2.269998736240611e-08
1,0.3349432744235791
0,0.2836826620059946
0,4.5989995179748417e-10
0,5.945349988383021e-24
0,0.44157264716330297
0,1.6176887844180435e-13
0,0.12612517167083884
0,0.3460905742666796
0,2.3421075012218532e-07
0,2.0786052678080684e-19
0,2.3518160346579018e-21
0,0.27290464491825933
0,4.3392418268726486e-08
0,1.927173429768531e-13
1,0.34808503969213145
0,5.779164314647898e-12
0,9.254211658540668e-15
0,0.08999308851019935
0,2.2994124958620084e-12
0,3.303153341846548e-05
0,6.650218891280644e-14
0,5.2643667446261577e-20
0,2.702021948174954e-10
0,2.7524118525119553e-13
0,3.678118307561724e-22
0,9.035198577551524e-10
0,8.344036982976316e-08
0,1.7712595055912016e-15
0,1.2788526349074363e-14
0,2.501456938262389e-12
1,0.4576641496269231
0,2.822926770335468e-19
0,2.5436020780267043e-09
0,0.3883816449420344
0,5.580262893279508e-08
0,0.6509716370053344
0,2.0156455326850923e-14
0,2.7653877120891615e-10
0,0.15008213926252428
0,2.7968908237151905e-13
0,1.815360642504166e-11
1,0.21044918941936036
1,0.3047834754178891
0,6.300754282825078e-15
0,0.005057008153538712
0,8.330709329530114e-23
0,2.2347980327072723e-08
1,0.5089488182946419
0,8.336059547806255e-09
0,0.0007722831705854347
0,9.751077163845411e-10
0,4.268233846608547e-09
0,0.3629709145429723
0,0.03164558855397683
0,2.045490963669729e-08
0,0.1780145388467545
0,6.464266284460969e-10
0,0.35471521266712014
0,1.2375934846407094e-06
0,9.402622253578046e-06
0,3.6727199240913904e-16
0,2.3518160346579018e-21
0,0.2523282530061134
0,0.22135518289693218
0,1.0753746156640433e-15
0,3.19578258720189e-07
0,1.5139237406088858e-10
0,0.24619062132320826
1,0.5995614619685877
0,0.179245167793153
0,0.06036841224904769
0,8.133024383922315e-12
0,0.005460111899445756
0,4.6897066730660815e-12
0,2.286627987189431e-06
0,3.0147902770636124e-20
0,1.0849288306824434e-06
0,3.155296276850735e-13
0,2.8135742699893075e-11
0,0.2712828032057242
0,0.29356189329772064
0,0.00010281033116736839
1,0.3787439093123541
0,1.8255984439454975e-07
0,2.1778039750715488e-07
0,4.438717130388627e-11
0,4.391387043748964e-06
0,4.3070198864970264e-12
0,0.04716316104973966
0,0.21378286234265212
0,8.02575456935661e-09
0,7.163170581768886e-10
0,2.4331847335880684e-10
0,0.18474469431320661
0,1.102932670543e-12
0,1.5383285489395652e-16
0,7.855637049453416e-10
1,0.13255578278307625
0,1.4244590259595171e-05
0,1.571619255265986e-08
1,0.35560996712239845
1,0.31449535969973874
0,0.23780250057101376
0,0.11300934438707824
0,2.6060519938471682e-14
0,0.5248571736420448
0,0.040998689200892856
0,6.994190244243822e-08
0,7.466005463730124e-05
0,6.669333075133768e-20
0,0.06611207148952741
0,0.1356933406637767
0,1.3072824614232334e-07
0,0.24766703618122354
0,0.735535377696733
0,1.886652573614619e-08
0,1.929438366383411e-05
0,9.933547706100846e-13
1,0.38074279131233874
0,1.844280729305032e-13
0,2.7968908237151905e-13
0,4.2968383196803753e-16
0,0.6549982179618801
0,0.3685490435057876
0,0.3082460259929724
0,1.4688681676575081e-10
0,0.22552965247711065
0,1.2405515502896401e-14
0,0.1213957724186747
0,8.950513799475461e-08
0,0.00010974323029453248
0,2.0628813506168766e-05
0,1.568918778386517e-15
0,0.1268860622725829
0,0.39836224226588596
0,0.0006585683494824318
0,2.780183826120697e-12
0,4.8401128893923304e-20
0,7.626830545480053e-07
0,1.7421365712708664e-21
1,0.9125851136396211
0,3.986433160549254e-07
0,5.816483882232223e-20
0,0.10213530169451034
0,0.22309625406365302
0,1.317281478751174e-07
0,0.0031836860191604512
0,5.684714085939571e-10
0,9.46056242437957e-11
0,1.4318726977538095e-10
1,0.3365987332234211
1,0.44337270847574806
0,0.11633054978897307
0,0.4656887167181229
0,1.226345835597633e-12
1,0.5137133589715147
0,1.416043381363682e-07
0,3.419477849733969e-10
1,0.3948384072631613
0,5.4462970028741806e-11
0,0.27302538451654523
0,9.004035558211751e-22
0,2.4095957414510023e-09
0,0.0002163790849620558
0,3.56719215444471e-16
0,8.801111696053271e-09
0,9.4695598304246e-10
0,1.790787047862471e-19
0,2.3573408324591762e-21
0,0.27401671680008133
0,4.002223787329382e-22
0,0.17873876845611572
0,0.06348144500473145
0,0.3535845438921641
1,0.43627451258152783
0,9.921306835474388e-09
0,6.561751818110247e-07
0,7.71715583372041e-12
0,0.24717530506018023
0,0.10726443854008554
1,0.42788542889243203
0,3.651681017479507e-19
0,7.4843672763703535e-06
0,2.80028110962905e-11
0,5.677681608810441e-12
0,0.014116172850677042
0,4.858763147985299e-15
0,0.14846676081485027
0,4.286577353257224e-15
0,2.3932648572127597e-09
0,1.0716619805520636e-12
0,0.39414466090630007
0,5.1896381045044406e-11
0,1.059678501602846e-08
0,1.1899490655716298e-13
0,1.3134035780922883e-10
0,9.191461454810075e-23
0,3.192073856831704e-09
0,1.4413145144006135e-12
0,1.6418828972385118e-06
0,1.5579390727025631e-15
0,0.20250296966364553
0,0.00018668844066660782
0,3.968737914080977e-14
0,5.305812634777662e-09
0,1.1380521783417324e-10
0,4.792995737792337e-10
0,1.0836115110834462e-09
0,5.165953091242114e-19
0,1.2265586035157305e-14
1,0.08060017893267185
0,2.4651443587783906e-11
0,0.04692448792941484
0,3.4085721257540383e-19
0,0.5637973405678511
0,7.406561533197541e-18
0,9.561426796104892e-13
0,5.81555899869253e-05
0,2.1644517510513014e-21
0,0.48318863426990427
0,0.0028265821283383094
0,1.4326617450505846e-05
0,0.48493761069788516
0,2.1894266591777496e-13
0,0.3183251092470567
0,3.5833698155978397e-12
0,0.034799365147265025
0,2.53939808232126e-09
0,2.5906557263424463e-08
0,0.00024704078174756113
0,1.1600467662521697e-21
0,0.2597798281581354
0,0.292729336350671
1,0.3878924661985961
0,6.527526813004629e-08
0,6.767512571574454e-11
1,0.18944041461626265
0,0.15535716793745047
0,5.080400171599885e-12
0,5.2525093643450215e-08
0,2.9423829406694804e-10
0,0.17473297749843372
0,4.248741880259777e-07
0,3.854113695382844e-11
0,0.002047111975451114
0,6.096439310085568e-13
0,6.975514646357786e-21
0,0.5181367801403178
0,1.0366052789055306e-07
0,1.0045030724995659e-10
0,1.6642656225527014e-15
0,1.103551113756774e-17
0,1.835236296138244e-15
0,1.7602239524663262e-12
0,0.11019225408941316
0,1.0709159788194167e-10
0,0.4312320412341465
0,5.2610530514312214e-20
0,0.17391728412189938
0,0.45628289879277184
0,3.910133956084743e-06
1,0.3423483034578659
0,9.617186842839011e-11
1,0.32845611250951
0,0.00010740066611419442
0,0.5177885456332282
0,3.324455316533077e-17
0,1.6546603367618233e-09
0,0.14659263244624618
0,4.942449279912383e-06
0,3.498819589487437e-11
0,5.517678587717262e-13
0,1.730616934910953e-08
0,0.46383786239429325
0,0.5767788851164579
0,1.417648629884991e-07
0,3.676242390594795e-15
0,5.912482480916508e-09
0,1.0458789256636305e-07
0,3.3012611415234836e-10
0,1.9667112282159847e-07
0,4.986075078778368e-22
0,0.3589431230128265
0,0.2647383186264178
0,0.2839643877736306
0,0.25059786004051016
0,0.005057008153538717
0,5.665372612513421e-15
0,0.2466602296819777
0,0.1889416803802989
0,0.5820894156851543
0,0.8606508443275387
0,1.992672410694671e-06
0,6.581153116315786e-22
0,1.953481540548973e-10
0,0.01040315123235381
0,1.5960334740351203e-11
0,1.0727813261718955e-15
0,0.11070791652091633
0,0.3815648219600015
0,4.1455500093815773e-11
0,6.418275793324394e-15
1,0.24502306088402584
0,7.458399061422541e-21
0,0.09914879745557234
0,1.6017534400726177e-08
0,0.1830214954752537
1,0.3127710755468263
0,3.1034594038289376e-10
1,0.36776543825516783
0,5.3790115124773116e-09
0,2.4540863246551804e-10
0,2.855502381981656e-10
0,1.5370459824658958e-08
0,1.2373503629349806e-05
0,1.8317424326485375e-12
0,0.23202999183536058
0,0.48045913048213384
0,4.157874541014671e-09
0,4.469425821687072e-08
0,0.0013923592743222454
0,1.736339670898009e-21
0,1.568918778386517e-15
0,0.02889641589823697
0,1.384133721201903e-10
0,0.07485825522094777
0,6.047584604308426e-06
1,0.577782489351518
0,0.6077303093232382
1,0.5089735708660141
0,0.5708908866414054
0,7.118067643874746e-16
0,1.9235431450743162e-05
0,7.686618522936438e-08
0,0.2882218107018013
0,4.0913010958425165e-08
0,2.445533520725463e-13
0,2.8276589602860276e-13
0,1.0842244329466944e-14
0,0.14455580773017476
1,0.9462141354091574
0,2.4526539854786866e-08
0,0.24401717060912298
0,6.874272221655619e-09
0,0.00539929055945216
0,0.3447583210103285
0,0.09230861734120029
0,0.18643099216034917
0,2.1644517510513168e-21
1,0.42543175701895786
0,1.00028619355028e-09
0,0.4409616145752359
0,0.23370417216353584
0,7.341933624163183e-22
0,5.6783650904439175e-11
0,5.637306428100839e-14
0,5.361222165478281e-16
0,4.774860469972532e-06
0,0.37005528877532856
1,0.5072199394622013
0,8.185388639793303e-09
0,8.81995208488627e-12
0,2.194769911850562e-08
0,1.551838875744771e-08
0,0.0018755557144566587
0,0.26667675822744136
0,3.815067949602661e-09
0,3.393097954114346e-16
0,0.7515524439290133
0,0.34164625799726683
0,1.6832164143434932e-08
0,3.0306703372410524e-07
0,0.11844329728397764
0,0.30979412522605476
0,0.26214620324306925
0,0.43869902191903465
0,1.160683269343496e-20
0,7.364789126875821e-16
0,0.0018736590347822877
0,0.24724781971368262
0,2.957460419955331e-09
0,1.038873502494565e-08
0,0.394746165991698
0,9.537881783596496e-10
0,3.495005672398159e-08
0,2.2690408851323947e-16
0,1.9506964331858103e-18
0,1.9479783518487516e-18
0,0.4288474810982677
0,4.00261208312737e-06
0,0.24061713387414474
0,0.19656365664077283
0,3.4721143188691056e-05
0,1.144147225053322e-13
0,6.766383778510357e-12
0,4.635951271211111e-12
0,1.092005204550832e-05
0,2.1933095331410795e-08
0,0.08312866295175779
0,1.0823540769687813e-10
0,1.857500619431345e-19
0,0.056279785177252524
0,0.0432571397820513
0,8.21824868716889e-09
0,7.310958473125143e-07
0,3.450521301574091e-16
0,0.011732265254768936
0,2.742726790898339e-12
1,0.6357640385972251
0,0.20564074220849873
0,7.560449075741371e-12
1,0.13974837748650884
0,0.26600461824694
0,2.9341387257648972e-12
0,3.0619410433929463e-09
1,0.46764587214343306
0,8.156936161311277e-20
0,0.22028632626383726
0,6.998387742089396e-10
1,0.4812912700429506
0,7.928474715131105e-10
0,1.1650850240238785e-06
0,1.1405736018551808e-06
1,0.056054439052517786
0,5.4507758560742694e-05
1,0.456586609610422
0,0.2615112375196683
0,4.23897323377281e-09
0,0.11975521765088477
0,1.5843089406997373e-11
0,8.900215340832398e-16
1,0.7245727363442013
0,0.48223199204069156
0,1.8078443953685697e-16
0,1.4698506871807614e-13
0,0.3040964351540874
0,3.421330579262986e-21
0,4.642267781812417e-13
0,0.00021622684987449971
0,0.395773244984757
0,0.19429061859216068
0,0.01899641313374876
0,7.523227766369322e-11
0,0.15201307484857282
0,8.179829799900946e-06
1,0.3279464061010473
0,9.182100466011865e-07
0,0.1824728707004055
0,1.337247569037484e-07
0,1.4548496931456456e-20
0,0.17025411089337966
0,0.03858913669901878
0,8.11918746726938e-09
0,1.6087995225183878e-07
0,4.6483137028413776e-11
1,0.1931697234232239
0,2.081871950823174e-19
0,0.23532772856936124
0,9.984911931862675e-16
0,1.0753908112020488e-12
0,1.3615235085362654e-05
0,5.478097869215631e-12
0,1.6189263690283948e-07
0,0.011531884170895295
0,4.320295626546535e-08
0,7.91884862348683e-12
0,2.6678778237837993e-14
0,0.0006159847937066803
0,1.2271947853376944e-14
0,0.00039738726086261045
0,0.11842145001466572
0,0.0005241212873958931
0,0.01416765342304253
0,1.0208640423928965e-10
0,0.012368967139982232
0,0.018452191323009536
0,1.6301597471180277e-20
0,9.090795705642551e-06
0,0.4092822669523841
0,0.04338603691875821
0,0.0001747963217902486
0,2.3832481862427597e-07
0,0.18671457240673384
0,2.6200089781131795e-11
0,7.015618820369241e-10
0,2.146311710300167e-19
0,1.1010281974556056e-11
0,4.592788759405797e-16
0,1.6862964146921943e-20
0,4.856613938714835e-10
0,2.198391382761602e-06
0,0.1781865538017342
1,0.589377402133573
0,3.5738379572530086e-16
0,3.2782795338596e-21
0,0.2790640297046848
0,7.867277002433541e-19
0,0.014011789753800245
0,3.629514124541208e-07
0,1.8231263921761452e-09
0,0.33712480698784125
1,0.4534030150065529
0,0.1373713711288444
0,3.1846278693610166e-14
1,0.5673032412677878
0,4.8671266247864934e-08
0,0.12097793066499647
0,8.815513449033516e-09
0,3.3358897751582096e-14
0,4.361357751984948e-17
1,0.32175427636877274
0,0.2209966435058001
0,0.00013058742998566246
0,9.117500364151642e-13
0,1.0685687906624008e-22
1,0.9523065017867809
0,0.27006655581379313
0,0.3083320442321018
0,6.942521497491005e-06
0,4.444419749934509e-18
0,1.6790603974333623e-09
0,2.4310594863884724e-13
0,0.14469516235181862
0,3.7875531283635415e-08
0,3.9989610423353165e-12
0,7.02745154643999e-13
0,0.2370857462995569
0,3.807151132338668e-21
0,6.346550949226928e-11
0,6.077536546973013e-17
0,0.09160403677640376
0,1.9582022977834794e-05
0,6.0678606802884245e-09
0,5.424633986957098e-06
0,2.9055324502286476e-11
0,3.106545208822349e-11
0,0.20691826916926573
0,0.2562904853301412
0,1.7595497960873528e-11
0,0.34078906995904984
0,0.1494478834960382
0,0.250745211321597
0,0.12484866454975618
0,8.052402202237871e-14
0,1.984949351096377e-08
0,2.1644517510513168e-21
0,1.553127884160157e-07
0,0.018499853293446084
0,6.366945342802605e-11
1,0.33832357296104043
0,0.16958935972346165
0,4.6693980983506836e-09
0,9.402710336005741e-09
0,0.1948938804765775
0,1.0482799290698069e-14
0,0.12767128796128602
0,0.13809661182673572
0,9.57289683509008e-11
0,7.643930420602376e-15
0,2.1675323226776556e-05
0,3.5565264876128346e-12
0,4.7308576663308646e-07
0,3.314858040901718e-05
0,0.2698555105094251
0,3.5354230500456273e-15
0,0.2371192422373036
0,0.016373006726222415
0,9.467909874886485e-13
0,3.267005190579212e-14
0,0.00464549987399731
0,0.40649240969918216
0,2.139652152461733e-21
0,3.4982039722950426e-19
0,5.695156142066414e-23
0,2.7560863428214323e-12
0,1.7064668090148153e-12
1,0.4850222367115585
0,2.2881857891465686e-11
0,3.3250851335743007e-07
0,6.159901065033592e-07
0,7.983420067212035e-16
0,1.6858996472079262e-06
0,3.245835656601948e-14
0,4.226101260731075e-13
0,4.921324795068666e-06
0,7.1742855020063445e-06
1,0.2734691408458236
0,6.889804017317144e-12
0,1.8558153503056777e-11
0,8.04382864953541e-10
0,8.835708086215377e-06
0,0.21842685148019733
0,4.102599135595582e-12
0,6.056469833282535e-06
0,0.1843770912916198
1,0.5797861299335272
0,0.4866973669070524
1,0.3346720003487497
0,2.245760851980701e-11
0,5.247964938983487e-11
0,4.09025795505324e-05
0,2.360374653715652e-10
1,0.6131738301223216
0,6.469054236676221e-19
0,4.7053028469701304e-14
0,3.8455044921415663e-13
0,9.059566035120222e-16
0,8.19543647092567e-22
0,0.10787884318671628
0,1.8437007220929555e-15
0,3.139520132261036e-13
0,3.613093659679978e-23
0,0.36804109230180054
0,0.30402616372794605
0,0.27346576132076633
1,0.1182501259555067
0,2.911210583392394e-08
1,0.6691319650925128
0,2.214739044003925e-12
0,4.690953158114125e-10
0,8.64388697503726e-11
0,1.309172102240489e-07
0,0.05097768579230683
1,0.37644654296725266
1,0.48952800848125927
0,1.4439226991623201e-09
0,0.11827198906392845
0,3.2681258519248055e-10
1,0.23937714206621105
0,1.1731941205231208e-05
1,0.6417797469813439
0,6.375550928843182e-08
0,2.576708217751097e-10
0,1.2916818999860741e-18
0,2.6060519938471682e-14
0,1.868693065032185e-07
1,0.5159517157450583
0,1.3158938899406206e-08
0,1.155456450295666e-22
0,2.5051340080791672e-11
0,0.3813388833883453
0,2.471322577476777e-12
0,0.31331111410653983
1,0.4889885535142193
0,1.3764247075308042e-06
1,0.42269593655549215
1,0.1572552686064725
0,4.093833696107552e-11
0,7.847642773811939e-07
0,0.0005051745545813446
0,1.308306188874452e-06
0,2.1806965797803973e-19
0,3.736405956491028e-09
0,0.4669000189890422
1,0.5002720152448401
0,0.0471697350999734
0,4.3591859936661436e-14
0,1.5681126392180072e-11
0,2.6885984628632167e-08
1,0.8629015185695769
1,0.07412053153665307
0,0.007791804093295835
1,0.5456100288366658
0,0.32793505888864494
0,2.0709880466191032e-08
0,0.40353057489425165
0,0.017060275042787423
0,0.00010056274392210006
0,0.2511386758867407
1,0.7690755252324695
0,1.8723506383225395e-16
0,0.0287115524413556
0,2.584518131043247e-17
0,1.8109309614668527e-06
0,7.406561533197541e-18
0,0.4457933748789497
0,9.000926033173425e-06
0,1.766476919005704e-18
0,6.049397600601675e-11
0,1.6832164143434932e-08
1,0.2344516385240124
0,0.24762479946340527
0,2.0684606669816816e-08
0,0.18900306675844605
0,1.4659279308547276e-12
0,1.5355836692940483e-15
0,0.3773235677895729
0,6.615345727178173e-10
0,0.23794750951183213
0,2.132815754044243e-13
0,2.2985345120219383e-22
0,2.2234135055564434e-06
0,7.484947982901504e-18
0,7.120377196185349e-16
0,1.3982504128664496e-20
0,0.003637985523972001
0,2.501420946261599e-21
0,0.7054546690029085
0,6.230982110150466e-08
0,3.623299100225781e-16
0,0.139436110178476
0,0.007700298141187582
0,0.16942631669912775
1,0.43746793166128445
0,1.4595634592584815e-05
0,1.0142754293520493e-11
0,3.129242648246763e-07
1,0.491632620384357
0,2.825293138633445e-05
1,0.9972920095799942
0,0.0160656952744891
0,3.7494770386477166e-13
0,2.283480034813516e-05
0,3.706925877062362e-05
1,0.8200048576487509
0,7.131626861742667e-08
0,2.3156047016819381e-10
0,0.047113655391272276
0,7.36580050531419e-14
1,0.6040304507520514
0,3.7352217098722785e-14
0,3.957579784890446e-15
0,0.34248887592742766
0,1.6153765040958756e-13
1,0.3278282096842491
0,3.244332457270665e-22
0,0.40927995707570985
0,0.25492250639465897
0,0.1307471785589874
0,9.255724438865156e-09
0,2.020825506026145e-14
0,0.0450482488337309
0,5.694529392391907e-06
1,0.4546948658724416
0,2.6360091879409144e-09
0,2.3053416307224937e-05
0,0.3741102770670438
0,6.659267568411909e-06
0,2.284501931398014e-09
1,0.4367377726448104
0,8.019053802521028e-08
0,8.56090823722681e-15
0,0.3797268678820621
1,0.514970680647618
0,4.0713913910803717e-13
0,3.49630622180028e-12
0,7.862781455734329e-08
0,1.8807837555194592e-13
1,0.9961424117975941
0,4.626110645282605e-16
0,1.588074903858327e-09
0,3.1536641080007313e-09
0,0.023588871267503572
1,0.4644209650916557
0,7.057923322849901e-10
0,1.194635387722149e-15
0,0.16194303634324864
0,1.6511203605840713e-15
1,0.40705484951752835
0,0.19498681469104695
0,0.20286357911794628
0,1.7015726209428083e-07
0,4.981864912372197e-09
0,2.5022815057954804e-13
0,6.873843141229089e-22
0,1.839213588672457e-05
0,7.725768035045465e-15
0,9.818387021818802e-12
0,1.003394466069436e-11
0,4.422550189127161e-10
0,8.56090823722681e-15
0,6.306891653260675e-18
0,4.552343589037529e-15
0,0.07357949874775474
0,3.5386415418102654e-16
0,0.3554476223008927
0,2.1633933549824e-05
0,0.1240149967782383
0,1.2249656803217509e-22
0,6.048146968046888e-10
0,1.1996431773420067e-08
0,0.000486625281738532
1,0.11871308696425427
0,0.4540182135049791
0,3.947317979594597e-06
0,1.2521067387965653e-10
0,0.4059955808149835
1,0.6847712421460947
1,0.4031482267435407
0,2.292651841840241e-12
0,0.43607851417374605
0,5.4573539814613606e-08
0,1.5057709392078045e-12
0,2.8459311916677014e-16
0,6.502739423467862e-10
0,6.393114573382742e-08
0,0.0015064815695737005
0,1.4648020422078284e-06
0,0.10453682917162942
0,6.096875475339705e-10
1,0.266960710076094
0,4.642267781812417e-13
0,0.17360581842050607
0,3.9476640680565423e-05
0,0.006274862651541788
0,4.225945981087526e-05
0,0.5737548886118785
0,0.0003005878363528004
0,1.9966937275804127e-07
0,0.4730761187408669
0,1.568918778386517e-15
0,0.26931144009835756
0,0.2545776100067848
0,8.089514445619743e-12
0,1.1369143671151384e-21
0,2.561478131596006e-13
0,1.7525905084266342e-08
0,3.2357459997554453e-21
0,1.4132654346774935e-09
0,3.023121742889793e-16
0,8.832486025896228e-13
0,0.06588776909822079
0,1.295363686169684e-14
0,3.282013641653889e-19
1,0.232108492901797
0,2.0190103078722642e-13
0,4.059108510908117e-12
0,0.1515795239688466
0,0.08797390131486497
0,2.7103856211683167e-15
1,0.17892327630503124
0,2.0497933452768926e-07
0,6.707564667420504e-09
0,0.6902858242968939
0,0.49904417704510606
1,0.16242103726051563
0,0.2460804690116574
0,1.3874857854764749e-12
0,2.4615503213882136e-15
0,8.469621969505594e-20
0,4.283027105245495e-12
0,9.709952338474221e-14
1,0.5537482256307534
0,7.807339178585747e-07
0,0.20947816712869036
0,2.0510242990538518e-07
0,0.1655212542599905
0,0.4125617200897103
0,0.589217539500444
0,0.5127531425891726
1,0.26665040221160713
0,0.45714065120145725
0,6.197256284931528e-09
0,1.4119646704876526e-22
0,9.57016814698121e-12
0,0.00029290460944339785
0,5.23857837924586e-14
0,0.2939742622362848
1,0.21168552066923474
0,3.454365907774416e-07
0,8.617144501723554e-08
0,2.7116163650547255e-06
0,0.04048320881839271
0,0.40766426763434477
0,0.0003399694300042448
0,1.5674448580307893e-07
0,1.0233469136142106e-07
0,1.1955131058518875e-11
0,7.700933701431666e-15
0,2.5948666379477005e-19
0,0.003289535724424443
0,7.459986510461706e-08
0,0.0021980287460579354
0,0.02460614643956795
0,2.656384146387028e-09
0,0.011242728746408463
0,7.720378324749314e-22
0,3.648522315005158e-12
0,1.3167044621484252e-22
0,1.1239740259695912e-11
0,3.464848247159506e-07
0,5.539962663499701e-09
0,4.834180467680727e-14
0,1.5412285773692353e-07
0,0.1798163476024544
0,0.1940115698162443
0,0.036975912256029184
1,0.11928798002524262
0,0.0786974210246458
0,1.6382215890842424e-14
0,0.19201774823393822
0,3.922514604144788e-09
0,0.04410877787596371
0,5.49806459864939e-11
1,0.831860651606812
0,8.212390117853125e-07
1,0.7734014945568125
0,5.6932950050422646e-15
0,2.453892967415877e-08
0,4.764687191793296e-12
0,3.931729222014193e-12
0,5.9641731866381846e-09
0,3.0311332673660805e-22
0,2.3698496264857437e-05
0,2.4626714517954488e-11
0,3.4085721257540383e-19
0,5.529857704420622e-19
0,1.5207447919117127e-08
1,0.3926958014383878
1,0.481367384978335
0,0.17003497888143854
0,9.477105275939238e-09
0,1.0767596568688993e-06
1,0.37803803985323625
0,3.457520508310921e-07
0,4.0563508257342976e-08
1,0.6593952800177064
0,3.2029104494274295e-09
0,5.378273338427127e-07
0,0.19009264925429567
0,1.21899688690098e-15
0,3.122435686268823e-08
0,4.476550388134373e-11
0,1.568918778386517e-15
0,7.565617103542448e-11
0,0.15088510924654805
0,0.31077335875611795
0,6.860498904364712e-11
0,1.178557307104536e-07
1,0.5012304848106248
0,2.8654524452766984e-08
0,0.1351003056867283
0,2.051283888984062e-08
0,3.6122444133209303e-09
0,2.457634437580478e-09
0,0.002866567491199167
0,0.4282498675165278
0,0.004987669328862765
0,0.02111730045923616
1,0.3864593814944043
0,0.1533950596252355
0,1.0645085607777785e-08
0,6.678780663688199e-09
0,4.642267781812417e-13
0,1.1946353877221407e-15
0,0.030826032493630185
0,5.840576706458636e-06
0,7.120377196185349e-16
0,0.13389430413568776
0,2.2880528494442152e-10
1,0.40392310208250864
0,3.933267296259168e-13
0,1.4028097708163055e-05
0,5.7609480347507664e-05
0,4.367256631717933e-12
1,0.36012152286489113
0,0.2578415858236783
0,2.6476189943621145e-13
0,3.2498062446922987e-06
0,9.40790850918409e-09
0,0.05836558344964683
0,5.890600959001449e-09
0,0.030453221836853523
0,0.04032421375002857
0,0.5353919232180538
1,0.5530281611744285
0,0.36623594650436986
0,1.0856251453208792e-08
1,0.42829543288523064
0,2.3054716711184084e-10
0,2.9278997526051996e-11
0,3.2525070038036376e-05
0,5.708109717458015e-11
0,8.398709789618209e-21
0,7.931677186765814e-10
0,3.4892653644072862e-15
1,0.41801079921551454
0,0.004034364649109776
0,0.3624531524062075
0,2.962682851245124e-22
0,3.5432656819234437e-16
0,1.710938014227412e-08
0,6.863226605163789e-11
0,3.2964743892002904e-13
0,1.4585501774589604e-07
0,0.31708636334851464
0,1.651885844074214e-09
0,0.01721689787272083
1,0.9224729793932405
0,2.563156077989821e-08
0,8.058723012734177e-07
0,0.478804311656745
0,4.642267781812417e-13
0,5.239652640191616e-13
0,0.15228577239215357
0,9.064830900248697e-13
0,1.9938648546065614e-06
0,8.875387377625436e-11
0,0.06338054799970473
0,3.366021080509674e-08
0,0.38034331958871725
0,8.07562808748282e-13
1,0.6791096203532537
0,1.2010110090993158e-12
0,3.593909619370358e-13
0,1.1157727596034402e-06
0,0.18913518371276888
0,0.1069865122194487
1,0.4765044205438397
0,1.3156781504630663e-05
0,4.893488134444906e-07
1,0.3662251791223594
0,2.155010160764423e-15
0,2.9341238034397605e-10
0,1.1450236157967164e-12
0,2.714544394866562e-11
0,1.4400051693163803e-06
0,3.569374714241058e-11
0,8.500502129417096e-12
0,0.3557803728628374
0,8.295634467607685e-06
0,8.02141433306956e-07
0,9.162337470697354e-12
0,0.4438923286133533
1,0.4693235920799265
0,4.2259459810875407e-05
0,5.026498490862946e-06
0,1.9692078248845808e-13
0,1.24981541645461e-10
0,1.7162986581240046e-09
1,0.6672021733321974
0,4.1907924861103955e-10
0,2.217920202696874e-10
0,3.755106091561761e-16
0,8.067043693017189e-11
0,0.016887401828390717
0,9.899032786907887e-16
0,2.684293062876445e-05
0,8.023012558143991e-12
0,9.403004545287196e-06
0,8.497176233116818e-14
0,7.120377196185349e-16
0,1.1010454855570967e-17
0,1.1933932453336066e-11
0,5.928143855080325e-19
0,4.626110645282605e-16
0,1.0471029178681358e-11
0,6.019145635219638e-10
0,2.3926368400731815e-11
0,0.07882596889861083
1,0.4247487706926557
0,1.6440619180223972e-06
0,0.19946230818561686
0,1.7965250427897986e-08
1,0.3532994240278406
1,0.14206398554980998
0,7.808858351395071e-12
1,0.8232564621059563
0,1.4081036377958327e-19
0,1.9923490531959374e-10
0,2.3850304131731563e-08
0,1.1439477616528935e-22
0,1.2332070006789873e-15
0,8.834899365065245e-07
0,0.17386315259649374
0,5.2849931305926516e-11
0,4.9919751918936694e-11
0,8.902323902434559e-10
0,4.465674103785228e-12
0,1.8432884587642663e-08
0,2.1644517510513014e-21
0,0.22795235205957654
0,4.239555781806029e-07
0,9.548761750573906e-10
1,0.8418082835078347
0,9.806158705006925e-10
0,2.9925909854879814e-08
0,1.2257997268354539e-11
0,0.09370741040688527
1,0.7931676648233004
0,2.2780457900416053e-15
0,0.48806385633960114
0,0.41857756699649235
0,7.531340558629435e-21
1,0.9940857092647613
0,0.1296412736941391
0,0.023987433890114093
0,7.852767276695137e-07
0,1.437368574958283e-12
0,1.8187065870726034e-08
1,0.3374587603125494
0,4.2594292246766355e-12
0,0.21958868422704886
0,0.7113256789084424
0,0.25511834499598623
0,0.09000759139238373
0,0.18797206968498598
0,0.1287160468252779
0,2.223400744541538e-07
0,0.32232397279169667
0,8.6698501874617e-08
0,0.0005929490556791507
0,4.642267781812417e-13
0,0.0016529249764902596
0,0.4304853473108717
0,9.563721261178848e-11
0,3.453110688951376e-08
0,6.784368042516379e-09
0,2.0409285253157792e-08
0,2.316678884994346e-12
0,3.499817625125088e-10
0,3.043404993714627e-06
1,0.13967969849428058
0,0.07621605986948558
0,1.930019266220694e-17
0,9.29662635483914e-12
0,0.14944997429993703
0,0.010669566423960638
0,1.4700944759712411e-12
0,0.040567735533236504
0,6.156580869076305e-05
0,9.105493665332805e-11
1,0.29930716170586236
0,0.3030643148923648
0,1.097819040287e-22
0,0.3089566833600652
0,0.03668656187830442
0,0.14465725792669318
0,3.559512244082863e-16
0,7.724809050800188e-06
0,1.6046591609269267e-08
0,3.872704052786978e-09
0,0.662635934466204
0,7.304559354384348e-11
0,0.6203448424029319
0,7.92354701116272e-11
0,0.22571152303007
0,3.141429328083796e-06
0,8.572457686746841e-10
0,1.2375934846407094e-06
0,0.0902821389131739
0,3.2490806230509584e-13
0,4.343917359277998e-13
0,0.3490888577792235
0,3.5091929901433817e-12
1,0.39878781222296966
0,3.010454955990533e-09
0,2.7097364395645523e-09
0,8.740560531040452e-08
0,1.229136183576832e-06
0,6.511604058019172e-11
0,0.10290138979526932
0,8.986020523628576e-14
0,1.0576457105336515e-09
0,7.314839908179698e-10
0,6.873843141229089e-22
0,9.059959355393969e-07
0,0.19735177123201084
0,0.13004923113939357
0,3.3811673608578667e-12
0,0.01533995572266072
0,1.2133905633374155e-08
0,5.7494988526673644e-18
0,7.612760186586988e-10
0,0.23068831914196536
0,2.9426415125437785e-12
0,1.1855597740766965e-12
0,2.769567488325648e-07
0,0.36487440470402654
1,0.1599336797816073
0,0.0909784089489654
0,1.3347306501024596e-15
0,6.792885754009084e-16
1,0.6734048361979768
0,1.568918778386517e-15
0,4.591716311396779e-09
0,0.2190254961912096
0,1.4328327339455687e-09
0,0.24797896239430184
0,0.22185153711753464
0,5.1129774523530295e-08
0,1.2780069782888082e-11
0,0.01699994094201974
0,1.2149601816496222e-11
0,6.003308245864356e-10
0,1.3516503604411087e-14
0,2.4827121537653118e-08
0,1.6060938976088166e-20
0,0.0006498344332368221
0,0.08772398923727545
0,3.282013641653889e-19
0,6.919738215586809e-11
0,6.484503847737272e-12
0,1.5729520359097677e-17
0,9.60027684029063e-07
0,5.7016256118094396e-11
0,4.3733724746017763e-13
0,5.970055248967954e-07
0,0.1612245984938351
0,4.027094202942494e-06
0,2.939802279019431e-07
0,0.46492185352729903
0,5.548129859537991e-09
0,1.6125313348584513e-06
0,0.5714627686417069
0,2.5304739113754e-09
0,9.561805706095686e-05
0,0.4373425988750689
0,0.4917049925150538
0,1.490479134272167e-10
0,1.6751490356115684e-13
0,7.449446680998751e-08
1,0.13220854377171518
0,7.215934235234863e-15
0,2.517927950396773e-13
0,2.982322043231721e-12
0,1.847386675128984e-13
0,0.6661870570950932
0,1.2615124931382166e-09
0,1.9704445373065825e-07
0,0.1503086456021611
0,2.4726332320214753e-08
0,0.18337775703445622
0,1.0028900837610265e-12
0,3.2523582004150254e-10
0,0.31676757833655855
0,2.9064092541158107e-09
0,8.082676965188248e-14
0,0.000389898991008986
0,6.9887453718920815e-09
0,8.392428598592883e-10
0,4.108007640901048e-05
0,0.4472445669825293
0,0.4135344426686821
0,1.2442583549281485e-12
0,1.568918778386517e-15
0,4.642267781812417e-13
0,1.3702280864629787e-12
0,2.943266098305485e-05
0,6.339121202883892e-08
0,0.0020495966518664747
0,1.0350869652655486e-16
1,0.9662079709637014
0,4.619843389355531e-10
0,1.5021153192824068e-12
0,6.321119528958789e-08
0,0.31783784449879393
0,0.0002868657594381675
0,0.28095869735468637
0,1.259994058178414e-10
0,0.34869472668881996
0,9.135635649652631e-09
1,0.6022503598868708
0,1.8890433234902052e-10
0,0.316884677391684
0,2.8044908708098653e-09
0,0.22161084629927696
0,1.041534285477686e-05
0,8.458231774910791e-08
0,9.459875403173256e-07
0,1.3236018426666048e-08
0,2.614449867050353e-21
0,0.3785237803520029
0,7.586354204593161e-08
0,4.1578797243991194e-12
0,9.07866851451361e-08
0,0.11299772076586183
0,0.03345323882047663
0,6.423148877433774e-11
0,3.761899075523066e-11
0,8.782774768839278e-09
0,0.022690087327597985
0,4.697547699482505e-12
0,9.72519740510856e-15
1,0.32812543147879814
0,1.6165289077119608e-09
0,0.03182164459839555
0,1.2016894401327985e-12
0,5.596175263093382e-22
0,4.9653823161455606e-21
0,3.314278813926522e-10
1,0.15582303229194389
0,7.513581308944372e-13
0,0.6970789778928229
0,0.22656204322636256
0,2.1892853071013574e-08
0,2.3356656843329798e-15
0,0.19236856460846638
0,1.70971033321402e-08
0,3.859704585759424e-06
0,1.1308486552436368e-11
0,1.8685877893693447e-11
0,0.48074477755357814
0,0.14515788581763447
0,2.919886495844785e-11
0,0.15657662389423604
0,4.307144322172525e-12
0,0.40994852158270795
0,0.6662524191118769
0,3.5178059827352985e-14
0,1.4032356748771187e-08
0,1.3630405883040836e-07
1,0.21292165739494862
0,1.7101948085993627e-08
0,6.079614504929698e-16
0,3.660190551228677e-05
0,0.20686198334589304
0,0.11552525243938956
0,2.6758268994076724e-13
0,5.699361558646171e-10
0,1.6035903746475596e-05
0,2.7968908237151905e-13
0,1.972807157607793e-11
1,0.2889943090537104
0,4.6075610414630345e-07
0,8.136839297900719e-09
0,0.1010755741198927
0,3.736405956491042e-09
0,1.9716615491173246e-07
0,5.643069891117461e-13
0,1.3706335517770473e-14
0,0.22078513002945738
0,8.18304971489983e-05
0,2.0797406507868038e-10
0,0.22550661522090662
0,7.204627026566487e-07
0,1.1941830947611843e-10
0,6.757090428501541e-13
0,4.626110645282605e-16
0,5.237494236960932e-08
0,1.930269648558538e-09
0,3.893162101238094e-11
0,7.531340558629435e-21
0,0.4597944252233724
0,5.083690197346571e-05
0,0.24421505929508489
0,1.3343233063527154e-17
1,0.1289727503725486
0,1.9300007399169843e-09
0,6.975514646357736e-21
1,0.6951406415050823
0,0.3489333894067932
0,0.020074739460988457
0,1.4771604816276291e-15
0,3.66947160531762e-11
0,3.785860763974466e-09
0,0.22130676449175365
0,6.992909789163446e-22
0,0.5079810830995818
0,1.156320446087929e-12
0,0.14325522512158623
0,1.8794232546392852e-12
0,7.385934704740298e-09
0,1.3868266849026592e-20
0,1.7596054625513508e-09
0,9.546130566642085e-12
0,8.754766775619351e-13
0,1.5238500443408538e-12
0,5.274664967412304e-10
0,8.551376900658827e-18
0,2.3984000981734137e-13
0,0.1126734848347189
0,0.2451234548761791
0,0.025699067374104795
0,0.024441126199064588
0,0.4581976070950109
0,0.2835634049269644
0,1.5971686121636886e-15
0,0.19814794336911107
0,1.8499701416179575e-10
0,4.118692297380378e-15
0,9.642463142697472e-06
0,1.2221144030353229e-10
0,5.609031180688411e-08
0,9.79668774965886e-06
0,1.447232628054495e-06
0,2.3535649071260813e-15
0,4.328657076795473e-12
0,0.20278340966760436
0,1.2447646539654478e-12
0,7.468399883024402e-09
0,1.918718573576478e-05
0,9.838889138202242e-08
0,1.6127197849010267e-05
0,4.687402644142676e-08
0,3.816312006718491e-12
0,1.0216364284163158e-07
0,0.5512871787709823
0,1.8013593889661667e-22
0,0.10187965016663493
0,0.5803663181931318
1,0.34754717733512963
0,0.18002261612149975
0,6.339007852825158e-20
0,1.3608163608754927e-09
0,1.2355157653253406e-11
0,8.941485405633684e-05
1,0.9858566511631959
1,0.4338654487828638
0,1.9766538157835178e-10
0,1.2763292233826537e-09
0,0.20124045965335105
0,0.3146593663960431
1,0.24425247980299997
0,2.0301613278491004e-08
0,2.6597021941647823e-17
0,7.052621743391732e-09
0,3.6834885050936445e-10
0,3.5258451885541287e-06
0,2.363829645413442e-10
0,3.054010022756055e-10
0,5.824437824882008e-11
0,0.23707032851736984
0,8.016022101181055e-06
0,2.3237434637766474e-16
0,1.6105872176876155e-07
0,0.37936303554218687
0,0.43095925477289715
0,2.9926412972394652e-12
0,1.748422003574751e-08
0,1.6966991179791654e-13
0,2.255060577049394e-15
0,0.43602960235867844
0,3.687699674491936e-07
1,0.18916978478130234
0,0.051521534487228064
0,0.1717603006658148
0,0.23038644722255214
1,0.7624128200109758
0,1.8200259000642303e-15
1,0.17357946575698385
0,8.900215340832398e-16
0,0.2815553850417377
0,7.050706303864323e-07
0,6.696686961229677e-13
0,0.06790094751655952
0,3.5613700072548967e-13
0,0.005410795185767279
0,1.102932670543004e-12
0,2.262845220916281e-05
0,0.27991225014245785
0,0.3263816881636178
0,4.868718019309896e-09
0,0.3233355968635645
0,1.905751091418036e-12
0,1.009970653458882e-09
0,1.6548810632659534e-13
0,2.690134349926662e-12
1,0.3012136074960687
0,4.9371941086743145e-14
0,6.859278236196995e-11
0,1.513560642527698e-14
0,1.398673184516864e-08
0,3.0311332673660805e-22
0,0.0005382661760602616
0,1.4646017964323051e-09
0,7.1254280025278594e-12
0,0.0046647587428780566
0,0.35862603173137736
0,0.0020808688733442173
0,1.9683019562439418e-19
0,0.005395110598460323
0,1.3798319074623452e-07
0,3.651578018789927e-12
0,3.498203972295018e-19
0,9.76039965478964e-10
0,2.238916834327721e-08
0,0.16476243621069378
0,1.5878680042126108e-06
0,2.794536739925518e-11
0,0.2585640155370377
0,6.90055803252834e-11
0,0.3979829895607905
0,4.947105358527977e-07
0,0.39978940931567125
0,2.317721481050866e-21
0,3.975472442302356e-11
0,2.551889299734956e-13
0,8.05557824869244e-08
0,0.24181116562816315
0,1.8224296589084495e-06
0,0.019542673193564532
0,1.2318056502161896e-17
0,0.13710551978745536
1,0.3971108502262746
0,2.2526757463677205e-15
0,1.209632518294304e-05
0,8.690383327117845e-10
0,3.5435797177868395e-16
0,1.660905353392934e-05
0,0.210601780863999
0,2.6404031688466757e-06
1,0.5471244241717658
0,2.6748027646105222e-08
0,0.47805836564977217
0,4.4972918370717306e-08
1,0.39177888749631345
0,4.597862774461807e-05
0,7.44039453498036e-09
1,0.14836274263787405
0,2.0217667061690693e-07
0,5.3144048608943394e-11
1,0.5796318013629947
0,0.02134919053360063
0,4.626110645282605e-16
0,1.63171785284571e-14
0,1.6697496729668184e-08
0,0.018759973988236176
0,1.7684267119363232e-12
0,1.9190157432368288e-10
0,3.784619597122604e-08
0,2.3731146946717128e-08
0,1.9681617613939296e-19
0,0.2638383963921849
0,4.6332554660711296e-09
0,1.568918778386517e-15
0,2.8794091250500686e-11
0,1.4076389871389877e-05
1,0.22460616615988252
0,0.027278850111314378
0,5.5916346539225995e-15
0,3.877184171880527e-09
0,1.9417295466906063e-14
1,0.636084942834456
0,1.1728493481169e-10
0,2.9752567503752992e-08
0,4.3595668437737756e-05
0,3.881809838809559e-13
0,0.2828546199717163
0,2.1644517510513168e-21
1,0.14496097133678804
0,0.12727180236614616
0,1.7087975466016922e-09
0,7.684197844838704e-07
0,0.2581531043987803
1,0.6306359617743792
1,0.38149342817791004
0,1.527025095180925e-12
0,4.9928341414061904e-11
0,6.757835145377046e-07
0,1.942222488279834e-05
0,0.11068482758545363
0,1.1445809470843795e-05
0,3.0311332673660805e-22
0,0.3602553224893598
0,0.013146594493248245
0,9.369629387324028e-05
0,9.640367549692278e-05
0,0.021212653491232327
0,9.899032786907818e-16
0,0.001517571922441066
0,1.4657893147972502e-07
0,0.09555216012236765
0,1.9595964722222726e-06
0,0.02794604720261692
0,1.3449327964067629e-08
1,0.3566370112445655
0,1.0030799403224794e-09
0,8.903872258990494e-13
0,1.0702605052495534e-06
0,4.8168280188902436e-14
0,1.3874857854764749e-12
0,0.3926691382592893
0,1.073587861961646e-11
0,0.07586872667210524
1,0.05070119028334151
0,7.12318052488243e-18
0,0.22771404556616592
0,1.571619255265986e-08
0,0.3858483210649003
0,2.4662001999951104e-07
0,5.111553172559636e-13
0,0.0005062938736401011
0,1.2507869691174286e-06
0,3.5163247549289574e-07
0,4.981599520479436e-24
0,0.13857165240846553
0,4.8138830477823334e-12
0,9.182848208328066e-15
0,0.13763573493624157
0,0.5354475110691
0,2.7332321652148078e-21
0,7.409175800141025e-05
1,0.6992432046033066
0,9.66776355171351e-10
0,5.22471096372284e-12
0,0.010255160718036086
0,7.823722740951295e-10
0,0.28369455006022726
0,1.1022384438097463e-14
0,2.5142976270655585e-09
0,0.09066967573345651
0,8.247650786304185e-13
0,0.06939581924446626
0,3.0465120238932806e-09
0,4.675049540836213e-07
1,0.7961119717291593
0,6.866570638288419e-19
0,0.21156220947514753
0,0.05843227108358763
0,2.184982785144741e-10
0,4.3729120839027566e-16
0,0.019171404445003308
0,0.0036773384700880315
0,0.4663724162151642
0,0.3531765091497953
0,1.589320206638901e-14
0,7.291126436857623e-13
0,8.545025667206317e-11
0,1.4555847676431845e-08
0,4.223406699426044e-13
0,0.41942187630102806
0,4.149171670173679e-10
0,0.19628716893176296
0,0.00020282245218447367
0,1.4995412590084288e-20
0,0.20988002515308388
0,1.1895884696365262e-06
0,7.466005463730124e-05
0,8.862785553323492e-06
0,4.0571459169863033e-19
0,0.04465849703655625
0,4.768659195048394e-07
0,1.1543454593193199e-07
0,1.865928133954015e-11
0,0.0003240815230533199
0,0.5313618084973725
0,0.08751931483215387
0,7.078145474877942e-07
0,1.2335608683682564e-13
0,1.4167915389541708e-19
0,0.1289398554302647
0,3.1324485490491467e-06
0,4.0083849094120965e-13
0,0.48569817676763954
0,8.900215340832398e-16
0,1.452019289939323e-10
0,0.007849056792533565
0,0.022635849788035914
0,5.9424042285846465e-09
0,0.0002647067861308981
0,7.576255889605089e-11
1,0.30191466391562655
0,1.1990157413428606e-07
0,0.47644065339164243
0,6.374227560339957e-11
0,2.1358026300400295e-22
0,2.0806054383936556e-09
0,1.9813517176958404e-06
0,1.4052912958513966e-08
0,1.3452842697439848e-09
0,1.2806800873869176e-22
0,1.189913645789522e-13
0,1.835503004155587e-06
0,3.3643519812639076e-13
0,1.2319046372722296e-11
0,5.964550808668435e-15
0,1.325170867180576e-07
0,5.547579630300875e-13
0,8.610729299143475e-08
0,1.9173423662157943e-08
0,9.180615802913857e-13
0,2.2908124991859122e-05
0,0.24518193754261025
0,0.331137607211149
0,0.17788055971906164
0,9.297897234662048e-16
0,1.13207378150487e-09
0,2.3323707566753566e-13
0,3.5435936890540853e-06
0,7.221774209355074e-13
0,4.5989995179748417e-10
1,0.8398290118530316
1,0.3969660229979856
0,2.415181680970602e-16
1,0.7047467982008314
0,5.798871835426534e-13
0,2.6191468130489502e-11
0,6.469593128830873e-11
0,0.3843749889543875
0,2.1178695112997778e-07
0,1.568918778386517e-15
0,7.805221599513623e-07
0,5.1707298699267745e-06
0,0.3740492157836234
1,0.26952392789686247
0,0.10186016538255302
0,0.17688215886911918
0,5.1111254784062765e-17
0,0.048429052278742606
0,0.03402406552430905
0,1.7056611749298103e-07
0,5.2571826330906105e-17
0,3.163753863123708e-10
0,7.346346808416934e-15
0,0.08427990638605674
0,7.518053040566138e-07
0,4.09776982343035e-12
0,3.618595501593024e-16
0,6.295548015563128e-07
0,2.500381785028532e-13
0,0.3195429993098582
0,3.3012611415234836e-10
0,1.3613892937294524e-22
0,0.005057008153538712
0,3.943395755137734e-11
1,0.41919400731406614
0,2.260505990988955e-21
0,6.109361472649945e-08
0,3.163462522267888e-07
0,5.2773547921569476e-06
0,3.550953079508988e-07
0,9.381239880012294e-09
1,0.1956763259613943
0,1.782488762053938e-07
0,4.211995378327033e-09
0,2.103864282345967e-09
0,3.3276550736935285e-14
0,2.27737533503521e-21
0,1.9829677774682817e-13
0,1.351004025979001e-10
0,0.5170610309169249
0,1.6710161711576127e-08
0,2.3144973275002914e-11
0,0.1139515370841334
0,6.873843141229089e-22
1,0.46270108867577
0,0.19150538411124388
0,5.699361558646212e-10
0,0.0003403739017836783
1,0.7530476698819025
0,2.0790519673517796e-05
0,0.2523322567107112
0,4.304540163982531e-11
0,3.8597926438438656e-19
0,0.0005409833084918217
0,9.294942243957532e-11
0,0.09453377698889001
0,3.1265266293635046e-15
0,0.0694262341000524
0,0.06909255980588852
1,0.8691858863034119
0,1.6730145167215912e-21
1,0.45848907926325255
1,0.4293199561287527
0,6.581153116315786e-22
0,0.12411318850873798
0,0.12041668934069287
0,2.7596335979226184e-20
0,0.3221851955515413
1,0.15123947779965613
1,0.39930042835713075
0,1.6837737359809121e-13
0,0.092544861310644
0,0.00036800586766660656
0,5.714361479520871e-13
0,9.184992452658498e-13
0,3.2782795338596e-21
0,2.3266159552192836e-24
0,2.5864513512095646e-09
1,0.392771748630527
0,2.6275799444561165e-09
0,1.0361919222708077e-14
0,6.581153116315786e-22
0,0.07183691111083916
0,1.4758840183269596e-21
0,1.09664109657765e-06
0,0.08232132865637788
0,2.8435778005953096e-22
0,0.1235070353339487
0,8.69114187684336e-09
0,0.0013466134874913797
0,1.0834495133404302e-07
0,0.12594674927615676
0,2.0217667061690693e-07
0,0.2425874511231793
0,1.405703333458237e-06
1,0.14730398234473857
1,0.650155117276561
0,2.2347980327072723e-08
0,0.13272859408801824
0,0.3744009563698254
0,7.12318052488243e-18
0,0.1430642332971815
0,1.5841120078797674e-09
0,3.0237292955147377e-06
0,2.0376482734486603e-07
0,0.33798730814357814
0,3.7906076134024924e-06
0,1.7863141463226227e-13
0,9.968334638495401e-06
0,0.07828091016123032
1,0.2093627817107019
1,0.47574130997239694
0,9.697516948273291e-16
0,1.9702248644076422e-09
0,1.7123146117063682e-15
0,7.0422345034165725e-09
0,1.808919511932508e-13
0,1.2755018599796383e-11
0,5.2212054338193384e-08
0,0.2977378155220532
0,2.1153777401985077e-05
0,6.857475142573708e-12
0,0.14715732602130643
0,5.0157014309019955e-11
0,1.6207637596283946e-08
0,2.641158396166164e-13
0,4.21887444746571e-12
0,4.5989995179748417e-10
0,0.3769723735064714
0,1.8754033562253218e-09
0,4.451938042821401e-15
0,0.10743037169575893
0,6.581153116315786e-22
0,1.272626633649123e-11
0,0.48299178744767324
1,0.40689214296684884
0,7.897750989685527e-10
0,2.9011287592942445e-11
0,2.4332740072361854e-07
0,5.0935663665734e-20
0,3.0488817154593986e-12
0,1.321612255048973e-11
0,0.3427591450612617
0,1.351735305105714e-10
0,3.350436995028064e-11
0,5.83362186205065e-24
0,0.09287200047512661
0,2.973248559511578e-12
0,0.2387313284166822
0,0.4537758355435883
0,4.405864784148626e-09
0,2.1698555990047525e-11
0,0.5066685652713683
0,8.60192408174658e-06
0,0.00018480562907748728
0,2.6231626020115766e-12
0,3.736405956491042e-09
0,0.2026162127327065
0,0.20909095327533747
0,6.464266284460969e-10
0,9.75348865792509e-07
0,1.9471643258705697e-12
0,0.1799594551137224
0,7.120377196185349e-16
0,0.0033397583990205917
0,6.125906609143412e-08
0,3.3067943196052274e-08
0,0.0016659208763339772
0,9.654826984675355e-18
0,1.3072325202000187e-11
1,0.6720581156684038
1,0.007481587167113223
0,1.9500695440752935e-21
0,3.28379707033565e-05
0,2.501420946261599e-21
0,1.496700550137957e-10
0,4.600070389147272e-09
0,4.186730592910529e-14
0,1.2667398906406957e-07
0,1.9832661888720636e-07
0,0.00014844376712780467
0,0.6084591221675407
0,0.358047700236485
0,0.36486844091587795
0,2.6043112095545517e-07
0,1.7984013344532774e-06
0,8.021053540134881e-09
0,0.007886886957588124
0,0.5294509610669798
0,0.24839780948872642
0,1.5507024384530506e-07
0,2.298262572120836e-21
0,5.175896462193489e-07
0,0.05396135867282397
0,2.4491569023255623e-11
0,1.061559532413598e-06
0,3.4543659077744037e-07
0,1.2497075736014843e-22
0,7.642226106694295e-14
0,2.5111651377851232e-11
0,2.64075292024224e-08
0,3.0536150729763718e-12
1,0.49163262109592976
0,1.3992528420607888e-08
0,1.1122322139288449e-08
0,0.39756566963713924
0,1.5002793284349773e-06
0,1.9087361534381088e-07
0,1.1532202969180073e-22
0,1.1532202969180155e-22
0,4.600574363377416e-06
0,4.472558627086255e-11
0,0.37617972785774606
0,0.0193087320818514
1,0.28838309494254283
0,8.645892910884146e-10
0,9.816511522983442e-12
0,0.33522408609248705
1,0.2396376542766367
0,1.8017699911240692e-12
0,2.117330596203504e-10
0,1.991758626700877e-05
1,0.34464007231818095
0,1.7894885604909253e-08
0,2.0328082404974145e-12
0,4.961868080860649e-14
0,0.031924640410013236
0,1.4266771854637491e-08
0,1.9877146526280136e-15
1,0.17235862612514968
0,0.16870908711291932
0,1.530026424284013e-15
0,3.714627965363762e-08
0,0.3502734273526398
0,2.2115593133692897e-07
0,4.003057890857739e-09
0,0.37459461280615225
0,0.08277328608779674
0,3.5176291436314114e-11
0,0.30766761097794887
0,0.25829805610748935
0,8.221542407144867e-06
0,3.7890377555741875e-15
0,0.14983883610066168
0,7.120377196185349e-16
0,1.0685687906624008e-22
0,2.8245311107182854e-06
1,0.29322154102553455
0,0.3610583295082684
0,2.337411044786714e-10
0,1.975630885502235e-09
0,2.015291079382193e-08
1,0.47013212103657737
0,9.879129672166614e-12
0,2.0129191501883716e-10
0,0.0023763913245221954
0,2.208372786849549e-14
0,6.452566906991245e-12
0,1.3641862950419138e-10
0,0.6098399380115238
0,4.7268789902249444e-08
0,2.3480150307716177e-07
0,0.045725525981086555
0,4.867731811355036e-13
1,0.6113139685414041
0,3.6727199240913904e-16
0,0.1557277485914726
0,1.8788927982705316e-07
0,8.076538036743615e-20
0,8.25112666504106e-07
0,3.48515702506175e-11
0,1.5355836692940593e-15
0,2.221950043657164e-21
0,4.2979711722063457e-17
0,3.972042839931454e-10
0,2.706896521803672e-06
0,1.8018104577621608e-11
0,2.323476345839667e-13
0,2.3557969993175067e-08
0,0.11630820712114721
0,4.1284693695613846e-07
1,0.006173075935272819
0,3.9190674093352835e-09
0,0.2224648146736205
0,3.896338088916361e-12
1,0.7524173682056693
0,5.410319207649625e-08
0,1.0481006431365092e-12
0,1.7524945538939674e-12
0,2.4330130548236998e-11
0,4.4664629733712116e-08
0,1.0082982220837783e-11
0,1.9334253460352032e-19
0,1.0872680560996227e-05
0,1.2689463326942659e-18
0,0.38691015305845666
0,4.2463263552619745e-13
0,0.33727858621416096
0,0.23403617013978967
1,0.7427329730722588
0,5.53178639996428e-10
0,1.1486216705843826e-07
1,0.18023652480880534
0,5.081207918659781e-13
1,0.2593005514379224
0,3.9524560819346584e-14
0,1.92450484509087e-07
0,2.5938883055397056e-11
0,1.7535145812210606e-07
0,0.5463829712989756
1,0.2978932008939977
0,0.09494186334948368
0,0.08354783573269893
0,8.664065907944172e-12
0,0.3394519559651511
0,4.345511224360816e-13
0,0.2534408956984318
0,1.826031327475512e-12
0,0.4008113557353621
0,2.6814373435108705e-10
1,0.44482872065049417
0,5.889894193444315e-11
0,0.45563931699209226
0,0.0002824988426903851
0,3.1931651776223906e-09
0,2.7151131467329244e-09
0,2.4579196547686127e-06
0,3.6905658016779125e-12
0,6.826928247799919e-11
0,3.13652347522333e-09
0,0.21577084440093755
1,0.5055625297856283
0,5.606737202987064e-06
0,7.686618522936438e-08
1,0.0151837116304409
0,2.8974266183687748e-08
1,0.2937915390276786
0,4.2193913365742186e-23
0,9.676296581056907e-06
0,0.0012957841168693251
0,1.455367168741619e-08
0,0.425899782007029
0,1.5785903821547108e-08
0,2.4484185677877906e-10
0,2.284501931398014e-09
0,2.545871894690059e-22
0,0.2578947648403526
0,4.0643870138342463e-13
0,0.2653333381729082
0,1.702385855097416e-13
0,1.196712429065492e-18
0,1.7989085831713917e-11
1,0.5092846422719435
0,0.00016681474099296248
0,1.8606267077367235e-08
0,1.5854297237746366e-16
0,4.527178297351818e-21
0,3.490204491311772e-07
0,0.07067621157206654
0,1.4782852107940847e-10
0,4.128402657285656e-06
0,6.069984641853618e-06
0,0.4947082184015032
0,0.21871883261681535
0,1.1163829736294929e-15
1,0.6293432665204075
0,2.169420710561003e-07
0,2.1912563901280624e-19
0,1.9890761891557488e-08
0,6.5159784170667115e-19
0,0.2571050967620508
0,0.029411275810662812
0,1.1553584176676329e-22
0,0.022955355119300712
0,0.18686243853012127
0,0.21628213452104647
0,3.215153601979227e-08
0,4.626110645282605e-16
0,4.633268376161837e-13
0,3.4138264716227955e-08
0,1.0539795245036954e-07
0,0.19933575210573753
0,0.20129877689737125
0,0.2900509093340288
0,0.24732199120754345
0,2.7373215214886498e-11
0,2.021766706169073e-07
0,3.7580033888373555e-13
0,6.110696603264767e-09
0,8.933442521493507e-09
0,2.775571953556719e-05
0,0.18816828159901694
0,1.2515585786751313e-09
0,3.979490963108082e-11
0,1.176579497366961e-08
0,3.50119476405419e-11
0,1.6164151724915814e-08
0,1.4967005501379623e-10
0,0.04731307308658665
1,0.5351309802804641
0,1.5971686121636886e-15
0,3.1335943031258835e-12
0,0.19611615180378683
0,3.8984091568117897e-13
0,4.345103854218301e-11
1,0.18215409415708655
0,0.0026589575726218935
0,1.1942943444295691e-06
0,2.811172806483259e-11
0,0.004880636677879046
0,1.1505745860794758e-11
0,1.470764219466771e-12
0,9.700824507564977e-07
0,1.3009817500616397e-07
0,6.422571104882482e-08
0,0.34136678045454355
0,0.022886139721692275
0,3.9048359915927997e-05
1,0.3973694752518414
0,0.01810801162754691
1,0.548702776192032
0,0.07222728230331579
0,0.004034364649109776
0,3.4745523707874895e-06
0,2.156685366660455e-17
0,0.062122462401561655
0,3.480979053699668e-11
0,3.086422348415154e-05
0,8.863440459954145e-13
0,0.4751892124492444
0,1.1532202969180155e-22
0,3.282013641653889e-19
0,0.04135007145645909
0,1.0753908112020567e-12
0,6.581153116315786e-22
0,1.1510906734273016e-16
0,8.954146797008647e-10
0,0.3174915261725123
0,0.10720898238261499
0,2.222362130507204e-05
0,0.19488822367814376
0,0.250514497822982
1,0.5486546375881567
0,3.4528364244172054e-19
0,4.367417040530977e-07
0,1.568918778386517e-15
0,7.720378324749314e-22
0,1.670376798588064e-11
0,0.42974355377340556
0,1.064221247796837e-05
0,4.045859482723948e-11
0,0.15078316821549032
0,0.08512977440305869
1,0.5155429310731126
0,0.12674073699806834
0,2.7180323753269874e-13
0,8.56090823722681e-15
1,0.2740062308070998
0,4.5989995179748417e-10
0,0.18553533874067235
0,3.4772729733984226e-11
0,4.642267781812417e-13
0,1.8179593112475896e-15
0,2.7968908237151905e-13
0,1.3004644757808856e-11
0,2.3270132794329576e-17
1,0.5449925720343074
0,1.1168086738403107e-06
0,1.5490991317380152e-08
0,2.5176729278907198e-21
0,0.14474102804413486
0,0.001697490436285014
0,0.06806034101174083
0,0.0937433576592146
0,9.076564777453374e-08
1,0.6913918331687985
0,1.0849288306824415e-06
0,0.6242801453197184
0,0.4462822865509025
0,0.18827581825928844
0,0.2999257484483144
0,9.38500326989658e-12
0,0.729530790338064
0,5.041608382391394e-12
1,0.019535639105824155
1,0.3485567742540311
0,0.20051783403898707
0,1.0753908112020567e-12
0,0.10477358602038654
0,2.6060519938471682e-14
0,9.834269961329644e-13
0,0.035716272934523154
0,0.43881889900166554
0,4.827557640267202e-20
0,0.024656595068658096
0,1.2441467341742886e-09
0,0.05691576994989598
0,1.2760895263574499e-09
0,1.5303424321901375e-11
0,1.2883908660211865e-12
0,2.4916241984740426e-11
0,6.068711116649407e-07
0,3.2921551401620443e-10
0,0.05596577467231613
0,0.07608388293823619
0,0.00019113083531744094
0,0.4003242737186792
0,1.2301939213057645e-10
0,0.6045711106049615
1,0.5578828425325003
0,3.4528364244172054e-19
0,0.4093352627268903
0,0.386457810316151
0,0.18063959102769464
0,5.843904671264716e-16
0,2.7968908237151905e-13
0,0.3047390556761129
0,0.010114075553610885
0,0.4763161097723908
0,0.3754162608618107
0,1.650476463552678e-08
0,0.2355230609515027
0,1.22810956356293e-11
1,0.5941417008942743
0,0.25991635355231496
0,0.38850506735082924
0,0.5213738784837791
1,0.45682455071132455
0,4.046118768325268e-10
0,4.859167455394252e-05
0,9.359951779646625e-11
0,1.0056118784900569e-22
0,6.301464839657728e-22
0,0.43759280097111874
0,5.969208256378322e-09
0,6.856063495300161e-21
0,1.1388363589844855e-08
0,6.788798163421082e-10
0,1.8867783866322933e-10
0,0.34527371148769725
0,1.1287755457290311e-13
0,0.19206684402834295
0,0.51861118924659
0,0.03928529532123138
0,0.36963626630700436
0,2.0464290378523122e-14
0,4.97536316063451e-21
0,3.0987476841906883e-21
0,0.0034639801331022638
0,0.1682224183858967
0,0.006952232997007618
1,0.2545275730201413
0,1.0685687906624008e-22
1,0.16550227149611907
0,0.7362534747483901
0,0.24940475357782205
0,3.6085397165105917e-19
0,1.208113786379564e-22
0,7.050300306684728e-11
0,7.709020453365327e-20
0,3.8669257271812625e-06
0,7.197436839164996e-08
0,0.2911698519784083
1,0.396523385648257
0,2.8449831117196225e-08
0,1.7654942274145396e-05
0,0.040217943071526964
0,5.1223313748141935e-08
0,3.798610143789459e-14
0,7.351405251028837e-13
0,4.3493182806079595e-12
0,3.916652519933164e-05
0,8.167256601414255e-14
0,0.0004074857099377815
0,3.49634770602131e-07
1,0.3402091259313829
0,4.626110645282605e-16
1,0.25822232403504974
0,0.20140210500529496
0,1.977246232886411e-06
0,1.2224397003821881e-20
0,2.060841306176067e-22
0,0.09565007357151842
0,0.7659969068799808
0,0.19417753411940902
0,7.104383214661178e-08
0,3.7600584680921963e-19
0,5.3004130537864514e-17
0,0.007203059837376946
0,8.519602142596562e-09
0,3.4259334482123202e-12
0,4.4840926343164246e-06
0,1.5915879327650001e-06
0,1.036752079875574e-12
0,2.566175979357722e-06
0,1.8259276884923563e-08
0,5.756775138222199e-05
0,4.077921907754064e-09
0,0.38907931838202164
0,2.3752240833633264e-10
0,1.6943701030060154e-08
0,1.3704291552455799e-06
0,0.42337294952468746
0,5.172335814723696e-09
0,4.71575514167909e-16
1,0.2598921287196596
0,3.098387570022406e-06
0,4.061983096087253e-21
0,0.1355461855998383
0,0.00018883409525863513
0,0.3613890712209636
0,3.470480719095322e-09
0,0.002384798824212918
1,0.06657535239585133
0,0.40147118973286916
0,0.3506207110097075
0,0.15876525322217092
0,0.4811333337005956
0,2.759470777163092e-13
0,5.097346503567714e-10
0,9.977120395619866e-16
0,2.4357073971471397e-06
0,0.0191327742292549
0,0.05640284854458786
0,5.522161953266609e-06
0,0.0004607762970467916
0,0.2382313006073585
0,3.669607008311994e-05
0,3.020100666627383e-11
1,0.5175109455572958
0,1.2612792739946566e-10
0,8.189579344336938e-08
0,1.0227279503844771e-10
0,1.821024562070762e-17
0,0.35964051855243545
0,1.806541234869821e-21
0,0.11751268331782797
0,6.632608859296541e-11
0,0.46006274196478114
0,0.570776297230848
0,1.8809963909767628e-08
0,1.9281054186335485e-11
1,0.8123199036356895
0,0.4082978902490912
0,0.00249874831166259
0,4.642267781812417e-13
0,0.19010444570766225
0,3.4525411837417022e-15
1,0.5473204852785577
0,7.75349099637643e-08
0,2.4515801876801047e-09
0,0.00011373854332955419
0,4.642267781812417e-13
1,0.6698223951143537
0,0.21807078751684542
0,0.14911513788444508
0,1.2631361400271144e-06
0,4.3733724746017607e-13
0,1.5374770882646624e-12
0,1.6948716461521335e-09
1,0.5785610390200078
0,6.867843206079049e-12
0,3.333247767042699e-15
0,0.00861209309070799
0,0.22331446573316985
0,0.29650122465342105
0,9.911317832170638e-14
0,6.105435540983247e-12
0,2.432003079296219e-07
0,6.160524939767072e-15
0,0.4565256664956531
0,2.7382104666252575e-07
0,7.33663301748748e-15
0,1.9799531756776947e-07
0,0.0013170604195189457
0,0.039615061333636466
0,0.5647795070381861
0,9.095156485379111e-09
0,0.00024261939073591388
0,0.0694316696558167
0,4.8837643359383154e-20
0,3.9016659589393966e-10
0,0.19303551309656092
0,2.1026214078115947e-08
0,1.7080187860645521e-15
0,0.08999355332088449
0,1.3273083233560571e-08
0,2.3984503158981173e-12
0,3.014501522462618e-08
0,0.14472043307913365
0,3.9998041497319475e-05
0,0.203553119031415
0,2.2249628337224543e-05
0,2.0278694062467861e-07
0,2.7288624446490075e-09
0,0.3455550134653854
0,3.2725061948982696e-05
0,2.8064199741619042e-09
0,2.339586814354361e-11
0,9.243616865481085e-13
0,0.13447690442234522
0,1.1938844561092645e-08
0,3.7302766419606005e-05
1,0.681223751694531
1,0.36339894455480937
0,9.590150730217332e-07
0,3.879343363486362e-05
0,4.07176762674283e-08
0,1.3599005703564398e-10
0,1.3742773072219483e-10
0,5.95803966258114e-10
0,4.132983711191759e-07
0,1.7841463017528947e-13
0,5.3448826628002e-08
0,1.938015648113611e-08
0,0.4079093589158307
0,3.807151132338668e-21
1,0.4250818840679103
0,3.7324564020273535e-06
1,0.329707811874495
0,0.008362259685832705
0,8.407112909799759e-07
0,1.948276405097533e-10
0,0.4411497627587544
0,9.87529681600119e-13
0,2.091894757064989e-19
0,1.0664387695206364e-06
0,0.23393282460067877
0,8.823883253980418e-12
0,5.521291613594658e-10
0,1.078361331999174e-09
0,2.25412612988469e-13
0,0.14913943000827076
0,0.009399661726842581
1,0.24874463843778005
0,3.2444751040458095e-09
0,2.330942636580579e-12
0,1.52613385960376e-09
1,0.3299645304008764
0,1.7778205081297822e-07
0,6.1199678502305614e-06
0,0.5667874204614458
0,2.084275551763211e-22
0,0.08524945939993138
0,1.2208372924274978e-10
0,7.558300390253266e-22
0,2.0217667061690693e-07
0,0.06859335263738385
0,1.0220144383039844e-13
0,2.409129956948431e-08
0,0.018878801011806313
1,0.3402357089990958
0,3.905311637119429e-08
0,0.17481866221980386
0,1.6993215790702263e-09
0,5.1380415396313956e-11
0,2.283157701185039e-13
0,7.373357928973502e-06
0,1.7440083297783732e-20
1,0.10388907787044858
0,1.748362506556106e-08
1,0.37090545589586876
0,3.784422380580399e-09
0,1.3874857854764749e-12
0,2.625332970625126e-07
0,0.1657427668378791
0,5.9934075968979085e-09
0,0.39077955456003016
0,2.161256442452651e-13
0,0.3135916680579784
0,9.681549182623754e-06
0,0.0015538564907260064
0,0.00890649075501242
0,3.396049005953492e-13
0,2.468876500777183e-08
1,0.8345114624072035
0,1.0429167000616775e-10
0,0.3843711586387595
0,0.002275079410576956
0,8.455900913485186e-11
0,0.33313788341608813
0,1.8172275183403135e-07
0,6.98180650137507e-09
0,5.716201270194905e-12
0,5.381614996457128e-10
0,0.39279361931996953
0,0.0022677908997751125
0,0.10630973756469657
1,0.04715063286163099
0,1.3667257754831599e-06
0,2.283846369826095e-08
1,0.552009676621499
0,0.5778445129834219
0,2.3422993098379065e-06
0,2.631772712891461e-12
0,0.14708377347547577
0,9.80448620685325e-08
0,7.424322980664584e-08
0,4.519599715837345e-24
0,6.0755569580838735e-05
0,0.10422982099394874
0,5.48019137891444e-07
0,0.029399040699344327
0,0.12013735651926047
0,4.5989995179748417e-10
0,0.6497720910054803
0,0.09335923703219116
0,0.19157950674289126
0,1.2490666039798402e-07
0,0.5861187779306382
0,0.4980059917214438
0,2.729506425945458e-11
0,1.163798040777907e-09
0,0.3007299934225656
0,0.08052411736852623
0,0.06862989405840375
0,0.479310982651811
0,2.911210583392394e-08
1,0.60195409609081
1,0.2382583236771445
0,1.911910938046496e-11
0,0.00018201913926450884
0,8.699529594841811e-11
0,1.3943305220714442e-05
1,0.41349903725806914
0,0.3118077079340194
0,2.6060519938471682e-14
0,8.943307714930746e-12
0,1.4667590664826863e-07
0,0.09846921068697065
0,2.3808982666698517e-13
0,1.948890741114397e-06
0,0.37885315759716004
0,4.595049098384731e-08
0,1.2956305458616373e-09
0,0.3777771537633823
0,0.003369044136802706
0,8.85939840552667e-09
0,0.41434808640579424
0,0.5432533753506228
0,2.900681180231881e-08
0,6.427214162785244e-06
0,0.016300130857242322
0,0.16742478789448056
0,7.473925296124653e-07
0,0.2365164454560698
1,0.3022370824641848
0,4.0458909071685855e-23
0,0.32433827398659915
0,0.016998936862128628
0,3.6027920721028644e-09
0,7.0285178603397616e-09
0,6.213646510529972e-06
0,0.17794700328354815
0,9.81938227083593e-09
0,0.13779559409055356
0,3.6938847708524143e-19
0,4.754603245599707e-21
0,3.5252004054565603e-06
1,0.3768888984748736
1,0.38532394913721524
1,0.09210498756788542
0,1.486557031775974e-09
0,2.194769911850562e-08
0,0.392884455079075
0,0.2277912306983289
0,3.093579017689401e-11
1,0.24761787614182215
0,0.007558883626548155
0,1.8333573187161637e-06
0,5.492384674620053e-13
0,0.12199516662611433
0,7.380804369211806e-22
0,1.2325356928435202e-10
0,5.018918935952291e-19
0,0.3121945683728256
0,2.6060519938471682e-14
0,0.09100803593876264
0,4.9941732730734074e-05
0,1.0411195126144076e-14
0,1.887938661312279e-06
0,3.0022978416577386e-10
0,0.11521148154466587
0,0.022584675896263725
0,6.555741705973434e-06
0,2.8523315004441014e-05
0,1.609147163245826e-11
0,0.08397393027235384
0,7.215548026867834e-17
0,3.45436590777441e-07
0,1.3330853883156315e-09
0,0.2722707674062708
1,0.41841508119109605
0,6.875652821317192e-23
0,8.815726211473095e-05
0,6.580629529657548e-08
0,0.2962529773556236
0,1.8873982373977043e-13
0,5.275923741358725e-10
0,1.2865203402782616e-14
0,1.6459822146735713e-13
0,2.953712978421708e-14
0,6.610317895828059e-09
0,2.641615199683615e-11
1,0.2947025056791616
1,0.16346881960418527
1,0.4448680037211881
0,0.0004231965959175371
0,0.08046654217122022
0,7.120377196185349e-16
0,0.26536223087820704
0,3.066472637214762e-12
0,1.7765339460492803e-08
1,0.9079816431756241
1,0.18431527374649898
0,0.143934987006867
0,0.05719951575270414
0,0.2750101209358639
0,0.4526708175848828
0,4.968583593626646e-20
0,1.231731082904901e-06
0,0.10500272665111898
0,1.089268587701801e-05
0,2.067478317200811e-07
1,0.9999991764589563
0,1.1451499258113622e-10
0,2.1642944567235063e-13
0,1.056591579809354e-09
0,1.7334460577120214e-08
1,0.026934786903400225
0,0.3138366228821583
0,2.3283772805103413e-05
0,2.313968009775432e-08
1,0.598573232861278
0,1.6863959997309124e-06
0,7.984673056468095e-07
0,1.9888582629500126e-05
0,0.00011231612254874199
1,0.29282985847434273
1,0.26972032863994994
0,0.0035174637321486743
0,1.4988458765810006e-14
0,0.28702845553275746
0,0.20931232137062336
0,4.771599086088407e-13
0,1.5444063400022658e-08
0,3.510445509029657e-10
0,2.621492532316969e-21
0,3.235317610829734e-07
0,2.395697225381702e-08
0,2.639282114531827e-12
0,9.135635649652631e-09
0,0.12937050465313135
0,2.247541008982624e-06
0,0.07808442287723673
0,0.5294428975570694
0,3.1535517883841388e-12
0,3.5360835142209622e-09
0,3.3610356977951496e-14
0,2.453298813655722e-11
0,0.12953755616104276
0,5.257790020183767e-08
0,3.152672837027862e-11
0,3.847476633550603e-05
1,0.29579909404745974
0,0.38044715744121665
0,1.507423979020701e-10
0,1.3063473889570684e-17
0,0.07970896460390337
0,2.562454474439675e-13
0,5.053757992511913e-11
0,4.995054092729817e-22
0,1.7069422848659954e-14
0,1.1926999723000114e-05
0,0.000226583526635351
0,0.08485397173115175
0,3.081013474888277e-10
0,2.796745782179689e-08
0,1.1130832030924125e-05
0,9.410302579986425e-08
0,6.748505669746174e-08
0,1.1767827229108735e-14
0,0.1752071234265299
0,0.10634333665289604
0,9.446969219973078e-10
0,4.8264376319391215e-21
1,0.509605326982535
0,0.0105139015381243
0,2.3548052032191056e-10
0,7.639033820394121e-06
0,8.305222378898364e-22
0,4.286577353257224e-15
0,2.7459471721441087e-11
0,8.433228006259603e-08
0,7.1824802188793134e-12
0,4.9966311463221893e-23
0,0.003575043945842184
0,0.00014428604583035368
1,0.1822811648109211
0,1.5247040568400148e-09
0,8.828734603183074e-09
0,8.900215340832398e-16
0,2.3865212665070514e-10
0,0.1429201086497089
0,7.266790423763997e-12
0,3.301261141523495e-10
0,6.581153116315786e-22
0,1.4611032434994603e-10
0,0.019058649677463877
0,6.812410439718269e-07
1,0.5155049918610046
0,2.501420946261599e-21
0,2.255440232884278e-05
0,0.14031278449622786
0,0.07156229793575607
0,0.15981007294693952
0,2.099465654297173e-06
0,2.23705864090485e-12
0,0.28155471084078276
0,0.5153504963169462
0,0.2594341587209443
0,1.0581224660909634e-05
0,4.512437698686445e-10
0,1.2275331679871665e-10
0,9.50355640255079e-13
0,5.365821546077822e-22
0,2.262956608799009e-07
0,0.12201944398089748
0,4.096215114897028e-22
0,9.782291722341995e-22
0,1.097063025996874e-12
0,1.3666388323484918e-13
0,6.159901065033592e-07
0,2.7142311983635013e-11
0,0.4466790574809482
0,2.0096045039538227e-18
0,0.014775381530318037
0,2.050552295914358e-09
0,1.768632227479651e-05
0,1.0020668509084408e-13
0,1.9248668996111552e-05
0,5.631803535408282e-07
0,0.05900307436716171
0,0.4224305302677809
0,7.32854337883294e-07
0,2.0758970450181914e-10
0,0.14420722835704272
0,3.5435797177868395e-16
0,2.8303409780554497e-12
0,0.10031209479750972
0,0.31774033838878624
0,4.8115304996686756e-11
0,1.443762958841115e-05
0,1.6832164143434932e-08
0,4.1668332771459575e-09
0,0.20182855921976484
0,7.686618522936438e-08
0,1.2731051352389969e-05
0,1.6825412574847894e-10
0,5.192451368561534e-06
0,2.752152114144551e-08
0,0.5153178565109998
0,1.568918778386517e-15
0,2.7395437231853343e-07
0,4.850954208819026e-09
0,4.9332723176645474e-11
0,4.3425538674703866e-11
0,9.420161063390053e-05
0,5.316892687422073e-23
0,6.097891559526969e-19
0,4.596176693869354e-09
0,9.412764264455304e-12
0,2.9787184036128525e-10
0,0.1948521214224469
0,7.865272630425897e-11
0,5.170976757327592e-12
0,0.01711755459176519
0,0.230601993597158
0,3.953833824102805e-06
0,9.177290402303195e-06
1,0.40778187297106716
0,0.46007001662697306
0,0.0016668022986056643
0,2.555279184383762e-14
0,0.27160289864396964
0,4.846031269717003e-23
0,1.522602674886416e-15
0,0.24204604838271124
0,3.006790167337774e-11
1,0.385329722195488
0,3.7338674283649715e-05
0,6.81190139827742e-09
0,4.1983712834291397e-07
0,0.008966635612816307
0,0.502432963895518
0,0.2694582327681579
0,3.282013641653889e-19
0,0.3559134123946305
0,1.9367773045898465e-10
0,0.17294711537966975
0,1.0770276909276765e-22
0,0.42962651578157723
0,6.427156414046705e-08
0,0.00882371880935208
1,0.4805588841968885
0,7.296313165291145e-13
0,0.27293556221257387
0,9.094648049804413e-08
0,1.937355427555083e-11
0,4.119691904875276e-05
0,4.802554688709208e-09
0,0.3093626161766047
0,0.19546144045907313
0,1.1317636762651248e-06
0,2.7373433571447923e-06
0,0.1106606403515019
0,0.11815042272588981
0,1.0166900786408644e-12
0,0.13054933402563237
0,0.0019594085489579374
0,0.39591969804931726
1,0.9161644572829095
0,2.373262056918607e-15
0,3.924235657008581e-08
0,0.00016434470513987495
0,2.2909274942786098e-11
1,0.3836626469859129
0,0.13533309689311607
0,1.950936051836957e-15
0,3.960016823511531e-08
0,1.6382262432334036e-06
0,1.2508603943609196e-08
1,0.41284395011368946
0,9.334733648024296e-10
0,1.5690475224791025e-11
0,1.1162789478004794e-07
0,0.2577614403235089
0,2.2966828980903882e-10
0,9.928806443076309e-09
0,2.8550222656363116e-12
0,2.974397393437563e-09
0,0.23574635174927822
0,0.09706407701525455
1,0.1516973688949156
0,4.530550662189321e-23
0,1.3287634057985624e-10
0,0.7801068466433658
0,0.001853012104789805
0,5.581391564839681e-07
0,5.1947867164746166e-18
1,0.24496032235732687
0,8.996684648967495e-13
0,2.1541889068311222e-09
1,0.5300146606811226
0,9.061701139981504e-15
0,4.972710335840219e-07
0,7.9523633774009e-14
0,3.3818859533125363e-09
0,1.2542750575881895e-06
0,0.5370927635813558
0,0.2468676795836347
0,3.582460281895244e-07
0,0.00012786604641233353
0,1.0352741533091987e-12
0,2.0780015980050978e-09
0,1.7588646520833815e-08
0,1.8826480769873133e-15
0,7.34541885716853e-09
0,0.06043701567141424
0,1.2208138707742865e-11
0,1.194315239259686e-08
0,0.0004636216446833628
0,0.02031423156917514
0,1.686977481929425e-10
0,4.530550662189321e-23
0,0.10250889122684845
0,0.13805790263374848
0,2.3963099086658584e-09
0,1.4931559373570267e-10
0,6.899166572242015e-08
0,4.195897519211919e-07
0,9.103205360118451e-11
0,5.079830543632955e-11
0,0.05755758114669052
0,0.37310277936764924
1,0.6510172048563823
0,2.134691704243356e-10
0,0.11111529887446725
0,0.3726344322378946
0,0.4053065927818186
0,0.15145944738648076
0,1.8794232546392852e-12
0,0.09454997785498076
0,2.89369661046478e-06
0,1.4026633779862593e-22
0,8.46591564965624e-05
0,0.05896239504170656
0,0.2869708981201578
0,0.34779568343309214
0,7.769034627390768e-07
0,7.554434407446131e-09
0,1.0682219873573641e-07
0,1.92616530503726e-09
0,0.12026282882160655
0,9.914229667608107e-07
0,0.37130713531583986
0,3.529149908779735e-08
1,0.6249905177327311
0,7.166165091125887e-16
0,0.274036412112058
0,0.7440538723089513
0,8.960774572791991e-10
0,1.8007767875421746e-21
0,0.0020222345522445512
1,0.520032020367881
0,5.119164303973477e-10
0,1.4446940356175277e-10
1,0.2502561486495371
0,8.221854024202194e-09
0,0.30653118117577793
0,1.2685816625368416e-12
0,6.9468013993109086e-09
1,0.46235748351015893
0,0.45185062633621687
0,3.7432746481816887e-10
0,1.1790631286253857e-08
0,9.54181376309648e-21
0,2.6658249375803915e-07
0,0.7905771900426036
0,1.1023616262422113e-08
0,0.15886699495596684
0,0.218406959587875
0,2.1822739786320546e-10
0,1.7640669689242068e-10
0,2.0217667061690693e-07
0,1.232617374613379e-12
0,6.939986638374608e-08
0,2.565244245261039e-06
0,4.684868751445855e-19
0,4.539841688933719e-15
1,0.4380384551497363
0,1.451049317781971e-05
0,1.67289237014797e-06
0,1.1837753325645349e-08
0,0.01782415923111154
1,0.6485511766672724
0,2.5425009079341875e-08
0,3.874516671912719e-10
0,0.11671634167717797
0,9.156830280100396e-08
0,0.12103077780891382
0,2.3032760167336207e-08
0,0.14657336579214775
0,1.9359598625239922e-19
0,0.004360111695142287
0,1.0924296406589138e-11
0,0.4433725515116653
0,3.6323098001873116e-14
0,1.9621835990278518e-07
0,4.235619310235731e-15
0,6.412037993962431e-10
1,0.5603790620751233
0,1.0657478906711918e-09
0,8.569407880746761e-13
0,3.498203972295018e-19
0,2.7192527926472004e-08
0,1.108971596434566e-05
0,5.66003167742143e-12
0,1.5996986283147463e-11
0,1.1686586677189108e-11
0,8.087847686340907e-08
0,2.741756556174945e-12
0,1.1600467662521697e-21
0,7.881510159231528e-09
0,4.2495679657669554e-14
0,1.0144053505164768e-10
0,0.04543663826764797
0,2.30773427775034e-07
0,6.98435173036174e-13
0,0.09712159363688264
0,2.5383321450032767e-21
0,0.21794256457333117
1,0.32296705566923695
0,5.233572865239505e-12
0,7.740458229436383e-10
0,2.4346023308014765e-09
0,1.7837804667934224e-06
0,3.438040896208879e-06
0,2.858150143505599e-06
1,0.7547770234946442
0,1.1453673799433484e-08
0,1.3431626912285056e-08
0,2.6272648906860883e-12
0,2.3047416371587543e-15
0,5.525797242799138e-13
0,6.313792579732178e-12
0,4.776238433880941e-10
0,0.3745039154577519
0,0.1803877009534005
0,7.990514872349331e-12
0,6.094069258731217e-07
1,0.20359231707738415
0,2.9019514569515427e-09
0,6.552221558068388e-08
0,0.23436919121560323
0,0.34939950285544563
0,4.918110577160469e-07
0,1.568918778386517e-15
0,1.7201171728465614e-21
0,0.06202366224754578
0,1.4184281914018426e-07
0,4.9654490751213507e-17
0,0.2680545289634316
0,1.2230271267030097e-15
0,0.36253287383931093
0,5.586363178524088e-05
1,0.43804019013009027
0,0.5135759817733101
0,9.609707027701841e-06
0,0.00020483300193351855
0,0.002458939252264691
0,1.1452004553073061e-10
0,6.909227923344513e-07
0,0.12663744034831456
0,1.0636122790604876e-07
0,3.112399853695071e-07
1,0.36685924435439776
0,0.04936683941688637
0,8.900215340832398e-16
0,1.959312961432153e-06
0,1.5672328423253688e-11
0,1.5745418603605828e-11
1,0.8002474202804011
0,6.004670316783869e-23
0,2.177930400565258e-15
0,8.900215340832398e-16
1,0.08960260990174974
0,4.6735565780791914e-14
0,8.763040598261154e-05
0,0.36111308600625314
0,4.5989995179748417e-10
0,0.08136831277692133
0,0.35809090686515976
0,0.11289561121155044
0,0.0021035481657871833
0,2.3580538163473747e-06
0,2.2738669153052977e-05
0,0.41810414828044873
1,0.27078313806481374
0,2.2400823271560103e-12
0,1.4770593078013073e-09
0,1.5386379143100224e-16
1,0.46487803407779343
0,0.24781340176535513
0,2.876130368440535e-22
1,0.44640288103754067
1,0.18630608899113918
0,2.284501931398014e-09
0,4.304598552642225e-08
0,1.0505011289256091e-09
0,0.38423648716235126
0,6.8761654818589966e-12
0,4.642267781812417e-13
0,0.2663077068320287
0,1.3197146216295961e-12
0,1.194635387722149e-15
0,1.2801043097486913e-08
0,1.0862790238254419e-08
0,1.5039140056472685e-07
0,0.016869981466902353
0,2.8427248519257256e-10
0,0.3938797688553463
0,1.532770847108239e-07
0,2.5868966469565955e-11
0,5.160809452820089e-05
0,5.99815147079411e-12
0,6.016893193405172e-13
0,0.2494193172435366
0,7.022025431991607e-18
0,0.00028288353047597846
0,8.775322746967157e-12
0,0.00011335864215043006
1,0.38660632387918364
0,2.6507207111757717e-09
0,0.16487565983831862
0,9.755466752930333e-12
0,0.03239565561500139
1,0.19552133519680104
0,0.4184371068562336
0,0.0003112438519451492
0,2.576809140341683e-13
0,0.39681808007462965
0,2.8439393759463556e-10
0,8.729545883249148e-08
1,0.32692127275988625
0,0.12549528422348794
0,6.056840800283417e-12
0,3.5221393345241586e-12
0,2.9423829406694597e-10
1,0.4270915039227898
0,3.569998257722847e-16
0,5.816483882232223e-20
0,5.482657131970536e-13
0,1.0880193458659247e-06
1,0.5808777816764759
0,0.23255900946822083
0,1.3903245496552278e-11
0,1.8070770563402813e-08
0,0.571590970672996
0,4.1328044147816745e-15
1,0.37823616417008793
0,0.13019631723432137
0,1.6697496729668244e-08
0,2.7459471721441087e-11
1,0.42044946043926473
0,4.0516816331134095e-06
0,0.13690077240133017
0,6.623671823505389e-12
0,0.22582040714991133
0,4.248741880259777e-07
0,2.051943982586302e-08
0,6.397525102211657e-24
0,6.948197157779757e-05
0,0.0052326329751647875
1,0.43548257729356576
0,3.217892442895851e-12
0,3.837903877276599e-09
0,0.4790534444526556
0,0.1174653695927993
1,0.35046981188687065
0,0.19460113439420296
0,9.92426559968219e-16
0,2.150204617832147e-12
0,1.4849543630726247e-18
0,2.028762369822682e-07
0,2.517927950396773e-13
1,0.1247950482633168
0,6.875652821317192e-23
0,0.012879706020836193
1,0.26751478771638815
0,2.2109564851140706e-09
1,0.2955528433119149
0,5.962326206368096e-09
0,0.26542102564311915
0,0.15994895553435773
0,4.122298065239686e-09
0,6.172565416252652e-11
0,9.165200961154066e-13
0,0.3151546435500186
0,0.00011805424798153174
0,3.33870836066312e-08
0,6.248836001329042e-08
1,0.26751478771638826
0,0.00010935815974746412
0,2.021766706169073e-07
0,0.011632595157085401
0,1.603070847419206e-11
0,8.099981400275792e-11
1,0.557592733281673
0,0.20109275148628378
0,0.3423140215458465
0,6.42257837610226e-08
0,1.5367797507923764e-09
0,0.1301992326329043
0,2.2896503310602736e-12
0,2.161873616456669e-07
0,9.697516948273291e-16
0,0.18809320466517557
1,0.43325060483800204
0,1.2215982142298143e-08
0,1.9555506695412554e-10
0,4.977448558001963e-11
0,2.7281694560792985e-09
0,2.5401295678879805e-15
0,4.096215114897028e-22
0,2.507325645178799e-13
0,1.298946644072661e-20
0,1.0685687906624008e-22
0,0.03404492303551045
0,3.449466977950682e-08
0,2.896027761523312e-13
0,6.975514646357736e-21
0,2.2958063025477793e-11
0,7.923125738746868e-09
0,0.0972508917197468
0,5.644102753157167e-05
0,1.386947298388277e-06
0,0.0030955741202284364
0,4.5867681447218265e-24
0,0.01134107519928653
0,1.4012793763590258e-07
1,0.41788157639098544
0,1.2453339007869062e-20
0,6.548725825550192e-10
0,1.8013593889661667e-22
0,5.521291613594638e-10
0,2.1633906558747036e-19
0,1.9718779135979178e-12
0,8.29531084191161e-06
0,1.0191890269363957e-10
0,7.989537984474288e-12
1,0.7801068466433658
0,0.09087400231519711
0,0.2644133405368321
0,0.12078851991633018
0,8.665629451099629e-09
0,2.1306423873691656e-17
0,4.931405596476841e-06
0,5.938070802103014e-11
0,0.1856321577447816
0,2.417408514549102e-12
0,5.7026261907287e-13
0,1.2501677127214221e-07
0,0.2158573235103223
0,2.195756353324509e-19
0,7.874962432872658e-16
0,1.804640660715618e-12
1,0.22793144199872803
1,0.3171573918820161
0,0.054237114436371726
0,1.1215302849870392e-11
0,0.09261918722396183
0,6.960782531186242e-16
0,0.3726932304194885
0,1.1727416628993667e-10
0,3.0311332673660805e-22
0,2.3573408324591762e-21
0,0.006167229524062029
0,6.99806346446086e-07
0,0.3006781958386206
1,0.3420009066022341
0,5.3004130537864514e-17
0,4.21674983725836e-13
0,0.10994425226857273
0,0.00046376661616950355
0,0.3640679998498392
0,5.616398177756177e-07
0,0.0022531047506268095
1,0.6161068361414359
1,0.5073876767249893
0,9.483788494410433e-14
0,1.1255409917549107e-12
0,8.876483602991163e-05
0,4.6429189660181253e-08
0,4.573560344074671e-12
0,1.5238500443408538e-12
0,3.747733891393204e-06
0,0.2677426284479902
0,0.30072323508109267
0,5.15739063483257e-11
1,0.9013635523186349
0,0.02269487154447138
0,8.158545938467035e-07
0,6.624086720250248e-13
0,0.13949730896928889
0,2.0511448530057904e-07
0,3.891051143944091e-08
0,1.6773739694981851e-06
0,4.50667804240245e-08
0,1.182853320840837e-12
0,1.1062689942125592e-05
0,3.500064492439262e-07
1,0.41859227826763645
0,0.2503340067819485
0,3.480938960009292e-09
0,9.862596805911332e-06
0,0.05790672378338628
0,2.695958354514356e-06
0,1.221684805697266e-08
1,0.1617550374368879
1,0.4268443358256403
0,0.008500413389573122
0,0.054994192987048114
0,0.40131270942513847
0,2.776916492737995e-13
0,0.09431596878534443
0,0.6587027833491313
0,3.3330543186669186e-09
0,4.7769667226493e-10
0,1.185987102037407e-09
0,2.0396272849228164e-06
0,2.745947172144099e-11
0,5.7634312045173516e-08
0,0.0633470111645535
0,7.248855387186401e-06
0,9.179209456645971e-13
0,0.07863168606805696
0,1.568918778386517e-15
0,1.0652138497718198e-09
0,0.42580791376460697
0,3.6622047118316517e-16
0,0.21401417689855703
0,0.3323294014008049
0,0.3474252040048238
1,0.7756730242752959
0,1.2474562946111213e-06
0,2.842176525984888e-09
0,0.16766727355161692
0,4.43670754960453e-15
0,9.458584933820286e-17
0,5.65714657806159e-12
0,4.642267781812417e-13
1,0.6804919050767173
0,1.6109918871328179e-10
0,7.725768035045465e-15
0,1.192150067301694e-11
0,1.6570189903903715e-11
0,0.3290712847207483
0,8.909667129687592e-10
0,9.202946247043907e-11
0,8.575793420069327e-11
0,2.2840783136571225e-05
0,0.07058868599688149
0,1.7988454162270134e-11
0,1.28398720920635e-10
0,0.001329055722671092
0,1.5507960966622059e-12
0,0.10171890803223722
0,5.705746973574862e-10
0,5.041221018478123e-08
0,0.16060846869217174
0,1.2585162035941188e-17
0,2.3518160346579018e-21
0,3.0311332673660805e-22
0,1.653213981345086e-14
0,1.1798654829486498e-07
1,0.07204963814054387
0,6.079614504929698e-16
1,0.7481486190799556
0,1.8432884587642663e-08
0,0.6626297040266201
0,6.286009611678542e-10
0,0.0007266940670565252
0,2.855410672752563e-07
0,0.43502146306896644
0,2.4770772180773997e-07
0,5.272859781677112e-19
0,6.581153116315786e-22
0,0.2667798122174311
0,6.495506200612623e-10
0,1.2390752023519078e-05
0,2.9996261006197437e-19
0,4.5715703693310544e-09
0,5.8350556289508266e-08
0,0.00010584552581850133
0,0.2894866571971754
0,1.589786507631366e-14
0,6.854365237731196e-09
0,2.3744722472119195e-11
0,0.5369058506076815
1,0.5033193548556523
0,1.5914953805088726e-07
0,0.16639614717576
0,4.1769784884620734e-13
0,0.4346998457905365
0,1.0401225068464372e-10
0,0.06892489864975596
0,0.1698397878784602
0,1.3869798305256317e-05
0,3.22458788920713e-05
0,3.956129293900752e-12
0,3.772709922667436e-12
0,3.6413473107003425e-07
0,2.3967513380256192e-11
0,1.2806800873868995e-22
0,0.0020363814746566693
0,2.0046944094246738e-14
0,0.0889093158629299
1,0.6999437512156585
0,6.001117808019916e-13
0,1.6924439434093351e-12
0,9.932842336178655e-19
0,1.3860226733908634e-10
0,2.5306854291628555e-17
0,0.0001682027701535011
0,0.02126961911311666
0,7.739419791593184e-17
0,2.7127794220126653e-05
0,1.4761028142110702e-06
0,2.6631283335243665e-06
0,4.204629035815566e-07
0,3.928480633113776e-05
1,0.6082180290880637
0,1.0986324540779539e-11
0,5.0152000694541554e-09
0,0.48460705422899486
0,1.7475142286148767e-09
0,2.7654880969265346e-07
0,1.6445070281834779e-06
1,0.06341598552446853
0,5.715798455215838e-06
0,4.468338331281392e-15
0,4.621710569113218e-10
0,0.05263995915982736
0,0.2538794638604003
0,0.5645210893034373
0,1.4401334059907932e-07
0,5.544942548315541e-12
0,1.9251766335433996e-13
0,0.06208658719804587
0,0.28345426887482394
0,1.989046506891056e-06
0,6.947694536566975e-09
0,1.5203303817507843e-17
0,0.10295121680266625
0,0.10892522148527264
0,9.435235042489482e-08
1,0.16711685051291472
0,5.794730938717883e-06
0,2.1901281904490252e-09
0,2.9423829406694804e-10
0,2.2346812772128922e-07
0,7.120377196185349e-16
0,4.560216188127059e-09
0,3.282013641653889e-19
0,1.915522529993693e-10
1,0.231280203122193
0,2.727264992279402e-13
0,1.1141552157824255e-10
1,0.0808772961586478
0,2.321882794306626e-08
0,2.121745587756998e-05
0,3.781078730912784e-08
0,1.3279645204625253e-22
0,1.4255376211819517e-06
0,0.512203259412196
0,8.7845301764036e-22
0,2.116842471199399e-08
0,0.009075154456973085
0,5.84243700814585e-09
1,0.07850940645439315
0,6.870393498571893e-13
0,0.2878786172975503
0,8.399977457043017e-08
0,1.511283709980587e-13
0,5.48384923258241e-11
0,6.201517569367711e-13
0,9.095156485379111e-09
0,2.1193868592767534e-11
0,0.4152755709445675
0,0.08585946200665924
0,1.4040077248355649e-11
1,0.4043502757990833
0,8.900215340832398e-16
0,4.744591380392675e-13
0,2.6296091734588284e-11
1,0.7644885150764901
0,1.3459793819239907e-10
0,3.1912879622332227e-09
0,1.0448932784770037e-07
0,0.0942563667284749
0,3.0118203424078733e-15
0,2.004866422574973e-11
0,0.004034639005562768
1,0.06145562489990574
0,0.0012430935508163862
0,3.45436590777441e-07
0,0.16058506973957087
0,2.3518160346579018e-21
0,0.1094988463215787
0,0.16911798649807516
0,5.342083196179084e-13
0,4.755506668659649e-11
0,0.8642095341490126
0,1.5319509773308568e-15
0,6.015663438496973e-14
0,4.75165340775619e-08
0,0.3781120095902369
1,0.2778936290906471
0,0.1339827042979248
0,0.6182186095956695
1,0.26127384898663714
0,4.315520008048044e-20
1,0.4122166824986547
0,2.8601265676123253e-22
0,3.6143431565603677e-19
0,8.952080806322403e-10
0,7.4470684683361524e-06
0,0.4204909786067082
0,3.010323487899068e-12
0,1.409442348010084e-06
0,5.921059872043728e-07
0,1.008048820967682e-21
0,9.045278046977447e-05
0,0.6003128774065273
0,1.9146308963733656e-17
0,0.30503233345773717
0,1.0816516392705068e-13
0,0.26422474396272916
0,2.894110804323679e-10
0,1.0085006032851622e-07
0,0.11710467015199083
0,0.0699060897489529
0,6.459354569390251e-05
0,0.02054803298794339
0,5.241743254248262e-14
1,0.33364809372082244
1,0.19510510655726387
0,0.06125641137943177
0,0.02424547922232782
0,7.383226477341717e-06
0,3.462951156689512e-13
0,0.0005155522417926875
0,4.38515036282472e-06
0,3.132808935610402e-13
1,0.5285237946240959
1,0.12536347709627443
0,0.17820217912502576
0,4.361355430653642e-15
0,2.176692002839336e-13
0,1.4430886856287655e-15
1,0.29976077131446427
0,0.19225611980722582
0,2.688425615952757e-07
0,3.0311332673660805e-22
0,2.2285424540713972e-09
0,5.3004130537864514e-17
0,1.2165158385525219e-12
0,0.41110742109747206
0,0.17433077065746694
0,2.577754555139567e-08
0,1.50146260408117e-10
0,0.001260654031309472
0,1.0082982220837748e-11
0,2.3984503158981173e-12
0,3.7972430840147265e-05
0,1.4534697957407099e-12
0,0.1040706188538388
0,9.848205493092873e-05
0,0.49940102784867724
0,1.5971686121636886e-15
0,2.8075736351778523e-09
0,2.866550809805857e-08
0,2.1243011588164343e-12
0,0.40093700723343073
0,4.242712198158748e-14
0,1.2193372475139966e-11
0,0.6432810298054398
0,0.2581315648256312
0,0.06615311620621286
0,1.2667956525816156e-21
1,0.6757729727062259
0,1.8525049610897606e-24
0,2.866550809805857e-08
0,0.0001632095620073075
0,0.13130768495778894
0,1.5209009543920057e-07
0,1.468200807006926e-09
0,0.16895197478173044
0,0.028235526836130977
1,0.44440955020236605
0,3.498203972295018e-19
1,0.3799661592172309
0,0.1656687727594091
0,8.460301893634096e-14
0,1.202273566954912e-05
0,3.552607589851277e-05
0,2.882617509267711e-19
0,0.4763161097723908
0,1.666787117341402e-11
0,1.2476395839310752e-10
0,2.556981417331375e-23
0,0.00012508953452241146
0,2.3822078906038538e-11
0,2.472256416945967e-15
0,0.013720123866023452
0,7.120377196185349e-16
0,1.3045462827752004e-18
0,4.628731702828165e-07
1,0.46087866711007924
0,0.29527280063531125
0,7.897290113117526e-07
1,0.4306754214993851
0,0.02354938642300916
0,0.12286073676482415
0,2.8202456003579984e-05
0,4.2811247282317237e-10
0,2.1647074412689085e-16
0,9.915517303162772e-11
0,5.256343674505203e-13
0,9.526962360540121e-07
0,2.3557969993175067e-08
0,0.43481058732625816
0,1.4226153041084996e-08
0,1.5971686121636886e-15
0,5.8027743860024e-20
0,4.018253311399055e-14
0,1.772195450977728e-07
1,0.40164238086201515
0,2.5621932636044843e-12
0,0.09221335717916705
0,0.327973512603511
0,3.542499829673388e-16
0,9.814244267138778e-07
0,3.3452827881678903e-10
0,2.48993733359595e-13
0,1.501215688336525e-10
0,0.4842908577774769
0,2.6672281008726025e-15
0,2.7968908237151905e-13
0,1.700619944419269e-09
0,1.6153765040958756e-13
0,9.736731529744858e-10
0,1.8794232546392917e-12
0,7.773385474145134e-10
0,4.402710294695456e-21
0,1.4237342373118536e-11
0,5.98450449455024e-10
0,0.3939429561461301
0,2.836765919648704e-22
0,1.1402552260603428e-09
0,0.09017430823567252
1,0.12837047133030033
0,1.7422002944977888e-13
1,0.24438748082075162
0,1.1744254783229689e-05
0,0.00015349789650547074
0,0.028198067552769913
0,0.42045053459547077
0,7.120377196185349e-16
0,0.5259576508695222
0,4.7400891150121765e-21
0,0.5022272586240412
0,1.670520287738687e-08
0,2.1806965797803973e-19
0,2.6086829648850802e-09
0,3.232675284003921e-12
0,0.3433229003079953
0,2.0096347366410253e-19
0,2.428764212828645e-13
0,2.93658446264499e-07
1,0.08950322876479509
0,0.004545132870202828
0,0.44742457390478796
0,0.18435211278665653
0,8.644651683840291e-09
0,1.560347440586981e-09
0,0.001904088173693942
0,1.2371801575499324e-15
0,0.06231420493779895
0,0.1379672516449594
0,3.2944174118492042e-21
0,5.411083009283937e-21
0,0.4278956607312232
0,2.3627481280709912e-11
0,0.4765323868593126
0,1.4236673900413452e-19
0,4.223419749864663e-09
0,5.4566127448545484e-11
0,1.2836894419813941e-07
0,0.5683504859957541
0,9.708866531421257e-12
0,7.808037780792986e-10
0,7.671395971646954e-10
0,2.3922152549658537e-10
0,0.5674708403092369
0,6.332368899684112e-09
0,7.970981553031331e-08
0,0.00021639861275248693
0,3.385126920367852e-11
0,1.8411620360823658e-21
0,2.4342580911462847e-19
0,1.2829061619220937e-09
0,4.8467936551262375e-14
0,1.6114158026013977e-06
0,2.189214850143391e-05
0,2.4723272619728157e-21
1,0.41885019981924726
1,0.517401532804694
0,2.92468328523509e-13
1,0.10573931118556944
0,1.5595527523720393e-16
0,7.521011381701921e-14
0,0.5044768477517633
0,0.15907308187466385
0,1.5971686121636886e-15
0,2.800075988137219e-10
0,7.047676047366831e-08
0,0.3465546307594751
0,3.913238561814905e-14
0,5.423563873244349e-07
0,0.51912938144414
0,0.11630007975587638
0,1.7514342178055432e-07
0,1.5344807525478467e-12
0,3.8494564575529955e-12
0,0.3536783958269671
0,4.999029990843628e-12
1,0.9603839636047157
0,0.08041463539969664
0,0.22751772683041088
0,1.625706735082762e-08
0,1.5971686121636886e-15
0,8.146002924601814e-07
0,1.0157500502710642e-12
0,0.0003798660214871933
1,0.13849866848677683
0,3.094597409459781e-20
0,0.22414475203892587
0,0.4327680830985278
0,1.5487278512212014e-06
0,2.4833449307236645e-11
0,2.3025871447453286e-06
0,2.257592440468698e-16
0,1.8148105581691374e-06
0,3.699381446378579e-09
0,3.4518812506483134e-13
0,1.9795419939616798e-07
0,0.19441600353137029
0,0.25834812523458206
0,4.789263884100978e-07
0,5.376828004260014e-08
0,5.200598440312217e-13
0,3.0925548291130083e-09
0,0.06549966524238521
0,0.44457802422640197
0,0.2941654835058542
0,3.6111460596711095e-16
0,2.2870890542297678e-10
0,0.3691630929778988
0,1.568918778386517e-15
0,1.31618082436626e-15
0,5.8427892738563385e-09
0,1.3671705976816708e-11
0,5.268983084504618e-09
0,7.120377196185349e-16
0,0.21539516214391613
0,2.852624746349558e-11
0,0.1210194655497935
0,1.5502235613072102e-10
0,2.0433864474155256e-10
0,8.257654985559242e-09
0,6.445835782630903e-07
0,1.4316956631089785e-15
0,3.226764629503664e-05
0,8.862840617267828e-10
0,3.1267488833235593e-14
0,0.18228273684500107
0,1.4362863592606893e-05
0,9.654826984675355e-18
0,5.3060831371700405e-09
1,0.6758805930470515
0,1.1020699413938676e-22
0,0.5077290044044234
0,6.727056688960719e-08
1,0.36192678473911405
0,1.9185241012437348e-14
0,0.00013521596072253977
0,7.364516901221817e-09
0,2.2302942867976887e-07
0,1.598596090618528e-12
0,0.024529590855374563
0,5.74643921159546e-20
0,9.217407510151066e-08
0,5.427212860159755e-22
1,0.05837992059786467
0,4.5989995179748417e-10
0,5.502360064541566e-15
0,1.5397737570216404e-07
1,0.35781717276978514
1,0.34178476536036706
0,3.175460719094933e-06
1,0.3014258048222137
0,5.906278850663379e-18
0,3.2251530739191733e-11
0,1.1707751852424155e-09
0,4.761230122837449e-09
0,6.408378805327777e-09
0,9.406602243487543e-13
0,6.8796155303560355e-09
0,7.177203283588931e-07
0,5.591622208841016e-13
0,0.003860562238920966
0,1.0278317201293164e-05
1,0.18512977311071802
0,0.1668957334763429
0,0.10887425048698504
0,1.9937694971633182e-19
0,0.17328387200570383
0,7.353966963554157e-10
1,0.5374465765752797
0,8.577586237559298e-09
1,0.2894239909772495
0,1.973638456813872e-08
0,0.042468562664907575
0,0.08609539101081241
0,0.0004218445237967642
0,0.0001569872029861831
0,4.5989995179748417e-10
0,4.841254757783631e-11
0,1.5127826144217715e-22
0,0.17742611561928787
0,1.4417022052137303e-19
0,1.3797344333176283e-07
0,3.8594183640553884e-13
0,7.089380402959129e-12
0,1.539126693722986e-10
1,0.3413351140303849
0,0.3746254167676675
0,2.543752677616204e-09
0,3.1070786599404225e-09
0,0.025195062257115396
1,0.4607968114961082
0,0.057105746706127676
0,0.13597670217653707
0,2.8306750349891572e-12
0,5.983506924557986e-13
0,2.0994656542971693e-06
0,1.0176833616973349e-10
0,0.19568667482247196
0,5.443068687693887e-06
0,3.1093470168823635e-09
0,3.062572164887094e-06
0,1.2984328236015033e-08
0,6.6011042886841355e-06
0,5.364471718288261e-12
0,7.59777632519477e-10
0,0.054257743549517304
0,3.778873559360806e-10
0,0.6399465840271099
0,6.628221416674694e-06
0,7.957994803621333e-14
0,0.20374193632490956
0,4.062216585623612e-15
1,0.2393573864650538
1,0.4262040101267803
0,1.5603198674858714e-20
0,6.0521963227837706e-12
0,5.816483882232223e-20
0,2.4695705951081297e-11
0,1.551361252864409e-07
0,0.3460539865731561
0,4.494053227171696e-06
0,8.56090823722681e-15
0,3.75867234761549e-09
0,2.1444011766470396e-09
0,2.110956327662743e-12
0,2.366623765836817e-12
0,0.07111167117211262
0,3.1324485490491467e-06
0,3.121787142025777e-13
0,2.9723627925046835e-12
0,3.3374727579519675e-07
0,1.6115564961235256e-08
1,0.03184562323281855
0,1.1024551605779052e-06
0,5.902785303606045e-08
0,0.03270852300232242
0,4.657458872361411e-18
0,9.057240514115419e-06
0,1.178557307104536e-07
0,0.034993936466735105
0,5.050407829997327e-13
0,1.6697496729668184e-08
0,8.868653330329355e-22
0,4.819128183765804e-14
0,1.0357493524376915e-12
0,4.096215114897028e-22
0,7.686618522936438e-08
0,3.132448549049158e-06
0,2.811451197286597e-13
0,8.56090823722681e-15
0,0.3679086105917232
0,1.6469232408587579e-06
0,0.18369707839059965
0,7.962765391624735e-11
0,6.0064958099278326e-05
0,0.45831410240279313
0,1.4713392310356879e-10
0,0.30898793493504373
0,0.3182737154335851
0,0.008428241272334104
0,0.03234644216169947
0,0.06748773719815636
0,3.002569913151902e-08
0,0.022305665504428276
0,3.2498062446922987e-06
0,0.27649474323582374
0,2.384679992337112e-08
1,0.2160578328780804
0,6.689183455358039e-11
0,0.11405351551555812
0,0.15393237270746818
0,0.05833782753805414
0,6.487785662530866e-10
0,0.03468212783289684
0,0.12688391986174993
1,0.5463129684243629
0,9.039191476690615e-11
0,0.02582600777693178
0,0.3936261080493243
0,0.0181843373310446
0,4.904314427243809e-15
0,1.1488014970418072e-12
0,0.3408601191215112
0,2.48358613067859e-11
0,0.332163372102216
0,1.322531312609495e-13
0,0.20717813834896154
0,4.342774248102513e-12
0,0.21860134628390435
0,7.902423945817933e-10
1,0.23123445836108925
0,3.7200095593860606e-13
1,0.25022046308057816
0,1.687726304831765e-07
1,0.9918264793132061
0,4.941407143297383e-09
0,8.37209054160449e-06
0,1.5045990063806388e-07
0,0.13609443096756021
0,7.120377196185349e-16
0,3.0865529074566394e-09
0,1.6190953004327546e-11
1,0.6650241000195535
0,3.398167343863738e-11
0,0.020104127278398266
0,1.4631572595359359e-09
0,1.559131760044895e-09
0,2.807241335834852e-09
0,0.42780489644086844
0,1.1869070401696595e-14
0,8.881099703417981e-08
0,1.1607078960441911e-11
0,6.654525185781198e-07
0,3.83296778570637e-06
0,0.06293426482931848
0,9.734651210347177e-10
0,3.004697015587526e-06
0,3.739855952794949e-12
0,2.4364105123241983e-10
0,3.5447146145699093e-19
0,0.44211358423496927
0,0.013045844002273098
1,0.3286309812308159
0,0.4565558727335959
0,1.568918778386517e-15
0,0.13823404028804817
0,2.060241038104068e-12
0,0.13677202608316663
0,1.160902664388042e-20
0,3.909844109138569e-08
0,0.24569715329503994
1,0.2103553858821189
0,1.425889255174103e-17
0,0.8779085585269663
0,0.07152423498544905
0,5.9527174128563966e-05
0,2.7022054863234496e-05
0,1.0493193404285964e-12
0,5.235130363354504e-12
0,1.0084922196056926e-07
0,0.011021553200198458
0,0.5019092735281192
0,9.423574019990088e-10
0,2.969728035863267e-13
0,0.286810943504551
0,0.0001172245281286797
1,0.818371221492053
0,0.5042799203478443
0,0.007120539146703728
0,0.20364261579840282
0,0.12423443161045564
0,1.4882639816008222e-10
1,0.35625456723401994
0,8.416897264588976e-15
0,0.40950747516537556
0,1.2916345041577479e-06
0,0.5339133703013311
0,8.348607379409368e-07
0,0.22452993845329206
0,7.765229058605153e-12
1,0.3344219009441625
0,6.632886037140974e-10
0,7.212751388645201e-06
1,0.35066072751776733
0,3.184829254648084e-14
0,0.00017060379801020587
0,1.947751397259663e-12
0,4.682548594081711e-09
0,0.16662199228724353
0,9.32260924936475e-19
0,2.0381376314942626e-13
0,6.314445565532987e-07
0,7.120377196185349e-16
0,0.0020732172514981305
0,1.0822725865838875e-13
0,4.5989995179748417e-10
0,1.583650542571501e-10
0,0.27576293454504913
0,3.0154034946352064e-09
0,2.064834013230694e-18
0,6.258373004124269e-13
0,3.435911366106981e-08
0,7.307350650172377e-08
0,0.11515786944914644
1,0.46379672277022527
0,1.350318111399127e-10
0,1.8609952153474557e-12
0,8.604254724406525e-15
0,6.8408988628766505e-12
1,0.4003664098395982
0,0.4705976940028761
1,0.16277731117092092
0,0.003575043945842184
0,4.7180333086749974e-07
0,0.35689765802202245
1,0.6356637209785809
0,8.682319194630358e-06
1,0.3084226144541777
0,9.462743108050892e-10
1,0.650155117276561
0,4.553537823782451e-13
0,4.219050723761408e-07
0,1.5971686121636886e-15
0,0.00810765970116917
1,0.43154120913079563
0,4.516034062499985e-12
0,2.3662831022261824e-14
0,7.160551047806837e-13
0,0.024519214473920446
0,3.561861298941676e-10
0,1.2785311228357828e-08
0,0.27788741300952646
0,0.3301725731900963
0,1.8600888589888584e-17
0,0.087610975401446
0,3.308100128082687e-14
0,2.5122397270513937e-07
0,0.1730897474667674
0,0.19156506869360876
1,0.1916835396667512
0,6.441334972445849e-07
0,1.3994837001194976e-09
0,4.734757602835084e-10
0,2.824436141525823e-09
0,0.018953928637094747
0,0.4497582425855645
0,0.2629935957654002
0,2.0653287695892527e-05
0,0.26237219199869827
0,0.31328838037751877
1,0.515018692886755
0,2.0217667061690693e-07
0,7.083502309501215e-06
0,8.56090823722681e-15
0,7.575069232802939e-11
0,7.217206921843658e-09
0,0.17250539072580529
0,0.2330126076248396
0,3.1600723484672867e-22
0,0.24462742039267546
0,0.26189537345834035
0,8.817127872797667e-05
0,0.396655245659419
0,2.1338835219601255e-20
0,2.98898577862388e-05
0,1.766860494465934e-12
0,0.3256270813165597
0,3.1704233345471676e-12
0,4.2582580384935925e-19
0,0.1165482708410808
0,6.819397357018722e-09
0,2.2348840485561592e-09
0,2.9371267858258446e-10
0,1.3912748099491596e-09
1,0.3684635932622591
0,0.32251576809903426
1,0.46951761143641
0,0.38003628227662684
1,0.6553196746309711
0,8.575557666105694e-10
0,3.134625088751434e-14
0,1.3907710458391442e-07
0,0.31245926495329274
1,0.5631107139363228
0,6.314088659482688e-10
0,2.4692851701159655e-11
0,2.399676961974385e-09
0,1.5964094789011325e-06
0,2.060676407477565e-09
0,9.677783656824212e-06
0,2.218374584336478e-07
0,8.900215340832398e-16
0,8.71376498520092e-15
0,3.7875531283635415e-08
0,4.51539791540248e-22
1,0.5413523268102731
0,3.466052577875673e-10
0,9.385739443533796e-07
0,7.11056594317886e-15
0,6.454168664692156e-13
0,1.568918778386517e-15
0,0.15839064843894834
0,0.4510665062998683
0,0.4043407100559374
1,0.37525285893846333
0,2.111387706456464e-12
0,4.4087507768009996e-07
0,6.12102352356972e-11
0,3.1089615526310194e-12
0,1.7080187860645521e-15
0,9.873084945869053e-07
0,0.2622025097958042
0,3.00665645466924e-10
0,1.3549011532723073e-06
0,2.3229603085585247e-11
0,3.1122900190570036e-11
1,0.5081719767499361
0,2.509408811674036e-13
0,5.965151410872952e-06
0,2.4760054098151724e-10
0,0.3353017463317623
0,0.003038646971884204
0,1.1439477616529017e-22
0,1.5178517107716268e-09
0,1.9260867459263226e-06
0,0.2764493784138453
0,7.736337120256282e-16
0,0.0049018321886516066
0,1.4123617879057266e-07
0,0.0005252909685363822
0,0.12880081827869158
0,7.185802839541882e-20
0,0.08468837184913566
1,0.7095811634613941
0,1.6503221127217923e-09
0,7.472177618387628e-15
0,2.5116237783072934e-12
0,0.005633520151598194
0,0.0024637063377097707
0,1.5290927852949181e-13
0,8.119512166156635e-15
0,1.3330415420570965e-12
0,3.8501673918413746e-07
1,0.23133488971004496
0,0.042034339836879916
0,0.6030460952160965
0,0.09616204174818808
0,7.120377196185349e-16
0,2.2495292363032776e-12
0,4.0996179224539016e-12
0,3.8633286322414374e-08
0,8.56090823722681e-15
0,5.693347099371804e-06
1,0.23749579404365534
0,0.4562818167710748
0,7.725768035045465e-15
1,0.4690210776417867
0,2.101311568016714e-13
0,8.539777485443646e-07
1,0.13425574609416427
0,0.2530266734944514
0,2.768987242240521e-21
0,0.2201966186749681
0,1.208743559081225e-10
0,0.43184220540439405
0,1.4335250659876881e-10
0,3.4115965548686047e-12
0,1.4628796582678712e-13
0,1.1854358606352632e-12
0,8.56090823722681e-15
0,1.0539795245036954e-07
0,4.397327980103623e-12
0,1.1077401396772026e-15
0,0.4451408753971274
0,1.1101275434827193e-17
1,0.29455446758917014
0,2.61581739710065e-10
1,0.49167096461573984
0,1.1135225111154154e-11
0,3.3367241416371215e-13
0,1.6472557007812724e-21
0,1.253777316367027e-10
0,0.03272878276748302
0,1.0200360697958805e-07
1,0.7187557118058713
0,1.421764779236755e-14
0,0.3395471855158745
0,1.39621120406187e-07
0,2.2382707974046933e-07
0,4.405514668097154e-15
0,0.004051033186556059
0,4.492946648980389e-10
0,2.7977504499946946e-10
0,6.247805249433579e-05
0,1.2751977085459586e-08
0,3.792428883150149e-12
1,0.7069830464155233
0,0.012920805434971653
0,3.676469724913266e-06
0,0.4490137796543708
0,1.4663803847271939e-15
1,0.11764870335207532
0,0.0026041036269494147
0,3.1685380271008056e-15
0,1.2618179854086543e-08
0,0.3439169360395781
0,0.241699373251253
0,1.2392599447426267e-14
0,2.1450416996248065e-08
0,0.3261154630762949
0,1.9407349040336519e-07
0,1.4460898485688265e-12
0,6.330486742302801e-07
0,1.4623004883319962e-07
0,0.34670565076247223
0,5.327219835446406e-22
0,0.2597823887516204
0,0.19985734678564634
0,7.214098943217124e-11
0,1.6384423935847982e-05
1,0.6872857572204559
0,2.0546093753344423e-14
0,2.0217667061690693e-07
0,3.315582955203268e-11
0,8.305222378898364e-22
0,9.235757279144609e-08
0,4.0402020535189505e-21
1,0.0452142838894528
0,7.176132238609648e-07
0,2.2924526451071587e-13
0,8.900215340832398e-16
0,2.0111984458499354e-08
0,4.409543485943171e-09
0,0.27568002150565946
1,0.3381051226638024
0,3.282013641653889e-19
0,3.2820992468920025e-10
0,0.28986658167719453
0,2.857890351425894e-06
0,1.073115835490854e-11
1,0.3307021919802713
0,1.0907231399231531e-12
0,9.473167547377783e-12
1,0.5294367904833056
1,0.5463392388270147
0,2.261231284340283e-11
0,0.20373422663091803
0,4.096215114897028e-22
1,0.23021294647078466
0,0.3882346581466848
1,0.42456053681306616
1,0.5270579189783778
0,4.096215114897028e-22
1,0.2779085908398876
0,2.8706277460417073e-13
0,6.449123173228745e-07
0,2.1060196875120003e-06
0,0.41927983458767504
0,0.06558507822864265
0,4.0893835377085515e-18
0,8.453716923855298e-12
0,0.08863217634186639
0,9.109890079523175e-09
0,0.2760011218163573
0,9.431117639080978e-11
0,2.5575144327207527e-10
1,0.4065056744589738
0,0.5923589747223418
0,1.6144556347751917e-11
0,0.20629747173861976
0,0.00029918690864252776
0,6.782254134350261e-17
0,0.12434012215152328
0,1.0461049025312315e-11
0,0.0013116356558870827
1,0.3024123450256473
0,0.38498622498799867
1,0.5238454816862217
0,2.718256271322527e-09
0,1.5502235613072156e-10
0,0.048603459377215184
0,6.0656972452493e-13
0,0.17700462416800503
0,2.806711040414624e-11
0,2.3124128398532797e-08
0,1.048663031212594e-10
0,2.700269938595704e-11
0,0.08044507863530959
0,1.7039683204222988e-13
1,0.5083878311749922
0,3.3578301995352003e-18
0,2.5209150444846902e-11
0,2.6060519938471682e-14
0,1.8224302779431036e-22
0,8.509393178098621e-21
0,4.564791261192178e-13
0,3.6727199240913904e-16
0,2.64265011624299e-09
1,0.15103440743186525
0,0.2221872017450864
1,0.2231986641939831
0,2.8664658995413e-11
0,0.4652795565674011
0,5.4519236265957826e-08
0,5.242794563704619e-12
0,1.3241348321076454e-08
0,1.1077268620404797e-05
0,0.14956244155151946
0,0.3988695675171681
0,0.2302756693855146
0,7.867883992038403e-06
0,0.2564163973485981
0,0.028767881726555044
0,1.633016175746635e-11
0,4.95663880337502e-10
0,0.0005335060970356843
0,8.514694168464139e-11
0,1.6046097804103287e-09
0,5.779725973097384e-08
0,1.1181410311403573e-15
0,1.2425918646251973e-05
0,1.568918778386517e-15
0,2.2464919150613968e-06
0,0.12326340986483217
0,3.498203972295018e-19
0,9.247283974888816e-10
0,0.1176079895859863
0,8.843656422445283e-20
0,1.6259542479315669e-07
0,3.6392550520809275e-15
0,0.16337002593181055
0,6.604516306910186e-19
1,0.2079514328159064
1,0.538832623108569
0,2.4896658097869605e-05
0,6.453768794160749e-11
0,0.3901193721113389
0,0.028409398040357105
1,0.24212702877747075
0,2.5025831662012516e-13
0,0.4556445256776385
1,0.27473660861031574
0,0.22509708238842846
0,0.04876663266153345
0,9.625844287195787e-12
0,9.536024651833935e-12
0,9.462026249666103e-09
0,0.00022256977217429628
0,0.2831530506033214
1,0.539088862627085
0,2.1495241832826908e-20
0,0.033296987969386606
0,0.12043545933475402
1,0.6767270478749012
0,5.874459564938645e-12
0,0.003488598149612774
0,0.003977743907751514
0,0.1261189249900371
0,2.0699714284573734e-06
0,0.42139062368443003
0,0.005057008153538717
1,0.6746230443373833
0,4.357288232469473e-09
0,0.022864760480167782
0,2.5859901268890917e-07
0,4.5989995179748417e-10
0,6.333012521304891e-23
0,5.956743934516955e-09
0,2.910966491127981e-09
0,7.884953275305309e-05
0,1.0753908112020488e-12
0,3.723958286765071e-05
0,3.595754503022566e-06
0,3.287988308922001e-05
0,0.027299096387348742
0,0.5087018639231908
0,1.0588968735978973e-08
0,1.0175300347346284e-05
0,2.318208002170102e-13
0,1.8103978064572023e-05
0,3.132448549049158e-06
0,7.201124106464774e-07
0,2.1514147368929267e-08
0,3.118037047575855e-19
0,7.361822630651175e-06
0,4.814296783481765e-12
0,3.089998717110426e-07
0,0.2714564085242468
0,0.33726730951617484
0,0.004467035830381624
0,2.3874659207665145e-11
0,2.1374880817245875e-12
0,8.477613754804475e-13
0,9.381239880012261e-09
0,1.2751977085459675e-08
0,9.654826984675355e-18
0,3.6113112221563623e-09
0,8.35696947882279e-09
0,4.54717172064486e-11
0,0.1112816317438722
0,0.12224351902352128
0,9.336695190900212e-10
0,0.016289594412792405
0,1.784881023925654e-05
0,1.5127826144217715e-22
0,3.5581200829420093e-22
0,3.5599133738915117e-10
0,0.5182795867934108
0,1.0669438552265541e-10
0,0.0513699841265647
0,3.69553394710408e-10
0,1.5451250885564904e-11
0,0.08079124684406516
0,9.196300018005525e-13
0,0.38462707641483973
0,2.045490963669729e-08
0,1.0082982220837783e-11
0,1.6348663281339698e-07
0,9.411861176302485e-22
0,8.13917439792602e-12
0,1.2880027108652515e-08
0,1.8056815487220527e-07
0,0.6011069371266554
0,9.847543559280444e-08
0,4.977448558001963e-11
0,3.432877398521234e-10
0,0.11482264308220132
0,0.09530497346684479
0,0.36796868513544684
0,0.14465100838596123
0,3.841828884111742e-16
0,2.969414521953e-06
0,0.0005889363759391649
0,1.6472557007812724e-21
0,0.11126095416504281
0,6.877493114700436e-12
0,1.5971686121636886e-15
0,0.5625139064435681
0,0.5126635824949762
0,7.882161657605005e-07
0,2.3323707566753566e-13
0,8.47391206687454e-11
1,0.050638828557874514
0,5.536165888242714e-06
0,0.22137902025071576
1,0.5515834946482358
0,4.8257038070227216e-08
0,9.080790649378478e-13
0,3.395521870305818e-10
0,7.670172266837097e-10
0,5.347214516971274e-11
0,0.08605076980446186
1,0.4614580634912005
0,2.657076509072919e-13
0,5.66002771972255e-10
0,2.214951634895075e-11
1,0.20899107316754445
0,0.18899295092681292
0,0.2839768771805558
0,0.5676029382088867
0,5.8696140469716885e-09
0,1.2599318655607392e-08
0,8.629639181667675e-14
0,1.5961697819407489e-10
0,0.0002656702193627606
0,2.133865900399218e-12
0,1.559644827494571e-09
0,5.931376516633586e-11
0,1.5088622712484445e-09
0,4.750041575438701e-19
1,0.17330010800544823
0,3.985978824559287e-12
0,8.787546655999263e-08
0,0.03639175640450302
0,8.333999466130499e-15
0,8.919260174399072e-10
0,9.892188780265958e-05
0,0.20588027915006002
0,3.5435797177868395e-16
0,0.38044390655971533
0,0.018153750424394526
0,1.8058017086175713e-07
0,1.2395110188706856e-15
0,0.01699821945831888
0,4.5989995179748417e-10
0,1.1040525101163231e-10
1,0.37229348298596543
0,0.11546723766971634
0,0.23513052253473
0,1.102932670543e-12
0,1.6239107277211282e-05
1,0.7731412713642485
0,0.006769164483857183
0,0.01998125936887343
0,0.3101384678797579
0,3.9921308616411865e-13
0,0.022483152583537523
0,9.09192616388196e-06
0,0.2977385699626611
1,0.11767236583946851
1,0.71560032452141
0,0.12317690772803044
0,5.816483882232223e-20
0,0.18988317637515179
0,3.351064395634463e-06
0,3.5481951079092346e-12
0,0.41379563048207835
0,2.3584100570064973e-20
0,2.5858498941505635e-12
0,1.5424036296250344e-08
0,2.1090837627201985e-07
0,1.6681750878917425e-15
0,9.547838712616806e-05
0,4.6472198438030084e-07
0,1.9479048222022786e-06
0,1.3029919628350263e-07
0,1.2279098300988384e-13
0,1.0064793140727638e-09
0,5.902565987135952e-13
0,1.1511047925301562e-05
0,6.379307507042002e-11
0,0.058854824806264
0,2.4567658066477485e-09
0,9.426604765942233e-22
1,0.19038417614096995
0,0.015611356931790362
0,2.2319735410118945e-06
0,0.1775841563311932
0,4.3828457935698977e-14
0,0.19401695610099476
0,6.593548858109704e-23
0,0.8241330579997015
0,3.5917046883580696e-16
0,1.0116468808981586e-10
0,0.15521995699887514
0,4.9768582651696956e-17
0,1.3874857854764749e-12
0,3.42649431559657e-21
0,0.36114440850057944
0,3.2438513321384103e-08
0,2.7380996806016916e-10
0,6.158734013355164e-13
0,2.54438942387843e-23
0,0.07889506301847504
0,2.281419401326093e-06
0,0.5624492523126386
0,0.1332571885533067
0,1.3858332897742199e-07
1,0.9091018588583517
1,0.14413467338197228
0,2.3838934475322444e-11
0,1.196712429065492e-18
0,1.4876685174819417e-07
0,0.016607490247224948
0,2.069053158724734e-11
0,1.4714853785769914e-05
1,0.6617405467516312
0,3.192633113354715e-08
0,0.12496261563169091
0,0.19157360113252148
0,2.6621618774231663e-05
0,0.32550296591867484
0,8.599883435543302e-12
0,1.3874857854764749e-12
0,0.12441734609485282
0,2.0705307383245426e-10
0,0.18261500060785507
0,8.463624738180338e-10
0,1.664005267701807e-05
0,0.16137061406698014
1,0.47427417974266334
0,2.171613372233612e-18
0,0.2029207309102659
0,3.959138316002374e-06
1,0.3439163493026432
0,0.061908807414199976
0,2.102838780848009e-13
0,0.08840802279724619
0,0.3250528547613594
1,0.4975722972014304
0,4.977448558001963e-11
1,0.23591371066373368
1,0.5057739516510258
0,7.72927731380445e-08
0,7.108224331287469e-21
0,1.0214027162054326e-07
0,9.942997848837335e-12
0,5.287248319247554e-05
0,0.04937856404812615
0,3.8208133990430045e-07
0,5.414136079412497e-23
0,1.711179852877235e-15
0,3.882083426732582e-13
0,1.722662114943454e-08
0,6.910494304629063e-13
0,0.058004461720262225
0,3.2782795338596e-21
0,0.013859273737097647
0,0.33491023376204987
0,1.4903440332332826e-05
0,2.260505990988955e-21
0,1.1189454106961457e-09
1,0.35653408355123417
0,0.41487120941847466
0,3.501978667863432e-08
0,1.4755476494636257e-21
0,2.963974539338636e-07
0,8.312483870341669e-07
0,4.843254952970285e-18
0,4.250227377031056e-22
0,3.790663581257904e-18
0,1.7185763334669909e-12
0,0.4027720366725491
0,0.026356631913839162
1,0.4108627624496226
0,0.23822299875720318
0,0.003097534556319701
0,2.328240202863368e-09
0,1.2813774328613434e-08
0,0.001783899025949113
0,0.6233198842261608
0,2.6888293926758693e-11
0,2.3307208399259415e-07
0,0.1910005703743567
0,1.4196018901139134e-06
0,2.092119273268295e-11
0,0.325575413368301
0,2.1027434693252937e-13
0,9.460019890074844e-11
0,0.3635539626103046
0,0.0010256752174355333
0,4.68544997136144e-07
0,0.4460569850577909
0,3.40215389560421e-21
0,6.06433233200323e-13
0,0.2269790783301627
0,2.4896534959048888e-11
0,8.682938882547175e-13
0,2.067405212215136e-11
0,3.1198496346442985e-08
0,4.730421696871258e-21
0,1.0379403198287144e-05
1,0.27402568845635916
0,1.657606271949405e-05
0,3.432584566984191e-09
0,0.05308516999767192
0,6.515651276158098e-07
0,0.06539142515239307
0,4.740086298689293e-09
0,1.9394928535618457e-12
0,0.0015493814528813846
0,0.39589461953919636
0,0.19629214292020813
0,6.624328615140703e-10
0,3.291123965681658e-13
0,6.826921787996088e-11
0,0.22718260361408155
0,3.518602054092219e-05
1,0.4586478624987967
0,0.28408039588902123
0,9.175307018506896e-11
0,1.4946847990360186e-05
0,0.08379098411880453
1,0.6528160196617455
0,2.5344234922449032e-08
0,1.121228593960752e-05
0,2.757865080003926e-19
1,0.6054551677257004
0,2.7495732059243983e-08
0,8.902003044960104e-11
0,0.00010146619876469742
0,3.7026676507676265e-06
0,1.3749429968393487e-10
0,0.43044511905672994
0,2.284501931398014e-09
0,4.57664913020086e-06
0,0.6571704028249868
0,3.9330981845215356e-20
0,1.4183629373886203e-13
0,7.558300390253266e-22
0,6.255489230649092e-09
1,0.7709333337995337
0,0.36463871552512367
0,1.2074275061348124e-09
0,0.33958765232887145
0,1.8115033148318199e-09
0,0.41728030905962504
0,1.2427127633032032e-05
0,2.517927950396773e-13
0,1.7804062975769543e-12
0,6.551344983721442e-09
0,6.441891132481671e-10
0,7.406561533197541e-18
0,0.03277647963033217
0,2.3291554572898528e-07
1,0.37717309341636923
0,2.2774887393153605e-07
0,0.4098039750821636
0,0.43840575152757444
0,7.645017772354534e-19
0,1.889292409551389e-13
0,1.6939620716621708e-15
0,0.3090381533936154
0,0.0009556047549285002
0,0.32058933991483607
0,1.210058675680322e-10
0,1.905751091418036e-12
0,2.6060519938471682e-14
0,4.570445360693088e-11
0,7.381333405700677e-09
0,4.5989995179748417e-10
0,1.4291154618452474e-10
0,3.45436590777441e-07
0,1.734266364009568e-06
0,2.565244245261039e-06
0,2.41187505196607e-12
0,9.527086414939178e-10
0,0.2195086049065942
0,1.9251578205438756e-09
0,0.026215865265439717
0,1.9628010509746297e-11
0,1.0777062523103295e-14
0,1.4760454212584252e-09
0,1.1522496910179353e-08
0,6.043847854837892e-09
0,2.785818291733059e-21
1,0.9822744705748866
0,2.1889639126893964e-10
0,0.09188710296864631
0,5.3841140697805527e-05
0,1.6057930326900974e-19
1,0.3802394427926024
0,0.002306664970109013
0,0.0575221018009544
0,9.561773438124486e-08
1,0.37904085886640004
0,6.560204700247077e-11
0,1.073645070532627e-06
0,0.1336623269158519
0,3.5526517437768286e-13
0,4.2089397642755756e-08
0,0.13690789072654133
0,3.4127739218906657e-12
0,0.681754835778444
0,0.17479731143780305
0,8.117238130376883e-09
1,0.3982208037376477
0,2.6239629010415984e-06
0,0.16453070124317692
0,4.081632521893889e-09
0,1.7976725764916836e-11
0,5.436212534617428e-18
0,1.3518456794460173e-09
0,1.812262146353094e-07
0,0.024521062066432762
0,3.5276930995286614e-12
0,9.89580019862465e-13
0,0.3356020919921727
0,5.812097266805484e-11
1,0.2980631369703142
0,4.5881205005082025e-14
0,1.1518806431187824e-05
0,0.294124595984559
0,7.389207573328647e-10
0,1.6650417295834882e-13
0,0.2572721684026701
0,9.667054174696528e-22
0,0.004479025952783496
0,9.731599372708114e-07
0,3.010675466693345e-11
0,0.052942657425295456
0,0.3149558091179269
0,2.850968268998445e-11
0,1.3692541668930022e-06
0,2.1529797255197925e-09
0,0.09847241436664368
0,4.655862068851212e-10
0,2.542962065719141e-20
0,7.754703927601044e-11
0,7.263768263183515e-11
0,0.08793072288875496
0,2.7495732059243983e-08
0,1.0400620821928375e-13
0,0.13341646561258086
0,1.204172312533354e-09
0,1.2754583254669525e-08
0,1.1722471423270919e-18
0,0.24044335413203097
0,1.6697496729668244e-08
0,5.94357360287197e-14
0,9.414800787987717e-08
0,0.7378626365428365
0,0.41946756044583217
0,8.271183282078064e-11
0,1.903931572318983e-07
1,0.22890230580476517
0,4.5731820850499925e-09
0,0.00012500667769151924
0,1.976376102739068e-09
0,1.9743802416688442e-19
0,0.17676962621342152
0,1.8979546889102172e-21
0,4.694252769520059e-24
0,9.243226976542375e-09
1,0.5876402498797093
0,0.421461061910312
0,0.18788243298037305
0,0.46517934030998015
0,0.1784464495288668
0,3.3661890889258643e-08
0,1.3796593484376074e-09
0,3.715485219507344e-05
0,3.156568560991608e-05
1,0.5325355034180318
0,0.0002927611738025727
0,6.314585215390871e-08
0,8.868653330329355e-22
0,0.2920206511751658
0,1.3641862950419138e-10
0,2.098273405765597e-12
0,1.5374770882646679e-12
0,1.5269829265875156e-11
0,9.116472479507298e-11
0,7.120377196185349e-16
0,3.1866363682868846e-16
0,0.20092597170640217
0,0.14247287775570197
0,7.042692207081779e-13
0,1.5942598495669556e-10
0,0.0895870059151256
0,0.6453687056149444
0,0.17088490613408056
0,0.0937268258663854
0,7.736337120256282e-16
0,2.6136779305200997e-10
0,1.7297585384004994e-12
0,7.003539190097622e-18
0,4.5989995179748417e-10
0,6.442325856963254e-11
1,0.22369741432741239
0,2.6361159342058193e-06
0,1.2375405076234077e-11
0,0.14697393139177425
0,0.05283592437911208
0,8.108424723838352e-12
0,0.6427342788537522
1,0.35621101124334453
0,0.12514042885338955
0,2.283590974589657e-09
0,9.016466914556026e-10
0,1.905418334290334e-09
0,1.6689613377818267e-13
1,0.14952128132092168
0,1.8464222825543093e-05
0,8.750408588731262e-10
0,5.1982392424202835e-11
0,0.031121722460837657
0,5.910364068413569e-11
0,1.0539260984355065e-21
1,0.41659455010428387
0,1.1894557745965248e-08
0,2.1701563558941564e-19
0,1.705009611086996e-08
0,1.612612889359873e-16
0,2.3303359192107614e-07
0,4.026562556836021e-09
0,0.19799224815019473
0,0.07875658019434832
0,6.218935443187894e-09
0,2.5095853687811226e-12
0,9.399355859224372e-06
0,0.07805450664890932
0,1.0117548845013295e-12
0,0.4113345168065423
0,1.0774119498496493e-11
0,3.388636357474216e-10
0,3.678118307561698e-22
0,6.34496178308825e-11
0,3.4651560225544496e-09
0,2.1171427140737737e-12
0,0.15470130679153063
0,3.066438714630892e-10
0,2.8077866854916354e-11
0,3.814918380524553e-09
0,0.12430738664476312
0,0.1274957026924552
0,3.332053425967234e-13
0,9.832155270659877e-11
0,1.4219693184246924e-10
0,7.8846483515476e-08
0,1.568918778386517e-15
0,4.190787963262404e-09
0,9.802157983645504e-22
0,0.033055802468360346
0,3.31212615019335e-13
0,4.9768582651696956e-17
0,0.26345759568473287
0,6.329860183340694e-05
0,5.002910288043457e-16
0,3.4101953481464715e-08
0,5.226158337033126e-22
0,5.401514376241578e-19
0,1.5657245218800224e-09
0,7.902042137267341e-08
0,2.3246580423674216e-05
0,0.0022280696615021383
0,1.3991452862639647e-10
0,1.2193372475139966e-11
0,0.4219066977561325
0,0.055034549303736295
0,4.1184613402050134e-10
0,2.9189221151431033e-07
0,2.8232538521950935e-10
0,4.3708185175254294e-11
0,0.38773151923142896
0,2.079045619312234e-06
0,0.24083689014122647
0,0.1725511582463123
0,9.393281556818457e-06
0,5.918935284772068e-06
0,0.02354086287239761
0,3.4070796797803203e-22
0,1.2905959324376703e-13
0,1.568918778386517e-15
0,1.0989518986270063e-13
0,8.835234443173844e-07
0,3.7601417184594503e-16
0,0.04343493878711985
0,1.2396536629411808e-08
0,7.120377196185349e-16
0,1.3173170263469794e-07
0,0.25374548992438145
0,2.1141544223475556e-09
0,6.102692826847624e-07
1,0.2817266353874869
0,2.3085129097240004e-08
0,2.3859713084387445e-12
0,1.38748578547647e-12
0,1.4659279308547276e-12
0,9.446468189259651e-13
0,0.24119458691749862
0,5.049300680936508e-22
1,0.7643664219539908
0,0.24361906757124413
0,0.011041596018520547
0,5.5942365875406735e-12
0,7.092770222006609e-18
0,1.1397525196025309e-12
0,1.055649913726512e-09
0,0.5745140093480576
0,5.002455937750271e-08
0,2.981328434934922e-09
1,0.28767016403564644
0,0.23060200606366726
0,3.954756383972808e-10
0,3.140512353075965e-15
0,0.139688742132539
0,6.123961272405572e-06
0,1.1193462508349428e-09
0,1.5211099533692404e-10
0,1.0951915506131081e-08
0,1.852429690930469e-11
0,2.6575147157588932e-05
0,4.4445545651923616e-10
1,0.15966588296231365
0,4.091284356513681e-07
0,0.0002996219421692175
0,8.338744595632416e-14
0,1.7096881276942987e-08
0,0.3404720754043
0,1.7468768808793262e-05
0,7.664227602482426e-08
0,0.5259835691904661
0,3.191418035908916e-05
0,0.0022327410972835253
0,1.6317088412393936e-11
0,0.06497682947440532
0,1.2608550486072488e-21
0,0.05918842116657234
0,0.6055731381476244
0,0.3749778295954178
0,0.001283785157104468
0,1.0780572123053465e-15
0,5.900160129284541e-07
0,0.20929193850061636
0,0.15251430858006787
1,0.08902889950687035
1,0.23270912745817904
0,2.3950844516055707e-06
0,2.017385588556458e-11
1,0.13289566615122306
0,3.0311332673660805e-22
0,0.35472263959624634
0,3.8802868598744647e-22
1,0.4526616598920682
0,0.19401855574786295
0,8.56090823722681e-15
0,6.279741846147961e-08
0,1.568918778386517e-15
0,3.1457118462193455e-15
0,3.2396524006077442e-06
1,0.48989736624609587
0,3.9708195263793694e-08
0,4.763380971947098e-11
0,3.432571574916398e-07
0,1.0997034843821804e-05
0,1.1101778750114808e-22
0,1.2089590496248629e-12
0,4.1388264905090794e-08
0,0.0029657401172402858
0,4.515467413732906e-10
0,1.9427172660695573e-13
0,6.339121202883915e-08
0,3.598114273638798e-20
0,4.869371670495669e-13
0,0.1360942026677472
0,3.418185824732759e-12
1,0.6477903026582894
0,4.0507959066238937e-07
0,4.5503319076805485e-07
0,9.075754547038325e-07
0,0.5027824432584488
0,1.0717821150875514e-05
0,0.27594471378465346
0,2.1510348838968853e-21
0,4.339185220099877e-16
0,0.01601604412722898
0,3.2268896681606203e-12
0,0.06103611719809921
0,2.8158013854464974e-08
0,4.306271491189217e-18
1,0.21493549007036275
0,0.34112933405649365
0,8.601793535942851e-07
0,4.107856381863942e-08
1,0.4956428541454514
0,1.6678204484405116e-12
0,4.1702853552887385e-12
0,3.598114273638798e-20
0,2.5636897222155997e-05
0,1.5502235613072102e-10
0,0.3499527629399604
0,1.0613476539229314e-07
0,6.270435462659583e-10
1,0.7297643105480515
0,2.775435112524326e-12
1,0.21257635878035966
1,0.4609206538084174
0,0.42516299350106224
0,0.131431605788323
0,2.1882614624764485e-08
0,4.166943349371976e-23
0,1.1361514824123113e-10
0,4.0666409784354365e-11
0,0.3541934236859145
0,1.7508849284181176e-12
0,7.466062032429273e-15
1,0.6764249497217443
0,1.2864834380258689e-09
0,2.1482654409431642e-10
1,0.6654721479875638
0,1.8023001040938026e-07
0,5.395843974449312e-15
0,1.568918778386517e-15
0,0.42290397511929473
0,3.9497951605087774e-11
0,1.0960134685409557e-22
0,6.972284123529176e-06
0,4.789466164941516e-09
0,2.53929897521996e-08
0,0.12138618534293208
0,2.2207393338783146e-11
0,8.914246517872514e-24
0,1.107789266917981e-06
0,0.1900017322405088
0,0.01323241851848842
0,9.26404339921842e-09
0,0.47038711225733343
0,1.2532161525630042e-12
0,2.650370920334666e-07
0,1.8128702149304106e-10
0,7.278566395012524e-11
0,1.0249111444942102e-09
0,1.4213723566000457e-09
0,1.0796684841197911e-07
0,4.473122149473458e-21
0,1.0442110784765475e-09
0,0.4641329452786312
0,4.9141168237976584e-08
1,0.5464592711716703
0,4.5102434160752145e-08
0,0.06212682827792119
0,0.10557984074171659
1,0.7701137609731158
0,0.1827787366835414
0,0.003030649097891137
0,0.2506236140560403
0,2.436168071078193e-07
0,6.095198430877584e-12
0,1.7915234358736386e-17
0,3.442170776144468e-09
0,1.0660438401761633e-08
0,0.08744655397920126
0,0.13610224720633088
0,5.327301270227377e-08
0,0.4492270795986077
1,0.46230604071561243
0,3.0634844984814364e-07
0,4.530550662189321e-23
0,0.20609791405186234
0,8.249655737035532e-09
0,1.3382871033478e-09
0,3.6052920028874815e-07
1,0.7376784890009724
0,9.056261974940807e-09
0,2.517927950396782e-13
0,4.2968383196803753e-16
0,3.336016121908881e-05
0,9.654826984675355e-18
0,7.417848637992023e-13
0,1.5971686121636886e-15
1,0.26149465674677885
0,3.848558315747958e-06
0,3.0667186807972896e-14
0,0.01845625142866964
0,0.05303398272795517
0,6.901379200937434e-21
0,8.370572248580302e-15
0,0.0003126002460991555
0,1.146112914881582e-21
0,0.5139991795283143
0,4.995460528111145e-19
0,3.141624959167717e-06
0,4.506274070159072e-19
0,5.268983084504599e-09
0,0.09829925269655507
0,0.26466379257730394
0,1.931342227631566e-08
0,0.5344353763976527
0,3.5240145455983285e-13
0,0.4562185483719114
0,0.11425327096696034
0,0.26469158788323705
0,5.600897240310374e-08
0,1.020227945578139e-12
0,0.10464846887474065
0,7.212549985241943e-18
0,0.0014951955821408249
0,1.2865371578286373e-10
0,1.4170168085362275e-06
0,1.0651036255961796e-09
0,5.481010322319907e-06
0,4.774993246397329e-07
0,0.20641046518016345
0,7.957804380564792e-11
0,0.10585602608296477
0,6.195942684686242e-09
0,3.570188276235351e-10
0,2.1644517510513168e-21
0,1.6315102829020915e-12
0,7.700933701431721e-15
0,0.3955245076245655
0,0.24057815048642664
0,1.568918778386517e-15
0,3.6740352429345724e-16
0,1.8347440119890575e-12
0,9.447447417045791e-06
0,0.3697921044409135
0,2.3850304131731563e-08
0,0.003353429473769979
0,0.0004814972740823624
0,1.2375934846407094e-06
0,0.2914828056938605
0,6.094188539922247e-06
0,6.632853405276294e-22
0,2.7994870020137775e-11
1,0.4269529525511778
0,0.6795237193769939
0,3.8174570135868337e-10
0,3.282013641653889e-19
0,0.15950283885698568
0,3.743782989477474e-12
0,7.665805839864768e-13
0,2.3518160346579018e-21
0,7.742206829944342e-15
0,0.5329550823433897
0,1.4930540477740883e-10
0,0.02568171297771496
0,6.664593331412942e-11
0,2.5454774100748885e-16
1,0.620020322993966
0,0.00010091370154234527
0,0.28670391968550907
0,1.4044888232179603e-06
1,0.5041874376560248
0,0.139705845076326
0,0.27431047222885624
0,7.001978873608716e-12
0,1.568918778386517e-15
1,0.2525167589085712
0,0.4539515738742486
1,0.54886370672084
0,6.028803179744732e-10
1,0.13410333505255573
0,4.867403533605793e-21
0,0.17830622715329064
0,3.883058510428165e-09
0,1.8921507548032855e-11
1,0.40447721614679955
0,6.303587885243257e-06
1,0.4877631137315266
0,7.466062032429273e-15
1,0.7157965026047043
0,0.004190562180485666
0,0.2793027680514733
0,7.503459000910685e-09
0,1.462151961782838e-09
0,1.777568946850711e-14
0,4.08512955411614e-06
1,0.4716848172757418
0,0.0009719040307101145
0,0.17008654476028878
0,3.1601352260343696e-11
0,7.384234216590337e-07
0,2.4324218277843952e-08
1,0.6006572968093218
0,1.806320224646516e-13
0,3.036691412756265e-06
0,1.9149322096890582e-11
0,6.339923026668771e-11
0,0.0026983879317967596
0,5.906278850663379e-18
0,6.83227576811417e-08
0,2.4623752955403864e-08
0,0.00794523865810622
0,2.4682966220872482e-20
0,2.2347980327072564e-08
0,4.620685432771927e-09
0,4.765623042209454e-16
0,2.5058744353843403e-17
0,0.04925056114924986
0,0.45213077647018296
1,0.04285156742705293
0,5.436345382992648e-16
0,0.08559220581660484
0,1.0089434794578029e-10
0,2.660509333592525e-09
0,2.3518160346579018e-21
1,0.30475279137835254
0,1.3813813817416503e-06
0,2.428109865914794e-08
0,7.120377196185349e-16
0,4.526838332428716e-11
0,0.0005666502377417926
0,1.5971686121636886e-15
0,5.170221788657389e-12
0,0.18095308229671397
0,1.3765607378258976e-10
0,2.646582850761528e-09
0,1.3882452863924285e-08
0,5.271205363486897e-16
1,0.14120407193021653
0,9.260624265854716e-14
0,0.3256491937526557
0,7.078145474877942e-07
0,4.212335485742918e-11
0,7.408922990328982e-14
0,3.405709519858544e-12
0,5.243029496917881e-07
0,0.15015487466725946
0,1.1650850240238804e-06
0,7.752627794311348e-11
0,0.00839826386016505
0,0.2288130013003072
1,0.6427912656711346
0,2.0054469249028982e-07
0,2.0879789136485523e-16
0,1.3947161707029255e-09
0,1.2046993363381335e-07
0,4.870857104405048e-07
0,3.647777227026023e-08
0,9.991819951710822e-09
0,5.083324542928159e-15
0,3.0311332673660805e-22
0,1.4543216241369378e-09
1,0.342924676050224
0,0.2076412613457807
0,0.21624313479277574
0,3.178010354364326e-11
0,0.11928806301575233
0,8.19362590447794e-11
0,1.8250206393374287e-09
0,1.8080301770457966e-09
0,8.563431772282615e-22
0,1.5729520359097788e-17
0,5.495972862526281e-09
0,3.8585642525408756e-06
0,0.3710157212331632
0,0.29694486278257604
0,0.16410694196204703
1,0.7437072957979143
0,2.5169309208916032e-11
0,1.5709261514364678e-13
0,3.1121256807976556e-08
0,0.01581178160373133
0,0.28864474962635295
0,0.1436433931497898
1,0.6626576940221923
0,5.915933279615228e-18
0,2.186075046166277e-06
0,3.742210042726313e-13
0,5.80751343772628e-13
0,5.070764593072713e-09
0,2.5233258109237175e-09
0,1.5355836692940593e-15
0,1.3303339545779676e-12
0,0.1801382862597472
0,0.0008278845832882174
1,0.1051380150144559
0,0.2485985463906001
0,4.044952945631364e-13
0,5.493382883583577e-07
0,0.38265452173620906
0,0.17874161466764116
0,4.590437402069834e-19
0,0.11889963584942184
0,0.03622426067697461
0,0.017314476866092783
0,0.09762771826993327
0,1.904266676254525e-08
0,2.3446139873750378e-21
0,4.486453930061278e-06
0,3.304996213492422e-10
0,6.618377911609411e-05
0,4.6805944583686174e-05
0,7.5836826018426045e-06
0,2.227237321543917e-07
0,0.0033973467216431713
0,6.711894041282186e-09
0,7.740807173485289e-22
0,0.6251198105129229
0,0.4593947819067564
0,0.05233016098197269
0,5.112363160337676e-11
0,1.278586108357656e-09
1,0.5116030713942767
0,1.606435636179279e-10
0,1.0577120797912282e-07
0,2.8978894867080323e-11
0,3.8253767827811946e-05
1,0.9999212028619626
0,6.360818257055311e-12
0,4.98715603074744e-12
0,1.6153765040958756e-13
0,0.31273356357299154
0,0.2603820240024266
0,0.32163440584264824
0,0.29087722488178447
1,0.770442571015741
0,0.4466878362783482
0,4.470348695447512e-12
0,2.4530997686454843e-06
0,3.974127981201233e-15
0,4.2858925563840734e-13
0,0.3481769010447085
0,6.205819420947323e-10
0,6.066567433906236e-08
0,1.2428824120914427e-10
0,1.8906918225848112e-13
0,9.46428531155663e-11
0,0.4084570884608727
0,3.141609950288931e-07
1,0.27822252085883253
0,0.4244417070420153
0,0.4503142444226237
0,3.1028530585247676e-08
0,9.127766679603007e-07
1,0.1782418980684494
1,0.43013968270726316
0,0.19653129829926974
0,1.6212207225806e-13
0,0.14471959948249186
0,0.0010112704002455427
1,0.5738987617250466
0,0.014780198783293608
0,0.43094755928338674
0,1.214402155251537e-13
0,0.3035341768842647
0,0.0067324931782552005
0,1.4594703143832587e-21
0,3.933098184521563e-20
0,0.12217895657982895
0,0.27237418818158887
0,0.1827624573725954
1,0.3200938615282969
0,0.012289988007887952
0,3.166571498694374e-05
0,5.902155732636301e-09
0,2.0130159265441974e-08
0,0.02728057610994321
0,0.04724465258645365
0,0.14157026246546306
1,0.01233298454455384
1,0.45100790780119615
0,0.18399813861566025
0,0.1360355923528288
0,4.343670154197727e-08
0,2.0130159265441974e-08
0,0.39903144044313044
0,1.2103832253950873e-08
0,1.6572408963037116e-12
0,0.03221800931499391
0,5.77086644487545e-11
0,2.320913612930489e-21
1,0.20260452345628382
0,1.3922357711484224e-07
0,4.248272037986068e-08
0,0.17750280355604242
0,0.409266573773556
0,1.6850677266398772e-10
1,0.3365037118481078
0,5.364730849287395e-09
0,0.29650131680919295
0,3.602091872928201e-07
0,0.11932692940771282
0,0.21524388660186794
0,9.265245147728146e-13
0,0.40831840748822573
0,0.0007571237442803469
0,0.24539538205313197
0,1.3776717762573664e-06
0,1.4511716993128089e-21
0,2.052344905653869e-11
0,4.164853862016932e-08
0,6.454351412045996e-20
1,0.355008665479348
0,9.899032786907818e-16
1,0.5048216383484417
0,0.01718252840658972
0,2.0958878987644602e-12
0,4.2176606109009314e-12
0,3.353426051591534e-21
0,1.2113029621673908e-05
0,7.725768035045465e-15
0,0.15108522197943197
1,0.6016448993090395
0,0.043839216566518985
0,0.15658935817561087
0,7.540239457143648e-10
0,1.9462044176223308e-07
0,0.002651376146927186
0,5.0854327683586206e-09
0,0.11605562876316157
0,8.067582370504951e-10
0,0.3777059931769891
0,8.515097745764434e-07
0,5.487043235018683e-12
0,4.336763613612395e-06
0,8.010796550519517e-22
0,1.4766756512037816e-15
0,2.211791628736629e-09
0,0.331579203774441
0,6.5103088315712515e-09
0,6.983042709099688e-12
0,1.1697402615348248e-09
0,0.45253140075930787
0,4.167615110811054e-05
0,0.18955346072488083
1,0.14161532772261878
0,2.622317378163134e-07
0,0.21320911098641718
0,9.705472491019698e-13
0,0.6556224377420639
0,0.512335699560527
0,0.0050573724431179756
0,3.4758786323634095e-08
0,0.2019911601010692
0,4.054543539476354e-06
0,0.08743050247899097
0,5.433560676971556e-16
0,1.571619255265986e-08
0,5.865041532411566e-16
0,1.7632556033094847e-17
0,9.117799002126064e-09
0,4.610231164438005e-11
0,0.007133369380868383
1,0.32458069237295434
0,8.262921113420503e-10
1,0.28141135103645576
1,0.7509160599772811
0,0.23299805635568444
0,0.42271559036082423
0,0.15664889489683606
0,0.33331635414863287
0,0.05205660017259173
0,7.466062032429273e-15
1,0.49818274656351436
0,8.051395406439023e-11
0,0.5093514295169101
0,0.1931713874385394
0,4.827557640267202e-20
1,0.37528078254914626
0,0.050061330053126116
0,1.6334283120569235e-06
0,1.1780306822702696e-09
0,3.4528364244172054e-19
0,8.56090823722681e-15
0,0.31024938010101805
0,0.046143184071339376
0,2.9306507872246717e-09
0,2.076257527202167e-12
0,0.051231166917414285
1,0.42833403172653045
0,4.977448558001963e-11
0,1.0515979341309776e-05
0,9.57495112322719e-11
0,0.6185615972405968
0,0.19258436309341645
0,3.806775457682811e-09
0,0.5241783368753747
0,0.05357095726248747
0,7.803225403108418e-15
0,1.918718573576478e-05
0,4.71575514167909e-16
0,5.746870549014157e-07
0,0.003143426023325334
0,0.3865357528256539
1,0.7551357918955723
0,0.12253407606640819
0,0.0308650301167954
0,2.4919311200127224e-11
0,3.912134787600386e-05
0,5.5853142625186114e-08
0,9.001448974519282e-17
0,0.0002076728680148297
0,2.866550809805857e-08
1,0.38998957976218734
0,0.0001910814840751895
0,4.0105774203184497e-10
0,5.146212268162097e-11
0,2.880505367779006e-11
0,2.7968908237151905e-13
0,1.5971686121636886e-15
0,2.54874066061209e-13
0,3.498203972295018e-19
0,9.657315611793327e-08
0,1.1634835719611984e-12
0,0.2115614863957857
0,5.856821871680245e-07
0,1.4404880768871395e-07
0,2.2624754887050423e-11
0,1.3597735646028371e-12
0,0.427795311173514
0,0.03586365791281227
1,0.40155959165946653
0,0.07148096252555569
0,2.7868001284432437e-13
0,3.9371826358382557e-07
1,0.49451600952387353
0,0.43736437662431443
0,1.3137940482574598e-09
0,1.7079979461037413e-22
0,0.0007420962695148684
1,0.916362734025508
0,1.9054494792398139e-16
0,4.714231488061097e-20
0,0.1767434694034199
0,3.850180830938887e-06
0,5.0959679628861836e-20
0,5.742359202832909e-12
0,6.328699462186355e-05
0,5.148780839187831e-08
1,0.2543926878040232
0,0.02590921549258298
0,3.167740949823788e-11
0,6.04708290358144e-15
0,3.0595527076829377e-13
0,0.3306929477597439
0,2.3123683665811035e-05
0,1.6337794622357703e-07
1,0.9982214346126749
0,0.27202571695192185
0,0.004359310073866407
0,0.0011710890610285764
0,8.666453193614785e-11
0,0.19829626505106157
0,9.763464044994236e-09
0,6.011701056378828e-17
1,0.14488805824851456
0,1.0082555964335221e-15
0,0.05224273025888105
0,3.249806244692287e-06
0,1.518273987686621e-07
0,0.20537734681469097
0,0.08771464111325787
0,0.2603639281317997
0,3.6772173633097594e-09
0,2.6320253574341825e-12
0,0.210171704494548
0,1.3672894567367134e-11
0,6.387065507457291e-08
0,1.5983104079855742e-07
0,3.0884170325750414e-18
0,0.3880166778317273
1,0.6222005520004216
0,0.002484058052316627
0,7.800168963431761e-11
0,1.872563193875073e-11
0,7.49100891384547e-21
0,0.13909823822604445
0,1.0665061234059335e-07
0,0.45417289005660016
0,2.0363662282749022e-08
0,0.006538617455184347
0,2.3924596692137344e-08
0,8.56090823722681e-15
0,1.8158402364792872e-08
0,1.3562182625502356e-10
0,9.501597007242668e-13
0,3.1324485490491467e-06
0,0.6509308727329103
0,0.4200665525611536
0,7.907817983544145e-07
0,1.072076538969886e-13
0,1.5516681144602964e-13
0,2.9925909854879814e-08
0,6.275127095878339e-06
0,0.22564934890708635
0,1.000957282895271e-08
0,0.2425258386907353
1,0.4189370662337802
0,3.1993861570287696e-08
0,0.14908374008166933
1,0.11240762529745892
0,4.877366549154429e-07
0,3.4666805948025595e-08
0,2.1452382457176347e-15
0,1.2751977085459675e-08
0,7.002239818696045e-08
0,2.756781730445444e-14
0,6.665044356240725e-09
0,0.24207883198047156
1,0.47000948410869997
0,5.217572525948558e-09
0,1.8282845601505372e-10
0,1.5443069997933194e-08
0,2.3349427281058166e-20
1,0.5123410450041358
0,3.089578591419968e-05
0,4.642267781812417e-13
0,0.1621026816102512
1,0.07563476104534991
0,7.531340558629435e-21
0,4.15013139338368e-06
0,0.4120831552808542
0,2.7153422667470897e-09
0,1.3738734170603982e-10
0,4.3897706143119444e-08
0,1.4346475097157626e-15
0,3.4938700580516475e-11
0,3.365248514950133e-17
0,9.04922999975528e-10
1,0.473995306555837
0,5.504916418374621e-13
0,0.7324428399078637
0,4.4636687410391445e-11
0,0.20350846060307584
0,2.048351664847637e-07
0,1.925131927285897e-06
0,8.63374457901726e-13
0,0.2131635371268762
0,0.29181887705122983
0,0.31251302595096886
0,1.9819691456185844e-12
0,0.005057008153538712
0,0.21802790986450815
0,5.209998148055458e-08
1,0.296177313785962
0,1.0679830748373357e-07
0,1.7871352577213902e-11
0,6.9468013993109086e-09
0,0.03222618168620993
0,2.7716446782622975e-13
1,0.3161967840745288
0,0.21009658604311146
0,1.7560750704535834e-11
0,3.1581389399553625e-07
1,0.3761170062511256
0,1.9023410413036316e-08
0,2.44619134668968e-15
0,5.909822582140517e-17
0,1.5682237854810137e-10
1,0.6631713065022652
0,0.5691183198154542
0,1.3874857854764749e-12
0,0.7376618337417818
0,9.364302969419753e-06
0,1.2375934846407094e-06
0,5.539383637164243e-06
0,1.0347090478689459e-13
0,1.3336184749645659e-08
0,3.321645557429724e-11
0,3.7160937815403865e-09
0,2.0021392973275883e-07
1,0.3673330233730978
0,0.01372449704819718
0,1.7205864553167233e-08
0,1.8224302779431036e-22
0,0.5046623018601125
0,7.156397675964473e-18
0,6.2793502392679035e-09
0,2.902981123466141e-09
0,3.000554839897923e-05
0,5.661240984497118e-05
0,5.997060329912102e-17
0,4.222417160581979e-06
0,0.19274764743265782
0,0.0022045210972893047
0,1.6505636386581959e-10
0,0.11944200525802363
0,0.0038599441137182906
0,2.1316862177395256e-12
0,0.11608635254786902
0,0.13302024430475642
0,1.0199810535092652e-19
0,3.876716434361583e-09
0,0.35043595589054294
0,0.023800974634979793
0,2.038413970836655e-05
0,1.229136183576832e-06
1,0.6684703898827946
0,1.0568249205056261e-10
0,5.1111254784062765e-17
1,0.35553166887103116
0,0.10321420684612531
0,4.792668426984243e-12
0,0.43068628127461284
0,4.3551490933239704e-07
0,2.3518160346579018e-21
0,3.225268485780571e-14
0,0.49773032432370906
0,4.087596937092666e-13
0,0.05790672378338628
0,0.16804395094171942
0,2.0583811905813682e-11
0,2.866550809805857e-08
1,0.7303117016846512
0,1.7723342659712089e-22
1,0.25151708004357365
0,5.053344655714793e-08
0,0.2957518844212579
0,2.2709405562001241e-13
0,1.1183379852427983e-12
0,0.7622491500963182
0,3.155669748994822e-05
1,0.20886073859706553
0,4.130779324490063e-08
0,4.642267781812417e-13
0,5.654414106110865e-07
0,0.2959637555918127
0,0.18218250694868468
0,0.09538899714973846
0,0.15694353420336193
0,3.249806244692287e-06
0,0.3643176637813737
0,2.3920222807605847e-13
0,4.626110645282605e-16
0,0.2146462745165056
0,1.9685504278066243e-07
0,0.10515012687886802
0,0.21005490834806134
0,0.06842472920968819
0,0.005015571792626372
0,0.055955368466656205
0,1.6885531380245918e-10
1,0.8401696716668247
0,5.674845266435098e-11
0,0.5444686064689741
0,0.20392817185731676
0,0.196177482221805
0,1.58972520245887e-13
0,2.635742921380525e-12
0,4.942555205688318e-12
0,8.47960053246619e-10
0,0.4761368646356938
1,0.3135955084717191
0,0.44375743040651555
0,0.08420848883537083
0,5.8041562693196984e-11
0,4.545860391711316e-07
0,0.11067456890819045
0,0.07855275841830615
0,2.1931278995089827e-09
0,8.450614079151173e-10
0,4.4606009684073683e-07
0,0.3168849638707748
0,6.593548858109704e-23
0,1.319205945507925e-10
0,0.5850800395476453
0,7.406561533197541e-18
0,7.466062032429273e-15
0,1.8555647354935974e-05
0,2.0643395705019685e-13
0,0.04209673803330226
0,0.090851580773632
0,0.20410604455846743
0,5.376322061823357e-05
1,0.5642902900709248
0,9.755406342183654e-12
0,0.5279533560258945
0,8.293185484392659e-10
0,4.1619298678310976e-07
0,8.403060401157034e-08
0,4.030710811957724e-21
0,7.243824272789286e-10
0,2.472533347891146e-07
1,0.3495889751748091
0,1.3232678071328901e-05
0,0.22917858310718295
0,0.0031111032863122227
0,0.10231268666101248
0,4.491471979330147e-12
0,0.14466036093633275
1,0.13403332251999822
0,7.65572842815541e-21
0,0.3016923020654457
0,3.0311332673660805e-22
0,0.1349121437444841
0,0.0018629430785229322
1,0.43557782498610814
0,3.18757609727976e-05
0,0.3006123812768698
0,3.9344349980541313e-07
0,0.3390258051263291
1,0.4969004702197081
1,0.23953550175116278
0,0.15778045660618822
1,0.11857345581060642
0,0.24470182458716194
0,7.166165091125938e-16
0,9.16219109576597e-13
0,3.067550162863106e-09
0,0.07993936852606726
0,6.477009881122289e-13
0,0.1805235962235846
0,0.5336078657303153
0,0.15654511821827288
0,4.19743531576674e-19
0,3.7000079930761964e-06
0,0.0886981216255809
0,2.2393961240595422e-11
0,1.5746729803987062e-08
0,8.505038422022203e-10
1,0.42495521990055984
0,0.0002527787766429881
1,0.48867080585725403
0,1.1000410530937048e-10
0,1.2226690563138557e-18
0,0.3745209165656521
0,0.0040062401024385415
0,5.056208361115931e-08
0,3.139249120775209e-20
0,5.908350614444711e-13
0,3.5447146145699093e-19
1,0.09068532885242753
0,0.3561067627867929
0,0.5247420512820253
0,4.3028057144222305e-09
0,0.1663175775808273
0,1.2339097949732168e-15
0,0.001445039041704577
0,3.426494315596594e-21
0,0.061289011230351326
0,0.23463185799904637
0,4.850771922047498e-07
1,0.22680798492226098
1,0.8021650575381725
0,0.010271340714459877
0,9.816511522983442e-12
0,7.21715964445682e-09
0,0.008612093090707998
1,0.30058537821511344
1,0.47559932140353417
0,1.6870902717380569e-12
0,1.0691285082086759e-05
0,0.03963813126696292
0,6.437807456685537e-17
1,0.04871673830626142
0,2.3366797383620615e-12
0,0.3175880877146389
0,0.09744177916260745
0,1.4984387201505927e-10
0,0.5989043524830496
0,0.335378608982596
0,0.1324337329109985
1,0.6412431826405259
0,2.6914986395595913e-06
1,0.5858446447083523
0,1.7378726352464462e-12
1,0.08996385338431176
0,8.860307342138777e-06
0,0.3131024980628179
0,3.5286811101406773e-15
0,0.0074232319254303935
0,1.7485958151823026e-09
0,2.9176343175130945e-07
0,2.7481179290535655e-09
0,2.025030238920895e-07
0,5.313106203697912e-09
0,8.56090823722681e-15
0,1.3186544605844281e-06
0,0.005272121879684966
0,7.120377196185349e-16
1,0.3098479308023808
0,4.5989995179748417e-10
0,2.91048613053481e-20
1,0.24068744827252117
0,0.043320792029734094
0,0.2488916351367315
0,0.00012026980982341146
1,0.07810990894126643
0,6.24252728533639e-11
0,7.255164344065097e-22
0,4.407691854151174e-09
0,0.0026864723213161855
0,7.191241719478568e-07
0,0.2770511204444854
0,7.082413634324917e-22
0,4.646645279708741e-07
0,1.666418081563816e-12
0,0.0642457700190296
0,3.75065388729002e-08
0,0.13821347491164823
0,0.3754491075939989
0,8.900215340832398e-16
0,0.3461777522308242
0,0.41870466807413476
0,5.566442031417703e-08
0,1.8224302779431292e-22
0,0.31930286766462107
1,0.3610134082551992
0,8.900215340832398e-16
0,2.5555633546795372e-06
0,1.7441272379701398e-06
0,1.8432884587642663e-08
1,0.6579572119102712
0,4.5282718461068977e-08
0,5.5461151727573404e-17
0,5.1182355420079106e-11
0,1.2387468922463679e-11
0,3.166778634178343e-15
0,0.10738034079336364
0,0.3534250920765525
0,0.5573328613313188
0,0.023243185305838087
0,0.0035578963985110536
0,0.11691116688361197
0,4.517719870359915e-08
0,1.0082982220837783e-11
0,9.098388459795383e-07
0,1.2217282152800097e-08
0,5.24019326824236e-09
0,3.262974536418291e-10
0,2.417388870541639e-09
0,0.3200234394938566
0,1.9418464289782524e-06
1,0.4007711978172596
0,1.0504128912103214e-11
0,0.2747291382703652
0,3.7000079930761964e-06
0,0.4603586769604806
0,5.688482877754219e-12
0,3.277469330716977e-21
0,0.28580258977560474
0,5.104033206248949e-13
0,6.388622038880547e-11
0,8.341887383068886e-07
0,0.27308797801719753
0,7.977658001321009e-12
0,1.540177323177049e-07
0,3.870126149209185e-08
0,4.404084719724134e-16
0,1.5984875361784908e-08
0,0.11331380333878338
0,1.8411620360823658e-21
0,1.734266364009568e-06
1,0.475458412236763
0,0.00635072421320173
0,1.038640043221186e-09
0,0.2302544797885034
0,2.508374730739031e-21
0,0.274216879339521
0,7.287170574373863e-22
0,3.462245821850329e-05
0,9.957863022315187e-12
0,2.3155846501588358e-14
0,0.23438359880774853
0,0.430034504017722
0,3.200065741004427e-11
0,1.2425486676636237e-09
1,0.7278878493925468
1,0.5459835265781176
0,0.11253140659390341
0,0.11996315704431033
0,3.863519362912784e-11
0,0.18281663486421018
0,0.055142302787618114
0,5.651124635923024e-10
0,0.09149092289024822
0,4.657162876238819e-11
0,0.07658264378913407
1,0.6175613969347814
1,0.5881949658300284
1,0.23225146462230156
0,3.2646458521651985e-06
0,3.5931009114662757e-12
0,7.248518833667401e-05
0,0.42381131605980416
0,1.65519310108283e-08
0,0.0094598239233314
1,0.37859838801088586
0,0.7147560001599288
0,6.9611572784521336e-09
0,5.7204239614159145e-05
0,0.06591189675508573
0,2.1340098736664353e-09
0,9.621433520161756e-07
0,5.986630123563097e-07
0,0.0007623016431659075
0,1.276189651633445e-10
0,3.673000367675313e-16
0,6.016732403523314e-21
0,3.8930447753490876e-08
0,0.20975570423865578
1,0.38197070636862923
0,0.00938402920206941
0,2.8436960810060865e-09
0,2.2214929403051295e-08
0,3.2338540165587905e-19
0,2.3734172281732277e-10
0,0.07416302448482809
0,6.889903770072025e-12
0,1.2501400081955663e-12
0,1.0445673767940974e-12
0,4.905830578656723e-19
0,8.524121828495838e-05
0,2.6896728330773067e-07
0,1.9160042723314725e-12
0,2.093908347959873e-12
0,1.3059718505063683e-11
0,2.3257541665606123e-09
1,0.6593970420234331
0,1.7514945714468833e-07
0,2.1170189187185317e-09
1,0.11024600274811987
0,5.959787572659024e-10
0,1.2408373188824013e-10
0,0.03780739339663167
0,3.418012786609136e-06
0,0.1453585499413433
0,5.4850054531678386e-11
0,0.19055878570806192
0,0.5821112996575504
0,0.3279052845802985
0,3.550254086504715e-08
0,3.2551550918923143e-07
0,6.550273967159712e-05
0,1.0685687906624008e-22
0,2.2169017293119147e-05
0,2.53929897521996e-08
0,0.13069687680408548
0,2.892665903285022e-12
0,0.2983449399666603
0,1.2409073172799006e-07
0,0.1567055646708489
0,6.563893051325381e-05
0,0.039914141037978294
0,6.089522408309595e-09
1,0.9603839636047157
0,0.1920741398954804
0,0.189390321146825
0,1.456081102867137e-07
0,0.4591870085254322
0,5.552150751904728e-09
1,0.2552181091475279
0,6.593038489021661e-11
0,1.196712429065492e-18
0,0.42495256402567116
0,0.4256099657206634
0,6.909517472386442e-08
0,5.751700497225686e-23
0,8.154904327742311e-08
1,0.1851264379213601
0,2.021766706169073e-07
0,2.8873971724948356e-07
0,1.802989003554588e-13
1,0.4560000578657096
0,3.522871554644679e-10
0,3.0418887510330838e-22
0,0.1345775621070311
0,3.761086569832307e-13
0,5.134231872710288e-17
1,0.733709939353956
0,2.387739300008347e-09
0,1.7998261019576656e-14
0,6.421007709109774e-06
0,0.00324003424147798
0,1.5857160325875339e-21
0,3.4606472335178736e-12
0,0.48894809005527506
0,1.104722600146852e-21
0,6.1044606995939065e-09
0,9.437173972199537e-06
0,0.0018321154134810687
0,3.5435797177868395e-16
0,2.3603172799429088e-11
0,0.21740858767247828
0,0.439056096743057
0,9.280263553144467e-08
1,0.4278853738960006
0,0.29380985275753363
0,2.3296578258307236e-09
0,2.1894130674335753e-11
0,0.4451501807971537
0,0.7564233854848078
0,1.374724927986751e-08
0,0.43800003151321387
0,0.08223833665398204
1,0.6672133104480374
0,7.77419918881868e-11
0,0.2726127216119499
0,3.694350987516405e-08
0,0.10537409148231108
0,7.484367276370341e-06
0,2.275739950079579e-11
0,5.732663868578268e-09
0,7.803225403108418e-15
0,4.29573177106947e-20
0,0.12632958557499704
0,0.41273951744438914
0,1.2324111302742621e-05
0,0.32274611890681826
0,0.13582881554119
0,1.4804537456850565e-10
0,3.0857217465230044e-10
0,0.21994898929891285
0,1.2827749617346818e-09
0,2.793100520802873e-10
0,0.2937596804487633
1,0.6194361594913286
1,0.5340815011523974
0,0.03662344019143533
0,6.465525407127326e-08
0,3.883807728855309e-14
0,3.393438545016371e-11
0,3.047384223039072e-12
0,1.0982959533445887e-07
0,4.4537330717446094e-07
0,6.258324657959111e-19
0,1.82556214566119e-11
0,2.9161165846876713e-06
0,0.5787829121046921
0,1.2444628495980786e-12
0,5.820223651094329e-08
0,1.6481129900128662e-15
0,6.975514646357786e-21
0,1.8878028664860438e-10
0,1.2179517595994832e-05
0,2.047152495175551e-08
0,4.544871020543893e-15
0,2.198382385641329e-15
0,0.3213765502422009
0,1.9913711793163533e-07
0,6.1230139226986784e-18
1,0.09983698690958741
0,1.1389244200186045e-20
0,1.4049652252659588e-21
0,0.06967740344010159
0,6.593548858109704e-23
0,1.143745231534563e-11
1,0.8306747248624582
0,1.0884761220473676e-08
0,6.909517472386468e-08
0,5.207555558201454e-09
0,4.626110645282605e-16
0,1.7134993002548529e-10
1,0.4308461494882427
0,2.537132913571582e-12
0,0.42125341786993475
0,6.791263415563306e-09
0,0.06846595937624983
0,7.387474258890883e-05
0,2.378129132590734e-09
0,0.21909763524820972
0,1.568918778386517e-15
0,0.5230221779933314
0,2.159163784309108e-10
0,0.3602150904375833
0,1.0146549274759888e-11
0,2.5041123085564124e-12
0,1.3861020982151715e-05
0,3.2153009469257702e-15
0,0.4194429894160272
0,1.546311881477294e-11
0,3.8861577227687996e-10
0,2.7691030983782233e-12
0,1.3874857854764749e-12
0,1.6445387850695006e-13
0,3.733285264312263e-21
1,0.19044518637756355
1,0.4816544348826122
0,6.72157578837549e-07
0,0.024631522786542532
0,1.5681454841299729e-16
0,2.6136656069110785e-16
0,3.707531064362914e-11
0,1.6933970204197661e-21
0,8.299552005085188e-14
0,3.4767159117723983e-07
0,7.686618522936438e-08
0,3.8147726743460876e-06
0,0.2564176172230519
0,1.7515750784551114e-08
0,3.289273150081132e-10
0,3.490647596373342e-09
0,1.309009078763962e-07
1,0.321309791176688
1,0.8109811596289903
0,7.121029292581356e-11
0,0.5081414704601414
0,2.6654167544370197e-13
0,0.09300646105268559
0,0.39626921152930705
0,1.0243632340331553e-06
0,0.07062456943472309
0,1.1302763916121033e-10
1,0.7239268282996972
1,0.5367574163031122
0,2.3741728688576114e-12
0,0.08126128534725849
0,1.4486223577752562e-11
0,1.6670094827647057e-13
0,0.15595158726574862
0,1.0307966465838598e-21
0,3.083171783755601e-05
0,3.2944174118492042e-21
0,1.155456450295666e-22
1,0.9881613750152356
0,4.506605235451938e-13
0,7.687672643591416e-10
0,0.3505281614864533
0,1.5821483461424322e-11
0,1.392386873747138e-06
0,7.177921419650279e-06
0,1.4690428999094693e-08
1,0.1881895281057685
0,3.827914685455086e-12
0,4.661749908547557e-24
0,5.577706025930439e-07
0,0.0008102136686478033
0,1.0839735314470936e-12
1,0.9982214346126749
1,0.3265504582364388
1,0.7230708747557172
0,1.492269044272254e-15
0,2.0941526026095746e-10
1,0.48805395849347
1,0.37324601778920685
0,4.513800049890505e-13
0,0.04161476518446698
0,0.41350618049394466
1,0.3463187242067837
0,0.010826245709532372
0,3.562606196612508e-16
1,0.07951246903529861
0,0.11859718044800296
0,3.414547401327361e-11
0,4.1308451805946764e-08
0,3.8338636771854895e-09
0,0.00027301308844536964
0,0.4011667349769288
1,0.09971828286955293
0,1.079603269206077e-15
0,1.2367805116003033e-08
0,9.854108535158541e-10
0,2.0942654040709225e-09
0,0.16427768092096556
0,8.960774572791991e-10
0,0.20095603113611782
0,0.5078989984691047
0,0.45474178316218206
0,0.19991720568154586
0,0.3323407188925045
1,0.23821480778411883
0,1.666614272900109e-11
0,2.517927950396782e-13
0,1.150448163130205e-20
0,2.636731736711981e-05
0,2.3480520283612482e-09
0,0.3967394149618152
0,6.626444604377091e-10
0,7.269769230539941e-07
0,1.2443496143236042e-11
0,1.949032657228514e-08
0,0.00589018263040701
0,0.02387629785931556
0,5.74643921159546e-20
0,1.9554685308956291e-13
0,0.10496082136236057
0,0.39690691484865315
0,1.568918778386517e-15
0,1.568918778386517e-15
0,8.217999396093733e-11
0,0.024584942538240305
0,1.415338791249369e-13
0,0.045095873042301914
0,1.725473561437555e-06
0,1.797863739957268e-21
0,0.2603267127558888
0,2.162750948055336e-11
0,5.937402727537556e-15
0,9.896320742293398e-16
0,2.3244724663863636e-10
0,7.9783016611481e-12
1,0.3999787083646185
0,2.7744254157867352e-08
0,5.141568270281001e-06
0,9.805370164307239e-07
0,2.0585817224488822e-10
0,1.3139403821902173e-07
1,0.2743624442640286
0,1.2608550486072488e-21
0,3.7809948421273855e-09
0,8.900215340832398e-16
0,1.8424033942726814e-11
0,0.38903027511664634
1,0.5858446447083523
0,1.3781363599625145e-06
0,1.7607331009108948e-07
0,0.012835448694553251
0,0.0443239503027605
0,0.0005640023472302026
0,7.805221599513652e-07
1,0.39367605835846503
1,0.13088110997531535
0,2.161873616456669e-07
0,3.92368347495146e-11
0,0.10038947046415955
0,1.4466527741125637e-10
0,7.946847424379865e-08
0,2.5182564210267278e-08
0,5.300493551245409e-08
0,2.853245986624195e-06
0,1.4660831890008148e-07
0,0.061129997394543556
0,1.5340135281033632e-07
0,7.656461975619052e-16
0,1.1785723144992662e-10
0,2.7968908237151905e-13
0,1.6032095623676243e-07
0,4.362168330406448e-06
0,0.008950969672014662
1,0.2508645354478522
0,0.08467019820175284
0,1.0910312613090815e-13
0,0.15491658502207453
0,1.9187964781243812e-07
0,0.25121188009034834
0,0.0002076728680148301
0,0.11107156315767962
0,1.0662668429781291e-05
0,0.013802552710248215
0,0.2785443958518637
0,5.642266439358676e-19
0,0.15292325840774285
0,4.991403269017686e-07
0,2.707831253572653e-08
0,3.8180022297626855e-06
0,0.28160012970899373
0,1.1327561984289576e-12
0,1.2608550486072488e-21
0,2.0255254072978865e-12
0,8.933526302196201e-09
0,3.178543777759463e-14
0,2.220379250386242e-05
1,0.9973231179777847
0,1.9403245457094136e-17
0,6.097891559526969e-19
0,0.06476623256873763
0,0.0044860279334293495
0,7.733095795714408e-08
0,0.34541535315395244
0,4.0989724653182214e-08
0,1.0547992087796711e-07
0,1.2921943484893426e-14
0,2.2777325861413423e-05
0,1.9237009036439607e-21
0,0.03003269724451899
0,2.6060519938471682e-14
0,1.2917839671881e-13
0,4.7383502819716435e-08
0,6.579224440088442e-22
0,0.3472758419632272
0,2.0412522347777846e-12
0,0.3479390992618142
0,0.08322814019214057
0,4.2968383196803753e-16
0,0.4272415985531526
1,0.49438821577410275
0,5.06327364116715e-19
0,0.4266470024713047
0,1.2920168503669117e-12
0,2.2266317738725824e-06
0,0.1637404601478263
0,7.120377196185349e-16
0,2.5214401851015806e-11
0,2.9813284349349326e-09
0,3.9926268345562053e-19
0,3.994530739681823e-16
0,9.33358037919576e-09
0,1.1583022043990473e-06
0,0.224175839489295
1,0.3721960925014383
0,0.0003794450564390819
0,0.30392849773049224
0,4.516168427389835e-22
0,1.4788453653883936e-12
1,0.6054787708008275
0,3.1380338803722006e-06
0,2.282593336686328e-08
1,0.502352222600836
0,3.2758006455422643e-24
0,6.005436906454425e-07
0,3.031810747599125e-08
0,9.551641212286585e-13
1,0.3230463798041818
0,2.3453520210087577e-13
0,0.3313018160922891
0,4.380096850305642e-21
0,0.0010349046720941695
0,0.6324623604074624
0,0.48231820680439563
0,0.13057966981632152
1,0.3264033359636743
1,0.3980454166829354
0,0.2966974260111997
0,1.582834008461871e-13
1,0.9999996506870404
0,1.908170171753166e-05
0,6.049467750655528e-13
0,2.6505648197924363e-17
0,5.196731376712085e-09
0,0.19919824143030615
0,2.1783994904885697e-15
0,0.5200546816656101
0,1.259646436437632e-06
0,2.939393020374754e-08
1,0.6684813890448996
0,4.917256051507111e-12
0,2.4422271292979848e-08
0,0.1861337902375155
0,1.790787047862471e-19
0,1.2953007041172341e-06
0,3.4082350118012833e-07
1,0.17616962813667938
0,3.11062348753109e-10
0,1.0186740879252908e-07
0,1.1016532061514556e-18
0,4.730421696871258e-21
0,1.1779774134294268e-05
0,8.288295113047765e-11
0,6.100152784519537e-11
0,8.911820524009744e-15
0,0.0536895514457063
0,2.9823054592023074e-07
0,3.114924342452875e-07
0,0.021454530441548568
0,6.474710918740127e-07
0,1.3599005703564398e-10
0,2.3806621680375975e-07
0,2.8181256703649104e-10
0,3.15104941976256e-09
0,2.5792896942024374e-13
0,0.3110847268026569
1,0.4632190963034744
1,0.9791826691620413
0,2.4541756262925363e-15
0,1.9480948019270137e-12
0,3.5928795811625708e-12
1,0.16382645292376008
0,1.2735224963500947e-12
0,2.4518705446699177e-10
0,3.205788430969861e-17
0,0.11821894425198616
0,0.37965961078267463
0,0.38375039306023967
0,4.877373316934839e-12
0,0.2340365629039439
0,0.5981272957882185
0,4.683816560531025e-24
0,6.372579785658519e-12
0,0.2420062620829955
0,1.3149524308451423e-07
0,6.644782901658296e-05
0,1.8998250718172098e-06
1,0.5536601587109613
0,6.939289790595949e-16
0,0.24700671205623215
0,1.729758536806719e-12
0,4.129922474137262e-05
0,4.722887515586021e-13
0,4.295171374522512e-06
0,4.483304083200578e-08
0,4.7947391950139344e-09
0,3.249738501764999e-08
0,0.010778600288328189
0,2.4044446201071045e-07
0,0.03344009463275813
0,0.3498673706305077
0,7.014956422466581e-11
0,0.35534691522637063
0,0.06993470354769954
0,4.71575514167909e-16
0,0.5132694583396334
0,0.24902751275048918
1,0.49149087459635427
0,3.2534810298108442e-12
0,9.381239880012294e-09
0,1.8648485996513034e-07
0,1.3381610280915904e-07
0,7.60953825835322e-17
0,1.859906380848365e-12
0,0.11210569519407064
0,0.00016767953154641496
0,7.850359710923459e-13
0,1.4872144907651845e-06
0,0.08267699458101754
0,0.000380960369436251
0,9.548356912929086e-07
0,0.7256538388973787
0,0.2425471854895355
0,2.0696602495277706e-09
0,1.5009626256563895e-10
0,1.8761625481131703e-07
0,0.0023601224461470846
0,0.314479890209715
0,1.2903948538502643e-13
0,0.22796917848520146
0,0.24969672916629004
0,0.008880473029175618
0,3.3329675621459815e-17
0,1.194315239259686e-08
0,3.055081249826589e-08
0,5.534197568808542e-06
0,1.0200360697958805e-07
0,0.0005856146670394426
1,0.35664520102974767
0,1.905091962173701e-09
0,1.8988209934789567e-11
0,2.969156919064959e-08
0,8.136919655377914e-12
0,7.598840662240995e-21
1,0.1855209169537283
0,1.4017079009960087e-10
0,1.3044299299946314e-07
0,4.4685817596407106e-13
0,1.9326091077866258e-07
1,0.5491307606803086
1,0.15678184916513876
1,0.1528384806056642
0,4.442547009869675e-12
0,1.806893080279419e-05
0,4.199833810899114e-09
0,0.480923295431608
0,1.229136183576832e-06
0,0.3564427736165255
0,0.07884040309515347
0,2.545871894690059e-22
0,1.1419795970070967e-12
0,3.6339278042021307e-19
0,2.7280696945291173e-11
1,0.7221123338560248
0,0.18306828896495134
0,0.42428314113575527
0,8.44792412920151e-15
0,1.790787047862471e-19
0,4.175295803042025e-18
1,0.49031291004749683
0,1.2760458050328493e-11
0,5.495476558815022e-07
0,9.396148454806062e-10
0,7.67758371316871e-09
0,1.5183446674474647e-07
0,1.854072994884418e-10
0,0.4543421697074473
0,3.2328928248364295e-11
0,3.6000553065280674e-13
0,0.21766083459309035
0,4.47299201460613e-15
0,3.413723053260716e-11
0,0.6324721107653528
0,4.6507459804713624e-08
0,3.137807484134808e-07
0,0.004174772283532851
1,0.11933442885658795
0,3.6000498767267154e-14
0,8.547646790241174e-07
0,8.900215340832398e-16
0,2.7477323736289423e-08
0,0.13224948893715902
0,0.1473767178027166
0,3.594495701298221e-11
0,0.00016482169839529797
1,0.3657351982778136
0,1.5603295031221197e-08
0,5.603649876566708e-09
1,0.26424270582064857
0,4.415195866599315e-11
0,0.44836614685325954
0,2.145296010614507e-11
0,8.563431772282553e-22
0,1.369228303715177e-07
0,1.0017284177781622e-12
0,0.07021712422954719
1,0.32353390560444045
0,9.899032786907818e-16
0,1.2207852706421436e-10
0,1.0139810192725585e-12
0,1.8138271787220433e-12
0,0.23483712689406244
0,9.466902334830345e-11
0,0.02758713732799779
0,0.14345378941480752
0,0.2278822209979025
0,0.24163021074965943
1,0.4244906853901802
0,0.06380092886992425
0,4.2710787976615025e-15
0,3.267737298134512e-17
1,0.38108075367632366
0,4.2962475734918983e-10
0,2.653622319467745e-08
0,0.023286162093515504
0,6.6054849846599845e-09
0,4.2474605243120537e-11
0,0.17800661019196254
0,0.08648372496313668
0,1.1953639825897021e-12
0,3.0311332673660805e-22
0,0.00045931139940379005
0,0.4160210518731437
0,5.149989219395167e-18
0,9.976815224978702e-13
1,0.3715758596738406
0,4.696483731742134e-09
0,9.623467377513714e-10
0,3.539848499508048e-10
0,1.167301819722357e-12
0,1.4112338043268924e-06
0,7.97050085660861e-15
1,0.5134799063132043
0,0.017356154189999234
0,1.7620445060526204e-09
0,0.00032345262825883065
0,2.5522785356531994e-07
0,2.0096347366410253e-19
0,4.333294821190898e-11
0,3.3851969819239432e-12
1,0.5415191311807698
0,3.2408596004079886e-11
0,7.62079604029692e-07
0,0.41003737219273945
1,0.48435368106515403
0,1.442192749599608e-10
0,1.4499688334851087e-05
0,0.16048286401967096
0,0.2899372807967294
0,0.19610462476636997
0,7.48731629899823e-09
0,0.47792914986707236
0,1.589623653817026e-19
0,1.7325397747595547e-22
0,6.886533425546925e-07
0,5.367901414758494e-05
0,8.446970516997559e-08
0,3.3422114436190067e-10
0,8.52296798912279e-13
0,0.393909810170719
0,0.18077327105547286
0,3.969543135095449e-19
0,7.302206583993793e-15
0,2.980467216204141e-09
0,9.4691727171351e-11
0,0.14683072952141976
0,0.38762923761365736
0,2.0519439825862875e-08
0,7.80938131501479e-13
0,4.3733724746018233e-13
0,1.4147658318059285e-05
1,0.11806389303645043
0,0.13237447143567294
0,0.017389514752135165
0,3.781916245776753e-13
1,0.16958466064399538
0,9.846912937067286e-22
0,0.24525775805884373
0,8.56090823722681e-15
0,0.21863579090577948
0,1.3710610734892759e-11
0,0.2834246787914233
1,0.5878727919172582
0,2.6389903166143242e-08
0,0.015510024279847386
0,1.2162911736111192e-10
1,0.5684689793905168
0,1.4217073832874223e-07
0,0.03373950648871132
0,2.0249217992416794e-12
0,1.2334976275324148e-08
0,0.26234621391964913
0,2.778933263498066e-12
0,2.710293669080751e-12
0,2.6697002575155716e-12
0,0.019188453986058493
0,7.197272781141423e-18
0,2.119132422242927e-06
0,4.071541628218998e-08
0,7.397666704475773e-07
1,0.8101792040751503
0,2.5874611394652106e-09
0,2.863826816278639e-17
0,3.251515756781421e-08
0,0.3670857758046297
1,0.7025131348914426
0,0.3213345552060115
0,1.5971686121636886e-15
0,0.013163341684130268
0,8.733835661148373e-12
0,5.84776825715757e-11
0,7.0235290800609e-22
1,0.34785326356671986
0,4.946871472236445e-06
0,9.820287384062034e-11
0,0.18245991108488493
1,0.16453984619276418
1,0.15247011983642134
0,5.175718797661142e-07
0,2.7187531993700228e-14
0,0.0004944710524230519
0,0.14040064627456625
0,1.6109918871328179e-10
0,6.919933038918112e-10
0,9.455221314270203e-14
0,7.156397675964473e-18
0,4.5863156063394004e-05
0,3.600248227239084e-16
0,1.228777922249943e-10
0,2.955055653217524e-11
0,1.2522243826859387e-12
0,1.825656500436661e-10
0,1.4048004385980285e-13
0,1.8734470487110877e-05
0,1.3825309916472528e-13
0,1.4134918493279361e-10
0,4.622958382992392e-08
0,0.21066916993724386
0,2.5902666980374985e-13
0,1.8020379313822908e-08
0,0.4276667787855644
1,0.11588539758234208
0,1.824117380341081e-11
0,1.5151793385959042e-08
1,0.2719541860778922
0,2.893441302107015e-10
1,0.27535681776842175
1,0.3198634023021858
0,1.9479783518487516e-18
0,5.056963119028938e-12
0,0.0018506443446303646
0,1.7680931274984127e-08
0,1.1175439207538206e-21
0,2.545871894690059e-22
1,0.21855503843939306
0,1.5950721329087694e-14
0,0.1395881676008619
0,2.629457050534657e-05
0,0.18193493387233195
0,1.4310147655711808e-11
0,4.7674869852170256e-17
1,0.28268636704414396
0,2.3152987605406243e-05
0,2.021766706169073e-07
0,3.790213658275193e-10
0,2.2399472113468013e-13
0,1.9489774997481925e-10
0,2.4366213417978694e-08
0,1.7963205818073927e-14
0,0.059901628272605804
0,0.26056445191240013
0,2.523277058022951e-13
0,9.99725773061308e-09
0,4.861764692000646e-18
0,0.4938306397574633
0,1.4548496931456456e-20
0,1.196561790284219e-08
0,0.3097209217418563
0,4.872292011873516e-22
0,1.0101352231483202e-07
0,2.453298813655722e-11
0,7.1268775588489135e-12
0,0.1252452912358885
1,0.5155521244084368
0,9.29392461216094e-14
0,5.6855927861552045e-06
0,5.408572065636817e-11
0,4.286577353257224e-15
0,0.0001932314854756067
0,0.5633060538501601
0,2.7968908237151905e-13
1,0.31197536010562094
0,1.4132265440184595e-07
0,1.4074956188660256e-06
0,1.5723201824933187e-12
0,0.00237642344398642
0,1.31618082436626e-15
0,0.03933432883954473
0,3.37964913136362e-08
0,1.7430533932254176e-11
0,3.5252080701356624e-08
0,0.49192163767103125
0,3.7875531283635415e-08
0,1.4345992688039858e-11
1,0.5542369400019325
1,0.1165870822292272
1,0.4143853578113755
0,1.253074967370262e-06
0,2.3015193480862125e-15
0,1.5971686121636886e-15
0,8.596489537783922e-14
0,4.939125476322709e-06
0,1.0084854412088769e-08
0,1.783832709282933e-08
0,4.3425642307018804e-18
0,1.6472557007812724e-21
0,1.0278597510891726e-06
0,6.499556858888191e-08
1,0.7022718478626152
1,0.27993670692688877
0,0.00013806396996985274
0,1.0964199529616592e-11
0,0.00021561761647666635
0,1.3376827984727514e-09
0,0.08511691980260976
0,0.017867161704400947
0,5.993715939789836e-09
0,5.762331200334744e-05
0,0.09440720943682633
0,1.4493367768749799e-08
0,8.56090823722681e-15
0,1.1488014970418072e-12
0,1.7377546167431698e-07
0,1.568918778386517e-15
0,1.1483221473635787e-05
0,3.7601417184594503e-16
0,1.5030290165637653e-08
0,5.379876702119617e-08
0,5.794921113877931e-21
0,0.6482604863115446
0,1.6093176064276047e-07
0,0.01188624034503035
0,0.1032349005643551
0,0.10915294272438907
0,0.47634753549867637
0,8.261208749970432e-13
0,1.1975503803091116e-20
0,2.3984503158981173e-12
0,1.8663112235494065e-07
0,7.411149001862838e-09
0,0.16127051763615877
0,1.3409766482017924e-07
1,0.28813770717079906
0,0.10105506222596325
0,6.362141630603006e-09
0,4.508770180687304e-08
0,7.003539190097622e-18
0,4.7077124893304115e-07
0,5.0518958784989915e-14
0,2.1150113721799507e-08
0,9.64298474267688e-08
0,0.00014919625248285777
0,1.560287908647176e-10
0,1.568918778386517e-15
1,0.8876666729088334
0,1.10509975808164e-06
1,0.7445516315317006
0,0.0004767506763899087
0,1.46461701244291e-17
0,2.613677930520109e-10
0,2.6060519938471682e-14
0,0.1788615183179893
1,0.5481848219992707
0,1.1126205911586546e-06
1,0.35379934029716514
1,0.5337483821593866
0,2.175440384349239e-06
0,0.08960903673520673
0,1.619472173784811e-08
0,3.757758586919823e-22
0,3.5447146145699093e-19
0,2.0027456698131547e-12
0,0.5786265489597683
1,0.8057259017743879
0,2.0310834936477506e-13
0,2.3152807632522537e-09
0,2.5237841103103008e-17
0,3.4194053241716513e-06
0,3.881844221887385e-09
0,0.05751215997307209
0,3.4466415127435084e-07
0,0.4240455175966973
0,1.7509421573557726e-07
0,0.158720233287113
0,2.3387278853039573e-10
0,1.001240207709605e-09
0,1.4803751778264477e-07
1,0.22395992236618004
1,0.3439179575042598
0,7.047159467655867e-08
0,1.356386563934247e-06
0,2.71297490586859e-15
0,1.3565716950103544e-09
0,5.179957017364862e-13
1,0.29647540477931245
0,3.7369361338693325e-08
0,0.3406859628122201
0,1.307599837511157e-12
0,3.4048962691353624e-09
0,3.5321687448155357e-10
0,2.410829111882886e-19
0,5.258185285465539e-10
0,1.7678794121254908e-10
0,0.2753448425290802
0,0.1813583664092307
0,1.084920982038595e-22
0,1.4984387201505927e-10
1,0.3481892539922202
0,1.466534440535155e-09
0,0.029277719475823256
0,1.3474488514353004e-10
0,1.2642648528046326e-18
0,6.352278372481413e-09
0,0.2217271028534553
0,0.21942374304057827
0,1.715383323961802e-10
0,1.295048193226122e-10
1,0.21986623179204734
0,1.5050450518707284e-21
0,0.3250910111272703
1,0.41175531933285187
0,1.060594743417669e-08
0,2.8249959588872264e-06
0,0.0005856146670394426
0,5.252768594906632e-05
0,1.77122970448381e-18
0,1.4726102502720108e-08
0,1.0997223006229653e-09
0,5.69586414926634e-07
0,7.415959293328736e-13
0,2.247781469195788e-12
0,2.2493153993298875e-21
0,3.909244058069714e-08
0,0.08949982243196505
0,7.120377196185349e-16
0,0.24032783919064232
0,1.3296516185912574e-11
0,5.070984534895517e-13
0,0.05020342880077803
0,2.7968908237151905e-13
0,0.09664467791088163
0,1.3173170263469794e-07
0,4.719424591650448e-13
0,7.541349103776082e-08
0,0.047309435619004685
0,0.061380489011245036
0,1.070246174618432e-09
0,5.116510562511453e-06
1,0.4827257409689416
0,5.438784887458278e-08
0,8.56090823722681e-15
0,5.374002465811603e-11
0,1.2081131419771204e-08
0,2.3919073436612155e-07
0,6.014662537081653e-13
0,1.1722471423271001e-18
0,1.754655228845544e-06
0,0.131112365187867
0,0.567862645002285
0,5.649459170993938e-08
0,3.9103077604403753e-11
0,8.982010240030996e-18
0,0.048846500343364525
0,3.987858800677751e-12
0,0.00023907739580231264
0,0.3247438445811221
0,0.10593615624538058
0,9.312867468641238e-12
0,0.18340531578701713
0,8.781466672968375e-06
0,4.0563508257342976e-08
0,9.368063247759387e-09
0,0.09627984398554282
0,0.0006911050864208224
0,1.054036720082083e-05
0,7.078557370067714e-10
0,0.15981110043981342
0,0.21289250195085435
0,0.12050954465344471
0,0.29397697742434137
0,2.542866552492306e-06
0,0.18184984249305652
0,4.0959526090508326e-07
0,8.748981668150938e-12
0,1.058875321898934e-11
0,2.64075292024224e-08
0,0.1161638841252375
0,9.899032786907818e-16
0,2.8871295258123207e-13
0,4.5989995179748417e-10
0,0.19155007573599533
0,0.10596749658212976
0,5.669260868357196e-13
0,2.469499845283022e-09
0,2.4926067905060752e-17
0,6.415258779309605e-05
0,1.2642648528046326e-18
0,1.1034510408532444e-05
0,8.661976690897996e-17
0,8.244969586187744e-08
0,1.012491613733213e-06
0,0.3294311287753738
0,7.808285542781291e-06
0,9.305438152567326e-13
0,1.3817776725204974e-16
0,2.120031748869305e-05
0,0.12410197785994535
0,0.020889706444362638
0,0.048018807054791
0,3.230004815745812e-11
0,8.56090823722681e-15
0,0.02934582342532111
0,1.5971686121636886e-15
0,1.0957820807866583e-15
0,4.188014136328287e-08
0,1.5454399011251842e-09
0,6.951211977373192e-13
0,5.02521003129594e-10
0,2.8431341342165317e-05
0,2.1579506999177437e-12
0,3.463435753023378e-07
0,6.462201216080777e-05
0,1.7964989558549891e-06
0,0.00013806396996985274
0,0.1938067017173267
0,2.5547956174956635e-06
0,3.4085721257540383e-19
0,3.743744702819551e-15
0,5.282734441049225e-19
0,1.0369906813683099e-05
0,3.463317608878374e-19
0,0.029040337498087314
0,5.938028092645673e-10
0,5.74643921159546e-20
0,7.18973423423322e-20
0,7.356641612718208e-14
1,0.7236745036901727
0,2.6136779305200997e-10
0,3.3682935515967354e-16
0,7.013897975620385e-07
0,8.55611623756141e-12
0,1.3532609653532864e-13
0,0.07603002221252475
0,0.056119765459301196
0,0.0035174637321486743
0,1.9824407595246762e-08
0,2.1968148915880695e-07
0,3.179578078824735e-13
0,3.5726308619216296e-07
1,0.4796183634450334
0,1.4152446564865193e-11
0,1.555815008699159e-14
0,2.4265105849674086e-19
0,6.223837386281556e-08
0,0.4393851343411378
0,0.17851820788498673
0,0.20182761744859087
0,1.1677196658079978e-05
1,0.45810771348524315
0,0.32943555598259405
0,1.7488894064385565e-11
0,4.7104186377207745e-18
0,1.3434348191266995e-09
0,9.914598984743666e-13
0,3.0903406914090667e-06
1,0.30039677715315816
0,3.997435000154301e-06
0,0.14912775430329173
0,1.6264760846401318e-12
0,7.116856045412774e-15
0,1.9665419639044065e-14
0,0.06147392475882862
0,1.6165289077119608e-09
0,0.2175874208937205
0,1.9723992317145567e-10
0,0.16388413640201746
0,6.537166899540183e-12
0,1.0922584349470857e-12
1,0.7552022699717956
0,0.0033548114785956515
0,1.1078701536025577e-11
0,1.226616497749606e-07
0,0.09232117036049671
1,0.49799926346554685
0,0.11326911230892424
0,4.991335869577321e-09
0,1.741922996665275e-12
0,2.2055202588537645e-08
0,0.49248653150203503
0,0.007004566386426417
1,0.30816681138506524
0,0.23735546069368182
1,0.6060360562195407
0,5.7300728712696035e-09
0,2.3648220345580305e-09
0,0.20855163801317783
1,0.5735634921791591
0,7.25669403374545e-06
0,0.03849442902811572
0,0.1018816718134341
0,9.538500927036283e-13
0,1.4570410845027492e-07
0,3.1702637531905254e-08
0,5.369329611856947e-06
0,0.010906588729265202
0,1.2312987094867882e-08
0,0.09831460047045475
0,9.615790790740387e-11
1,0.456336049232622
0,0.40918833092080575
0,0.41817334595246697
1,0.20872261258961494
0,3.700288687644573e-19
0,7.910446415986946e-06
0,1.3953918722888512e-05
0,2.5095331117142656e-18
0,4.657000829778663e-10
1,0.6312804138567659
0,0.5241104615237222
0,2.0639690553127497e-06
1,0.3668197841835278
0,4.030710811957724e-21
0,0.39074632696482425
0,0.31548520212726655
0,0.34882923190431453
0,5.9706229193419925e-12
0,1.4295456549018905e-14
1,0.23449377052109535
1,0.1277152919583333
0,9.661897069816786e-11
0,1.9950373516534706e-11
1,0.11617639429898409
0,1.061101850531769e-06
1,0.7231037925529933
0,0.00016622694147951843
1,0.40405527353440246
0,1.2306740121855827e-10
0,0.00029997381142277254
1,0.6094029949713593
0,0.0005694051327006311
0,3.900753402794809e-05
0,6.906170312854505e-12
0,0.15059900643723764
0,1.6899078068376026e-07
0,0.47377174996534255
0,0.4412164815614133
0,6.262850284319551e-08
0,1.5584616379958814e-08
0,0.1850996229634469
0,0.12396586856957824
0,1.7431079197384338e-12
0,0.17040489613799356
0,7.120377196185349e-16
0,0.049516700589595675
0,4.5989995179748417e-10
0,5.642266439358676e-19
0,1.470581503610851e-08
0,0.16624815646274077
0,2.4534960781222995e-05
1,0.6518459076150315
0,7.950120466668171e-10
0,7.686618522936465e-08
0,7.157386065420784e-11
0,8.425444457455813e-17
0,0.5307908225686016
0,0.21480252466183178
0,4.5264923521977655e-10
0,2.085883226274062e-07
0,1.6992828632493216e-10
0,2.6636358073253594e-22
0,0.25826043778727226
0,1.7188080910472703e-06
0,1.6706899913367113e-15
0,3.817009163141893e-08
0,7.452021786994263e-15
0,1.568918778386517e-15
0,3.542598151783737e-16
0,1.609207249834809e-15
0,0.19350575414364327
0,0.19051027830608136
0,0.41442721995414694
1,0.46152642443853853
0,2.7541233185214095e-05
0,0.10433185817921958
0,0.020642107132045305
1,0.5488172920162836
0,1.589069606870157e-08
0,7.923847882871258e-14
0,0.1369138208931658
1,0.3656218924435551
0,0.023084862194953638
1,0.292403026741449
0,8.547646790241233e-07
0,1.6832164143434932e-08
0,1.3147065089365827e-07
1,0.5639998583677969
0,5.5921985546455877e-11
0,1.4892881125747694e-08
0,0.0005986506300587222
0,4.811530499668693e-11
0,1.1484670555254425e-08
0,4.77529700677469e-11
0,2.871386140465162e-16
0,0.00020042042884275358
0,2.1831818857309923e-06
0,1.396571246594461e-07
0,1.5764829679892245e-08
0,1.7830705332767366e-09
0,1.2702790069808011e-09
0,2.045490963669729e-08
0,1.5807488509591993e-06
0,0.23366844649124816
0,6.510348440995878e-10
0,3.542200548251467e-16
0,2.090942608690714e-05
0,9.816511522983442e-12
0,9.078319606716813e-23
0,5.569951463359584e-14
0,0.2088957480497935
0,1.938015648113611e-08
0,1.8795848337488336e-06
0,0.07627755557678094
0,2.772511586571569e-09
0,0.21768849406486268
0,0.0026899685154833128
0,0.15905126068289557
0,2.3082894183578422e-07
0,0.013750411536877756
1,0.33132091577949985
0,0.16164180212360574
0,2.2084405910819136e-12
0,1.0058113624560802e-17
0,3.492294854196112e-08
0,5.2450444730563234e-14
0,4.642267781812417e-13
0,9.563753579882574e-10
1,0.42859708893047965
0,0.14154856746549552
0,0.10242167600286971
0,3.423708491612126e-10
0,0.17935625814234063
0,1.8300962000677773e-09
0,0.013723653893145091
0,8.505033343811963e-06
0,0.2567514804033947
1,0.6355552743292932
0,2.3356656843329798e-15
0,6.458182548105843e-07
0,4.0504831455390345e-07
0,3.8331963672003595e-12
0,2.0006525870470746e-11
0,1.2315967660027513e-10
0,1.1267355439131478e-10
0,2.102838780848009e-13
0,1.9946460434127316e-21
1,0.6513537501019473
0,1.658003619431342e-08
0,7.795875947976843e-22
0,0.026090580953875408
0,0.5002789210270269
0,0.14389119902394132
0,0.11199972370636296
1,0.35797156131784585
0,0.06963798544058704
0,0.5661384642729165
0,2.2896503310602736e-12
0,9.411861176302485e-22
0,1.8734470487110877e-05
0,8.967165398357571e-08
0,0.23263339744927858
0,0.025577696322792977
1,0.2339367494187206
0,1.3550359663043462e-10
0,2.2631814573123406e-15
0,0.25642534198858835
0,0.11948778439445053
0,0.5182563962880561
1,0.3583614784021551
0,0.4668548818818176
0,4.279552874037052e-12
0,0.20568277670913715
0,0.39915752211398947
0,0.4112951474875913
0,0.2529252935336247
0,1.709378798679126e-11
0,0.2988840095793536
0,1.3285540481988614e-07
0,8.138633680884326e-08
0,0.4634602114856267
0,0.1040261732944051
0,6.876946918405109e-15
0,1.3666762544131736e-08
0,0.39867245827380854
0,6.572805500019255e-17
0,3.2331307344869777e-12
0,7.902042137267341e-08
0,1.3835858530715522e-13
0,2.2347980327072564e-08
0,8.604254724406525e-15
0,1.8058664344989704e-14
1,0.2785150528171874
0,0.0748987715191685
0,0.2433073758656202
0,5.687703585489383e-09
0,1.894270163351432e-12
1,0.3090131605396832
0,1.850607212929439e-08
0,0.002232351834050545
0,6.137974325081981e-11
0,4.551597535698417e-06
0,0.12857282388346744
0,0.35255191586715007
0,1.743904093535055e-18
0,4.741835935166583e-10
0,2.263627386131637e-15
0,1.061178997455242e-08
0,5.751591052808419e-22
0,3.366784936305428e-11
0,0.12476838645082837
0,2.7589254417382713e-05
1,0.3698594348428132
0,8.879153651158723e-22
0,0.30459149581478473
0,0.043995610494154576
0,1.0483544913265884e-17
1,0.35397038332294195
1,0.08114352639789192
0,1.9132282078548627e-09
1,0.4299521153110003
0,4.249242955816249e-21
0,0.08169635032785863
0,4.927176672177575e-10
0,2.229630352438682e-09
0,2.078198398847414e-07
0,0.12231868018039024
0,2.1155747957964184e-10
0,3.45436590777441e-07
0,1.1866698535694139e-10
0,8.08199902164346e-09
0,3.889712116262025e-08
0,1.972605894910737e-07
0,2.152017144083342e-09
0,3.522329669243163e-07
1,0.39077434644812314
0,2.855643370806079e-09
0,9.31201764244874e-16
0,0.09426995068704522
0,5.518060842757851e-07
0,0.5210151957120523
0,0.2299331824020385
0,8.285676217025383e-13
0,1.0463856926963233e-21
0,0.00012427632631045163
0,7.736176960105017e-10
0,0.3566859389458856
0,0.0009940333064150542
0,1.3897409590354829e-12
0,0.21748811962689668
1,0.5113028082669787
0,0.017361225529007644
0,3.5604852360495846e-11
0,0.19490390929781273
0,1.568918778386517e-15
0,1.730451810567601e-20
0,1.2977000217479123e-08
0,0.00042161235731828556
0,4.3699701485690725e-08
1,0.45114786688427
0,2.955682256548092e-10
1,0.6469781106518293
0,6.764347481967462e-05
0,0.4532619456379642
0,9.942115405276508e-07
0,0.29832089163860603
0,3.5040660118641324e-08
0,1.8494146225762495e-09
0,9.64652920881121e-09
0,3.6660199316907806e-10
0,3.627063598249197e-07
0,4.5989995179748417e-10
0,8.936640083551981e-07
0,0.647517276791138
0,0.6463347082685036
1,0.4044573166404463
1,0.2726968900431094
0,1.0779221871505784e-09
0,3.613340997493031e-11
0,2.8177556260853544e-06
0,0.003293583447379094
0,0.05691897323053728
0,1.5002212215537738e-07
0,1.5156541981506072e-12
0,5.443724486559639e-13
0,7.219927593521445e-05
0,3.474989414343617e-07
0,1.3493725282435455e-08
0,0.05809320093354434
0,1.5697256629062318e-06
0,4.171455341216017e-08
1,0.41526564433856095
0,0.26675074186846154
0,9.88509128509489e-08
0,3.674951274564531e-12
1,0.6072599506338252
0,4.635027136101775e-15
0,0.22774456831501758
0,2.021766706169073e-07
0,8.963459087373479e-23
0,0.1980357871635769
1,0.11326080722354687
1,0.32047970741647774
0,0.16777973548490152
0,1.088726077840309e-06
0,6.920986434188933e-22
0,0.41371230583720736
0,7.210908250275233e-13
0,1.7292876609609281e-09
0,0.1867198357427913
0,2.431715751047382e-07
0,1.4111332928229708e-06
0,0.16146827377197268
0,0.0019152210767887058
0,1.2324111302742599e-05
0,9.324696862445748e-22
0,1.0815087810849893e-14
0,0.004862267897211668
0,0.07038225019532243
0,1.1941450706585928e-14
0,0.29391139513330655
0,0.04962391176199216
0,0.5404488373758857
0,5.409162542811181e-12
0,0.22634552392273802
0,1.8681897693784784e-09
0,0.29854507545897385
0,6.091458715173349e-15
0,0.0002508252653194536
0,5.869500401464234e-23
0,2.808168778229204e-13
0,1.3012035600409112e-06
1,0.6886117980061834
0,0.6452833858781354
0,8.163772596495097e-10
0,0.1975033909481954
0,3.5447146145699093e-19
0,1.1064615478932858e-09
0,8.049076701980628e-16
0,1.938015648113611e-08
0,0.20805139991414953
0,0.45975194986864926
0,1.9686082224837745e-07
1,0.24286464166005972
0,1.335629606777088e-09
0,9.618718852523111e-10
0,1.4606579758928555e-11
0,1.8778101559389534e-12
0,0.07462360027585974
0,1.4927764664760172e-05
0,1.0418185781031236e-16
0,1.8901596750559862e-15
1,0.4273973928722001
0,1.721676435868588e-05
0,5.518680587780916e-07
0,1.4709498799613592e-10
0,0.14453317107054792
0,2.333320473312508e-10
0,3.528921988881965e-12
0,1.026404861905194e-12
0,1.102727700971598e-19
0,0.3783511966106453
0,0.40881256350176964
0,2.421415319277202e-10
1,0.36744195219337955
1,0.5443704606077989
1,0.26149353817490745
0,2.9363054575133355e-12
0,3.156133318198279e-10
0,2.7361947591807218e-11
0,7.372133817550734e-09
0,0.021225115268141276
0,8.794117284426378e-11
0,0.18754745769581416
0,8.310595997581986e-15
0,0.13098007252108057
0,8.900215340832398e-16
0,4.7268789902249444e-08
0,7.120377196185349e-16
1,0.2957328844735237
0,0.5041149091347222
0,0.5338522531961948
0,0.15458126656086837
0,0.10916444147350955
0,7.283290173233366e-23
0,0.3540515497796942
0,1.319099227932231e-06
0,2.4855673937091414e-05
0,0.013722151762544729
0,1.8614554952530738e-09
0,0.03418069823799447
0,1.6047299605313535e-09
0,0.2973691701550124
1,0.5905612025150865
0,1.129246654652895e-12
0,2.6060519938471682e-14
0,1.232617374613379e-12
0,5.778717712538381e-08
0,0.1609492600786708
1,0.13856157311663364
0,0.06324335735393243
0,0.1201928963396393
0,1.8395018009976756e-07
0,0.3770166178056651
0,3.498203972295018e-19
0,0.1788689955485211
0,0.061286428691289946
0,0.20870047470117956
1,0.29933271773399905
0,1.0780578940422356e-07
0,1.4814629265261118e-06
0,0.0006035798385322234
0,0.07675830972419738
0,0.07017138623746214
0,0.02452974291421885
0,8.370572248580302e-15
0,3.0764162277090277e-09
0,2.241059431664086e-22
0,7.565437813989413e-22
0,7.503260426466955e-09
0,1.227493051867918e-10
0,4.7832523177729087e-11
0,1.1727723809826333e-07
0,7.466062032429273e-15
0,7.67758371316871e-09
0,4.019774163007176e-13
1,0.4223672353394342
0,1.3173170263469794e-07
0,0.0488967653087409
0,0.30586979386392366
0,5.52781217867063e-14
0,1.9272704096316395e-10
0,0.2787133804934644
0,5.273513905484019e-07
0,0.014716602289270984
0,1.155456450295666e-22
0,0.06175874267006554
0,0.0011933900764258645
0,8.803085831298393e-10
0,4.046348918167437e-10
0,6.975514646357736e-21
0,8.102736558414835e-07
0,5.770790392336697e-07
0,0.006239385796593781
0,3.4657923944462376e-21
0,0.3057632267865757
0,4.923150384705694e-10
0,0.01499883380906348
0,0.22329097657537414
1,0.2516260483203157
0,0.18690300769779164
0,1.3169250551640984e-15
1,0.3679794503102215
0,4.204629035815566e-07
0,0.3026377514168216
0,1.509474795028357e-06
0,0.06903506206480657
0,1.539467743434552e-09
0,2.261781583806747e-16
0,0.2565753650380185
0,0.009662270506826259
0,8.542075071213976e-06
1,0.3718128225337675
0,0.06560470970769611
0,6.777874874794941e-11
0,1.4185566628286723e-05
0,6.857806930665846e-07
0,0.018252231683059235
0,2.331418698103918e-07
0,0.028009290151741202
0,1.2224397003821881e-20
0,0.009493857053651885
0,0.14713050333102098
1,0.4413002592174108
0,7.266643277769736e-15
0,3.10290137000041e-10
1,0.35136053369742787
0,8.370572248580362e-15
0,9.447546491009399e-12
0,3.013434080338567e-14
1,0.265096104604631
0,0.11950493524068306
0,0.5428095518188684
0,0.11789592431662771
0,1.8663082675880574e-21
0,6.289227846587083e-12
1,0.0797427588608449
0,1.86759368234745e-08
0,9.403612978151742e-06
0,0.2248382978475617
0,2.2909384131170387e-15
0,1.91812162829602e-14
0,8.599220810476282e-08
0,1.7680931274984253e-08
0,0.011845200062799065
0,0.02825332919963765
0,0.03647820240925708
1,0.15590221206498203
0,4.506924109709669e-06
0,0.44631493709815817
0,6.384651063657677e-14
0,0.09513024760301973
1,0.21165581927113863
0,0.12815037651276495
1,0.39346420028234286
0,5.323685620154961e-08
0,1.8030875999863148e-15
1,0.18056974763785028
0,3.4571807561320163e-12
0,2.321555179384481e-13
0,0.33982670948961863
0,1.4002621633048354e-08
0,0.0020186726432394157
0,0.15857859799068794
0,0.09532583124003309
0,1.2800392143588879e-22
0,7.120377196185349e-16
0,1.1128419624528722e-06
0,8.058301408678967e-14
0,6.443820320526924e-09
0,0.34526542543671873
1,0.5401997122725014
0,4.787119621700402e-09
0,3.379127214757983e-10
1,0.571203074910388
0,1.5981726186060184e-09
0,0.23783578717978804
0,0.0874809471863294
0,1.5545900617677906e-15
0,5.129564200897513e-16
0,2.0897314561485657e-11
0,2.200750226408582e-11
0,4.063456479622591e-19
0,8.368648582401355e-14
0,0.4123558689864986
0,1.0246807973665252e-10
0,0.5245230008162727
0,1.2757614644818294e-09
1,0.2836796970975376
1,0.4259715443181865
0,1.661835539007819e-08
0,0.3601464870233997
0,1.8041021822443078e-19
0,1.8453633637975952e-14
0,0.06063046699852177
0,1.289247856593832e-09
0,4.654843188284478e-22
0,6.079614504929698e-16
0,1.7833714983948336e-12
0,0.3066395648231344
0,2.207917820267445e-11
0,1.1935019954543625e-14
0,5.598510926811274e-11
0,9.4691727171351e-11
0,3.952027394075813e-22
1,0.3436718721001974
0,0.033606020316884935
0,5.0148114525974026e-09
0,5.882844382312255e-24
0,0.06203895845426891
0,0.19988164223993676
0,1.6832164143434932e-08
0,2.6907971203631542e-06
0,2.2617494643503916e-21
0,1.4201314263138853e-21
0,2.866854416965443e-15
0,0.07520795807164532
0,2.25392006403445e-11
0,0.016246640277187547
0,4.145846951713652e-07
0,1.568918778386517e-15
0,0.31251725956121923
0,2.142517579485077e-09
1,0.3443354440420109
0,6.128117934666325e-08
0,8.505794730024526e-10
0,6.773632292874101e-11
0,7.861249294306021e-14
0,1.5995661207252218e-11
0,0.008892432370371291
0,7.012288404155111e-13
0,0.03469618089258903
0,6.78776091511746e-11
0,9.936476333202328e-10
0,0.025783358479594412
0,3.3109373897808577e-07
0,8.375322545688127e-14
0,0.04325889085419554
0,6.258373004124224e-13
0,1.5344807525478467e-12
0,1.0526921657726885e-07
0,3.58254351023211e-22
1,0.2784876127149192
0,0.05288845378836367
0,0.3589449193755737
0,3.6234106297048735e-13
0,1.0896976687503206e-08
1,0.5047730005766913
0,0.00026146161907673453
1,0.43391738444701283
0,3.678558682023845e-08
0,9.711368883834473e-14
0,1.0340676570518787e-10
0,1.1134689311757363e-06
0,1.5168191957296107e-11
0,1.568918778386517e-15
0,2.2871717349334794e-10
0,6.430257301024589e-07
0,0.18067616956034507
0,2.974606678897326e-13
0,1.7435951738432e-08
0,0.08027413456254835
0,2.300537628144016e-13
0,0.0013016284094644161
0,0.14749563316252118
0,3.3328792645344843e-07
0,2.5955012781726942e-09
1,0.42534716761639096
0,6.143254494962987e-07
0,3.6622047118316517e-16
0,0.5196298824408272
0,1.463446046698897e-07
0,5.933132673890701e-12
0,6.245877556303317e-14
0,0.0019033994265804824
0,0.2840214613145993
0,4.0458911776917097e-23
0,4.7034746673042996e-07
0,0.32112421239768885
0,0.02032559408359848
0,0.23646982062423808
0,1.0959760579022457e-13
0,5.561817535828999e-05
0,0.19853967769643785
0,3.998360303402266e-10
0,5.427084712575704e-12
0,1.970772783667753e-11
0,0.5330407107304515
0,0.3724339853514669
1,0.7261707174801835
0,0.29932485521145447
0,2.8208709903316405e-08
0,0.5229715985625382
0,0.18699974560659427
0,1.736339670898009e-21
1,0.13823832260565122
0,0.41943505419891175
0,1.6701125730619827e-13
0,5.1034775858710385e-06
0,0.00011645914236785774
0,0.19832040345235125
0,0.13398524263820427
0,0.37480396517559683
0,0.5921651050375685
0,0.00020767286801483083
0,0.14132458433540573
0,0.3531019125149931
0,0.10653465999824183
0,0.10247499645587224
0,1.702385855097416e-13
0,2.086308375995158e-11
0,4.806641862533788e-08
0,2.8404975406737937e-06
0,0.12745301508913554
1,0.6240131949238955
0,3.9551284757216204e-24
1,0.381657074900823
1,0.801731799816726
0,0.05666002912013018
0,1.3794963692205838e-08
0,6.866624307609321e-14
0,0.06963818402760906
0,0.24687116891158659
1,0.11446916334321049
0,2.2422130431260267e-20
0,0.013408416688657752
0,0.36162688525471753
0,1.8585485922923608e-07
0,0.04999461304965746
1,0.16192442466813967
0,4.961448709943711e-09
0,0.12113603431600993
0,0.0006848812265434419
0,8.30758755791552e-12
0,7.78865895367115e-13
0,0.3395916112469621
0,3.9687379140809625e-14
0,2.98614622865111e-12
0,2.6740549575721816e-11
0,2.410829111882886e-19
0,2.4110347475197424e-13
0,3.113017672974324e-10
0,1.6168628955098993e-07
0,4.0484367329920645e-05
0,5.272859781677149e-19
0,1.9873316614320567e-06
0,0.0005723299880664788
0,0.17189946575872087
0,0.09271590564608334
0,0.05502139790630048
0,3.054010022756055e-10
0,9.297860123403377e-15
0,1.4049652252659588e-21
0,4.4222164332195275e-10
0,1.0056118200851233e-22
0,0.18160843018391354
0,1.62493392497951e-07
0,3.126912247755038e-08
0,2.228769344981417e-11
0,9.953403103767775e-08
0,3.1253792014151404e-10
0,1.3317391975593487e-06
0,7.164155285690787e-20
0,5.657100107279047e-06
1,0.23376066633109285
0,4.8108345163816885e-14
0,2.5896909199595914e-11
0,1.4393505753209205e-20
0,7.387474258890883e-05
0,2.8796296644756195e-11
1,0.5160864998459194
0,1.5718913530368974e-06
0,2.6423645933132265e-12
0,0.33700312971474505
0,2.5389743817074034e-12
0,0.4033903654529027
0,0.003002096876597348
1,0.5942518052126416
0,1.9634631977435654e-09
0,2.7968908237151905e-13
0,5.515035345529023e-18
0,8.681314418018159e-12
0,7.686618522936465e-08
0,0.3053873073792688
0,6.27763299021343e-06
0,1.4245547715234128e-14
0,3.0806002381260434e-08
0,3.444216070665855e-12
1,0.39912861703003
0,1.2810762060874046e-09
0,1.0201872567069508e-05
0,0.06224968281128148
0,2.693442016774834e-05
0,3.051776993571954e-11
1,0.056802300139186614
0,5.5371232007969e-07
0,0.04818189901518591
0,0.2650041604467834
0,7.61390671532718e-07
0,1.662290864425972e-15
0,1.1014229648507168e-11
0,1.2615124931382255e-09
1,0.3490951936721921
0,4.256893512494179e-12
1,0.5591977592201017
0,7.120377196185349e-16
0,4.0330570861257466e-12
0,3.64713823963238e-14
0,0.35144773586924466
0,2.0946992591223107e-20
0,5.378603405768773e-11
0,3.645928005905055e-14
0,7.120377196185349e-16
0,0.2983191600026224
0,7.985388312723669e-07
0,0.38764941164821176
0,8.072927267131379e-10
1,0.4938078060170896
0,0.261884971717135
0,9.103296961934813e-17
0,0.14241663719664605
0,1.6832164143434873e-08
0,4.8146305854239606e-11
0,2.1501308894650107e-13
0,0.4175263102214522
0,3.0477122070169124e-10
0,2.2422130431260267e-20
0,2.772060716505674e-11
0,2.051427330794099e-12
0,0.2453430179861956
0,0.0020791328821830263
0,9.955108668065037e-23
0,1.0842283104314738e-11
1,0.8614729141829492
0,2.866550809805857e-08
0,1.0990198220915952e-10
0,0.04382626293278502
0,5.391963445986155e-19
1,0.9982214346126749
0,0.007042760754441302
0,0.017680546517388564
0,0.22589279407891477
0,1.8586515306973918e-14
0,1.3901614501711632e-08
1,0.27268240007915245
0,2.2322321490837282e-13
0,1.8432884587642663e-08
1,0.14382544743030584
1,0.2823154474882528
0,6.874375842317815e-07
0,3.8079589886973444e-16
0,6.975514646357736e-21
0,7.925840005457289e-13
0,2.5604261231510962e-08
0,2.934682192027951e-10
0,1.3022108654963213e-15
0,4.2621653482485777e-07
0,8.835234443173844e-07
0,8.900215340832398e-16
0,0.1309747983824204
0,0.15205509223301714
0,4.36302719632815e-17
0,3.053231001344605e-05
0,0.33030193169069577
1,0.7186578546507707
0,2.8994245621587865e-05
0,6.437803979864253e-09
0,4.974800210776533e-09
0,0.398969133539834
0,0.0025656330809430187
0,1.3027007599974647e-07
0,2.670164303007418e-12
1,0.6412056478444016
0,4.642267781812417e-13
1,0.38474087087658376
0,0.019555090478033863
1,0.6659659528413614
0,5.310819511151638e-16
0,6.911388681351787e-08
0,0.04290666193858991
0,2.742082940428192e-08
0,0.017184236395357908
1,0.35956494157710134
0,0.35608927868153134
0,0.1637717366450694
0,7.033714606441017e-09
0,0.17763321707555954
0,4.799694624187846e-13
0,0.18878542681795704
0,4.668691683343406e-05
1,0.6211903164266467
0,0.2647370814581102
0,1.927728329394922e-06
0,3.4372197245349512e-12
0,0.1396952059777293
0,0.511599451462593
0,3.673655912781063e-16
0,5.788363662417989e-20
0,0.016514127426016895
0,1.1522496910179311e-08
0,6.093334571851876e-11
0,1.133491282464616e-18
0,2.021766706169073e-07
0,1.7550758773874701e-09
0,9.729971126783922e-16
0,8.439689057015928e-09
1,0.23430112812522982
0,2.53929897521996e-08
0,0.27383502235308804
0,0.288543634990892
0,0.5470551913315652
0,2.209342212288303e-06
0,0.45744989041596495
0,6.721542892902261e-19
1,0.4178053421830801
0,1.978110843913963e-07
0,5.1947867164746166e-18
0,1.165984940467048e-22
1,0.5999971314785502
0,0.31829518417040714
0,1.8229032320195736e-19
0,1.8915576068235595e-11
0,3.0863707239235606e-20
0,3.145174847427515e-14
0,9.582310380333386e-08
0,2.1949877248477103e-07
0,3.952215531626184e-15
0,2.8035305207377816e-08
0,0.0002278573556022708
0,0.04510067165908001
0,0.19701647874963535
1,0.598573232861278
0,8.56090823722681e-15
0,0.141320182477611
0,8.300700807717259e-22
0,1.3416077163927625e-05
0,6.143829825189562e-09
0,0.02262671461691541
0,3.536656128928922e-11
1,0.48029835351305233
0,6.884168474614578e-11
1,0.5152682137090914
0,1.5799446253535495e-06
0,1.6995124977713818e-07
0,7.118067643874746e-16
0,2.0217667061690693e-07
0,2.499166103140562e-11
0,0.29187122118854136
0,1.289799382844174e-06
0,0.00018166946677805552
0,7.547307847035207e-10
1,0.1877454558024172
0,3.6582356155511017e-10
1,0.18572777743654384
0,0.00011568955849654454
0,0.13562109079280738
0,0.0013186596097599086
0,2.533010555064837e-07
0,5.996201186167645e-06
1,0.0878368280050188
0,1.1873579031785294e-07
0,8.098308075757559e-13
0,9.095156485379111e-09
0,1.986680389561963e-08
0,1.886227173534555e-12
0,1.1785573071045422e-07
0,6.106475490920325e-07
1,0.7473448303918315
0,3.566018032857138e-13
0,1.192767220568632e-07
0,0.1288509302299096
0,3.967698837149433e-11
0,3.194885021390103e-17
0,1.41963788812041e-05
0,0.2880713120883655
0,0.00021231203258164808
0,0.3798642147177189
0,4.811224479247085e-16
0,6.515861152572397e-12
1,0.1511073566863038
0,0.1910571383781334
0,0.004034364649109776
0,0.16384018646372464
0,2.3755302324078568e-08
0,0.000749744673853431
1,0.48902148226738346
0,3.053539137695479e-10
0,3.97719011365503e-12
0,9.402814752750588e-06
0,1.3541166154979642e-10
0,3.444148340697012e-07
0,7.337639560804342e-11
0,2.6060519938471682e-14
1,0.3659422447704526
0,3.6144904247214235e-08
0,7.120377196185349e-16
0,2.5719530530857523e-06
0,9.059959355393969e-07
1,0.4806826673980948
0,2.2155549069613022e-05
0,2.022602452214222e-06
0,0.11195421925675215
0,0.050545735210068526
0,4.2351328151190304e-05
0,0.33856350926487144
0,7.344110400670294e-08
0,2.2531453256125684e-21
0,3.817852321345258e-12
0,1.0434873369438537e-07
0,4.4556100589390314e-11
0,5.816483882232223e-20
1,0.6679954874432217
0,1.0082982220837748e-11
0,5.285853907594584e-12
0,2.5416246365509593e-09
0,0.4800878517375891
0,0.00012399093903611838
0,6.973841707835457e-06
0,0.01724442373487768
0,0.5133804770692866
1,0.9906371173367088
0,7.011454939496784e-08
0,0.1682754732286264
0,1.1159103462931272e-15
0,0.00013383359477801398
0,1.555882035243202e-08
0,1.5690475224790912e-11
0,1.7682470034227338e-08
0,0.0030772710030876477
0,1.286533442442774e-12
0,9.135635649652631e-09
0,2.3307895504533756e-21
0,1.7492915715434884e-07
0,1.196712429065492e-18
0,2.5385602108460244e-13
0,0.0024069425800001807
0,6.710950014830882e-07
0,1.3280785595981647e-11
0,0.09129101021245713
1,0.38574243649699197
0,1.0186716899991018e-12
0,1.344636212254272e-12
0,0.1784650508928131
0,1.7230561486476954e-06
0,0.4752664565270548
0,3.209996231932313e-11
1,0.31111525287231323
0,0.01728535882921194
0,7.5993654103227764e-06
0,7.571956670648729e-14
0,5.158096909915558e-07
1,0.8347524136842002
0,1.6950492568814674e-06
1,0.20323471013803168
0,3.569998257722847e-16
0,0.1950766250121237
0,0.3783941601851112
0,0.17005078093077058
1,0.5745000750247575
0,9.099068870233426e-09
0,1.6716697865223739e-12
0,0.373545270860993
0,0.01689181231335949
0,4.4135913592290065e-11
0,2.2367915912216503e-11
0,1.9713960011066244e-14
0,9.800846712529693e-08
0,0.7817270639135616
0,2.9824901607052324e-05
0,1.568918778386517e-15
0,0.07700108013172774
0,0.6370295053804982
0,4.3784819932917037e-10
0,5.1022807324679825e-14
0,3.1875522867826797e-06
0,3.925380633905206e-07
0,0.47484843574330626
0,1.2193372475139966e-11
0,3.448651091252009e-07
0,1.0418747462277151e-05
0,0.3117030659444065
0,3.090772121998592e-22
0,2.208692395732644e-11
0,1.4419131325827274e-08
0,9.654826984675355e-18
0,0.1957673109825775
0,0.2218723978501958
0,2.3540023326006597e-13
0,0.26925200588452713
0,1.7196674010098284e-10
0,0.005800259535221747
1,0.2846244342657171
0,1.8198803418080415e-07
0,2.5010205232863504e-17
0,1.5892302056701485e-10
0,1.8017156691230392e-11
0,1.9478206134136794e-06
0,1.3640218948429193e-14
0,0.0028004326714527223
0,5.817554411344068e-19
0,3.322162665086953e-08
1,0.4391975450235692
0,1.548749436604031e-18
0,1.5878567422531604e-06
0,8.712704581959628e-08
0,0.4860176723521328
0,3.6640308318479727e-16
0,0.0014222696664511522
0,0.18660893891065297
0,8.901472116052942e-06
1,0.5776789878682985
0,0.12259237062660956
0,0.3321068276024344
0,1.6697496729668244e-08
1,0.5376202481084258
0,2.903970863134552e-08
0,5.8791747119835975e-12
0,1.043660680832487e-17
0,3.294106316714627e-05
0,2.041712442813997e-08
0,4.0176406452543147e-07
0,4.2213568900242104e-05
0,1.545309949015187e-10
0,7.268811389066987e-10
1,0.38724850277239053
0,1.768093127498419e-08
0,1.8897102701143132e-08
0,1.2610825293911087e-06
0,2.3145871849199568e-12
0,0.42427564651048216
1,0.2992450547702042
0,4.6732701569836003e-14
0,0.21826484535160243
0,1.0727660036721006e-09
0,5.3448826628002e-08
0,0.08297929529456355
0,0.21197680666574864
0,3.4845521004668456e-14
0,1.0640597415220796e-07
0,0.4169393511685717
0,0.16568449008544767
0,1.1612050571728951e-06
0,1.3079444967952826e-13
0,6.578659032123174e-06
1,0.021437439527141364
0,2.5439620450202648e-17
0,9.896320742293398e-16
0,1.5971686121636886e-15
0,7.300561731241915e-12
0,2.492219182489329e-07
0,0.20492486925515654
0,0.20526318904063076
0,0.05279714938678663
0,6.908508189174581e-10
0,7.907263360527398e-08
0,1.1595824112526333e-11
0,2.495169678587681e-06
0,1.0200360697958841e-07
0,2.7153398062487435e-07
0,3.7861425800240113e-13
0,2.7336037633483376e-13
0,0.39436304311420173
0,2.1644517510513014e-21
0,0.02341461260441908
0,0.150911431844191
0,7.120377196185349e-16
0,0.009536397044297868
0,1.8582389715592372e-11
0,2.259470892610663e-08
0,1.029795446837165e-18
0,0.2275771126709072
0,3.0311332673660805e-22
0,1.0242036829935403e-09
0,2.168414140773312e-06
0,2.0477696260416726e-06
0,3.5738059835757014e-08
0,2.3446139873750378e-21
1,0.7002408818620965
0,3.446350693796607e-07
0,2.8058067081991825e-12
0,1.1156746118461616e-07
1,0.32534625773290843
1,0.47819354347494136
0,1.381191166779851e-07
0,5.70030091120011e-06
0,2.633315900725962e-06
0,1.7056456520213399e-10
0,0.43387298475750585
0,9.42106850577627e-17
0,0.18575108604504495
0,0.1638528361112458
0,2.4284029720415533e-16
0,8.770157434539435e-11
0,2.4079093477944566e-10
0,1.7311045075176548e-12
0,9.338425461815722e-11
0,6.177131075301599e-08
0,3.145784288270937e-12
0,4.238086288851553e-07
0,5.371792724569665e-22
0,3.787553128363555e-08
0,0.10376107663659993
0,4.990833857050047e-10
1,0.40976595769022833
1,0.9874088676129293
0,2.4303788140316507e-22
0,7.270545963073879e-12
0,1.3099752895418538e-09
0,3.7042941804945614e-10
0,0.3607537451076385
0,1.8026953189401674e-09
0,4.2249043434552915e-10
0,0.00018279980759750087
0,1.3404875157909532e-10
0,1.3309815398563082e-07
0,4.876674076404483e-21
0,4.181711581255057e-12
0,3.757319501739435e-10
0,2.7968908237151905e-13
0,4.603046194711395e-08
0,1.3517353051057187e-10
0,1.872023020423609e-12
0,6.61295891685921e-18
0,4.236925997433928e-07
0,1.0088046293839733e-08
0,0.19274488069176607
0,0.15138630328202854
0,0.31863513676749017
0,8.336428192059534e-08
0,3.3440268122207895e-08
0,2.483178690397405e-10
0,1.1271167257544412e-15
0,0.08414853816057517
0,7.598840662240995e-21
0,6.3058890746085245e-09
0,1.0261128544630585e-10
0,8.946221871654878e-12
1,0.4230051537771273
0,0.16788207367588087
0,2.501420946261599e-21
0,0.6782225985580151
1,0.672017234191908
0,1.183237410575603e-13
0,1.5445448522681175e-13
0,9.328199921807778e-08
0,4.704957893960471e-07
0,8.426889945539527e-10
0,1.099329803809137e-06
1,0.9697351582479061
0,6.297918688071938e-07
0,0.001150332507186147
0,8.56090823722681e-15
0,0.252005136961296
0,6.338392974900084e-08
0,1.2216789603248592e-10
0,3.7561404754764017e-10
0,0.13138684004466805
0,1.1421950872995165e-06
0,0.24789352357644248
0,0.3171849412237101
0,0.34297578873543444
0,2.1582305065974224e-08
0,0.015930613679491928
0,2.3518160346579018e-21
0,0.1866182595932149
0,1.5645274740982986e-07
0,7.120377196185349e-16
0,9.450786567212386e-23
0,2.199188910029544e-08
1,0.15355057497061259
0,5.546144917555128e-05
0,0.2962252693435416
0,0.42598906004983883
0,2.416896072817206e-13
0,0.1419055222332609
0,4.43680926184014e-09
0,0.2799961878191445
0,0.19226174850722408
0,0.1943233447589292
0,5.791659491728698e-12
0,0.11764124693204236
0,4.86258279564774e-08
0,1.044386572395442e-10
0,1.916798171465005e-09
0,1.8973701653359973e-24
0,0.35864621542243885
0,1.198365688911126e-10
0,3.402580278544953e-05
0,0.08067989562192722
0,0.2643632105597766
0,1.339522038638189e-13
0,1.7303238782888261e-06
0,2.7968908237151905e-13
0,1.2473284509849841e-12
0,6.941845261557953e-10
0,1.3982504128664695e-20
0,1.1771808867272493e-07
0,0.12173318187954092
0,5.567783667709175e-17
0,3.864692531582474e-06
0,1.5059693844008916e-08
0,0.13784048807590754
0,0.015159733207504921
0,1.3145444406995907e-05
0,0.19957423242008315
0,0.09043409772810931
0,2.8135742699893075e-11
0,0.3086289773675358
0,0.07910925738364782
0,5.8805065011319506e-12
0,8.724472312496722e-15
0,8.79169090810826e-10
0,1.4738680242055835e-08
0,1.3878466320612974e-11
0,2.5071657287031964e-11
1,0.4296916094144768
0,2.9720135331441273e-16
0,0.43069663126611896
0,4.248075161703144e-22
0,1.5687292084664634e-13
0,1.7207549406887625e-07
0,0.29284026922566164
0,3.1325664520942313e-06
0,0.07552942536923535
0,6.49871032600837e-09
0,0.2695161697954941
0,0.04595155456621793
0,0.14022601146579827
0,0.35552456380054426
0,0.2330857636658053
0,6.77438006984272e-16
0,5.470214833227248e-10
0,4.533166495513182e-09
0,3.1419113322417855e-09
0,4.757990628553487e-13
0,5.320266333633825e-18
0,1.6639764727509478e-16
0,3.777584371247862e-06
0,2.620437981050268e-13
0,7.191132698303346e-15
0,1.809379447709348e-19
0,2.2422130431260267e-20
0,7.565550029985536e-14
0,1.7057143657701782e-06
0,6.861018031265995e-10
0,5.866818285455478e-10
0,1.598864655727343e-09
0,1.6483778798098295e-13
0,0.23729877699592059
1,0.6066645565464442
0,2.826403865653894e-22
0,1.1316061770338098e-15
0,0.5169744017227399
0,2.4183809914761383e-13
0,0.0010847820610163036
1,0.48459362198072364
0,0.39507237020538466
0,2.1860260388380214e-10
0,4.5989995179748417e-10
0,9.621115152503956e-13
0,1.734266364009568e-06
0,1.7860638144603945e-10
0,0.23332262246482277
0,0.05259697651179203
0,1.7017834426554478e-09
0,4.261765698075156e-05
0,0.27330861995765776
0,0.07427780178723273
0,0.5977836184631206
0,1.5247011837328094e-06
0,7.745686003961933e-06
0,0.6200673993525538
0,3.327818364984555e-07
0,0.19218664394690693
1,0.5348815581245469
0,0.003709365929121595
0,1.781042722875279e-12
0,2.621384720441081e-21
0,3.3693030985284654e-12
0,0.16938500575114704
0,5.751700497225686e-23
0,8.555773568100511e-13
0,1.4433320445339777e-05
0,0.14327512775860818
0,3.0311332673660805e-22
0,4.730258713293163e-08
1,0.4862242124596419
0,2.7810088531616904e-09
0,0.18488468647702536
0,0.00017112250441361418
1,0.6686241062646957
0,3.475379845540032e-19
0,0.054628879607111144
0,5.368182764533877e-05
0,0.034497187392174125
1,0.3397056677076414
0,1.4032619833499738e-09
0,0.5390463983876514
0,1.572380496777787e-08
0,0.18159844247693802
0,6.891096596605788e-12
0,8.539441975639897e-11
0,6.0427374621765864e-09
1,0.4157888403834264
0,2.2347980327072564e-08
1,0.32882847614490773
0,0.44868287034086574
0,0.0011312021819238388
0,0.1277522281822326
0,1.1865060856870174e-05
0,3.4528364244172054e-19
0,0.42042124794146535
0,0.31302447714758624
1,0.4263461808246405
0,1.9670968649666005e-09
0,2.7277718647585234e-12
0,5.9554043568756104e-12
0,2.6578201899983817e-09
0,0.17810241992089423
0,0.11231746400932638
0,3.4099466873882023e-07
1,0.46828930041357125
0,0.17029985885638363
0,1.5629124372617769e-12
0,1.457297928354627e-06
0,1.2461497800544233e-20
0,0.11196892678383771
0,0.2333708309832561
0,1.2353930510390421e-14
0,0.5054391162368115
0,1.0685687906624008e-22
0,8.221948329311555e-14
0,1.1305897297171833e-07
0,8.941673469347116e-08
0,3.090772121998592e-22
0,3.3123221897114845e-07
0,1.9487435446983792e-13
0,2.7968908237151905e-13
0,2.6060519938471682e-14
0,7.806615703530056e-10
1,0.503976345050621
0,2.194769911850562e-08
0,4.81476856071155e-09
0,7.23241524851587e-08
0,1.1322653770080591e-14
0,0.45221726774388793
1,0.4417102448289016
0,1.6938385255852992e-10
0,0.02257446406576359
0,2.127179612506563e-16
1,0.7146620932156715
0,1.5161953930627906e-05
1,0.47638286298445076
1,0.3585683896357025
0,6.359272852917094e-07
0,9.273942664590028e-19
0,3.3283951087431417e-14
0,2.539754616546857e-09
0,4.132774171980531e-13
1,0.46724598812500373
0,0.10012021538444313
1,0.40037875956188895
0,4.1067590800677235e-21
0,1.5780517024779877e-09
0,0.5438507702933085
0,1.574997653618121e-12
0,0.05566709131140756
0,0.12933404116662903
0,0.06733986091931021
0,0.12920028160457292
0,4.956132669079066e-09
0,0.006155481571127122
0,1.2634819795522945e-21
0,0.22468999151221183
0,0.002810194547551632
0,2.2295341223516496e-12
0,1.577784327564391e-10
0,1.1629251150962171e-10
0,0.0021471699854710116
0,0.003039315644252225
1,0.22904000088821988
0,3.959168349795481e-22
0,1.5502567019952044e-10
1,0.8022047855475716
0,0.43275722314232806
0,4.941629927813436e-07
0,2.0499539029953558e-07
0,2.206588745681429e-09
0,0.24764260983090353
0,1.6973097020716458e-12
0,4.1075733619463037e-16
0,3.5805968971564055e-10
0,6.645471764377695e-06
1,0.9725102837711677
0,0.1117416484278565
0,1.8778467077641745e-06
0,3.104136560681768e-07
0,6.949411252134143e-10
1,0.46429352909026195
0,0.16331952400505947
0,8.604254724406525e-15
0,2.7968908237152e-13
0,2.4684063612649235e-11
0,8.189703983767235e-07
0,8.380462255635712e-05
0,0.2912378654771765
0,2.0737826667314763e-05
0,0.003934928318801674
0,6.343436044432176e-15
0,2.5789748036658845e-12
0,0.023685337820827917
0,5.110168037266711e-12
0,1.3588260975085755e-13
0,0.006269173851811978
0,5.658098150863268e-12
0,0.39543160396285854
0,2.545871894690059e-22
1,0.5969456105997021
0,3.5205420475661406e-13
0,0.0579259617999796
0,7.246260513062334e-13
1,0.10499491790481154
0,0.0006731958469251052
0,0.00017157670400650446
0,2.9893540208126513e-12
0,4.921664724557691e-11
1,0.3581343519942586
0,3.2137913383676837e-08
0,1.1448784040458815e-12
0,3.867236350396558e-06
0,1.2769892861919125e-10
0,0.03019033402911141
0,7.979915206829107e-22
0,3.010945512796975e-13
0,0.18164416896092617
0,5.603649876566728e-09
0,1.6832164143434932e-08
0,8.56090823722681e-15
0,2.872503121490449e-07
0,0.2773023310267531
0,1.9870105641178487e-14
0,0.0406341828316992
0,1.0542306397128727e-19
0,0.2928403798058292
0,1.2142616823784491e-06
0,1.214056482236108e-11
0,3.925492540870623e-09
0,0.45188445046101045
0,0.07741203045024712
0,0.05246493960750576
0,8.866450860275787e-10
0,0.45581061879510915
1,0.5806835125691909
0,1.9045082856729624e-05
0,0.11869903399056617
0,2.067030583897304e-09
0,3.740081413048722e-09
0,9.256475955981329e-14
0,1.5684722822745532e-19
0,3.846850577514112e-10
0,8.56090823722681e-15
0,0.5358416747605447
0,1.5763100054520876e-05
0,3.6522087273631145e-06
0,3.54503145499253e-12
0,1.819038768574165e-08
0,1.6043755694995866e-06
0,0.347860247931828
0,1.0032144708349346e-05
0,1.3053979468356175e-09
0,2.9728261521943044e-13
0,7.740807173485343e-22
0,0.00032323762349955183
0,2.6136779305200997e-10
0,4.5989995179748417e-10
0,0.5179953527985962
0,7.974935894703943e-10
0,7.395813591483807e-09
0,2.770693745294672e-12
0,6.781249201089342e-05
1,0.16641636043711633
0,0.13669325962421028
0,0.14760016993191116
0,8.358061651829738e-22
0,3.031462155200818e-06
0,0.039094964732318827
0,1.6939620716621708e-15
0,2.3102083483225673e-13
0,5.215230493337241e-18
0,2.1122337040550432e-12
0,0.23094707847265344
0,0.4113403101695061
0,7.76975622535998e-20
1,0.19782591994058457
0,3.639803967920733e-12
0,0.010559701459355985
0,2.657706440543546e-11
0,3.83296778570637e-06
0,0.14639135848389137
0,0.09902029738051
0,1.1326637513496393e-15
0,0.4247801212939265
0,1.9094064935449148e-11
0,1.568918778386517e-15
0,5.578714462580547e-11
0,1.1016889569950859e-14
0,2.2751288133972583e-06
0,7.539956578844343e-11
0,8.801643144511328e-14
0,0.1868208487825104
0,0.03264978445520588
0,0.0002267948316432995
0,4.195234097565325e-10
0,1.0302483340538841e-07
0,4.88153130303096e-10
0,4.316326738794397e-07
0,2.1257712802985778e-12
0,0.41194507117368767
0,0.4490697597177384
1,0.5257409237333581
0,1.0720324713777978e-07
0,9.772978164862936e-11
0,2.629563455735104e-07
0,2.0217667061690693e-07
0,0.9934051431996549
0,2.277167888197163e-16
1,0.4588129884446701
0,8.270898006216254e-11
0,9.899032786907818e-16
1,0.6272118030843128
0,5.521291613594638e-10
1,0.5845694362547574
0,0.2907261481138058
0,0.37462022105728515
0,1.4734343761930658e-19
0,8.977028272181981e-07
0,9.622465561731333e-10
0,3.439444809614812e-07
0,2.422005743921964e-11
0,8.166069842248798e-24
0,1.402371361950939e-05
0,3.695222683503491e-12
0,1.687631972164255e-06
0,9.37329085263756e-07
0,2.2400823271560103e-12
0,2.1057460660955265e-09
1,0.4216509956035039
0,5.587626219929722e-22
0,3.5118970264930485e-07
0,6.6489457159145824e-21
0,4.671792129094563e-05
0,1.0689630383234905e-08
0,1.1375698485838265e-10
0,1.3158680274118852e-08
0,3.5585158699913374e-16
0,5.174959246759461e-07
0,3.575625838309553e-11
0,5.285098221967406e-13
1,0.34219099177806594
0,1.2313836109086437e-09
0,0.02285975381763744
0,8.56090823722681e-15
0,0.0013801023999004086
0,1.0156572735741629e-11
0,1.2846424079296292e-05
1,0.38124357029276956
0,3.711590594982702e-11
0,5.0946787460415106e-15
0,7.808037780792986e-10
0,4.265490076744886e-11
0,4.277196205606144e-12
0,6.717057827839962e-24
0,7.278924229738674e-08
0,0.24602099207559103
0,2.420685123713434e-12
0,0.1440323743317985
0,9.42179879341434e-10
0,4.007844921288642e-20
0,2.2826964540819317e-09
0,7.717072130930047e-09
1,0.34512687227533556
0,1.1096417053406102e-07
0,5.056141343519276e-09
0,0.33347565507206134
0,8.843089474106065e-22
0,0.34255208560616224
0,3.5630222042889967e-06
0,1.5301559728220572e-11
0,1.6284522478117346e-06
0,8.7845301764036e-22
0,0.10587535718026875
0,1.1182095877426724e-07
0,8.812651032918531e-07
0,1.8841050671580413e-13
0,2.0285729706007193e-08
0,6.388543037995037e-11
0,0.4680400702786721
0,8.408058426691933e-10
0,4.621455423387405e-13
0,1.734266364009568e-06
0,3.7249936640629437e-22
1,0.6710713898527387
0,9.922616040463531e-11
0,1.0310894780734963e-07
0,4.1800278759090216e-15
0,1.4036573192113656e-07
0,1.5517956862491464e-09
0,0.09037809387341625
1,0.42494361575473366
0,0.2489741731829226
0,0.03376593257975142
0,5.341613595997753e-09
1,0.4229352838482565
0,1.8028320542339225e-06
0,0.003488598149612771
0,1.3653266855159087e-09
0,1.9948980190895668e-07
0,8.56090823722681e-15
0,0.00045773730919544236
0,2.1844629316931855e-09
0,1.6090486813606685e-09
1,0.1904382834401264
0,1.8386200928353292e-12
0,2.5265897617392025e-05
0,4.459544826645404e-06
0,0.17635327165700512
0,8.56090823722681e-15
0,5.273083108807737e-05
0,1.5868289556743592e-11
0,1.1909056736938161e-12
0,1.7864330187657804e-09
0,7.847642773811939e-07
0,1.4049652252659588e-21
0,8.260015911808271e-05
0,1.347956953643516e-10
0,2.8229443918094635e-11
0,0.4905319197854614
0,2.3453520210087577e-13
0,2.678315651702145e-10
0,7.701266779788644e-12
0,1.3320476687017e-10
0,7.051878631830005e-06
0,5.4287905951580016e-08
0,2.2142948647973693e-20
0,0.171410728941356
0,0.3551468051820143
0,6.615961368948192e-14
0,1.3622854746195308e-05
0,0.049883020965315106
1,0.4215768055454709
0,2.283489263737062e-10
0,3.720040082583501e-20
0,0.0012908651226402955
0,8.604254724406525e-15
0,3.3193300270137886e-13
1,0.4845294058817653
0,1.70971033321402e-08
0,2.6297385628983393e-06
0,3.4380754073111384e-12
0,7.509320648704161e-07
0,0.42297991006943836
0,1.8052770800845636e-08
0,3.101459931460827e-12
0,4.7268789902249444e-08
0,2.741911946551578e-14
1,0.3099493144216074
0,8.56090823722681e-15
0,1.1532202969180155e-22
0,2.745947172144099e-11
0,2.194769911850562e-08
0,0.4633527230358592
0,3.801396898251417e-08
0,2.701307536782572e-08
1,0.349830403143398
0,4.5989995179748417e-10
0,0.4067836984602185
0,1.111757626540169e-14
1,0.36887816673702345
0,5.578253628513502e-06
0,1.208418905605406e-11
0,4.6284157046901425e-16
0,5.858485017019204e-15
0,0.05852543784352849
0,2.5942707513913122e-08
0,0.34607715527034993
1,0.3995453756314055
0,0.0943466122431204
0,7.248518833667387e-05
1,0.4498406330727111
0,0.00046627956170785346
0,6.659267568411909e-06
0,2.918647958443713e-08
0,3.038201285574736e-12
0,9.402622253578046e-06
1,0.5406946921453042
0,1.119261165842302e-10
0,3.6727199240913904e-16
0,3.258828957669632e-12
0,1.3389037010894053e-12
0,0.12239573921832655
0,1.2776672489694974e-11
0,7.740807173485289e-22
0,0.014886068050541969
0,0.0929587965854863
0,1.9149322096890447e-11
0,1.0560076959183724e-16
0,2.3903526718274802e-08
0,2.596473327746366e-07
0,2.803953456549171e-08
0,9.666191322616357e-07
0,0.3804213682444588
0,1.196712429065492e-18
0,0.09176823350136804
0,9.9893478984782e-13
0,3.611146059671135e-16
1,0.5080663207969295
0,0.18295597497433214
0,9.296295505043184e-08
0,2.640526358807579e-07
0,4.642267781812417e-13
0,3.68769967449191e-07
0,1.152564810521154e-12
0,1.8023182382683172e-11
0,0.0991110767842275
0,1.7097895725616098e-12
1,0.1389549227948252
0,2.9124220069730056e-19
0,2.3106561481536605e-08
0,0.12256595259194242
0,1.2193372475139966e-11
0,0.00626138023615235
0,0.3845089523484686
0,0.41399157866827757
0,3.2782795338596e-21
0,0.04331653844731616
0,0.03589479892208149
0,1.319099227932231e-06
0,0.3782906587960496
0,0.24284141641194437
0,1.0753908112020567e-12
0,1.31618082436626e-15
0,0.09353513732669219
0,4.824388791003102e-08
0,0.012160872926761497
0,0.040049311609528404
0,1.6561146044471277e-07
0,1.1784216062265836e-13
0,1.6711366182577293e-06
0,2.527930809809582e-10
0,0.12009051125077863
0,0.21938512806073965
0,3.820444354804139e-10
0,2.0217667061690693e-07
1,0.5556175277368391
0,6.9807403779401756e-09
0,0.00013931906718684512
0,0.23757491244238443
0,0.11400356879339342
0,0.00015180044620491
0,0.4016739117584012
0,0.14970635116639883
0,5.5874900134658136e-11
0,0.23152256783241282
0,2.0201843358745456e-06
0,0.1006054340338385
0,1.3462013641111526e-05
0,2.7077813144000548e-21
1,0.28811071038392505
0,1.568918778386517e-15
0,6.368239092988492e-06
0,2.830126859461648e-13
1,0.5452862053311076
0,2.5916270359986334e-07
0,0.3566620090112199
0,3.8399501331342775e-13
0,1.504494685299222e-07
1,0.8401148097953416
1,0.5444401791470942
1,0.646676881919866
0,3.2498062446922987e-06
0,1.2664726222010684e-11
0,0.6347579182041351
0,0.3274923668976041
0,0.08756828576241582
0,0.3286519581785938
0,2.067989756933577e-05
0,1.882299803919869e-05
0,1.1022156383025813e-17
0,7.120377196185349e-16
0,1.1477702696279522e-15
0,0.016954818620552668
0,3.623299100225781e-16
0,9.883648697082162e-07
0,1.372195688536621e-11
0,0.31799683085201436
0,2.535323160750474e-15
0,6.228959236685092e-09
0,0.16336107225995558
0,0.42618512886173576
0,3.293084382701821e-05
0,1.7580374921906164e-07
0,2.447110211917774e-11
0,7.18973423423322e-20
0,0.2599664807273413
0,1.8495655794829472e-09
0,2.6364074721654128e-11
0,0.29943272778621494
0,1.8232811098657836e-08
0,0.00035057667607506964
0,0.21258690611265565
0,1.2883142610559112e-13
0,3.286378199506631e-05
0,8.239182926707003e-13
0,0.0019935558182497793
0,7.698426950360879e-08
1,0.5766705712628064
0,9.792733300468539e-11
0,1.7651156574312492e-17
0,0.16675641107716113
0,0.15791550703184418
0,7.440478155004004e-11
0,5.106905236204009e-05
0,4.6650821642225216e-08
0,2.070808394309345e-10
0,0.00017655639513484641
0,1.1173015263854634e-07
0,3.023764560065586e-11
0,1.5204991339599616e-11
0,2.4926270342805566e-13
0,2.3780363506829094e-08
1,0.5750097039319733
0,5.220850898551932e-08
1,0.6698221787157891
0,0.0003381782946510677
0,3.63347743959908e-17
0,8.471636269102835e-19
0,1.128267979055021e-15
0,0.12645632948129354
0,0.006212066691129611
0,7.181878472516471e-07
0,3.6009823861173994e-16
0,1.9933028998641394e-10
0,0.10253533954857635
0,3.2566043904228797e-21
0,3.0950814636895644e-08
0,1.5971686121636886e-15
0,3.103682648826002e-08
0,9.391860583118637e-08
0,1.977253575297849e-09
0,0.15589882873126829
0,0.40624902853219885
0,5.200967779940789e-08
0,2.7059951928075557e-08
0,1.3219070941120199e-20
0,0.07238492138900628
0,0.20549962572410874
0,7.297797599021423e-10
0,0.20236565151566013
1,0.39859801489300056
0,0.01768776615688886
0,0.09799225350025367
0,1.3577082150285686e-10
0,0.00014093843119178075
0,0.4090917428581136
1,0.18643458529767137
1,0.7689634213713582
0,1.791410446136587e-12
0,2.6136955619489856e-10
0,0.0004324091146167382
0,5.171973809524791e-16
0,8.875308947941961e-11
0,1.6344596550239299e-13
0,2.1192309715366764e-14
0,0.16084675174501395
0,4.6159379560240993e-07
0,1.0631691553545522e-08
0,0.22560984730815625
0,2.6414574123950657e-12
0,7.558300390253266e-22
0,1.6451863514658027e-10
0,7.95327456831789e-06
1,0.503946902487292
0,1.6338556879185463e-12
0,3.889620634859147e-12
1,0.44974631951467925
1,0.5831886874880687
0,8.649640944926021e-15
0,0.1692975625178117
0,7.517676481805313e-12
0,0.6553635751260484
0,7.010099618128996e-09
0,3.93306612239688e-15
0,7.892867332247559e-08
1,0.968108830228946
0,2.1542904279297198e-07
0,4.4750392696377934e-07
1,0.4121395149226821
0,1.675690098949755e-09
0,0.13500632833624604
0,0.7153617629718797
1,0.45787898569380536
0,2.6234854013042805e-07
0,0.03334218793790723
1,0.7198480002863913
0,2.2624754887050423e-11
0,0.2725355236901581
0,4.476550388134373e-11
0,0.2826955369265876
0,1.0969532680474283e-21
0,3.5286811101406517e-15
0,0.6977423466689311
0,2.3941977830471187e-12
1,0.3786025092201458
0,2.064834013230694e-18
0,0.39789438065799043
0,3.2499816774158936e-09
0,0.5385865389645058
0,1.766280942893156e-08
0,0.192842620905546
0,9.474610295930026e-07
0,0.00031619155311241905
0,3.657544898212973e-12
0,2.553849005831014e-06
0,5.275839131653086e-10
0,6.914161702994267e-09
0,1.2443419925839344e-09
0,0.001546901857969691
0,2.559552411255564e-13
0,1.0411924723597598e-07
0,5.869500401464234e-23
1,0.3648590542825754
0,0.32241572062590595
0,1.5763482541251666e-19
0,6.921259979364686e-19
0,4.5681609713836533e-07
0,1.825501727412024e-10
0,6.23950580379182e-22
0,2.9414188836301964e-22
0,1.7042757670780222e-05
0,3.824743092288471e-14
0,4.6325316745182145e-09
0,0.17455448334609733
1,0.43698183231884347
0,3.389181787558875e-06
0,3.1901012531008845e-08
0,1.5802283158834942e-08
0,3.303153341846548e-05
0,2.8660245390321232e-06
0,0.43948068576461513
0,0.38363112473791616
0,9.240291107559852e-17
0,1.3717590665669878e-07
0,4.6567668434228815e-05
0,0.3732090350837668
0,0.09977265896850997
0,1.402199009379873e-05
0,0.0015011364916376374
0,8.327759435434852e-07
0,3.132588684329911e-22
0,7.181878472516471e-07
0,0.02604372185391033
0,0.2257165701284088
0,6.26808270400786e-09
0,0.15234709785733563
0,0.527895144437373
0,0.5431098896865146
0,0.21235413002599532
1,0.05379980555252613
0,1.0545678598219338e-10
0,6.219691671296934e-09
0,1.3559825411633275e-06
0,2.178832902876016e-06
0,2.068591003488393e-05
0,0.3340358671350204
0,3.7070547245939576e-11
0,1.1052917394688395e-09
0,6.87064575644883e-05
0,0.41814962200057915
0,1.0379403198287126e-05
0,1.8399075610484173e-08
0,0.04758192127043466
0,0.0067484697678104645
0,0.5996552485193348
0,2.7303761690115066e-13
1,0.41013934528091056
1,0.9982214346126749
0,3.5927056767678974e-05
0,2.5554723066513772e-11
0,1.0008954062399761e-10
1,0.6119715997557996
0,1.0458350793809987e-08
0,7.020432005783573e-16
1,0.9982214346126749
0,2.0719345671285604e-08
0,1.542692437465661e-13
0,0.10655629472224784
0,6.572752778243105e-08
0,1.102932670543004e-12
0,7.636759410680657e-15
0,1.1599578408973127e-08
0,1.7998679033211482e-08
0,8.187887965554611e-07
0,0.0009463592485890276
0,3.6145247821045745e-08
0,0.0001924790919159491
0,2.344008327541421e-21
0,0.3439068641209911
0,9.183054590919084e-15
0,3.947317979594612e-06
0,0.05040140203219272
0,9.197962269596872e-11
0,2.999335241709754e-05
0,1.3656926414495157e-12
0,7.33272314820615e-08
0,4.008010259558703e-06
1,0.22917425612967374
0,0.4077411873816053
0,2.131105982619491e-10
0,0.008105043448052424
1,0.4541012157015555
0,3.766731192511485e-19
0,1.0923218523915909e-14
0,0.3079113462355223
0,0.23877026256583256
0,4.318068436455322e-15
0,0.17339364163475765
0,6.783669428114027e-09
0,0.2827550290949642
0,1.5971686121636886e-15
0,4.033337684979972e-11
0,1.4218773353211283e-15
0,0.2985266658585268
1,0.22523472640788253
0,1.641046703326929e-07
0,2.868691239558166e-10
0,2.0050700246528096e-07
0,2.012006811824536e-10
0,3.4008800591592715e-12
0,3.2205008852191664e-09
0,0.5538384449341768
0,3.5447146145699093e-19
0,2.0513264345322577e-05
1,0.41193277776740955
0,0.1911334166503937
0,8.68509767366258e-07
0,3.036224743282609e-08
0,7.409845354710201e-05
0,5.1930680065982974e-08
0,4.019370986171177e-07
0,2.0217667061690693e-07
0,0.03111660418421631
0,2.1844041541917298e-10
0,0.1078617900137916
0,0.13371755762837087
0,0.1999211972869634
1,0.6018909912268888
0,5.293610055350224e-07
0,1.0984828009511145e-14
0,1.1757367621573643e-08
0,0.15954966305543453
0,8.542240886264878e-17
1,0.47502854701185027
0,0.025972314741274934
1,0.29365260229006296
0,0.2588846337761061
0,1.0156809300589922e-09
0,3.484387295875775e-05
0,4.096215114897028e-22
1,0.43518702548561133
0,1.425517033665211e-10
0,1.8065957345997071e-09
0,0.19515604455536692
0,5.769174439882833e-22
0,9.396873600575185e-07
0,8.116908001533667e-14
0,1.6713775765714698e-21
0,3.885466106248579e-13
1,0.9972920095799942
0,0.002123844225518
0,0.16397335559021234
0,2.5154121972551492e-17
1,0.4191019324267249
1,0.4186490453550058
0,2.138664497077514e-19
0,1.5689465566443088e-07
1,0.5871999473819582
0,1.219337247513988e-11
0,5.768967430892395e-11
0,0.4192978833707492
0,3.555271607660669e-11
0,1.802713558849348e-14
0,2.594116237867002e-12
0,1.0923302570063026e-11
0,2.8953148599804177e-11
0,0.380589163991651
0,1.5971686121636886e-15
0,0.3642532743026028
0,1.6999437394524486e-09
0,3.426494315596594e-21
0,1.2334976275324105e-08
1,0.33973818451324345
0,6.572779716618566e-12
1,0.24392588490073336
0,5.621898300372618e-13
0,1.695481568828839e-20
1,0.46404975749348293
0,5.118186154061419e-20
0,0.023300658363538177
0,2.8234977755261494e-11
0,0.17800453233320543
0,0.0049830910551932365
0,0.14693045344636124
0,1.2399656313747391e-13
0,5.56345400442198e-08
0,5.597979290193099e-05
0,0.24379779133681906
0,3.979336357744377e-12
0,1.0685687906624008e-22
0,1.2893747134439748e-14
0,4.0863502679870497e-14
0,6.307455413135331e-19
1,0.1684022822447632
0,2.7340184790728137e-07
0,4.5000445253072235e-08
0,5.054749516091021e-12
0,1.924026237938285e-21
1,0.7513875698432242
0,4.5989995179748417e-10
0,1.9511651629166913e-06
0,1.6120754111336766e-14
0,8.173666177539438e-09
0,0.07659216765894929
0,4.5303189837139724e-08
0,3.2782795338596e-21
0,1.1384170457014158e-08
0,9.524454528379758e-06
0,0.11799234552533538
0,0.5903539336338175
0,1.1306839218514047e-11
0,1.034886131060522e-08
0,0.015714909976264735
0,1.3833322380221566e-08
0,4.875022298949028e-12
0,4.9291190548192296e-05
0,0.4262479563331033
0,0.3008494725659071
0,8.777335102273712e-12
0,5.5048478087108694e-08
0,0.12234101850478027
0,3.2120543742030123e-09
0,1.3349891407001661e-08
0,0.03970623596908152
0,1.0589952281733622e-11
0,0.39327386192800434
0,0.3640063854758494
0,0.09940664088069139
0,0.5004731609067207
0,1.7063166927920475e-07
0,3.539338207873977e-16
1,0.2610240722501141
0,0.18412706310573293
0,0.014901260306301133
0,7.820663455265374e-11
0,0.08580496335272218
0,0.4978698516373115
0,0.059167735996306606
0,1.493958333889406e-11
1,0.5577120898631105
0,3.054010022756055e-10
0,1.263375295686519e-13
0,1.9404304063287426e-14
1,0.1729522428304294
0,1.4984387201505927e-10
0,1.9574220043776165e-11
0,2.021766706169073e-07
1,0.6991103635250084
0,0.08047118933857657
0,0.4593664457481776
0,0.06803940914761976
0,0.4600630508505218
0,2.465833815248043e-10
0,6.801149299838065e-14
0,2.1628305120245223e-10
0,2.917415809879725e-15
0,0.0601892917588613
0,0.08887281318195066
0,1.6862411585136937e-09
0,0.16248699577104941
0,0.46992826282076866
0,8.56090823722681e-15
0,6.746691376736496e-11
0,1.4085368108669432e-21
0,6.311038815937175e-12
0,2.050561665534547e-12
0,1.4653472127252483e-05
1,0.3306360255857245
0,1.3828126580751116e-08
0,0.15964549243476361
0,0.08083100821688674
1,0.3645045020991935
0,7.459761884486256e-15
0,4.9946914966363646e-05
0,1.920796376317362e-07
0,1.7327562423361688e-13
0,0.10102150929631469
0,1.0924678983228476e-11
0,4.034872190439927e-10
0,1.2275331679871665e-10
0,0.41807974246485374
0,7.688227586609543e-11
0,3.660624497790816e-23
1,0.4291586748215919
0,0.09879187440965675
0,0.43899824308778435
0,4.254734380557368e-12
0,1.11626142456425e-08
0,0.4579121226596225
0,1.6416909313705185e-08
0,5.851895274734618e-11
0,4.1231646890234517e-19
0,3.054010022756055e-10
0,0.11880415363184624
1,0.4922817859607589
0,9.152306456818345e-06
0,2.0186282639645475e-13
0,8.13917439792602e-12
0,1.325400226456898e-08
0,5.861805114178809e-15
0,3.841153196614939e-06
0,0.08823601826150554
0,0.4416688773767696
0,3.6984653390214085e-08
0,1.092575040816952e-09
0,1.568918778386517e-15
0,1.2882479040441037e-13
0,0.15460543273860394
0,3.047564673942556e-12
0,1.2903948538502643e-13
0,0.09192550392217962
0,0.6315245715374106
0,2.1358026300400295e-22
0,2.7328657537599573e-13
0,1.8504075121394617e-11
0,4.0228264677029206e-10
0,4.107856381863942e-08
0,1.5501304107225893e-08
1,0.3264584772241063
0,0.29095224162831945
0,0.32005981051099164
0,5.816483882232223e-20
0,0.11578064204338062
0,0.14519601641151525
0,5.78423928440083e-12
1,0.6515096454477632
0,6.839812376901115e-12
0,6.72234692686474e-07
0,1.4906005870731567e-15
0,0.2260125261609227
0,1.856928357417963e-12
1,0.5416200176562225
0,0.1689088758854905
0,1.7965735352427677e-08
0,3.119970716351809e-10
0,0.14903475730645738
1,0.40718127825232336
0,2.6408118168666034e-09
1,0.3719077707915729
0,1.1650850240238785e-06
0,1.5016847801309334e-07
0,4.404084719724134e-16
0,8.900215340832398e-16
0,0.10357685209797438
0,7.329413538906976e-08
0,7.869234467244372e-16
0,1.864786605416784e-10
0,3.5746935613429115e-16
0,1.6303178947174657e-12
0,4.5893805850227844e-08
0,1.9861222085093234e-10
0,5.133978235141745e-14
1,0.5164436272334993
1,0.5554433464707416
1,0.6494107321048141
0,1.0842779587134224e-08
0,0.10059965064348621
0,0.0700050071372484
0,1.2464460406965195e-09
0,7.831073974184203e-08
0,1.4707005710551154e-08
0,0.126856279012437
0,7.692258981617282e-13
0,2.1503410249039713e-08
1,0.37825390477861
0,2.7968908237151905e-13
1,0.45277499654567616
0,2.6582110663869813e-06
0,9.899032786907818e-16
0,1.4739260797148592e-17
0,3.2892698451901714e-06
0,9.554897582569463e-12
0,0.3641553410388576
0,8.300700807717259e-22
1,0.5975745324594304
0,2.481768972364053e-07
1,0.22982255467450816
0,0.16433467431583146
0,0.04977159826896509
0,2.1644517510513014e-21
0,3.767915482349478e-05
0,1.4011938343461692e-09
0,0.5459004511652668
0,0.09914232106721824
0,6.983088916988509e-24
0,0.3725105128923516
0,1.4265296418953569e-09
1,0.2934812131894566
0,1.3916635182188468e-08
0,2.5912929370539016e-18
0,0.5158519931742472
0,3.573650397490638e-09
0,1.522518203504991e-10
0,7.656461975618998e-16
0,3.0431351749174764e-10
0,0.2612357991545848
0,4.840301772060996e-09
0,1.8917729839820277e-12
0,7.181878472516471e-07
0,1.1785573071045381e-07
0,0.32219763972492926
0,6.850983361215288e-14
0,0.3383297229700824
1,0.6052337601921137
1,0.7120430661042038
1,0.5675691669922963
0,2.696937272808211e-15
0,7.945021896615463e-06
0,1.3692240150557482e-08
0,2.5271195117190322e-09
0,0.23896392500211666
0,4.434695125270156e-10
0,4.0764979176185826e-09
0,6.621572781656988e-09
0,3.8586973701930937e-10
0,1.8191189355517129e-09
0,0.3457463609799026
0,1.6197765196087846e-06
0,2.734549584667215e-10
0,0.05524953283321347
0,0.06272096091732812
0,6.363927483233097e-11
0,1.4243221842978044e-15
0,1.851371235454823e-22
0,2.874238428703683e-11
0,2.229735398535481e-16
0,0.210516812002696
0,2.0217667061690693e-07
0,1.0753908112020488e-12
0,2.3523048944391155e-09
0,1.0275590596524358e-07
0,3.303238713215124e-14
0,0.03396821939017841
0,1.2936182347817016e-10
0,5.693986572839117e-11
0,2.637812082781807e-14
0,2.4255551377265136e-13
0,5.239825734451684e-10
0,0.25383461519766065
0,0.2772540593680188
0,0.0008721626467784227
0,7.359600246762381e-07
0,2.227878849491196e-11
0,1.8224302779431036e-22
0,1.1403128252673592e-08
0,5.272859781677149e-19
0,2.813574269989297e-11
0,0.16654330419603086
0,4.114355283552172e-05
0,0.0056235298671977645
0,3.0311332673660805e-22
0,1.5036998598317098e-08
0,0.2676750236779182
0,1.8768845906765496e-09
0,1.2625112126853999e-11
0,1.3665628106724428e-09
0,2.8907016517202504e-14
0,0.5663505916846989
0,2.428488996386221e-10
0,1.9324975143424262e-08
0,0.14959327733966393
0,4.502474850829849e-16
0,1.3570489713560306e-11
0,0.18356574172044132
1,0.1684960778336962
1,0.07867959769362934
0,0.45648235609138277
0,1.89376458889458e-05
0,2.9427905706624654e-18
0,3.500124294642905e-13
0,1.080575384885035e-12
0,8.865932497546423e-14
0,2.9442339880236373e-22
0,0.23423615837234285
0,8.15479027509383e-12
0,2.528607913638553e-10
0,3.5738379572530086e-16
0,4.2488572869539236e-11
0,3.452217918115511e-08
0,1.3042580557935506e-22
0,7.661200374676802e-15
0,1.612145489700306e-11
0,1.2348250550351084e-12
0,5.285098221967406e-13
0,4.9749622727482304e-08
0,2.489295560120861e-12
0,1.2608550486072488e-21
0,2.920305774879263e-06
0,0.13957442769395567
0,1.2087668860856911e-05
1,0.6451147107989456
0,6.118239935168864e-17
0,2.4001187532919963e-13
1,0.633646987281248
0,1.6832164143434932e-08
0,5.4083206874686436e-06
0,0.5990307627790514
0,0.027691986932587696
0,3.554333619176807e-12
0,6.012809140837402e-08
0,4.185352108029978e-13
1,0.3047319113816612
0,3.9330981845215356e-20
0,1.9902332880470559e-22
0,1.0030623626755713e-08
0,0.8097280555318906
0,3.2305039400434813e-09
0,1.1924292091765307e-14
0,0.4142543208605498
0,1.9257015209365335e-17
0,6.569612291107035e-11
0,5.368217300534974e-07
0,5.35726946110323e-08
0,4.091928172109513e-09
0,1.4985584718612551e-15
0,0.4385918492944537
0,0.04347787727544752
0,2.2832026178738115e-09
0,5.468667191976751e-07
0,0.3732826391223708
0,4.16956925739121e-09
0,0.1174653695927993
0,8.900215340832398e-16
0,0.522995287994953
0,0.14126548672387088
0,7.120377196185349e-16
0,2.675826899407691e-13
0,1.832566338811254e-05
0,5.132975409343898e-07
0,0.03247118422977961
0,1.334425352214521e-05
0,4.5989995179748417e-10
0,1.1514299494818479e-09
0,1.4849747669556214e-07
0,3.092637639304123e-11
0,0.04149826009179862
0,0.2813110921845364
0,8.663264979530144e-10
0,6.495642179094628e-08
0,3.695477146267362e-10
0,6.988490438687436e-11
0,8.56090823722681e-15
0,1.2229054799030913e-06
0,0.006342547757163789
0,1.76676572022662e-11
0,0.004151044789922377
0,0.00042957834085478224
0,3.641341408090141e-19
0,0.34591099758186405
0,3.3012611415234836e-10
0,0.12350484341931159
0,2.3074393846738034e-10
0,0.2154379522758907
0,9.15857537621974e-09
0,2.7000722090251142e-21
0,2.894822717637884e-14
0,4.365793504587398e-11
0,0.23519799107538344
0,5.235482734888849e-09
0,2.6758268994076724e-13
0,5.238708568262104e-17
0,2.353326177046446e-12
0,0.2525311393686151
0,3.43160451458276e-14
0,0.09835224993072371
0,0.19830342616517385
0,6.354484560896762e-09
0,0.05676228874795711
0,0.23315159373603236
0,0.31372070213922254
1,0.18359687943865824
1,0.28137091425635696
0,3.583056476783767e-07
0,0.10599337950327106
1,0.43685157520241047
0,0.30317758997231875
0,0.2721598248702898
0,4.460010283175683e-09
0,0.3152964312152681
0,0.13300522963178402
0,6.45537823906049e-08
0,3.2346097089049836e-08
0,1.470569237297416e-12
0,1.5501304107225893e-08
1,0.49812110977084756
0,1.1936318585054385e-12
0,1.5228912947635071e-05
0,0.10693353262297299
0,5.177497237080722e-11
0,1.808327244433114e-11
0,6.991564302919037e-10
0,2.8574914764493724e-10
0,2.7401334110647935e-24
0,3.7125558323692103e-05
0,9.837697295257604e-10
0,2.0889492901846377e-09
0,0.24463730902860412
0,4.436707549604561e-15
0,0.4429630801343107
0,2.239823093139387e-11
0,1.04535076612662e-09
0,1.0329708389554622e-08
0,3.499317004449832e-20
0,1.4011707978684326e-08
0,4.700190995868618e-05
0,0.1110142603865928
1,0.04375140067889847
0,8.44149342242135e-16
0,0.99455037100438
0,0.5165825484389157
0,0.17395636503800915
1,0.3370796727695247
0,0.3243333458167805
0,5.526358977723434e-06
1,0.40724419098420067
0,0.19058250449712458
0,0.0016288674080213613
0,9.322684216269528e-14
0,1.0763016851102806e-11
0,0.023563657339655444
0,1.862771707765457e-15
0,9.647912980710781e-13
0,3.444040054825351e-06
0,3.7312056544878767e-20
1,0.2480236022103814
0,0.21396478115130044
0,0.03570493510112018
0,1.839132864650734e-08
0,0.015500076631746984
0,1.267778964307508e-10
0,0.006782497780798816
0,4.8401128893923304e-20
0,1.886831334440613e-08
0,0.2550328754875205
0,4.113103563593743e-13
0,0.07364147149666653
0,1.4430886856287655e-15
0,3.6266874943363217e-06
0,0.48223269343748026
0,1.6442590286964547e-08
1,0.9794934094322454
0,4.5989995179748417e-10
0,1.4967005501379623e-10
1,0.28060339033017817
0,0.16799219658107012
0,0.0383736421680917
0,2.284501931398014e-09
0,1.0699338986870626e-07
0,0.2359362445381787
0,4.266073263584635e-14
0,7.228129390385413e-05
0,0.12271853768641738
0,1.3636002279046585e-21
0,4.027018705657377e-21
0,0.14812338729371521
0,0.39169601388760283
0,7.460360476112157e-07
1,0.5601435643428271
0,0.12617026754115696
0,1.6209436179932443e-07
0,1.5608424451898535e-05
0,3.478961642461869e-05
0,9.82579700921087e-09
0,0.09178499533077328
0,1.0894790829264954e-10
0,0.45845591426400895
0,1.884394486834679e-09
0,0.08523040820573971
0,1.6153765040958756e-13
0,2.292250804949026e-18
0,0.31360495387839826
0,2.2349544735146058e-07
0,0.07227236313235667
0,0.17591469915732114
0,1.4193876870140513e-09
0,2.6489833606189632e-21
0,0.35623153512837386
0,0.2746134910206883
0,7.867277002433541e-19
1,0.25673472759307026
0,2.501824171146522e-05
0,2.4853899995715555e-08
0,5.507066348856934e-10
0,8.311864547368405e-11
0,2.163102350348058e-05
1,0.5582595233133524
0,1.7779701792230955e-13
0,3.452464219765597e-05
0,1.7642529070866063e-07
0,1.920599646778695e-13
0,1.0435902258793492e-11
0,3.622729874580064e-16
0,0.00027615565791417376
0,7.957868034188361e-07
0,5.334143963309009e-12
0,2.891074667524929e-09
0,1.1357873675184973e-13
0,9.504177655616213e-07
0,9.49802750063049e-10
0,9.654826984675355e-18
0,1.367477222626609e-11
0,8.043418732505429e-14
0,0.30429472245115585
0,3.453336689685189e-11
0,1.3892696402040839e-06
0,0.02789536867024903
0,0.3728011376907079
0,0.4407622455764305
0,9.479968634993007e-12
0,0.0034457657867341686
0,3.479305680992032e-06
0,1.0591992597375946e-17
0,2.734975772434942e-07
0,2.6193269209283813e-07
0,0.264841058010602
0,1.7972467880562709e-09
0,0.04783391250645868
0,0.5094890433755324
0,2.0734709723121984e-06
0,9.470972838422676e-11
1,0.3596527543573089
0,3.090231645079675e-12
0,0.5271834102439465
0,1.173211182529239e-14
0,1.266695329096373e-05
1,0.3496963903981174
1,0.40848977390593105
0,0.14436787229192485
0,4.309081219205662e-09
0,0.37200647404785436
0,1.425177807673256e-06
0,1.3733808977548188e-11
0,4.1491979821940095e-16
1,0.3229976637216848
0,2.7430239314243596e-10
0,1.3996515533987734e-15
0,2.9895504250268767e-12
0,0.13361149717847542
1,0.515110223377071
0,7.937332125157641e-09
0,4.107856381863942e-08
0,2.8993800154019673e-21
0,7.545304802865339e-10
1,0.2281198438687325
0,5.17571879766116e-07
0,7.626399448106575e-08
0,9.920524514092367e-21
0,2.4078975467060853e-22
0,0.02460971418190869
0,0.2505153484447658
0,0.2984137868181932
0,5.997390791540133e-13
0,4.28600256281705e-15
0,2.2911254668690605e-12
0,1.3744163776224711e-05
0,9.4100359440529e-13
0,0.014503362061242673
0,1.2736002403662435e-13
0,0.13812235267384065
0,9.149496791475289e-05
0,0.15653865156917512
0,0.4700088838095374
1,0.42002522535332343
0,0.19847696821455982
0,2.2761846039226863e-12
1,0.6665409875058155
0,0.18424223803795428
0,1.2524460093261033e-10
0,0.4743951540097342
0,0.00015048285873047102
0,5.898318548236293e-13
0,6.243085142583506e-19
0,2.4930730743020054e-08
0,0.3639346445418468
0,1.0428569493164476e-09
0,1.9677935682514177e-10
0,5.14746315856583e-12
1,0.3907284633433348
0,9.555159744251889e-05
0,0.31217787936860514
0,1.4154916647732386e-17
0,0.170080466078246
0,8.456662457150711e-13
0,0.14237887984871947
0,5.866775742755745e-09
1,0.6761489526742064
0,7.17105475067308e-16
0,4.722182009276242e-10
1,0.3560238913599601
0,5.854978014362046e-11
1,0.341481382572244
0,0.000126833247405958
0,0.007429986131129477
0,1.0344988313841661e-18
0,2.5080637830920423e-08
0,1.0496251271254807e-07
1,0.23032067575998072
0,3.528317472336158e-14
0,1.239208094706416e-06
0,0.4724978524676596
0,5.067600135705536e-22
0,1.1144803767503702e-10
1,0.1592775633678076
0,7.473824279204256e-11
1,0.17009300284880946
0,8.81073177837618e-14
0,0.3003899006548096
0,0.08193172798564506
0,2.155212595683787e-10
0,0.11527957194279095
0,0.19221231582674525
0,1.2636059294864373e-09
0,6.599393242123052e-05
0,3.543265681923469e-16
0,2.1204099534055413e-11
0,0.5098891154682015
0,0.0955864643594546
0,0.0003856073395610049
0,2.1050300711073415e-08
0,4.2968383196803753e-16
0,4.312865152418621e-07
0,1.8663174690082217e-10
0,5.004211596001886e-22
0,3.132448549049158e-06
0,9.74540831206976e-06
0,6.968447786584991e-18
0,0.38704237855355356
1,0.5065704071605399
0,3.781480910345849e-07
0,2.9823054592023074e-07
0,6.442832921226613e-12
1,0.36079226818828747
0,1.4174755626248586e-06
0,1.5971686121636886e-15
0,1.6886333552306253e-06
0,0.010728800935854767
0,0.4438343417853195
0,0.016019191633195887
0,5.889894193444315e-11
0,0.2688115393957334
0,0.32181240378487547
0,0.25839222092602077
1,0.286407218165432
0,0.44668536947849047
0,6.557382289189658e-08
0,3.2218066854020038e-06
0,6.006437378277687e-11
0,5.192917707587291e-09
0,0.0001775489295447883
0,0.27628605217012353
0,0.4045213017485353
0,9.478390184219588e-08
0,4.51539791540248e-22
0,0.008905157898712848
0,3.3007398801392474e-05
0,4.984646249274744e-08
0,2.0967093939423867e-11
0,3.595645277033274e-16
0,0.31944592156313656
0,3.37876796594817e-10
0,2.8264038656538537e-22
0,3.2714812010780854e-13
0,0.023785965638134954
1,0.2989859153280986
0,0.5038941091631901
0,3.087569361318224e-11
1,0.6657130747078212
1,0.16079426709871864
0,3.282013641653889e-19
0,1.2000824805593437e-11
1,0.22012082976742275
1,0.4274464071601566
0,1.2017462854555375e-07
0,0.4461279080446011
0,0.0450756836280242
0,0.0033827863377208886
0,1.7043182947893462e-12
0,0.48301919765464874
0,5.3439092751434103e-14
0,3.6727199240913904e-16
0,8.56090823722681e-15
1,0.19127071011754535
0,3.64713823963238e-14
0,4.71575514167909e-16
0,4.385774548818659e-09
0,4.3956810889717066e-11
0,0.1969950735293927
0,0.1891954260486448
0,0.44563222179025413
0,4.371317169862011e-06
0,3.870062806469885e-15
0,4.6366142097027755e-08
0,1.790787047862471e-19
0,1.3296766411247825e-08
0,3.829521113421483e-05
0,0.06062456461810783
0,5.655085392312252e-12
0,4.916069816954382e-07
0,0.3179641232598396
0,4.2968383196803753e-16
0,7.381872306348075e-10
0,5.498564658409962e-19
0,8.312818682027444e-11
0,0.11805978629227197
0,1.8224302779431036e-22
0,6.886533425546925e-07
0,0.08970899074403306
0,0.4157963386378814
0,1.568918778386517e-15
0,1.5334388688006092e-11
0,4.1410494531844056e-13
0,3.307614021730404e-07
0,1.3217800455746446e-14
0,6.381916887606843e-08
0,6.493844927558829e-13
1,0.49190283243257615
0,0.3952130776261242
0,0.3778947553269082
0,0.09987244841515414
0,8.864831302859557e-10
0,2.6550464290852197e-12
0,0.0017445719822961597
0,8.370572248580362e-15
0,0.05733176492696046
0,1.525765717904368e-08
0,1.6383359883148299e-13
0,1.316996739682422e-10
0,4.92894195102792e-08
0,2.0078886857911307e-14
0,2.6965959555571677e-06
0,3.621812925418904e-09
0,6.924574599054914e-08
0,0.09560619910008003
0,0.4307685524852777
0,0.0012866992140991786
0,0.13137294469779096
0,1.0685687906624008e-22
1,0.638364789677839
0,0.3197112465593054
0,1.2308986315655584e-10
0,1.1593872307425499e-06
0,1.2374361322906484e-20
1,0.47642534140183185
0,2.3740761759716148e-09
0,2.517081279197844e-13
0,0.06473349355257478
0,2.5981867775486916e-15
0,0.2863035929018658
0,4.843388785700197e-13
0,1.540262770681118e-20
0,0.22017266350719686
0,5.141175379580505e-10
0,1.453353543176736e-10
0,0.15844016108166248
0,1.531065268133341e-12
0,5.367901414758474e-05
0,2.804373700725341e-15
1,0.1802342087495279
0,2.675284014643444e-10
0,1.4369892171099459e-07
0,8.435351242019485e-11
0,4.797875593771528e-09
0,3.282013641653889e-19
0,0.0020119551738935113
0,1.4509565846583046e-12
0,0.07318450986780815
0,1.8166330345638713e-14
0,4.457322375073181e-23
0,0.021728914944168603
0,0.6577012883006683
0,2.021766706169073e-07
0,1.4445209421670432e-10
0,0.0049838240907939925
0,5.000907859188418e-07
1,0.343860183617422
0,7.518573502385638e-07
0,2.170010245915279e-09
0,7.173286847032227e-13
0,1.4243794622377858e-08
0,3.094597409459781e-20
0,3.2718984674808512e-12
0,6.12980230462813e-10
0,1.3799135729414908e-10
0,0.26504808724377027
1,0.05420408530462853
0,2.4556338217724545e-11
0,1.155456450295666e-22
0,3.705583832643379e-15
0,2.2662390508276043e-08
0,1.2386185276918395e-05
0,0.3106162725523781
0,0.0013046358200144781
0,6.676937792249868e-07
0,0.2919890075628051
0,0.016236500982024435
0,1.0969782359267252e-14
1,0.0836372621833549
0,9.7139286853751e-16
0,1.4365606984434188e-11
0,2.894248877534044e-10
0,2.6288040230559857e-05
0,2.876130368440535e-22
0,1.6290337045357694e-18
0,0.3343870877170072
0,2.1344442230612203e-13
0,5.118186154061419e-20
0,8.56090823722681e-15
0,1.4049652252659588e-21
0,4.751781694376466e-09
0,1.4605727368080562e-07
0,7.769967541761571e-08
0,1.6097584623408695e-13
0,1.1106271231492836e-12
0,4.180896666855234e-10
0,4.3967574730100977e-10
1,0.4185589067516341
0,0.47058333772505934
0,4.45114449983752e-09
0,0.38376240730372835
0,1.1006820877860871e-08
1,0.37380001647995387
0,2.3304053442745336e-13
0,2.1564669924361013e-05
0,1.7313770299845552e-07
0,1.8606580713203074e-09
0,6.241384379639238e-11
0,0.2686569446533772
0,0.3316837301831139
0,0.0015579658473776827
1,0.5944346050541449
1,0.18468994891842636
0,2.7591218868979563e-09
0,3.54769580697243e-09
0,1.0421661896700846e-16
0,7.304258284833827e-14
0,9.705567766362951e-13
0,0.32771457899739265
0,2.061538437230192e-08
0,1.3734551567810263e-07
0,7.244888421262551e-15
0,5.5491600927902334e-12
0,3.942462748864056e-12
1,0.4822312339640383
0,9.678643552987505e-13
0,4.793982511429596e-13
1,0.3784201154776167
0,6.795692234882059e-10
0,9.435419106706575e-11
0,1.0775610032812796e-12
0,1.9398714262220809e-10
0,1.195164472514942e-05
0,3.7843492577234064e-07
0,2.517927950396773e-13
0,0.16399432985050283
0,6.261753316985941e-07
0,9.814244267138778e-07
1,0.20161201592489503
0,0.04563049844709282
0,5.871762813941506e-13
0,1.4226389504104576e-08
0,2.6507526546933423e-09
0,0.05162777585131057
1,0.909113883177445
0,0.2882104755425964
0,5.25844705936943e-12
1,0.48954222282912374
0,9.242201834310806e-08
0,7.868922471676343e-07
0,0.08348091468763624
0,4.624712825281203e-20
0,2.051283888984062e-08
0,0.3154020501131204
0,3.404836908260649e-08
1,0.2783550584301038
0,2.371288202761334e-11
0,5.935931854727474e-11
0,9.41480078798775e-08
1,0.8660307011088157
0,9.007295363452824e-11
0,3.678118307561698e-22
0,3.4702547112007213e-13
0,0.09659363140362953
0,1.1881658426213924e-14
0,7.004507701618203e-22
0,3.3866698593128785e-10
0,0.00010555093806737331
0,1.0640899216435004e-18
0,1.327964520462535e-22
0,3.9900750326756396e-05
0,5.317853415602975e-11
0,0.09630185186469012
1,0.060507001451350566
0,9.459055677515906e-08
0,3.9374959270907463e-22
0,4.2207389397715e-08
0,1.0499171656553208e-22
0,5.2488146916332767e-14
1,0.718532542695464
0,3.978850392166451e-22
0,0.10026710228962848
0,4.404084719724134e-16
1,0.08777122301652084
0,0.42407621660991196
0,1.4263481803923759e-05
0,1.5394132806725575e-07
0,4.521848512355613e-09
1,0.7848620970483663
0,9.48021616778159e-05
0,0.363987701063909
0,2.087403505093704e-06
0,0.001025261867643654
0,1.4208494310629688e-21
0,0.701202092948467
0,2.8904232577501766e-10
0,2.7459471721441087e-11
0,1.7880818485866166e-13
0,1.3015180665194085e-12
0,3.8977462022397676e-08
0,3.7357893302289343e-07
0,3.855235634808789e-07
0,0.18585240988156
0,4.0461883438074015e-10
1,0.3373748751188552
0,4.774259872588638e-05
0,5.387609908540715e-11
0,0.3652210390757503
0,1.1629007491113204e-07
0,0.5036799157398985
0,6.579690631111819e-10
0,1.4237621577994196e-12
0,1.721340795878176e-12
1,0.37066611788392473
0,4.084224192617248e-09
0,0.029795897733647533
0,5.031029461773204e-05
0,1.0471630203892852e-05
0,1.5412104763955875e-12
0,0.18017350771265245
0,4.7721009816951935e-06
0,3.222516658328923e-16
1,0.5816934269734263
0,1.2405619217553223e-11
0,1.568918778386517e-15
0,1.0381099768057154e-20
0,1.1144348805860698e-14
0,0.4018110647458967
0,3.9189636313275034e-07
0,2.285863118381982e-06
1,0.20144213060874927
0,6.017322619936615e-14
0,3.430520754518146e-12
0,0.001426985327718909
0,9.933535028968327e-11
0,1.1688102963686429e-08
0,1.0122713536869243e-11
0,5.692803236189373e-10
0,8.954171371125905e-11
0,1.0458342572610355e-11
0,4.343149218032386e-11
0,1.158497142707294e-07
0,1.0706546146359584e-08
0,8.63556886209254e-10
0,3.184657046894024e-06
0,3.352834478292397e-13
0,1.2321158552304474e-12
0,9.473425301397004e-12
0,0.04522533661546399
0,0.26098790461645144
0,2.1231814585623427e-12
1,0.24803148636859837
0,9.20916717988111e-23
0,8.69280127950724e-11
0,6.295239758289678e-13
0,1.775793511276306e-08
0,0.11386760072866266
0,2.910456554980566e-05
0,1.1445112917583764e-15
0,0.7786510923202321
0,0.24574754732723408
0,2.3266159552192836e-24
0,3.879423062593727e-13
0,1.2375934846407094e-06
0,9.49929678646395e-05
0,1.3223498286670322e-16
1,0.5898247623291182
1,0.32692127275988625
0,4.97536316063451e-21
0,6.000259648778101e-11
0,1.9094240723119689e-07
0,1.7153153510808343e-07
0,6.291680933998268e-13
1,0.3201011110218084
0,0.24700048818096906
0,1.447734993304814e-08
0,1.8065957345997071e-09
1,0.2303044668813803
0,0.15741846169108997
0,3.860936639859991e-11
0,5.520684868843058e-07
0,0.12728889348274805
0,1.2526677068762565e-08
0,0.06854688058539196
0,5.746457988303521e-11
0,7.895769777867795e-07
1,0.0318301770532289
0,1.9007874932834804e-09
0,3.6787579120233813e-13
0,1.2112865185544845e-12
0,7.094836837292179e-09
0,3.5861946766187873e-09
0,0.1265863471243535
0,4.649217755005118e-10
0,0.3807946619937427
1,0.7698289489128883
0,0.04230466547317757
0,2.104087360456232e-05
0,2.2961179919880844e-09
0,9.166090822186645e-17
0,1.6643097290532755e-10
0,6.454351412045996e-20
0,0.00014117054883800464
0,1.5912998049679334e-08
0,1.563527592346998e-10
0,0.178674379740403
1,0.362894197460689
1,0.5792267293694024
0,1.1445112917583764e-15
1,0.4071800380166112
0,0.18611543293627794
0,2.68474760850675e-10
1,0.2872869980113535
0,4.705422671698872e-09
0,5.958944122562423e-24
0,3.218697624402067e-11
0,0.15403116544542106
0,3.915821380633143e-07
0,5.815056839384959e-09
0,8.907373160685827e-14
0,8.104869061696626e-07
0,2.2829779581873444e-11
0,9.065944503165351e-07
0,5.387184045902541e-11
0,1.338941366846039e-06
0,0.004635243091659173
0,1.8458330442770405e-06
0,0.2936102074095216
0,0.12242286576758084
0,0.3267902243108847
0,0.04682258472489337
0,8.604254724406525e-15
0,3.714331766059551e-07
0,0.3670176875644337
0,0.05200456812096771
0,0.01690005536355502
0,5.336570996952179e-14
0,3.2348441618490814e-06
0,1.4857873389974622e-07
0,0.7029257145299054
0,0.19887383902847042
0,0.1948118906177075
0,2.397303547993281e-21
0,4.642346409010239e-08
0,4.626110645282605e-16
0,9.977308458719429e-08
0,1.2606662600064335e-12
0,3.1130857885636465e-09
0,5.225296478372279e-06
0,0.5809458617071613
0,0.0057265448878609446
0,5.372589634458293e-06
0,1.972270774564853e-05
0,0.5634720479406296
0,6.128607743189853e-07
0,6.25609996258087e-05
0,1.8582389715592372e-11
0,1.3176401473220425e-12
1,0.22956731344963863
1,0.5478648890358965
0,0.2937455272923827
1,0.7554473298650407
0,1.4006740735055676e-06
1,0.20655049243282367
0,2.4139189481813726e-14
0,0.0512187609773236
0,4.081632521893904e-09
0,1.4013525955889922e-08
0,0.030799291736558574
0,2.4552123547053827e-06
1,0.15078963809612306
0,1.0118925123542705e-14
1,0.431788227640747
1,0.21528101367204444
0,1.0982399452432957e-10
0,0.03019785026413821
0,1.0026890373238226e-10
0,0.29150613033437534
0,0.28131372071694705
0,0.17488062443253027
0,1.118451270972711e-07
0,1.7609148246273696e-14
0,2.0926961511443465e-07
0,7.775917021704254e-07
0,7.614669817870766e-06
0,7.120377196185349e-16
0,1.024201726536798e-15
0,1.2685736628001715e-11
0,6.830826854875319e-12
1,0.40225482117497446
0,2.6599015480004594e-12
0,3.2966930587713024e-12
0,0.3567720963743009
0,0.00012090934370154661
0,0.19146801568897617
1,0.3443891312229978
0,1.374983594140835e-06
0,0.0060625174779726145
0,0.22640558491052049
0,1.417293754719834e-07
0,1.0932565355301908e-15
0,5.179024228726517e-08
0,0.227158266783089
0,2.772511586571559e-09
0,6.39188050170744e-14
0,2.488087601557493e-13
0,8.604254724406525e-15
0,8.040824692308708e-07
0,3.0311332673660805e-22
0,9.45812808378421e-20
0,1.0046431285159714e-09
0,1.9800255698677562e-08
0,3.12820846615298e-13
0,0.0036876566369273096
0,5.137255977906425e-10
0,2.6060519938471682e-14
0,1.517155480641904e-09
0,0.0008284150472309662
0,0.5422052226869699
0,0.15998061819629514
1,0.3004419270778854
0,7.165040257547565e-09
0,0.1678421139245192
0,0.34102695629574553
0,0.175605273664043
0,1.6013597034147367e-11
0,8.237995152940893e-11
0,1.1177351558509955e-12
0,1.1599610031958845e-11
0,1.1419275152616916e-11
0,0.3056168553959575
1,0.17854694799146978
0,0.20490564974657377
0,0.35821061754794203
0,0.15821507458863726
0,2.4792546106011525e-20
0,2.1815440938036818e-11
0,0.2609524680708829
0,9.814244267138778e-07
0,5.476851184815051e-20
0,4.395096754312536e-09
0,9.425405843430807e-05
0,1.5414500150190324e-09
0,7.032573241862695e-13
0,0.008730084019906862
0,3.294658833169026e-08
0,4.181620559937503e-06
1,0.24499786531988132
1,0.06588633281256437
0,0.2368871977657976
1,0.3854121317129194
0,1.3613892937294524e-22
0,0.13419176441606515
0,0.6959265759545179
0,2.3529656070636914e-11
0,2.7656616659909525e-12
0,0.3726980333845467
1,0.19417018498087266
0,2.0449485049909687e-06
0,1.958087488722429e-09
0,1.1089958087442309e-07
0,0.2759857421724098
0,0.027010559226339374
0,0.013799253182717843
0,7.243479175809441e-13
0,0.06473415873875539
0,1.1441300367021855e-05
0,6.806070651441709e-11
0,2.5201025159433743e-12
0,2.640591652541257e-21
0,0.0017029440426264157
0,9.548240882215994e-10
0,1.4064659753012731e-13
0,0.0013586449751170006
0,0.1456595701937713
0,3.983114907285584e-21
0,8.136200425982975e-10
0,5.493219484275528e-10
0,9.59607497391763e-08
0,0.20345984465975234
0,1.1861377786872901e-07
0,1.0068582073199307e-06
1,0.1883853585229769
0,1.3478918739863183e-07
0,3.398127725787694e-12
0,2.224517993255581e-08
0,7.475983938637363e-11
0,3.1057298501377583e-06
0,1.9781964628649134e-11
0,1.3860488871759963e-05
0,1.3442853434078627e-08
0,1.7352396953431713e-11
0,1.8224302779431292e-22
1,0.3306450264787335
0,1.1419795970071048e-12
0,6.383164894147298e-08
0,0.07960111718191347
0,4.979043107605554e-06
0,1.098782831715337e-09
0,2.5509695993053393e-09
0,7.789141094621755e-13
1,0.478297694723296
0,1.4813235962057338e-18
0,8.56090823722681e-15
1,0.8384619917294817
0,0.3087715524347434
0,0.34695733303659615
1,0.5324602487487917
0,7.594924913993971e-23
0,2.4599186344123214e-13
0,0.159128665386311
0,2.7722889396887796e-08
1,0.4223672353394345
0,5.232180819854945e-10
1,0.303700197210188
0,0.4675255212162878
0,1.0489976116212491e-13
0,0.06138851893243819
0,0.15468429672507908
0,0.3267189795383476
0,0.17620528807957733
0,0.26028568604968627
0,0.04522617014556429
0,8.152079055499824e-11
0,2.4176063190420206e-06
0,1.1795931466140145e-12
0,0.4920374618164238
0,1.5143265786928633e-07
0,0.0002677083125546421
0,4.818534573163847e-14
0,0.0016747160634237237
0,3.964467461289716e-08
0,2.491934945054085e-16
0,0.3736962661608765
0,0.0036965189208040734
0,9.982764014332084e-09
0,0.12759805017120326
0,9.148355869947824e-07
0,2.284501931398014e-09
0,0.13953918802649226
0,5.325227097873943e-20
0,0.19011934298362118
0,1.8656903095172736e-15
0,3.773347297732182e-09
0,2.021766706169073e-07
0,6.222519531530975e-13
0,1.228001383876989e-09
0,0.00011468926676306377
0,0.051093273468790584
0,4.404084719724134e-16
0,8.784719337966943e-08
0,1.4171168381554202e-06
0,7.120377196185349e-16
0,2.35004403236251e-08
0,4.096215114897028e-22
0,5.385771405183322e-12
0,0.26014871302626297
1,0.4747297126224036
0,1.0981407112593682e-14
0,0.4369839349537636
0,1.8530997985309004e-07
0,4.4427000873232125e-11
0,0.2379055113756594
0,2.256283346457664e-05
0,1.9905536760117296e-07
0,8.922266076215772e-06
0,1.0465734539736898e-06
0,0.4831364909528846
0,4.709749211143844e-22
0,1.3046667782708359e-13
0,4.702199045375189e-08
0,1.5337742160495516e-12
0,2.8584439555169217e-14
0,3.3452827881678903e-10
0,6.24049719525133e-11
0,0.4551962801058522
0,5.796710814703291e-07
0,4.642267781812417e-13
0,5.764488795251984e-13
0,0.2709222513635458
0,1.7848810239256574e-05
1,0.729670511390482
0,0.23660801076915228
0,0.45685244739733666
0,3.3995160536403923e-13
0,2.035471525031555e-06
0,3.6262082707423847e-09
0,0.180036954059609
0,1.858074925640242e-14
0,1.4909760367580864e-07
0,0.3463744896422926
1,0.6872946560851811
0,4.5129200096419966e-11
0,0.09786950596780084
0,2.7830057346609667e-17
0,0.23988120636283458
0,7.391322287520284e-14
0,8.846596456204912e-17
1,0.9982214346126749
0,9.050961089769241e-08
0,1.1439477616528935e-22
0,9.627558543420574e-10
0,3.169462578032804e-12
0,4.5042316414547623e-10
0,0.41563035700262124
0,0.13345949121640097
0,1.101816958485963e-12
1,0.5264608857620218
0,0.20048492078157176
0,9.183767214625643e-11
0,2.0683981073029413e-06
0,2.565372553278508e-11
0,2.1801064257194553e-07
1,0.6498997650494996
0,2.64635218218608e-09
0,3.425433651516213e-13
0,0.3300666821137971
0,0.3975395635138686
0,3.273490632651653e-11
0,9.323198500519394e-08
0,2.062113043263364e-07
0,1.4026946354630532e-19
1,0.9991490797870018
0,6.13074821083827e-07
0,3.0755144324451663e-10
0,0.028850519284913403
0,2.6914986395596006e-06
0,1.6113023613902446e-05
0,1.0004043862568425e-16
0,2.3709152581277203e-10
0,0.014165746561700755
0,2.8706619300353447e-08
0,2.2349544735146058e-07
0,6.853692782312905e-06
0,1.0034199809496842e-15
0,1.9882105444030856e-16
0,8.666516902517062e-14
0,0.0353680242384971
0,6.34112114803693e-09
0,3.0403939845279255e-06
0,8.900215340832398e-16
0,0.36005939274046467
0,6.051288712983973e-13
0,0.28683874339421955
0,0.16156822892658737
0,0.09894727742318572
1,0.592675211710813
0,5.673607942791877e-10
0,4.963264031782155e-13
0,0.000830113593366329
0,7.066527146602087e-22
0,0.4311830007900664
0,1.9525941426486427e-17
0,5.872467051563774e-07
0,8.900215340832398e-16
0,9.972252357600495e-14
0,2.8240891464353095e-09
0,2.729150456254052e-09
0,5.87997699598864e-05
0,3.206729867446673e-06
0,0.2638079572837539
1,0.30278852418260427
0,5.854444464462679e-06
0,0.08968341884532224
0,4.36300414215029e-22
0,0.0002595346981777525
0,0.19949927039059467
1,0.24004525448715855
0,1.4042338128421086e-10
0,1.4239733792364194e-12
1,0.5838805869566307
0,7.149391498927278e-16
0,8.459552743585083e-13
0,2.8275867046701064e-08
1,0.43379418774139245
0,1.6650221212039568e-10
0,4.5089493582123756e-07
0,0.13885319141639335
1,0.5210683046164285
1,0.4570479642757348
0,1.2878168516632929e-05
0,0.19224321900633456
0,0.0014178568951760814
0,7.805221599513652e-07
0,7.656461975618998e-16
0,0.10308459882670747
0,2.237326167337155e-09
0,1.8168124414793474e-08
0,0.4518366355214483
0,0.08073881187264147
0,0.31572837200182385
0,0.591771043355484
0,0.020110924333453902
0,1.1858526902902228e-07
0,0.03208015524613718
0,1.5971686121636886e-15
0,0.15657230379190404
0,1.4943005204764908e-11
0,2.370551941209439e-10
0,3.598114273638798e-20
0,6.0540875593988336e-06
0,1.2335454096878233e-12
1,0.9972920095799942
0,2.7459471721441087e-11
0,0.19588904445089478
0,0.4621638501631624
0,8.321893918232294e-16
0,0.3431613431479167
0,4.547624971474848e-05
0,0.40730963817500565
0,7.120377196185349e-16
1,0.5567031170002837
0,1.2751977085459675e-08
0,1.18016659610885e-12
0,2.6136779305200997e-10
0,6.913451029502924e-12
0,4.7816060569627336e-08
0,4.5679125725075686e-08
0,0.09257002424656138
0,3.432218060938311e-14
0,1.3061143640290485e-08
0,0.020063033407089502
0,0.0005163521971546743
0,2.3992650826012918e-08
0,1.3397531531263998e-07
0,1.7783758192395418e-12
0,4.848386035974358e-07
0,0.2346993027917477
0,3.815853997290645e-15
0,0.1305006006449982
0,2.501456938262389e-12
0,0.3381848226644375
0,0.014242225703432042
0,3.219380788241184e-08
0,5.597979290193099e-05
0,2.0530347903361756e-09
0,3.6282793768174923e-12
0,0.0825003379084525
0,3.513261324250449e-13
0,0.19005209054399808
1,0.527780183372275
0,0.06895853285553961
1,0.2618738458325196
0,0.3898287236535279
0,0.14954027873830844
0,1.1785573071045381e-07
0,1.6669692572231555e-05
0,0.3125219052259579
0,1.1326271211184072e-07
0,3.2390680040248e-10
0,3.620973600601156e-15
0,2.261730472556806e-07
0,2.1253580007162044e-05
0,0.1564611342300603
0,3.0144202699156913e-12
0,2.200665489790671e-06
0,0.3017053282613853
0,4.854306775599729e-10
0,1.4954129905377279e-15
0,6.097891559526969e-19
0,4.389961726212056e-06
0,0.12869165954312545
0,2.4974290646023124e-07
1,0.9994731802339778
0,1.0788999872975823e-07
0,6.060368212363381e-07
0,1.1045682202725567e-13
0,4.665850623027844e-07
0,1.3141191561618353e-11
1,0.6906437081367673
1,0.4297935577520947
0,3.391769171320424e-09
1,0.31219222565060445
0,1.5971686121636886e-15
0,1.5689142479466194e-08
0,1.8835841999852793e-06
0,4.2824611880935103e-07
1,0.5000079238193887
0,6.166838245229617e-15
0,1.4936754985095324e-12
0,1.139788143440961e-11
0,0.010734083019576292
0,0.0019546420022563534
0,0.18474012782919688
0,0.18313264508058857
0,6.143254494962987e-07
0,7.422301331902894e-23
0,0.502750560642353
0,8.052679511149609e-08
0,2.294475526994429e-11
0,3.240359463568071e-05
1,0.38701427089427437
0,3.2259262283516054e-13
0,5.917279191105337e-10
1,0.35503224568824815
0,6.68655912363192e-11
0,2.9319117828142885e-07
0,4.1827791532301395e-09
0,6.230465582451876e-13
0,8.803261806683078e-11
0,0.44401871383302044
0,0.21829719089054853
0,4.030710811957724e-21
0,1.2484993615890096e-10
0,5.959517796965328e-11
0,1.8105560274295003e-07
0,0.13077544045321116
0,0.32048098590636215
0,5.708109717458015e-11
0,0.7231987072434222
1,0.1921179085508522
0,2.4216198792566058e-14
0,7.66963312681387e-12
0,3.662661728356604e-16
0,1.3353272127680634e-08
0,0.46448150298139235
0,8.56090823722681e-15
0,0.5124653014944236
0,4.642267781812417e-13
0,5.933342600852901e-09
0,1.8490287095024936e-19
1,0.4659719602491009
0,2.6945902978771815e-10
0,9.896320742293398e-16
1,0.39540803063418606
0,0.26141600673432847
0,3.6354941838540947e-12
1,0.17450906420336643
0,1.5824513723195443e-06
1,0.1319234045686539
0,0.245002533997317
0,0.00040122678188026824
0,1.0694937066378995e-05
0,0.12253407606640819
0,7.332846907547465e-07
0,3.8675896707441187e-10
0,4.0709397504021775e-08
0,0.17447302125225755
0,9.298426986697935e-11
0,0.26645815606308404
0,2.9925909854879814e-08
0,7.123962795042334e-13
0,2.406263965473455e-07
1,0.4969324070373484
0,2.721565188922009e-07
0,0.22064454255921884
0,0.36412603591857884
0,1.1096866953994597e-14
0,7.03908648937249e-08
0,0.4084426315125694
0,0.39895604034944204
0,0.28285623476734517
0,2.1415143798334743e-10
1,0.7096538510630086
0,2.287055789521262e-15
0,2.619790936745209e-07
0,0.3584349511836631
0,1.568918778386517e-15
1,0.42336101742735494
0,7.299106008718154e-08
0,4.450782836801733e-18
0,0.30160354156679153
0,1.0096424926257225e-10
0,4.642267781812417e-13
0,1.6228397923664092e-06
0,7.28765358674749e-05
0,0.17343604400018836
0,0.2923575915323415
0,2.3518160346579018e-21
0,1.4580139185742108e-08
0,0.3790935310076736
0,0.4005772034285695
0,8.879127868033009e-13
0,2.2218835551298044e-06
0,8.595805375534055e-14
1,0.10982742158060839
0,1.7761737865190744e-14
0,2.866550809805857e-08
1,0.13798391453514922
0,5.090133472138284e-22
0,0.5254578795799196
0,4.1554202763150217e-08
0,2.53929897521996e-08
1,0.03957931205269363
0,0.4374425793422288
0,0.0006530820933822737
0,0.10845601287843973
0,0.13835753749935184
0,1.3344554282139952e-13
1,0.5640042269020236
0,2.021766706169073e-07
0,2.7474210125700127e-06
0,0.41863721770362705
0,2.7336748968281837e-11
0,2.803024020795967e-10
0,0.19804998248563996
1,0.24356474400521586
1,0.4140958637912181
0,2.0125981068139665e-09
0,2.945381755683155e-05
0,4.713441005881075e-06
0,0.16905537255084885
0,3.690433041664533e-11
0,0.000347631737322071
0,5.925599113954433e-07
0,3.330164470572435e-19
0,3.122471727209011e-11
0,0.2422462627249223
0,9.317905530472893e-13
0,5.916011411246533e-14
0,1.0133261882923524e-08
0,1.1705763896482492e-06
0,8.241283006722167e-15
1,0.5243147187079739
0,0.05534680289505308
0,0.36973529268889743
0,0.17956864342795023
0,0.33862132423600677
0,2.9212654241426838e-12
0,3.7918074980991072e-06
0,2.0576384315847313e-12
1,0.24711353714872372
0,0.00033200686598856334
0,0.09964225928182205
1,0.6479790441582298
0,2.5383321450032767e-21
1,0.3905616430055274
1,0.13869193853769113
0,1.693855921389339e-13
0,0.1104032521277737
0,1.5028361615239533e-15
0,5.634629498657351e-07
0,1.348655586233321e-07
0,5.825939357265167e-12
0,0.06399416620316101
0,0.211316106513916
0,0.10783548007052825
0,8.292657515790308e-06
1,0.4751023087056465
0,0.08564015542976564
0,4.1078541613091247e-07
0,6.948540080969416e-06
0,1.4797983045495382e-10
0,1.5644027256791206e-06
0,8.447066187352937e-09
0,1.4718478193556672e-12
1,0.2136406656447938
0,3.1324485490491467e-06
0,5.0998658439102207e-08
1,0.40779241447733877
0,3.574447460235399e-05
0,0.26723032479893505
0,4.760315352375159e-10
0,3.8479513043125915e-05
0,4.891121944525474e-10
0,5.816483882232223e-20
0,8.716646299172802e-08
0,2.535676221000828e-07
0,1.0578625622425102e-15
0,5.108320197874034e-13
0,0.3463263983079906
0,0.04409521785765707
0,4.377550327402944e-13
0,6.294279672694636e-10
1,0.9982214346126749
0,2.040112849912036e-21
0,0.14388252441312335
0,3.5435936890540853e-06
0,1.333175989588796e-12
0,2.4533729210275326e-22
0,0.26006067804956196
0,0.3700359878702658
0,6.026289632530915e-08
0,0.10642290740598472
0,1.2601606465543894e-11
0,0.1273232176599246
0,0.23236636456635895
0,6.531617002967825e-21
0,5.666527877009962e-22
0,2.763203796524761e-22
0,0.025282738686943296
0,0.0001300717369304089
0,1.3392126852862147e-11
0,2.9655285279656837e-13
0,0.00029978122351898614
0,0.2060874434151927
0,1.7234130607979571e-12
0,9.674329316704488e-08
0,3.0804243037810095e-14
0,0.2626603612248568
0,1.9765616581134992e-10
0,1.9485954022528795e-08
0,1.4694308915856119e-12
0,1.1620533470954276e-12
0,5.949644545271362e-10
0,0.2518369636447122
1,0.424560536813066
0,0.016085544237619015
0,0.18151009480544517
0,0.18547342768235234
0,1.421394129078393e-07
0,0.21690941232023236
0,1.226616497749606e-07
0,1.1927277792034576e-08
0,0.4343206629790035
0,1.5450820355713062e-18
0,0.17007549316169177
0,0.08837417812618419
0,9.675642485028395e-08
0,0.41406983966867394
0,2.021766706169073e-07
1,0.5044559377493959
0,7.633115864849329e-09
0,6.282515780273639e-14
0,8.56090823722681e-15
0,2.6883798186386648e-08
0,0.002235834075211321
0,0.015463254194533553
0,4.2603492642637795e-09
0,0.4019847569874478
0,4.998278383315559e-24
0,0.007386180859181245
0,0.05541608977981288
0,7.398320362406578e-16
0,1.985412161905911e-14
0,0.0036979003584372626
0,3.4982039722950426e-19
0,3.6727199240913904e-16
0,0.1349355187302398
1,0.4277745696500229
0,2.7505360240915546e-11
0,0.00041594744263048067
0,1.0644055133647248e-11
0,0.09206131374262073
0,2.4926067905060752e-17
0,7.228129390385387e-05
0,5.801736127666221e-05
0,1.674860726827009e-18
0,4.823796155788231e-12
0,7.784131830087103e-16
1,0.5761674440791302
0,8.423497524081916e-10
0,1.3907710200547646e-07
0,0.49861545018062536
0,0.0005967028390108503
0,0.29552779711412347
0,1.8877061246455116e-21
0,3.004697015587547e-06
0,0.2223510620900065
1,0.3459122286841425
0,3.709041362533659e-05
1,0.2804395557286667
0,7.647289300204466e-09
0,0.09198406795983768
0,6.339121202883915e-08
0,1.2751977085459675e-08
0,1.9234519777202346e-16
0,1.7592483131802387e-07
0,0.6292925443338288
0,0.33958172736319886
0,0.2218604267432021
0,1.0499171656553208e-22
0,0.1341700594239938
1,0.19197832952404412
0,0.21495649752561966
0,1.568918778386517e-15
0,4.9193736528461575e-20
0,1.3724089734572835e-12
0,1.7988230271910295e-10
0,0.10076748622215888
0,1.4154916647732487e-17
0,1.0210108906205379e-21
0,3.3610356977951496e-14
0,0.39475044134852827
0,7.232105215064093e-06
0,0.06452233209179928
1,0.3968896641307199
0,2.6083725041197696e-08
0,9.09586897711091e-10
0,7.805221599513623e-07
0,1.9866728842883662e-09
1,0.32142419631093444
0,0.013606855588547873
0,0.4568398676925372
1,0.1806919322392822
0,0.024138022684606422
0,1.3893786733162107e-13
0,5.0580065884354107e-23
0,1.0931826605692022e-05
0,2.8970932133337604e-09
0,4.639703038984512e-12
0,0.13559494696030533
0,0.2129193665897457
0,0.18894627622411136
0,0.010520654984134762
0,2.962848256519562e-06
0,1.2741730594955814e-07
0,1.2042157440453389e-12
0,1.2621696239268567e-18
0,2.40075668780514e-09
0,0.08661719521869059
0,1.1175439207538206e-21
0,4.136525844314684e-09
0,0.2785934980686145
0,4.561034877637759e-05
0,0.5620168067793772
0,4.9846462492747266e-08
0,2.4273404148449546e-06
0,0.10036143357676165
0,9.112587046615848e-10
0,3.471364534542321e-07
0,0.17059069853047124
1,0.5692860721844716
1,0.4598302273514592
0,0.3649456018659615
0,0.08572644308322318
0,0.18576831836484287
0,2.866550809805857e-08
0,0.18981234599618224
1,0.5222150487164962
0,5.446252785432401e-10
0,2.118824852912898e-06
0,0.1100085278991253
0,9.63992117546325e-08
0,0.5837812672934392
0,3.197984657635462e-07
0,2.1255274021548016e-09
0,3.077120077800687e-09
0,2.505406075098569e-12
0,0.050368385823484456
1,0.4627564753304325
0,0.3508304759245276
0,1.3848829932147662e-08
0,3.014505477018832e-08
0,1.1819326809822658e-13
0,1.3243744445888245e-08
1,0.7710297120230357
1,0.3817061944986794
0,3.851534597209702e-14
0,1.4195450419695025e-14
1,0.3135870148346592
0,0.0018606662286338256
1,0.2873033324848215
1,0.14075620354529456
0,2.4848479978588206e-10
0,4.4910981795492796e-10
0,3.113824891832412e-09
0,0.003200372275364768
0,0.22715705863516392
0,8.522443138600264e-11
0,0.4103423844707302
0,0.15375992697903934
0,0.00014698550890252944
0,5.717973739028502e-13
0,0.45707227818731744
0,0.3179458515501324
0,1.76734234196366e-09
0,6.5236736907769426e-12
0,0.05726131499739361
1,0.641471440486036
1,0.6750372643525517
1,0.2818383675534577
0,0.09194869291905966
0,5.497434724997824e-11
0,0.20409238756643586
0,3.8725487334971495e-10
0,7.310594129648487e-11
0,2.2947888939685567e-07
0,1.510138249722011e-12
1,0.33509124632668374
0,2.6060519938471682e-14
0,0.4382057390914495
0,1.2961315996873811e-07
0,0.16211942980678629
0,0.7013071535996278
0,0.7103290706847425
0,8.366971579908661e-07
0,4.418135575820797e-15
0,7.787119685925632e-10
0,0.1289746210594822
0,8.964861132355984e-08
0,0.26890274498971056
0,8.898466334324622e-10
0,1.9597007807438974e-19
0,4.726878990224894e-08
0,1.864524127426733e-09
0,0.24863401875714625
0,9.342497466778294e-09
0,5.75581342604462e-11
0,0.40207365442316684
0,9.565116472104308e-11
0,5.14889198827463e-06
0,0.01937407032746449
0,5.266695045257404e-08
1,0.2658520770995929
0,4.331136422721793e-15
0,9.424135762003284e-07
0,0.01528165870356354
1,0.4270042267486624
0,2.2024040893981387e-06
1,0.03353626722414542
0,0.4127703796703148
1,0.4368324155467182
0,0.39960762865966243
1,0.2801331537831476
0,0.18229594981177571
0,3.7875531283635415e-08
0,2.9161165846876713e-06
0,0.10535993385045904
0,6.791296089576501e-08
0,0.18124768428988222
1,0.4295860731947503
0,5.405360637175231e-10
0,2.1350525705589518e-06
0,0.03510086794729183
0,0.3047244351315875
1,0.3103008094948184
0,0.3645639828488906
0,5.22562481573545e-09
0,2.0807395964277173e-16
0,8.900215340832398e-16
0,2.6182336431626904e-09
0,2.8177674785868552e-09
0,1.3647305026183325e-08
0,1.0508323803175579e-07
0,6.724188357217097e-05
0,2.385045226585702e-11
0,1.1618378174686684e-11
0,4.404644839052688e-18
0,1.9477905715634822e-10
1,0.3340035890294209
0,8.547646790241174e-07
0,0.1277072118693084
0,0.41534437039802435
0,3.923119835557615e-10
0,1.1313701776872009e-15
0,2.615807163978328e-13
0,7.928799717161949e-13
0,4.5989995179748417e-10
0,4.5989995179748417e-10
0,8.56090823722681e-15
0,0.1989914565064872
0,0.11965659216629752
0,3.029392312645512e-10
0,0.15084001675752515
0,0.3783540213403215
1,0.5754451165175968
1,0.4011639652140998
0,5.687808172447796e-14
0,0.47012339717606544
0,6.119574010289617e-06
0,0.1730529377417953
0,6.504342866594056e-14
0,2.545871894690059e-22
0,0.17667469541468453
1,0.4785283021860784
0,3.45436590777441e-07
0,0.7085288874247283
0,6.705847970112767e-09
0,1.6445859749569734e-07
0,1.2542226669769641e-11
0,0.18758598432138288
0,0.027261508988131348
0,4.626110645282605e-16
0,1.3771954947389793e-11
0,3.6369205006825653e-07
1,0.3287365512496999
0,1.026021083932519e-10
0,2.6330345287528877e-08
0,7.63465461911976e-15
0,9.31956630692263e-07
0,0.2314692105424695
0,3.0853449006173324e-13
0,0.16830847742854738
0,2.2372987996262264e-06
0,9.905664987188387e-11
0,0.0031525425854256554
0,2.628009213856368e-06
0,0.2724067109561379
0,0.7523424197131979
0,3.747342919653162e-13
0,8.56090823722681e-15
0,7.1258673160354e-08
1,0.032149847734271327
0,0.05790672378338628
0,1.2760458050328493e-11
0,7.120377196185349e-16
0,0.013032306208327935
0,1.568998300516634e-18
0,0.05859354677449634
0,0.017091677884200556
0,0.2008112352135497
0,6.973212535818525e-12
0,1.1499995725021372e-14
0,0.002440440866692622
0,1.7218507872907826e-20
0,3.4869788579285553e-13
0,2.9414188836301964e-22
0,6.040501439529977e-09
0,8.88300078735251e-12
0,3.2099261932890525e-10
0,1.5353580317885756e-05
1,0.5786850939845302
0,1.9777155981936246e-14
0,0.2110165805827193
0,1.691817187649104e-07
0,3.1702637531905254e-08
0,2.4758773453069168e-19
0,0.21881274463250633
0,0.3134558014118283
0,1.6286256307409148e-07
0,0.11492565934805697
0,0.6468499745559816
0,0.122687877754054
0,2.9925909854879814e-08
0,5.694821908625699e-15
0,0.25952229430108
0,9.581522470436889e-09
0,1.15617257163548e-09
1,0.34552760116625814
0,0.3439648052747219
0,2.740128565757743e-06
0,0.4046193496290983
0,0.004525066111924073
0,4.6349882856460666e-09
0,2.376732925756152e-07
0,6.014582737441544e-12
0,1.4022745396365537e-05
0,5.74680122395307e-05
0,2.16949592770438e-13
0,1.3628365212265441e-12
0,0.017579595745545722
0,0.08239560443432954
1,0.9982214346126749
0,2.387889663925479e-05
0,1.19043194803839e-10
0,1.0810218878998308e-06
0,1.6670632090601936e-08
0,0.015798872722628327
0,0.15994577480849637
1,0.0020594921080550866
0,4.977448558001963e-11
0,0.10699471038098372
0,2.8124334003547314e-13
1,0.11578625065326513
1,0.4781850404211792
0,2.4089806933004496e-11
1,0.3463305568192704
0,2.296951206362147e-14
0,0.3471184208172716
0,2.5108484085538655e-19
0,1.4826911298236484e-06
0,0.33391082114545134
0,2.4819243362914493e-07
0,6.471513910576098e-13
1,0.4156149147545779
0,0.09485941783540484
0,0.43853273691416783
1,0.3649707130827283
0,8.519887522249693e-12
0,0.10594081014361205
0,3.5447146145699093e-19
0,0.08935772150220485
0,0.004408678911841946
0,6.028803179744732e-10
0,9.650178669311961e-06
0,1.0960134685409557e-22
0,9.217184078203411e-07
1,0.06220115858881449
0,1.1344990844041155e-12
0,0.24681814246420364
0,0.5933087841730552
0,2.4325394011757764e-16
0,0.07085543169846456
0,2.8616459000184634e-12
0,3.301261141523495e-10
0,3.200871992715905e-22
0,4.5103141245567975e-13
0,2.640569827517178e-08
0,5.508241470391492e-16
1,0.23631037506733976
0,0.09304394763524976
0,3.7764526360027925e-15
0,5.099931871914812e-11
0,4.19743531576674e-19
0,0.3054306995388005
0,0.0026762476583844235
0,3.427275002059413e-05
1,0.2517231194970197
0,1.7338785455250884e-11
0,5.24542603630461e-10
0,1.4184281914018402e-07
0,3.6770728919632854e-07
0,0.12123823083644435
0,0.016365762229648098
0,8.900215340832398e-16
0,2.4364105123241983e-10
0,0.11390818474852997
1,0.46251436627880055
0,6.537665213828039e-15
0,2.286445727177166e-13
0,3.230139825830306e-12
0,0.41729429424392367
0,1.319099227932231e-06
0,0.12377678972344446
0,1.5971686121636886e-15
1,0.47316639278267275
0,0.45771648927307307
0,2.236789366272374e-07
0,2.2207490420752003e-13
0,1.4418047648691501e-09
0,4.215103782792029e-11
0,4.277323271030784e-09
0,0.0771502744112757
0,5.67099348587634e-13
0,5.2620338909591675e-20
0,4.3838930754885346e-13
0,5.428490609467299e-11
0,4.0226455742367785e-19
0,7.120377196185349e-16
0,2.0574974533890365e-06
0,1.3390758306698447e-12
0,1.741985797350622e-12
0,1.1836576933438284e-06
0,1.568918778386517e-15
0,8.778157329811844e-07
0,4.329851211150302e-20
0,4.80253062059397e-14
0,0.007075104087463069
0,2.235790832395984e-05
1,0.3907743464481232
0,0.7410659752632377
0,0.11924751727285045
0,1.6205170878309033e-08
1,0.2603668130981617
0,0.0007722754771482643
0,2.9427905706624654e-18
0,0.40699420807734493
0,2.518075570920567e-09
0,3.604351633498041e-10
0,0.10618897230261841
0,0.0015199798685364176
0,0.03915600655458527
0,0.02552737199545591
0,4.696997018619537e-10
0,8.491295718713829e-15
0,0.16673132429351437
0,6.896381960038818e-12
0,1.3932745610628173e-10
0,1.6694586221591298e-11
0,1.6004046835193468e-09
0,3.611485188062918e-10
0,0.23877618617346197
0,3.0311332673660805e-22
0,0.23440879356428915
0,6.360976544546704e-13
0,8.055816658910703e-14
0,0.26461440513436935
1,0.5771928906512985
0,0.03930731940514363
0,1.6773457452151683e-05
0,8.806705549342777e-13
0,0.2228004222593371
0,0.022570692559765414
0,3.6727199240913904e-16
0,1.4705495602412558e-07
0,1.072710892070914e-06
1,0.30745965795188507
0,5.100606029888803e-10
0,0.006704449702318824
0,1.96146316116699e-13
0,0.2766709597491303
0,4.096215114897028e-22
0,0.22532872637426843
1,0.046814730730094095
0,0.0003452108761574743
1,0.6104973412052738
0,1.8843065607080545e-06
1,0.10791260146020662
0,0.2830407785197186
1,0.4216073788154882
0,5.106203783370871e-06
0,9.574229651575093e-10
0,0.34314052671550144
0,0.3378216445007876
0,4.4596581058591954e-10
0,4.1254763059257745e-08
0,6.301464839657728e-22
0,1.7264615734253177e-19
0,0.4014539032414996
0,0.16171050219625208
0,0.006955066611865373
0,0.43402925259487096
0,1.3500705008554414e-07
1,0.39852615796599306
0,1.0870301857580474e-07
0,0.3776407594659189
0,3.6640308318479727e-16
0,1.8411620360823658e-21
0,9.10388906470926e-12
0,1.802398570157403e-13
0,0.004034364649109776
0,0.07931190311599694
0,2.772511586571569e-09
0,8.512096377950626e-08
0,2.9728516684313323e-10
0,4.8997082931137725e-08
0,3.2782795338596e-21
0,1.1034549930039579e-05
0,0.03889099370314659
0,1.4011500515618445e-14
0,4.942858964786197e-06
0,0.08191694486568779
0,0.23036907377655547
0,0.13556328170477902
0,2.3678091816570233e-07
0,2.6292432595694803e-10
0,0.3766726110225791
0,8.007143995677883e-09
0,4.609614422913468e-22
1,0.6892707341347072
0,0.0008274488288067225
0,2.529492112979784e-10
1,0.57028286770131
0,0.5149616875929254
0,0.1486301857417326
0,0.15997089723708333
0,1.2372064895416067e-08
0,2.2825989976378677e-11
0,5.32170973727914e-22
0,0.3282047217557722
0,1.7242090513496978e-08
0,0.07711839963077395
0,3.914040492425638e-12
0,1.3463831845286297e-11
0,2.566976906914076e-11
0,0.3404584944830283
0,3.6109805266579202e-06
1,0.39200951667884776
1,0.24241830560166722
0,9.078725536375557e-11
0,4.3969997946002365e-14
0,1.3272422600762702e-07
0,1.2193372475139966e-11
0,1.1157311358555207e-21
0,0.3779181162254296
0,1.6021986296434587e-08
1,0.49180197801061465
0,2.5601139352888225e-13
0,3.825308632278772e-08
0,2.141982852884108e-09
0,0.16479275525444717
0,2.6904340541954886e-07
0,3.523684668252732e-12
0,0.08763071164936881
1,0.11331466337837466
0,0.31766100164926897
0,0.17217223985289473
0,5.436345382992648e-16
0,1.6077566593516223e-15
0,5.587626219929682e-22
0,1.3197426646427483e-13
0,8.924288793896398e-14
0,0.32098678393704394
0,9.787484135553617e-16
0,3.5735642177600563e-06
0,8.597962250332422e-10
0,8.56090823722681e-15
0,0.14668280532831993
0,7.466062032429273e-15
0,8.886501054428454e-13
0,7.554036071151482e-10
0,1.3791145289077522e-05
0,7.12318052488243e-18
0,2.2241432049481406e-11
0,3.766546815935365e-07
0,2.466557744288883e-12
0,0.1487321924081639
0,0.2009933588234825
0,1.4086573826471515e-05
1,0.17265107913296435
0,1.4162848770335872e-10
0,3.039577167399002e-13
0,0.07453936588219798
0,0.0016165342470890484
0,1.0952708330749466e-07
0,1.0903780368988415e-05
1,0.026434792016420586
0,9.134087150099027e-11
0,0.6354700715475844
0,0.3803465449913721
0,7.100533323431737e-12
0,4.5989995179748417e-10
0,5.7441675029953295e-05
0,1.3930696170928764e-09
0,9.935075326795634e-08
0,1.7660586450899028e-10
0,3.798840299897316e-10
0,2.5799264043216706e-13
0,1.351735305105714e-10
0,0.016796502059016474
0,0.21689203832416043
0,0.2233243816523044
0,2.406955879500309e-09
0,5.040062727333581e-06
0,1.0642617906443491e-10
0,1.5914907579259954e-15
0,0.08423793028269254
1,0.4326048345727557
0,0.006447814389960568
0,9.855501907830198e-09
0,5.706103056806416e-09
1,0.3781543135135695
0,1.1650850240238785e-06
0,0.03364988308580912
0,0.39236759796593706
0,0.15163857145040038
0,4.2068431658406226e-08
0,1.6680998505373276e-09
0,2.565244245261039e-06
0,2.9771508929307255e-06
0,4.1832991545915346e-10
0,1.7177948389182037e-07
0,1.3009002502665604e-09
0,1.0994738074573721e-21
0,0.14128588439998585
1,0.570816849638216
0,0.42916373126201873
0,1.5289546015368165e-05
0,3.999829913495982e-24
0,1.2492409561057002e-13
0,0.08424276853763686
0,2.2409512338337937e-12
0,5.271507127753152e-15
0,0.1115999169062957
0,0.20445966589358056
0,1.0773825809144347e-13
0,0.0002035887842571298
0,1.599388936783675e-14
0,6.688349494508665e-11
0,7.207965931573144e-07
0,3.622522036870286e-08
0,0.07452691127197962
0,0.39300456047510657
0,0.25534988455992713
0,0.32730393860005647
0,0.1786500350182845
0,1.5257724949154587e-11
0,0.49289123672706064
0,9.727828820157896e-10
0,0.2810872570819308
0,1.662465032945809e-05
0,7.530648679906774e-07
0,4.5828703601626336e-21
0,0.008667709605684209
0,1.5378042966329293e-08
0,2.1821426115885747e-07
0,1.6918302701730837e-06
0,1.3853239289632261e-12
0,0.423652005984311
1,0.35773059135106733
1,0.7806521785069157
1,0.6569901544832784
0,0.08904046696135234
0,0.004356567258492223
0,9.099279851395346e-09
0,0.12481201407856227
0,3.5324025018912186e-16
0,2.557256462482947e-12
0,2.284501931398014e-09
0,0.08575528565749405
1,0.5538009586207345
0,3.090772121998592e-22
0,1.3565716950103544e-09
0,0.5647295327242622
0,0.0017734212003031142
0,2.214294864797385e-20
0,0.2108021543834471
0,1.078500941358678e-11
0,1.698484354931362e-16
0,8.672630309471238e-09
1,0.38578932910068964
0,5.205889724188992e-09
0,1.8250202471014374e-05
0,1.4963632387358832e-16
0,1.623272802780483e-09
0,0.12695364401251585
0,3.710060223646099e-12
1,0.4728151064175274
1,0.47856248817570246
0,8.00236388520505e-14
0,1.815774659600713e-12
0,1.0218862106055332e-15
1,0.31381764323079825
0,1.4017728105866428e-12
0,1.5070730119522173e-07
0,1.1601237099483003e-09
0,0.0024706175953047296
0,0.07020066957051951
0,7.166165091125887e-16
0,5.118186154061419e-20
0,0.28244166987550223
0,9.134431470084925e-09
0,3.3680570937427614e-05
0,7.293522647248315e-12
0,5.5940382281254645e-06
0,5.30606599117321e-12
0,4.205380411213458e-12
0,0.12706696115644894
0,1.1116471020086015e-12
0,5.476472259059405e-23
1,0.14461896397791024
0,1.2000629439140687e-06
0,0.09873933806296922
0,0.11717512856971461
0,6.827898885584968e-10
0,0.026906589022934326
1,0.5799313467912738
0,0.0001291456751399662
0,0.17731447498873157
0,1.5012932663964733e-15
0,0.0017956306564881174
0,5.648785881696723e-21
0,0.7939624220442769
0,1.3608926988717288e-15
0,0.08126523504615137
0,8.387398761512502e-07
0,2.8727788493259493e-11
0,1.796073798005718e-07
0,1.9260161822873697e-09
0,1.212012726705833e-15
0,0.47523920434192896
0,4.247362616828412e-09
0,0.31385636600605016
0,5.649289516356197e-10
1,0.17122468691163933
0,1.5649736823020553e-09
0,2.8098522924637053e-08
0,1.904535763035786e-11
0,5.862024716642487e-13
0,9.243939739369017e-10
1,0.5465215370842912
1,0.8409888800494573
0,2.3557969993175067e-08
1,0.18268316388850595
1,0.13463709044820354
0,0.027580653007118743
0,1.1150044282886249e-13
0,7.328961074443934e-07
0,0.05725503619413029
0,0.14449597684102514
0,3.959008541610912e-14
0,1.5971686121636886e-15
0,0.7490676377162672
0,0.7170700900180389
0,3.1397308880515127e-12
0,1.5314302959355803e-05
0,7.484963297779548e-09
0,1.3173170263469794e-07
0,2.2943878299378804e-06
0,0.3390353779049377
0,1.0956601956249238e-22
0,0.07014261451512796
0,0.23996588571649843
0,3.2175759722687116e-15
0,2.7341274346718552e-11
1,0.7087518021552994
0,0.0023764132960782908
0,3.648889769212644e-05
0,7.458393839053655e-08
0,1.4393505753209205e-20
0,1.736557384248903e-10
0,7.120377196185349e-16
0,3.1489571227677366e-08
0,7.154548142192681e-11
0,3.009173770664148e-08
0,3.9196176349155774e-22
0,9.045968303072984e-14
0,2.603168378187394e-16
0,0.001388195606708146
1,0.32832480732662134
0,2.3820086555018685e-08
0,1.975114544900808e-07
1,0.09493514679054223
0,0.46757397248635946
0,2.7016382152456005e-09
0,0.3340293818226605
0,0.00241981324714232
0,2.3978904405937404e-10
0,1.1784261632396574e-07
0,0.11663996253643426
0,1.0350416287274166e-07
0,3.822619879656824e-21
0,0.4563912210351656
0,0.06792255630208295
0,1.1712640322546252e-08
1,0.921782085356093
0,0.1051035839593113
0,0.1728643685844939
1,0.3060444316832722
0,0.09835202706256284
0,0.049065304873200086
0,5.960634532157458e-09
0,3.0504331785291004e-08
0,4.9366735457113e-05
0,1.4184281914018402e-07
0,0.16326740557383446
0,6.372632081080511e-12
0,1.2424311594985142e-10
0,2.1985351570830108e-14
0,2.078795735267121e-14
0,8.806543611425702e-13
0,0.0015192335013719963
0,5.00763836295653e-11
0,2.9941314388669063e-07
0,7.923564699228264e-12
0,8.353399369009303e-07
0,0.13565517150016249
0,0.264728442909447
0,2.150261039394861e-07
0,5.093061526391344e-05
0,0.019951739687947254
0,6.043608069767023e-10
0,1.8411620360823658e-21
1,0.6335564774825412
0,2.092444806342453e-12
0,7.3737075845936525e-22
0,5.436425660611064e-11
0,8.56090823722681e-15
0,1.3225456280975114e-13
0,3.1682887721299983e-13
0,3.6832123326643094e-09
0,1.2676918453538928e-10
0,0.13849402167402802
0,0.6840608139992702
0,6.081276720141776e-09
0,0.4887827397776112
0,3.648071584314622e-08
0,1.3206178986407959e-08
0,0.33544705457270063
0,0.23568932590810787
0,2.3211443535897622e-11
0,0.2802000584435648
0,0.5331165081794309
0,2.6301634892438577e-06
0,0.3261307899447496
0,1.6749149850821446e-09
0,8.437799800815423e-09
0,1.402809770816308e-05
0,2.851662723159158e-11
0,5.399509436821012e-10
0,3.064572278255276e-11
1,0.36967413625940604
0,0.05552490788690995
0,0.36684344525422163
0,3.01642189653325e-08
0,0.3893891030359027
0,2.7055932757799875e-11
0,5.080386053218108e-13
0,3.718703268951746e-18
0,2.2806024259896894e-07
0,0.5852553936902342
0,1.092774458570013e-22
0,0.1937848165061614
0,0.485589878470505
1,0.3912253986421567
0,0.09429536622625505
0,2.021088917274427e-11
0,5.981653406801548e-05
0,3.1451826307835407e-11
0,1.1587385547755478e-08
0,1.3089478070359773e-06
0,1.2963978062097393e-05
0,0.2014728176989863
0,1.9069953836146578e-07
0,3.0967540163177357e-13
0,1.7013863198088123e-08
0,2.0497810638170594e-15
0,1.8288351362772763e-15
0,0.05125446082093666
0,2.3053416307224937e-05
0,8.370572248580362e-15
0,1.4049652252659588e-21
0,0.02384291718164683
0,7.788298302179816e-12
0,0.18888390089223606
0,0.6310651832601745
0,4.26910981160814e-06
0,5.310581039796062e-13
0,0.02974786214619747
0,1.8010413058577932e-07
0,1.949499196905112e-06
1,0.43527124436548775
0,1.368398190278743e-10
0,0.04785146743169239
0,1.8411620360823658e-21
0,8.195436470925613e-22
0,2.0366574726206921e-16
0,7.377693255492212e-11
0,4.1644900550346315e-09
0,6.546463971032658e-13
0,0.18253000770034447
0,0.1651970750389288
1,0.6362916746333963
0,1.4025491208610699e-09
0,2.728064039727238e-07
0,3.179498682957288e-13
0,4.6868898822519985e-18
0,3.810595473235107e-22
1,0.3233964512512621
0,1.389662679732427e-08
0,7.878776495461778e-06
0,1.8582389715592372e-11
0,4.4887055048228077e-14
0,1.745878363004121e-07
0,0.003262217005320083
0,1.2953132073128376e-15
0,0.06362294437783918
0,3.843824369750195e-12
0,2.959333711488042e-05
0,2.9064092541158107e-09
0,0.0009466680977625034
1,0.01924126129928378
0,8.44681233286807e-15
1,0.4777656716569296
0,0.48215138107619393
1,0.28774218698166426
0,3.4111346047085606e-20
0,3.2409913839482727e-10
1,0.47462077835163985
0,1.3598936535595542e-07
0,9.381239880012261e-09
0,1.4122811588955673e-08
0,0.4256550464020267
1,0.1703192331077477
0,1.2991256530800942e-09
0,0.24754329177637457
0,0.2856195252082737
0,1.3292754901757148e-09
0,0.32792060673720186
0,0.17810034664810082
1,0.9972920095799942
0,4.8900651222345786e-05
0,2.6672140849683037e-07
1,0.49155779620489454
0,0.15147240733315243
0,3.6148795869415585e-16
0,0.3535741790959763
0,0.10706483308853185
0,5.760157494280226e-13
0,9.156813427695078e-13
0,8.466058334051008e-08
0,5.608507680898561e-09
0,2.6292192334117097e-10
0,6.08357866514003e-13
0,0.38215719964998557
1,0.37788669376678696
0,1.568918778386517e-15
0,0.26322348998001527
0,0.1616117240957889
0,1.1020699413938676e-22
0,2.6504049470283066e-05
0,1.973834464874245e-09
0,0.4043358886901209
0,0.24563972832749992
1,0.3667809285318453
0,3.494380770699734e-05
0,2.6062384341889095e-06
0,4.308856680769074e-08
0,6.303906503537143e-11
1,0.5028072177709181
0,2.14243264470221e-12
0,3.0019210538544637e-07
0,2.894407080199172e-11
0,3.2335264411430507e-16
0,2.9448859603965367e-09
0,4.404935620667943e-12
0,0.3793149479851221
0,0.5300788948688682
0,3.670838335682121e-14
0,3.799646442067135e-11
0,1.914307986249373e-08
0,4.126774962896088e-10
0,5.989436688898276e-10
0,1.193152552818195e-07
0,2.3446139873750378e-21
0,0.07910993258206984
0,0.3469606710706209
0,1.0539795245036954e-07
0,4.236063212190035e-10
0,0.002062242571312464
0,3.6681922375447994e-12
0,1.3390743753313969e-14
0,0.06122100980770479
0,5.015191643933558e-10
0,1.5990707348349424e-12
0,6.484814732582801e-05
0,4.338462014465925e-11
0,2.9004197982367372e-11
0,3.8352967302408444e-14
0,1.1688549591669256e-09
0,0.21723257732756018
0,0.3936702117860783
0,0.39235479880963325
0,0.3670141058839427
0,9.692992274058792e-22
0,1.568918778386517e-15
0,1.9286533849746684e-14
0,4.4424564924623436e-13
0,8.852272549505189e-13
0,7.317048657322442e-16
0,8.616000467665982e-11
0,1.1805042112334398e-22
0,0.258386021478896
0,2.1382016089758213e-08
0,3.5746935613429115e-16
0,5.816483882232223e-20
1,0.9799488767686112
0,3.700288687644573e-19
0,6.737733717997701e-07
0,1.9422224882798308e-05
0,0.052600537704811115
1,0.5097797485454229
0,2.2352570045990135e-20
0,5.481522043367535e-11
0,2.7495732059243983e-08
0,7.852264435829272e-09
0,1.1337228394824152e-22
0,8.05236527598124e-12
1,0.4272829833410287
0,2.6814949393769612e-05
0,3.3493859455869984e-05
0,2.3222860553183477e-20
0,3.1859080257767887e-10
0,7.993707124907698e-07
0,2.1214549577640416e-07
0,2.512528222982914e-10
0,7.120377196185349e-16
0,0.053284469979034764
1,0.7314551698225903
0,5.738127116373396e-09
0,3.9237696899928435e-07
0,5.431510472644987e-13
0,0.052238039629577314
0,3.492153998744626e-08
0,5.4758514730624106e-11
0,2.692811003499489e-07
0,1.1169244412936643e-12
0,2.7968908237151905e-13
0,2.231660736989027e-21
0,4.785190429563585e-07
0,1.5997736978367263e-07
0,0.31578468748075716
0,1.3893558118173433e-09
0,7.041453757884791e-12
0,6.730685690841162e-13
0,0.24883940659041967
0,5.666527877009962e-22
0,3.550252158169811e-08
0,1.6162834703537274e-07
0,0.3560925031833433
0,1.1083443708190016e-09
0,4.2890542906057153e-10
0,5.801285943622643e-10
0,0.290059985175394
0,8.900215340832398e-16
0,0.19087613313697652
0,1.7437160778468285e-07
1,0.3212152041518934
0,0.013494508997743251
0,0.004743720271146731
0,0.16265684672039646
0,9.368063247759387e-09
0,0.1489091292553636
0,2.3321787078233935e-08
0,0.2562230241216475
0,0.03568673136961931
0,0.39260597176052997
0,2.1602123266602696e-09
1,0.44965010055025945
0,5.567591374152264e-07
0,3.6963575526266354e-08
1,0.14733024886396978
1,0.5281525018639328
0,0.15591028231357845
0,8.00621234357926e-07
0,2.407690586595175e-12
0,0.3030214534976758
0,5.153662618786752e-13
0,2.9954966402510864e-12
0,1.1795233370454847e-18
0,9.653078723196109e-09
0,1.3107879931372468e-06
0,1.470552499782864e-07
0,5.344882662800181e-08
1,0.0912377244741013
0,2.8244072451058537e-09
0,3.7863873168558025e-08
0,2.5434434085100036e-06
0,1.5802283158834942e-08
0,0.22037415159187237
0,0.5610885130057365
0,7.593654419510416e-22
0,3.1956911864337094e-06
0,1.798052199756183e-08
0,6.075820783516873e-16
0,7.120377196185349e-16
0,0.032902263891050394
1,0.44859776014067165
0,2.4928029284678638e-05
0,1.1514299494818479e-09
0,1.2419323903929687e-10
0,1.2251796963879866e-07
0,1.1142923919357597e-12
0,0.45184658729831995
0,4.071043505317185e-12
0,8.770735306093591e-15
0,0.2980139792112911
0,1.5736133204099053e-10
0,2.0487458772794715e-08
0,3.023729295514727e-06
1,0.5234546253733938
0,4.368134202315914e-12
0,2.2206306554568588e-12
0,8.080024085862416e-15
0,9.579691809697239e-06
0,0.4233991803647295
0,0.23785801611717614
0,6.319873405217338e-11
0,1.571619255265986e-08
0,0.2464579498746876
1,0.09556440028633265
0,5.5750253422432e-05
0,3.821813738882496e-15
0,1.7013863198088123e-08
0,2.7968908237151905e-13
0,0.029053006450426896
0,0.270225522368912
0,0.0413427373772457
0,0.3367789661321909
0,2.1395704124190163e-13
0,3.460028518542068e-07
1,0.39565086102125435
0,2.021766706169073e-07
0,0.23420787230119236
0,2.9227878699230447e-09
0,0.07499592279104249
0,3.206223168976113e-06
0,6.350430140738998e-09
0,1.5960332025980464e-10
0,0.16352526463469355
0,1.0318166961594019e-12
0,0.03281738621663173
0,5.589233097227869e-12
0,6.043813971038085e-11
0,0.01067442188674839
0,4.454698276461779e-09
0,3.889714087847981e-06
0,0.43870057524162404
0,8.442361593673406e-06
1,0.7736753868242856
0,0.2543794204346412
0,5.8365935257571125e-12
0,1.2958101711271868e-11
0,5.3353898111872084e-11
0,0.3721895165526672
1,0.17355690588050043
0,1.1448085790492355e-15
0,3.1331776114380672e-21
0,5.287093822394561e-15
0,7.837026182806078e-10
0,0.001504483068995918
0,4.09858784665811e-07
0,1.291428318842324e-09
0,4.4795789759927194e-13
0,0.19663027031336552
0,0.001767025719874823
0,0.025889958498051487
0,5.202107715822008e-16
0,0.12530477232556853
0,3.72555730001422e-18
0,0.25013884539630216
0,3.6079876092243485e-10
0,6.946801399310885e-09
0,0.08655080209692828
0,2.049716706313866e-07
0,1.5063913604605177e-14
1,0.4102120288512761
0,1.3557255423243682e-22
0,7.120377196185349e-16
0,2.895777142585348e-06
0,2.0134142640026905e-08
0,2.7459471721441087e-11
0,0.0002488054299035149
0,3.0791860332177422e-06
0,8.769913399411123e-07
0,0.4313206284966387
0,0.5612093263905936
0,2.4419168315514097e-16
0,5.377353372364472e-13
0,3.129637329868981e-08
0,4.6957248061595655e-08
0,0.3091162775717547
0,1.3439317854198095e-07
0,1.9420219479879827e-11
1,0.29607393339292726
1,0.26253473616548456
0,2.7302884985222702e-08
0,0.004532439101716824
0,5.3319570060188503e-17
0,0.2249017386926829
0,7.120377196185349e-16
0,0.49565481682805673
0,3.2782795338596e-21
0,0.19801288446946638
0,2.250942944211417e-09
0,1.2608550486072488e-21
0,9.357004988827699e-10
0,0.04644322196577924
0,0.009009864717670103
0,0.48413319686523887
0,2.114119591825251e-05
0,1.4497119984651503e-13
0,9.357181316199984e-13
0,1.867336773869717e-12
0,0.16547264892760552
0,0.00010690378679309185
0,2.499021251191019e-13
0,3.998522150264159e-20
0,3.0311332673660805e-22
0,2.3548148725135324e-10
1,0.37234688435353197
0,9.23230785555703e-16
1,0.36142881135593347
0,0.2683306617818188
0,1.8860357005676066e-21
0,0.0001891823595208975
0,7.467488975305712e-15
0,3.521577179711713e-08
0,9.667054174696528e-22
0,0.23485455997687993
0,1.9760792568255004e-12
0,3.534943253405692e-11
0,1.1965150466590808e-05
0,9.71136888383444e-14
0,0.06776653899639336
0,0.3766726110225791
0,4.1800278759090515e-15
0,2.4915195896527133e-05
0,0.0002880696148200394
0,0.5388901077161543
0,0.24738097353689692
0,1.5338833525118906e-09
0,0.16571335429402442
0,2.0507896747210074e-07
0,3.5268997532059513e-09
0,0.40763750773898627
0,0.2309185333377505
0,0.49939104884794444
0,6.212598510687298e-10
0,2.2940541019989566e-07
0,2.7301201660122006e-07
0,0.22589485704338738
0,0.09723434792620049
0,0.036930398733804035
0,1.4445225428747968e-09
0,1.1960491627068722e-07
0,1.5690475224790912e-11
0,2.397741923168556e-11
0,4.445207424247558e-06
0,1.644575811780655e-13
0,2.0572792486495586e-22
1,0.3298196944997356
0,0.014322879756808097
0,0.0577960931830346
0,0.35529135068343143
0,1.1070990208377356e-05
1,0.5255804432028713
1,0.2747654122621253
0,1.281637636749064e-13
0,4.442497193491669e-12
0,5.267546955262948e-07
0,1.9236019014848415e-05
1,0.47271304794186414
0,1.6596904322686083e-07
0,0.3953968481411444
1,0.4399326124247677
0,2.7968908237151905e-13
1,0.8973696020030609
0,1.858406088012597e-12
0,2.377501503019379e-12
0,0.15290791749903512
0,1.113774449339371e-13
0,3.219478372972962e-07
0,1.1573284808963007e-08
0,1.7276160279915885e-13
0,1.985786535944998e-13
0,1.2903948538502737e-13
0,7.935621253974857e-22
0,1.5105018013998957e-12
0,1.4088720617121448e-16
0,0.41651926357264096
1,0.46335008705941794
0,9.913488638010165e-14
0,0.23608820953337128
0,0.3710444242953611
1,0.4646808482360695
0,8.56090823722681e-15
0,6.40489673150874e-07
0,3.687125233783819e-16
0,4.083222740057046e-06
0,3.4501532288990836e-08
0,0.1470353839870102
0,2.8186011069747184e-09
0,2.9925909854879814e-08
0,2.0301874383395533e-13
0,9.67374398013913e-11
0,0.23599471070859374
0,3.293231804258738e-07
0,1.6127576075606442e-09
0,1.9266141533688142e-05
0,6.59559843666783e-07
0,0.41977242023217565
0,2.2349544735146058e-07
0,6.261173350246681e-10
0,1.1482393104340421e-08
0,3.8558490433754026e-13
0,4.54127854265135e-14
0,0.1680244432615032
0,0.1399680611784528
0,1.4307363500509209e-09
0,3.3045009028866386e-05
0,0.26662119707023996
0,4.135176398665816e-14
0,1.6832164143434932e-08
0,7.120377196185349e-16
1,0.15443711916603808
0,8.308544418234585e-10
0,0.161584240013302
0,5.136979857642995e-11
0,0.46031594040923346
1,0.4822997765238966
0,0.28545811267819976
0,2.008293092297011e-09
0,1.099323718991798e-07
0,4.642267781812417e-13
0,3.119758481103194e-14
1,0.42180484598313583
0,3.028552502057875e-07
0,0.04413441559372382
0,5.338501481428615e-15
0,0.49512028783513673
1,0.3259969924379531
0,0.018357828097467926
0,0.24287731666797074
0,4.854531904424438e-14
0,3.357919636844331e-08
0,0.470756772286936
1,0.8152573419648215
0,0.10102382687415092
0,9.412962390264129e-11
0,0.3806868978787039
0,0.0016445220070617666
0,0.258504697284197
0,0.16449674674071602
1,0.289845691241372
0,0.17053046536594593
0,1.0499171656553208e-22
0,1.3874857854764749e-12
0,1.3746379769045732e-06
0,7.393605620998344e-20
0,0.16816368375209736
0,5.845091014268615e-14
1,0.4407152135589519
0,9.176706219616101e-07
0,0.3401583498685863
0,0.22008608263973956
0,1.4282892728768117e-12
0,2.53929897521996e-08
0,3.132448549049158e-06
0,2.019954711692818e-12
0,6.469520971479009e-12
0,1.5229919198101935e-19
0,4.977448558001963e-11
0,9.368063247759387e-09
0,3.5761721799751135e-18
0,7.06252129162336e-15
0,2.772511586571569e-09
0,4.581250341805612e-15
0,0.4010088572768089
0,1.7425142978708574e-12
0,1.2375934846407094e-06
0,0.49396979290148996
0,0.236502130769442
0,0.016758132032107693
0,5.035900473656557e-16
0,1.205459520769161e-12
0,0.010030472824713074
0,6.517716960211104e-11
0,0.17622496724973785
0,5.436345382992648e-16
1,0.6723650442851076
1,0.46337075881133793
0,4.275512340297508e-12
0,3.386417547910966e-11
0,9.421068505776337e-17
1,0.7702876572409143
0,1.4127345906827106e-08
0,0.13454215702447592
0,1.6058915149286134e-08
0,2.0572023612405875e-12
0,1.8645887286250914e-09
0,2.090618021720813e-07
0,4.977448558001963e-11
0,8.472459660731235e-10
0,1.3219162161032376e-06
0,1.3482537967634955e-13
0,1.4140035950871766e-08
0,0.3975878243963253
0,1.4729477871671638e-21
1,0.2591985436980726
1,0.7923603194176668
0,7.693860429708317e-07
0,6.842654334173124e-09
0,9.399396020938958e-07
0,7.380804369211806e-22
0,5.682254594878037e-12
0,1.8525988622570052e-13
0,3.39521486047932e-13
0,0.37032725864533267
1,0.1842314494860201
0,2.2170603504758473e-06
0,0.028667630662937576
0,9.023422325855422e-11
0,2.413975427348789e-07
0,6.1593766569435895e-06
0,6.99234458201771e-22
0,0.03676539019320382
0,2.3751679729816963e-07
0,0.431911896732101
0,0.004190562180485666
0,3.5445111738078077e-08
0,1.270056410588795e-09
1,0.6412685343723598
1,0.22991179862045338
0,0.004201617602808043
0,0.520354930436721
0,5.659969040929961e-23
0,4.520862309211563e-15
1,0.6747155903203326
0,2.1945684908049338e-08
0,2.9104832527163772e-05
1,0.1580810399205714
0,2.2475512712472824e-13
0,7.466062032429273e-15
0,0.2185796720728994
0,5.336497459622358e-17
1,0.7471574132094336
0,0.5075563336298595
0,0.25439044800551375
0,0.1739196071159353
0,9.462026249666103e-09
0,0.12286004446754378
0,0.03607784392286753
0,4.030710811957724e-21
1,0.48776772852225464
0,1.3631647447546324e-08
0,2.7341264794368637e-14
0,0.16328121856548836
0,2.549904115611344e-09
0,1.4184281914018402e-07
1,0.31096959861686446
0,0.12234557385629734
0,2.291974388030848e-08
0,8.026321065738902e-09
0,1.56336446621386e-13
1,0.11557678095176763
0,0.1583874575198826
0,0.14001737696728053
0,2.0581603236467814e-08
0,1.371966454857102e-07
0,0.05361961850667009
0,6.721575788375466e-07
0,0.4571229257330841
0,2.170010245915279e-09
1,0.06663299715383753
0,8.900215340832398e-16
0,3.54951560836791e-07
0,4.9332371268882074e-12
0,3.6184902929842735e-10
0,2.582189405248761e-05
0,0.46201614083723064
0,2.0929577834010995e-20
0,0.0004152990747226254
0,0.3283791549342957
0,5.816483882232223e-20
0,0.5977931935401245
1,0.6216097635143681
0,4.1612934300790256e-13
0,0.09587883702901746
0,1.6240825756791885e-07
0,0.2579469007556313
0,0.41001313275926554
0,1.8883252153157353e-08
0,1.622513015427386e-07
0,8.744959757677512e-22
0,0.38914362520704887
0,2.909521675886551e-08
0,1.1159934731323743e-11
0,0.373772855812938
1,0.042777338691691875
0,1.2910196154548372e-07
1,0.4262201002806521
0,8.746310724372059e-09
0,0.08242431044688392
0,6.2621979203917406e-12
0,7.053425608356257e-14
0,6.456656785211432e-07
0,2.53929897521996e-08
0,8.159005604993644e-10
0,0.5787060897854
0,2.5268993540159174e-14
1,0.8198332692060845
0,0.15007760022605351
0,3.559470050868264e-15
1,0.423937363774891
0,0.005057008153538717
0,2.1416047378024602e-10
0,0.15069356510000514
0,0.17035964940418785
0,0.35741859932618475
0,0.03701068206733291
0,0.2289597340978318
0,1.8043675189045861e-12
0,3.2455438439659344e-12
0,8.408300441409881e-13
0,0.03292987376769086
0,4.760873714808653e-12
0,1.2477885458376506e-08
1,0.8590171104710737
0,1.0100970229993422e-10
0,9.135635649652631e-09
0,1.817814450781141e-13
0,4.7339883396078174e-11
0,0.04988749376492778
0,0.10374607645143762
0,3.5432876234393236e-16
0,1.918718573576478e-05
0,0.324853935482499
0,0.15834953325052611
0,0.6814274858739472
0,1.1976849813948505e-10
0,1.099715984361872e-14
1,0.3704886077684485
0,2.0627683026701297e-09
1,0.27649121732999243
0,4.951398517228509e-09
0,2.3024453127352593e-09
0,8.900215340832398e-16
0,1.2309307205644604e-08
0,8.56090823722681e-15
0,3.3322019383706304e-12
0,1.1146155916955606e-06
0,1.5099071169236444e-09
0,6.589636280298666e-11
0,4.2968383196803753e-16
0,1.8178694259036264e-09
0,0.19901736096778203
0,1.2458129170677447e-10
0,4.3478082448889334e-07
0,1.605637811784693e-05
0,0.07613919314556203
0,2.345375725951291e-16
0,5.0591712188703906e-14
1,0.39983653041027223
0,1.6662801026724537e-11
0,7.032573241862719e-13
0,0.08619579436062785
0,0.07823689136440826
0,1.1239604850595857e-06
0,1.9452368532402918e-05
0,0.0003823442539215285
0,2.443775216903563e-06
0,2.9951683972859917e-12
0,0.26403674064514465
0,4.209378731807534e-15
0,2.8776951981717015e-05
0,0.11178346225371623
0,0.2773475088962289
1,0.39950725166802775
0,7.120377196185349e-16
0,2.0607284884019014e-09
0,0.20047180384507082
0,5.118186154061419e-20
0,3.801548935324143e-21
0,3.223470322695693e-14
0,0.2728578645695206
0,0.46644237789641235
0,6.307455413135331e-19
1,0.2837922502287214
0,0.15481180619034488
0,0.02786752539202314
0,4.404084719724134e-16
0,0.015238371855718278
0,0.2307413484671887
0,0.3358603417970679
0,3.5435797177868395e-16
0,3.475484961054949e-08
0,7.366841404425016e-07
0,0.43734453503197757
0,0.6951772242615613
1,0.6437667537798921
0,1.240837318882397e-10
0,2.1037592303317633e-08
0,0.4410103775529704
0,0.0009974880550028566
0,1.1142681616687832e-07
0,7.598840662240995e-21
0,0.3710722612745258
1,0.9631585100684045
0,0.30979947175090833
0,4.419683501783871e-15
0,1.4558522907651813e-10
0,1.337461780582551e-11
0,2.0292527736527574e-10
0,0.07992439589196801
0,8.713047816647129e-08
0,9.018976055051577e-08
0,0.014757253328307279
0,0.13596137071508899
0,6.411596465155489e-08
0,1.604879889272186e-15
0,7.979903758062442e-15
0,0.0023926726217787563
0,5.873503822503079e-10
0,0.15938051646859203
0,3.1307261885661355e-13
0,4.176563492576165e-12
0,0.5518307197711037
0,1.568918778386517e-15
0,8.382523200100266e-16
0,8.900215340832398e-16
0,6.636762774031627e-15
0,0.10463088287807669
0,2.284501931398014e-09
0,1.0343948947937125e-08
0,0.08735655478325703
0,1.276268297265497e-08
0,1.5971686121636886e-15
1,0.39307608550978757
0,0.12680900659420574
0,6.815265250276976e-05
0,1.202256869809807e-08
0,0.19382753402494265
0,6.42959288552901e-09
0,6.718313664744757e-11
0,9.128827399201483e-07
0,1.693930392398295e-05
0,6.08491743328128e-17
0,2.896027761523312e-13
0,4.066313668142174e-11
0,9.9210997352047e-13
0,0.30174936261063234
0,1.9261747870053478e-07
0,0.017036642431047782
1,0.1867645070274897
0,0.2577690178335029
0,6.357886008229468e-15
0,2.2639412526763304e-07
0,3.376749957985357e-11
0,1.3874857854764749e-12
0,0.18491328354332226
0,0.20222783015076448
0,2.4364105123241983e-10
0,0.20609647580286325
0,1.7377546167431574e-07
0,7.439719190405786e-12
0,1.488767794240141e-09
1,0.3989414030864921
0,6.599393242123052e-05
0,0.1084920760180658
0,5.617015764866647e-13
0,2.8888423608981466e-20
0,0.015787443092303573
0,0.18708633280509335
0,1.9503032192485587e-08
0,5.382146691748726e-13
0,0.00021134336708999394
0,1.568918778386517e-15
0,2.117908009759974e-08
0,0.3456978423341007
1,0.32282718587263964
0,0.2425327255225958
0,5.14624029994685e-14
0,2.3183972968657593e-08
1,0.41152205706266237
0,0.26865772001436544
0,4.404084719724134e-16
0,1.568918778386517e-15
0,1.4618623553710643e-10
0,5.360235866961588e-13
0,0.4047341359990028
0,1.8630023435118662e-10
1,0.21147270278113509
0,5.883031095913268e-13
1,0.34440395027537246
0,0.00015410705886102397
0,0.3503857277920034
0,0.00027651775344971494
0,1.5605542412699235e-08
0,1.629215350958474e-07
0,2.9152678865804352e-12
0,2.5133379729878345e-05
0,4.642267781812417e-13
0,0.18722468472141546
0,0.020295894581577
0,3.154364451183842e-14
0,1.8797104087117748e-07
0,5.164549346640497e-08
1,0.5001395808328148
0,5.697262853469906e-09
0,2.1559004204474755e-14
1,0.5274403761141644
0,7.123588047588152e-13
0,0.5431092901861995
0,1.7248043350065587e-10
0,0.0857503923731492
0,5.50255869710982e-12
0,3.148050920495338e-21
0,9.031032757481109e-09
0,5.800312544304293e-07
0,0.09494430027226243
0,2.1456379722260104e-10
0,6.263458990969557e-07
1,0.3173465366990926
0,4.726878990224928e-08
0,1.0906969251103354e-22
0,0.08440628636208741
0,4.1933978237882783e-16
1,0.24702471641126542
0,0.0918871543953452
0,1.9587689987678055e-06
0,9.800846712529693e-08
0,0.002116795600568601
0,6.779049039622919e-12
0,3.3348510838803296e-16
0,1.9763781615239324e-06
0,2.012044409651168e-12
0,5.184989517463771e-05
0,2.5283681700684385e-05
0,1.6542579023448297e-11
0,0.30600208353165187
1,0.6202887404828565
0,6.044396595209408e-08
0,4.626110645282605e-16
0,2.2619182342134893e-06
0,0.1354760876702528
0,1.4044111273020214e-11
0,0.25261271849742223
0,5.409605146588407e-10
0,0.3957511523721427
1,0.2274943164516603
0,0.12231232478541217
0,8.900215340832398e-16
0,0.5447523583823367
0,0.43800263651678284
0,1.1102436025715276e-11
0,0.0014346966870527698
0,5.987769778875941e-09
1,0.29302202864351545
0,0.20254016880454942
0,0.00012887236839092674
0,0.5367720444530784
0,3.89513240637798e-06
0,0.34057004367769406
1,0.06403369011802551
0,0.37420883780801184
0,2.214294864797385e-20
0,0.06681007236319769
0,1.0406825431403577e-16
0,1.4332072410942315e-20
0,7.943161363638435e-11
0,1.257354941237104e-11
0,1.905053395850129e-05
0,0.09688041544372515
0,3.2782795338596e-21
0,8.064237693113116e-13
1,0.4765605358766766
0,8.29314572411856e-06
0,9.525814220829289e-05
0,1.9526630525947474e-07
0,1.0002127485711541e-09
0,2.1644517510513168e-21
0,2.98003706410675e-08
0,4.642267781812417e-13
0,0.34726636009802636
0,0.4355115705250265
1,0.4224622075475193
1,0.01699172745048401
0,4.162463795251254e-12
0,0.00020735620565958394
0,3.5386415418102654e-16
0,0.21366081358819636
0,0.00013248140986440974
0,4.275166047085755e-13
0,5.310518054358214e-19
0,9.243687230735476e-11
0,0.28246782004975646
0,0.3072428250524738
1,0.6409138362432847
0,1.0056118784900569e-22
0,0.5519731624550309
0,3.8797334403405534e-07
0,0.0037265749459424115
0,0.43512860351116045
0,0.30913858487003903
0,0.042965106523387836
0,0.0008153575633959205
0,0.08139827726217602
0,0.09092821473577421
0,7.008959009589896e-21
0,1.0704062831125443e-11
0,2.5121545102598817e-08
0,1.0763589072033275e-21
0,0.32331694112386816
0,2.545871894690059e-22
0,8.670304881446292e-10
0,0.02891423180675897
0,3.5435936890540853e-06
0,0.2236105424653073
0,1.0362514299630895e-12
1,0.5276290624266856
0,4.007844921288642e-20
0,0.012170990108561196
0,0.5542507985566797
0,1.519901616657586e-06
0,0.00026629253424562013
0,0.2109766563182396
1,0.43853031859556346
0,0.3465827806273792
0,2.9521861697635924e-10
1,0.5382493237825475
1,0.9510054930336638
0,0.08026025742773549
0,6.536218575426328e-10
1,0.4245215236332281
0,0.11001117668229903
1,0.12777950315535944
0,2.133205578753122e-11
0,1.2154350513093338e-14
1,0.3193830165646724
0,7.321853659358695e-12
0,5.08707573211835e-14
0,0.20599261358135426
0,0.005057008153538717
0,9.061019137374743e-09
0,0.2092555245012776
0,4.5947740773732224e-08
0,2.069578940493314e-10
0,3.5789219411194706e-14
0,2.763410606995218e-20
0,7.115378745986167e-13
0,2.2795081244958382e-12
0,3.46205282774138e-12
0,3.9175662763631416e-19
0,8.91467089413526e-18
0,2.306740283988851e-14
0,0.12181154773692798
0,2.418907803238675e-10
0,7.325425307923622e-05
0,1.4338524377788728e-14
0,4.497737638690949e-18
0,1.803576217153487e-08
0,1.4055769968184967e-08
0,0.007405588817805865
0,2.048715809737892e-08
0,0.6409445920237448
0,3.1062922156758125e-24
0,0.5341231456679778
1,0.26477932472004406
0,2.1586633511290477e-09
0,0.25285432024276916
0,0.36418004660534203
0,2.603532806553519e-24
0,1.4291154618452474e-10
0,5.051639184725938e-15
0,0.3093506521599236
0,0.5513646239017507
0,1.6990461823290037e-07
0,7.43754012971031e-10
0,0.012217417326495764
0,2.4921715135810657e-05
0,1.6358967479753069e-12
0,8.900215340832398e-16
0,0.0018388719350674093
0,3.3283951087431417e-14
0,9.561773438124554e-08
0,7.185802839541882e-20
0,3.1705695374843267e-07
0,0.22469897079253096
0,7.120377196185349e-16
1,0.29282638550999074
0,0.5809406621271577
0,8.482959906151482e-16
0,9.103470420123876e-14
0,7.965734302414672e-22
0,0.04698402682078367
0,0.22408083375622406
0,1.9053136910257292e-08
0,7.120377196185349e-16
0,0.18814020104267187
0,0.12162424326320873
0,8.56090823722681e-15
0,1.0857944511746884e-22
0,2.450415060238068e-13
0,6.560953819849112e-11
0,1.0060202462444953e-21
0,0.41739062640719166
1,0.2300873763597018
0,4.513495377565394e-10
0,0.5647914949372146
0,3.2782795338596e-21
0,0.20281039301704828
0,0.4047263480401376
1,0.7819983612375377
0,0.17636059076839702
0,0.17905523955288274
1,0.39653930968146794
0,1.1010454855570889e-17
0,6.033187554188696e-10
0,1.3153816141202302e-18
0,7.023900537434067e-09
0,1.4889305515347054e-10
0,0.3553017266509936
0,4.3074267863178345e-13
1,0.5121648568982857
0,4.917658405624475e-05
0,0.1909569656697543
0,0.033600326965963115
0,8.448656289759724e-07
0,0.18603926567603007
0,5.658089272030496e-09
0,0.11583716533493142
0,6.863017931595055e-20
0,5.470525782441834e-15
0,0.059197876964140174
1,0.23817634647174088
1,0.29543915084492967
0,1.0057849864963636e-11
0,3.1569193128702356e-09
0,2.038065351219181e-19
0,1.1431077233709453e-13
0,0.028665758144566515
0,0.07340650049371845
0,7.637843110648144e-10
0,0.12232438810676785
0,0.5267385219902082
1,0.3182245800252011
0,3.7261959745821015e-09
0,4.5989995179748417e-10
0,0.093593738943383
0,0.48620635358123665
0,0.01628742258481331
0,1.5574960512442323e-11
1,0.3698866207756845
0,0.004062573024196845
0,1.5457958611192905e-12
0,8.48802242751467e-10
1,0.20972110967207933
0,0.00010610651259843956
0,2.174900690322898e-07
0,0.424143235164338
0,1.8535328467362984e-11
1,0.422703843442445
0,1.729797573517059e-08
1,0.4748538749137144
0,0.0785610431817303
0,1.229278284010488e-05
0,0.053844084772558094
0,2.5191624412275725e-10
0,2.93279737151957e-11
0,0.07074230085889656
0,1.426614135919713e-15
0,7.457846520811745e-12
0,5.4290939151103555e-21
0,6.581153116315786e-22
0,9.919037827186557e-19
1,0.01106617362735548
0,9.292514345548542e-12
0,1.6410582762016798e-09
0,0.2927474921011177
0,4.559649330205196e-17
0,0.37609304767250074
0,1.8321733371357352e-07
0,1.2103076565547613e-10
0,0.0669881368239101
0,0.053518456560556
0,2.5524624895949326e-21
0,0.015215254787756413
0,0.010966295782272654
0,0.08642743798603604
0,4.417264693945264e-15
0,8.900215340832398e-16
0,2.556492853264694e-10
0,3.5851134517198137e-12
0,6.565336368331808e-09
0,4.070022631352446e-12
1,0.09952578734492434
0,1.6952466244174318e-08
0,9.046667891383263e-07
0,4.1783092601295196e-13
0,4.3288974697719047e-13
0,1.0913335787435628e-07
0,0.004252010875478007
0,0.03516958885338112
0,3.249168957251604e-07
0,2.8360828478680463e-09
0,0.27077464356083003
0,2.041995659148736e-15
0,8.370572248580302e-15
0,5.867852433015923e-11
0,0.1583747081035364
0,0.25600612077814666
0,1.58839403254471e-07
0,1.4188113914859434e-11
0,5.5920905136394915e-21
0,6.544683682585169e-10
1,0.08359258261991807
0,3.252467222622981e-11
0,0.44564215641153593
0,0.2580714618569473
0,2.1909031492676988e-09
1,0.5280457123974245
0,0.0802296306103133
0,1.6927124847588064e-09
1,0.4616197789106416
0,0.00403533899376306
0,0.15769056010623955
0,0.23403906700702415
0,0.40230122949085223
0,6.514119411544042e-11
0,0.06659996117879387
0,5.069350213067702e-07
0,3.277141286616051e-09
0,9.810139009629449e-11
0,4.983565682742591e-12
1,0.6946739594762648
0,1.8715974506848928e-09
0,1.0264070785318123e-05
0,9.890921274743281e-09
0,0.27944652697857425
0,1.4004460020922073e-05
0,0.1093755490620628
0,8.835766599785784e-08
0,3.435928574759749e-15
0,0.04434346960406064
1,0.9982214346126749
0,5.047198807796354e-06
0,0.1523854318672866
0,4.127189310251744e-09
0,1.6617655281853598e-09
0,1.4861490290677719e-06
0,6.0422290053874065e-09
0,3.098387570022406e-06
0,0.37373761076956263
0,0.18584076456840795
0,8.625049260164372e-08
0,6.616950248217231e-10
0,0.3132973669887744
0,0.10579789149310802
1,0.4595013602446106
1,0.5355730859401742
0,0.1688179755676657
0,0.00037571307690985507
0,0.09995497958554508
0,1.2226794005897088e-08
0,9.533223360574208e-06
0,5.049005210478674e-11
0,6.54195958702634e-08
1,0.4017074188180157
0,6.751586239211195e-07
0,2.017887873713836e-09
0,7.41567659002334e-05
0,1.723940018389862e-10
0,0.00021957874712550453
0,0.003083117878329215
0,8.843656422445156e-20
0,0.09405346085246652
0,8.56090823722681e-15
0,1.2861902703756842e-21
0,1.3519266254638076e-08
0,7.66674726477515e-10
0,1.1080747627893095e-16
0,4.626110645282605e-16
0,2.6257816569504687e-10
0,4.478495262888849e-11
0,0.4616879139983813
0,3.845691069313835e-13
0,3.0311332673660805e-22
0,8.733076651061676e-13
0,4.022786570015262e-13
0,6.293226205021498e-12
0,3.70515787013336e-18
0,0.264510683578949
0,0.02082288706317687
0,1.0325402212790361e-18
0,1.4482463090449909e-12
0,0.17135767101122049
0,3.6085397165105917e-19
0,3.164436438927168e-08
0,3.282013641653889e-19
0,1.0563144692788676e-08
0,5.481829331762934e-21
0,1.0832881753254183e-08
0,2.411204267317466e-05
0,9.482890509543084e-11
1,0.20355853516126968
1,0.27324798722398796
0,0.17462410555272492
0,1.8514505673581636e-06
1,0.06924298119630047
0,0.10819534101330892
0,0.12163871856064497
0,0.36367099448569795
0,8.451449312002381e-08
0,0.5472975897405425
0,1.233640354278143e-11
0,0.2986175831685346
0,0.20642169473564798
0,7.120377196185349e-16
0,1.0574165236957057e-23
0,5.159159326008638e-09
0,1.06868522285913e-06
0,0.22763096432195856
0,0.5419171272841978
0,3.4528364244172054e-19
0,2.691738922372695e-11
0,8.785352120193583e-09
0,1.1227861113128215e-08
0,0.1902596552169543
0,0.13877643128291559
0,1.3054695022489451e-07
0,0.17559028560094056
1,0.2132016757407926
0,2.309562110815357e-12
1,0.3194626215237532
0,0.2888331897945011
0,2.1124580256472536e-05
0,1.3173170263469794e-07
0,9.019993029281265e-11
0,3.9818425149227924e-10
0,1.200605185939808e-07
0,9.293972313455714e-08
1,0.3412870236524207
0,1.568918778386517e-15
0,1.1865644515332299e-24
0,1.6842198423444314e-14
0,0.06909268719575391
0,1.2468675327321643e-09
0,4.3733724746018076e-13
0,5.831942078915425e-09
0,0.2658379401204407
1,0.39387338398463173
0,0.36249670227883063
0,3.4085721257540383e-19
0,7.004598755991195e-17
0,1.3860455902477993e-09
0,1.1386682058132627e-21
0,1.6408678913216372e-05
0,2.422794248526376e-12
0,7.207118174586997e-12
0,2.7342732892387302e-11
0,0.01919974534913992
0,1.650834080977859e-13
0,4.7333381605778025e-11
0,0.0008011814675262102
0,0.4849801510280808
0,3.0311332673660805e-22
0,2.4615503213882136e-15
0,5.415885907904115e-18
0,0.00454255541032854
0,9.726249804749234e-06
0,1.0170164536565576e-05
0,0.22455268972455134
0,5.058110488787314e-11
0,5.04868457707624e-13
1,0.06239913399365507
0,1.7495570344429306e-07
0,3.654675685386701e-09
0,0.18901777625895022
0,2.4916026062533282e-09
1,0.15317447450209323
0,0.07815380091092185
1,0.7014104055150351
1,0.9982214346126749
0,5.896692429435553e-05
0,1.4891067913806338e-11
0,6.342264760427332e-15
0,4.3733724746017607e-13
0,3.6233229268866964e-16
0,1.7389137544687985e-09
0,3.0361671277762634e-10
0,3.108862131960318e-08
0,1.1618359019798184e-10
0,0.40714742937040943
0,2.4151302654875224e-08
0,1.2275331679871665e-10
0,0.2483574985599629
0,0.00033364032644214384
0,7.965355931218627e-09
0,1.5761139990787023e-07
0,1.3982504128664695e-20
0,4.126489327576118e-06
0,1.6726978029566656e-08
0,3.0311332673660805e-22
0,2.608012441473993e-06
0,3.730876775562409e-11
0,3.1832688776450164e-11
0,2.2106546883921834e-09
0,4.2559889542430883e-07
0,2.2541019923932865e-13
0,1.756997274926431e-05
0,6.686434035644233e-07
0,1.6990312459697104e-07
0,1.1514299494818479e-09
0,2.2347980327072564e-08
0,3.9755060345157036e-10
0,4.106441046820188e-06
0,1.2036316654839994e-07
0,0.11152417213570914
0,1.3331219247007196e-08
0,0.2964327116992763
0,0.11094152150468375
0,1.3456349117701839e-09
0,0.17621870845174373
0,7.469869677475094e-16
0,8.827927989628087e-11
0,4.6886470537036735e-15
0,0.25712653088989484
0,1.807246389368999e-13
0,0.004825904791358202
0,0.029570787068643575
0,1.84777548227448e-10
0,4.2004824184148476e-17
0,4.642267781812417e-13
1,0.3316102829296622
1,0.3725003863879835
0,0.036387151529393896
0,2.3963063937773124e-10
1,0.6216957417383218
0,3.3358897751582216e-14
0,0.6075912576894843
1,0.20217804491049127
1,0.2509510301918513
0,3.2013633020364073e-10
0,7.003652299358784e-12
1,0.5194683763582074
0,0.0893718152761236
0,0.10385639927286204
0,0.2464038732132807
0,2.9320750464157143e-19
0,3.6125117533024915e-06
0,7.045026059005969e-12
0,0.29887416833378067
0,0.3959956585527507
0,5.626368166909691e-12
0,6.667319240138663e-11
0,2.4096146530678995e-14
0,6.037696435837672e-08
0,0.22502682209329802
0,4.8349504880946655e-05
0,1.1451843492810255e-16
1,0.4802694316117798
0,2.82544069743088e-05
0,1.2037117796201316e-07
0,1.4739736200026736e-05
0,0.01970403185980077
0,0.006893994805613315
1,0.4345808365960897
0,1.798038445281205e-11
0,1.4685814366658246e-19
1,0.13528800132522173
0,3.584843728207006e-08
0,1.4044888232179603e-06
0,1.3088393359248888e-15
0,6.255973465532826e-08
1,0.3028048678003432
0,3.97547244230237e-11
0,0.00037250321921394
0,5.928143855080325e-19
0,4.712665159874413e-09
1,0.7701010961323218
0,0.1466329565674949
0,3.4188383567344238e-12
0,1.1741708260616226e-12
0,1.0067339901766143e-11
0,0.2535491881543534
1,0.5151764346343551
0,5.423563873244349e-07
0,8.452716771174789e-22
1,0.013349212027968264
0,1.981411892777262e-09
0,2.1807952239932767e-07
0,4.669354862239869e-14
0,1.7441272379701398e-06
0,1.6421407269672238e-11
1,0.8031446781734565
0,3.582666646550337e-07
0,9.852149009970027e-13
0,1.2081137863795555e-22
0,2.5886589733578475e-07
1,0.6991867532012892
1,0.4239542821841675
0,5.263594887009001e-12
0,0.06608233986192978
0,3.9455606961544696e-15
0,2.0980569815808297e-09
0,0.2251817767836067
0,1.264679981504694e-09
0,0.03960814114362068
1,0.28034237663200406
0,8.639745712161345e-09
1,0.31556672885668363
0,4.4849269262769117e-10
0,1.7529386598134036e-12
0,0.3571860111278537
0,0.20242788028944658
0,4.876102406676936e-05
0,1.9915504316774597e-09
0,9.245358912721338e-10
0,1.213353451745392e-15
0,1.6097396649064932e-08
1,0.8365659889489949
0,1.582741886137511e-08
0,1.2343287431292271e-09
0,5.367901414758474e-05
0,3.905995510675856e-11
0,1.7670397875683466e-08
0,4.187495138295128e-09
0,4.882417403641205e-10
0,0.3518799717329346
0,2.542962065719123e-20
0,1.3430236575219414e-13
0,6.107160004808124e-10
0,3.169493667643404e-09
0,0.5909090544482363
0,2.9870388933897226e-11
0,0.4868430136920378
0,1.405593312885205e-07
0,0.41551693364675424
0,6.946801399310885e-09
0,4.025255929690649e-06
0,2.5260251008800592e-06
0,2.681140368257517e-19
0,0.00014161748510216975
0,0.29022253278241955
0,7.65572842815541e-21
0,0.18933140053680705
0,2.2531453256125684e-21
0,0.3928374900591672
0,0.13225590886908184
0,3.0411884651639485e-13
1,0.18763951667731452
0,1.6697496729668244e-08
0,0.13295473283735984
0,0.20527051803585578
0,1.341865977821986e-12
0,0.016026877381398245
0,3.6392550520809275e-15
0,4.003057890857739e-09
1,0.45638966464816594
0,1.6797227421584077e-13
0,0.005483629171164324
0,4.936937474276903e-07
0,4.361914512126006e-08
0,1.0371021065537907e-13
0,3.9242337723520275e-06
0,2.3879342968385954e-14
1,0.6407170377475666
0,0.12084437004258125
0,0.29542241811035225
0,9.312498321322615e-12
0,0.03757450675160194
0,3.2346097089049836e-08
1,0.5204583843482741
0,5.26098054890898e-09
0,1.5110807613711637e-09
0,0.17638912164073142
0,9.757326608853355e-08
0,2.5464221601100217e-11
0,0.05875050394323386
0,0.5917468325879954
0,0.046263351353195745
0,7.560971772620615e-07
0,1.3332078667664205e-09
0,0.4630337811143434
0,9.76536293410389e-10
0,0.005057008153538717
0,1.962352222606278e-13
0,2.8625963111204996e-09
0,4.991492992876741e-07
0,2.4808053883397263e-07
0,1.1218016096213646e-10
0,0.19055920369087
0,2.0321983640933626e-15
0,1.521944650813977e-08
0,3.7683802227041287e-16
0,1.4439714429183197e-08
1,0.5737415746749135
0,0.13633709480289177
0,0.016460756763185487
0,8.288172099232207e-09
1,0.0441124421933527
0,4.003057890857739e-09
0,0.08787776805625204
0,0.028458378666252157
0,1.092575040816952e-09
0,4.264902979704938e-11
0,6.306638242856055e-09
1,0.22204646264195807
0,2.2826496788509863e-13
1,0.5489333722422993
0,1.5090937148126165e-10
0,1.8760693719958978e-06
0,1.8739063965457664e-09
0,0.385850945562752
0,0.37990982657227157
0,1.6054911119904757e-11
0,1.8721713552261546e-12
0,2.2598634048920406e-11
0,4.405946675657321e-12
0,3.4085721257540383e-19
0,2.1189780483896362e-15
0,1.7218507872907705e-20
0,1.3662673306061837e-12
0,0.23772568893260052
0,3.912525797586348e-15
0,0.0450482488337309
0,0.37173876013741414
0,8.19940711979344e-11
0,0.21214507318390385
0,8.56090823722681e-15
0,6.669202179544379e-05
0,0.14982106522515415
0,2.5728481318634513e-08
0,2.3356656843330133e-15
0,0.36851326066234463
0,0.006767509554800244
0,0.014614697610558655
0,1.4688681676575081e-10
0,0.30521804145480635
0,0.2667566737778805
0,2.5755156371071056e-05
0,7.110786708353678e-06
0,1.919874579630744e-07
0,4.032077448056224e-11
0,4.052105264058262e-06
0,1.2806800873869176e-22
0,1.6748482102897943e-05
0,0.0046791783669508915
0,0.22527926251400937
0,1.6037663778852045e-08
0,8.010796550519572e-22
0,2.092444806342453e-12
0,2.1802631786393828e-20
0,0.11709639682453701
0,5.17571879766116e-07
0,8.275081663057596e-08
0,4.25990483204126e-13
0,1.5971686121636886e-15
0,4.036109010051939e-06
1,0.32884802473734553
0,3.9729938464555344e-11
0,0.10013023871601888
0,2.35890770173728e-21
0,8.682319194630358e-06
0,7.120377196185349e-16
0,6.497058706461101e-12
0,1.568918778386517e-15
0,0.33310606265844395
0,1.3160500475382209e-05
1,0.7297906073465282
0,4.642267781812417e-13
0,1.7762424439335604e-15
0,0.002604270643692423
0,8.243804188358618e-06
0,1.6916801736501344e-06
0,1.7459411927351515e-11
0,4.345433599948581e-15
0,5.435951912438538e-13
0,4.2190507237614157e-07
0,9.40137403361599e-13
0,0.32921351586339803
0,1.1173747609925516e-13
0,9.028597884120299e-10
0,1.1652080544398392e-12
0,2.517927950396773e-13
0,3.354065539140871e-05
0,1.5976404987191984e-10
1,0.22369741432741255
0,2.7730593489703926e-10
0,5.066262385984822e-10
0,0.17911018900399436
0,0.614982260905538
1,0.5554302472062045
0,0.18180498856068605
0,1.1828418587291211e-08
0,3.830365951324211e-07
0,4.0937966648665274e-20
0,5.83718357378863e-10
0,2.5808488797342366e-14
0,2.965629827366727e-11
1,0.9923485283579052
1,0.2120713457581869
0,1.1395384109656677e-13
0,5.261511991602198e-09
0,2.2763771364529184e-11
0,2.1505693305556753e-06
0,8.370572248580302e-15
1,0.33119191844452117
0,2.0538302381825977e-10
0,2.9054563290890005e-12
0,3.664443664157091e-12
0,0.22566461604067647
1,0.16342608638985648
0,6.043608069767023e-10
0,0.0014624698932589936
0,3.239879637376528e-06
0,6.717057827840011e-24
0,5.9632729283141866e-05
0,8.551343843903568e-18
0,3.5609425658645933e-12
0,6.612401983414078e-16
0,1.059678501602846e-08
0,0.31097749250872075
0,0.21409413884607112
0,1.843290215987859e-07
0,3.069279505823647e-08
0,1.7042220411776438e-10
1,0.42097530804036737
0,4.963160653286948e-05
0,9.450786567212386e-23
0,3.305432032971705e-11
0,8.138755715106586e-15
0,1.9618290152265893e-06
0,4.691696554279526e-09
0,0.07132039602025812
0,4.286577353257224e-15
0,0.2428527897599711
0,1.0056118200851233e-22
1,0.7829548950733635
0,9.410940447777118e-11
1,0.725659676793752
0,2.5901873250570604e-07
1,0.6680715066752214
0,2.424839514852117e-07
0,0.00024328458801416204
0,1.4166875172433399e-12
1,0.3455547981070396
0,1.1759751032168278e-06
0,2.2155622530989478e-07
0,1.7657469664835437e-07
0,0.3542787246913812
0,1.2332070006789873e-15
0,8.735290923273999e-07
0,0.0022997517139173532
0,5.521300318644607e-09
0,2.6060519938471682e-14
0,3.0311332673660805e-22
0,1.8155574728556994e-08
0,0.24418875266832785
0,0.19847094105131138
0,3.554971297095653e-12
1,0.34506013157780047
0,0.00011422297232006159
0,0.4329477436496271
0,1.5023390286135467e-10
0,5.271890127374696e-07
0,6.815069298112219e-12
0,1.6153765040958756e-13
0,0.10026557186647472
0,1.925131927285897e-06
0,4.729963942436188e-20
0,6.791744440221958e-22
0,2.8299285514781187e-11
0,7.53854119427185e-09
0,2.6758268994076724e-13
0,7.181161422180512e-08
1,0.09252630388610525
1,0.7239268282996972
0,0.038347951206690704
0,3.7000079930761964e-06
1,0.990228734753756
0,1.7697413737678696e-08
0,9.168689175069919e-09
0,4.0082901406125915e-08
0,8.563122278935584e-13
0,0.3629698454718234
0,1.0842114010966129e-06
0,0.015380377655783718
0,2.6752848976273984e-10
1,0.0005571230968672855
0,2.4856988140808983e-07
0,0.013323353150021162
1,0.27473384339280105
0,8.56090823722681e-15
0,1.3601693027741707e-06
0,8.604254724406525e-15
0,2.012406419471275e-12
1,0.5279837997915113
0,1.3173170263469794e-07
0,4.236426659667453e-15
0,1.9295863173689308e-07
0,4.532441297856887e-12
0,0.000489780182945961
1,0.7642047498288964
0,3.535767086694212e-14
0,0.14338333057383376
0,2.0156563749312082e-05
0,0.008617170488512488
0,1.8970365191334168e-12
1,0.17536602720965702
0,4.6708221487748575e-08
0,3.4356193673693186e-08
0,0.08082002577418258
0,1.1244595118630562e-06
0,1.0218862106055332e-15
0,7.884955611417743e-08
0,7.873348711312024e-13
0,2.3858021455032827e-08
0,2.6178445299994927e-08
0,3.47584852321857e-13
0,1.659248799516121e-19
0,0.3687220684865927
0,4.340790745155419e-08
0,0.3394355378916831
0,4.628750023302221e-08
0,0.08725582927050612
1,0.2934999395896405
0,3.543285563420503e-16
1,0.7540144601829022
0,0.03811168712041157
0,2.7121603263301474e-13
0,0.34945348870001003
0,1.2805601575346304e-05
0,2.4271531910728793e-13
0,0.14222589253424286
0,2.0268699175238617e-08
0,1.2721637782728545e-12
0,1.3088393359248888e-15
0,8.367846661136652e-16
0,0.35639662785039056
0,2.2620765009252814e-13
0,0.23787430909247884
0,0.20100901512253766
0,2.539754616546857e-09
0,3.93306612239688e-15
0,0.05519874532986076
0,0.31687773056127616
0,3.2338540165587674e-19
0,5.904683413409382e-15
0,0.13345321756044873
0,2.9350571900389855e-12
0,4.6693980983506836e-09
0,3.9017373338804923e-14
0,3.068447295603604e-06
0,2.2624754887050585e-11
0,1.835149466374297e-09
0,0.16911280943780552
0,0.0003996086576644982
0,0.19405787898504118
0,0.498249788401529
0,1.0147516287083684e-06
0,3.83076761892854e-11
0,6.476260922075142e-16
0,3.9758065335595705e-13
1,0.3633478347141168
0,0.3210215603566109
0,4.00697681898265e-12
0,0.16918619892507414
0,1.532122195105567e-09
1,0.49570661666161064
0,1.480028923284187e-10
0,2.563558316633905e-05
0,5.3703434927421425e-09
0,6.903919270992042e-18
0,1.0169956442692957e-14
0,6.658837588743196e-11
1,0.34444961438252975
0,2.0591191283154354e-13
0,0.26044732787950287
0,1.6757964283765833e-06
0,2.1034841446095237e-10
0,0.20942537878377016
0,3.3125188281112446e-11
1,0.9321982193764338
0,1.394950467739949e-13
0,6.824692880952576e-14
0,0.1268494234666855
0,3.0311332673660805e-22
0,6.372200911424678e-08
0,5.839952772226771e-12
0,1.9802604404488073e-18
0,2.155677338369119e-10
0,3.0311332673660805e-22
1,0.46735033810164184
0,2.097991934004067e-07
0,1.2879749320892514e-15
0,0.3067972616391796
0,5.192385722065167e-09
0,0.4634573011845547
0,0.12876060836010467
1,0.25028915107529065
0,6.811799396433654e-13
0,0.3254651969461697
0,1.0465572097545943e-06
0,0.3043460253063613
0,3.7133040528421346e-10
0,7.808037780792986e-10
1,0.7014315826147307
0,0.01819238751772811
0,0.00036716923131755727
0,4.140007984664941e-22
0,0.15887307678460302
0,7.357551686201282e-10
1,0.17625682328051398
0,0.24258594223334856
0,1.4159721950080302e-09
0,3.270419246963386e-11
0,1.8815067425441284e-09
0,0.2600874398454101
0,0.14572959797238239
0,9.492909787621677e-12
0,1.0386459490453755e-10
0,1.568918778386517e-15
0,0.049684732938130506
0,5.521138857004914e-07
0,0.19806691931480197
0,9.655490332951094e-10
0,6.721542892902261e-19
0,0.4604624704565164
0,5.118186154061419e-20
0,1.828744486761812e-10
0,1.3145339054773849e-08
0,2.9608060155202113e-13
1,0.487742466206689
0,2.1648373247321764e-06
0,1.7854023305785943e-07
0,1.0161829264568014e-07
0,1.2153624227721892e-07
0,3.187721842779723e-09
1,0.0030420432120230744
1,0.19445384919816858
0,4.05436602598987e-14
0,2.2142948647973693e-20
0,1.14616861745291e-07
0,5.336693857021285e-18
0,0.3317891071236111
0,1.1068259551121863e-13
0,3.0376359660227995e-14
1,0.1819788788673811
0,2.6660767510754333e-14
0,1.6704571441239205e-13
0,2.1871827126661915e-20
0,7.484443264869348e-12
0,0.2955799032577379
1,0.30073124547820185
0,6.16035978764465e-07
1,0.38941063357414313
0,8.742172765559355e-08
1,0.2737042761523331
0,2.313352444013327e-06
1,0.3022603806721682
0,2.0449289260330947e-08
1,0.4409950940219935
0,4.1498796680379395e-10
0,6.251454432181906e-13
0,1.4580314995247483e-08
0,1.4198237368492051e-11
0,3.719017554587811e-05
0,1.2357385492360991e-05
0,4.71575514167909e-16
0,0.11447481516455146
0,0.001539774909152657
0,9.014753508325475e-12
0,2.5691053577214323e-06
0,0.16849321906462691
0,3.716972094878257e-09
0,4.642267781812417e-13
0,4.731994389932731e-19
0,1.2232457349628316e-11
0,2.5088517003320493e-10
0,0.00011571695171167364
0,5.668371804763087e-06
0,0.20992973121781947
0,1.0685687906624008e-22
0,4.1748124457042614e-16
0,2.3518160346579018e-21
0,0.12174181583373264
0,1.527352064234509e-12
0,0.5074710082991648
0,1.9701031007498557e-08
0,0.4558347922201688
0,0.29610348348102616
0,1.6661231616035675e-07
0,4.789037366630219e-13
0,0.003846998181033037
0,1.582503921936971e-22
0,3.7424760290547385e-12
0,5.864004456032105e-12
0,4.497089247200272e-06
0,0.1754092364311818
0,1.1135557011143642e-16
0,4.543708916206083e-06
1,0.3883976661798473
0,5.740290301470264e-06
0,3.193663016768806e-09
0,1.4896225815018317e-08
0,3.3874093783376336e-06
0,0.1830010248089562
0,7.300408392321486e-08
0,0.34145391153418847
0,0.5208683226444314
0,0.2760625673867325
0,1.2849084317018048e-10
0,9.362281793819964e-11
0,9.266599637083315e-13
0,3.917566276363114e-19
1,0.7664405914716654
0,9.63267520639974e-06
0,0.05981156219743361
0,0.001555799104674235
0,0.1453625183975479
0,0.5036160893182762
0,0.17330120287137407
0,6.886533425546899e-07
0,4.327091963516268e-15
0,0.24238033709027565
0,1.5374770882646679e-12
0,1.2426952336186873e-07
0,0.2020681459034249
0,0.5364386486395543
0,0.1546873575965474
0,0.2774065197382223
0,0.2559056260313546
1,0.6042033537235274
0,0.31146853754900805
1,0.5847064878177253
0,4.831674939330284e-14
1,0.49145064288910206
0,1.3587310350289108e-08
0,0.1464959105312412
0,0.2893496901729316
0,1.360542829746987e-15
0,0.256724833721065
0,1.6832164143434932e-08
0,2.206179187721114e-08
0,2.963442989250066e-19
0,1.8041021822443078e-19
1,0.8283368093416702
0,1.2484746798713853e-12
0,3.2088209795217546e-06
0,9.977135644250746e-10
0,2.4635226054991693e-12
0,3.5316968190443664e-12
0,7.33309466651498e-18
0,2.751698856127898e-09
1,0.5992700185331281
0,0.1473690964038802
0,0.05713025735498598
1,0.3800345707061391
0,1.7832861302533419e-06
0,3.2782795338596e-21
0,1.163068055016393e-09
0,7.099916636594069e-16
0,5.071887874227802e-08
0,1.0753908112020567e-12
0,0.026878085211487532
0,0.08880063857679057
0,1.4985585572911042e-08
0,5.118186154061419e-20
0,0.2775311736770145
0,0.2588763800967615
0,2.63179821492639e-06
0,0.046245762424767335
0,0.05284583290942732
0,2.919391132995599e-12
0,5.4065279680738476e-14
0,5.705746973574862e-10
0,0.2066333844265897
0,2.181357950532857e-05
0,8.143284454443647e-06
0,2.6243196362242778e-09
0,2.7770330291166728e-12
0,5.238190467853119e-14
0,9.647740450429613e-08
0,0.35580141208268173
0,8.56090823722681e-15
0,3.927353451759536e-07
0,1.7635548938929662e-09
0,0.022918413045382002
0,0.2521334739510703
0,1.1048891082034051e-14
0,5.224352608355945e-09
0,0.20943224939577545
1,0.1539654029606363
0,5.759816976317533e-08
0,1.730451810567601e-20
0,5.3241717787954303e-11
0,6.689881594651472e-10
1,0.5082032202237837
0,2.1571516708685786e-08
0,0.00028117968665893024
0,2.021766706169073e-07
0,0.0230252268718529
0,7.366347697765941e-05
0,2.7968908237151905e-13
0,2.1571516708685786e-08
0,2.8937213796158186e-13
0,2.1523303000840803e-08
0,0.027068738024667274
0,8.973456202531424e-08
0,5.5443205214600995e-15
0,0.11729989323973505
1,0.36369900002889205
0,2.6758268994076724e-13
0,4.104150884154413e-06
0,0.00015079527648965277
0,0.852720147703483
0,7.531340558629435e-21
0,0.25255711495992283
1,0.27784130852256883
1,0.04614013310633186
0,0.04920147697694443
0,7.4282813480207015e-09
0,2.1401627169306888e-13
0,0.5352472032251755
0,2.817623917568921e-05
0,0.18779606874861116
0,0.13749371011457423
0,0.005391076767659086
0,9.69751694827336e-16
0,6.933811293298918e-08
0,1.734266364009568e-06
0,7.152670348806532e-18
1,0.30321353060120787
0,4.587878528702031e-09
0,4.076426950927825e-11
0,0.4882074903549567
1,0.32954472807848345
0,0.11902010053276611
0,0.19216328085550605
0,4.096215114897028e-22
0,0.003038716786960712
0,6.21596970154901e-08
0,1.5069786880612794e-15
0,5.521291613594658e-10
0,8.900215340832398e-16
0,1.2074963656496418e-14
0,0.46559854544488866
0,0.04771588312585548
0,0.13643101110802727
0,1.0636740063623115e-05
0,3.678118307561724e-22
0,2.7968908237151905e-13
0,1.1101778750114808e-22
0,0.004983091055193241
0,1.2374140938327854e-06
0,0.030961939728886775
0,3.6419824973504254e-18
1,0.30849063769782264
0,1.326522024128752e-13
0,1.568918778386517e-15
0,2.5383321450032767e-21
0,0.3462312818523779
0,6.554531875220662e-09
0,1.87417541978309e-11
1,0.47587728541930135
0,1.4561772703734806e-11
0,4.188722092785112e-08
0,4.3733724746017607e-13
0,0.014495831899098508
0,0.0002790340708047625
0,0.33068493049633774
0,0.22197178829064101
0,0.3876745629509093
0,9.658643854076306e-07
0,0.2258683428446591
0,9.3161593672218e-11
0,3.89497257657037e-14
0,0.17901988310502645
0,0.39118667424513653
0,0.16151395493471116
0,7.078145474877929e-07
0,5.525560391524898e-10
1,0.3385663064419345
0,0.008835782437350486
0,1.076400420721842e-08
0,0.45690760586205376
0,9.637742090927808e-09
0,0.009464623134928081
0,1.0904933434268896e-13
0,1.2263126958141364e-10
0,2.0152778215842606e-20
0,2.867290003721347e-09
0,0.2810469357485236
0,7.135158379262805e-09
0,8.758575175008673e-07
1,0.39809175298524524
0,7.082649936237216e-07
0,0.0022969027988687636
0,7.283290173233366e-23
0,1.3638639264157668e-08
0,2.1026770234862242e-10
1,0.28583743554281843
0,0.3287134920942885
0,2.866550809805857e-08
0,6.826821235868203e-08
0,0.15125833525999333
0,0.010456841650459103
0,3.8320269863173343e-08
0,3.505658262569903e-12
1,0.28500635021506426
0,5.380429083005159e-13
0,1.006345687842349e-21
0,0.31713800450776747
0,1.7257174133575615e-10
0,9.096692875499812e-08
0,5.937843526763698e-06
0,3.498203972295018e-19
0,2.257316706013081e-06
0,2.2515619412733946e-11
0,5.846817918424689e-09
0,2.4595061850596487e-08
0,8.079038259451708e-13
1,0.6200098205076523
0,2.9530531139010524e-05
0,0.2671263141729396
0,1.4396205780527632e-09
0,1.4831990644767607e-05
0,2.743687248580545e-14
0,1.082383671929955e-12
0,2.071145173643031e-09
1,0.3870261036807234
0,9.027229957546232e-14
1,0.44669787056430504
0,3.567838893708472e-14
0,1.0863923265172059e-21
0,0.4770833212103501
0,9.960993923333192e-09
0,1.1422533460114623e-14
0,3.26809291645905e-10
0,6.378678358106167e-10
0,0.0004673833976970671
0,0.19052868832998526
0,3.4528364244172054e-19
0,7.145849716705439e-13
0,5.6370929305895715e-06
0,1.568918778386517e-15
0,0.390837910854969
0,0.00010516452578938821
0,1.037336763602734e-07
0,0.19649108197879042
0,7.5683574453093785e-22
0,0.5493354016056823
0,2.3349427281058166e-20
0,0.16981667945509993
0,3.056006415234592e-11
0,1.634827736189391e-22
0,2.6649174660745933e-09
0,0.2521534244218282
0,6.001563576296059e-16
1,0.618717776589157
0,3.0615524955109545e-12
0,4.9966311463221893e-23
0,1.5127826144217715e-22
0,2.118630461267329e-06
0,1.1962388189793988e-21
1,0.3424843622132881
0,9.280878366314534e-22
1,0.6909732705017602
0,0.4181067568920541
0,1.2699323712412135e-08
0,1.387485785476465e-12
0,1.8743912295019273e-10
0,0.3815693542463754
1,0.1282627282173061
0,6.390225117858866e-08
0,1.6832164143434873e-08
0,1.213346801063048e-09
1,0.3994607842051
1,0.5874905490057726
0,7.228585250792861e-07
0,8.620404361147275e-15
0,0.2414955182793633
0,1.5074426795356246e-12
0,7.120377196185349e-16
0,0.15824244165445764
0,3.3110370346431435e-14
0,0.6621870268133191
0,9.89089075109012e-12
1,0.3909965777760061
0,1.9634750855299228e-08
0,0.6821351191460927
0,8.00424184335558e-09
0,6.044626757675803e-14
1,0.06957119306877678
0,5.055420450862637e-15
1,0.9914511626667493
0,1.9744829993528876e-10
0,0.428663284870893
0,2.1589893617944486e-06
1,0.5952859522411549
1,0.2685633969732236
0,2.6700937446225534e-13
0,8.845961270066909e-14
0,0.2599239125416765
0,2.490469378990497e-12
0,0.0002830853990973256
0,3.3451779371275593e-07
0,1.5846698584446087e-13
0,4.369440739027477e-09
0,0.05217811029372578
1,0.6333749714721629
0,1.158103255195291e-11
0,0.1400760270258001
1,0.5916400671317936
0,0.15170707405602613
0,0.2448746795287783
0,3.3849641091291185e-11
0,2.329833188738524e-17
0,0.035378913765648834
0,4.711862549652494e-12
0,0.07044229827312648
0,1.8794232546392852e-12
0,5.186748225494214e-07
0,0.21948158976210677
0,2.132898212840717e-07
0,6.728391160689968e-08
0,5.567195550240425e-18
0,0.08750676442214836
0,9.781454665907709e-13
0,1.0813370711204109e-13
0,3.6167660392364023e-16
0,2.2531453256125684e-21
0,3.569196433905715e-11
0,6.923776068288409e-06
0,0.3127818328564044
0,3.5161153304011944e-12
0,3.483567298431687e-18
0,9.381239880012294e-09
0,4.6639234171992555e-07
0,5.841747325265678e-08
0,0.00014579341972881493
0,0.5603847602114296
0,0.1204523768981081
0,0.07763572149678594
0,1.1174066405896671e-05
0,0.15787030278056077
0,0.2634315003785541
1,0.1706637295792789
0,2.545871894690059e-22
0,1.276774963709448e-08
1,0.21178730089160577
0,1.568918778386517e-15
0,0.48938106117793856
0,8.245442780546885e-09
0,0.39949369892655856
0,0.25420827019074527
0,3.663930391791809e-08
0,5.072494021442377e-10
1,0.287469689662702
1,0.4447701447696877
0,9.184736928364827e-16
0,2.740599709083946e-09
0,0.48097127830526126
0,0.369548086006934
1,0.759153070850186
0,1.7432298353356974e-09
0,7.809381315014818e-13
0,3.282013641653889e-19
0,9.614984672700018e-13
0,1.0923747426266023e-06
0,8.649746752455108e-07
0,0.0002551992054866602
0,1.8213215456371472e-06
1,0.48594450771546027
0,8.900215340832398e-16
0,0.805565780099999
0,3.8854387051245735e-14
0,0.1424272518358061
0,5.3301280304204534e-05
0,5.17720879583674e-06
0,3.460028518542068e-07
0,1.1160303005966225e-08
0,1.8018962377440351e-12
0,2.242129740635143e-08
0,4.481584301139111e-12
0,4.703367153500929e-05
0,8.880666125354559e-12
0,6.0760217183416034e-24
0,3.591704688358095e-16
0,3.2202378306552694e-11
0,6.693000850722814e-14
0,8.09184403042368e-10
0,1.0813408427997234e-12
0,3.3191938498830535e-10
0,0.021799865492277682
1,0.455477197238011
0,4.2714566905000975e-05
0,0.0005008806774244435
0,2.00138708541466e-11
0,0.38307924342565447
0,0.10162440901119205
0,1.3978361181534141e-14
0,8.027997571037808e-08
0,1.2230843532261553e-13
0,1.7868150051660653e-23
0,5.7819624738900136e-08
0,2.3546683189550499e-07
0,0.01321143384576294
0,4.145828127677212e-21
0,3.874516671912706e-10
1,0.7854016878631701
0,8.56090823722681e-15
0,1.2950676192435604e-09
0,4.2209872457885184e-08
0,1.77921114620063e-08
1,0.41731543182896336
0,0.4016236500355575
0,2.4078428022599433e-21
0,5.622643887786296e-10
0,6.99355194181674e-08
0,0.4210562260163341
1,0.5284601816005218
0,1.334901968595621e-09
0,2.547929972813097e-08
0,0.24934061154154277
0,6.846694751053572e-08
0,0.10442616216932225
0,0.01975988637144306
0,0.26495616113773207
0,4.642267781812417e-13
0,0.00559190428506403
0,1.070246174618432e-09
0,0.005550559966535606
0,0.32832584731507375
0,3.282013641653889e-19
0,0.12018363420541456
0,0.25943048408939456
0,2.1330169124027007e-06
0,9.609428224741508e-06
0,6.248512866974814e-09
0,1.0509646532540256e-08
0,0.15914675477676138
0,3.0993668695164426e-05
0,2.7857940903881156e-11
0,0.023549884553258293
0,1.2825131385179724e-08
1,0.2518507159101205
0,0.25267313169300754
0,0.09268378542428304
0,7.942232398141067e-20
1,0.4197332029539544
0,9.359996652003856e-21
1,0.4165236176739075
0,0.12298285943515123
0,0.3590744910804249
0,7.234825358020695e-08
0,0.5494439484650646
0,4.746900839312219e-11
0,0.061646075407470476
0,3.427940450991354e-06
0,1.5971686121636886e-15
0,2.171613372233612e-18
0,1.0050520417300321e-21
1,0.24323197847833813
0,0.31931073852587644
0,0.374619647245634
0,0.0957374042989381
0,0.3627673545708005
0,0.3338055421772856
0,2.0955346642084181e-13
0,0.5703439677013579
0,3.741575977413149e-10
0,0.23632880912592294
0,8.56090823722681e-15
0,0.0218571882357249
0,2.2106546883921834e-09
0,3.6640308318479727e-16
0,3.419075535688946e-16
0,4.983266430101594e-11
0,3.3012611415234836e-10
0,5.619915765328058e-07
0,0.12703237851460286
0,0.28521432435354493
0,5.157210704665791e-16
0,0.13697073245070854
0,7.120377196185349e-16
0,3.901359616869403e-12
0,0.2147643957507104
1,0.9554500243217353
0,8.296108332813942e-11
0,8.604254724406525e-15
0,0.1523756878179878
1,0.1726090841875894
0,0.13196685234189054
0,1.2903948538502643e-13
0,1.5256229573708645e-06
0,4.782357959448589e-10
0,2.1480868563691352e-09
0,4.663115065682275e-09
0,0.4146376843373102
0,0.09552042085315844
0,6.899976138203915e-07
0,1.060343613839552e-06
0,0.28085745310603966
0,1.399421797586631e-10
0,0.6722766051679121
0,8.672097102611173e-10
0,0.12529781701464224
0,2.6060519938471682e-14
0,3.0311332673660805e-22
0,0.0006927982696427903
0,2.6297908135956293e-12
0,7.96343631398752e-06
0,3.9597599158097237e-16
0,9.684627177537454e-06
0,2.3722979740101985e-11
0,9.959593344663126e-13
0,7.541349103776082e-08
0,0.18793239369787454
0,0.09752352963596016
0,0.00023923879132721688
0,0.15756891302838635
0,0.29288419220885503
0,0.09557560818034562
0,0.012727685183975377
0,3.442333894251538e-21
0,2.843236298983398e-17
0,1.4994481476710257e-07
1,0.1510266384832254
1,0.5562039703434124
0,0.4270672640093547
0,4.2578700318308735e-09
0,1.4301613112229488e-06
1,0.2729858458867635
1,0.2752271644521815
0,0.3794507720584422
0,0.002500514237671113
0,0.37130827788281145
0,3.1087010135541016e-05
0,0.06837456886979112
0,3.474007329471314e-06
0,0.40201612686023824
0,4.725346772214155e-22
0,1.0539260984355065e-21
0,0.11394444974003239
1,0.06023897052985431
0,1.535249955538998e-08
0,4.642267781812417e-13
0,1.5336349310826183e-10
0,4.967501737951268e-08
0,0.9339820308849816
0,4.565363011277722e-22
0,0.10818583832354164
0,0.004451546531869499
0,0.23951483715572522
0,1.6109918871328179e-10
0,2.813574269989297e-11
0,1.2893747134439748e-14
1,0.21167158069655984
0,0.38444410399604295
0,0.006729602376579038
0,5.476755214705066e-10
0,1.2987980682723469e-05
0,1.1722471423271001e-18
0,2.4723272619728157e-21
1,0.3227368481982305
0,3.621315768188612e-11
0,1.1152123745786256e-08
0,0.3013574145723121
0,0.21451199560558687
0,1.639730842856399e-08
0,2.5222873132406306e-22
0,6.593548858109704e-23
0,1.0777062523103217e-14
0,1.0753908112020488e-12
0,2.7209247815390444e-07
0,4.765437327134197e-07
0,7.4564613631319585e-22
0,0.19286456210787684
0,4.565944521664352e-13
0,0.00925823253619021
0,3.0006714136619464e-13
0,2.947673923235418e-08
0,0.10259168365136087
0,0.03592102994935194
0,7.212602465169649e-16
0,4.6976222649381504e-07
0,0.09058456607670662
1,0.427435216722801
0,4.588248072282109e-07
0,0.003369044136802706
0,0.2121339474884895
0,2.2815553446420904e-13
0,5.923506837061797e-07
0,1.0176539683528207e-11
0,8.854866857610319e-14
0,5.14242241290121e-09
0,0.0001791936113240561
0,6.286658443566246e-12
0,1.339593004766645e-07
0,0.25056996898766704
1,0.4130636003798308
0,0.5487566191567812
0,1.4961986159472778e-10
0,0.0005097833200311822
0,7.52091454655768e-15
0,0.21486914064223786
0,2.3027031746463998e-12
0,0.1184944174991761
0,0.24209201029333116
0,6.880256713991153e-13
0,0.007590742792442934
0,7.167176293172112e-13
0,0.4209736719274461
1,0.38269492000711797
1,0.1202727121870187
0,0.20699502400984693
0,0.2039365466342054
0,0.27579023834733163
0,1.6475745670928335e-08
0,4.174844586220348e-13
1,0.6052034844783809
0,5.464528652956139e-06
0,0.12253407606640819
0,1.8567220290685919e-09
0,0.14257016618347995
0,2.53929897521996e-08
0,0.14518909296994967
1,0.29424825476874183
0,0.2490945719748547
0,2.472692784025855e-05
0,6.161124468973399e-07
0,2.050551415845325e-08
0,0.07952492562596233
0,2.6711741726759974e-06
0,6.335261706645048e-10
1,0.41676465924444217
0,0.18445458101647189
0,6.271280259394933e-05
0,2.541243734969245e-13
1,0.3809425308424783
0,0.7563486256897637
0,0.27771967458221647
0,0.061572465654948914
0,0.2528848737301469
0,1.4963533189252073e-13
0,5.32210512653241e-08
0,0.00021442380336799538
0,1.571619255265986e-08
0,0.00032293546304802765
0,3.4880171192584346e-08
0,0.0008478284421510571
0,1.1355003934705317e-06
0,0.32739636098122404
0,0.01868970620938551
0,3.3012611415234836e-10
0,1.5667874019087195e-13
0,6.5973322588710195e-06
0,5.992374053452052e-15
0,0.26108007884852674
0,1.0288593599879108e-13
0,6.68488000095752e-09
0,3.1584410923055116e-13
0,4.748730649129051e-09
0,1.0949937403749843e-08
0,1.4084088477336412e-22
0,1.1619238506854871e-12
1,0.17273708784654707
0,0.1317468831765921
0,3.206640628546327e-08
1,0.7081042654233595
0,9.39577866963331e-14
0,5.835815861167621e-14
0,9.265200656246824e-23
0,6.536262676904457e-06
0,0.025184186554480837
0,0.15449697759047612
0,0.5556165930959807
1,0.7080447829503753
0,7.188248961352601e-13
0,3.031733719534349e-13
0,0.3939303387245318
0,0.053202431358536695
0,0.25317827338779403
0,9.135499158380478e-09
0,1.2752527474617468e-10
0,0.34029470458771655
0,5.6113628377863e-13
0,1.1361267277858987e-09
0,0.21039100989754825
0,1.570012319027741e-08
0,7.18239208180272e-12
0,1.3217703427288084e-10
0,1.006345687842349e-21
0,0.3612930097308067
0,5.6383852224026467e-11
0,7.12289605955976e-23
0,3.093954268525257e-07
0,0.0028687769470089586
1,0.8122490943508365
0,7.643730262737689e-13
0,4.6930599075577256e-14
0,0.05753373009005509
0,3.8777537738444865e-11
0,0.11935108500021183
0,1.7210047981946458e-12
1,0.4178399513547141
1,0.46545129512231254
0,1.599950250648529e-07
1,0.3671379267265289
0,2.0787772495384272e-08
0,0.43985984763393904
0,0.3161181192975137
0,0.12626589441493807
0,0.2101813252630801
0,1.2532068116421065e-07
0,0.3485596635575619
0,0.0001301002741941987
0,1.8033266370817994e-12
0,1.228989690236542e-10
1,0.9643281846430622
0,0.5027638317600793
0,3.2267017724362474e-19
1,0.5109223633231296
0,1.6112470059229524e-06
0,1.5271378342198337e-12
0,2.933692295925084e-11
0,1.1380096766026977e-06
0,4.726878990224928e-08
0,1.7026002854142533e-07
0,2.896705926264502e-07
0,0.3063881724221124
0,0.3415555052222773
0,1.447091326374217e-07
0,0.47760560664779034
0,5.73353335669424e-07
0,2.111684394687483e-06
0,7.403523457273834e-11
0,2.0304420290063656e-13
0,0.3641362992951126
0,0.1379881109184884
0,6.054879320764889e-14
0,5.766689259418822e-08
0,1.729333768284903e-05
0,1.194635387722149e-15
0,1.596328700780301e-08
0,6.593548858109704e-23
0,2.5601139352888225e-13
0,2.062792349415612e-13
0,0.05790672378338628
0,4.867403533605793e-21
0,9.207349394733043e-12
0,1.4702432600662083e-10
0,8.56090823722681e-15
1,0.2637560975813574
0,0.16800874517641673
0,0.18073852530706572
0,7.48305588002947e-12
0,2.4435518021858547e-07
0,0.5298792725388304
0,1.4641588397345385e-22
0,6.721542892902261e-19
0,0.02405318768649066
0,2.813574269989297e-11
0,0.2871913773530316
0,3.32824356574583e-05
0,2.1782524313485177e-09
0,0.3487573945246824
0,8.304694896412735e-10
0,4.401894730322668e-11
0,9.899032786907818e-16
0,1.134512696946013e-13
0,1.2850942865290271e-08
0,6.097891559526969e-19
0,0.0020425061267451217
0,6.057720227243668e-13
0,1.0874871694528663e-13
0,6.288954029610079e-07
0,0.22858229344181516
0,1.4266320306117456e-06
0,0.1340586493599528
0,1.674938828129009e-20
0,3.0311332673660805e-22
0,1.1175439207538206e-21
1,0.371439519710517
0,1.351735305105714e-10
0,0.12095892706805078
1,0.4488376188133677
0,1.0630337992831813e-07
0,0.2991998991310715
0,0.3034583744410567
0,1.17282136984095e-10
1,0.7801373545208504
0,8.315018384806996e-07
0,0.36894501719054673
0,0.4676500612311788
1,0.6711781189580964
0,5.0204189433954657e-05
0,0.6173020039220598
0,2.285691094166254e-06
0,3.854878467317962e-06
0,1.2661780512247224e-13
0,3.524533707353678e-05
0,1.7388053256634286e-14
0,0.30976676756652133
0,0.29026054802437296
0,2.0015086543930696e-08
0,9.427138696364497e-08
0,0.18271941595896107
1,0.34433380480957604
0,4.642267781812417e-13
0,4.252647167588352e-14
0,5.458302318456241e-07
0,0.16722086463939523
0,0.0013074983121758215
0,8.842265253359277e-14
1,0.16926524449175165
0,2.214351407990334e-13
0,0.10494580103463826
0,0.01362907790595743
0,1.6314898359596886e-12
0,0.2894794265269547
0,1.8582389715592372e-11
0,5.289222826785509e-10
0,0.3823509696596141
0,0.09359543254244337
0,1.8063029435438379e-06
0,0.24330103090172733
0,0.0823159760194327
0,3.317433818699699e-11
0,2.070783949089581e-12
0,1.0814375324059791e-08
0,1.3332719292449032e-09
0,1.1647204010456945e-13
0,0.31392299288634345
0,0.0014790254297804887
0,1.0241024957942051e-13
0,0.2490722384091453
0,1.4928775827496906e-15
0,0.3134582403596541
0,8.785077806693736e-14
0,8.56090823722681e-15
0,3.2303034318616905e-17
0,1.0200661488776902e-10
0,0.2733849610040483
0,5.545730423520977e-09
0,8.96386491459773e-08
0,8.31532339199704e-18
1,0.6582668785923371
0,7.424020957028922e-12
1,0.34840382993607594
1,0.4671953809419304
0,4.704593037980023e-05
0,1.0685687906624008e-22
0,0.02563247523718832
0,0.22058594800555414
0,0.004729342590458246
0,3.521182832940648e-17
0,0.05610455859128342
0,0.09997916964717259
1,0.47722988024064783
0,1.8894284146759613e-07
0,0.005388171567575956
0,6.034951800492089e-10
0,2.5031831487090573e-07
0,2.7241014048362408e-08
0,0.04388131617320683
0,1.4179070236419593e-05
0,2.2670645242203115e-06
0,7.682671992339214e-05
0,0.45935116102562856
0,0.06436099858206998
1,0.30521014587156287
0,6.679636240624727e-05
0,0.255367859361875
0,0.45570472697931214
0,2.4607719039733675e-06
0,7.930187278508134e-12
0,1.9767825941060307e-08
1,0.3339596170866468
0,0.37658190319084534
0,0.3603045073559694
0,2.1757840511340144e-07
0,0.028611126978515113
0,4.1605101008186397e-07
0,2.1338835219601255e-20
0,0.2945287858747586
1,0.2755099952475186
0,1.242721238335753e-09
0,2.5951737313724044e-09
0,1.2695550099889119e-07
0,2.2860858805169665e-10
0,2.579163578942539e-20
0,2.592213351857708e-13
0,8.900215340832398e-16
1,0.13241723450450504
0,9.397552620809089e-07
0,8.281724918464185e-08
0,1.208418905605406e-11
0,0.22951267383918833
0,1.0965517582014639e-08
0,0.13839338425583053
0,1.1371594019940743e-05
0,0.30487413377287426
0,0.3808482338553752
0,8.775754386273676e-08
0,0.06108894972540156
0,1.7981438639751652e-10
0,2.163331736679766e-15
0,2.9456799707810216e-24
1,0.41898564547192907
0,7.057326485644802e-19
0,2.9554884789971615e-08
0,0.015288585991736835
0,4.8658848844331134e-08
0,1.90539605276847e-08
0,0.11719183176737943
0,1.2375934846407094e-06
0,4.1203374293397953e-10
0,0.1994751608582659
0,4.3727505671896594e-08
1,0.4560816572911586
0,2.1400432323889925e-11
0,0.02686789846752643
0,1.6382789371198655e-07
0,1.4814147655475751e-07
0,5.747073898465667e-06
0,6.116157093215711e-12
0,0.0008926410478102729
0,1.2157461849255273e-10
0,0.1909896099285771
1,0.17252077573401
0,0.07316964774340597
0,9.06325645268827e-13
0,0.028389563558204545
0,3.353041388590508e-07
0,0.3151102765621127
0,3.6233229268866964e-16
0,0.21136595273412706
0,2.596220419265311e-11
1,0.9810790314348922
0,0.15102153959936945
0,9.983940253112781e-10
0,3.5744477913582966e-12
0,1.1349709294967962e-10
1,0.14261666905810727
0,0.394058393767801
0,0.0014979183546749144
0,0.3569232178860764
0,5.898412272263392e-12
1,0.827392619665552
0,1.5971686121636886e-15
0,0.28840595624361876
0,0.19311722636127324
0,3.232653425470094e-12
0,5.816483882232223e-20
0,1.6832164143434932e-08
0,8.511945492426095e-17
0,0.2661822199977602
0,1.5594491783569523e-12
0,4.3166618009709534e-11
0,0.6069972320362707
1,0.16135494823624513
1,0.3949691211455314
0,1.9085087337968693e-08
0,0.46883412440180583
0,4.3761325683492706e-15
0,3.4085721257540383e-19
0,4.947088631716986e-12
0,4.7426234646687066e-05
0,3.654832179350568e-14
0,1.023775942290379e-10
0,0.0001970274202890864
0,1.3447601299163753e-22
0,2.7982522074684947e-05
0,5.157210704665791e-16
0,0.33404631671886675
0,0.5920038186617808
0,7.670257431256371e-14
0,0.18928415125057704
1,0.6610999201825084
0,0.0034117666337142513
0,0.2359377667073539
0,0.28446589086784235
0,7.741637567478267e-20
0,4.2384074743711716e-13
0,0.16153647833298931
0,9.45090717046164e-22
0,0.015656769550937463
0,1.3818683953309954e-13
1,0.24913055754473573
0,4.2183927653381676e-08
0,0.27950510102453735
0,1.479295621401048e-10
0,2.1190439950273028e-11
0,0.45784925623551126
0,1.2708434898444646e-10
0,7.058666968727999e-12
1,0.3649996411652778
0,2.6315577083406307e-13
0,0.4675799830440248
0,0.5362550388584736
0,3.257159609457057e-22
0,2.1644517510513168e-21
0,2.4974829078871567e-05
0,1.6461839671793393e-12
1,0.37823434858901905
0,6.757036318710369e-07
0,0.10376719786768673
0,0.17919567203680162
0,2.8329531353418982e-06
0,8.56090823722681e-15
0,8.56090823722681e-15
0,1.4375441231077017e-21
0,0.0005856146670394437
0,2.2660094655714108e-08
0,6.1857408325575424e-21
0,3.2986722364264163e-16
0,2.2877135374758627e-06
0,1.2873330862037473e-12
0,1.163446663975921e-09
0,7.178702632442221e-15
0,9.240135517389668e-10
0,1.0415137236280237e-11
0,6.037632074975324e-07
0,1.1413739825969718e-08
0,4.5989995179748417e-10
0,1.7071289562106754e-06
0,9.175307018506896e-11
0,0.14181582591998934
0,0.5337879785536653
0,0.0016805041189454039
0,9.341039674533065e-07
0,8.56090823722681e-15
0,2.1380235233023223e-08
0,0.3330966095880011
0,3.452609329632305e-07
0,7.355133769737245e-09
1,0.7064249487350324
0,4.745797806713086e-06
0,0.00024115393623572678
0,4.241858079322966e-08
0,0.002218453327709894
0,1.484222282144417e-12
0,2.517927950396773e-13
0,0.2714497044824528
0,2.0217667061690658e-07
0,4.711519366581154e-11
1,0.38366601406964906
0,1.2788269868120664e-11
0,0.002699044412395234
0,2.7103945163845982e-11
0,6.895293764320067e-09
0,2.7968908237151905e-13
1,0.4827507241396107
1,0.299639035411788
0,0.2275724695221875
0,1.963197567977719e-05
0,3.0572283071904746e-11
0,2.4849784867525468e-08
0,1.2751977085459675e-08
1,0.6810833001729276
0,3.745781467406009e-05
1,0.35729432970814445
0,3.103821592334414e-08
0,0.41382854376381983
0,0.310110469424901
1,0.1707834649162092
0,6.019362508068298e-13
0,0.24119638345264058
0,2.6984633110133973e-19
1,0.3186600897793976
0,0.13149927143204845
0,1.0016484866056398e-11
0,3.959168349795481e-22
0,0.10056833187501946
0,0.6890310489618281
1,0.3701379333874465
0,3.541679303635445e-16
0,0.021265284699235096
0,0.15182846215783988
0,1.5943019002556856e-09
0,0.20956363518001628
0,7.326885408925045e-06
0,0.13209460742131868
0,5.61365879507365e-11
1,0.267895237633396
0,0.12472933757236726
0,2.3647849184061526e-07
0,0.2185501262200437
0,3.384899069122079e-05
1,0.7670127334064586
1,0.0006797359566585602
0,0.46042537713748793
0,1.1057680278884476e-07
0,2.1407190563136777e-06
1,0.3050345401490423
0,0.2658702870820836
0,2.5639708590817868e-08
0,5.728633431340477e-21
0,1.9043395114555246e-06
0,1.4827208341072609e-08
0,0.050252477368729356
0,3.3452827881678903e-10
0,2.4615503213882136e-15
0,4.775586838217454e-19
1,0.4496820842798796
0,0.5293068356587771
0,3.611146059671135e-16
0,9.072553437059046e-06
0,3.026472783594739e-11
0,6.044396595209408e-08
0,4.107856381863942e-08
0,0.21132696849763802
0,3.2782795338596e-21
0,2.6523128299700853e-09
0,5.3297115908156035e-14
0,0.38798126972491404
0,6.944132316737656e-09
0,1.205890682998827e-09
0,0.39153930392114394
0,0.0005964056238137239
0,2.284501931398014e-09
0,1.8852116988767908e-05
0,3.317463537571671e-07
1,0.5226942542649112
0,4.651233794858664e-19
0,2.389433590625865e-12
1,0.777087714287266
0,1.0130906902306024e-05
0,0.1929406373099669
0,0.33362584829584074
0,1.1272933181821747e-06
0,1.568918778386517e-15
0,5.209775926517116e-05
0,3.399890766042849e-10
0,2.4094884584272883e-14
0,3.352889537138955e-09
0,8.455691938010783e-12
0,0.20994116987478684
0,0.009034295857734598
1,0.45852896215477357
0,2.674496550731318e-09
0,3.4897402854815146e-10
0,4.6518808615256416e-08
0,5.887449002162704e-12
1,0.7469292325954769
0,1.6769451216066838e-12
0,6.758230156286159e-10
0,2.337386865427799e-16
1,0.2844787064370903
1,0.1640422350021626
0,2.8478041450212236e-19
0,2.3356656843330133e-15
0,1.3010977869917284e-13
0,4.518474206634225e-14
0,0.28648817548721567
1,0.757925265146416
0,8.882524716437443e-16
0,2.6060519938471682e-14
0,1.568918778386517e-15
0,8.834504063980402e-05
0,0.37211899215885647
0,0.17901763841589324
0,0.09085591947022152
0,0.3769925360424948
0,2.8293876033970345e-11
0,0.23262499016124075
0,1.0744462598670532e-13
0,5.312793290159399e-10
0,1.3369799449939239e-09
0,1.6461980295052366e-10
0,8.892505040285489e-13
0,1.568918778386517e-15
0,0.5548442312084826
0,1.2157415381331066e-08
0,4.03598583841362e-07
1,0.5388055632257255
0,9.976741880397098e-13
0,1.0864887961171092e-08
0,0.4122582353237321
0,0.8181550192259851
0,0.4749141831276037
0,6.006474064785716e-14
0,6.356083818419241e-22
0,8.770645968616552e-12
0,1.3105119410387996e-13
0,2.5756826712076336e-14
0,2.255349576280269e-12
0,0.3571860458182979
0,6.878242546513164e-12
0,5.747024232927261e-13
0,7.667466486023811e-10
0,0.07533148943763582
0,0.2843442126895872
0,3.973127130916363e-12
0,3.3943723896357405e-10
0,5.4396739903999715e-12
0,4.178123733299154e-15
0,6.6865213299326655e-06
0,0.06560771985872145
0,8.900215340832398e-16
0,2.545871894690059e-22
0,0.31121654492105133
0,2.471572933371051e-06
0,6.374384400784305e-13
0,1.3703564132311798e-05
0,6.975514646357736e-21
0,2.90549303073466e-07
1,0.38474068999154126
0,2.932866435253495e-20
0,7.24190669574846e-07
0,0.003028783370254796
0,0.00102507430696499
0,0.24570266196748497
0,0.002426807647712682
0,0.004030828267140854
0,0.18781321220876346
0,0.00089900160015814
0,7.120377196185349e-16
0,6.284991367882171e-13
0,3.324290741296394e-17
0,0.07999570418449051
0,7.182845468574168e-10
0,1.7031201769718013e-19
0,1.8882886305311863e-06
0,4.5210120494877416e-20
0,0.29099379765432076
0,3.6727199240913904e-16
0,1.2508268269609462e-10
0,7.677583713168683e-09
0,1.756529749328017e-11
0,8.604254724406525e-15
0,0.31269630283595773
0,0.20049140679930652
0,4.756739625917712e-09
0,7.466062032429273e-15
0,2.997651234694705e-07
1,0.19759366555162475
0,4.791899007126557e-13
0,8.812897586167985e-15
0,0.5224239978929186
0,9.303721928190565e-17
0,1.9479124102754942e-10
0,5.8817175693480844e-05
0,5.743207051190022e-07
0,1.5749268456545246e-12
0,0.1419394863157802
1,0.1449627930561966
0,6.830172130980637e-08
0,7.772581378761988e-13
0,4.136245623467908e-09
0,0.0069024551232250925
0,1.774623113649515e-10
0,0.17533448890380224
0,2.0214445118003067e-11
0,0.06823644597559878
0,9.227855033598055e-10
0,9.339702009883449e-12
0,1.071629379062053e-09
0,0.2619477466925391
0,5.7906543029493805e-05
0,2.3518160346579018e-21
0,0.4359856850545732
0,2.4860007069934884e-09
0,0.004796327045444189
0,9.104149415814986e-12
0,0.5072484181188808
0,1.3308598747149995e-11
0,2.4303788140316507e-22
0,2.7015291296122856e-12
0,4.2488215606790394e-10
0,0.18162692191634672
0,0.5465006097226833
0,4.733000878664669e-07
0,6.72943474447035e-13
0,5.520113083410639e-09
0,3.3758112090451183e-07
0,1.7806724955152875e-11
0,0.37767827161522644
0,6.858411304992175e-07
0,8.481103646723251e-19
0,1.0430798346955589e-10
0,0.18130871168118248
0,4.3275382335004507e-13
1,0.40731615742841115
1,0.5557200695184097
0,0.10431261208181142
0,0.27154172325469245
1,0.467831977045984
0,2.8209747395714136e-07
0,0.2531859024259623
0,2.3675209082822186e-08
0,8.900215340832398e-16
0,1.2028226203002889e-08
0,4.977185597321629e-07
0,0.0003767962865946303
0,7.807786737137019e-11
0,2.0805051971272945e-14
0,0.11651072675926094
0,0.18681369734967462
0,0.023732333674012954
0,5.112238195457601e-07
0,1.559177461704331e-21
0,2.5277196554264506e-13
0,1.3092721404860031e-10
0,3.6727199240913904e-16
1,0.6493709581495843
0,2.3980229403526285e-10
0,7.120377196185349e-16
0,0.0010587374808780179
1,0.2604933410515395
0,0.11959761936872326
0,3.003396151414447e-08
0,9.313331151431796e-11
0,3.723107348289378e-12
0,3.301261141523495e-10
0,1.258234926898164e-06
1,0.30057777176386624
1,0.1954886118024185
0,0.4367727328568288
0,1.2269344656662824e-10
1,0.4684885382761129
0,5.20826158832529e-12
1,0.3425048616872424
0,4.5989995179748417e-10
0,1.2112836578644332e-16
0,1.2943224076304782e-13
0,3.8880798410419116e-11
0,4.640287031022726e-08
0,2.699638090559839e-10
0,0.16839150842507225
0,1.6187036985889795e-10
0,0.02086454176198038
0,1.843666067265211e-08
0,0.13850832074806751
0,5.957351313970236e-08
0,0.024425945048050363
0,6.456353764183873e-11
0,6.143293026321001e-06
1,0.7325635372669388
0,0.04152004549887233
0,1.2204443484270114e-08
0,1.1301518526648974e-09
0,8.474482179681267e-13
0,1.480289366099799e-06
0,0.21735215605356328
0,2.0519439825862875e-08
0,0.4963178965719915
0,1.5878567422531604e-06
0,2.091894757064989e-19
0,2.0217667061690693e-07
0,0.09277975745152607
0,1.0305814531983095e-11
0,5.985312403643163e-14
0,1.2860002803522905e-11
1,0.43746558156226617
0,3.036346787121517e-06
0,2.045490963669729e-08
0,0.5021021433266939
0,1.272419109793819e-10
1,0.4946009898707293
0,0.4547911519994922
0,0.0003805637599363162
0,1.4357452343673059e-05
0,0.0032058711730893518
0,0.2381905910632982
0,4.506140962979473e-19
0,1.9248719351065074e-15
0,0.12219694592265763
0,0.41672423485750554
0,2.045490963669729e-08
0,1.2375934846407094e-06
0,4.110731277657225e-09
0,9.654826984675355e-18
0,8.377138774575026e-07
0,8.193871352183178e-09
0,8.56090823722681e-15
0,0.432024836635232
0,0.11603602133901253
0,2.436885289145751e-09
0,5.909035138566451e-07
0,8.615722402100877e-05
0,0.14946458623491113
0,2.0589492822864143e-14
0,4.249242955816249e-21
0,1.0412663975744992e-08
0,2.8260371446404377e-09
0,8.304270393681082e-18
0,8.56090823722681e-15
0,0.061040220644248286
0,7.977256724166885e-13
0,9.34642289998978e-12
0,0.010611337064167595
0,5.642266439358676e-19
1,0.6449675521229301
0,1.0435846565234491e-09
0,0.020929257262494328
0,3.641209257151129e-12
0,0.06975286673323339
0,0.15761601763480024
0,4.2278848860986095e-21
0,0.002865776786255594
0,0.34209686799316313
0,2.04059496525903e-09
0,3.291898973234911e-05
0,1.0280406003525555e-12
0,1.3056821732397626e-07
0,0.015271211202789563
0,4.167250513249729e-10
0,0.18688959728311733
0,3.5901931270003305e-06
0,2.876130368440535e-22
0,0.643412918390013
0,2.9544014423075794e-12
0,5.13646903549802e-07
1,0.38678103753394455
0,2.017908924227503e-09
0,3.38489637521717e-10
1,0.2569928071968074
0,0.012628094147425249
0,2.4265105849674086e-19
0,4.963734824181863e-07
0,2.6060519938471682e-14
0,1.4656511218664498e-24
0,0.2922993783684745
0,1.1465872738404893e-09
0,1.3169606430960935e-11
0,2.413404293451529e-05
1,0.5194694278221883
0,1.2533980296170198e-10
0,6.539616043176677e-06
1,0.7146875451121427
0,2.0966423901609967e-09
0,0.18656007511515352
0,0.2736146706739041
0,7.611844683907541e-14
0,0.21733469172457232
0,3.6288940275523922e-16
0,0.49382660694841785
0,0.23273226108765457
0,0.05764004381195662
0,0.533163892073542
0,5.54848787830125e-09
0,0.3842652775267033
0,0.15756240998735754
0,0.3339522451783469
0,1.607177853907467e-07
0,9.870712106536346e-07
0,3.2782795338596e-21
0,0.016129831304796727
0,3.93306612239688e-15
0,6.219926081125597e-10
0,1.092916615406836e-10
0,3.83086939055754e-07
0,1.178384658475428e-13
0,4.88465599181461e-09
0,9.264236215431145e-06
0,0.4871756249360557
0,0.00018754653296374288
0,0.3026516682723006
0,1.3997854878571807e-06
0,4.095322529786734e-11
0,3.917436345653854e-10
0,2.6216445126645108e-08
0,0.15938939381456654
0,1.568918778386517e-15
0,0.15105146160441218
0,0.0008069094083152913
0,1.734266364009568e-06
0,0.12893997347031544
0,2.0359715672598887e-06
0,2.36823830751282e-12
0,1.9905536760117262e-07
0,0.0007483961495678205
0,0.1541495915036453
0,0.4571635330988624
0,4.1307574777702914e-23
0,1.3996515533987734e-15
0,0.05605766669840061
0,4.347361650939518e-12
0,8.301135266029695e-15
0,7.808037780792986e-10
0,0.4571627292328399
0,1.1162284052644465e-09
0,0.003504158377086785
0,1.4239720875247171e-06
0,0.1469604734687929
0,1.01979065157708e-20
0,4.3733724746018233e-13
1,0.471869899608662
1,0.8244447265836947
1,0.17449166121112406
0,5.902239017484949e-05
0,0.073943783305904
0,9.135635649652631e-09
0,2.091667736698329e-07
0,5.945591731216209e-10
1,0.346718031993755
0,0.3258946885881523
0,1.2339079391316069e-08
0,9.124228251670383e-06
0,4.4356214356537305e-12
0,0.01721007784322096
0,0.2097212358752927
0,3.31532913492293e-12
0,1.2689463326942659e-18
0,0.19476175591041375
0,3.301261141523495e-10
0,2.7495732059243983e-08
0,8.900215340832398e-16
0,5.1734539763169404e-12
0,7.166165091125887e-16
0,2.476894552480776e-15
0,0.00033993960435071605
0,2.078795735267121e-14
0,6.097891559526969e-19
1,0.4059683939070629
0,1.1862225189577223e-10
0,1.6049515130027662e-09
0,3.132448549049158e-06
0,1.9012734930519667e-05
0,0.46594158215519993
1,0.4462362384089009
0,1.3565716950103544e-09
0,0.029174071523182125
0,2.6618292152492203e-08
0,7.725131994547099e-10
0,7.051738512487952e-09
0,1.2760458050328493e-11
1,0.12382390121080576
0,0.31779578981683204
1,0.7762981587216318
0,8.56090823722681e-15
0,1.2024028150247339e-06
0,2.0955182432337068e-08
1,0.7804736072344485
0,1.2255082335032992e-13
0,3.19816304207086e-11
0,7.396868844443194e-10
1,0.5942974095205268
0,1.9153582845914992e-07
0,1.855135981171016e-08
0,0.33466659357607237
0,5.53270390305542e-09
0,0.13618546739732604
0,0.0005171021860091644
1,0.56467417531728
0,0.22319883066763418
0,2.2258106423817483e-12
0,0.2394794208393962
0,4.335246001591289e-17
0,2.4126242466118956e-12
0,0.00670444970231883
0,7.0235290800609e-22
0,1.0722129261946188e-07
0,1.81454776428186e-07
0,0.19886163077234692
0,1.3559652753675127e-08
0,0.22781781695658282
0,1.2096110501709593e-07
0,4.286577353257224e-15
0,5.379590803723574e-07
0,3.79057537833943e-09
1,0.2989005163992173
0,2.0337806357971055e-06
0,1.806541234869821e-21
0,9.055233942353108e-11
0,8.604254724406525e-15
0,0.013724493428871838
0,3.7235695917206835e-07
0,0.10892552918213229
0,0.0001687478045409613
0,2.476505258414147e-07
1,0.22743807172302016
0,3.0244183745444217e-06
1,0.5443306299686811
0,6.581153116315786e-22
0,0.22295508289876498
0,0.1419284768922198
0,1.399204071219861e-07
0,1.1143773152308694e-09
0,0.2246814573922597
0,4.17274290609537e-09
0,1.790787047862471e-19
1,0.09084081657866581
0,4.363447968472621e-09
0,1.9862093925399948e-11
0,8.010796550519517e-22
0,2.1935787689505374e-05
0,0.236155055801236
0,8.102352508301223e-11
0,7.560784695123322e-11
0,1.582161015342819e-08
0,8.604254724406525e-15
0,0.00025950713400150306
0,0.6157469765728857
0,0.3675994296498217
0,0.030521094001648628
0,5.998184668501657e-06
0,0.246881248160859
0,3.0549760563302613e-21
1,0.16372184733354767
0,0.632753257215605
0,1.6774528931931701e-19
0,7.22477094946576e-10
0,0.22014919220124426
0,5.267137453746476e-13
0,1.637275211614911e-14
0,6.807217093157231e-22
0,0.30167962366482987
0,4.254159038193666e-11
0,0.1892724004008104
0,5.765808030179083e-09
0,5.615717543690389e-08
0,0.11386018844010752
0,4.950461757912561e-10
0,0.17387082917914667
0,6.825468514378685e-13
0,1.1913785331251258e-12
0,0.19420596433280604
0,2.8151358304040097e-08
0,6.551843680774359e-07
0,5.725097963765406e-19
0,3.5691695699875118e-06
0,2.5098810944229205e-08
0,0.35891457099514906
0,2.0096045039538227e-18
0,3.0092598456232403e-15
0,1.2783518190301944e-13
0,1.1946133637309884e-09
0,4.45076065088712e-16
0,3.3073972119339925e-10
0,0.003342506952901019
0,4.8484573015251416e-14
0,1.2352730545239113e-10
0,1.416108964532879e-07
0,7.466062032429273e-15
1,0.20970792329242519
0,6.634844777507698e-09
0,0.17836414010328175
0,0.2872027639517496
0,4.9702131943908174e-08
0,1.178557307104536e-07
0,2.6720347679231783e-10
0,0.29928772369012
0,9.147483721397179e-08
0,2.6152820999243e-17
0,0.0002999223371667331
0,5.723395724387207e-13
0,2.0519926176229278e-12
0,2.3610277675250128e-07
0,7.558300390253266e-22
0,8.604254724406525e-15
0,1.2177796609025132e-10
0,7.605804467205117e-07
0,4.642267781812417e-13
0,1.0529626661086889e-07
0,1.0555764173355092e-11
0,2.66221221578751e-07
0,0.24093851772913846
0,9.095156485379144e-09
0,4.642267781812417e-13
0,9.842918472304345e-09
0,4.691257580802455e-13
0,2.632377236854425e-05
0,8.868653330329355e-22
0,0.574746098497481
0,3.467665094118557e-10
0,1.1268887047951e-14
0,5.576535132439553e-13
0,4.0987403689349614e-05
0,0.2289666960098129
0,3.290196338695687e-09
0,4.734218981476307e-18
0,0.04217591027100566
0,2.5800890256022297e-09
1,0.4327182475433198
0,9.732911248125043e-08
0,0.05687247594937351
0,1.0906218190137377e-20
0,4.081632521893889e-09
0,2.4720499947341188e-18
0,0.14385005686106425
0,0.262006569297724
0,0.02001805630210816
0,0.2933447134278818
0,0.23340015646214177
0,4.052669011884629e-19
0,0.08344359586686281
0,1.7680931274984253e-08
0,0.40172486909315513
0,6.1857408325575424e-21
0,0.44187811458827453
0,2.9330097989359946e-11
0,0.15818096737199072
0,4.6371944107955275e-06
0,1.4112338043268975e-06
0,1.63406377126668e-13
0,6.737745604150621e-11
0,0.19595950621991218
0,0.17961361404158743
0,2.4435475238105722e-12
0,0.25441820315784386
0,0.4500971633586651
0,0.28125093058022954
0,0.005190944183255346
0,9.803674203812536e-10
0,0.2628206474666864
0,3.617340311472403e-13
0,9.094566325855744e-11
0,3.915422943159298e-09
0,0.036830539088966704
0,1.5971686121636886e-15
1,0.2702476556412006
0,3.0232803902339024e-12
0,0.0018538799923629103
0,3.132448549049158e-06
0,5.342941737651168e-22
0,0.2659679765666659
1,0.3890747996834482
0,4.1225567756957914e-14
0,0.13496843333744243
0,4.908043764230425e-07
0,6.742998089675181e-12
1,0.6114617091835219
0,5.198448780782294e-15
1,0.33204244716028875
0,4.349703424579431e-14
0,2.1621649285430768e-08
0,1.568918778386517e-15
0,6.8114629190651955e-09
0,0.16100221092792583
0,0.007908510147309403
0,2.4554987144284494e-09
0,0.000544603729162417
0,1.0097157376236498e-15
0,3.1616036588007955e-19
0,4.354094694270212e-11
0,0.2489961549185397
0,9.311854842796039e-05
0,0.09264284812002951
0,0.11069159463853576
0,1.5427430851445398e-10
0,2.2717550561063545e-10
0,6.276601508962544e-07
0,2.168836469483199e-13
0,1.7960737980057113e-07
0,3.3817001238897053e-09
0,5.803438646335063e-22
0,0.34420077023348816
0,0.3122359595096355
0,8.842338533474864e-19
0,7.664989914968955e-08
0,1.7157595952028743e-07
0,3.288839074362263e-08
1,0.1387174876656545
0,0.36346700058938675
0,1.740484308176506e-08
0,4.311859047809717e-15
0,1.555646156665334e-09
0,5.969011572453621e-16
0,8.958356454175766e-06
0,0.0025655624433777694
0,8.859696222014903e-06
0,3.413320392525264e-11
0,0.049838651095354056
0,0.023720900146089435
0,2.7103363726186423e-07
0,3.0147902770636124e-20
0,3.235489561053377e-11
1,0.47717128896659805
0,1.4312019410493396e-12
0,1.1714525708762475e-12
1,0.07757314023675099
0,1.8289165667568525e-11
0,1.125131054396764e-07
0,1.0655305784381767e-05
0,1.2169943126629484e-14
0,1.4283903159963258e-06
0,7.441483258523239e-06
0,1.839621102942106e-12
0,7.531340558629435e-21
0,3.641341408090141e-19
0,7.120377196185349e-16
0,0.3286463299080244
1,0.6119727280232625
0,6.167737171303892e-10
0,7.516962687872538e-11
0,7.567443576910963e-08
0,3.032845244748172e-13
0,2.5617774532679077e-06
0,7.120377196185349e-16
0,8.56090823722681e-15
0,0.26848690854615975
0,1.1061573704598721e-14
0,0.003959747472603727
0,8.557247940531146e-13
0,3.743782989477474e-12
0,0.2623644599612923
0,0.00011714551262490081
0,9.648360204776172e-11
0,0.13521624286695322
0,9.013905281974666e-16
0,2.955662544493398e-09
0,4.70042689030748e-13
0,2.1244717936923507e-15
0,9.697516948273291e-16
0,0.4460936494233003
0,1.6602629911496007e-08
0,8.370572248580362e-15
0,0.00016001956154483457
0,2.501557629954217e-07
0,0.16249606895076893
1,0.35256020757586926
1,0.46153885597238314
0,4.6348271694164434e-15
0,2.7968908237151905e-13
0,0.1924504174106444
0,2.2874057856833494e-08
0,4.6284157046901425e-16
0,0.009460006576790674
1,0.3260252572029711
0,6.979792193436942e-10
0,7.143074898652423e-14
0,1.052436933678927e-05
0,9.779027665871366e-06
0,1.194635387722149e-15
0,2.1893465826378266e-08
0,2.53929897521996e-08
0,0.0813428672663612
0,1.7623322623267427e-06
0,1.1563751624160774e-13
0,2.9658326686273045e-06
0,1.1924802592534616e-22
0,2.3145871849199568e-12
0,6.927746013755088e-11
0,1.733688927530494e-07
0,3.5515943217873284e-16
0,8.56090823722681e-15
0,0.0003157458663979426
0,0.001252288411151833
0,9.576208130432865e-07
0,0.06287312063682221
0,5.91444433129575e-10
0,0.08677856863906169
0,0.08826302702243793
0,7.082413634324917e-22
0,2.0495774506556398e-09
0,2.9146529855374214e-11
0,4.352132418500685e-08
0,0.0004779092423233598
0,0.2414194946857279
0,1.472154598168319e-18
0,0.5032634518515933
0,6.43435336915492e-11
0,0.31149610769922875
0,1.8942757138807054e-13
0,2.2299960943513356e-06
0,0.40695499543850244
0,6.365690054481587e-08
1,0.6383745981133436
0,3.065453306147851e-08
0,0.42307533563595534
0,3.985764861233648e-10
0,2.3356656843329798e-15
1,0.36054352671337103
0,3.546224187071776e-09
0,4.4340133621159156e-08
0,0.13536477183133475
0,3.935707414184866e-08
0,1.1993483150857845e-12
0,6.938762916294855e-12
0,3.645818596575555e-09
0,0.07054225303857214
0,1.7261961623784352e-11
0,0.34718672679545853
0,6.540452267701701e-06
0,3.565138017920175e-09
0,1.3978361181534141e-14
0,1.0708816996908106e-13
0,5.708109717458015e-11
0,0.20224979452447792
0,0.10994638357208013
0,0.24651351893069834
0,4.719564955878503e-09
1,0.45939702209914485
0,1.800702608976169e-11
0,2.947499502038874e-12
0,0.35160777549639055
0,0.5663286862344505
0,1.465685661842457e-11
0,6.987839042694523e-05
0,0.0011550001968550795
0,4.400149258277563e-06
0,1.6293865828473972e-13
0,1.062466497067456e-09
0,4.593792899521023e-19
0,0.047977297695833705
0,3.568739947977629e-07
0,7.297590694341755e-07
0,1.8663082675880574e-21
0,8.44763616961947e-10
0,3.184662393619522e-11
0,2.0687044163660115e-12
0,0.057574909602882945
0,3.240447597925509e-08
0,0.4836964012235119
0,0.3298443668959677
0,2.612371071024823e-19
0,1.1963196485049952e-14
0,0.1376415409902509
0,2.6302683036223817e-10
0,1.5127075330417945e-16
0,5.048310450640406e-05
0,1.0572890807277395e-09
0,0.08046786024356097
0,2.9462020888288606e-08
0,3.539338207873977e-16
0,4.818598203178028e-07
0,0.3171485328517449
1,0.30308323405057197
0,6.939918926107101e-08
0,0.2639460367296972
1,0.5799892549908557
0,3.1037636916071947e-12
0,3.1452272940831873e-09
0,0.018735298357378694
0,0.053885699099850325
0,2.6739164130214344e-10
0,1.260221884741357e-10
0,0.1452822323584573
0,0.0021673578963987625
0,0.37022010161909946
0,0.5060061965541056
1,0.3138235255480339
0,5.2738528086695075e-11
0,0.041498260091798564
0,0.11533602712844122
0,3.9330981845215356e-20
1,0.543964345869068
0,4.497765592421373e-08
1,0.3503063496774842
0,4.1769373062558773e-07
0,1.1426152997723562e-06
0,0.2649455083525966
0,3.146584916796648e-08
0,5.85854682158045e-09
0,0.1412188590434329
0,0.00012586583972373834
0,7.120377196185349e-16
0,0.19666023445138187
0,0.283961916653417
0,4.379281309270833e-11
0,0.2763355010677018
1,0.26833716107045014
0,0.4231000543477767
0,6.7985154772640725e-15
0,0.1653346220346729
0,1.1287756173977746e-06
0,0.024686388955984274
0,5.159093024048461e-05
0,0.08391121234793027
0,1.1082358068832314e-10
0,1.1663849775807944e-12
0,0.016387139491883262
0,1.3647487646119044e-07
0,5.16827255136255e-08
0,0.2540643566505996
0,5.980209780831746e-13
0,6.696721099158405e-07
0,6.592617474879357e-09
0,4.095322529786734e-11
0,1.0504681992174551e-15
0,1.470764219466771e-12
0,1.199812004362371e-13
0,0.23246584915505183
0,0.16554853805557773
0,6.803841405941684e-09
0,4.885486357647094e-11
0,0.019258483602309254
0,1.0530820860820123e-12
0,0.08781248941762664
0,1.317001952238309e-21
0,0.38516267958273953
0,1.6645524385439175e-11
0,2.5294115224856148e-12
0,1.7038435239983955e-05
0,3.266414237370506e-09
0,9.381239880012261e-09
0,3.5435797177868395e-16
0,5.420130380446709e-10
0,2.941953837789377e-06
0,5.822425626891502e-14
0,4.011766877693403e-08
0,2.1644517510513014e-21
0,1.3763311733423514e-12
0,3.0908232131251023e-09
0,3.528608961396357e-10
1,0.2605007741299189
0,2.8065755963625454e-10
0,2.1924995672638795e-13
0,4.48671542283317e-07
0,0.29507181894342793
0,0.2890001147181874
0,5.211396240190797e-09
0,0.2279132716174869
0,7.677548363920712e-18
0,0.004905492849697495
0,9.525546788489317e-23
0,4.1294165749805396e-22
0,1.1759573661294459e-07
0,8.087862431548506e-06
0,9.347425083432555e-17
0,9.301401425656574e-07
0,0.2923912080466427
0,0.120455154772837
0,0.1745798611636536
0,0.1323896694463766
0,3.3912645460087013e-07
0,2.6679922852625413e-13
0,0.3196660039030106
0,1.7167769141927655e-12
1,0.10798282008211382
0,6.438223822274137e-09
1,0.08807969165728691
1,0.1357250083275315
0,0.5111971861317046
0,1.956521353998469e-09
0,9.848855636367566e-10
0,1.255343402569092e-14
0,2.678381976572276e-09
0,3.7875531283635415e-08
0,5.272859781677112e-19
0,0.21154751485488912
1,0.3579469543731413
0,0.0012601911295551567
1,0.14167588369632933
0,1.7263192411478923e-08
0,0.3961803293648094
0,3.5038423261155244e-08
0,1.222580198566268e-11
0,1.1175439207538206e-21
0,8.388645304822833e-10
0,1.4154916647732386e-17
0,0.013522349645565993
0,8.779332096301625e-10
0,4.5110283796591837e-10
0,5.5109075935832395e-11
0,4.867403533605793e-21
0,1.0415698173125462e-12
0,2.614449867050353e-21
0,8.773607109754746e-12
0,0.03584619505410167
0,0.0030627074186437525
0,2.8888423608981466e-20
0,1.4820779634236496e-09
0,1.711179852877235e-15
0,7.120377196185349e-16
0,1.6099663931209078e-09
0,6.901350651657267e-06
0,5.53790527784334e-10
0,0.3621707462605219
0,9.817963953396388e-12
0,0.007675244317840128
0,0.3768882180461325
0,5.817554970900481e-17
0,3.307614021730398e-07
0,1.508479211326399e-10
0,0.016101014514281562
0,6.977311345879846e-10
0,0.016328984678573723
0,5.171621790496586e-16
1,0.6336411921841067
0,1.4478605411902338e-11
1,0.255329141645592
0,2.9429830839565976e-10
0,0.3351410139629093
0,0.34082004097957125
0,8.481103646723251e-19
0,1.354116615497969e-10
0,0.34393834113135907
0,1.5065803128685231e-12
0,0.48305657511580813
1,0.36571736414106165
0,3.08888366765062e-05
0,0.1810163689452034
0,7.180210920508859e-13
0,7.598840662240995e-21
0,0.05017431972898863
1,0.44883571305657616
0,0.2104704854929173
0,0.39215170783459535
0,1.6716825480726644e-08
0,5.99414269498288e-11
1,0.7195405394734495
0,9.676889313364547e-12
0,9.28675310099293e-11
0,0.34362933693484976
0,0.6350427498384797
0,0.35299260949486194
0,2.324505567158593e-12
0,0.08998264560386722
0,6.131482191397751e-09
0,5.053654054732561e-07
0,5.530172291501828e-14
0,1.1908165236878794e-10
0,4.018119665949332e-08
0,4.301246627897126e-11
0,6.849370075175911e-14
0,3.424517629907519e-16
0,4.712762693241251e-14
0,3.106853992858806e-08
0,3.4428393510392685e-10
0,3.1452710494600385e-06
0,8.08939287931057e-07
1,0.649115791969807
0,6.380730190306065e-10
0,0.3427939194035332
0,0.5794778785491733
0,1.2310878134819514e-08
0,0.09553837507829727
0,2.0217667061690693e-07
0,4.55062379124994e-12
0,7.145329338224911e-05
0,0.4297304581959591
0,0.03086311109499829
0,0.3247509410918817
0,3.7134280882411214e-14
0,2.9171543481965557e-08
0,0.0004164406455355478
0,0.1785356855389799
0,7.686618522936438e-08
0,1.5987295097244193e-10
0,0.06489980245525814
0,9.135635649652631e-09
0,1.865911955669841e-13
0,0.4209402421771743
0,0.1341062254375176
0,1.3100360321378642e-14
0,3.51754379052841e-10
0,1.13219446427418e-09
0,0.05143331991059349
0,1.1272253407758666e-09
0,3.901162321980353e-13
1,0.4856250278491181
0,8.900215340832398e-16
0,0.5040476222696124
0,0.4160876198597915
0,0.1680460585253474
0,5.603314866593703e-10
0,0.3067004431435834
1,0.4749248070830915
0,0.2059179453427646
0,0.01488034035147443
0,9.64858112782595e-06
0,0.4130123603963194
0,0.3974740438030268
0,2.7730220646977243e-08
0,6.339121202883915e-08
0,3.970384830208245e-12
0,0.12820482562265
1,0.8224226369810339
0,1.8339683414786005e-09
0,2.7498467880762448e-11
0,0.036346178674437166
0,1.5164529252987574e-19
0,0.11305837509707056
1,0.28080660353932263
0,1.1094085894040988e-11
0,0.567297426076217
0,1.1813653118198221e-07
0,1.5148701937198657e-09
0,0.00010596795489297331
0,0.2210237042109626
0,1.1532202969180073e-22
1,0.4225189860957884
0,0.14321036253165784
0,1.582503921936971e-22
0,4.977448558001963e-11
0,0.24517897628951216
0,0.24712685778692775
0,0.5898808585028528
1,0.5110272025065624
0,2.8770242749230863e-05
1,0.9884331819396174
0,1.3134416880177036e-08
0,0.002102629121849036
0,5.976544779437127e-11
0,5.816483882232223e-20
0,0.5385589704599284
0,1.0389945195491632e-09
0,5.087654088743325e-10
0,4.1126096856966835e-08
0,2.9032683544954016e-05
0,2.421256101495365e-12
1,0.2293968145536678
0,1.568918778386517e-15
0,0.2752685429135544
0,1.3861487417270961e-07
0,0.1542194168100774
0,0.11577540543382611
0,4.527178297351818e-21
0,1.0899393794064072e-10
0,0.08723646421243121
0,6.670485611617336e-09
0,6.055489041442039e-08
0,8.02219279373365e-12
0,1.1053390460004923e-11
0,0.0699683794848331
0,1.0631939557213217e-13
0,5.662033990099705e-19
0,9.56540058413793e-06
0,7.867065852660337e-11
0,0.40361246183867994
0,7.287796155562212e-08
0,4.1075345496616643e-16
0,0.2131308230053808
0,5.560035949897658e-10
0,0.2708031163432092
0,2.46194935212079e-11
0,1.331783627544715e-12
0,0.10037732198684568
0,1.2910142842579903e-11
0,0.6119930570244075
0,1.636386946895753e-20
0,0.000400273608863931
0,4.756084278764112e-12
1,0.2218867707421644
0,5.0208578621581016e-17
0,0.4495143603500751
0,4.5151334884928015e-07
0,0.17132982312870357
0,7.616850431165577e-07
0,5.8754862790918156e-09
0,5.1824061508847393e-17
0,5.950664518837689e-12
0,5.816483882232223e-20
1,0.3908908009282402
1,0.01268386352744091
1,0.45955711528984655
0,0.12504696390533748
0,0.0003408991546639651
0,3.545137908485387e-07
0,0.5083813086181965
0,3.8983289719206446e-08
0,1.4779571923002858e-10
0,5.743207051190022e-07
0,6.071997773810536e-07
0,2.409372660356812e-05
0,1.021423839804313e-12
0,0.04986227628302531
0,0.3604272901856038
0,1.790787047862471e-19
0,3.5973946987613544e-06
0,5.17571879766116e-07
0,2.817612779788459e-17
0,0.19741550950035733
0,0.00025453171200808124
0,0.004064044744181139
1,0.4562051830683176
0,0.22130388535856477
0,0.10581201631345379
0,0.14788761292404234
0,6.699878895900622e-08
0,3.988498626045428e-08
0,0.6993198730008733
0,5.667183414539363e-06
1,0.7938000911935762
0,2.9621157111318675e-10
0,1.6556858882822985e-11
1,0.49148911574059784
0,7.676745285971129e-15
0,0.17018942984524674
0,4.876745975713839e-13
0,2.0006173203215897e-10
0,0.09369587804632384
0,1.224490929771647e-18
0,0.12448263588433629
0,0.16501869574560232
0,3.062292290891762e-09
0,3.9813902397175996e-09
0,0.15353532667211856
0,2.7968908237151905e-13
0,0.050043730630094686
0,1.5485435690236414e-10
0,1.905240665939418e-13
0,6.7288094311462435e-06
0,0.0072533189041901385
0,6.326379463406879e-11
0,1.040643400000911e-16
0,0.3927735392734399
1,0.44135843165502275
0,0.05652467742338599
0,0.3045071047100437
0,7.904054340548188e-09
0,9.589011198849316e-10
0,3.7276431592905305e-22
0,0.39235339332832175
0,7.851399681252016e-10
0,0.25862636101301917
0,2.873870237564066e-11
0,0.0002262131066807789
0,0.003989461365778731
0,6.189563616348945e-11
0,0.43666566494271913
0,0.23349772512890682
0,2.7382786581544026e-11
0,1.686636818461936e-13
1,0.3965851611520268
0,1.2642648528046326e-18
0,3.8648262588989145e-18
0,4.283379013985064e-13
0,8.577792399629035e-10
0,3.5983299714071595e-09
0,0.035643333415932864
0,5.593580584776677e-07
0,1.9977682550752273e-12
0,1.0077702280790586e-05
0,0.049653450434573886
0,7.857585007131756e-09
0,1.8405983407036322e-20
0,4.5989995179748417e-10
0,2.866550809805857e-08
0,0.611129802620966
0,0.21693532384641628
0,1.3551463592950212e-11
0,3.3567326396782133e-14
0,0.09921830976629235
0,2.4102465683715997e-09
0,0.11471823096154349
0,5.4362125346173894e-18
0,0.07741582208790007
0,6.835229234133426e-09
0,0.018178448635295795
0,0.4464119115819342
0,6.359746542116668e-06
0,1.312408590935491e-10
0,8.493271749582943e-07
0,8.882903592350867e-22
0,0.27422061675223663
0,6.593548858109704e-23
0,4.221424995966188e-13
0,9.821072032936862e-08
0,3.267537616933362e-14
0,0.3641930643177675
1,0.4886993901292624
0,4.318084556417626e-09
0,3.244332457270665e-22
0,0.3548457136226653
0,2.1476151126878894e-10
0,1.0815214120748382e-13
0,9.057779998566936e-09
0,2.2106546883921756e-09
0,1.1037742357491977e-11
0,0.10676982160881224
0,0.14571780502766069
0,0.28037666678803236
0,0.47555466611853425
0,1.235914762667679e-05
0,1.490372290766481e-07
1,0.4754584122367629
0,2.0089603623823899e-13
0,5.81480326998058e-05
0,9.36520400834372e-10
0,8.420251474378936e-11
0,1.2596361500732254e-11
0,9.25581745740453e-09
0,1.1376504114908353e-09
0,0.021502398430945615
0,2.749399107140798e-09
0,1.6916278229547432e-14
0,1.3447601299163753e-22
0,0.24107643936746637
0,2.856512278528147e-06
0,0.463698749417461
0,1.7337862565024962e-12
1,0.8443530872492222
0,3.0148881130124232e-09
0,0.25557617489361983
0,2.620319863290092e-13
0,7.380804369211806e-22
0,1.5026015661260268e-05
0,1.6889602076556026e-12
0,0.2153726950020715
0,0.31911620677289454
0,5.0332692894202625e-09
0,1.0340084641398687e-07
1,0.4834721202434565
1,0.4347256338068206
1,0.4319519365446205
0,9.649164569737976e-07
0,1.264320220437989e-10
0,1.5888101131885784e-15
0,3.415526420396375e-07
1,0.1348536876353509
0,1.8906918225848112e-13
0,5.549258647880352e-08
0,2.8065755963625454e-10
1,0.6617061814103371
0,0.27509881628393656
0,4.55688802283038e-07
0,2.982408092211498e-12
0,0.2802517319263815
0,0.06852273299565204
0,1.2483549825804123e-06
0,5.479163951686284e-12
0,0.3004190583440274
0,9.558754134996387e-11
0,5.842153592482771e-14
0,0.009139303028012236
0,1.0962331505371043e-15
0,3.9455606961544696e-15
0,5.3448826628002e-08
1,0.11405388954167431
0,2.739801470123857e-14
0,0.2689194798582819
0,5.3825547438126244e-14
0,2.127179612506563e-16
0,0.006881002073512634
0,1.1673178517365995e-12
0,0.12330487287452123
0,3.922766722867461e-08
0,0.3621049905199347
0,0.09410806958547596
0,1.6285135684971353e-13
0,6.581153116315786e-22
0,3.108945893612087e-05
0,0.11451364131953326
0,0.14853924384426398
0,2.0939704140308884e-12
0,1.0608288322767315e-10
0,0.007183389176986566
0,0.15808613895142204
0,4.48033119188599e-22
0,0.490246669788528
0,0.40247408188552053
0,4.3164317894004654e-05
0,4.4659818344603573e-13
0,1.001950220473918e-13
0,9.135635649652631e-09
1,0.4416775543514014
1,0.7317479019628901
0,1.2993740249963906e-08
0,3.223051467679637e-16
0,1.0539260984355065e-21
0,9.422095846969167e-11
0,6.288583940557778e-05
0,3.2782795338596e-21
0,0.00019645496496012722
0,0.00038749879651159654
0,8.254090883408661e-10
0,2.9780561676827465e-06
0,1.1782942682839804e-18
0,2.9823054592023074e-07
0,7.38881432693221e-12
0,4.633753066577914e-08
0,0.4051282332525326
1,0.1231123612460889
0,2.0997142078221253e-14
0,3.1695740475549133e-11
0,0.18492707730006772
0,5.175025126140339e-06
0,7.609099842150809e-07
0,0.3041466349802148
0,5.816483882232223e-20
0,1.7369658870328408e-07
0,0.1022270660862024
0,2.8256748245688955e-05
0,1.596073417889955e-08
0,0.014661135676487677
0,0.23632689551300937
0,0.27754170661009875
0,5.014434379449742e-11
0,0.0021428054197097945
0,0.004506840751527841
0,2.8298049997416753e-07
0,1.535274816981878e-12
0,0.5421060693877395
1,0.5457471611905006
0,1.883225613751615e-13
0,0.7950389630400838
0,0.6681564953475455
0,0.2099789391380175
1,0.6093216577148883
0,8.90806685372877e-12
0,3.2782795338596e-21
0,5.965608395202319e-12
0,6.331393884223772e-12
0,5.8791747119835975e-12
0,0.0001953170920965596
0,0.0915689102849596
0,0.14267112713249594
0,1.427420579827709e-18
0,9.920722253847213e-11
0,1.3160500475382162e-05
0,1.0085920659080232e-10
1,0.5639273534413553
0,5.083540563770583e-14
1,0.17826474783222626
0,0.053623211418553335
0,0.029659637820031004
0,4.633640631557029e-22
0,0.2129253351467944
0,1.8297120770368687e-13
0,4.973541423405278e-10
0,2.9709961364079194e-11
0,0.4511382627892681
0,7.805360411477634e-10
0,7.120377196185349e-16
0,1.0479929645400773e-07
0,1.0231347868612226e-13
0,0.47597196314437534
1,0.1268373623098226
0,0.4020838893887187
0,0.4091617338703109
0,2.924507045997526e-10
0,0.0005378218185749428
0,1.1458780618470124e-10
0,0.3033700748615854
0,4.4181101171527413e-13
0,9.788714137237409e-09
0,6.723310059145554e-07
0,2.7968908237151905e-13
0,0.315068682786514
0,1.7621491664627452e-13
0,0.002924581080719263
0,1.078522159820901e-05
0,0.22503140463047686
0,0.3014486915333356
0,0.16532186579196226
0,6.562995495576115e-10
0,1.9381193234020603e-14
0,0.06463982614070721
0,0.43580721362148184
0,1.580692714380896e-07
1,0.34072805279575596
0,1.6093081737281817e-11
0,6.329692399181943e-10
0,0.00947743640087339
0,0.1563345203927357
1,0.5091573082780954
0,1.5330206558962897e-16
1,0.26174620900707896
0,2.4880225518535444e-20
0,0.06035310312666554
0,7.001908841917989e-12
0,8.251561293265833e-06
0,6.314904446698503e-08
0,9.69751694827336e-16
0,3.304418741382715e-11
1,0.3977791076221901
0,4.42690005122555e-07
0,5.816483882232223e-20
0,7.003539190097622e-18
0,1.8411620360823658e-21
0,1.9195044989787264e-10
0,0.15158156414732524
0,0.4057736424453111
0,1.9348123933217795e-09
1,0.5552508329423519
0,5.36586057188839e-07
0,3.5432876234393236e-16
0,6.686384631431647e-07
0,1.5501304107225893e-08
0,3.8325412849185035e-12
0,4.473722998568087e-10
0,3.0218363990039953e-12
0,2.4600090064580397e-13
0,3.151427081903542e-05
0,3.23913854932204e-07
0,2.6984633110133973e-19
0,4.149197982194039e-16
0,9.135635649652631e-09
0,2.1589893617944486e-06
1,0.6752395045828594
0,2.536377899895631e-13
0,5.0773875220507756e-20
0,5.98091178699402e-10
0,0.21973001680876653
0,0.42147268484250827
0,2.1563586373108448e-14
0,6.447053456694686e-21
1,0.7848768072703421
0,8.725648114461828e-13
0,1.568918778386517e-15
0,6.542624528488108e-08
0,5.708109717457995e-11
1,0.4049205590369936
0,0.065359279898508
0,1.240837318882397e-10
0,0.052324217078181134
0,0.023274859325582355
0,0.11504498058209169
0,1.1283664510129666e-16
1,0.3726718036756224
0,0.08770696050671829
0,0.004190562180485666
0,0.279549736387217
0,1.2220163188379273e-12
0,4.502474850829849e-16
0,0.30851152553620026
0,1.6624099953778974e-10
0,1.024182554005994e-14
0,1.2575309795215074e-08
0,1.568918778386517e-15
0,1.0548385629733715e-16
0,5.708109717458015e-11
1,0.0835443035462601
0,1.2204799502914713e-11
0,1.587878771197781e-07
0,1.5707776509472775e-10
0,1.936481238595768e-16
0,6.8612290189359406e-06
0,3.2170147255701927e-09
0,8.779686438516744e-13
0,0.41500422190402875
0,4.529327840321827e-11
0,4.783390811512741e-09
0,4.0903773743301883e-23
0,2.6728964250965803e-20
0,2.1866771306702854e-05
0,6.614107698316449e-16
0,1.1289375024615328e-09
0,2.876130368440535e-22
0,8.56090823722681e-15
0,3.3029249840382966e-10
1,0.6435186431513916
0,3.969934309036534e-16
0,2.5409655821337487e-11
0,4.214951804033936e-06
0,2.7401334110647935e-24
0,0.27333243321771566
0,6.946642208075796e-10
0,2.1589893617944486e-06
0,0.22272875144248458
0,5.4913322088153565e-08
0,1.1877880320658643e-06
1,0.24530325065719072
0,8.057358514841019e-12
1,0.21169148342767277
0,4.690247317541554e-13
0,1.6525166740806144e-09
0,0.1413423009929952
0,3.0193732624519465e-07
0,0.015492930807517286
0,0.6209850992993435
0,4.64366545464388e-07
0,1.1356221541163183e-13
0,0.13817228220650993
0,1.5971686121636886e-15
0,0.43551224372140074
0,1.1068514315496462e-11
0,5.068558005028359e-06
0,0.0006242800715754973
0,2.678019779600881e-14
0,2.036396207848283e-13
0,1.6320741529083177e-12
0,0.14365938025081124
1,0.4624943580793745
0,1.1057529995984493e-11
0,1.5971686121636886e-15
0,1.2549243023805032e-07
0,0.07199877175420258
0,1.2856597887902392e-06
1,0.4789716763429531
0,0.16261840941803218
0,3.411014927594197e-08
0,0.32726977520957146
0,1.3213077822149202e-07
0,0.10874975814836672
0,9.033014215601999e-13
0,9.361503301183326e-07
1,0.4018968631812922
0,1.612837926595164e-13
0,0.35820235685467117
0,1.873753963156243e-07
0,2.8700811068893143e-12
0,3.395847171699094e-06
0,0.37307069474338445
0,3.7513203566988836e-07
0,1.268659353310816e-08
0,0.0007620653148105194
0,6.817818827184264e-05
0,0.5122387673872368
0,5.549757043578475e-06
0,1.0603775390081372e-11
0,0.3520434934910433
0,2.4422271292979848e-08
0,9.996996726425988e-13
0,2.1644517510513014e-21
0,0.00010462577320042978
0,0.14568262516797284
0,3.7988227244599723e-10
0,1.2081137863795555e-22
1,0.3680983681327942
0,1.1198134813770634e-07
1,0.03311763671682857
0,1.1482393104340382e-08
1,0.26279030691566996
0,5.724048602151638e-22
0,2.7289646843448983e-08
0,9.058788295527688e-09
0,0.1679391999948185
0,1.2375934846407094e-06
0,8.714170554013507e-08
0,0.027212162975953986
1,0.40079219063595084
0,0.27699415826074436
1,0.3198306824002463
0,1.4208494310629688e-21
0,4.1000098508409065e-05
0,7.521151261693117e-05
0,3.1952248132618753e-09
0,7.04839561741744e-05
0,2.107973897285868e-06
0,8.320972778544281e-06
1,0.5167762523989563
0,6.992532309677203e-14
0,1.8596838967414674e-11
0,8.304270393681082e-18
1,0.3309295829690133
0,1.559810579313763e-09
0,0.032021269163260244
1,0.24404695951629163
0,0.47568580585686143
0,9.403642495564094e-14
0,3.54472095700365e-21
0,4.139949670563323e-08
0,0.1948913017353459
0,0.49380304090831545
0,9.475473971341273e-07
0,7.738449706480883e-11
0,2.9925909854879814e-08
0,9.612485819168767e-11
1,0.04159301234054922
0,3.7187519294547976e-08
0,1.479642296009173e-10
0,2.3748966859508997e-22
0,2.8104233362549873e-19
0,2.9724025531040013e-14
0,1.6921435424424143e-19
0,5.521138857004923e-07
0,0.0031093599811097632
0,6.961710067983461e-06
0,0.3220689860047753
1,0.4797972299055078
0,0.026283989656606013
0,1.4738275091537971e-08
0,4.484406519190531e-07
1,0.9982214346126749
0,3.4037615610984453e-06
0,1.1215056880203205e-05
0,0.2838267221575909
0,3.930721036102991e-06
0,8.537897558727236e-08
0,0.23065405578454398
0,5.362863820644727e-12
0,0.3953064998296684
0,9.224459342151502e-09
0,4.3739243907082314e-12
0,0.10669596974437187
0,1.5342002994560793e-05
0,1.7155027087769717e-13
0,0.3148727061875029
0,0.39486931612778964
0,4.254929389336648e-21
0,4.827687178965327e-13
0,4.4585282206654363e-13
0,1.568918778386517e-15
0,1.8470678033112804e-12
1,0.5614305868493713
0,2.2278499851006336e-13
1,0.5568751368875945
0,0.16944800927154804
1,0.393568208237716
0,1.7680931274984127e-08
0,0.2002202875676108
0,1.638663806276345e-08
0,0.18812107387398547
0,1.4984387201505981e-10
0,0.03537346491747995
0,1.918718573576478e-05
0,7.466062032429273e-15
0,0.22311258499339923
0,5.708109717458015e-11
0,2.545871894690059e-22
0,1.3747336347196314e-15
0,2.626251589835234e-09
0,0.00014048697396398468
0,1.2276075929433108e-10
1,0.2969131423925291
0,0.31681034790040735
0,6.873843141229089e-22
0,0.2500646586464832
0,1.7707482420534026e-09
0,3.5584056541640045e-12
0,0.14944403495210865
0,1.6667454211136625e-12
0,0.44431993399716957
0,0.06115019761114422
1,0.31641539034281235
0,4.368274686772444e-10
0,0.44384479458018405
0,3.2032505113175236e-11
0,2.0974625886253026e-16
0,1.96290059638562e-11
0,1.0110647858386522e-06
0,5.075960298528753e-09
0,0.03788307854219034
0,0.27897322542925934
0,0.06343494497469937
0,4.87058766766022e-12
0,2.5960121076083078e-08
0,1.6398360335622414e-08
1,0.6762548175549015
0,0.028319067700395044
0,0.10873768392088143
0,0.5511797626997761
0,9.896320742293398e-16
0,0.1290493214689691
0,0.07492924667246569
0,0.0220089160705105
0,6.601223310820193e-12
0,0.023843023489596646
0,3.3004802693696185e-10
0,0.2827913821796747
0,0.12907688559937422
0,0.35300095867670817
1,0.29585151639410007
0,6.721542892902261e-19
0,2.2712151544513757e-14
0,3.475379845540032e-19
0,0.537064168493192
0,2.763055890337237e-13
0,0.33681941671139587
0,4.1427753174134535e-11
0,5.957115337434372e-13
0,0.0015449781932329368
0,0.1452276170821577
0,1.7664892278655972e-13
0,0.5332842965492852
1,0.17820751738009466
0,1.568918778386517e-15
0,4.0756750869831e-15
0,2.714742700984698e-09
0,0.05710995007480034
0,1.6114838431994435e-06
0,0.1545199470923349
1,0.7373727755060125
0,1.1719905931042802e-16
0,3.043404993714627e-06
0,9.410015709594562e-12
0,2.7492352293384715e-11
0,0.3108081692096653
0,0.1723600872017875
0,3.963314865904628e-08
1,0.49006704319781114
0,8.56090823722681e-15
0,5.061785185167603e-09
0,0.28436549146879847
0,7.909027191417473e-13
0,9.674424743495146e-09
1,0.5255509821584504
0,1.7188080910472642e-06
0,3.552955977478922e-16
0,1.3173170263469794e-07
0,0.11977331675410804
1,0.1395774975560685
0,0.14131852209372944
0,8.324291341424207e-08
0,0.0010182006688127664
0,3.2566043904228797e-21
0,0.06525682410200656
0,3.909631843265846e-11
0,7.082413634324917e-22
0,0.492801482533065
0,7.863698595753881e-15
0,3.542200548251467e-16
0,9.04922999975528e-10
0,3.044222441016416e-05
0,4.313059580540305e-06
0,3.131677346974535e-06
0,0.6104296338278075
0,2.0217667061690693e-07
0,7.571956670648729e-14
0,4.3717430416187034e-11
0,1.1469948647994263e-09
0,0.03256348169943249
0,0.25959107660563296
0,1.7723507370410476e-10
1,0.46397729379143876
0,0.3936658121658901
0,2.0091234302344448e-06
0,2.7968908237151905e-13
0,1.746711492285127e-20
0,1.4581343359842457e-09
0,4.1719941597378333e-10
0,1.4821307579256173e-07
0,6.42000110961085e-05
0,1.066489324219188e-07
0,6.002212746554943e-09
0,6.567672467718713e-09
0,1.1125904480119758e-13
0,3.132555518974164e-14
1,0.47729117374817426
0,6.113540022643462e-08
0,6.992654655032585e-09
0,5.8611516216216236e-05
0,2.7968908237151905e-13
0,0.0656934313706042
0,3.267344995895554e-07
0,1.7047420568850084e-08
0,8.370572248580362e-15
0,1.1300128821354935e-15
0,0.4605180421939487
0,0.4426441167513306
0,0.36969535695482786
0,7.784509299314132e-10
0,1.7422010129358195e-09
0,2.6657456347520457e-05
1,0.5038074684351268
0,1.0904538495981001e-13
0,0.15252243759506956
0,3.014399090683531e-11
0,0.05682418663000874
0,5.70308348801608e-14
0,3.772957243314655e-12
0,0.42908801351771325
0,1.2738921349489188e-15
0,0.3755938337151816
0,3.7785465142765562e-22
1,0.3738437345767196
0,0.354550060724515
0,0.5321054853633843
0,1.3164935422527448e-06
1,0.5293034231546929
1,0.39610886595668005
0,4.80033781626838e-14
0,0.53401745824347
0,3.4474202983363045e-08
0,1.3407165573557844e-22
0,3.6785731295315206e-10
1,0.33640713752589224
0,0.6676582019218821
0,0.13835870904688122
0,8.604254724406525e-15
0,0.0003887986658997527
0,0.2057757926055717
0,5.756695967979245e-08
0,6.595177675618643e-21
0,1.6699200743395287e-13
0,3.260750355094686e-05
0,4.564809522384226e-13
0,0.013630108939883352
0,2.059729809799481e-11
0,1.4524338362660296e-09
1,0.7848620970483663
0,7.308829656219744e-15
0,0.14502355047647392
0,0.3788665837763729
1,0.5185911269886194
0,0.5342055752995089
0,3.630550543431851e-14
1,0.4317334778944563
0,0.08959667562586422
0,2.7495732059243983e-08
0,1.8719748757934105e-15
0,0.26861879438754804
0,5.642266439358676e-19
0,4.874165280718004e-05
0,1.3405911505065306e-07
0,0.02631700304832691
0,7.120377196185349e-16
0,0.2625197285085552
0,4.930942816244994e-12
0,4.473251297116329e-08
0,6.551337637834316e-15
0,5.040309348028292e-21
0,5.157210704665754e-16
0,0.642120029176331
0,0.26651313497044843
0,3.211083713920281e-10
0,1.033519612460629e-06
0,2.536194945451313e-07
0,0.2044760995540466
0,1.982764816962781e-17
0,0.444903163745024
0,3.1913596491828866e-11
0,2.2777528787406117e-09
0,2.451996370692592e-11
1,0.20382337625783953
0,0.19130955183474532
0,0.5013084807490326
0,2.5636897222155997e-05
0,0.09827893458950898
0,0.17368297590630719
1,0.38395915806554576
0,0.4585393280882841
0,0.20865633719732202
0,0.617060634220024
0,5.12049915003652e-09
0,0.035892760279015876
0,1.8905263469178102e-09
1,0.7495659898508226
0,6.032849570873078e-11
0,0.22976459571330624
0,6.356767986805612e-15
0,3.38740937833764e-06
0,0.18881241974463706
0,6.696686961229677e-13
0,1.1039127205409452e-05
0,6.23950580379182e-22
1,0.6192970134235537
1,0.6002286310950804
1,0.5183215226458259
0,0.3176610820346939
0,0.23951700168411544
0,2.238916834327721e-08
0,0.18608972575910832
0,7.754847407948234e-10
1,0.35106644524506986
0,0.15762363314553648
0,5.866107878977691e-10
0,0.0031276331064339826
0,0.21471327004511617
0,4.642267781812417e-13
1,0.620376890752805
0,1.38748578547647e-12
0,3.1589354538790775e-08
0,3.477911297621685e-12
0,3.3187097505642074e-21
0,0.0005597334931907317
0,0.2583695148020669
0,2.581144262593246e-13
0,1.6183282324766657e-12
0,0.0015829605042715152
0,2.871301256148807e-13
1,0.381014174755433
0,0.39161749839164944
0,4.002223787329382e-22
0,0.00038674882723071824
0,1.0474302956626062e-08
0,3.068737880005931e-08
0,4.3556954152095345e-13
0,0.6925612808214359
0,3.733824835298325e-13
0,8.010796550519517e-22
0,1.3874857854764749e-12
0,3.7531596854290025e-07
0,0.18114623917508382
0,0.23318941957845474
0,7.577358987538104e-10
0,0.1851745718492195
0,4.626748215924921e-05
0,0.0005834115999300985
0,1.0532293595915051e-12
0,1.2891283083142445e-14
1,0.7331023658080277
0,0.6782993148267211
0,3.2051557820698014e-05
0,1.6734342644187363e-13
0,1.6881465252977037e-05
0,7.099658237466073e-10
0,1.4870507648595238e-15
0,0.1787078894896249
0,1.632739596501893e-11
0,4.5625318853166686e-11
0,3.004697015587547e-06
0,2.3072167571164805e-05
1,0.19860517940118405
0,0.004508538429269283
0,4.2457198304811105e-12
0,1.6153765040958756e-13
1,0.27959886320116045
0,0.06041123312611043
1,0.35846090807863923
0,1.743904093535055e-18
0,3.732126333973622e-21
0,1.8350237849477853e-08
1,0.8719212842301072
1,0.19887819601472212
0,7.268943189284249e-11
0,9.363796022408649e-13
0,2.619702706883269e-13
0,6.07539916120183e-08
0,9.977107275546619e-09
0,0.0027413851112327594
0,0.3797264366552457
0,1.0763589072033198e-21
0,5.045950446018955e-08
0,0.2235385044131166
0,7.217540095444823e-08
0,3.1651237556706763e-10
0,3.5555344958662964e-16
0,1.6727087932119823e-21
0,3.5845497291370994e-13
0,1.796073798005718e-07
0,1.0049466564774155e-13
0,0.1477268541139171
0,3.0311332673660805e-22
0,0.4752183467498561
0,6.044396595209408e-08
0,7.843980425489993e-14
0,2.0165391508795007e-12
0,7.921175519450583e-09
0,3.849986521631015e-12
0,2.5251955109517674e-13
0,2.517927950396773e-13
0,1.040791137113515e-12
0,3.2660557140709043e-06
0,3.803355153304749e-08
0,0.44175513067624156
0,3.5681686599885103e-19
0,0.1878878029848753
0,4.5269466598608456e-10
0,6.535488811105308e-09
0,6.972936998474495e-10
0,7.003539190097622e-18
1,0.6874330014775633
0,0.32147734553123136
0,0.31216859918021833
0,0.25969737034169815
0,2.7716867996511707e-10
1,0.28176925116360146
0,0.2334713132056581
0,0.43827977724666284
0,5.4640813722200755e-08
0,1.128267979055021e-15
0,2.3450184744596255e-07
0,5.934738594682884e-12
0,0.32898565345215414
1,0.36242248600559657
0,1.5971686121636886e-15
0,7.003539190097622e-18
0,1.2328129842428847e-10
0,1.4368679791544105e-13
0,6.873843141229089e-22
0,0.4128680228646572
0,3.371644240873658e-22
1,0.7045591567025403
0,1.1683557751492612e-14
0,2.6984633110133973e-19
0,6.305069332371436e-07
1,0.5743440586429363
0,1.098493839954477e-09
0,2.6271113931118833e-10
0,3.621628548027161e-16
0,6.420001109610873e-05
0,1.238139422011614e-15
1,0.45611101596475745
0,1.9050105862914665e-08
0,3.2906511979387296e-10
0,4.37105012324922e-15
0,1.0150932598412063e-21
0,7.953212962144903e-09
0,8.272898072064787e-09
0,8.372877064267083e-12
0,6.344979258625543e-07
0,5.690911240387553e-20
0,0.00016482169839529797
0,1.5355836692940593e-15
0,2.7968908237151905e-13
1,0.36049486759449184
0,3.483567298431687e-18
0,9.029865401173831e-09
0,6.668848451226316e-11
0,3.799153536781079e-12
0,2.995506443427046e-08
0,2.038065351219181e-19
1,0.6468000095238865
0,0.15762774057280396
1,0.7215393013131121
0,2.7584861696306647e-11
0,9.183535397247983e-12
0,2.190794609679286e-12
0,6.720961843280672e-06
0,1.6697496729668244e-08
0,7.255164344065097e-22
0,5.225808537541668e-11
0,4.626110645282605e-16
0,5.87421981422082e-13
1,0.785147157262073
1,0.3147653239858511
0,2.988998571505469e-11
0,1.1181410311403573e-15
1,0.33939890330107014
0,2.2693398033121514e-09
0,5.40998587393572e-10
0,5.1826700616354936e-11
0,0.41065789553418
0,0.0048557245793593405
0,0.3522715312026252
0,0.20389795888347167
0,9.355651067814387e-07
0,3.211855315798804e-12
0,1.4126124443218682e-09
0,4.882833644334159e-19
0,5.659969040929961e-23
1,0.21196962169702271
0,0.009977032476395083
0,9.054812756310359e-07
0,1.3262618453033593e-08
0,0.3873016066749864
0,1.520684252332241e-12
0,1.8734470487110877e-05
0,6.865731299355261e-19
0,1.2065399488453249e-11
0,0.020474265981279008
0,1.9454124173694238e-14
0,9.448361822102414e-06
0,0.28474225489873217
0,0.33157430271386645
0,1.4193201013707025e-07
0,1.2319438672523345e-06
0,0.4301085881585185
0,1.1289924441129544e-12
0,0.06152165793959791
1,0.6315337750713915
0,0.07008182034989129
0,0.17540355235952498
0,0.41157155983308197
0,0.19913182237622576
0,2.5445567667573044e-10
0,3.546730292888473e-11
0,5.054615311303244e-10
0,0.014986602824694462
0,8.505687053400712e-07
1,0.49336229115665836
0,6.414391013793653e-11
0,5.528573861532633e-07
1,0.4626467417314634
0,8.466653804406585e-06
0,0.18495867822340098
0,0.49847021699384064
1,0.00934816643216959
1,0.1651549566594928
0,1.383265618851307e-08
0,0.3705919937533906
0,4.101585603087813e-16
0,0.20019712705893214
0,1.667740843291099e-07
0,0.45154502494699533
0,4.342929978939994e-08
0,0.1408223949064747
0,1.0753908112020488e-12
0,4.928421200313182e-05
0,0.2411569395909892
0,2.2739934415861283e-11
0,1.0614933369950808e-10
0,5.321709737279102e-22
0,5.921525678918814e-08
0,0.2814105731265178
0,0.06305178009978336
1,0.4066735179095251
0,4.034751589601036e-08
0,1.7207704738292109e-12
0,4.879089799016909e-08
0,3.2089743097986035e-05
0,2.7738267488886565e-10
0,0.2706073328619364
0,2.1426183203842896e-21
0,1.3100800841641331e-08
0,6.437807456685537e-17
0,0.048307553212971296
0,3.784477229782805e-08
0,2.1878057540550106e-09
0,1.573488159044701e-13
0,2.351156329642685e-09
1,0.5799418352433137
0,1.3697569505316535e-09
0,0.3434874171560532
0,2.69666954668449e-08
0,4.318047223158577e-09
1,0.5274007027341364
0,1.2840791061739017e-21
0,0.5805073842038746
0,0.1349784336349759
0,0.19590477385711644
0,0.007641209209501414
0,8.697353215660692e-08
0,6.591344350550694e-14
0,1.965615989536872e-08
1,0.850075075450961
0,1.408960167429352e-10
0,9.73891496649456e-06
0,2.260505990988955e-21
0,0.5949723008796958
0,1.5601322907378093e-10
0,1.7057525604199345e-12
0,4.3837414988801624e-13
0,1.1673623134284553e-11
0,0.24892342171566098
0,0.0011775667381968813
0,3.585812663552809e-15
0,0.020121252287467226
0,7.618316278947099e-10
0,1.785619169779625e-08
0,4.832800203118107e-12
0,5.157364101760433e-07
0,3.212326653574184e-13
0,0.37019556851499524
0,7.305926514950997e-22
0,3.1743787039374257e-06
0,6.961157278452085e-09
0,6.636326875358176e-08
0,1.94170267481047e-12
0,2.5881453806029186e-13
0,5.209783479473846e-13
0,3.298453716378674e-05
0,0.12784114324476065
0,3.8122969722823736e-07
0,1.626869487550781e-05
0,0.28127865131947916
0,0.00015130499988846142
0,0.6108953306085827
0,1.632193052812824e-08
0,3.755994936830391e-07
0,1.6429391556102706e-20
0,5.677007081580147e-16
0,3.772255718098011e-09
0,9.923444946164417e-08
0,2.410829111882886e-19
0,1.4697371282572252e-07
1,0.29679690333225645
0,1.442716184496691e-08
0,3.0926625072698183e-08
0,2.9894314907778698e-12
0,0.4513080606684064
0,0.1466314519157467
0,5.351759343024719e-10
0,1.6832164143434932e-08
0,3.1600723484672867e-22
0,1.4340278479175839e-06
0,0.5951560238365119
1,0.5392872148230784
0,8.803823514081903e-07
0,1.5702763740859479e-06
0,0.26161161414076867
0,2.404938520244729e-07
0,0.41014897604485273
0,0.22289705707753948
0,0.3167355036932443
0,1.866802702940187e-12
1,0.3356489516457052
0,0.1559557604621281
0,1.84618583575927e-11
0,3.827436588039062e-11
0,1.0275590596524358e-07
0,2.6296674639996974e-05
0,4.534447671334941e-07
0,0.01792690665126641
0,3.108643969397537e-07
0,2.6910465457981785e-11
1,0.3410736238471135
0,1.2176575045242827e-10
0,1.1600467662521697e-21
0,0.10142940645143655
0,2.5159866073917177e-09
0,0.00025603700153523036
0,2.2893954244826477e-11
1,0.39939586551271183
0,1.172412011365361e-13
0,0.0013958831133405495
0,7.066565796064494e-09
0,1.0355211254632342e-07
1,0.3012168311605223
0,1.1581980247485009e-09
0,0.443912677607873
0,0.4485408993801508
0,0.4554617763881188
0,0.005057008153538712
1,0.34513281852225813
1,0.2742189068124436
0,0.15463103148022733
0,1.2000762106152913e-14
1,0.5481805726483858
0,0.0008776359317711699
0,2.037178254089162e-08
0,1.1319908130564671e-10
0,1.439013001464743e-07
0,3.417380177634191e-09
0,0.10116400144306502
0,4.7859169857765055e-12
0,3.6727199240913904e-16
0,0.22303314776059635
0,0.1429176671506409
0,6.7766536942713845e-18
0,0.002099983610073256
1,0.6101202836539664
0,2.3670278735933756e-08
0,0.11405827535055557
0,2.296550501027687e-06
0,0.11258112521516794
0,6.459644307445919e-11
0,2.1016225251228952e-12
0,1.568918778386517e-15
0,0.08930728405354275
0,7.571673215416785e-10
0,0.5326185943097772
1,0.2614545737966669
0,4.599306365746147e-19
0,0.038116147834714745
0,1.488763369792476e-12
0,1.3206227029998668e-10
0,0.05753891844412594
0,2.83351688179639e-09
0,5.154134536791578e-11
0,0.31950138573598214
0,0.0803133556919781
0,7.530122787864115e-15
0,4.6856971599040174e-07
0,0.32239601705003124
0,4.304059351784615e-08
0,5.483326701218538e-09
0,0.2065389741081387
0,1.783464496413532e-05
0,0.2180070190717892
0,0.19773048313192845
0,3.0027198480263093e-06
0,7.505090534520971e-20
0,0.01491436323646415
0,0.00035083746838726013
0,6.2902286310614e-06
0,0.22758604948930256
0,2.1266392001954372e-11
0,1.554596988630131e-10
0,5.034930682439293e-09
0,0.4170786552821589
0,1.9953954306963995e-13
0,8.374139343818149e-12
1,0.3078294495182387
0,7.953212962144903e-09
0,1.5077748046979763e-08
0,0.10868853732618049
0,1.3428719950722144e-05
1,0.23350349667565706
0,7.166165091125887e-16
0,0.0007100929984381392
0,3.541679303635445e-16
1,0.43910065573942186
0,4.033089176536339e-24
0,0.30130102070573844
0,0.5088469533128792
0,8.191746828412631e-13
0,5.31689268742211e-23
0,0.03193434754124668
0,1.6697496729668244e-08
0,0.32981319995856906
0,5.3752247146073115e-08
0,2.357251271887085e-06
0,4.6688062216223836e-05
0,1.1067242166044526e-11
1,0.18133809532207834
0,1.3426250088751603e-06
0,2.429368093270123e-17
0,0.1878287657142793
0,2.0369619915518806e-13
1,0.2675803796042349
1,0.2538366879828652
0,8.298827287884967e-11
0,1.7923362332822458e-10
0,7.76664944499876e-06
0,0.00012024521811525684
0,1.960071077453431e-18
0,4.8429886884472314e-08
0,0.2158065520331392
0,0.05978444868676572
0,1.900416646684213e-19
0,6.865731299355261e-19
0,5.916018462802603e-05
1,0.48095563623686916
0,0.18752345689350977
0,6.225155501905466e-12
0,0.28798213433609166
0,1.7277182464125942e-11
0,7.136578278823052e-07
0,4.19743531576674e-19
0,0.04363277237479073
0,5.869128548415028e-09
1,0.3263593678636353
0,2.06629774979503e-12
0,9.728662217249948e-11
0,0.22582445886192132
0,2.8264537742289573e-11
0,0.24812291792952923
0,0.104934794780871
0,0.2792517386135811
0,1.1073284392303338e-08
0,4.4173464122095974e-20
0,2.3587349250114848e-05
0,0.004436619149974549
0,1.538622117835734e-05
0,5.094608300181542e-07
0,8.900215340832398e-16
0,1.1083105886739615e-10
1,0.8001027316933125
0,1.0691785847864401e-11
1,0.41876339923576883
1,0.600122520837063
0,0.22647778276116884
0,0.4510678190362161
0,5.4062881767112646e-05
0,1.736013749846606e-12
0,0.14464898543768465
0,0.5687700621389756
0,3.301261141523495e-10
0,2.5838569768596225e-12
0,6.689265125514681e-05
0,2.021766706169073e-07
0,0.14555885175490513
0,3.553265401454317e-10
0,0.6223112743095425
0,0.0027079020570737306
1,0.15067417223529037
0,1.5223076712491347e-08
0,0.23603320053389662
0,3.43119991862032e-11
0,0.00025659185775601305
0,1.6109918871328179e-10
1,0.357856227560353
0,2.115321204919184e-08
0,0.0033484271291541515
1,0.20798999493060183
0,6.824692880952552e-14
1,0.7020067056787368
0,0.6275268822799539
0,4.752697940931897e-07
0,1.3122747735158022e-05
0,2.8197420100416974e-11
1,0.6604827123594986
0,5.453797503225278e-06
0,2.8555840296981296e-21
0,2.045490963669729e-08
0,0.06921271600786172
1,0.6868278553974231
0,1.0942210199437751e-11
0,4.963206786887662e-09
0,0.25345781445016496
0,2.9353721680311864e-09
0,7.292562675516203e-21
0,1.253270380063635e-13
0,0.42439956251608196
0,2.0324039534810953e-06
0,1.1622042065713033e-06
0,1.2892694552125854e-09
0,0.0020843185769820515
0,1.4356966905925547e-06
0,4.4218829144419594e-09
0,1.0770276909276765e-22
0,7.819406195683072e-15
0,1.5971686121636886e-15
0,1.1823238876706593e-12
0,0.24890293193313545
0,4.650494016091887e-12
0,0.7172220389162339
0,0.11175606426412849
0,1.608497103938346e-06
0,3.2782795338596e-21
0,7.953212962144903e-09
0,1.5496206555744587e-20
0,5.758239567826375e-12
0,0.005047847089841831
0,2.8264623234857266e-06
0,1.1994219912006774e-14
0,0.050653972572630705
0,0.0091839950539425
0,5.189804563259669e-10
0,1.4791582908471342e-14
0,5.852245383966271e-08
0,1.909485704869845e-05
0,0.40332530928493876
0,0.4747623388341462
0,4.9859537248314844e-21
0,0.40982988972453827
1,0.07157282891531189
0,0.4276566047133699
0,0.09865111568869891
0,0.4088602897609596
0,0.004824296110127032
0,6.466711210892285e-09
0,3.3663464830668078e-09
1,0.5848756755770256
0,2.630635536244075e-06
0,2.1349434791277724e-07
0,3.059535394475277e-06
0,0.1939104510159135
0,0.00011904225016652496
0,0.5821590524446429
0,0.11106740358596759
0,4.173686970538071e-13
1,0.7081636748554816
0,2.369150832334476e-06
0,1.1946353877221407e-15
0,8.056203810823311e-10
0,0.18642194288051533
0,1.623420793085744e-07
0,2.636417739379958e-11
0,2.067686349103808e-14
0,0.011216838477184247
0,1.0797475715450341e-12
0,5.999321131756984e-08
1,0.3329776291394834
0,3.985532324756772e-09
0,1.3666762544131736e-08
0,7.991552306899437e-06
0,1.025521167804658e-10
0,1.6092392999897978e-08
0,2.4981350198789673e-07
0,0.48021401850434836
0,1.876771504616977e-09
0,0.23589517250611253
0,0.17790435970070292
0,0.23395564859845172
1,0.5052401115038084
0,0.00011182574357536382
0,4.6268943130920466e-05
0,0.1199758622593678
0,4.9280246913380075e-12
0,1.0186740879252908e-07
0,1.661262965009566e-07
0,1.0010451251043685e-15
0,3.940683977769232e-19
1,0.4708366569860048
0,5.521291613594658e-10
0,1.5593544193230216e-12
0,1.5984875361784908e-08
0,0.0016435507447435896
0,1.1286842135512187e-14
0,0.11268275387296402
0,2.5350969126999482e-20
0,3.2915847956347706e-18
0,2.1644517510513014e-21
0,0.00016301681890191133
0,3.525459612592818e-05
0,0.052114484164294414
0,1.1300545100598948e-07
0,0.08665197233297671
0,0.05593688914388366
0,1.0469916826280074e-10
0,2.0694353466782095e-21
0,0.2542874279804183
1,0.5775695312096606
0,4.30061724151595e-14
0,0.0381425967256491
0,4.9527842071533766e-12
0,5.045194953004928e-12
0,3.678118307561698e-22
1,0.6840560481279541
1,0.635309344779694
0,6.748735147558553e-12
0,0.2687872395529047
0,0.00020806884485015669
1,0.47198698627836044
0,3.45436590777441e-07
0,2.545871894690059e-22
0,0.04669630401131486
0,6.88438244038793e-13
0,6.496951051829347e-17
1,0.11820727480512001
0,0.382613868497416
0,0.04522949693428317
0,6.50975060614016e-12
0,3.258108129254908e-18
0,7.558300390253266e-22
0,0.20073959628388377
0,0.17262212435818428
0,4.71575514167909e-16
0,5.086274851004339e-08
0,3.735760789318409e-14
0,0.15248069915008797
0,2.04199718345335e-12
0,7.170339774740664e-12
0,5.355010401320027e-17
0,1.121325291219817e-09
0,6.507073134159921e-08
1,0.7218831496269522
0,3.0901183320062645e-11
1,0.8077353253224897
0,1.8001031357282914e-09
0,0.04974047182635001
0,5.40956843743616e-12
0,1.0690715563157379e-13
0,0.29464334089717015
0,0.306295986727848
0,0.3926480976205163
0,0.0003688024670405217
0,1.4085368108669432e-21
0,2.2220720826691185e-07
0,1.4241322686361403e-10
0,3.068923111458684e-19
0,0.07119534083015824
0,7.757971975874365e-10
0,3.054010022756055e-10
0,0.004189405174592322
0,1.3279463165201594e-06
0,3.5563882804494557e-16
0,0.10497455176383319
0,6.94565350938829e-09
0,6.917005962554335e-13
0,0.08187649467327111
0,6.817993929077535e-10
0,3.0397995145216806e-14
0,0.16386993879515932
0,3.589529905148312e-06
0,4.33829162061938e-14
0,0.2905355413990381
0,1.6153765040958756e-13
0,4.521543982647449e-12
0,2.005536617580248e-07
0,6.329502709420324e-10
0,9.308593843150199e-11
0,4.724759733818239e-13
0,1.0424639474568826e-22
0,0.0007248059034242531
0,4.081632521893904e-09
0,3.9961007635344884e-05
0,2.169848605013934e-12
0,9.381239880012261e-09
0,7.462982718670712e-17
0,0.10139734004596314
0,3.768801347318878e-12
0,0.2242717021867742
0,3.485842326194633e-12
1,0.4525185579856869
0,1.4158780348370547e-05
0,3.1115937355196155e-08
0,0.00023193241460295452
1,0.9817603597867993
0,5.853604542626141e-13
0,0.09026162432972563
0,3.0806082720206276e-10
0,5.141046746666773e-15
0,1.164342873602148e-07
0,0.12678481493433189
0,2.2602812986964855e-07
1,0.19901565086870995
1,0.6024106184064966
0,0.21927196904300766
0,4.964825610053274e-12
0,6.301464839657728e-22
0,6.326699346929298e-13
0,4.58385928118781e-08
0,9.001448974519282e-17
1,0.4477673411656667
0,5.5920905136394915e-21
0,4.002520180174462e-16
0,0.12006548760793732
0,2.63005666995252e-08
0,5.1947867164746166e-18
0,8.682319194630358e-06
0,1.9082734770832276e-08
0,8.487654076404823e-12
0,0.3273254686515016
0,2.819137499084211e-10
0,3.5164195888217767e-07
0,2.9492814434554115e-10
0,0.4855183694504192
0,2.785832361177265e-05
1,0.7188876630293277
1,0.18861937429996137
0,5.666682557390164e-09
0,2.2924876613209047e-20
0,0.1740707579917937
0,4.960835673701761e-17
0,0.23625186015511293
0,9.777829097985152e-11
0,0.2513355376586687
0,0.0029826369634415348
0,2.1161245385849197e-14
0,2.7869446861570425e-12
0,4.20830106208285e-06
0,1.3329197077710679e-09
0,0.084442535003327
0,1.9240262379382984e-21
0,0.03673664726061593
0,0.04493949360087355
0,0.5447545411913461
1,0.5730971809852214
0,0.27994586007934497
0,3.902929983157941e-09
0,2.8837086395279614e-12
0,0.00027719474221614654
0,1.1712161988748498e-13
0,0.13244262703100496
0,0.002258452593458244
0,3.55766765202523e-07
1,0.4868060997072481
0,0.14689653873737415
0,0.0001861573026870538
0,1.2070700125189288e-11
0,2.9442735759300724e-22
1,0.2980631369703142
0,1.0105242216732842e-12
0,3.3739408951833164e-06
0,0.5212365210924765
0,5.825621716957311e-05
0,1.2387667269523792e-12
0,2.0217667061690693e-07
0,3.5265625463594175e-12
0,0.33695756204805377
0,0.005057008153538717
0,3.0248025596564443e-12
0,9.368063247759387e-09
1,0.2679729351418038
0,0.36016451284201795
0,1.8351854360193777e-07
0,1.2434833918148876e-08
0,0.4226473672191747
0,0.0770053720677107
0,2.2496998819386474e-07
0,0.3757715266894163
0,1.3247693330515194e-09
0,1.2049081533609822e-12
0,6.111657010750206e-05
1,0.5566413473540704
0,0.2757635122132651
0,2.7968908237151905e-13
0,0.0010041506623315966
0,1.128267979055021e-15
0,2.925826531032534e-14
0,5.603584793775899e-06
0,8.216319736398635e-14
0,6.339121202883915e-08
0,2.9124542258393936e-07
0,0.37875709163908383
0,1.4208494310629688e-21
0,1.423667390041335e-19
0,6.3138658438264396e-06
0,8.843656422445283e-20
0,9.232476462253958e-10
0,5.485340555828507e-13
0,0.08499787562177961
0,7.58593919795119e-10
0,0.371179243214495
0,0.1619542253910106
0,0.052521275036882385
0,1.960847872767224e-05
0,1.6949498606627996e-10
0,7.046327721928573e-08
0,1.7573153668122242e-07
0,6.343504875857093e-08
0,1.4287436040141466e-05
0,0.5854926790690312
1,0.4809786880610244
1,0.7094318050052195
0,0.000693039277088456
0,4.653543967804599e-13
0,9.695371463560855e-07
0,1.568918778386517e-15
1,0.31591424222336806
1,0.5213836856527081
0,0.21986774622325117
0,0.014775169700300442
1,0.7834698688007868
1,0.14611734106622126
0,0.21549501709487637
0,6.295568466418837e-14
1,0.47680914141083014
0,0.36772488762457045
0,9.331523585529656e-09
0,3.235398919474657e-15
0,0.226454450300587
0,3.5975465247128833e-13
0,2.0153929747380644e-07
0,0.028909062171851883
0,0.23835599330323565
0,0.18683318559849257
0,2.476654335674111e-13
0,1.901647391156807e-09
0,0.03922254770126271
0,1.1233096832579103e-07
0,9.648581127825914e-06
0,0.15571354204665747
0,2.262162256457171e-13
1,0.39330611149500333
0,1.7426857977315157e-09
0,1.1452379409979425e-09
1,0.6097440531888726
0,2.675826899407691e-13
0,9.354794218482468e-14
0,4.928472584329608e-08
1,0.8985889839292481
0,3.803904039890615e-05
0,0.5549457559460773
0,3.169882270751207e-05
0,3.674125171427323e-16
0,0.2853631602472599
0,0.14587195131167816
0,3.776452561268376e-15
1,0.3813699676339863
0,0.0032979818744410467
0,1.376680865927151e-09
0,0.16727600316367636
0,0.06036841224904769
0,3.289678814371707e-11
0,1.3921403486580146e-10
0,5.268227259770937e-22
0,0.41700104292933593
0,2.501420946261599e-21
1,0.4748148789072644
0,9.713650936680912e-10
0,5.632882660585024e-07
0,1.5581701502454346e-22
0,6.737094241557925e-13
0,7.638186990548032e-13
0,1.5735803746103396e-11
0,1.772009432829896e-10
0,5.785187544811057e-07
0,0.0015682893427887556
1,0.566154206886088
0,1.790787047862471e-19
0,2.9419887913781436e-07
0,2.048868189957375e-12
0,0.20288733534897452
0,0.009464990489135213
0,0.2092463080382285
0,5.475025391111096e-11
0,2.7947673001821717e-05
0,0.01372438181963782
0,0.3219367758240558
0,3.355919220085038e-05
0,2.8135742699893075e-11
0,3.7950609208130654e-11
0,5.143439828895562e-14
0,2.5601139352888043e-13
0,7.052685874667769e-19
0,0.16289745349617682
0,2.2320768901670666e-05
0,0.2746132293940122
0,8.432519906595732e-12
0,5.573344896570374e-07
0,4.221944173724732e-21
1,0.39238729799070227
0,0.004867845414861755
0,0.2723111216389187
0,1.4150098587560111e-11
0,0.018125760932539033
0,2.7130918203035685e-05
0,8.38601280490649e-13
0,3.5286811101406517e-15
0,2.1385366789263115e-13
0,1.9602359239863818e-09
1,0.5769782022264761
0,0.07754490991035588
0,4.0438166599242095e-11
0,7.494461222520049e-11
0,1.8165900085615556e-06
0,0.14082224628903442
0,4.238224985041921e-16
0,0.047903198754693475
0,0.27798637746869725
0,1.4109801982116186e-08
0,3.8929414460331115e-11
0,8.963459087373417e-23
0,1.710532752478592e-07
0,0.29433185062522627
0,0.1358297606684187
0,0.18977233681657663
1,0.5992095127114011
0,3.227027082712513e-15
0,2.40105439235563e-13
0,0.5415987497274153
0,2.2444293024993255e-11
0,0.011764287064641268
0,5.507915197993135e-13
0,1.9220633690577578e-12
1,0.31091318641253396
1,0.6843849745482496
0,1.179009996504358e-13
0,6.862739821810483e-12
0,7.328645046957492e-05
0,6.95490088870634e-12
0,0.24272288717830706
0,1.1355003934705317e-06
0,5.816483882232223e-20
0,0.3111642059376573
0,3.266319555153484e-22
0,0.3876363733414857
0,7.120377196185349e-16
0,1.1907211154395207e-06
0,3.3591646420001185e-10
0,2.866550809805857e-08
0,0.2177727384334352
0,0.022551763985775138
0,0.07506918580916877
0,7.562980689161583e-13
0,1.4086763529935768e-07
0,0.09625850211881859
0,1.8582389715592372e-11
0,6.991492668331481e-10
0,0.334327613305866
0,0.6890460264549287
0,1.6173456286339623e-07
0,1.9832304711315924e-10
0,6.7531331655354965e-16
0,9.364302969419753e-06
0,5.897934439158184e-11
0,0.15581623395599342
0,1.419560241789764e-09
0,7.410381186640019e-16
0,3.534166108582161e-08
0,1.0807084316696383e-11
0,0.04395589841513059
0,4.559649330205196e-17
0,0.11812650654071934
1,0.5452328851833252
0,0.3617060267793143
0,2.2588336114351508e-15
0,0.21366295177035444
0,1.9368793409773205e-13
0,1.0502790707644886e-09
1,0.5412363935087336
0,2.1552338761251815e-06
0,7.454157734933421e-22
0,1.4319304551306957e-21
0,0.06576308135388305
0,1.096328608077277e-10
0,0.17574228731344954
0,0.1453341472332355
0,0.2862393398592027
0,9.859997830340915e-12
0,4.642267781812417e-13
0,3.352129915496343e-06
0,2.592893996221793e-07
0,7.087868515348048e-10
0,0.14092402109447272
0,0.5284354780461696
0,1.2021719462199648e-13
1,0.33727244423892566
0,4.052030561026992e-08
0,6.134337858308626e-12
0,0.00018976757512612134
0,6.983187053459652e-08
0,0.043283093108121506
0,4.396656300807094e-08
0,0.016196414338537527
0,0.09251945300774586
0,8.176925239589728e-05
0,2.0998589878651144e-15
0,3.446005289891425e-07
0,0.03052064794016476
0,2.183937077380509e-10
0,5.965151410872952e-06
0,0.5369594830247767
0,0.10735866090270592
0,4.0226455742367785e-19
0,1.8327023998631537e-11
1,0.41898930280507807
0,1.2920508733599981e-14
0,2.123723027575494e-11
0,2.176899563816292e-13
0,2.8255327725737375e-08
0,0.08601313973097054
0,0.0008098781514722564
0,1.7879867255991583e-09
0,1.4997215091186496e-07
0,8.471108236501934e-09
0,2.903122300979994e-05
0,7.741637567478267e-20
0,1.6627287292167244e-13
0,0.35268928482953493
0,8.382523200100266e-16
0,2.2359187547290875e-10
0,1.2532843104632504e-08
0,0.23983408553068172
0,0.9447560243527121
1,0.3657895891761946
0,0.013664281057646164
1,0.6137428530224037
0,0.18724351461385982
0,0.030907605041834388
0,0.07012656766033129
0,0.21375342736548628
0,2.0217667061690693e-07
0,7.593654419510361e-22
0,0.21558825393724657
0,1.0493673349561048e-05
0,0.1659321383460482
0,1.5892571698373574e-08
0,1.4201314263138853e-21
0,8.56090823722681e-15
0,4.4268861663709415e-07
0,4.642267781812417e-13
0,1.2778588488368134e-11
0,1.4697439926918539e-12
1,0.9567431237883756
0,3.4111346047085606e-20
0,2.0217767442608933e-12
0,2.6379861825182483e-21
0,1.2209811415951198e-22
0,0.2868603557023271
0,1.8381578583375963e-11
0,0.5896662668377418
0,0.6195230455437972
0,2.4305559881497145e-07
0,6.352952500905094e-08
0,2.4303788140316507e-22
0,0.007452973778104609
0,3.5841635605085165e-16
1,0.30865190782929663
0,2.7933604958495242e-06
0,5.9688241123199385e-06
0,8.34994164823965e-06
0,1.0070971439324579e-08
0,9.048204465962341e-10
0,6.177250453191721e-13
0,1.5854465067328416e-08
0,0.20028764270765181
0,0.3942352366471002
0,2.202229179146058e-09
0,2.5276439118931864e-12
0,1.388174438251076e-10
0,3.282013641653889e-19
0,2.475153601209497e-13
0,0.3149130570018904
0,0.0001428401405537114
0,6.717057827839962e-24
0,6.77232916040153e-12
1,0.49245526683541296
0,0.27797804020341005
0,6.9680647729533025e-06
0,0.009928398710227208
0,1.407650364259177e-09
0,2.0409617804467237e-24
0,0.24959117504560577
0,4.400081576737232e-08
1,0.42527157995946185
1,0.4433079041466578
1,0.2323714514669569
1,0.2638240683426623
0,0.0003731947503196674
0,0.35031233496091546
1,0.20941403835634664
0,0.2175726554617542
0,3.489687031994978e-07
0,1.8331635783326508e-11
0,2.4066748788409437e-11
0,3.054102197518392e-13
0,0.025457905076887145
1,0.5139787889358277
0,2.3584100570064805e-20
0,1.568918778386517e-15
0,2.0192603793908603e-08
0,1.2657928389469425e-09
0,1.5355836692940593e-15
0,5.48143271472801e-07
0,4.717674559741851e-05
0,2.0731242090558694e-19
0,2.2914044188893897e-13
0,5.09501257325157e-08
0,1.108971596434566e-05
0,0.3513460100651678
0,5.615095055002597e-10
0,6.420001109610863e-05
0,3.2782795338596e-21
0,9.505570108144476e-06
0,2.9018877395502437e-12
0,2.545871894690059e-22
0,0.4428144844492399
0,2.759984835076108e-09
0,0.0847218880484458
0,0.10315223172939963
0,0.14195364479529785
0,0.4939412133132288
0,1.568918778386517e-15
0,5.808435715958289e-12
0,3.5685152721702135e-10
1,0.3397317818348716
0,0.004190562180485666
0,0.1534564564726007
0,1.8175085354929046e-10
0,6.8824650335844814e-12
0,0.14244821536784416
0,0.000129702070021926
0,0.1316199114979162
0,0.23224563689222757
1,0.08868825333976374
0,4.879516979100493e-07
0,0.2682464290841767
0,7.656461975619052e-16
0,3.649920888746441e-10
0,7.466062032429273e-15
0,4.29292255869733e-17
0,4.655933411373014e-14
0,0.16423622889700126
0,2.965570564545329e-09
0,0.0028637916373921036
0,3.5264941447292746e-09
0,7.009162364365345e-12
0,1.099214247141516e-06
0,7.418548812557685e-06
0,2.7968908237151905e-13
1,0.10984923572555508
0,0.4551486541396817
0,0.2370295571837827
0,8.437199975049009e-05
0,2.984053655577461e-22
0,8.526347161728483e-11
0,1.887938661312279e-06
0,0.15925126976855608
0,4.2190507237614157e-07
0,8.247237367135898e-13
0,3.557954051650544e-16
0,2.7495732059243983e-08
0,4.2193913365742186e-23
0,4.586789671993779e-07
0,2.6910465457981598e-11
0,0.21163044904929385
0,7.020241337594545e-11
0,2.0620632725826406e-07
0,0.09001582084470326
0,9.132236661574063e-13
0,7.261001304330511e-12
0,4.61588729138635e-05
0,4.276311140313346e-08
0,0.013683914667375868
0,0.003879813561433841
0,3.751445609786229e-08
0,1.237562941611595e-08
0,4.102452708620981e-08
0,8.200221404953499e-10
0,2.6060519938471682e-14
0,0.39085302062402466
0,1.3352237144173677e-12
1,0.3345050028237916
0,3.0969428031611786e-10
0,1.1103458545650046e-05
0,3.5964057418642154e-12
0,1.2903948538502643e-13
0,3.6984653390214085e-08
0,0.18655324455386957
0,2.021766706169073e-07
0,6.388043698513953e-05
0,2.5529751327573717e-07
0,1.4708810679169036e-09
0,5.713193177846505e-15
0,2.53929897521996e-08
0,9.476278366104875e-15
0,0.1754260395631785
0,0.31252179080712045
0,2.498937798497087e-06
0,1.8954479840371716e-12
0,1.4386010531028505e-06
0,1.7287490060094954e-09
0,1.3045462827752095e-18
0,4.419379326561743e-16
0,8.796001173939692e-11
0,0.12108976448278981
0,3.8749259125508734e-19
0,0.1644607542868552
0,6.194009168620268e-12
0,7.120377196185349e-16
1,0.4642676159986236
0,1.4793705697600525e-05
0,0.12144382947560615
0,0.037344710099393545
0,5.599490668177576e-16
0,2.749225806327646e-06
0,8.195896138075526e-13
0,1.9540765667081133e-09
0,0.38883542087031064
1,0.47143129030704206
0,2.48173239835715e-11
0,4.092395851523468e-09
0,8.174356585979811e-06
0,1.7747345640227534e-09
0,8.13233970748946e-09
0,0.14195173942628164
0,2.2080188434462605e-05
0,6.527616969786391e-13
0,1.2169865545588895e-10
1,0.7082524607700278
1,0.4632212846691712
0,0.3158934052350166
0,0.4720423699229663
0,1.6585819054283947e-06
0,0.0005241752019678053
1,0.11349620421532197
0,2.7728486431103978e-09
0,7.466062032429273e-15
1,0.22054729670179415
0,0.15692222571568257
0,2.798145256477885e-08
0,0.024699225598434665
0,0.2944107284318871
1,0.6836288065735219
0,0.00010666714613147274
0,0.1651318442254901
0,1.0247181670756904e-10
0,1.2572795123203626e-08
0,0.00012576294440366654
0,1.3066535725257546e-08
0,0.22324433237159594
0,0.033017805405170464
0,1.995282379385646e-17
0,1.890603178603466e-17
0,3.0415779680375057e-14
1,0.28571855970507076
0,0.000772612337391069
0,3.7016387060115106e-11
1,0.28040819000255873
0,2.0506736352978455e-06
0,0.27788824975135273
0,3.5585158699913374e-16
0,9.20486690088905e-13
0,2.473017175438253e-12
0,0.0073155788564500685
0,1.5936429839620918e-08
0,6.416778590484124e-05
0,0.2769309848002932
1,0.29248769026984345
0,2.0733695561544554e-15
1,0.5126021328871758
0,2.0757429029925796e-08
0,0.014692518000650145
1,0.33275001071616817
0,1.0506936582812918e-10
0,0.3248428082724988
0,1.4184281914018402e-07
0,0.018313708534948483
0,0.39086702255989064
0,7.402625926680125e-07
0,3.294353075846333e-08
0,2.5443921835858705e-12
0,1.7175907823483714e-06
0,4.181321806835137e-07
0,0.00015956765477532283
0,0.0008409127635066905
0,6.42000110961085e-05
0,9.438120810354501e-12
0,4.014556327080967e-12
1,0.3512138957785363
0,2.1769310134430553e-10
0,4.965222088094377e-07
1,0.4536918227098918
0,0.11372921552705784
0,6.41599447188993e-06
0,1.1024428776402138e-07
0,2.8985274529547495e-09
1,0.36358294222130083
0,4.300712555593151e-16
0,3.3631226926319503e-12
0,3.301261141523495e-10
0,4.568797727785472e-14
0,0.0477310292382174
0,9.381239880012228e-09
1,0.29066899358156073
0,8.835234443173844e-07
0,2.6941952940502545e-08
0,0.42417860780119937
0,4.4757020683682135e-12
0,0.0005159589538595839
0,4.5989995179748417e-10
0,0.11578663090058551
0,0.15471040786152807
0,2.9431046062160373e-05
0,8.669548084288366e-10
0,3.6056656496071766e-13
0,2.53929897521996e-08
0,3.496306221800267e-12
1,0.5323527664484919
0,2.0409617804467523e-24
0,1.7373117186993057e-09
0,3.250546450722699e-13
0,2.813574269989297e-11
0,0.30057336286545927
0,0.12727168308316641
1,0.6030305471421291
0,2.2983488847694678e-10
0,2.9096870304225876e-07
0,2.589292003678533e-09
0,8.69729165604801e-11
0,6.784533643062399e-08
0,2.3751679729816963e-07
1,0.8503835182664317
1,0.2922026269245592
0,0.2285950327300955
0,4.442016172122901e-11
0,1.841966446074406e-13
0,5.890600959001449e-09
0,0.04727165859203744
0,4.11368130077407e-13
0,5.816483882232223e-20
0,0.3193677686214619
0,7.03454305210679e-06
0,0.5601881106187446
1,0.9851910903068727
0,0.058945247705663034
0,3.5417377290372083e-09
0,0.3556639627925416
0,1.223354259234473e-17
0,3.1468697297175707e-15
1,0.48629452930212824
0,0.32188961854607456
0,0.08842836514667284
0,0.06804594965668298
0,2.958655219274121e-07
0,1.492740425328901e-15
1,0.25858566804150596
0,4.359379652377951e-07
0,7.277009801259304e-09
0,1.0426288736280927e-14
0,8.744142277773553e-08
0,0.13102764845755754
0,0.031170445891777664
1,0.3188596166244801
0,2.1153777401985077e-05
0,0.07863371810611734
0,0.08958770040576468
0,5.476337580774215e-06
0,0.27298731302364415
0,0.17032046113185767
0,1.1969659988127577e-12
1,0.7300648301178775
0,0.00154618653712742
0,6.420265370368081e-11
0,5.868099297180781e-08
0,5.7494988526673644e-18
1,0.4343875662575795
0,7.558884319029387e-11
1,0.2469668256652474
0,0.0746549752441029
0,4.11671706279953e-10
0,3.560940263815354e-11
0,9.381239880012261e-09
0,8.973456202531424e-08
0,0.2596498256864961
0,9.786980348440703e-08
0,1.1030799394791095e-05
0,0.1496087910577703
0,8.801589277403847e-07
0,6.065104888846892e-16
0,0.398790756317129
0,9.439860992983633e-15
0,7.000790403177402e-08
1,0.620989236569931
0,1.3016673347490906e-06
0,0.005332471374404631
0,2.6965959555571626e-06
0,4.5989995179748417e-10
0,1.0920910369751634e-14
0,0.39724850991549765
0,6.985512639627855e-08
0,8.242737934727632e-13
0,1.7925489628854183e-06
0,2.2352570045990135e-20
0,0.8998048886491621
0,7.466062032429273e-15
0,4.081543809418098e-11
0,2.6060519938471682e-14
0,0.08671606608815137
0,0.37851342317646836
0,0.00496859951409028
0,4.876938703816916e-10
0,2.7680176221583567e-07
0,4.931281460284163e-10
0,2.8375751821897837e-05
0,2.139467766975573e-08
0,2.2906383864981346e-17
0,0.016475470272605645
0,0.00014932485578907664
0,2.1729151352118376e-08
0,3.540920265195809e-07
0,1.25817352908261e-08
0,0.000336590624271713
0,0.23217000903139387
0,2.62794423055868e-11
0,2.2370795319554364e-07
0,7.969125639410083e-09
0,3.552607589851277e-05
0,6.097891559526969e-19
0,1.7505429913347841e-12
0,4.5989995179748417e-10
0,1.6715998317446077e-05
0,0.33281377104341514
0,1.9696260784232823e-10
0,1.5160509808398436e-14
0,1.884123316871035e-12
0,3.267207357504851e-13
0,0.5513435849309515
0,2.1390448389054447e-08
0,0.07216478890988196
0,1.100152283673172e-08
0,1.149413765573692e-05
0,0.05669968889856971
0,1.698493919358174e-22
0,3.056837359901107e-05
0,1.4734671329878462e-07
0,2.318140993715831e-05
0,0.39925616817758003
0,3.83076761892854e-11
0,6.014365930220373e-13
0,0.3093190809178952
0,1.0568249205056299e-10
0,5.309624453128605e-20
0,0.4194889377707506
0,4.730421696871258e-21
0,0.15778486466822053
0,8.238772484833278e-13
0,1.9509349506858133e-09
0,0.6568388380343785
0,7.271732334846438e-16
0,2.214294864797385e-20
0,2.7309296034032755e-11
0,4.230305712297484e-11
0,4.869371670495669e-13
0,2.53929897521996e-08
0,0.16197428713140297
0,0.5967279450584017
0,2.1321910844519532e-07
0,2.2795757435410715e-12
0,1.5073073169080759e-06
0,8.788304924817462e-12
0,0.36055420569903235
1,0.20319549501364867
0,4.690459102924393e-06
0,1.128267979055021e-15
1,0.6971194105256451
0,8.935659138464398e-12
0,3.501485960310967e-12
0,0.06655623109545711
0,7.541349103776162e-08
0,1.7517937743466492e-08
0,8.032582928568685e-10
0,0.2662545078368166
0,2.844482979393871e-07
0,1.168041972585799e-09
0,1.3892660533290744e-06
0,1.5066969902828538e-08
0,1.1658940041907522e-14
1,0.229175671230591
0,3.350102461107253e-16
0,0.31414351118762873
1,0.24652402574886326
0,7.120413076948352e-13
0,2.2054751808741063e-06
0,0.00041687512840048624
0,7.449136398900567e-09
0,8.06932844168563e-09
0,4.176683047612175e-10
0,0.5247033080133667
0,3.4419042168998013e-12
0,0.07104623740084941
0,1.5115055420190944e-08
1,0.45760427982914853
0,1.0485113057293624e-09
0,0.36868759110173044
0,9.776642903906406e-09
0,5.019940105767995e-13
0,0.06410785078889261
0,0.2624978625267063
0,1.2375934846407094e-06
0,0.10236801908738398
1,0.5523983502872691
0,3.9260236274252433e-13
0,0.32527439145984705
0,0.09806373936531307
0,2.388720699028208e-08
0,1.206828039908828e-10
0,0.34254179353854103
0,0.7158109818641475
0,3.4543739285348464e-10
0,1.3177047876775655e-07
0,5.315803387061176e-07
0,1.003580045882605e-09
0,0.3933561690074677
0,0.21222898083125963
0,3.6023892991313e-10
0,1.7258528720595733e-15
0,1.0291692827226357e-05
0,0.1628854838811632
0,0.2955622999280848
0,8.420908959492086e-12
0,7.352464620941995e-09
0,8.365480269304977e-16
0,0.6390936280044506
0,1.2750598393500179e-09
0,0.11593802323063754
0,1.8987989028826882e-10
1,0.4534168475786358
0,0.5638389312101552
0,2.0845714161443103e-06
0,8.900215340832398e-16
0,1.5028894250098124e-07
0,5.622172438838983e-08
0,6.2888306623174776e-06
0,0.1195433367951985
0,3.2140742966135566e-07
1,0.46828963840873267
0,0.2988091135397956
0,4.451954072973293e-05
0,2.171581886988546e-06
0,6.628912047878731e-07
1,0.16176954120636833
1,0.2876701640356464
0,3.215034917727934e-09
0,0.3035850550337512
0,4.444426644050891e-11
0,0.015911150026327942
0,0.3534902185786179
0,0.27663708402746967
0,8.27015132778067e-08
0,1.5543362524180094e-07
0,4.728330093829368e-15
0,0.35224068065428243
0,7.327448856541247e-07
0,0.6746828212553819
1,0.2561860019783057
0,0.10290433962934303
0,0.15196926013121276
0,2.1302909372431843e-07
1,0.5440839873843784
0,1.6071513224795509e-09
0,7.343888953825632e-14
0,0.12345054467749508
0,0.26030615481275515
0,1.3508326771750399e-12
0,7.741637567478267e-20
1,0.07198354093286756
0,0.2623012547649476
0,0.3395844784551935
0,1.4962294198902736e-06
0,1.4389226167884425e-12
0,1.5579390727025631e-15
0,8.004295941388659e-09
0,2.0217667061690693e-07
0,7.782118288066686e-14
0,0.01821432194717896
0,0.13684432768633703
0,0.0001780354767434646
0,2.0977950003316168e-12
0,4.323984273167169e-16
0,3.3868277777927165e-09
0,7.027871381547278e-07
0,0.11676499855033227
0,0.12561571054997125
0,0.3233077084132025
0,6.952429638143713e-13
0,0.2807470090852275
0,3.2834958714399365e-10
0,0.14065689241186285
0,0.2261348950196598
0,1.820112848215195e-11
0,0.12422973943937521
0,0.13479374285494178
0,2.1073655172934484e-11
0,0.0028732043836825266
0,7.329363722502015e-07
0,0.4049432517742307
0,9.154409536732078e-12
1,0.6956288268441386
0,6.165838653564532e-07
0,0.38686234385819634
0,1.023314321701625e-12
0,0.3429652569269353
0,0.07691287004857554
0,0.06600000202454122
0,0.0012324114838805213
0,8.072057042802045e-05
1,0.4953370433531373
0,0.01645438540423709
0,3.316031193890688e-10
1,0.2150336022250757
0,0.2476448640908242
0,2.3935732736010023e-08
1,0.46361164060203425
0,6.983849413521754e-17
0,0.5817522893169034
0,7.598175045792914e-10
0,2.1357432491858228e-08
0,1.266685915076184e-08
0,0.3428388987605611
0,0.25981826386587176
0,9.095156485379111e-09
0,0.018803594778848937
0,0.24323095008555384
0,2.038065351219181e-19
0,0.17487342539516004
0,3.4352385294788645e-13
0,1.5191474995185256e-11
0,0.7179721287240576
0,2.7917539564799805e-22
0,1.9122326301515135e-09
0,0.31163420516832874
0,2.1266295730189546e-15
0,7.096090973228991e-10
0,6.321215922502504e-07
0,1.8135877168365617e-08
0,1.1687338314757841e-08
0,3.3100091192136273e-11
0,2.2428353063250183e-12
0,6.097678428209098e-06
0,3.38740937833764e-06
0,4.749041142094361e-05
0,0.12509592822840193
0,2.9096004432066413e-07
0,1.5452045327892546e-09
0,0.42573307315921505
0,8.926621143005362e-12
0,3.533637398640256e-13
0,6.830269785374433e-14
0,0.5112831808476485
0,3.690433041664533e-11
1,0.5688398118198583
1,0.407365650309487
0,2.0217667061690693e-07
0,1.6797179552257086e-10
0,1.1134894742960444e-07
0,6.72165211690262e-12
0,2.977783023766655e-09
0,1.6565421563814439e-09
0,0.4966634076637802
0,0.5652194467815511
0,7.628405985936733e-10
0,9.512945186328766e-07
0,7.641472033207746e-12
0,1.5804643268234468e-19
0,9.908788048321802e-22
0,2.642471594303734e-05
0,0.3832692604788752
0,8.837813999502595e-08
0,0.0007101161881634999
0,0.06360540396134262
1,0.2704287997230091
0,0.5255818609894245
0,3.5574958934803844e-08
0,5.122301816328455e-07
0,1.6701638708108056e-09
0,2.0288469462390994e-06
0,4.177662630704435e-07
0,2.2352570045990135e-20
0,6.5646910409792104e-06
0,0.20960142265392115
0,0.10157429359320459
0,6.51902412860795e-09
0,0.1809648857859593
0,7.188803664689598e-15
0,4.879642692416118e-10
0,1.069439089839351e-08
0,0.32324472469183557
0,0.16206526396073598
0,8.367387262855506e-05
0,1.4445268355550189e-05
0,6.87903604584341e-06
0,2.431233893365877e-07
0,0.25637173409221314
0,1.45945109905782e-06
0,3.03379976269072e-06
0,0.0631095072752313
0,0.0020965455086019
0,0.16406620088975551
0,0.17238709916968514
0,1.3669665420895448e-12
0,1.0929972810973568e-12
0,9.368063247759387e-09
0,3.540797153025493e-12
0,3.395643876746278e-14
0,3.0179689208134755e-13
0,5.176984967235972e-08
0,0.43587714701179764
1,0.3135339234186709
0,4.0457013377862365e-06
0,0.08609412998697212
0,0.3966744123606633
0,0.09760594243491157
0,7.662058976737116e-06
0,2.7308913695414954e-11
0,1.7369301142248512e-11
0,1.2345817393268047e-12
0,3.5746935613429115e-16
0,3.8888702794682906e-08
0,5.515352327626212e-07
0,1.8666391777494346e-07
0,0.14735606046155963
0,1.162022660836493e-07
0,8.14944826255182e-10
1,0.6075968218451259
0,2.6060519938471682e-14
0,5.502451297113133e-13
0,3.784937955744524e-13
1,0.9982214346126749
0,4.9720494782858565e-14
0,9.106911826137781e-07
0,1.6235253916383479e-09
0,1.6576062719493992e-05
0,0.2540315422143982
0,0.2951467389709225
0,2.866550809805857e-08
0,6.931356271349143e-11
1,0.6427357216304049
0,1.6474705790834205e-07
0,0.0664340714350912
0,0.20075161767179978
0,1.1939598136814276e-06
0,3.543826949771495e-11
0,2.9456799707810216e-24
0,6.168471075002807e-13
0,0.14319140126334073
0,5.603266861036055e-10
0,2.9146537856709648e-12
0,1.0082982220837783e-11
0,1.9456557743210336e-09
0,6.558525141886653e-12
0,0.2400327448378159
0,6.800688173050535e-11
0,1.8582389715592372e-11
0,2.639431417811421e-11
0,1.949666748324677e-06
0,8.508209942658093e-16
0,1.5966249423955156e-08
0,4.12280952365719e-13
0,3.2804864749168837e-11
0,1.0561487869254388e-08
0,5.52829874973899e-07
0,0.12931366159830154
0,0.08116299501520619
0,0.41986167925777335
0,6.851906632410864e-05
0,1.2471601458189103e-17
0,0.21350705958640773
0,5.108603829497735e-21
0,4.113080121926828e-16
0,0.16645986772410953
0,4.19955558818198e-15
0,2.599761464117515e-10
0,4.3701053213098105e-09
0,0.2516871706453661
1,0.7845507713916007
1,0.6612820538845323
0,0.3846036706781436
0,6.605714579584265e-08
0,1.6814598761350074e-21
0,0.5970859858639902
0,2.1644517510513014e-21
0,0.3092659975667052
0,0.3074923940459987
0,0.002754892194204726
0,7.255164344065097e-22
0,2.7326136641390884e-09
0,8.191734329772748e-09
0,3.900640324551043e-12
1,0.18069145450693994
0,2.119231322553979e-12
1,0.5072012524555952
0,0.24720724894510906
0,3.302557139015155e-05
0,0.09910932977502211
0,0.04683839261847851
0,0.3893351150598272
1,0.6342706645898855
1,0.7056881565538897
0,2.2983958160303907e-12
0,0.0031015477818854267
0,6.33085609770552e-08
0,0.23212456868330975
0,0.0006976070292458402
0,8.791285385124275e-10
0,7.0289421716294e-15
1,0.610016805878852
0,8.900215340832398e-16
0,0.6694911251060753
0,2.0846466334579987e-06
0,2.9456799707810216e-24
0,0.32579018658583075
0,0.04947560612753609
0,1.5984875361784908e-08
0,1.737275775575593e-06
0,1.7868150051660653e-23
0,9.236661041022608e-11
0,3.6921534649614336e-21
0,0.20732143369210346
0,1.2405119118200777e-11
0,4.600710922966125e-09
0,0.10666292856969133
0,2.3518160346579018e-21
0,0.5080742437701242
1,0.21823291512607482
0,0.1658882269101416
0,6.489784310704338e-24
0,1.0982937393039046e-06
0,2.775408028977186e-11
1,0.13741893728273258
1,0.3215600127774245
0,2.017249646950544e-09
0,0.35417839948936064
0,1.569047522479097e-11
0,1.0434827516107184e-14
0,4.985849071296822e-08
0,1.4819853368211017e-22
0,0.16014008794272222
0,0.48564264551045466
1,0.1855797057504923
0,2.150261039394853e-07
0,0.23509700806114003
0,5.762617553642124e-09
1,0.2436530983626913
0,1.545978204910135e-07
0,0.0503873577677802
0,2.294470199147537e-06
1,0.27685808473861545
0,3.8589125170301665e-12
0,4.775350265161228e-19
0,5.244854968349592e-07
0,6.590379672786635e-07
0,2.530779570939013e-10
0,5.241395414753452e-11
0,0.020913430948478015
0,0.03155545254623239
1,0.509182233681808
0,0.1376402768581024
0,0.08845474845045341
0,3.7403054062814584e-11
0,2.6271540316435537e-14
1,0.1320330807255245
1,0.702418660984149
0,0.49815511484333574
0,1.4780965092329213e-12
0,5.144106061164628e-09
0,6.389686811548578e-14
0,0.5920867141634176
0,0.12239085683312788
0,0.12557544831231207
0,4.5225383113386025e-09
0,3.408875708309476e-13
0,1.1392744430985073e-10
0,3.817544691391205e-12
0,1.0867129952470406e-14
0,0.0012505597103216431
0,0.025197938349436646
0,1.58289799988616e-11
0,0.18131626828520947
0,0.2774794616304145
0,2.8264038656538537e-22
0,5.056069033636541e-06
0,5.049126807084068e-17
0,8.713961267696559e-07
0,4.6548431882844455e-22
0,0.0001105406354230335
0,0.2950729164758167
0,1.6880849583747015e-10
0,1.4140485561766128e-14
0,0.26835128573290956
0,2.628380809908397e-08
0,2.870400840279616e-14
0,3.300358274355647e-13
0,6.152229053697467e-06
0,0.6322910566489994
0,9.611248742801976e-10
0,3.474298143629172e-07
0,3.0298016767598486e-07
0,7.858821369643002e-08
0,4.668930267111159e-10
0,2.773213384812089e-10
0,1.1146416416694731e-13
0,0.017682857242889847
0,8.011781347154762e-13
1,0.7292254661544713
0,0.06930754427565632
0,1.1886919031881844e-06
0,1.716584584254974e-09
1,0.39867154258335763
0,6.9235021892769265e-06
0,0.3575070948344744
0,2.357363031282189e-13
0,2.5636897222155905e-05
0,3.7562903850047805e-08
0,0.002057112888401935
0,2.7392547364589228e-06
1,0.5033707910308068
0,0.4573582748380166
0,1.0389904172316486e-05
0,2.6112070571193955e-09
0,8.56475042222108e-08
0,0.9225576987448778
0,1.505461091686435e-12
0,1.3758462649028055e-08
0,4.083513563956194e-14
0,3.2690972666718735e-06
0,1.4169023079734271e-06
0,3.0937182690776405e-12
0,0.35999125788708
0,1.2883082361833768e-11
0,1.16990224108175e-09
0,0.31114624034297617
0,1.4491531949809688e-08
0,1.5496016680484256e-06
0,2.6060519938471682e-14
0,2.510106624269464e-10
0,1.568918778386517e-15
0,1.1305755663957589e-08
0,0.0015489644304118298
0,5.285098221967406e-13
0,0.36520951388290224
0,4.738055250906053e-16
0,0.07610082208692066
1,0.8054533325183862
0,2.7243000178717716e-13
0,0.15480950025684817
0,3.5746935613429115e-16
0,0.06316138281024279
0,2.194769911850562e-08
0,0.001250559710321642
0,2.1925093067621477e-12
0,0.4664702890342954
0,2.831862578540207e-09
0,8.511975288199594e-22
0,6.903775454815635e-08
0,1.7262887718267632e-13
0,6.230049790194333e-05
0,0.12853491796080962
0,2.0586977840135295e-07
0,2.3812427519708258e-07
0,8.382523200100266e-16
0,1.568918778386517e-15
0,7.583897835166276e-09
0,0.10497459746773827
0,1.2087547240692685e-10
0,1.9679440881439847e-19
0,0.1855464631115637
0,6.841396968946755e-22
0,9.486174371213588e-08
0,2.4372822731569183e-22
0,5.136283922847192e-10
0,0.3107981029416369
0,2.1644517510513014e-21
0,2.194301602762861e-13
0,3.7801096493881007e-11
0,2.111684394687483e-06
0,5.889894193444315e-11
0,0.0005179920353519814
1,0.7466636780142482
0,1.4779954111295114e-18
0,7.782984330271681e-19
0,1.887938661312279e-06
0,1.0685687906624008e-22
0,3.567582151790744e-10
0,5.871603181629149e-07
0,1.4386339634660896e-12
0,3.120546609947805e-07
1,0.47948994059452243
1,0.10459611188306848
0,6.747250124418069e-13
0,8.56475042222108e-08
0,0.39713815255857204
0,4.513096545215167e-11
0,0.5585981446568374
0,1.3445921442626625e-13
0,9.24971467901215e-15
0,2.7968908237151905e-13
0,0.4868981708645512
1,0.183015876637378
0,0.2968575253109379
0,1.3782615476648607e-08
0,0.24795963108325136
0,1.6832164143434932e-08
0,3.4982039722950426e-19
0,8.296536971790166e-07
0,0.02653669312288508
0,1.4796656601471027e-14
0,0.12364228816865518
0,0.002632496688176176
0,0.3315674017998695
0,1.6852899605202666e-05
0,0.3354066023731385
0,1.1696633060681964e-16
0,6.77524551590631e-11
0,1.136533605972054e-12
0,0.032425258418253784
0,1.9688809301212285e-21
0,0.04550517672341281
0,0.15061096549507907
0,2.3882404848805435e-21
0,2.0612888842673787e-07
0,8.56090823722681e-15
0,0.36910002914948264
0,0.489588759738446
1,0.6062033725992755
0,1.810059177999632e-13
1,0.4799092442087389
0,5.309624453128642e-20
0,2.912573763647767e-06
0,0.2382156000676702
0,2.9514295670720704e-07
0,0.18040189064255707
0,9.62108236903874e-09
0,0.003153018101821708
0,5.643870927009421e-15
0,4.013008377628352e-09
0,1.4049652252659588e-21
0,1.151670343720061e-08
0,0.0045808350196735815
0,1.3054544516186687e-10
0,6.355544180780527e-15
0,4.0970480486389153e-07
0,5.922766531253101e-09
1,0.6392383650557187
0,5.156457315521583e-07
0,6.98484186370848e-09
1,0.6317791567913514
0,2.2099035021382735e-06
0,9.334385029880499e-13
0,9.507316792339992e-13
1,0.44578754720984365
0,7.892660874793545e-14
0,1.2348350460901125e-12
0,1.1410688964451618e-15
0,8.453329205375579e-14
0,0.20676590645926993
0,1.8355979877226132e-05
0,3.5191949763548314e-05
1,0.1816222715644229
0,0.245728602271132
0,1.568918778386517e-15
0,2.6565051935651847e-12
0,4.2259459810875407e-05
0,6.288583940557767e-05
0,2.2106546883921834e-09
0,0.328623616241499
0,8.604254724406525e-15
0,6.516542641955433e-07
0,3.2498062446922987e-06
0,9.178041319509472e-10
0,1.1419039458198087e-12
1,0.9982214346126749
0,2.3667934213413315e-13
1,0.3978470102776917
0,5.217967692482826e-07
0,0.21317787252509268
0,1.2996366794655856e-14
0,0.18256297932202856
0,2.1644517510513168e-21
0,2.1216978883011054e-11
0,7.775577061559184e-13
0,8.250760017508259e-09
1,0.5053740743643712
1,0.7095811634613941
0,1.3145100375166265e-10
0,0.013920182743186274
0,2.7461816391838965e-05
0,7.527179174957046e-08
0,1.2903127100087938e-06
0,2.134691704243356e-10
0,3.346610370557294e-06
0,0.00010353145768587628
0,0.5564315270363267
0,0.060583586489514514
1,0.2939562431934224
0,0.017136461687024894
0,7.040474567328001e-21
0,0.2474682656205322
0,0.16216445026561893
1,0.3538681072577583
0,2.589058107425582e-10
0,1.7410546157693064e-08
0,3.3868847733145036e-11
0,4.76220952277928e-15
0,1.0339786771240027e-09
0,7.509320648704161e-07
0,0.3903701261143223
0,1.2683102694891133e-05
0,0.0002641037424279917
0,2.8500949510204705e-10
0,6.493644854858988e-10
0,1.5971686121636886e-15
0,5.101795888615478e-06
0,7.99312971813731e-05
0,3.7133382203378985e-08
0,0.31627114420660973
0,2.8161555160201683e-12
1,0.6924541476855771
0,5.575980222240696e-06
1,0.3524037990815467
0,0.1700334813755118
0,0.12795252831533072
0,1.123408177198819e-08
1,0.8951061340022483
0,4.473571326049902e-12
0,1.2230271267030097e-15
0,3.2235504256445596e-11
0,7.529666748991103e-05
0,9.135635649652631e-09
0,0.20289719781325774
0,6.975514646357736e-21
0,0.430658707881178
0,4.401017456945512e-07
0,0.7005078146852619
0,9.680927459165059e-09
0,3.723800518891401e-14
0,0.1952350980770534
0,0.08280605057382277
0,9.086296262169754e-13
0,1.53337037048801e-08
0,0.15982619898845418
0,0.14243001807897124
1,0.38899375007858067
0,5.8416215491439103e-08
0,2.196819995077398e-10
0,9.584695769543308e-11
0,5.083674851424479e-12
0,1.7799898209600725e-15
0,0.003131752618250959
0,0.07251242692868567
0,2.1612036552635854e-10
0,6.908455953382653e-08
0,1.5090924059769036e-07
0,3.2782795338596e-21
0,2.1225553611569807e-19
0,4.14819758580392e-12
0,0.3634108927282393
0,7.723411955119792e-06
0,1.2434211426200273e-11
0,0.276772111464927
0,0.3388264465473483
0,7.767587749073708e-08
0,0.2331350215971047
0,6.805425972015637e-05
0,5.69937182620743e-06
0,2.582869339142758e-08
0,9.011777098661529e-18
0,1.1394068648855983e-19
0,1.576216246227487e-07
0,1.1355594299377065e-21
0,2.383616033962335e-22
0,0.16090098699570324
0,0.09297384383003261
0,0.2216753556553208
0,5.47195612462585e-09
0,0.35979827051945196
0,0.0005398228317792168
0,6.50131580577143e-16
0,0.31628999900432175
0,4.20105164036425e-22
0,0.46257869173434485
0,1.1558885983909433e-12
1,0.7456309839704631
0,6.521075541052414e-13
0,0.16454993504673013
0,0.0017464004200258008
0,0.17438644723840552
0,1.621520586649067e-09
0,8.370894974685986e-06
1,0.34936547754685987
0,4.3966185099084095e-08
0,0.30404269747255674
0,7.220292121673992e-15
1,0.638760694262074
0,1.0991719999879572e-07
0,1.6243698450964354e-14
0,7.955347777608772e-12
0,9.168376622579678e-15
0,1.724248217062384e-18
1,0.21797709344716704
0,0.014417512573968502
0,0.03397336005360622
0,3.5545567548416283e-07
0,0.04833847096771907
0,0.18449918064413395
0,1.5661449158942972e-09
1,0.7025890848936021
1,0.24573412202316414
0,6.839914794907431e-14
0,7.371513085354786e-12
1,0.6584124080660333
0,0.4372443698425918
0,5.056245149180537e-08
0,1.09947380745738e-21
0,1.178557307104536e-07
0,2.545871894690059e-22
0,0.4783303554250984
0,1.7362067855127936e-12
0,0.06049939254856484
0,3.6279354880999536e-13
0,0.1263676971997989
0,0.0831995283990464
0,1.328615577331821e-13
0,3.146930611097911e-10
0,0.0811131586416973
0,2.2288598332148497e-11
0,0.0738614623906483
0,8.529926194442006e-06
0,0.4879943508491237
0,3.565138017920175e-09
0,9.234954457524042e-22
0,2.0333405545860027e-13
0,5.916133302592157e-10
0,0.18115063092877964
0,6.008382763862828e-10
0,3.194406806025873e-13
0,4.8439667164748766e-11
0,8.906205271619618e-13
1,0.16089874784114866
0,2.1134217084414836e-08
0,0.24860630323586255
1,0.716998627902097
0,3.975135759740098e-21
0,9.431220771033068e-07
1,0.9320994522975339
1,0.6200087473232683
0,1.6085196614741597e-07
0,4.4621616884359155e-12
0,0.03033892612988887
0,0.05475138073840173
0,1.1856679579401587e-08
0,1.1689364528906543e-13
0,9.135635649652631e-09
0,1.416108964532879e-07
0,2.4569709100921577e-06
0,0.23712390878205472
1,0.5961882370288697
0,6.9271267674865436e-12
0,0.03959194898722376
0,1.4715049223002818e-07
1,0.19262342492128814
0,0.05519874532986076
0,1.3321684005708329e-10
0,0.6637448235936471
0,2.190159258930067e-06
0,0.14024331952008118
0,1.6329554582270903e-13
0,0.15467861048739395
0,0.3721545046550029
0,3.2631855258489515e-08
1,0.29300385037160837
0,3.83296778570637e-06
0,1.1422423410067033e-05
0,5.1078718883400045e-17
0,1.2768868184803357e-06
0,1.8343410839104802e-13
0,8.900215340832398e-16
1,0.2216640900238626
0,3.660164903215915e-12
0,3.3082366966236484e-05
1,0.40830502423109866
0,4.213253738675227e-13
0,7.062778543433083e-10
0,0.20574114587413672
1,0.3984154414365655
0,3.6167383540726746e-16
0,3.4966737250820546e-13
0,3.3432931746655424e-06
0,1.6742372149973902e-10
0,1.129246654652895e-12
0,3.4528364244172054e-19
0,2.3099207741005653e-19
0,2.0970903563956126e-06
0,2.021766706169073e-07
0,0.027492520999517052
0,5.7697170504303556e-08
0,0.055263932915638116
0,6.500134504202598e-05
1,0.3752817704961944
0,0.17122765298883455
0,2.7968908237151905e-13
0,2.6049841036656748e-09
0,9.522580912341107e-13
0,1.250513803076548e-11
0,3.960605926706874e-12
0,3.7301357279438017e-10
0,5.617601965859128e-06
1,0.6401751886846897
0,0.1034479845823307
1,0.2356176776637393
0,2.4093486508073663e-12
0,5.061454946597019e-13
0,0.42357047201953324
1,0.5375847415657092
0,1.0722019872149062e-12
0,1.4271153585530096e-10
0,1.5999161599599857e-12
0,0.2523943432957108
0,0.019035457483002907
0,3.2782795338596e-21
0,0.004079224793461181
0,2.2626939077699273e-09
0,0.08607332999574972
0,1.4510720671716531e-10
0,1.0924788506037506e-13
0,1.934397900027613e-13
0,1.1354090831848647e-07
0,1.3947419156467113e-05
0,2.7935018040689912e-11
0,3.738293381426521e-09
0,0.000959533030850182
0,7.459986510461706e-08
0,1.7250080604427604e-13
0,1.566586658524111e-20
0,0.10505960941683282
1,0.2919962902760235
0,1.1568551809920107e-11
0,2.367675371412122e-10
0,0.004079147829264953
0,5.716941154221675e-16
0,6.275363090186848e-12
0,0.34238631606100656
0,0.09378611646405095
0,4.4112837082138156e-11
0,1.2580767567698488e-06
0,1.1030257008110344e-06
0,1.1785573071045381e-07
0,6.447857541496801e-07
0,2.0863007314502946e-06
0,3.270961992533389e-05
0,0.09676095166473435
0,5.163811441357938e-10
0,0.3531422045462622
0,8.744959757677512e-22
0,2.1503177135885763e-10
0,1.827550257469709e-14
0,0.21177690433243002
0,0.005167936324586045
0,8.214542814425832e-08
0,7.717949138869957e-09
0,3.332445909275708e-05
0,2.550158073459765e-09
1,0.49460279251145467
0,4.7268789902249444e-08
0,0.12282688616872735
0,1.410748259626324e-06
0,0.35164675479690627
0,0.5413138597069075
0,6.835229234133426e-09
0,0.4267463215341533
0,1.8627955775947903e-08
0,1.3738265833881155e-09
0,5.218719243508561e-11
0,9.84783930340192e-11
0,3.959168349795481e-22
0,2.452077517360431e-19
0,1.2689463326942659e-18
0,5.131812458214523e-21
0,1.2332070006789873e-15
0,0.3323505831346668
0,0.5172827231022922
0,0.3344593171094927
0,1.3046603659779593e-07
0,4.3070544655665734e-08
0,6.1448498537317235e-12
0,4.42499963130234e-08
0,1.2382071829794075e-15
0,1.296328001161879e-08
0,5.816483882232223e-20
0,9.488651346718531e-06
0,1.4869857216623352e-12
0,6.7828612159117815e-12
1,0.026111869980843663
0,1.568918778386517e-15
0,0.1309074983147042
0,1.5095158668750218e-08
0,3.3771382151714913e-12
0,3.307614021730404e-07
0,0.21191460001153817
0,0.09545529489182605
0,1.8013593889661796e-22
0,4.660889310744953e-06
0,2.5054676950006057e-12
0,2.583117205293374e-09
0,0.0018174809119706726
0,3.0154034946352064e-09
0,0.39943572322632537
0,0.1998239935720806
0,0.33912949418239297
0,0.0042890669290353185
0,0.3862420414095407
0,9.499486874734128e-09
0,6.983088916988509e-24
0,9.080964430284562e-05
1,0.5922971499986899
0,0.0887481808945977
0,6.950239621842305e-20
0,4.074189612491935e-12
0,6.418256062841705e-13
0,0.2592694491195051
0,5.27431024298581e-19
1,0.7737435203158315
0,3.5704880286036344e-11
0,0.08778723412316747
1,0.5800879172729526
0,0.31170545907220365
0,3.6727199240913904e-16
0,1.568918778386517e-15
0,1.3385486595116418e-19
0,0.018631194552265553
0,0.00039296686229137634
0,5.553877239328615e-11
0,0.193663599744949
0,1.1731069861186739e-07
0,9.357878237010432e-07
0,3.100493604829283e-08
0,0.020367795153472954
0,0.3479466995931165
1,0.5188180118745135
0,3.5301149459057143e-12
0,4.0937966648665274e-20
0,6.203959517038898e-06
0,5.0244011907067075e-17
0,0.000577230530117306
0,4.5989995179748417e-10
0,1.0151283115083627e-14
0,6.147170022718608e-11
0,0.2407592536472105
0,1.0889199441233163e-06
0,1.1532202969180073e-22
0,5.038885004597645e-05
0,0.053460508820747106
1,0.7633684468169534
0,0.07332926714077395
0,0.25317022921520893
0,6.2549670567284615e-12
0,8.136839297900775e-09
0,3.8014025353060175e-07
0,3.750576758357767e-15
1,0.4825786419053058
0,8.900215340832398e-16
0,0.5316609249434338
0,8.856136441076032e-06
0,1.0748160801960652e-14
0,0.001682552204762128
0,1.7795532615425719e-12
0,9.542909693380381e-11
0,1.7627770363334078e-06
0,0.07088017936455565
1,0.4186331508430547
0,2.3554090785115986e-08
0,2.4051696808770035e-09
0,6.077336248939683e-10
1,0.8094948662107821
0,2.1340098736664353e-09
0,5.5873667267325594e-08
0,0.43484143740051473
1,0.5329502268383715
0,7.17942247598373e-08
0,6.915552627487125e-13
0,0.28926367998895103
0,8.604254724406525e-15
0,1.0937747396605706e-08
0,1.6167673005847416e-09
0,0.4281642962872111
1,0.15531359512803658
0,0.11752767999603748
0,2.591292937053883e-18
0,1.3304546025002303e-10
0,0.2018173125493946
0,1.0200808226386617e-09
0,0.6271413189713475
0,8.56090823722681e-15
1,0.09292640847546273
0,0.17788347272901872
0,0.018301827054378057
0,2.982424887215332e-08
0,5.4647817976274616e-08
0,2.1644517510513014e-21
0,4.56639614378468e-11
0,2.6530781178008836e-14
1,0.6858743935922718
0,5.150885161946185e-05
0,1.1812004620099406e-05
0,4.4435687252050004e-08
0,2.585530351617488e-08
0,0.6101421733441221
0,0.00016726248967946681
0,0.3220505708837229
1,0.22864175585181226
0,2.5963678157425433e-18
0,0.5099545286563275
0,0.586258135418081
0,0.21127950594755948
0,7.65172176500762e-08
0,2.6172516116699437e-07
0,0.0018110402493225048
0,0.3071342389652436
0,1.4393505753209205e-20
1,0.3767249757665083
0,7.578636204663002e-22
0,0.22366483734182468
0,1.6861635032429494e-05
0,0.1262890932409497
0,3.376678925828298e-09
0,2.866550809805857e-08
0,0.08806704798602757
0,0.2943433288157598
0,7.682067787684953e-11
1,0.36342055621235303
0,4.800171659569586e-13
0,0.05790672378338628
0,1.551834729932264e-07
0,7.120377196185349e-16
0,0.1002401403271281
0,6.882273936912383e-10
0,0.1165352136000346
0,0.20388789641050697
0,1.825020247101447e-05
0,0.07667832847677937
0,2.3668783069378495e-08
0,1.2299648534327727e-15
0,6.295239758289655e-13
0,1.3256403382191703e-07
0,0.00161084569656624
0,0.13330804190796947
1,0.3437006662980962
0,2.196518106521343e-11
0,3.4085721257540383e-19
1,0.9974131239780643
0,0.37615888905519523
0,4.943101642548962e-12
0,0.016870997393491814
0,4.241679168134821e-10
0,7.908433921268475e-11
0,1.5893452517446965e-08
0,3.5506086167100744e-11
0,1.3301674847377975e-14
0,1.6249540101842207e-10
0,0.33831828278473125
0,0.1608323588207821
1,0.6490673573377503
0,2.331217921471764e-05
0,0.17653867069390766
0,4.5989995179748417e-10
0,1.0499171656553208e-22
0,0.36846295231301934
0,6.632853405276294e-22
0,7.23734800381654e-05
0,0.295710523189355
0,6.547921265666875e-14
0,1.660166623694368e-10
0,0.0018454160588989368
0,3.492566956319793e-10
0,0.40174591591087033
0,2.8299285514781187e-11
0,3.5308634992270834e-07
0,1.5501304107225893e-08
0,0.360435456336794
0,0.05477993109080572
0,7.067512055949661e-09
0,2.622561004401853e-20
0,4.3784819932917037e-10
0,4.153389261152366e-12
0,5.013238148723952e-12
0,1.427189735598163e-06
0,0.26247982638828826
0,0.1758747856781683
0,4.182079652454098e-15
0,0.007697164223731096
0,0.23228348216916586
0,1.940633127576299e-12
0,6.726051836420225e-09
0,4.333940086717977e-09
0,1.5246729900233389e-09
0,0.0031656644074951807
0,0.37429969010047764
0,2.2991141835477078e-07
0,8.599220810476282e-08
1,0.4631639162018302
0,0.20082994089150105
0,3.690433041664533e-11
0,0.0990300889885601
0,7.383568793139607e-13
0,9.427192517297031e-13
0,6.3004820958354015e-12
0,2.5886105153241695e-08
0,4.626110645282605e-16
0,9.139587493083662e-07
0,4.2387582979175125e-12
0,6.151499476311161e-16
0,7.275031012342366e-18
0,6.331565561653554e-11
0,7.899966983600915e-14
0,1.2648810724734117e-07
0,1.5199185116400757e-07
0,1.571619255265986e-08
0,4.166943349371976e-23
0,3.0689050017812466e-06
0,2.6562645798089696e-06
0,6.792040044912297e-09
0,1.705616325128333e-13
0,1.97066421029974e-05
0,0.5814174966042096
0,1.4346704347990463e-16
0,0.10220714332518038
1,0.41904231664653757
0,0.3279025977338802
0,4.250796526436903e-13
0,0.03994751680033366
1,0.806916770564777
0,4.854513260359001e-09
1,0.015196499539074915
1,0.9416336272913788
0,4.33885241963443e-08
0,0.0018381666675464684
0,1.0544327205491454e-07
0,9.876016629950248e-06
0,9.415458077442397e-22
0,0.6130156654797063
1,0.7188333631196657
0,0.6004674744624887
0,0.2827847669573086
0,1.568918778386517e-15
0,7.047923553864512e-22
0,0.36594660701380666
0,1.3274378631373566e-07
0,9.23291235536586e-06
0,2.424785711846634e-13
0,0.0019390431026101757
0,1.1011701698213387e-10
0,0.46384891364992376
1,0.3251580149523388
0,7.566532775564632e-12
0,6.854189795516764e-21
0,0.42555057917977573
0,1.778699570710565e-15
0,3.4188301906982625e-11
1,0.23826728588578666
0,0.3925422365877949
0,1.0990980187832816e-08
1,0.42283576498564174
0,2.0620199560993857e-09
1,0.2253260436589047
0,2.9260757694189662e-08
0,6.420001109610873e-05
0,0.10440743192590753
0,0.2533668173797143
0,1.276533715763843e-10
0,0.5403262835301287
0,1.8449073656222437e-07
0,1.386904018001034e-07
0,2.897381667926635e-13
0,0.23892370097363153
0,1.83242917659277e-22
0,1.4965569355184901e-10
0,6.619788302771984e-12
0,1.125466490067215e-05
0,0.17004701272629344
0,4.514689050873101e-07
0,3.88348518034342e-12
0,3.4679362144794803e-18
0,0.16827318585968618
0,5.957098009034888e-09
0,3.890958702646172e-13
0,0.31507689972600805
1,0.6259050779122451
1,0.19928119950244583
0,0.1426831872607358
0,0.3155995378339456
1,0.49307461416202364
0,0.10118597980719816
0,0.2672774647281317
0,3.490155816006003e-11
1,0.3059622289456942
0,0.3431405267155016
0,0.1728762441464858
0,1.568918778386517e-15
0,9.990047560571845e-13
1,0.4447930307676838
0,1.4293342878472416e-08
0,0.5296182861522823
0,4.5113522426592527e-10
0,0.24407210856273986
0,3.986711901180033e-12
0,0.0018693180247056945
0,5.003767875880983e-10
0,0.06586302376326161
0,0.4136852983579244
0,3.054010022756055e-10
0,3.07842545221534e-19
0,0.15196477990300802
0,0.006331221191946837
0,1.6825412574847894e-10
0,9.465369232272018e-19
0,4.82951189758195e-23
0,2.9530368469103163e-20
0,1.2437743460037947e-18
0,1.2035802027347356e-11
0,3.282013641653889e-19
0,2.486879674384547e-13
0,2.046638675204202e-08
0,2.4971105318080683e-09
0,1.8895130421993753e-08
0,0.18070562978664648
0,2.904060647871624e-19
0,0.2544345201526803
0,0.38093990570936
0,0.015490771121176519
0,1.4006008551490206e-17
0,0.15382922165012958
1,0.6107140586806412
0,2.1643436321845182e-07
0,0.11884483225704806
0,0.005024021122318644
0,0.0003345641985487848
1,0.7363405257708252
0,6.423406892842953e-14
0,2.7048858568417935e-19
0,4.349025846682058e-11
0,0.5396128899365848
1,0.7248569149595854
0,1.980932484447265e-09
0,0.680373027680554
1,0.6704273198504034
0,1.914008866689335e-11
0,3.035369017823765e-07
0,6.623559755761182e-06
0,1.9174926312907918e-08
0,2.7011625737579603e-07
0,0.10393807257701403
0,0.17377418829999466
0,8.201656483985969e-13
0,8.868653330329355e-22
0,5.8459933460495e-07
0,7.485973316924898e-05
0,2.491098739238541e-10
0,0.001429710446045986
0,3.1119510331754365e-05
0,1.9015392607719923e-10
1,0.6255347046919929
0,1.4904974625520826e-12
0,0.3017921051553246
1,0.2840819798463148
0,0.19159869428885765
1,0.48516255665346836
0,0.24270237329898967
0,0.1697730204959043
0,2.9069768643880616e-07
0,2.556981417331375e-23
0,0.0001491962524828575
0,7.25181996340629e-11
1,0.6554494014879306
0,0.06049313317029162
0,2.8251715259050775e-13
0,5.746870549014157e-07
1,0.14002671841535402
0,5.189214193661819e-07
0,1.6973102273863164e-12
0,1.1020699413938676e-22
0,1.3874857854764749e-12
0,0.014267172234126265
0,0.20395960313972697
0,7.0997194784450575e-12
0,2.656636068296417e-18
0,5.272859781677149e-19
0,2.1615650189655064e-07
0,8.021883699764316e-11
0,4.628731182734966e-09
0,2.0195729032048036e-13
0,1.0503720793140953e-19
1,0.2692837674801456
0,0.29725495483849684
0,5.412927986451442e-10
0,8.717320833704456e-09
0,4.209235896600626e-05
0,1.6399213911327554e-13
0,0.38966909565713637
0,4.7962048742511544e-11
0,3.542155464571835e-16
0,4.817186934816186e-12
0,1.3647423069180648e-10
1,0.23819789164487143
0,0.1841383620762236
0,9.331741411481067e-10
0,7.126775226037806e-12
0,0.15273223022328689
0,0.1682187665453066
0,9.163751706667686e-08
1,0.1864321533132786
0,0.11277077141868633
0,1.2431276359567781e-06
0,0.24270002119704026
0,0.37490759291732056
0,8.834504063980433e-05
0,0.00010403275231085032
0,0.2620824223334741
1,0.5916400671317935
0,4.5989995179748417e-10
0,1.568918778386517e-15
0,4.852852035325896e-13
0,7.344597095635942e-18
0,0.15329677126970864
0,0.41661330597194884
0,1.6763449328076701e-06
1,0.9999015805546717
0,0.00014850748071455384
0,0.060061177641004986
0,2.9218324601704603e-05
0,1.1863036908961184e-20
0,1.5218098778713893e-08
0,8.316932833291782e-13
0,4.7620563867398e-08
1,0.280058191729801
0,1.1439477616529017e-22
1,0.3985216538709795
0,9.160712245803312e-22
0,6.9291476476415926e-09
1,0.16240201999070455
0,3.6730315467232567e-16
0,8.088234474468707e-14
0,5.6307111621003345e-09
0,2.8888423608981466e-20
0,3.7312056544878767e-20
0,1.1027338207860872e-16
0,0.05083613401502275
0,0.0007579882930296877
0,5.782653258127409e-08
0,1.038900209888413e-06
0,3.774653163838589e-21
0,6.110795062426369e-08
0,0.12930218966372548
0,0.3022876789130307
1,0.25691299790484323
0,1.3401473746509196e-09
1,0.48376794337266976
0,4.394797244630861e-08
0,0.4940362376076797
0,1.2300301210159864e-10
0,0.40559908637163844
0,0.00038231909678262846
0,1.4129472626916278e-12
0,0.5316472522472641
0,0.4746129359557945
1,0.3354802889571145
0,4.181534406614932e-11
0,0.6545814465828105
1,0.4714735951257513
0,3.6640308318479727e-16
1,0.43843038322703
0,2.19807320528788e-06
0,0.47015166243110035
0,1.0403132958865509e-19
0,0.3619484367387584
0,2.7039397292875e-05
1,0.345393809541498
1,0.7416952977937608
0,9.761298349189435e-09
0,1.5473443737352014e-06
0,2.6714736834053106e-09
0,0.05887344101420783
0,1.3379005043942424e-06
0,0.00023964553367823298
0,3.7802434506401744e-10
0,4.166943349371976e-23
1,0.2517042094800882
0,4.890505591737714e-15
0,5.606221949139027e-06
0,0.12377564802311786
1,0.7221874665156298
1,0.2969594970794664
0,1.1802564536546607e-10
1,0.29203527629263354
0,1.2760458050328448e-11
0,4.587878528702015e-09
0,0.06765089448976096
0,1.253347312901219e-13
0,2.349540529271196e-07
0,2.5463662388165e-07
0,6.215067118774757e-13
0,1.8972940654654093e-10
0,0.6294266347225334
0,0.39982554962943145
0,5.751591052808419e-22
0,0.5190171349116233
0,1.1650850240238785e-06
0,0.22061478826398728
0,5.441736018562687e-14
0,8.642159225511483e-15
0,6.191287046431471e-13
0,0.621982700869221
0,1.3708320723723109e-11
0,3.5738379572530086e-16
0,9.818102322606339e-06
0,1.095089041505741e-14
0,1.217372578551736e-18
0,0.42101399039412096
1,0.48138117857982204
0,3.3655300529857255e-20
0,3.694880574683645e-12
0,2.781954608511445e-09
0,6.02024103172998e-08
1,0.09617925347298124
0,0.000788616714177039
0,6.026133261869173e-22
0,1.7469696835825808e-06
0,0.13468798797751746
0,1.64021803360607e-11
0,8.045144613873085e-12
0,9.578240389383984e-08
0,2.3859407919495055e-24
0,1.5992519298497953e-08
0,0.3865734663304002
0,1.905751091418036e-12
1,0.4921016941932832
0,3.054010022756055e-10
0,0.22664275538380782
0,0.06111269001934545
0,0.35744953257218703
0,1.1224055856664962e-14
0,3.4085721257540383e-19
0,0.09490447008900846
0,3.7601417184594503e-16
0,9.721149021542254e-09
1,0.04415301125614408
1,0.16402628211358528
0,0.1552504874636124
0,6.092605439089656e-09
0,6.69538208573232e-08
0,6.479491434184152e-08
0,1.1798493922330837e-06
0,8.604254724406525e-15
0,0.2960564692416085
0,1.3799734764157327e-10
0,1.4954106643018035e-07
0,5.577316310688502e-06
0,2.2428572402195846e-10
0,2.0241313562917891e-13
1,0.4893106961981708
0,2.5615212534992576e-13
0,8.134456913498834e-09
0,1.9953326803168584e-21
1,0.45123090100428803
0,6.593548858109704e-23
0,8.364683686475981e-07
0,1.1621975048741487e-14
0,1.8582389715592372e-11
0,3.9617214701821755e-07
0,0.5378601721162605
0,0.26606063233722754
0,1.1385164850549866e-13
0,2.2846964173450809e-10
0,7.686618522936438e-08
0,1.2367805116003033e-08
0,3.557240286957406e-13
1,0.5762428707192901
0,4.440873620558127e-06
0,8.151574993261533e-12
1,0.26846319654488243
0,3.23114963432805e-08
0,2.772511586571569e-09
0,4.978059191550916e-08
0,0.21718880565172888
0,0.0031207591312030812
0,2.3518160346579018e-21
0,6.878790471824784e-10
1,0.3195807999122658
0,1.7229224569314733e-11
0,5.756594887452173e-10
0,0.05110552754198664
0,2.2777325861413423e-05
0,1.4315465895639569e-21
0,0.0004347856852767895
0,4.209235896600626e-05
0,2.6428054662790024e-12
0,0.005385175516833789
0,3.131163324901513e-12
0,0.4767055259103317
0,0.13372345632622662
0,9.53158509127416e-21
1,0.5753655574631094
0,1.2261617435560046e-08
0,0.03675611969216452
0,1.8437749591345013e-08
0,0.27432239745496256
0,6.36889360344955e-16
0,4.3733724746018233e-13
1,0.26108850111091064
0,0.22176660595225192
0,6.107830547461028e-06
0,0.07726045496876073
1,0.6734048361979763
0,2.965921178517914e-12
0,0.22528725484378304
0,3.1927120403409467e-13
0,1.7535101890348368e-07
1,0.4548674550195013
0,0.001529805075286473
0,0.37950208264565277
1,0.1797572139655061
0,5.8981565965070665e-09
0,1.255150257109902e-09
0,0.10498663573705047
0,0.49745881722006785
0,0.3347464286104607
1,0.49805492172617283
0,0.0007118049111267183
0,4.790393927982083e-10
0,0.22041086571682475
0,2.4575040453797806e-10
0,3.136724912975515e-06
0,2.9889745958373385e-11
0,5.181924504088263e-05
0,7.885634645006642e-20
0,0.012314557486023725
0,4.574805076665421e-16
0,1.6168013799359125e-05
0,0.3267450888311996
0,4.076209275660793e-06
1,0.3552099932907551
0,4.652713250139342e-08
0,4.193029813623388e-22
0,1.2375934846407094e-06
0,3.391014905885477e-12
0,3.8674357474911216e-24
0,5.615035462352744e-07
0,0.34405892852791936
0,0.45798262728072203
0,2.675826899407691e-13
0,1.3610334627406929e-09
0,6.678442700728877e-08
0,0.28888157742238735
0,5.481632295912119e-10
0,0.00018220945729102838
0,2.5222767975404366e-11
0,0.3239740625634902
0,0.012987262496552724
0,0.11457014921976988
0,6.211295726032833e-05
1,0.5464405768586694
0,1.8022041707619004e-13
0,0.30463264987544675
0,0.12189637254600318
0,0.2620708201407972
0,0.06039142631300865
0,9.368063247759387e-09
0,0.0013085290938121563
0,2.3302921850985257e-08
1,0.3216702878374225
0,0.002537525977988201
0,0.4077475879186814
0,1.1439477616528935e-22
1,0.37718978243692053
0,3.2498062446922987e-06
0,0.4537519042270922
0,1.8673735239333384e-16
0,1.7436722128784e-12
0,0.32258443393859126
0,0.206362193088148
0,0.30321725700925484
0,0.381635988125144
0,0.28187281776924594
0,1.5355836692940593e-15
0,6.2828555318044255e-09
0,2.9822233877836077e-05
0,1.2486694581474867e-08
0,0.07008430040923588
0,3.3188019860818137e-06
0,1.2332849700860556e-09
0,0.04693792535629341
0,0.0006916208514010779
0,0.33261878608450207
0,2.840016101834594e-15
0,2.9586552192741105e-07
0,0.1383815443357713
0,0.21528297825908738
0,0.19171894830103864
1,0.3055318731766411
0,5.414136079412497e-23
0,1.8877061246455116e-21
0,1.3553142807596433e-10
0,1.0113373535824211e-14
0,3.342140507246018e-08
0,2.405075688972527e-07
0,1.6198879164621032e-07
0,8.81073177837618e-14
0,0.6045819589891033
0,0.15642157564199874
0,6.187697297450404e-09
0,0.3154881875011113
0,3.542599960086181e-14
0,0.23313882457049268
0,1.1767442911245945e-12
0,7.223649333511148e-06
0,0.19053191833961677
1,0.5873356878853278
0,2.609846659954601e-11
0,7.572737217054051e-08
0,0.191720856092702
0,3.3819405883219967e-22
0,1.4172949743669734e-10
0,2.1474170235383768e-12
0,1.3148701252372515e-08
0,3.628544529280223e-11
0,2.2174914825843567e-07
0,4.003057890857739e-09
0,2.4520775173604136e-19
0,5.425142807223566e-12
0,2.0149521495140954e-07
0,0.0018136775502637663
0,7.81283631901058e-13
0,8.747190923622389e-09
0,0.29812712377369216
0,1.0624277298759494e-13
0,6.920986434188933e-22
1,0.36641905225569205
0,0.0009759793951117145
0,6.563467900917521e-10
0,1.0471799118079273e-10
0,1.2096016130923521e-12
0,0.13566563909316842
0,3.4777856175514305e-06
0,8.800343240276717e-13
0,0.14143543691768928
0,0.17487463723881547
0,1.9032882601152958e-11
0,0.0001264477284098215
0,0.16815839519113043
0,1.0423688142373061e-13
0,0.05957407406406146
0,3.645861141602771e-07
0,1.1008380532394661e-13
1,0.5035325509190727
0,0.3670977996202939
0,0.051657262966081266
0,0.373809497897876
0,7.782014220353318e-09
0,1.7515257205151663e-12
0,0.3503098827951255
0,0.011597181503516674
1,0.4850737633795742
0,0.06651930462956931
0,1.1846732894093678e-13
0,1.168849024132491e-06
0,7.003539190097622e-18
0,1.6519585604668268e-10
0,1.8173247166574626e-07
0,0.1763271250801578
0,0.14116902555053804
0,2.9456799707810425e-24
0,1.6399779442232454e-07
0,5.414136079412458e-23
0,0.28349601626249443
0,1.1544464991397293e-12
0,2.5389856781765196e-08
0,0.08861498202703796
0,2.3918214021439965e-06
1,0.5020126821488906
0,0.01987012126445625
0,7.456912872205321e-10
0,5.527402545118223e-07
0,8.479306714340163e-07
0,0.0003084756130942406
0,0.415068048629101
0,0.38238702901110927
0,8.151757548615369e-15
0,3.104615250406428e-14
0,0.28383989440614643
0,1.2105372431257045e-14
0,2.9017461596479214e-08
0,7.902042137267341e-08
0,1.4984387201505873e-10
1,0.9309266880512187
0,4.8837643359383154e-20
0,0.28561864911512364
0,1.317236842266224e-13
0,7.120377196185349e-16
0,0.3491529550890424
0,0.35584043002133975
0,1.0426433228343937e-08
0,4.5369538567829906e-14
0,0.005002168610262933
0,0.4471575788162353
0,0.020423210845040073
1,0.4781586163736458
0,8.382523200100266e-16
0,2.2958668615232078e-05
0,3.2342631678475295e-07
0,7.726172646214365e-13
0,1.5801611848283265e-12
0,6.495012056423985e-12
0,4.395341874601408e-11
0,1.549120812725156e-08
0,2.7885537105999944e-12
0,5.156312420543882e-10
0,2.544336640932244e-21
0,0.42953668439623577
1,0.3834106422972334
0,0.488563077351233
0,3.0473986056314745e-13
0,1.479539968921544e-05
0,2.1286901880493146e-11
0,3.077120077800687e-09
0,0.09091370071395688
0,6.406030328513014e-07
0,5.701276439724457e-11
0,5.071329027659819e-09
0,3.3084402292520376e-14
0,2.436168071078193e-07
0,1.1612598841027497e-07
0,1.1378923783076772e-07
0,2.1129765258806678e-05
0,1.2511286686860066e-18
0,7.580086424468944e-11
0,0.00035411201761925
0,5.357946615717772e-11
0,6.362514630058056e-08
0,0.26112272394584496
0,4.4276502635491315e-05
0,1.1831862568676329e-14
0,3.2729097025864544e-08
0,3.018917275462366e-12
0,1.7347127963281601e-09
0,2.9273620744456357e-13
0,0.11649837417426158
0,1.512205828541214e-06
0,1.3709829858208395e-12
1,0.7988891589349565
0,0.0035445893753535177
0,1.0154363369126154e-09
0,4.569068701535094e-13
1,0.3816699144752105
0,7.880085064001003e-08
0,4.6099427120973856e-08
0,2.2753411128307245e-08
0,9.095156485379111e-09
0,0.07132739609468193
0,0.25543602930136816
0,4.461155768373479e-10
0,0.10040707876621972
0,1.1202403712277528e-13
0,5.228404838846832e-12
0,3.811516068483035e-08
0,1.1722471423271001e-18
1,0.5804956705281025
0,0.17724801208958776
0,3.103574659446861e-19
0,1.780930387945323e-11
0,0.1384992602232391
0,2.3253499373044242e-08
0,0.0005964056238137239
0,4.367698545737609e-11
0,0.06335288068224755
0,0.25877420430207776
0,0.394062133994111
0,6.284291175082818e-13
0,5.816483882232223e-20
0,0.182769633034486
0,0.0025531337374133834
1,0.5051613136322858
0,1.568918778386517e-15
1,0.26358214129097374
0,0.32857656112144734
0,4.496006602984846e-06
0,2.039174745933306e-09
0,3.195403863296012e-05
0,6.246494421741044e-06
0,1.3942517519858222e-09
0,2.7235412721501144e-07
0,0.06474396687428277
0,0.16207559783761968
0,0.023029049267370975
0,0.055192849904044466
0,2.6044807984251425e-12
0,0.3745245472302816
0,1.4184281914018426e-07
0,0.0014355669010128508
0,3.88622506640101e-07
1,0.5170360142550835
0,0.5508484586597684
0,1.2760964724277335e-09
0,0.36039628254102624
1,0.3589066089591522
0,6.007830332326493e-20
0,2.8511696854199782e-08
0,2.8160667923251824e-05
0,1.95362733000732e-12
0,2.51791881343911e-13
0,7.091737633684427e-07
0,0.16898578729110422
0,0.0067559021223056945
0,0.06091075983170262
0,0.44346429407786775
1,0.4170085948549166
0,0.3613065586774539
0,1.3278820589078983e-09
0,0.018297082192584965
1,0.1916203619911784
0,9.967881637187762e-11
0,3.1611939744743756e-12
0,3.1278137258137417e-13
0,0.1386211635698432
0,1.103272926185248e-08
0,5.765236296918399e-09
0,0.4119363658907768
0,3.4236131614252388e-09
1,0.31544176775512645
0,6.162586276795608e-08
0,2.813574269989317e-11
0,0.046078131587790574
0,1.0843653265191596e-13
0,0.31184300091969164
0,2.8157388367170133e-11
0,2.8105431485191043e-24
0,1.8582389715592372e-11
0,3.008546239315062e-11
0,7.808037780792986e-10
0,1.6472557007812724e-21
0,1.6271512774552123e-12
0,4.454255672847754e-11
0,3.5435797177868395e-16
0,0.16754248974255986
0,0.00012696934735817632
0,1.811936937365087e-14
0,0.004034364649109772
0,7.380804369211806e-22
1,0.7672050536861609
1,0.40998416486794925
0,7.820531273752729e-09
0,2.145982041452697e-08
0,2.5076668098570853e-11
0,4.528358000587845e-20
0,7.208249523943712e-09
0,0.005893748242240344
0,7.211224547788192e-07
0,0.000846378291900853
0,1.079408851103654e-07
0,2.6060519938471682e-14
0,0.24912732574868818
0,0.43511693064166995
1,0.3463546118538981
0,1.4379791392112919e-19
0,0.43653924746342887
0,1.949914920950928e-12
0,9.277160444748811e-09
0,2.506798164952085e-07
1,0.3264336365243845
0,0.19608504494015744
0,2.335455958517998e-13
0,1.4409330191452772e-06
1,0.45459626926786756
0,2.8135742699893075e-11
0,0.09524002892949042
0,0.3571075866903863
0,1.8402507713663214e-08
0,0.27736980445630494
0,1.8532309867319385e-16
0,2.048257070290463e-06
0,3.046603427230135e-07
0,0.431919487316675
1,0.46154323989956153
0,5.284416375287325e-08
0,3.748001262770509e-07
0,3.5435797177868395e-16
0,5.997216570936845e-09
1,0.41455717038373097
1,0.42184050988182525
1,0.5718148177059488
0,2.1358026300400295e-22
0,0.3767259202076877
0,1.2460063156173703e-10
0,0.03428807012023517
0,1.7883839276788052e-13
0,5.658025551819033e-11
0,0.3824255321824311
0,8.315018384807011e-07
0,0.10686565132525684
0,5.48236316577477e-13
0,9.258640444392309e-10
0,3.244332457270665e-22
0,7.423941120191508e-09
0,2.584518131043247e-17
0,2.1824734520048904e-12
0,0.6580752199006619
0,1.2624177794374002e-06
0,0.0038764673779316354
0,3.864886933464653e-07
0,8.604254724406525e-15
0,0.09242944799753483
0,1.0895437482036109e-07
1,0.7007891095944111
0,1.8582389715592372e-11
0,2.285863118381982e-06
0,0.5209441445800347
0,1.571619255265986e-08
0,0.2810431805355035
0,1.2658037739134784e-08
0,1.3900744140232512e-12
0,0.0021904827443846695
0,9.848580652338673e-06
0,2.438643986977505e-07
0,4.642267781812417e-13
0,5.002987852279988e-19
0,5.995505686203488e-10
0,6.804987388064934e-07
0,0.009058039026852713
0,6.314944197888675e-13
0,1.4900325638431545e-10
0,1.1341862640894476e-05
0,3.6023592526024217e-10
0,1.320392816926287e-10
0,2.4164017831818784e-06
0,4.2560106412543e-09
0,1.1027338207860872e-16
0,0.23783059415163146
1,0.708680915567864
1,0.6267849182917742
0,0.03729929563046406
0,0.31876046768406446
1,0.2952069035751649
0,5.015454638091687e-07
0,0.08770469160314975
0,1.9232482155090104e-13
0,1.7306279271410564e-06
1,0.1854482928152289
0,0.5338195093981328
0,0.02172895998559954
0,0.2700272512540615
0,0.579673570810046
0,0.387632015312233
0,0.35025580221717356
0,8.183134441488398e-09
0,1.4085715233007456e-21
0,8.656202686968704e-12
0,8.353442355904028e-11
0,3.032845244748172e-13
0,7.402269374780076e-20
0,4.089868943595706e-15
0,1.068028023279001e-06
1,0.9261787159848504
0,2.915025762308156e-11
0,3.594478149545866e-06
0,3.2510303035860424e-15
0,0.028132712342193437
1,0.24567207969904825
0,2.0796633392966088e-15
0,1.1307276079533833e-07
0,0.005058282733124533
0,1.355320267065914e-10
0,1.3742773072219483e-10
0,6.73174969889023e-08
0,5.015191643933558e-10
0,1.227470580552043e-10
0,0.1394734698080049
0,8.599220810476282e-08
0,4.893364587582285e-16
1,0.42739138405874216
0,7.120377196185349e-16
0,3.246843986590287e-06
1,0.5504531628769765
0,1.3521639554149648e-06
0,8.56090823722681e-15
0,6.891756927559164e-13
0,3.2345029276136435e-07
0,3.062680509011618e-07
0,3.251924168825784e-08
0,2.3356656843329798e-15
0,0.20528916628583674
0,3.7359519929778786e-06
1,0.6150203789116104
0,1.8979546889102172e-21
0,2.066259611157687e-09
0,0.26293995776959334
0,4.1740087761991666e-11
1,0.4151370294464963
0,5.720420142074356e-20
0,0.38985092942717736
0,2.3557969993175067e-08
0,3.6876996744919224e-07
0,1.1005983298671744e-07
0,0.10934821148813348
0,3.0311332673660805e-22
0,0.02566155784871593
0,2.6740079378995262e-08
0,2.6850331542983276e-10
0,3.701801605842888e-13
0,1.919670391630619e-12
0,0.06745684497252949
0,7.194662461320899e-06
0,0.2724516384548208
0,1.3579825504299783e-14
1,0.48485326064353707
1,0.5697277300973387
0,0.041451590188976144
0,2.0600366284597906e-12
0,5.344882662800181e-08
0,4.090991042850343e-07
0,3.1527667553934867e-19
0,2.9347812338688416e-13
0,1.1811756035802036e-12
0,1.6304680625562102e-06
0,5.344882662800181e-08
0,0.1260925781455805
0,1.8873413837540347e-05
0,0.08849836970932982
0,1.2256970276012903e-10
0,0.000151482967078823
0,2.200886217678347e-13
0,0.16570291768310427
0,0.002233665938842987
0,1.3280926939910168e-06
0,2.1644517510513168e-21
0,4.806641862533788e-08
0,1.833150224154143e-06
0,6.787859815339854e-14
0,6.9468013993109086e-09
1,0.7450764165692382
0,1.5317317551605565e-09
0,0.006156901393666975
0,7.706290822502313e-11
0,1.7744021204061973e-08
0,2.0217667061690693e-07
0,6.647258947621241e-11
0,0.3101141725210117
0,2.915025762308156e-11
0,0.12130890012513913
1,0.34536617400850644
0,1.0934171375289993e-07
1,0.1671795811918159
0,0.0006922034637666834
0,0.1255072774374553
0,0.45690791302133676
0,0.0005170455108410923
0,3.453110688951376e-08
1,0.3009761808006179
0,2.248490970894432e-11
0,4.408841776224739e-09
0,7.003539190097622e-18
0,0.20576568178171728
0,2.4670364819238166e-10
0,1.4134918493279361e-10
0,2.4149065366338803e-08
1,0.4464704906600289
0,1.3833181245406213e-12
0,1.1925500032779096e-06
0,5.521291613594638e-10
0,0.07740495820076133
0,0.10552082497724753
0,0.23874647260679988
0,6.209367235840644e-06
0,0.11506655601662677
0,1.194635387722149e-15
0,3.9172742331371466e-05
1,0.518654106682968
0,0.47314346349336417
0,0.26051887307215993
0,1.2408991809399432e-15
0,0.00012318310896697055
0,0.04856033855466162
0,2.7792382334072745e-05
0,7.937517059877318e-13
0,2.8791912190829117e-06
0,8.761494237104344e-15
0,0.34804013571823217
0,0.0021848649847083716
0,1.0994422460885513e-07
0,0.21617931407787336
0,1.2388737897782436e-07
0,1.1785573071045381e-07
0,2.982305459202297e-07
0,1.3813273541830596e-05
0,6.5376652033301925e-15
0,7.652151067131101e-09
0,3.615584314183138e-13
1,0.1771279112376118
0,0.0003320687485782331
1,0.28760938370540085
1,0.5767148454516865
1,0.4803729818012866
0,0.1660313138815399
0,6.975514646357736e-21
0,7.943738785077033e-07
0,2.882974946049415e-06
0,1.8509445149878914e-06
0,9.293378720282503e-08
0,4.0931775391477034e-16
0,0.31102091476684035
1,0.3362853620020055
1,0.5404441279756056
0,3.8600598628815425e-07
0,4.786489515155647e-13
0,0.46909488139538885
0,3.979719608703456e-22
0,8.586383002656358e-09
1,0.3570998392893577
0,0.03613600616587369
0,0.07769580764902864
0,2.7332321652148078e-21
0,0.2934328214709745
0,0.025305462456085732
0,6.15300146719345e-09
0,2.9888891315407884e-08
0,3.563144813692093e-11
0,0.2689090390199487
0,3.443186180085703e-12
0,2.5782415366427134e-06
1,0.2630473008507221
0,7.066985783210152e-13
0,1.3222070589930424e-12
0,7.144972254732896e-11
0,9.880502284477886e-12
1,0.9969536639541838
1,0.42133832881114264
0,2.3356656843329798e-15
0,0.018142883264710145
0,4.5989995179748417e-10
0,0.08193004579232889
0,1.1410688964451618e-15
0,0.3211316689952439
0,0.17795725252704772
0,1.6051376994182038e-16
0,0.2405229626933767
1,0.34429792466692244
0,3.489134616337659e-07
0,5.62834114206919e-11
0,0.33544368430594185
0,0.05414139426500671
0,6.281178860973034e-11
0,1.320446644768664e-15
0,3.2782795338596e-21
0,8.9509578454312e-11
0,4.8780357602787115e-15
0,0.00826300294328096
0,0.16576049243479618
0,1.0737062125658881e-11
0,2.7968908237151905e-13
0,1.3665012212854522e-08
0,2.4984341288722513e-09
0,9.395227794896944e-11
0,3.4543392160785464e-14
0,4.520862309211563e-15
0,0.20041460792342877
0,0.31766265372329316
0,0.25193189122756243
0,0.25717713177612606
0,1.1600467662521697e-21
0,0.39736647387101653
0,0.17210946698421323
0,6.975514646357786e-21
1,0.23491760611189336
0,1.3833730837074204e-09
1,0.6945791863033619
0,3.415575422370525e-23
0,1.3973292421718316e-15
0,0.5744943815639314
0,0.11674629203350052
0,0.13744611368331422
0,3.616686689330935e-11
0,2.840016101834594e-15
0,0.3410909318683594
0,1.0811695215378697e-11
0,0.22927537818343705
0,5.660529801767385e-17
0,7.570088364563873e-11
0,5.459117888828454e-10
1,0.997410575823418
0,4.4268861663709256e-07
0,1.1355394967439736e-07
0,5.897800150872773e-10
0,1.3911147426400924e-06
0,0.41821927037154133
0,1.929428376873645e-06
0,2.8713038494896347e-09
0,6.923998391411333e-12
0,0.2877638207990195
0,1.0499171656553208e-22
1,0.23622665998095413
0,1.4232738127166227e-07
1,0.4745053028091636
0,9.175307018506896e-11
0,3.3655902872798923e-06
0,0.07572552519175116
0,0.18499286476979007
0,3.939449223188883e-10
0,0.6266727720949801
0,3.6204256845321873e-10
0,0.19512767829686875
0,3.0480602487339466e-14
0,1.5240397208650263e-07
0,0.00018888982880676793
0,0.1824685869394371
0,5.63077121939623e-07
1,0.6655125420573561
0,8.24978402256196e-23
0,3.886455602220102e-20
0,0.5351151615252635
0,0.5398932044614564
0,7.4917267433294e-08
0,2.9221524252140436e-09
0,5.18482870156524e-21
0,4.1497515577438163e-16
0,0.008897345158213624
0,1.0992960901895349e-08
0,6.630208708416741e-14
0,0.22110369947674188
0,3.881094514515203e-14
0,0.2937837756238071
0,0.39220575225081483
0,1.568918778386517e-15
0,6.609112327231988e-09
0,3.787282329987761e-08
1,0.21856649932531508
0,2.182408508826702e-10
0,7.064156583960959e-16
0,0.46510392162734476
0,0.3389367798479617
0,1.568918778386517e-15
0,1.0664580555862786e-17
0,3.304695720932983e-08
1,0.5313909947469194
0,9.121303724209328e-10
0,0.009402558282825582
0,0.006321369873891638
0,4.922443369125735e-10
0,2.1059909427338704e-06
0,1.3698375327980076e-10
0,2.701839368260258e-10
0,2.933800964085244e-14
0,0.39130603436996725
0,2.9395615680915373e-10
0,5.103256186056336e-05
0,5.632334979206837e-12
0,0.20655718077726382
0,3.117351889862293e-14
0,0.0918374815148214
0,1.1785573071045381e-07
1,0.45606231452720597
0,2.6060519938471682e-14
0,2.086047519584259e-14
1,0.4272936257938189
0,0.5910064629785748
1,0.33044129516973375
0,9.76437169796355e-06
0,0.2335717967158285
0,0.29885619008583114
0,3.5737149137580074e-12
0,0.3398515908207854
0,0.010385329908733696
0,1.2265586035157218e-14
0,0.38215092822632474
0,8.6205585226893e-22
0,9.113853202987262e-12
0,0.14405947253709986
1,0.20488155650232392
0,0.43534728339092577
0,7.7017273870093e-15
0,6.174779716642483e-09
0,1.4001558150680342e-08
0,3.0311332673660805e-22
0,3.887582835754861e-09
0,0.00078018756176125
0,6.886533425546925e-07
1,0.20412851468626997
1,0.4259715443181867
1,0.510733069594021
0,3.6107744166832e-14
0,1.1482393104340382e-08
1,0.4906397630646414
0,1.1727515044316408e-12
0,0.1761613883190311
0,1.0890310357428923e-12
0,0.6506376630391878
0,0.027717985350969816
0,3.8868084173476536e-12
0,0.456322195903329
0,9.577513006435869e-23
1,0.47954995219027946
0,4.432071267829908e-08
0,0.016424606807610688
0,8.56090823722681e-15
0,2.526515060743439e-07
0,7.485892943420162e-07
0,0.28808797306137995
1,0.4544328612930819
1,0.12047334884500983
0,0.14913183568047148
0,1.1658805232591493e-11
0,2.0412116949089388e-08
0,1.4716617811149124e-05
0,0.39567837275634
0,2.1860750461662806e-06
1,0.5462090968069445
0,0.00546750056451193
0,2.3442434278773407e-06
0,0.2647794472013266
0,1.3389229866479825e-08
0,8.900215340832398e-16
0,4.5989995179748417e-10
0,0.1738194460928039
0,0.17945347678428702
0,6.000238401325416e-22
0,3.73651851740518e-08
1,0.311350893535591
1,0.3007547798250139
0,8.304270393681082e-18
0,1.128267979055021e-15
0,0.09345858896622536
0,0.24860949455569786
0,1.3410048575819907e-07
0,9.21722502412862e-07
0,4.5438837835664205e-15
0,6.859101175556238e-05
0,1.843329872794856e-11
1,0.7837321496790759
0,1.1110386834415862e-11
0,8.944014313557109e-07
0,0.0035141919051119323
0,6.774165874809606e-09
0,0.08499547963261024
0,1.226616497749606e-07
0,1.403625952982894e-12
0,8.933526302196201e-09
0,2.5416413549771995e-09
1,0.4103576690291428
0,0.10876361888521872
0,2.0816435629632596e-07
0,2.630089307563961e-06
0,0.003105356206262978
0,1.4935787850873548e-10
1,0.40275676085641543
0,0.14398764331573244
0,6.7581300566771e-14
0,6.632886037140974e-10
1,0.16755396146325285
0,0.08895414382482515
0,2.283987116501821e-13
0,0.4466384554459014
0,4.4355509906084625e-13
0,1.9113226455568744e-12
0,1.0404204979536257e-16
1,0.6753435798204579
0,2.82994782313292e-07
0,8.729990490315173e-06
0,1.0132920256284659e-07
0,1.7370242159631505e-08
0,9.561773438124486e-08
0,7.949837355571723e-07
0,4.185898031577902e-08
0,1.7199088240314852e-07
0,0.3882598906881049
0,2.5990534202929304e-07
0,3.322049099960108e-08
0,0.1553256368356656
0,1.2094572777871754e-18
0,0.18294780277707792
0,0.17728175795042644
0,3.6072050319410158e-12
0,5.34336916402718e-11
0,1.436690175255387e-05
0,0.1301048067350448
0,3.085139355872964e-13
0,0.37721840667632445
0,2.1710801797090882e-13
0,2.2622987157866085e-05
0,4.6548431882844455e-22
0,8.428258935177916e-21
0,1.0617790739246706e-10
0,0.242102617909617
0,1.3236840237486794e-07
0,2.323494298527586e-07
1,0.16966665046341775
0,8.829054977441078e-10
0,2.492942525852992e-15
0,5.048927989716496e-05
0,0.024493790084833534
0,0.1395305144885531
0,2.0335805041928132e-07
0,7.442037346588937e-09
0,0.21000084017674558
0,0.2616559391492906
1,0.663636264932346
0,9.173517863743154e-09
0,9.399261335544909e-08
0,0.22293785052256254
1,0.42785288969163143
0,4.2348838989352566e-11
0,0.4564606570358562
1,0.5076152807600007
0,5.102003037798782e-09
0,8.724512525209098e-06
0,4.5596970512508766e-10
0,1.2644189010147416e-08
0,1.1299758102279513e-09
0,1.278864251946515e-05
0,2.726942369953201e-11
0,2.0121450079256244e-09
0,0.21745201554926072
0,1.922178459051044e-06
0,1.8035690923584045e-22
0,0.12014795094517698
0,1.2751977085459629e-08
0,3.475379845540032e-19
0,8.56090823722681e-15
0,1.9064047450190578e-06
0,1.9536426255530998e-08
0,9.683811838571064e-07
0,0.24193538284540148
1,0.11778619805682056
1,0.3093957078417219
0,3.970384830208245e-12
0,0.9090943317378772
1,0.4187058103269653
1,0.46084934324619004
0,0.10566135586028944
0,0.3828356099165427
0,0.12253407606640819
1,0.40600651989402
0,1.4449513562470102e-08
0,0.15689561093976892
0,1.0753908112020488e-12
0,1.9626451472051982e-07
0,1.1042371306612931e-14
0,2.021766706169073e-07
0,0.0897087596812088
1,0.524373342096346
0,2.68474760850675e-10
0,0.04569171063333579
0,0.04901366023068517
1,0.01523889339399586
0,1.2418698417697786e-13
0,0.2110698437412875
0,2.535656247022975e-11
0,1.1650850240238785e-06
0,0.20132326760401517
1,0.38772469511493846
0,1.511002693206067e-12
0,2.410894916345183e-12
0,0.003488598149612774
0,0.35715232964739774
1,0.4276022344708182
0,1.0066526580856142e-07
0,0.016991844493977597
0,7.120377196185349e-16
0,7.907673717071776e-07
0,3.413010395651094e-09
0,1.2107549667555111e-12
0,7.547663053124141e-13
0,0.35110066308705723
0,3.14874569574445e-08
0,0.5977417340722355
0,2.6758268994076724e-13
0,0.014512743927511177
0,3.123979793326373e-08
0,4.1294165749805396e-22
0,0.4111891468361981
0,0.04137877692977832
0,4.126300467412452e-07
1,0.6137709681845462
0,0.056285410999228444
0,4.369278235780026e-10
0,1.9593233655035857e-08
0,6.305708864496142e-11
0,0.15818993625818187
0,3.150348749857543e-10
0,0.004190562180485666
0,6.275334090035315e-08
0,0.038091538960930905
0,1.4543216241369428e-09
1,0.42124926976308547
0,1.0652612107485018e-09
0,1.278089895667737e-06
0,1.205503749254674e-09
0,4.45961984270432e-15
0,1.968828218576897e-07
0,2.021766706169073e-07
0,1.7881119890255855e-11
0,0.26547655479963184
0,0.17339757524973692
1,0.4428086233681252
0,6.702970219487706e-08
1,0.3251130551703536
0,6.27470226125051e-12
0,0.0516359825562524
0,5.262357229111467e-13
0,3.3012611415234836e-10
0,0.008829504344179203
0,6.897742420112806e-10
0,0.005057008153538712
0,3.3591860798158384e-10
0,0.2986820389956925
0,4.453176878134516e-08
0,8.085629200006598e-10
0,3.0352578785885267e-08
0,0.2797106121460082
0,0.14366564627500303
0,1.0510504959177301e-12
0,3.542200548251467e-16
0,6.439836574664878e-05
1,0.7704572151498114
0,0.14591290382090025
0,3.016228330454028e-11
0,5.616985281906035e-09
0,1.7886532001684087e-07
0,2.05108698415285e-11
0,0.516946363459454
0,1.059678501602846e-08
0,9.38695618007449e-16
0,0.00015693950048018346
0,4.5989995179748417e-10
0,0.31424486871551804
0,1.4157535615560272e-08
1,0.6375659247993308
0,0.3680274033774353
0,0.18315664430100495
0,0.1889075382289265
0,0.46902982794843356
0,1.675827652431418e-07
0,3.005762276337409e-09
0,0.053283526290884946
0,0.12630733236858072
0,9.914598984743702e-13
0,1.7201160881057313e-07
0,0.29846004641255647
0,4.654843188284511e-22
1,0.4333889208527284
0,0.13732067896926903
0,5.708109717458015e-11
0,3.3012611415234836e-10
0,1.8154279084248317e-08
0,4.800171659569586e-13
0,7.826824199250237e-07
0,0.20578953477162018
0,2.4708480872823646e-14
0,0.44915952994751573
0,1.984958296949996e-06
0,1.0270098325359208e-14
0,7.231214623821207e-05
0,8.8104182431634e-06
0,5.012631266770453e-16
0,0.20613969333848584
0,6.664593331412942e-11
0,0.2293151839714123
0,0.015381528688795333
0,1.5971686121636886e-15
0,0.38776019519112487
0,0.2907185271459108
1,0.7188333631196657
0,1.769247003474078e-07
1,0.48940715248033284
0,3.1640427986572485e-13
0,0.0013017266262567366
1,0.4782615279537302
0,1.2761758825688903e-10
0,0.2862354534457207
0,2.3413825590217773e-10
0,0.23281791686084996
0,2.7459471721441087e-11
0,1.4413033999103058e-10
0,4.9387793320451105e-09
0,2.4187120428823534e-12
0,2.810553504133167e-10
0,0.130251054879791
0,4.740593199438457e-13
0,1.1967487261948926e-05
0,8.56090823722681e-15
0,9.831164253633676e-11
0,0.09809601312907323
0,6.378815322971091e-10
0,2.27266519202749e-05
0,3.0311332673660805e-22
1,0.6377808584734519
0,1.806541234869821e-21
1,0.5184961449199195
0,8.542997948686636e-11
0,1.4344192714886528e-13
0,2.904869774274749e-07
1,0.34829771356366157
0,7.228129390385401e-05
0,0.3096060512363068
0,0.11954601122912288
0,1.3453942436247699e-05
0,0.3591303881096844
0,3.3097783004792934e-13
0,0.3658376990131708
0,4.646552915335697e-09
0,2.5513424652379047e-06
0,1.4461314340246568e-09
0,2.6166682986713115e-09
0,0.3024348315982999
1,0.14929282401299226
0,1.1841218337845564e-05
0,7.466062032429273e-15
0,0.14806552540681242
0,7.120377196185349e-16
0,5.442096708446392e-12
0,0.3191304032463694
0,0.3477359287349594
0,9.175307169870742e-11
0,4.5369538567829906e-14
0,2.452195950324679e-07
0,1.0047789250502596e-12
1,0.5374189147294691
0,4.454657404756963e-05
0,3.7836653191396706e-07
0,3.330841120283676e-05
0,0.0015407888035531276
0,0.06623209472697808
1,0.6378750484902467
0,2.3518160346579018e-21
1,0.7466733256531891
0,2.818197947584901e-10
0,4.56180593977544e-07
0,5.968789048871094e-13
1,0.9948046904552482
0,3.5746935613429115e-16
1,0.44602742768444253
0,1.8023246422756404e-21
0,0.2602843877920721
0,5.721720799192827e-09
0,8.503254816330879e-08
1,0.40729204196966534
0,1.3984999512056353e-12
0,0.4759803059670956
0,3.617555828638152e-13
0,1.685461135950963e-08
0,7.228129390385387e-05
0,8.119845333188498e-06
0,2.8399465597524436e-06
0,1.3311370466504507e-09
0,5.66835828288937e-13
0,0.46390766431694663
0,1.743904093535055e-18
0,0.001503983441925942
0,0.2861100423793181
0,0.08563802244640886
0,2.428975023163339e-12
0,2.1326682390265128e-12
0,0.21809818485586918
0,1.861457896954653e-08
0,1.5039779992286087e-10
0,0.0005319146524632947
0,9.948115723361995e-15
0,4.584249270988514e-11
0,5.980092093519427e-12
0,0.0001260015957181621
0,3.958860478108801e-10
0,7.736920218269404e-15
0,3.1056473400522483e-19
0,1.1344401180458035e-15
0,1.3656686702455942e-14
0,0.5288777482576589
0,8.300700807717259e-22
0,0.563612267085115
0,1.6658349701284718e-13
0,0.2554864162009066
0,0.41935597589925905
0,0.2484819006819977
0,1.8833222528497832e-08
0,2.3049891672058178e-08
0,4.5730940640906204e-10
1,0.7468549744678558
1,0.5900136237329439
0,0.9491945508597716
0,4.096215114897028e-22
0,2.2094126639786353e-13
0,1.2606952800232213e-09
0,0.19348642232319857
0,2.423225994524369e-09
0,8.56090823722681e-15
1,0.5066689261656828
0,0.00575020167003895
0,1.7648799176815418e-12
0,2.5352802911902263e-08
1,0.30849063769782264
0,1.0790670363207243e-10
0,1.0582649065416696e-12
0,0.002076711068404924
0,7.092869817751399e-12
0,1.2382071829794075e-15
0,5.795803267220729e-13
0,2.9513924559448226e-09
0,0.13377934105338773
1,0.16849473448886412
0,9.549481276161087e-13
0,8.029289904428865e-08
0,7.516393861073604e-08
0,3.91067931066271e-06
1,0.9834931652986694
0,0.37507140642644643
0,0.02261109628493665
0,0.1368539009045083
1,0.24078950673603808
0,1.568918778386517e-15
0,7.740807173485289e-22
0,5.4826785211839583e-11
0,8.365491344144879e-08
0,0.429191425050093
0,1.059678501602846e-08
0,5.666527877009962e-22
0,0.141745406957261
0,0.019473453804680026
0,0.16585471747882158
0,2.0954605308929017e-12
1,0.24960766481368082
1,0.5742706939956488
0,1.5375951283114057e-07
1,0.7956097854288346
0,0.2425948503629949
0,1.1767605642509284e-06
0,8.56090823722681e-15
0,4.209749590405399e-16
0,1.4241969684042077e-15
0,3.3955078725988643e-06
0,4.571880423514281e-15
0,3.3090753992121034e-06
0,0.10666291390781128
0,0.2771533097054922
0,2.3125868164017097e-13
0,4.276116388377953e-13
0,4.525127874248402e-06
0,8.304270393681082e-18
0,4.0839752436810273e-07
0,0.2607050041997408
0,6.457735012113636e-08
0,1.320843348196812e-10
0,0.13436589588709807
0,1.4635878140407081e-10
0,9.48426713075428e-11
0,4.2193913365742186e-23
0,1.6251652186926032e-10
0,0.2179817119152655
0,5.874385003282199e-05
0,0.5651374131777045
0,1.798445129870718e-08
0,6.96115727845206e-09
0,0.3728132770089681
0,0.23589982031991022
0,1.2199603649657016e-12
0,5.958941795992736e-09
0,0.09303265267105196
0,2.410829111882886e-19
0,0.004825904791358202
1,0.34921899263325995
1,0.668276547757273
0,2.394459081536097e-08
0,1.7092619447189306e-07
0,0.001250559710321642
1,0.2102808454286063
1,0.2579333681328291
0,3.926402606294954e-08
0,3.993142587559865e-20
0,0.0005613662566269608
0,1.7478788747159583e-08
0,3.385828010649655e-13
0,0.17692987746384206
0,0.0067424068076731855
0,0.013790685978485467
0,2.293297939022303e-12
0,1.3954479869436531e-11
0,0.4674629836770859
0,0.11331058093517693
0,6.731173331927332e-14
0,1.5651314242331815e-08
0,0.3520968432802327
0,0.18345991149986035
0,2.0667822519387547e-08
0,0.035060824486840496
0,0.0004103343601164426
1,0.4165236176739075
0,8.250382906667093e-11
0,2.440343691258682e-11
0,1.0200360697958805e-07
0,3.180027876146291e-08
0,1.873458325043763e-08
0,8.094963420144468e-07
0,1.3246410387981615e-09
0,1.7215757586233117e-05
0,0.0473212833790723
0,2.4163168765037096e-07
0,0.14090932542323084
0,1.155456450295666e-22
0,9.968334638495401e-06
0,1.3010171795049335e-07
0,3.780644218787791e-14
0,6.108431959581355e-16
0,2.4831986549286303e-12
0,2.733682381393335e-08
0,4.882484063723708e-09
0,3.708930097701809e-07
0,3.3333734022986045e-09
0,8.767705054363989e-07
1,0.560567806233131
0,0.2340402766183421
0,2.7968908237151905e-13
0,1.497212974588332e-12
0,0.19331184027451292
0,1.1100861860779654e-15
0,0.12739684199459192
0,3.5435797177868395e-16
1,0.2874696896627022
0,0.09166768664673756
0,6.793837982416826e-13
0,5.578989221097147e-12
0,2.8522201945075165e-11
0,0.16257407045112596
0,3.958794173467478e-15
0,9.114525997739888e-07
0,8.344672781686707e-08
0,1.319099227932231e-06
0,7.097151982754461e-08
0,0.38523937958799187
0,7.587691096459841e-11
0,1.6814598761350074e-21
0,0.2250520798104759
0,1.2193372475139966e-11
0,6.311266802377382e-08
0,0.40735376363268516
0,1.2760458050328493e-11
0,0.053272332087041865
0,0.14614090861275722
0,0.12200414738382001
0,1.084962852592633e-09
0,0.2178404055056008
1,0.3278742947996422
0,2.3446139873750378e-21
0,8.497426076371201e-06
0,2.250207290222668e-07
0,5.898017560041241e-11
0,1.374661927162066e-11
0,2.4265105849674086e-19
0,1.4721545981683084e-18
0,1.870824665266299e-21
0,4.86477329780083e-12
0,0.05109412544258966
0,0.23112429029523432
0,1.5799446253535495e-06
0,8.348171894947133e-16
0,1.8446363916453792e-11
0,2.496483500165337e-05
0,5.910260792946612e-12
0,2.2820757072777632e-09
0,9.12734191857112e-07
0,3.313265091035803e-06
0,3.2124828683138006e-10
0,1.6918473710789149e-10
0,2.1581346077313957e-07
0,0.0007208712065235896
0,1.1439477616528935e-22
0,2.7769165606909705e-13
0,1.150810528387657e-06
0,0.671652726123691
0,2.101463080502137e-08
0,0.34530540374760854
0,0.17188296957871263
0,8.244154281681294e-16
0,0.20132458556480196
0,6.975514646357786e-21
0,1.5452713712027783e-10
0,6.980814181742174e-07
0,1.567050501663788e-08
0,9.415833377574993e-12
0,1.0794806607860855e-06
0,4.42620759351401e-09
0,1.5976649639448978e-19
0,9.920524514092367e-21
0,0.002201702382112542
0,7.18973423423322e-20
0,8.56090823722681e-15
1,0.9140491158984734
0,0.10146254575892312
0,1.033159254397789e-12
0,8.647775475421509e-07
0,1.4997023789979085e-06
0,0.13624488199158225
0,4.529820613575361e-17
0,6.887736148545855e-10
1,0.6340578473694213
0,5.0665921570173655e-12
0,2.060841306176067e-22
0,4.7972099363080985e-09
0,2.4053409718595386e-14
0,1.0335791255044985e-05
0,8.410839011707155e-12
0,0.3512975697838283
0,0.03881804081000167
0,3.594495701298221e-11
0,1.8682890655784803e-07
0,0.0008479077053338234
0,2.156685366660455e-17
0,3.6727199240913904e-16
0,0.04042006834833517
0,0.14428532457593107
0,1.4322064186897373e-08
0,3.0167642188195487e-11
1,0.63628554371607
0,1.5612305125607897e-10
0,0.1306316325579576
0,8.56090823722681e-15
0,1.0685687906624008e-22
0,3.8723192614329224e-10
0,0.05719118220808947
0,7.755587259163537e-08
0,0.47061852556511674
0,1.1785573071045381e-07
0,3.562451702057448e-11
1,0.739639739190667
0,1.4643645501860747e-07
0,0.4216530668746227
0,0.10283798010103586
0,0.6995527091080477
0,0.6896947737823705
1,0.37123756759173676
0,8.818597297299402e-06
0,0.00014380825530438157
0,2.474788011263189e-12
0,3.257159609457057e-22
0,5.816483882232223e-20
0,2.1644517510513168e-21
0,1.8214180571484577e-18
1,0.6945667560002884
0,2.3584100570064973e-20
0,1.4222013848574008e-12
0,0.14678501450294348
0,2.245676878621892e-12
0,5.128897816083353e-07
0,0.042585569089430446
1,0.32657472530819043
0,0.22680378734984583
0,9.462169998188605e-22
0,0.02836477898660776
0,3.3177178846919002e-06
1,0.2959735294910717
0,4.6439929239903405e-10
0,3.436266410012299e-10
0,1.0393555538682354e-08
1,0.4313713303752559
0,0.12689381645454798
0,2.4771831347691107e-07
0,2.5711063338809972e-15
0,1.6177677197910857e-07
0,0.09695230909546643
1,0.3959284217799237
0,1.7460046713513133e-12
0,0.1361265029086335
0,1.5783901988839763e-12
0,3.472732024464599e-11
1,0.6419465623646698
0,1.5050105206675443e-08
0,2.1802974247035417e-08
0,1.5475954214047916e-18
0,5.212502871486541e-20
0,1.1699065870027112e-06
0,6.124673099768534e-18
0,0.380527718680727
0,8.604254724406525e-15
0,7.371325558004299e-11
1,0.845565267452828
0,5.087171278221922e-10
0,4.693917861967374e-06
0,0.1775010310260504
0,4.734997127290613e-06
0,0.22135194777715306
0,5.32441574468749e-09
1,0.4103072264091272
0,3.2782795338596e-21
0,0.11928208781709464
0,0.5313454175148868
0,0.318273202566562
0,5.260065653001507e-09
0,4.470307696320335e-12
1,0.44454355784284894
0,0.41510991976471634
0,1.4553165964371237e-09
0,1.2216672990227036e-10
0,1.319099227932231e-06
0,0.1215223802949232
0,0.19671127859242235
1,0.3744985430471081
0,1.1736987336481604e-10
0,0.000129993966686588
0,0.4989624377301795
0,3.6489116264279303e-16
0,0.017246395600342985
0,7.570408546522781e-14
0,1.454882856006808e-11
0,1.0962602962403808e-08
0,7.290329942056153e-12
0,2.9414188836301964e-22
1,0.19042579953148153
0,1.1089224125777328e-12
0,0.09424509332386342
0,8.138942117211468e-22
0,1.0798487966214059e-05
0,8.486748388156806e-09
0,2.8135742699893075e-11
0,4.5535498179367725e-14
0,0.30273694434204107
0,0.00024286112279788935
0,1.7840004234447216e-08
1,0.25594120694076206
0,4.651233794858664e-19
0,1.1872423899349993e-11
0,7.092770222006609e-18
0,2.3518160346579018e-21
0,3.571247351225267e-09
0,7.466062032429273e-15
0,1.4915103610661783e-20
0,0.22746458228750127
0,3.166360198736157e-07
0,1.0925365140742347e-12
0,1.711110034895934e-06
0,0.5049876905105584
0,3.5435797177868395e-16
0,2.3595340714813984e-11
0,0.04308380420669731
0,2.981645858070111e-22
0,1.613729255324378e-05
0,1.437071706051648e-09
0,3.5746935613429115e-16
0,0.3307578905789959
0,5.36389657357745e-10
0,0.2762970842264625
0,0.3970662907600747
0,0.011790015471949005
0,1.483746210977959e-06
1,0.5607498884953516
0,0.7385993623469339
0,8.36589962198974e-06
0,6.041161233049393e-09
0,0.00151747713099485
0,0.4414511078026883
1,0.2918225059138142
0,3.4643051162926307e-07
0,3.4793497423746655e-14
0,0.15515708978996937
0,0.000519841423457999
0,0.2634415582711604
0,0.06867609736337217
0,1.4479428428119113e-06
0,1.6697496729668244e-08
0,2.8833479547215428e-12
0,2.5568289603844467e-10
0,3.413723053260704e-11
0,4.620623225677925e-16
0,0.10949344363265752
0,0.33021809910086825
1,0.9798956144228778
0,0.12900779408571825
0,2.095879200729071e-12
0,0.040309341677138094
0,2.259749943819822e-13
0,0.13971114688032837
1,0.6961970044965309
0,9.368063247759387e-09
0,2.6292361999557326e-06
0,5.453985954521099e-22
0,1.2362503684511847e-09
0,4.750041575438701e-19
0,7.342354731438896e-10
0,9.462302818874909e-14
0,0.14198805453457208
0,0.5184332999922592
0,2.9592243882355834e-12
0,1.9199829460110593e-13
0,0.5816149170761122
0,4.933590578132177e-17
0,7.736337120256227e-16
0,1.5754698500716083e-12
0,1.2275156937054916e-05
0,0.22154434228794745
0,2.4800168163193246e-06
0,4.255733705907877e-19
0,3.684278192050224e-11
1,0.42740765347538273
0,1.7392808564550084e-12
0,1.1802921892863684e-11
1,0.6454793016971557
0,0.0006494175937849474
0,2.0122875988850755e-08
0,1.0355489702214808e-20
0,2.2513571174201205e-17
0,1.999769260283139e-06
0,0.16243402949894808
0,0.09336802816950285
0,2.871243570291576e-13
0,5.0593542916919896e-15
0,1.4112338043268924e-06
0,1.2728194974404222e-06
1,0.7473448303918315
0,4.088549389445369e-05
1,0.4521698722280462
0,1.7453635027282277e-09
0,5.0930615263913346e-05
1,0.4076276401193676
1,0.1663376397691142
0,7.466062032429273e-15
0,8.449359616896104e-08
0,0.00024386320810571328
0,0.037180922561683774
0,0.17732164362646227
0,1.0147559044904056e-09
0,2.032264499017873e-06
0,0.34970580547749686
0,1.754951959054122e-14
0,2.064834013230694e-18
0,7.894741018560745e-11
0,1.3238608221332846e-06
0,1.4315649940381066e-06
0,1.061862432380727e-08
0,4.626759529550603e-11
0,5.079733661960349e-09
0,1.0979742116494512e-21
0,2.75675776910531e-13
0,0.10150925749353681
0,1.700288689698938e-19
0,0.542857652506126
1,0.7782112535309412
0,1.1946353877221407e-15
0,2.6076000751609136e-06
0,4.338552336850517e-12
0,0.08926426504844513
0,0.00012527731460489682
0,2.7968908237151905e-13
0,4.1809933462327186e-06
0,8.405470816640006e-06
0,1.6389142404411364e-11
0,1.2002235068829626e-15
0,0.022490181468430136
0,0.3631030106372649
0,3.9227809745483655e-06
0,1.476037271740234e-10
0,1.289754505408186e-05
0,0.15126264244390022
0,3.7280295538964362e-06
0,2.013092930753738e-12
0,2.826403865653894e-22
0,4.824757253501995e-10
0,0.4734724213915455
0,3.2782795338596e-21
0,5.536160301559838e-06
0,1.00800505048909e-12
0,1.2129287553498486e-11
0,1.607288782255391e-06
0,1.142323357093213e-11
0,3.168325540222074e-12
0,0.17147981257701708
0,4.50751309259576e-09
0,1.1002983540744427e-07
0,5.1304133127388665e-11
0,1.4869577353183417e-11
0,0.46356559905548167
0,0.30422176632798364
1,0.2689232234668665
1,0.4960592353188938
0,3.968172095357819e-06
0,6.159901065033592e-07
1,0.30961183698902867
0,1.8794232546392917e-12
0,8.98995900944438e-09
0,1.628921338408132e-07
0,5.252072531776803e-10
0,0.06415088498008845
0,7.676755929382238e-08
0,6.821457808180055e-12
0,3.8574260874222275e-12
0,2.8292727834387466e-14
0,2.5400929094767854e-11
0,1.1192757437475235e-07
0,1.530646433287938e-13
0,0.16312403196168732
0,1.3775789852104104e-05
0,2.733456007978744e-07
0,3.357611083241345e-08
0,4.628731182734966e-09
0,8.236699137043192e-09
0,2.007077476026578e-12
0,6.04952836600741e-10
1,0.7325895311873181
0,0.11898778183094619
0,8.787236725703623e-07
0,2.3044853636822406e-11
0,0.033734924429238734
0,3.7461146313310876e-22
0,1.7188390766783353e-09
0,3.3650303240848705e-12
0,1.3565716950103544e-09
0,0.0036140649331501727
0,0.0072312236319300015
0,0.3591746131987669
0,1.3933207101109857e-06
0,1.4047797723280474e-10
0,2.5112562332969407e-05
0,9.27186880515326e-05
1,0.2979973493276826
0,0.00021126664865481405
0,1.9715379361406184e-10
0,6.946801399310885e-09
0,0.15478691030479888
0,1.2317624380714255e-09
0,6.915638341696583e-13
0,4.5989995179748417e-10
0,0.2449124717840223
0,3.155963120918426e-10
0,7.815994706858862e-08
0,9.861765181552721e-09
0,0.04291758242546182
0,0.2875292337682348
0,2.7062090787609326e-15
0,1.0935711575778568e-11
0,0.16902790855092326
0,3.110623514855291e-10
0,2.3946666649972355e-06
0,4.5989995179748417e-10
0,0.10317885690620285
0,1.079871440671276e-12
0,0.4978140767762455
0,0.00015749903717680378
0,4.690576099875888e-06
0,6.060139059057787e-20
0,7.647416571835902e-09
0,1.0138832691996393e-10
0,0.022223131308318156
0,1.8364978492826377e-09
0,4.719127379881926e-13
0,0.364697903848226
0,1.4049652252659588e-21
0,1.986840044085724e-09
1,0.44131405364804843
0,2.389074671894933e-07
1,0.7688640805807274
0,0.0007950665538343554
0,0.019787202558578337
0,0.15910425854707325
0,1.5984875361784908e-08
0,3.3032639233439807e-16
0,0.33634682441117075
0,0.5883874675571591
0,0.0009721250067178644
0,0.02716273183484067
1,0.35097105815712343
1,0.8821510748558925
1,0.31673150061113603
0,1.2751977085459675e-08
0,2.1389065341912256e-15
0,2.42325126326114e-06
0,3.780816669090064e-08
0,0.3149526730415786
0,9.368063247759387e-09
0,1.568918778386517e-15
0,1.9952731063877495e-06
0,0.0008903320518458673
0,0.1303329152825495
1,0.321051872154413
0,0.49140283707275073
0,3.502174160908201e-10
0,1.8411620360823658e-21
0,6.10947642045891e-05
0,4.5989995179748417e-10
0,5.502741792351337e-09
0,0.2506800352356298
0,5.260065653001507e-09
0,1.4984387201505873e-10
0,0.36736898276894986
1,0.3708456358827392
0,2.08845548493751e-11
0,5.22038580112754e-10
0,0.0008657154470724551
0,7.558300390253266e-22
0,0.03916621878967873
0,2.7968908237151905e-13
1,0.1084369818132436
0,6.643235823449464e-12
0,2.1627509480553282e-11
0,0.008392629332138784
0,3.678118307561724e-22
0,8.176048042427477e-09
0,0.25282539021569245
0,2.464625513302902e-08
0,0.42612461315923406
0,3.553163327599237e-16
0,8.365480269304977e-16
0,0.1671534416570855
0,0.00023304364968004798
1,0.524704313694606
0,0.06119197561225766
0,4.279601092863475e-11
0,0.04952509723113558
0,0.0161742380304953
0,0.39597476960585165
0,3.4244708187264485e-12
0,4.008329797559777e-14
0,1.2363625840599895e-07
0,4.253742956947211e-06
0,0.26325546894927426
0,3.3780987967117495e-07
0,3.059095271367336e-07
0,6.006531432729978e-16
0,4.253563466459155e-22
0,0.26303318107675155
0,7.893197151575187e-11
0,5.503034717271136e-11
0,1.5971686121636886e-15
0,0.000129530747038331
0,0.01891694858526685
0,0.244964384936342
0,5.472479887196794e-11
0,0.19712051590673257
0,6.028803179744732e-10
0,9.421068505776337e-17
1,0.5192149069915394
0,0.41666550507430206
0,0.0016902107797379775
0,1.482582052717838e-08
0,1.460287817281093e-07
0,0.1715806147686805
0,5.207052952013137e-08
0,2.982305459202286e-07
0,2.930650787224651e-09
0,0.299341537636042
0,1.8224302779431165e-22
0,1.4392735562300485e-14
0,0.15545065771827993
0,0.036310895950768154
1,0.624974366910182
0,8.370572248580362e-15
1,0.5575927332816728
0,6.989598613572002e-05
0,0.30626317227518
0,0.10490707609970566
0,0.04056069742897955
0,1.293953160450401e-09
0,4.1257484891385685e-05
0,1.148112843401143e-07
0,0.299383391968386
1,0.3223502034491864
0,0.20709463543079637
0,1.657974702135215e-17
0,1.475836444746903e-10
1,0.3501925703186091
0,3.301021798252322e-06
0,4.416138780473709e-11
0,0.3074263443466937
0,4.480804089593273e-09
0,1.2127412989992732e-11
0,6.873843141229089e-22
0,3.01630464155532e-10
0,1.0088046293839733e-08
0,7.506684622195421e-11
0,0.016481399339469616
0,1.2734413563300267e-06
0,5.423707964013014e-06
0,3.180451343818217e-08
0,1.2354700492198986e-11
1,0.46813871650116146
0,0.004557697306006488
0,1.7144646450944635e-12
0,2.7823643402032034e-07
0,2.6238375876361436e-13
0,0.2537509163399333
0,0.0805275101396531
0,2.894685150348852e-10
0,1.3330938285034802e-10
0,9.411861176302485e-22
0,0.24877018426037997
0,2.994850344918748e-10
0,4.19743531576674e-19
0,6.633568822775364e-16
1,0.3410558876747128
0,2.0425279895357402e-09
0,9.690772034142668e-14
0,5.685037316604774e-06
0,0.1548112137813191
1,0.2374785693596189
0,3.5825435102321614e-22
0,0.21637379350821812
0,5.619337193204443e-09
0,4.642267781812417e-13
0,0.29817258100862554
1,0.03291039267657047
0,4.070229149816047e-05
0,6.432231491455588e-19
0,4.096215114897028e-22
1,0.1298559654836552
0,3.1616036588007955e-19
0,0.0006404345812445352
0,1.9185384459613436e-13
0,8.092708866332787e-11
0,9.888481069989512e-07
0,1.078663892235369e-09
0,0.02550487829265623
0,0.2510991894251631
0,6.92238896070379e-08
0,3.602284551605737e-12
0,0.09583589838575177
0,7.684218388275e-11
0,9.065944503165351e-07
0,0.33722462283179633
0,0.22218076330017553
0,1.183357648534184e-07
0,0.20380083656223377
0,2.012529903109965e-08
1,0.522545529976867
1,0.4770519382947824
0,0.012444785964118004
1,0.557592733281673
0,0.24329984295388254
0,0.2042463333799488
0,1.0428569493164476e-09
0,3.76718994042528e-06
0,0.1639986555309302
0,2.873827446686739e-13
0,1.1136736508429853e-05
0,1.4829446979554288e-18
0,2.4843637244504392e-08
0,1.568918778386517e-15
0,0.2590482843680002
1,0.2496062592366756
0,1.6832164143434932e-08
0,2.3228854667312794e-07
0,0.07265344901742919
0,6.495750109975168e-08
0,0.11413900012895573
0,1.7105663153020704e-11
1,0.13129842796012703
0,3.915315638672967e-06
1,0.706491438491263
0,7.120377196185349e-16
0,0.07800731244721537
0,1.5017975907459908e-07
1,0.5338265015553455
0,0.02502886304205068
0,2.074962412946538e-13
0,0.49412119221489464
0,0.11809994416509198
0,2.616372672867435e-11
0,0.1229193081890222
0,0.0006762865166085512
0,1.0488487724059755e-10
1,0.33105723014860516
0,2.1547928134528562e-10
0,0.2448245067244321
0,1.310448796293726e-06
0,0.04431128578039951
0,0.00246157923205264
0,7.787879349154972e-16
0,0.18557717417057257
0,0.06990407003727933
0,1.9986854321283617e-09
0,2.17291513521183e-08
0,0.16886746864950805
0,0.20660022615450874
1,0.08580055375183666
0,8.95141409391864e-08
0,1.3347306501024596e-15
0,0.7088780721282684
0,0.13358404037350666
0,9.912157668449068e-07
0,4.5407836053842304e-08
0,2.670392926367375e-10
0,5.025231938344015e-13
0,1.3279470181940707e-07
0,0.30587540884381637
0,0.08408800241624564
0,0.004824296110127032
0,8.56090823722681e-15
0,1.83828538424759e-07
0,0.30890656566284486
0,2.32034642742467e-09
0,9.195284337619812e-12
0,8.604254724406525e-15
0,2.673543686335573e-17
0,2.973704463593322e-10
0,4.439336627987521e-22
0,1.242198532351321e-08
0,2.2249628337224543e-05
0,3.774567242068874e-12
0,4.728330093829368e-15
0,2.0127145300103585e-14
0,0.003575043945842184
0,7.948589004741918e-20
0,0.13414252724695483
0,0.13360258618400528
0,2.8636029657269096e-13
0,1.289123958802658e-14
0,3.1324485490491467e-06
0,1.9132958149005922e-11
0,1.2274028613165024e-09
0,0.00018409795917301473
0,2.166169104388429e-07
0,0.0018828886498729208
0,0.17590864499098477
0,3.678118307561724e-22
0,1.1860777629423036e-06
0,9.5245709113765e-14
0,4.5989995179748417e-10
1,0.5563831854538532
1,0.5492402259697968
0,8.835234443173844e-07
0,0.3784649461841089
0,0.0032447599028514094
0,3.7337393704734014e-06
0,0.2001545569431551
0,6.416268259133256e-08
0,8.501872419782815e-15
0,0.45987403871341814
0,1.961189220210904e-13
0,1.395602665728403e-10
0,2.4250768982433663e-12
0,7.292562675516203e-21
0,4.8012741570438356e-21
0,1.1513408027064074e-12
0,8.224742917271548e-07
0,0.2371252941932045
0,0.350959601948908
0,0.21940488199357
0,1.9129482223486685e-12
1,0.31762474699734716
0,9.175404195427445e-11
0,2.4520775173604136e-19
0,3.5435797177868395e-16
0,5.03727791384659e-13
0,0.20589941024797323
0,4.674619686151551e-07
0,1.7667487118829646e-13
0,7.233384151555617e-16
1,0.4484564061753772
0,4.0911196601412427e-10
0,9.050141753576149e-06
0,4.145006635967788e-18
0,3.4528364244172054e-19
0,7.883087026032241e-11
0,0.414786673481503
0,1.2935508645740945e-10
0,0.10808520115587125
0,0.2441211663260224
0,2.512021440279598e-18
0,2.1652354292350776e-15
0,1.6541676604813802e-07
0,1.4519290100453342e-09
0,0.08811110312715481
0,0.021873755746013114
0,9.821557341295807e-09
0,9.561773438124486e-08
0,0.10161937700966159
0,1.1585881574009874e-14
0,0.12570675080134946
0,1.3560759658599193e-10
1,0.44501125939777064
0,1.678911184339803e-12
0,4.476605917388147e-05
1,0.6073003881174146
0,3.0251599263273523e-13
0,1.5971686121636886e-15
0,3.6527466820673166e-08
0,3.93306612239688e-15
0,0.33385826783005107
0,4.0602059079365336e-07
0,0.46168778065127214
0,0.3420636834463585
0,0.16089442692094424
0,0.01256745472097073
0,2.852378908672615e-10
0,7.387474258890883e-05
0,0.128432091493279
1,0.5204697019304502
0,2.7992198836703144e-05
0,5.129257732992937e-17
0,0.2372322156446434
0,2.3462415410252224e-12
1,0.5106509800132615
0,3.499645083958749e-13
0,0.2354297976705302
0,0.47891987569936534
1,0.35788652490162676
0,6.844927256166793e-11
0,2.4081012230239126e-09
0,1.2712739622467282e-12
0,1.5449797143422574e-05
0,5.177333362482334e-13
0,0.5687480664893644
1,0.13661579611826552
0,1.4690505783647468e-07
0,1.412043129075523e-05
0,0.017679568914989906
0,2.1644517510513014e-21
0,3.336142020495988e-05
0,4.3733724746017607e-13
0,0.09014144719407388
0,0.21300135477487447
0,3.690279473407269e-05
0,8.251453938685197e-12
0,0.4042613782848278
0,2.048659956575427e-05
0,2.641457412395047e-12
0,7.030670329706705e-07
1,0.3481327091224943
0,1.3173170263469818e-07
0,9.157489217932378e-15
0,0.3501818965387886
0,4.8447863249757856e-05
0,1.7585600593296693e-06
0,1.9875658836875082e-19
0,2.1906645339356194e-11
0,0.055777748794046435
0,0.4756003544815129
0,0.3296859497941111
1,0.34122750393957735
0,1.0899249190595526e-09
0,4.70599325072854e-06
0,2.1040210306844242e-07
0,0.48047957499355987
1,0.0827882497866107
0,1.4598060807565673e-06
0,1.8224302779431036e-22
0,3.0234184168544797e-13
0,0.15981479087716555
0,7.120377196185349e-16
1,0.6980129480016752
0,9.139587493083695e-07
0,0.1301735886806016
0,0.2616116384532055
0,1.6843734162407769e-12
0,1.2277658451850476e-22
0,1.1033274822517621e-10
0,0.018138052777630136
0,0.33728175598632937
0,4.5956497431455057e-07
0,0.08168992684401805
0,1.797890433502164e-07
1,0.4420644986901779
0,0.017634439389343528
0,9.008658067556847e-11
0,4.5989995179748417e-10
0,1.697710780670088e-10
0,1.8013593889661667e-22
0,0.0506271150796393
0,0.4971492017509003
1,0.3416448761240223
0,5.5202531729746835e-11
0,5.279306252060534e-11
0,1.1284674442520526e-08
0,2.613467815346089e-14
1,0.11647053332263958
0,2.3584100570064973e-20
0,0.0018686924223337952
0,0.04878847550706999
0,3.315725006686781e-10
0,0.268501924167545
0,6.599393242123075e-05
0,2.1948362125316452e-05
0,0.14810911662125723
0,1.6465851667977497e-08
0,0.3828628146993432
0,0.18353399808780965
0,8.929671557293681e-10
0,5.006874038494198e-09
0,0.5173968227422877
0,3.556876333001959e-20
0,0.3082053129076486
0,0.4619374673228837
0,6.886533425546925e-07
0,0.0017258255937154963
0,0.2318013611310191
0,0.2231996997251498
0,1.018344432629289e-10
0,1.2632225337641596e-05
0,9.381239880012261e-09
0,0.008671372560696148
1,0.7848620970483662
0,1.3226614918468409e-07
0,3.189485959421371e-16
0,8.986957306117282e-08
0,0.21906361857896567
0,0.039983604934646394
0,0.3302173002408812
0,8.325867294551423e-15
0,1.1986158403431888e-09
0,0.16166163247782359
0,0.00015983699510921
0,0.005057008153538712
0,8.32328497719545e-09
1,0.7369165275403996
0,7.120377196185349e-16
0,3.5427825466851373e-12
0,6.72627307596611e-10
0,1.9510342125545106e-08
0,0.1656263379378196
1,0.17610375750440568
0,0.48289393808058073
0,1.0039348953230297e-10
0,0.000502310277048577
0,9.976507900114244e-09
0,1.8060813911673732e-13
0,2.707158870060594e-13
0,2.8880634828325518e-08
0,1.6784615041671886e-09
0,3.655443369141154e-05
0,0.07033492946313573
0,1.4591065257718662e-11
0,2.4265105849674086e-19
0,0.6075320189252109
1,0.48756828940124475
0,0.32249842020211356
0,0.04164159933050377
0,0.09018272159205824
0,0.1417088398271925
0,1.6344596400110268e-13
0,1.2903504515464168e-11
1,0.16651909299767234
0,3.502410132839505e-13
0,2.772511586571569e-09
0,0.07407727307653392
0,1.8407881614492295e-05
0,2.490555373487073e-17
0,0.06817365901842322
0,2.552079069501959e-07
0,2.837287033158211e-07
0,1.0685422439629496e-11
0,6.699330719490999e-11
0,1.2888957403964964e-10
0,0.2787366709412484
0,0.10424792560046209
0,5.40717695514627e-06
0,9.605303547100656e-10
0,1.3333401091342537e-13
0,1.450523357709454e-07
0,3.464888821155961e-09
0,0.27384245598635554
1,0.48623204682117793
0,1.1676692249661315e-11
0,2.7495732059243983e-08
0,8.835234443173844e-07
0,0.049159498877097266
0,0.25980333884419543
0,4.773830830822285e-09
0,2.8772567107441487e-09
0,9.462026249666103e-09
1,0.539831151917565
1,0.3344197819255634
0,4.9736476095458915e-09
1,0.5759671027796444
0,2.6271540316435537e-14
0,1.0286092073711737e-08
0,0.3051525934453588
0,4.71575514167909e-16
0,1.791892569975973e-19
0,0.42925853866216857
1,0.18013104862120324
1,0.6927299070909118
0,0.1309764998821142
0,1.1392496848841559e-11
0,1.995582989021183e-08
1,0.7770478759340358
1,0.570439707793281
0,1.20469933633814e-07
0,6.439496974806551e-05
0,9.261386432456105e-05
0,0.32434658722278836
0,7.949867112891825e-12
0,0.2572085995294113
0,6.807391745484284e-22
0,2.307261933946361e-11
0,0.2581064549014985
0,1.0109482968487622e-11
0,1.0753908112020488e-12
1,0.601749752521939
0,7.222073465460882e-05
0,1.0200360697958841e-07
0,0.00017944361521159504
0,4.169495698437249e-10
0,2.3053416307224937e-05
1,0.4788384043906022
0,5.484627052409535e-11
0,1.1618931758746282e-08
0,0.26534027808579436
0,3.3375372350039162e-12
0,1.172751504431649e-12
0,2.545871894690059e-22
1,0.4878027471725496
0,1.2689463326942659e-18
0,3.4203048133910755e-05
1,0.7421150591660772
1,0.15458549894485119
0,7.720378324749314e-22
0,2.542833800058119e-11
0,0.06702331579941748
0,0.1316924290996939
0,0.06724733875437919
0,3.2740973710062137e-13
0,1.3499692615324844e-12
0,0.10719615165609923
0,0.31149602826362366
0,4.823353692933498e-12
0,3.5351389412995115e-16
0,2.2196471178785038e-14
0,1.7712595055912016e-15
0,4.9130460731279e-08
0,3.607720062867481e-18
0,0.006414006517997043
0,0.2492107792037822
0,1.5259328425106025e-10
0,4.05455445379125e-07
0,0.22752701171660866
0,7.101631588732156e-18
0,2.8339176730312104e-19
0,5.307139093004263e-16
1,0.3817475622250385
0,0.004057545038435088
1,0.6074005633632791
0,6.756633795246756e-12
0,2.06458305087961e-10
1,0.39169364400273027
0,3.6727199240913904e-16
0,1.4067563004534768e-09
0,4.581915569391114e-05
0,0.11729522838222692
0,2.826403865653894e-22
0,4.64856163799242e-12
0,1.2339097949732168e-15
0,0.2760411031521473
0,0.7966217097127087
0,1.4535505053313414e-06
0,3.8139949930853634e-11
0,1.374554501331851e-10
0,4.324108169865662e-11
0,2.4361129340577157e-11
0,6.707351920221772e-05
0,4.096215114897028e-22
0,0.04585770813803268
0,0.00024648559073528047
0,1.596961683968543e-16
0,2.1041613226093002e-06
0,2.1644517510513168e-21
0,1.8789391902940315e-10
0,2.0468988337422573e-14
0,0.14819671486432057
0,0.1849904481221836
0,0.18694000056141374
0,1.132964876390986e-07
0,2.0469884427140668e-13
0,1.1020699413938676e-22
0,8.029152813946183e-10
0,2.673829454593618e-11
0,9.820241380986266e-07
0,6.3565806142842346e-12
0,1.2201087468802439e-08
0,8.570018458865494e-14
1,0.24733225754574298
1,0.5345048697687449
0,0.18930661120020895
1,0.1920985393382675
0,0.2727116440429285
0,0.2609245889071213
0,0.4420468304606634
0,0.15070256110658442
0,0.28716300469743367
0,3.3757976281756215e-11
1,0.28592966624507127
1,0.4874737934356607
0,3.5330016113763344e-10
0,0.2115004518069666
0,9.534861268492466e-10
0,0.384578788078188
0,8.345181920482e-16
0,0.4362430089321349
0,0.18790927520179546
0,0.4103494198132976
0,0.25553014146634206
1,0.280621825249435
0,7.227076854245254e-06
0,3.2338540165587905e-19
0,2.5943741777882202e-12
0,1.5971686121636886e-15
0,0.6628380399508063
0,0.026446020369268304
0,0.20969933583238012
0,0.12163354002907535
0,3.5435797177868395e-16
0,0.39320661829973025
0,4.6564737402362354e-08
0,0.00028508620389246356
1,0.9811310675380002
0,1.3447601299163753e-22
0,5.260065653001507e-09
0,7.311886194667178e-05
0,5.395256792437739e-07
0,9.840431931295844e-14
0,4.0603119471749244e-11
0,0.5609076778522062
0,8.116250072224747e-10
0,8.002392643426083e-19
0,3.5447146145699093e-19
0,4.237190488871056e-12
0,0.7377265672710147
0,7.213896830400129e-07
1,0.8152883725099159
0,2.4047952983059334e-13
0,7.259542579435913e-08
0,5.32170973727914e-22
0,3.046044650314618e-06
0,1.3460243491054664e-06
0,7.166165091125938e-16
0,0.2806100675824263
0,2.0309178925209133e-14
0,1.0757923528107413e-05
0,6.095966642689366e-06
0,0.1828747098082219
0,5.063532231998286e-06
0,3.409868959179168e-08
0,2.4563080652512207e-07
0,3.873326625966035e-16
0,1.4636309376890875e-12
0,9.411861176302485e-22
0,8.56090823722681e-15
0,7.925807908879472e-10
0,2.822926770335448e-19
0,1.5880463816691574e-15
0,0.33671756981037454
1,0.4730499978289761
0,0.18123900901575313
0,3.999471479684101e-08
0,3.628779491524785e-08
0,1.166751887150815e-10
0,0.330058818968384
1,0.7971674044598214
0,8.668585335504137e-15
0,3.630257792552345e-15
0,0.3047266959706621
0,0.017753451167471842
0,0.3243950381831128
0,3.879423062593727e-13
0,1.8658792476248687e-22
0,1.2508471440426012e-11
0,3.38740937833764e-06
0,2.1161531347602736e-10
0,0.029052796147934053
1,0.8693504169444166
0,5.114740715549238e-06
0,2.455279010932627e-11
0,0.002186151738692252
0,5.07231408565003e-05
0,2.0383095517184012e-12
1,0.7539665460175948
0,3.598121007628942e-16
0,1.2671285272446896e-08
0,3.387522194044252e-11
1,0.21042371493573833
0,1.4028097708163055e-05
0,1.5711960157367424e-07
0,9.889417391078199e-06
1,0.5321556984125236
0,2.341188333105158e-09
0,9.123712493095347e-10
0,1.117186166838792e-21
0,1.2760458050328448e-11
0,5.4913192622159264e-15
0,0.07296823556232032
0,0.012875131093758296
0,0.37326264169948264
0,6.403468547946445e-16
0,1.2087283992867134e-08
0,0.29711969824450574
0,2.7332321652148078e-21
0,0.7450175626557746
0,0.12628655306077385
0,0.4483977195831216
0,3.244332457270665e-22
0,0.33257318592072904
0,4.920206631595497e-12
0,0.42634264371196723
1,0.5971931287371485
0,0.007333352641290062
0,1.956786367720495e-09
0,0.22799422504909014
0,6.62366548581617e-10
0,2.6210772586177557e-07
0,2.1701563558941564e-19
0,1.5197782902777782e-06
0,3.5927253095849855e-16
0,5.223356805402745e-09
1,0.38480070934805766
0,0.1799627817533733
0,3.213257437650319e-10
0,0.06337970680033485
0,5.851548617797931e-18
0,2.2749303148465675e-09
0,0.5337913797348318
0,9.130613585946527e-09
0,4.65632038244349e-12
0,2.1269496972593154e-06
0,2.3485755943888962e-08
0,4.642267781812417e-13
0,3.6086307954032976e-16
0,8.485738161381023e-11
0,5.905443548875803e-10
0,1.0200360697958876e-07
0,3.2489465655144488e-09
0,8.973456202531424e-08
1,0.3262855561578713
0,5.432683812958496e-11
0,0.15841897624941498
0,4.490520146711362e-22
0,7.342162392058959e-15
0,0.17951494324806452
0,5.385771405183322e-12
0,8.695898208226577e-13
0,3.0311332673660805e-22
0,5.3621783621783586e-09
0,4.145846951713652e-07
0,0.26642646175472934
0,4.642267781812417e-13
0,1.155693499690576e-12
0,2.6510175045696025e-07
0,0.2363253818292072
0,1.1482393104340382e-08
0,0.20928390915788636
0,7.986834824562589e-08
0,0.04791105066139069
0,0.11596041075395525
0,1.4154916647732386e-17
0,3.0664732476410975e-10
0,3.7512094508680097e-13
0,0.03942808462795695
0,1.319099227932231e-06
0,7.598840662240995e-21
1,0.1541933216509018
0,4.5989995179748417e-10
0,3.4982039722950426e-19
0,7.120377196185349e-16
1,0.7714945396436668
0,0.20013364360970062
0,5.95716161139205e-13
0,1.0958454734639591e-05
0,5.685493871335785e-07
0,1.9081642774800192e-07
1,0.3780985014143937
0,0.02952282313924198
0,2.4859916348363507e-13
0,0.14294682352259325
0,9.506974791698449e-11
0,0.3135624524208465
1,0.13274864974963768
0,0.2945218637220852
0,6.014868486518894e-19
0,0.34418632177650493
0,1.4947136101356303e-05
0,1.8411620360823658e-21
0,2.0362359923122213e-12
0,9.990015435435979e-06
0,4.0257201585156235e-10
0,4.626110645282605e-16
0,4.7400891150121765e-21
1,0.9782036485609893
1,0.4888023693445164
0,0.44137453662539045
0,3.801396898251417e-08
0,3.291263188823181e-12
0,0.24005057613982025
0,3.7296694419078755e-16
0,0.6574169329681475
0,0.28768528545385896
0,8.143162377377333e-05
0,9.771622853547054e-09
0,2.5743817097995554e-08
0,5.256893577689071e-05
0,3.623299100225807e-16
0,0.008502039889487318
0,8.96597566271664e-12
0,1.8397035636025622e-10
0,0.5482752730036802
0,7.466062032429273e-15
0,0.0005393240032400418
0,2.410829111882886e-19
0,0.04272688777653464
0,2.857107140282738e-11
1,0.47167525832256213
0,0.00010976485883556269
0,0.14816161454556892
0,6.946801399310885e-09
0,3.6984653390214085e-08
0,0.22939528667127715
1,0.20087399779495976
0,0.18022401728678494
0,1.8582389715592372e-11
0,0.03128504978629147
0,2.1111068388398997e-06
0,1.5033685982061003e-10
0,9.368063247759387e-09
0,4.119691904875276e-05
0,1.7455998921136594e-19
0,1.747651405978772e-12
0,0.6266729099198642
0,2.517927950396773e-13
0,0.41922039328402366
0,2.4441070332417142e-05
0,1.2560068365538326e-12
0,5.04644025181807e-13
0,9.737652642461555e-13
0,5.59682202402288e-06
1,0.26719028492912633
0,1.9155045196031467e-10
0,2.417408514549093e-12
0,0.2010587362618662
0,9.300811675224906e-09
0,0.042134981940280966
0,7.270843168636028e-11
0,0.07198530592047261
0,0.2687164919619271
0,9.105625455921764e-10
0,9.480689392901267e-22
1,0.03234132097433617
0,4.7550796570799114e-17
0,6.58807641857066e-14
0,1.0837582387967866e-05
0,1.1376115476153398e-11
0,2.071113913113408e-05
0,8.304270393681082e-18
0,0.5069376295501486
1,0.3795181284694044
0,0.3500511596017112
0,0.03289233251748928
0,0.3757923484676898
0,0.033146437738809306
0,6.14194453157367e-07
0,9.021093609965002e-08
0,0.07031799281723536
0,0.1440504684917951
0,0.012166612229479878
0,1.3223847627744601e-08
0,1.5971686121636886e-15
0,0.22753123558231556
0,0.8630164544807833
0,0.1189822359257008
0,7.948589004741918e-20
0,0.3067923609626512
0,0.40127871763824763
0,0.2875172793146125
0,2.6063485286970985e-17
0,9.401141247048494e-07
0,3.5825435102321614e-22
0,0.007349318484950469
0,2.8888423608981466e-20
0,5.948245473804477e-13
0,1.195511648763248e-05
0,0.05803154565213616
0,1.5025549613696998e-12
0,1.5850775509877163e-13
0,2.7968908237151905e-13
0,7.400184620875439e-13
0,0.19444879000915327
0,4.286577353257224e-15
0,7.800746787265736e-10
0,1.629658010304026e-10
0,0.5239768673339914
0,0.3823654846000351
0,2.790109896894514e-07
0,0.4481552621405946
0,1.7632949293142385e-06
0,1.7940519065522042e-15
0,3.4085721257540383e-19
0,2.3349427281058166e-20
0,3.7125558323692103e-05
0,0.22870884240721256
0,0.24653045742151014
0,2.53929897521996e-08
0,1.6693782810750745e-14
0,0.0004991220580514954
1,0.7303712978487581
0,7.166566263908252e-16
0,0.36684392940582444
0,0.21830710049028418
0,2.9822567047712226e-12
0,1.9594673287948912e-14
0,2.707831253572653e-08
0,2.8988906066516375e-18
0,2.6748814779700253e-14
0,3.6288940275523922e-16
0,0.045466289670147195
0,1.804678804117929e-08
0,9.3281195521636e-08
0,2.782386993663948e-12
0,0.38713232047170293
0,1.795145155763949e-07
0,7.771783952990101e-10
0,0.26509520922965624
0,0.255234413523265
0,0.012494446281847739
0,0.003908231674134475
0,0.00020557922156237273
1,0.3598515348327284
0,4.131274734086118e-06
0,0.2817913738952113
0,5.7259741015542715e-08
0,2.472692784025855e-05
1,0.987293995222487
0,3.9798210045887614e-07
0,1.5170022711505943e-13
0,3.3565530717878244e-13
0,4.4665604283232707e-07
0,3.524727565185609e-05
0,1.0763151885362663e-05
0,7.735068732186043e-19
0,0.5557865141168029
0,1.3799944760768706e-10
1,0.08720580367465587
0,0.0024318010542647905
0,0.012284552951548839
0,7.516962687872565e-11
0,0.00949455112860375
0,1.4291154618452425e-10
0,5.475610704120005e-08
0,0.07418883151153334
0,7.689004439979107e-17
0,2.6276321821995043e-21
0,3.5435797177868395e-16
1,0.5858446447083523
0,5.60602137468311e-13
0,1.2375934846407094e-06
0,0.08483277343497703
0,3.8442511259929995e-16
0,4.786653193650483e-12
1,0.8793610730536751
0,0.06906026477183294
0,1.0821167816106163e-07
0,3.047598034975248e-08
0,0.2645042905401365
0,0.5540004079165701
1,0.29768032585426735
0,0.3136162748843563
0,8.466684248269817e-24
0,3.782382303614484e-19
0,0.2623808970165585
0,8.379848499252218e-09
0,0.0021208334621692004
0,0.26724965321608324
0,1.0702605052495515e-06
0,2.8402608334052628e-06
0,1.634827736189391e-22
0,2.9456799707810216e-24
0,4.113080121926828e-16
0,1.9624925394732318e-19
0,9.814605188958474e-07
0,1.4931797137495797e-07
0,0.08582291517130111
0,1.30012924541029e-06
0,0.3696225986979636
0,1.6160807119201553e-07
0,0.3340972866615615
0,8.587821525408293e-06
0,1.4511716993128089e-21
0,1.264715153148022e-05
0,0.09987349579318927
0,4.2958698016469e-05
0,1.4595634592584815e-05
0,0.001535877361889831
0,0.37564728543715764
1,0.3167797308802522
0,9.202892268777272e-05
0,7.307077875322577e-13
0,3.2292869513669616e-11
0,1.2484137066997728e-15
0,0.3049816392301353
0,4.009956139787278e-14
1,0.34947254910510483
0,3.801396898251417e-08
0,1.0701776340310037e-07
0,9.560261319860087e-13
0,2.371676921835131e-19
0,0.19898170956815403
0,1.1759991841214781e-11
0,1.4012397993492128e-10
0,0.024799005944609605
0,1.2906019482890619e-08
0,7.784295007164855e-10
0,1.9902332880470559e-22
0,1.9821632256382288e-05
0,0.3435032283007605
0,1.898632553500066e-07
0,2.640310233890776e-21
0,0.16452188524927214
0,0.1341877909619316
0,0.46745254267649455
0,0.04981323591769838
0,2.4120585149714752e-09
1,0.7730884500976382
0,2.17326183066766e-12
1,0.9603839636047157
0,0.34567871913474874
0,5.469715490632101e-09
1,0.6004537287524127
0,5.175896462193489e-07
0,4.929728078978364e-11
1,0.713544334531287
0,0.013628532784977608
0,7.874994532117386e-10
0,0.35975164004125
0,7.149383716660987e-11
1,0.5146236678496573
0,4.628731182734966e-09
0,4.7723431303823516e-12
0,1.9777942548348896e-15
0,1.8852116988767874e-05
1,0.30211803134756365
0,0.16231525664036686
0,2.6022893150143017e-11
0,9.561773438124486e-08
1,0.49569375096152407
0,0.5773124415581743
0,4.628731182734966e-09
0,2.300951914971993e-11
0,2.7968908237151905e-13
0,4.04020205351898e-21
0,0.2397872109578487
0,8.016988524650728e-11
0,0.17128020348852574
0,0.002055247627691817
1,0.38912891858167853
0,2.1405894138585718e-12
0,2.3072015533268633e-12
0,3.1199733928446624e-12
0,8.730742136732371e-14
0,0.2689400697979988
0,1.3245135701757743e-08
0,2.6463350061808183e-15
0,3.5746935613429115e-16
0,0.3496503068996195
0,2.1282709734134186e-05
0,0.17029055610008648
0,3.103574659446861e-19
0,0.0012312721477218754
0,0.42630109566846436
0,3.090772121998592e-22
0,1.8323927498353328e-06
1,0.509054366363621
0,1.6741145236001907e-06
0,2.910734608602584e-10
0,0.402157707464356
1,0.5268537684284987
0,0.13122453736516845
0,4.559683648322654e-14
0,1.1838753817803038e-08
0,5.7642753848743454e-11
0,0.04426523949867015
1,0.6108252319167334
0,5.451961861226588e-07
0,4.873052162178395e-08
0,5.71772161573726e-11
0,1.7475871352136083e-09
0,1.621567583957355e-08
0,5.117655240784625e-07
0,0.3870382024099455
0,0.1645824621701201
0,1.8064669000570586e-09
0,9.372614414785844e-10
0,1.3993746380941979e-05
0,1.568918778386517e-15
0,9.899032786907887e-16
0,0.00013982661257257585
0,3.0765743279004137e-21
0,1.074876770434508e-06
1,0.09274640056760684
0,1.938015648113611e-08
0,0.5793079568094278
0,2.0599913913476775e-17
0,1.04574533182377e-05
0,1.6523107102380644e-13
0,7.882834655064402e-22
0,6.23807067746009e-20
0,6.534971311947886e-16
0,2.5017249427483766e-12
0,0.282753729226196
0,9.311278534651788e-17
0,3.229899068489968e-05
0,1.6751017259113438e-13
0,0.41833167366287327
0,0.1056710249905151
0,2.211342297238838e-08
0,2.6276321821995043e-21
0,5.638082118846801e-16
0,3.2396038087640303e-13
0,1.4277277081739558e-17
1,0.3942417380518557
0,0.1034540518198637
1,0.40156225138899176
0,8.365480269304977e-16
0,0.21185294530279228
0,0.0037269470729171606
0,5.20612501158884e-07
0,1.1758113741801366e-13
1,0.45439467207568457
0,0.3441723500641472
1,0.5406650252414108
0,3.2655461547051805e-15
0,2.3358313558837004e-10
0,9.294942243957532e-11
0,3.2084875504147084e-11
0,1.1722471423271001e-18
0,6.044396595209408e-08
0,9.04922999975528e-10
0,7.181878472516471e-07
0,0.4516010023553828
0,3.97459002652393e-14
0,0.1466310486319869
1,0.5662994952248698
0,5.518555586383771e-07
0,3.2628170020858367e-07
0,0.21907039357051783
0,1.85258026002143e-12
0,4.4610760737288804e-05
0,1.2551118157454585e-05
0,8.56090823722681e-15
0,6.592189852778345e-12
0,0.00016001956154483457
0,6.666876959083018e-20
0,6.14752828451595e-15
0,1.0166975806878929e-22
0,2.220781824357959e-16
0,0.31447059891592194
0,0.1854464163252804
0,7.953212962144903e-09
0,1.28963743153391e-10
0,8.593752256132706e-05
0,1.4201363777054341e-12
0,6.852002016767397e-13
0,9.583936298867219e-11
0,0.5219608548063343
0,3.0311332673660805e-22
1,0.36373619020255515
0,1.1374962127387353e-07
0,7.181878472516471e-07
0,1.6404214622460421e-07
0,5.547481090262812e-10
0,4.4547187577241944e-11
0,0.19131756280838128
0,0.16285395082607046
0,8.830821892694421e-06
1,0.5243732217406659
0,0.17598314003558937
0,3.813281365843802e-21
0,4.377812031673459e-06
0,0.4062484144289752
0,2.9713108235495274e-08
0,3.2483438521405196e-09
0,0.39919937518163323
1,0.5021949959674139
0,5.4398788541605756e-14
1,0.46529868466493174
1,0.6056675441782721
0,1.6683003514990256e-05
0,0.9014319040549826
0,0.006328264585087467
0,8.402897314206278e-10
0,1.9058171499789756e-07
0,0.003588208020155775
0,0.26079599929902403
1,0.48688660990080995
0,9.54181376309648e-21
0,6.159634616223593e-11
1,0.47627739388299906
0,4.0563416468399905e-12
0,2.242751078927329e-06
1,0.19043828344012612
1,0.21860496619913208
0,9.875873124982073e-09
0,4.163719252488462e-13
0,3.459243419589752e-09
0,5.436345382992648e-16
0,1.3874857854764749e-12
0,1.8663082675880574e-21
0,4.0883655947925306e-11
0,1.8424257862298604e-09
0,2.1303548411012917e-19
0,1.939905663311465e-08
0,1.7355709467802525e-07
0,0.005796831220978446
0,6.811462919065122e-09
0,0.3424233737180985
0,0.0012601613304506615
0,2.727478770866212e-10
0,3.146721880503398e-08
0,0.26882215767213813
0,1.8482397371242844e-11
0,1.0342402793579097e-09
1,0.8007798271629294
0,0.3185120025403333
0,0.0434792638476346
0,0.6980054883831672
0,0.13573803586797323
0,6.816484185784839e-08
0,0.49253585500428526
0,3.874614888168424e-07
1,0.23823377126405004
0,0.03455376900991468
0,2.837416662101495e-22
0,2.545871894690059e-22
0,6.593548858109704e-23
0,1.4295253467603517e-06
0,0.14466673340600736
0,2.882288393119048e-10
0,3.7000079930761964e-06
0,2.229673953581009e-09
0,0.1965852207873434
0,4.9142276415686995e-05
0,0.00015801629683902366
0,2.5237841103103008e-17
0,8.070733078817868e-11
0,0.11704408880185407
0,3.7075606168567693e-09
1,0.24748175428757235
0,7.881872453642456e-13
0,0.42120535032394857
0,9.806631813494614e-12
1,0.8035487527801448
0,0.22220829791233723
0,4.325973125661232e-07
1,0.38102209468379505
0,7.484947982901504e-18
0,0.10076250435631925
0,1.7868150051660653e-23
0,8.429722945680507e-11
1,0.21172436396486152
0,1.848466311750365e-08
0,0.32488291353582344
0,1.6109918871328179e-10
0,0.21424665986932562
0,8.156717835452986e-05
1,0.45363381496163246
0,1.0587080634997985e-23
0,7.003539190097622e-18
0,1.2663791984209985e-05
0,0.36317996743094266
0,3.9551940250739754e-11
0,1.3645430695177975e-10
0,3.2816667024695354e-09
0,3.320591365399407e-05
0,4.2527016638712826e-10
0,0.12437826296349486
0,0.18197039564250525
0,1.1830586178129277e-15
0,1.2698319554691641e-10
0,6.593548858109704e-23
0,2.53929897521996e-08
0,3.0177400224866915e-09
0,3.7891169243022156e-10
0,0.25496766011435806
0,5.034689775599336e-11
0,0.15945691271308118
1,0.33480769030672725
0,0.24547917795808402
0,0.09257831134939837
0,0.3422604401484182
0,1.7700523829959338e-12
0,1.1271047695744302e-14
0,0.09199371719461094
0,0.23396397167936683
0,2.2820445393560764e-13
0,1.8751109699115627e-12
0,8.56090823722681e-15
0,1.3723984033061694e-08
0,8.371505439433751e-09
0,0.12446276982337318
0,0.019846770441376525
0,2.525602879105533e-20
0,5.528942312836183e-08
0,0.4472923628446735
0,0.18802983632749387
0,6.547921265666875e-14
0,0.13463431763555642
0,8.599220810476282e-08
0,0.25739300895386197
0,0.1404181746392154
1,0.5677233601619692
0,0.19390753605245498
0,0.09730690111421342
0,0.00026564816226405294
0,0.15065664685233351
0,8.202186402908428e-16
0,3.7125558323692103e-05
0,2.007098583595348e-05
0,7.773174677429432e-05
0,0.17881838854863455
1,0.24712712967246672
0,0.00016620333437368775
0,0.0893217590905446
0,8.977374110802418e-08
0,7.399351976158757e-06
0,1.5523361902932613e-07
0,1.9491160726178796e-11
0,2.6035328065535006e-24
0,0.19334424723657154
0,3.5560019040143264e-09
1,0.9808551447445205
0,1.323086176672421e-07
0,3.2502757531550164e-06
0,0.13126407184764588
0,1.2885522837296726e-14
0,3.7170059826250794e-06
0,3.356836289679387e-05
0,0.32365624041249313
0,2.981645858070111e-22
0,4.692970851365853e-13
0,3.3644557324037653e-09
0,7.406561533197541e-18
0,4.126445661546357e-07
0,9.271832651557566e-08
0,1.5984875361784908e-08
0,0.012968396013002054
0,2.772511586571569e-09
0,0.004944101558367081
0,2.6060519938471682e-14
0,1.2917837746944686e-15
0,3.2942842257100355e-15
0,0.005697457639921817
0,1.2242019641790699e-05
0,1.4478086153838614e-13
0,6.349358764252618e-06
0,8.195896138075468e-13
0,9.459875403173256e-07
0,2.285863118381982e-06
0,2.3670278735933756e-08
0,2.2914195209820638e-08
0,3.633262317717294e-11
0,2.0235030478178386e-06
0,0.47690325388186494
0,0.3094004759908334
0,0.36104927816063304
0,7.138557766552861e-07
0,0.25974032974727473
0,6.975514646357736e-21
0,5.764734843930811e-16
0,2.95729012423432e-07
0,1.0104877183681186e-11
0,1.6767141260991912e-11
0,2.0954850924726988e-08
0,1.7498537897991456e-22
0,1.3599005703564398e-10
0,0.0005167278493734617
0,3.0421414457081696e-10
0,1.6718509740678784e-13
0,1.6799773191803833e-08
0,4.466087040504928e-15
0,1.0995285737186983e-09
1,0.28885829655037026
0,0.01999742599160072
0,0.06469791265623724
0,3.097589878412813e-07
0,4.7674869852170256e-17
0,1.5946392629271699e-12
0,2.416340316127381e-08
0,1.85944361999685e-08
0,1.3813813817416503e-06
0,8.56090823722681e-15
0,0.4467846527168767
0,1.4646679467802117e-12
0,6.39772630536961e-06
0,0.4706331855687483
0,7.193824254868244e-13
0,1.256288021965608e-10
0,8.614650292931933e-19
0,2.280346017046224e-08
0,2.8435778005953096e-22
0,0.25156301886034427
0,2.048907251919805e-17
0,1.190932038830909e-17
0,0.05416848930261283
0,7.312462637356612e-09
1,0.5458496880468061
0,1.6743565468207442e-08
0,5.711736827036602e-08
0,3.796178564173949e-08
0,1.568918778386517e-15
0,1.1414865745968337e-14
0,0.09348395412753656
0,1.3708074992001531e-09
0,4.0172006540001506e-05
0,6.319925443597864e-13
0,4.282806489174031e-08
0,1.8622342444552066e-06
0,1.5346453574188384e-08
0,4.6564737402362354e-08
0,1.9018446987002543e-13
1,0.13354685004204436
0,5.382575942663842e-09
0,0.08089066862220977
0,0.24140403218752163
0,3.42649431559657e-21
0,6.1230139226986784e-18
1,0.43505056709165146
1,0.2701753309613869
0,9.125258758964348e-09
0,6.967385437742754e-13
1,0.10010949980907326
1,0.30749548378441427
0,1.3781493624248374e-05
0,6.36204073854153e-08
0,2.2186973463349254e-13
0,0.4049216059250021
0,4.987215702917003e-08
1,0.7426252809313919
0,3.480417082761364e-11
0,1.273813753730179e-10
0,1.1388283951364218e-11
0,0.11202799248444545
0,0.37340188909295174
0,0.377016295553576
0,1.9861222085093374e-10
1,0.3184933359179926
0,0.10443214603046654
0,2.95055318735205e-10
1,0.4763653181125836
0,3.5585158699913374e-16
0,2.3518160346579018e-21
0,1.4836628383187594e-09
0,1.1385495458773031e-21
0,5.7284117866479314e-21
0,0.08611464484994999
0,1.59523710770294e-10
0,0.039048012685938334
0,0.30033451686151086
0,1.7059101058476958e-08
0,1.5651684337265254e-12
0,4.113080121926828e-16
0,4.5485046706117864e-05
0,0.13297321587713046
0,0.019680905333502162
0,0.4047797451552285
0,0.16311302008893636
0,1.2490170966343406e-06
0,2.0673425246950686e-18
1,0.7679236004508485
0,4.154867992174028e-09
0,0.16543843038628184
0,0.6880646507929356
0,3.938402979684822e-15
0,1.6109918871328179e-10
0,3.3109373897808577e-07
0,6.913197982481142e-13
0,6.656876049632865e-08
0,5.889894193444315e-11
1,0.4464613877368469
0,7.403523457273834e-11
0,1.2332070006789873e-15
0,2.4139754273487976e-07
0,1.8550094188875026e-09
0,7.107797108585682e-07
0,0.2526167060779115
0,4.850899095396459e-12
0,3.4792440787455704e-05
0,2.3107418011362636e-14
0,4.280383354881777e-08
0,0.31363861974033963
0,3.438003989115068e-12
0,0.4476224008410262
0,0.16050487695296248
1,0.3457940392310608
0,1.4502434881660455e-10
0,1.3444565495590501e-05
0,1.286289014331343e-14
0,4.070961457567784e-13
1,0.6030219806810242
1,0.7397329511938487
0,1.7329310574394507e-06
0,1.38748578547647e-12
0,2.0820395280629916e-14
0,0.14050335320117785
0,1.1488014970418072e-12
1,0.4296678159671226
0,4.319822802456779e-16
0,4.07737595619597e-16
0,0.1949263698343255
0,0.10776293183489882
0,2.461864303717688e-13
1,0.16261439499296954
0,1.2021405581153348e-13
0,5.032974948657742e-07
1,0.08327989031992866
1,0.4852056701960687
0,0.07471887416907141
0,3.5036680102508246e-12
0,5.1947867164746166e-18
0,0.00801990878666571
0,9.779027665871366e-06
0,9.33089559424041e-05
0,3.148050920495338e-21
0,1.2437743460037947e-18
0,3.9686573228219824e-15
0,3.480554047261775e-14
0,3.6214138390256885e-10
0,1.1369079705639624e-09
0,1.229136183576832e-06
0,0.2849378617262899
0,1.7609148246273696e-14
1,0.19210168627496543
0,1.1031191372013933e-14
0,6.680328914011337e-10
0,2.822926770335448e-19
0,0.4457541880740739
0,4.3300811951085747e-07
0,9.25889347139776e-08
0,0.5299692047220063
0,0.07556949357945647
0,9.814244267138778e-07
0,4.730421696871258e-21
0,2.8415392845949783e-13
0,2.0186831607636023e-12
0,8.187109937619568e-05
0,0.1223145823700195
0,0.2708202350748275
0,0.18315570426246236
0,1.5971686121636886e-15
0,8.829508382604912e-10
0,0.07449143858727718
0,6.79928712691638e-05
1,0.16349258788150392
0,2.8450749927267363e-05
0,6.0602756803727e-14
0,6.883764531264713e-11
1,0.34831416275944466
0,9.2665093689219e-09
0,7.368407405748899e-07
1,0.5703615989025566
0,9.631455142457657e-12
0,7.805319402564652e-15
0,0.3201431792957061
0,0.015309823609203528
0,0.17112886569339536
0,6.868121274598824e-12
0,0.3150025902455228
0,0.09063096974395565
1,0.2932187507779803
1,0.1263525490388267
0,0.3422502432306519
0,1.2218071799380845e-09
0,0.38224535843142865
0,4.558139502941252e-22
0,1.5238500443408538e-12
0,0.14635732977042176
0,3.796178564173949e-08
0,7.837685655544386e-08
0,2.3566467689819228e-12
0,0.2271625020083926
0,0.7092228792051177
0,3.0311332673660805e-22
0,5.2465467115908756e-08
0,2.837607368548046e-06
0,0.23430522838005
0,8.604254724406525e-15
0,0.35060954358667906
0,7.081987912903345e-21
1,0.4278491731489849
0,6.9612879004691e-05
0,0.24989359539581146
0,0.1429194928478925
0,6.618844573403128e-11
0,0.0017967085357787236
0,0.23069320321188147
0,1.0655737499561751e-11
0,4.525852215323126e-09
0,3.0214675350557327e-09
0,0.002156128434348739
0,2.7495732059243983e-08
0,1.4279955768571932e-10
0,0.04079840955957242
0,4.204629035815566e-07
0,0.523100772306128
0,0.5812836564753469
0,3.413619193818123e-14
0,3.6536337767201875e-13
0,4.997552790679733e-12
0,0.00023386171788651177
0,0.0002041832436016721
0,0.14618355545684633
0,5.527770495577987e-21
0,1.6666012705718167e-06
0,0.005057008153538717
0,0.44584861199901277
1,0.15426568841465155
0,1.3551992262379736e-05
0,0.02552008855872486
0,0.18813588472805973
0,4.626110645282605e-16
1,0.29829830243600247
0,4.113955523850541e-09
0,0.0024926947690218693
0,1.6124909539654982e-07
0,1.5397370221917713e-08
0,3.054010022756055e-10
0,4.936402226618979e-10
0,3.3667731983786634e-12
0,0.4076614982590996
0,0.06960084188601418
0,9.89075389754682e-06
1,0.4096367615386737
0,1.2256163940054909e-05
0,3.677433858192429e-16
0,2.72699897130641e-09
0,0.476508694004793
0,9.368063247759387e-09
0,0.2978925053073565
0,0.2338564754450299
1,0.560827194100557
0,1.6346503526075794e-05
0,1.844440805172201e-07
0,4.24733856988404e-08
0,0.07291649672731688
0,1.3084797736446517e-13
0,5.748631226812161e-13
0,0.16372625873040172
0,0.11338914988430372
0,0.5758380856839211
0,8.502135700261686e-13
0,8.920989223025966e-09
1,0.22006831063872034
0,0.025266168209260243
0,1.970160906277284e-06
0,0.006328717769274761
0,5.365821546077822e-22
0,8.56090823722681e-15
0,2.5830606476622423e-08
1,0.22368718259169101
0,0.4772200438717931
0,0.272703194611868
0,1.4911025896054593e-15
1,0.6340163878234147
0,1.9757711305246395e-11
0,3.78947063705481e-08
1,0.9982298739856006
0,4.522753664309734e-07
0,9.3071433204052e-12
0,0.12480307347767425
0,2.5810418718187852e-08
0,1.0275590596524358e-07
0,5.730116076299794e-09
0,2.0732023169576053e-08
0,1.2837261819908982e-08
0,3.560626459032485e-08
0,0.03918827053901777
0,5.004374612260069e-08
1,0.7298498603212312
1,0.2302276608381637
0,0.4132594771270582
0,0.0327495811895252
0,0.2838237200953666
0,1.4049652252659588e-21
0,0.20025136685345396
0,1.7002886896989257e-19
0,0.06179032765621886
1,0.27792818013015846
0,0.4012926077965873
0,7.790269968325097e-08
0,5.816483882232223e-20
1,0.6813379520395683
0,0.19717750638651105
0,7.865272630425897e-11
0,1.9639018175042466e-11
0,6.210247893106666e-17
0,0.03257963673675312
0,9.526383002540996e-08
1,0.76322805296028
1,0.38349690730970054
0,0.17088092746196423
0,6.704691234479169e-14
0,7.120377196185349e-16
