y,p
0,2.8729659544375827e-08
0,0.17393506247817725
0,6.645836235516341e-24
0,6.491616303475202e-14
0,0.23276765519095144
0,0.106323272362797
0,1.878842776730939e-21
0,6.117593641585608e-16
0,9.78439278407474e-16
0,3.2559919628532893e-21
0,6.855189709887629e-20
0,1.4820554245833614e-22
0,1.299299677189892e-18
0,2.740535464428987e-12
0,9.502470751766285e-27
0,2.3447553679854604e-20
0,7.6095638664238874e-06
0,6.024104317910477e-16
0,2.4469838492111035e-12
0,1.3743571280268078e-21
0,0.02244722530157619
0,0.0012261346984303873
0,2.935850075952996e-17
0,5.251944249199291e-14
0,3.684049738939156e-07
0,0.008164515424115988
1,0.557950663803698
0,4.106173838084248e-05
0,0.26279449735263133
1,0.8527603942461696
0,0.1914749784229321
0,2.7382969332706407e-16
0,1.9353693742094084e-07
0,5.753941984264842e-19
0,0.013135892527819054
0,6.820901883633084e-07
0,0.4892168921148883
0,1.8951200644239565e-20
0,3.4489766985408014e-07
0,2.7340174992498842e-17
0,0.3413271532357025
0,0.0002576192274517444
0,0.0001235497460778539
0,1.4936429101497715e-16
0,1.4613653826679548e-22
0,5.68418030709219e-16
0,0.0003118180681921113
0,0.5336492782500925
0,9.860711821854252e-20
0,0.2516668082318708
0,0.14647150386548977
0,0.0004000231705384542
0,1.8284114489575756e-22
0,0.005435805164949548
0,1.878842776730939e-21
1,0.6083633558822262
1,0.30801512368381917
0,3.8505368813880775e-06
0,6.790748738435855e-06
0,6.779182370600992e-25
0,1.3286211705897382e-18
0,3.973878827208058e-18
0,2.146688883771646e-17
0,1.0442111778072312e-15
0,1.916637669294453e-06
0,2.743426276586814e-17
0,0.0008060320881981903
0,7.54029448653707e-18
0,0.0010997331807084416
0,1.0896105995672495e-05
0,4.097517450758215e-12
0,1.47690573122386e-14
0,2.1716875535236975e-27
0,4.0728832705528315e-17
0,3.88352908480636e-21
0,0.0008791606003262653
0,1.8975264775160864e-19
0,0.6303360295164799
0,4.584285183758733e-22
0,3.206171825945838e-21
0,2.336326945375272e-09
0,3.317181692697171e-07
0,3.498825511683805e-18
0,2.3647653820065184e-25
0,2.0233994042496842e-05
0,0.18726395966456075
0,9.099426453220431e-17
0,4.2785887939333063e-10
0,0.19218821902871658
0,0.0017262681035037967
0,3.8936937820183135e-07
0,2.9235654390046094e-13
0,0.5704652094240631
0,7.524218618582077e-21
0,0.09680927114841807
0,4.717030142497537e-22
0,0.0318617623467919
0,7.87427710855931e-16
0,0.5166883091848925
0,5.868076268861949e-18
0,3.79735522426205e-07
0,1.1371252289450211e-17
1,0.8371300164903114
0,0.29596849733341996
0,5.234950719940133e-19
1,0.7849570081920928
0,8.060342082250461e-07
0,2.171687553523682e-27
0,1.2158333375764632e-20
0,7.092553592590013e-19
0,5.218957465424647e-21
1,0.35879429313052486
0,8.774090186674502e-17
0,1.5268182760015385e-19
0,1.5628659639039907e-16
0,0.07027769118431543
0,6.382494132163049e-25
0,0.00016641225681622736
0,6.0048412805204916e-18
0,2.148004579807476e-21
0,0.08614824256324331
0,2.82988915267213e-17
0,3.3016908448749676e-06
0,3.91791573816119e-18
0,8.611783378581883e-21
0,9.34794710021566e-19
0,2.4043926780281973e-05
0,4.311315721530411e-25
0,1.5570966673134403e-06
0,0.002698755599973725
0,3.5551216431813276e-23
0,1.77091245681781e-08
0,5.0384826518642386e-15
0,0.11312171058438124
0,0.37034205292573297
0,0.0018227121737770125
1,0.6486887212787376
0,1.0362834125451537e-05
1,0.29900867778784296
0,0.432719684833575
0,3.188320119995235e-19
0,4.576426294242265e-07
0,2.091269290580612e-25
0,2.122994890513264e-17
0,5.6386651422302745e-15
0,1.878842776730939e-21
0,3.2955614143613193e-15
0,9.051233508202586e-24
0,1.6440466284522616e-05
1,0.7157346914732103
0,7.031233133647371e-08
1,0.3487432906984008
0,8.662964773298969e-17
0,1.1541396884001607e-16
0,1.5402700779560997e-26
0,3.7954846808903273e-16
0,0.21202445533825284
0,1.878842776730939e-21
0,2.005688849307434e-20
0,0.2458381647644924
0,3.6927610294059436e-16
1,0.7317508813386139
0,3.1522635765647863e-19
0,4.559193195054017e-23
0,1.1053970990437635e-16
0,1.8349986211106894e-17
0,3.058200233096206e-18
0,0.24679739789319327
0,1.3239662433710664e-18
0,4.975035201479752e-16
0,1.5179983506671168e-20
0,7.948493916256779e-28
1,0.6678128456058613
0,1.1163786980174547e-17
0,0.1630471688227708
0,9.737656725173649e-06
0,0.11135974823049694
0,2.4667311074274776e-07
0,2.5253544440497886e-13
0,2.3401303986366177e-18
1,0.7647741542603457
0,2.2269868390997837e-06
0,6.097653670796046e-19
0,6.12918107787086e-27
0,0.38088343486191406
0,1.0191309113289385e-20
1,0.7098066107844573
0,0.06870964262871088
0,0.282517109925528
0,0.036616996303118196
0,6.482258119606727e-07
0,0.005837199150777424
0,5.023160104591208e-15
0,0.357277645774448
0,2.1467109029043918e-15
0,1.9765203982092235e-19
0,3.6938141769324503e-16
0,4.894744587449777e-18
0,0.001838707455741557
1,0.8865744575565248
0,1.180679255650026e-16
0,7.121200916170287e-28
0,3.658828602436353e-23
0,1.3300631856027472e-17
0,1.559013987748387e-08
0,0.0029017433746280265
0,5.438878077720433e-28
0,0.13005831992567707
0,4.3580714767074334e-14
0,6.516253718921538e-08
0,0.013979882740682428
0,0.7436561761703878
0,0.5954109827783888
0,2.8790260530455137e-16
0,7.474511168728306e-18
0,1.981501532971337e-16
0,9.267798061458333e-21
0,3.49744296770764e-19
0,3.838230999716923e-06
0,1.085807822926618e-25
1,0.6689572551256663
0,5.698697494715515e-20
0,9.00150009381778e-28
0,0.000278730919805116
0,1.1102886304977187e-06
0,1.2100285021398771e-16
0,0.4516213169251635
0,7.00496695898143e-09
0,4.716510946300228e-19
0,0.498988225819245
0,2.8286904746169895e-23
0,4.029976182340582e-07
0,3.957433267821266e-19
0,3.943383871068258e-08
0,2.7434789181286136e-17
0,2.6197333063979254e-26
0,1.006220510890583e-16
0,2.41530879139509e-07
0,0.5788302497145186
1,0.48321871416416634
0,1.298586062615394e-19
0,1.7270048016815907e-17
0,7.703911115096002e-18
1,0.8009103753653433
0,4.276436893775368e-20
0,9.24770467774763e-23
0,0.4099391123753327
0,3.4744296261530744e-16
0,4.081211488664585e-06
0,2.6320333528098678e-23
0,0.3153911557939099
0,0.27648983786200504
0,7.15644836106602e-18
1,0.419336122810587
0,5.0113578724909205e-18
0,7.937800347027705e-19
0,2.5211827029929662e-18
0,1.0631520713732088e-25
0,2.2957842551515727e-19
0,8.121242356896721e-05
0,2.345646530660413e-25
0,4.6746506360480705e-17
1,0.818489177936747
1,0.39708906289682094
0,0.12711940308292136
0,2.7325355619251176e-18
0,1.2535200572933858e-17
0,1.0025378643793792e-22
0,4.250197295318939e-27
0,1.1298575224966415e-15
0,3.721243879570142e-20
0,8.515593671939688e-20
0,9.707561911847021e-05
0,6.400061254015931e-16
0,1.2348813900000109e-06
0,6.985806100082916e-17
0,1.3846650175050545e-24
0,2.878453482342449e-20
0,3.47003347074988e-17
0,3.179238630235e-06
0,5.577433104079286e-26
0,1.8847066230796647e-17
0,9.099412343241258e-17
0,1.0221952951317048e-20
0,7.648460628945608e-20
0,1.2733368016153357e-05
0,8.740364375267366e-07
0,1.6949669841639208e-16
0,0.270063886643599
0,1.0268210519537313e-18
0,2.7032831326157856e-17
0,1.7661076546690758e-13
0,3.09949835029706e-05
0,2.878453482342449e-20
0,0.004080143128693781
0,4.1165292412443865e-07
0,8.127428344202521e-19
0,1.1039122055249931e-16
0,1.4112803873496624e-06
0,2.151856845730986e-07
0,3.970246627626741e-20
0,0.0478266277996596
0,0.5614519362313022
0,0.38864638495960946
0,2.0530737691526626e-18
0,0.05192123758021646
0,3.4081623335830297e-19
1,0.4365944975643317
1,0.5109642363111553
0,0.028735092160111688
0,2.7190114625735664e-18
0,3.686902084353435e-06
1,0.7272491281148453
0,7.050721438272139e-16
0,5.2849569096278564e-17
0,0.24631670258330848
0,5.348061899398621e-07
0,1.4847100190893602e-18
0,0.8152410267746316
0,5.665067498864847e-19
0,1.4888155317520252e-15
0,5.565894061770973e-16
1,0.2960245493300977
0,0.0029887226303422637
0,2.7544320554774686e-16
0,0.5410765125548368
0,2.1291943277308816e-06
0,4.269543081234845e-10
0,6.264106258220478e-17
0,3.0810775192478775e-14
0,4.569832220367437e-16
0,0.00013159473472176844
0,7.824737317695023e-20
0,3.206171825945838e-21
0,0.448196089498935
0,5.282924317350166e-25
0,0.5266362026682153
1,0.5013925238181457
0,8.201927702425404e-23
0,0.6309456323074156
0,3.026804278961274e-24
0,1.6505565580819274e-17
0,2.1208864398133174e-21
0,3.008351071084857e-20
0,7.651175154977041e-23
1,0.24902182233175119
0,1.4529555477804535e-23
0,7.430740094173149e-06
0,0.18281891230936953
0,0.3850947013199144
0,2.5091249465411738e-17
0,2.1699164914112075e-17
0,6.098308704024842e-17
0,2.878453482342449e-20
0,0.0006875328378680061
0,0.013541948865420692
1,0.37715042496730117
0,4.565112566923336e-25
0,2.1206440656760934e-27
0,3.354145681089415e-16
0,0.718413831325592
1,0.8433722026339641
0,3.1369131818318715e-16
1,0.6530927159367962
0,2.135128844886989e-16
0,4.924713593837456e-19
0,3.479112499057544e-18
0,2.4560433413453164e-15
1,0.8131059327825074
0,5.112739049032005e-16
1,0.6945628792485662
0,1.868959976100542e-07
0,2.8020050132545764e-23
0,3.531024525938303e-05
0,3.134421619435314e-26
0,1.4695237604930178e-07
0,6.465753444674167e-25
0,1.0156462588424841e-16
0,4.481201734481714e-16
0,1.4059286668074838e-21
0,2.0098787110872894e-07
0,3.336110342548006e-26
0,0.013271832224046806
1,0.9999999694925512
0,0.3864376733005495
0,2.4738979357519102e-17
0,9.072872209613401e-24
0,0.17664375010873085
0,1.667073895537009e-15
0,1.1794380342316073e-22
0,0.7508555202383894
0,1.3085570172072782e-19
0,9.411197077178397e-08
0,1.7544770822367996e-17
0,2.3490076516075224e-28
0,2.4002567216855557e-25
0,4.7305708086256635e-18
0,3.462739065596116e-14
0,0.6459631061418297
0,2.220430209780095e-17
0,0.43105424511365026
0,6.376326144082614e-18
0,8.352559281088826e-16
0,1.4993534968242414e-05
0,2.0693241466074272e-19
1,0.28690962986666724
1,0.7821510204373794
0,2.508875569048675e-18
0,1.915783452119669e-19
0,0.7141211817271411
0,1.6410474272531224e-15
0,2.012657222447219e-07
1,0.5481454679042451
0,2.5968502807396947e-15
0,2.0544849851079687e-15
0,1.0732114524080408e-18
0,0.17019329488036852
0,1.412472040767565e-07
0,8.8399860481509e-06
0,9.98827543377098e-13
0,1.1768366405075886e-17
0,6.603268905227978e-09
0,1.5077407392653038e-27
0,2.0196759291498114e-25
0,1.3394228177524965e-21
0,3.2691257447916626e-17
0,1.5268182760015385e-19
0,9.849832994855823e-18
0,6.86405620326187e-21
0,3.525927582722937e-18
1,0.3459154906057371
0,5.321829783378897e-16
0,2.489903964944463e-16
0,5.992692005654111e-18
0,6.06162154961882e-17
0,2.350111407698886e-16
0,0.28355082792009495
0,4.525450219596397e-12
0,0.3674420192755581
0,0.0790029104179944
0,1.766662903581078e-27
0,0.0003548763263401604
0,0.3647805111736838
1,0.4373112920290536
0,0.38267440132378316
0,1.1185112384355466e-21
0,8.467894587848423e-27
0,2.9155626196454e-25
0,5.160367750761642e-22
1,0.747067729820524
0,1.927203308526075e-21
1,0.4245287313813438
0,1.140156853666077e-18
0,2.4009098403477017e-18
0,1.9809672625135944e-17
0,4.876249389730817e-16
0,0.10907890282384497
0,1.921989341958099e-16
0,4.0794949288666335e-15
0,5.7445838872054504e-08
1,0.8691383585655608
0,3.4502745682240686e-27
0,0.00013861537109560542
0,1.065867107944764e-27
0,1.0752060375535617e-20
0,3.830726110642409e-17
0,5.302497580293453e-16
0,1.6433897468700384e-07
0,7.773843939343314e-18
0,0.2953036556369837
1,0.6871093907703424
0,0.09767271500660782
0,5.075453591295997e-16
0,1.2597953926040037e-18
0,7.026389954496438e-26
0,4.826106591138253e-15
0,1.5877119231031585e-16
0,5.772539347443993e-18
0,2.235977986570334e-17
0,0.6058368772412728
0,0.0602423999952206
0,8.890989066174546e-17
0,3.3511950341403186e-05
0,0.051712864934873766
0,6.909370710196851e-20
0,1.5662725037640483e-06
0,5.38553507711889e-17
0,0.005142094045740849
0,1.0467998541952574e-17
0,2.165815628919175e-21
0,0.02752064111159949
0,4.802625898579351e-16
0,2.398550227164031e-17
0,2.1266388862022372e-07
0,5.4910753250262503e-17
0,0.0013437883600853802
0,2.946166498858272e-19
0,2.711030517106062e-25
0,0.12391576783260841
1,0.010804468001916843
0,9.564882421521315e-21
0,2.882793002350642e-19
0,1.1444655095145796e-15
0,0.004411292792083768
0,4.097132694794543e-16
0,6.542585725787509e-18
1,0.8001691461857222
0,4.86560698563095e-16
0,0.061734972172313385
0,6.17758584943715e-17
0,0.21198759573517553
0,1.0312077164009146e-16
0,0.09062919765283937
0,5.903100231298973e-05
0,1.0943962118625391e-17
0,0.2014622148694537
0,5.0570897834754186e-15
0,3.2282940210600376e-06
0,5.845571666631004e-08
0,2.773038906409255e-16
0,5.2033910887632943e-17
0,4.888255414230222e-21
0,8.770138901710984e-06
0,0.3758126052918745
1,0.583207573167239
0,2.082994518978629e-14
0,1.8960706773603032e-22
0,6.460806727358587e-16
0,0.4633228176140446
0,0.3306374185588832
0,2.311619657513478e-18
0,1.0867453137107496e-27
0,1.3235194348538944e-26
0,8.885544401672099e-07
0,9.76820036637134e-08
0,2.8530456254032425e-07
0,2.6135061442771694e-05
0,4.042689846955663e-19
0,3.08113155525851e-20
0,8.147865442948376e-18
0,2.878453482342449e-20
0,1.7463030706342693e-16
0,0.3400266145612614
0,4.072332221432004e-17
0,7.339125003533049e-23
0,9.151689350060579e-17
0,5.062288325323574e-17
0,6.475982361157892e-18
0,9.108585840582884e-07
0,2.778265687313222e-16
0,1.0391229630197911e-17
0,1.3743571280268078e-21
0,2.876699414902934e-20
0,3.9562876382224883e-07
0,0.0023719523289009404
0,5.534055129142152e-25
1,0.7826012195667307
0,5.213798140190901e-15
0,1.320554240551267e-16
1,0.5574442984460946
0,1.4427262531359844e-27
1,0.6426947975157519
1,0.46158776625793735
0,3.524398737463521e-16
1,0.4553621639943564
0,6.376478108775024e-16
0,0.5830811665186664
0,2.888475123518964e-15
0,5.0550715060131154e-17
0,1.9126130958908657e-15
0,7.314934620095785e-19
0,3.165037708276706e-20
0,7.522976664796124e-18
0,0.42972686567400953
0,1.878842776730939e-21
0,3.2582083947302495e-18
1,0.9774494390733396
0,0.11062760649492702
0,2.2606330224636417e-20
0,5.870007742540962e-08
0,4.441629006023455e-16
0,2.878453482342449e-20
0,7.887405890326826e-16
0,1.0963852823679504e-19
0,3.2625674884806416e-18
0,0.0004116518609646801
0,1.6211686765092724e-16
0,2.071135006430859e-06
0,5.946509061638309e-19
0,3.567712404542936e-14
0,3.087488729959698e-15
0,3.0205875301721977e-18
0,1.2409795926656686e-21
0,1.132383104949732e-15
0,7.929699400365526e-20
0,6.146585001598813e-05
1,0.31480932991888955
0,2.568817362338926e-07
0,1.2799534707956508e-27
0,1.7349906891291504e-05
0,1.715570978681041e-19
0,0.005214695246264011
0,1.0977071937553366e-15
0,2.711030517106062e-25
0,4.5324409270415445e-08
0,2.0752921702828475e-09
0,2.429733788708057e-28
0,3.090384794521699e-19
0,9.687036451353307e-19
0,4.9105714727474125e-06
0,0.6007837099629223
0,5.94945613365951e-17
1,0.2326996096495496
0,6.179025907357482e-20
0,0.5859830014605563
0,1.0756095387129072e-16
0,2.3315919394981896e-18
0,3.0648179756777334e-09
0,2.555763211674844e-14
1,0.8020025272892546
0,5.103985532440311e-20
0,9.023152260305343e-05
0,2.2110250028674806e-18
0,1.5584732005294585e-16
0,1.6230678084250984e-06
0,4.073061682658802e-15
0,3.658699191292739e-19
0,6.440198646242072e-20
0,0.4312338685985201
0,3.0353645096547643e-19
0,1.501912544544274e-07
0,6.782415895782145e-07
0,0.00035250710866896814
0,0.16246056176879625
0,5.843622131936278e-07
0,0.01079587854284303
0,3.970949703757541e-16
0,0.4698821884021549
0,6.660394844003519e-26
1,0.007299732704218246
0,2.7680644222764185e-15
1,0.10088986210225513
1,0.19354564477966343
0,9.731887793353925e-15
0,1.8554867791323223e-19
1,0.6461098321893093
0,1.0467226595446835e-18
0,1.1620244932185433e-06
0,8.824116243213317e-21
0,9.083828286852196e-16
0,0.08592769888248511
0,5.941674212865314e-10
0,0.0518961974239278
0,3.512823269472814e-17
0,5.724404490273106e-18
0,4.290478416178648e-27
0,9.27578382093275e-17
0,1.1205357006277581e-16
0,2.5144982431643287e-08
0,6.227497517032465e-20
0,2.1663636450572362e-07
0,3.12425574717975e-18
0,1.0931739187573684e-06
0,0.0005589526441972019
0,3.346099392983359e-24
0,1.6286959941786209e-16
1,0.528753561596161
0,3.291188601109123e-19
1,0.14584705525439914
0,2.7507949676833407e-17
0,3.1027026950611965e-20
1,0.2791639760537729
0,7.749928019029584e-17
0,1.344568814047951e-21
0,4.822347285092404e-12
0,3.4696335897820106e-14
0,0.18016199245597142
0,1.2502856337967146e-18
0,7.11778863015655e-18
1,0.09605038760249691
0,6.026109458455825e-18
0,2.8511273220347307e-18
1,0.7969318817739209
0,1.0638911130652083e-18
1,0.3019777522735817
0,1.82482578409791e-18
1,0.0023084250169896695
0,2.5659331751071277e-06
0,6.274217844731528e-18
0,2.937347273167512e-18
0,8.567669352154301e-06
0,8.224184780042717e-19
1,0.6701469670456749
1,0.07629119818613615
0,0.0007489602986977321
0,3.2791251046745127e-25
1,0.7306045477518349
0,4.269543081234845e-10
0,3.8293489169813726e-05
0,4.7664197675952024e-07
0,2.148004579807476e-21
0,5.642327860568655e-14
0,3.414227147531239e-25
0,0.6766969636625955
0,1.1636135133853052e-20
0,2.6350302026396925e-20
0,2.781572635971141e-06
1,0.5816796744908406
0,1.2709114379189786e-24
0,1.896183777035606e-16
0,0.2868332862368334
0,4.776913945771856e-16
0,2.787913403677927e-25
0,1.6295094976608883e-16
1,0.6701250207097823
0,1.181463902237892e-14
1,0.04176060799613782
0,4.066570650282322e-17
0,8.276522523634622e-16
0,5.1607941747708885e-05
1,0.6942203518151124
0,1.079635058542239e-25
0,0.6852923503415217
0,1.916637669294453e-06
0,1.225699183589441e-16
0,4.417452230821643e-25
0,0.2849486692458696
0,6.154585111732797e-21
0,9.863966090355264e-26
1,0.7838573350963944
1,0.053956442799546735
0,0.003335784504703927
1,0.26620441535621137
0,0.03097896528447938
0,5.718432152297117e-07
0,2.524921395581483e-08
0,1.029214766559967e-18
0,1.0623316701139762e-06
0,1.715683468528411e-24
0,3.426560527753704e-20
0,1.4614465619518795e-23
0,8.288576138743458e-05
0,0.6337085617577642
1,0.4945107640298303
0,2.017545791808162e-20
0,4.575923564582474e-26
0,2.821816671631716e-24
0,0.10817352316398393
0,1.898700415892897e-05
0,2.677118352441023e-23
0,3.4302924010561216e-07
1,0.26537408712496413
0,6.397444474492393e-15
0,0.00016852339242365904
0,1.962276310895621e-18
0,1.5735949699960936e-29
0,3.600792747520697e-24
0,1.6899006682125675e-16
0,1.786316626476269e-27
0,9.348600968158724e-17
0,0.00010834620446915655
0,1.2190989862069407e-16
1,0.5164758873625235
0,3.6066129475858476e-20
0,1.0574287045865058e-07
0,1.878842776730939e-21
0,0.8285550530229981
0,3.490877728452122e-22
0,7.473342405688658e-06
0,9.022876990546529e-08
0,2.746850238737738e-23
0,2.78610871536058e-18
0,8.544365004707888e-05
0,2.5880803404159825e-07
0,1.3173081947322e-14
0,3.1792275266765803e-18
0,1.9088334956620457e-14
1,0.6637021843919788
0,1.4933260086494477e-17
1,1.603277934577085e-05
0,1.5714023087002389e-24
0,2.180024993873607e-15
0,1.2546304290241415e-18
0,1.247927013522099e-25
0,2.145652520231819e-17
0,7.889464622731087e-18
0,4.735904331007979e-09
0,3.718180525890809e-08
0,1.878842776730939e-21
0,1.5996139188796426e-14
0,0.535664523369635
0,1.4713171586507316e-19
1,0.3523323091278111
0,0.20325146514584744
0,1.4490080326913282e-18
0,1.863573619514077e-20
0,1.883803017091295e-08
0,4.89359239589371e-07
0,2.1065682668224124e-05
0,1.0965522639547463e-23
0,5.548909279038271e-18
0,0.42459666538596563
0,2.6780328093800293e-16
0,2.5592258338532672e-20
0,2.1255962092836117e-15
0,6.114222053051613e-19
0,2.148004579807476e-21
0,4.269543081234845e-10
0,6.971328421410304e-19
0,0.08926383461078509
0,8.983509466617451e-07
0,0.6927171652313798
0,0.0007234121178307118
0,3.0400430264459307e-20
0,1.4658140617103787e-12
0,0.17306993647105806
0,1.2043219534416633e-05
0,0.43292053564351374
0,3.2172575311741584e-18
0,1.916637669294453e-06
0,1.4478160032965043e-25
0,1.2634790322546543e-07
0,7.335273229775259e-24
0,4.200337723868291e-20
0,9.74439914253321e-27
0,8.285184221001068e-16
1,0.8030170704787761
0,9.969660713840291e-18
0,3.509595128852948e-19
1,0.13900591194231393
0,2.386668246442136e-21
0,6.005754668157728e-08
0,1.2025482929109157e-06
1,0.5929926424265557
1,0.5251942080986794
0,0.012321704747246306
1,0.5228352479174051
0,6.516357676602359e-28
0,8.072892328788277e-19
0,1.4206879517185154e-17
0,4.2723806854671715e-18
0,5.071088196227566e-19
0,1.9432012995854232e-16
0,1.1701523053597506e-17
0,1.9747956190949082e-18
0,5.244265700158421e-19
0,8.108601853428495e-17
0,0.0070795763605458716
0,5.18455685239995e-16
0,7.269423935669396e-19
0,9.288851069105478e-18
0,1.1108600558616698e-06
0,9.920847925537404e-17
0,0.21429209927354276
0,6.374999035663623e-18
0,5.037451347116591e-08
0,1.897526663164142e-19
0,1.0978468661657343e-19
0,2.5469912071031603e-16
0,1.0238266872754144e-06
0,7.00496695898143e-09
0,0.17523467382277452
0,4.393103670465341e-27
0,4.2177399880689044e-20
0,0.11526338002675311
0,7.339657262593623e-18
0,2.305541961033634e-16
1,0.4899210796347044
0,1.7289129236742977e-25
0,2.655522101238026e-23
0,6.251034595112883e-08
0,0.2640704443492242
0,0.4304181541525426
0,1.446276047760317e-06
0,1.1211182578945861e-24
0,1.1969515187570935e-16
0,0.0008380416705602245
0,0.5368179410798105
0,1.830093727696725e-15
0,3.223391757209035e-16
0,4.398823945692268e-25
0,0.001022397276385978
0,3.2187553396787766e-18
0,8.4151954937762605e-19
0,1.7281481211387631e-16
0,8.714201543807951e-16
0,4.486482438258202e-27
0,9.961543786829915e-26
0,0.06368270134426691
0,0.40768145552181817
0,1.5275953908024845e-21
0,3.30709584481948e-20
1,0.5496933021840638
0,5.781039362290571e-16
0,0.1532292214888065
0,2.1846514310415716e-15
0,1.1103363218685319e-26
0,2.6515735696151777e-18
0,0.0026987555999737223
0,7.425135278681518e-06
0,3.112336937582592e-19
0,1.878842776730939e-21
0,9.373009412528781e-24
0,0.008218364955611436
0,6.559480775795018e-17
0,5.578081217304853e-07
0,0.4529295215872535
0,3.853458107780056e-16
0,0.013042568893867698
0,2.6011995482887032e-23
1,0.10992287707117165
0,2.22771246122976e-17
0,7.434129578018361e-06
0,5.1177114395836346e-20
0,4.2978559432913784e-21
0,2.2591217948665114e-07
0,6.73657012748858e-14
0,5.499754905563899e-16
1,0.6298927794949457
0,0.26144563941201265
0,1.4482803782624912e-16
0,1.1631358592544664e-06
0,4.883372804158562e-13
0,3.6635415641920433e-17
0,0.32987836679207916
0,2.777965010618433e-07
0,0.0002684092889385211
0,4.269543081234845e-10
0,1.2825905880319013e-14
0,2.835824534315962e-28
0,1.509871545469446e-07
0,1.5465150526148604e-17
0,8.652731564074504e-17
0,1.029214766559967e-18
0,1.0856598567761136e-05
0,0.006069108426736042
0,1.6580109073842142e-17
0,0.005664236013641655
1,0.7530363218533331
0,4.427321191477649e-19
0,0.016817399017471747
0,4.306929842392851e-16
1,0.2054961436165901
0,4.434375519464135e-18
0,0.0010756301576867972
0,9.469798644889971e-17
1,0.7591065669356535
0,1.230070676095878e-17
0,1.3981903311392985e-18
0,1.931767338931119e-27
0,9.845189192744685e-16
0,3.1204206953811284e-06
0,2.0775870376163502e-16
0,0.015325806951812921
0,3.0141215891233036e-08
0,1.1835058076424445e-17
0,0.280495315284241
0,8.40103857954239e-18
0,2.789622556042649e-23
0,2.9321635296216682e-25
0,8.272855950074305e-08
0,0.5352078393510085
0,2.6869677844341303e-12
0,2.8753442361338817e-05
0,1.3056034068693402e-07
0,6.0760268707739755e-18
0,0.018640790220993454
0,0.3095372788101722
0,6.725656453105752e-19
0,0.7763172381525849
0,4.6726356988210175e-07
0,1.1069037687037132e-54
1,0.7761744006279415
0,0.5345356404343395
0,1.3033326057655169e-27
0,1.0790791005994271e-05
0,6.240061222795178e-07
0,1.5767203056031038e-25
1,0.6127337664612829
1,0.6195148519781388
0,1.7587700945295608e-16
0,0.07251241062053405
0,1.0935153927967489e-15
0,3.0276118667079165e-19
0,4.0188384101484446e-23
0,0.00113231164980068
0,6.252303045368689e-18
0,0.0010162113127959818
0,2.5608814952312464e-17
0,1.4342905613713352e-18
0,1.8151115140618452e-22
0,5.18251030435259e-19
0,1.1223195768972335e-20
0,0.5258457893750688
1,0.4186367718424159
1,0.34957732117623436
0,1.0351435347246765e-18
0,1.650232200174656e-16
0,1.4128914316959737e-06
1,0.8296650865012433
0,1.534142288416456e-17
0,1.0688661853343579e-06
0,9.740675588807688e-16
0,8.322486576486191e-07
0,1.3922846452970624e-05
0,8.327594105243601e-06
0,1.6326305080543028e-07
0,0.5204998560668992
0,1.73910569830332e-18
0,7.507514357651408e-19
0,1.6802395788571745e-16
0,0.12463443403287787
1,0.4124465294851576
0,0.0001717015683223891
0,1.7149557736593998e-16
0,4.6040902908330744e-07
0,1.547298879860026e-20
1,0.5535783323477124
0,0.29373495119947574
0,2.9455415490076185e-26
0,8.84529593573005e-19
1,0.6974194480099593
0,2.789622556042649e-23
0,5.005889501166208e-25
0,1.087831858505539e-16
0,3.493791526237932e-07
1,0.6775479509604759
0,2.9367815052263976e-26
0,7.876932168894829e-26
0,2.7553849301282464e-17
0,0.007333127455827607
0,0.34905054279423947
0,2.944550315230088e-22
0,2.7876452155107946e-23
0,1.3389613513102849e-28
0,8.455512432985422e-17
0,2.1480465728509927e-18
0,1.2910347820016972e-16
0,3.54066157585815e-18
0,3.636799918890801e-25
0,1.201193727446324e-14
0,2.7953567420668346e-07
1,0.4328023363055051
0,3.45231919126792e-17
0,2.0675123669146425e-22
0,1.2000230647599744e-18
0,6.624598520085849e-09
0,9.101170511707735e-08
0,2.0948122101660128e-13
0,7.00496695898143e-09
0,5.9365614805560445e-19
0,1.136460960339458e-17
0,2.8475869041689236e-25
0,0.7375211775688009
0,6.686073937372683e-12
1,0.5447758601822695
1,0.3139669450086488
0,1.8862317566549387e-19
0,1.0298077251856193e-19
0,1.0405700452728695e-19
0,2.6581560600888075e-07
0,9.840585224419418e-20
0,2.372253484517212e-17
0,1.0971495202189501e-18
0,0.04658095835627442
0,4.1144188951435033e-13
0,8.907300199114863e-08
0,4.231968681655561e-13
0,0.0007460189786587656
0,0.0015875359075265185
0,0.09034914698573934
0,1.8201136017309625e-16
0,0.001048921748790046
0,0.00039673720103639996
1,0.7765530841032605
0,4.9906520842030496e-20
0,0.002153111692359706
0,8.15660614148552e-24
0,1.6493582724265316e-17
1,0.29563366312909306
0,3.8230818637485017e-13
0,9.839094566301956e-08
1,0.6400472255638877
0,3.044538435385278e-15
0,0.0002574902754428441
1,0.5066115434006763
0,3.682435276978196e-07
1,0.261739127542024
0,2.2333836111301544e-21
0,0.837560284856854
0,5.966591583785874e-17
0,1.378599101025191e-17
0,7.667891846409736e-19
0,0.2773353275086817
0,1.247927013522099e-25
1,0.06422624054442276
0,0.0031397891423697337
0,1.8517474667529382e-22
0,2.5770214100196312e-08
0,2.68438131095761e-17
0,1.879186806985115e-18
0,3.882666348513673e-18
0,1.7349906891291474e-05
0,1.360118717908968e-19
0,3.5446954730857804e-06
0,2.2368173450058605e-14
0,0.11303974682567634
0,3.765405555871786e-16
0,4.354392910813674e-20
0,2.788023489654415e-17
0,1.1092328745794771e-15
1,0.26157243940409297
0,4.1862545933875916e-24
0,0.164599147203387
0,4.085940283613525e-18
0,3.3904636669213678e-18
0,1.016207207647497e-17
0,1.0157795424408977e-15
1,0.4576744698017766
0,3.1699171446665877e-15
0,1.0073971547718288e-11
0,6.823533429680509e-08
0,2.517296564082839e-16
0,4.3272494807391386e-08
0,7.755173858716046e-20
0,0.006340518501410582
0,6.04486855259017e-17
0,4.787093393031574e-16
1,0.9348743449281298
0,7.779454526921826e-19
0,4.505865527361283e-17
0,2.561241079104373e-17
0,1.4047965069826024e-12
0,0.00011628302016669157
0,2.891302904789252e-25
0,1.5141447263903698e-27
0,1.3463056458513855e-16
1,0.40979743615637265
1,0.7956140582868716
0,0.3051105050458695
0,2.093635109470602e-05
0,9.914830121648764e-21
0,4.724304169477709e-21
0,0.14341959297291912
0,6.491681081052936e-18
0,1.1235601591514923e-20
0,6.515159846106471e-05
0,1.763940520802375e-18
0,2.4899424531669857e-13
0,3.1474495678147374e-18
1,0.4628692045762039
0,0.07640396076227068
0,3.2559919628532893e-21
1,0.7652552586492962
0,7.645265228526897e-07
0,0.0760266357963178
0,9.193064950083536e-17
1,0.5154138615034384
0,2.220952795876876e-08
0,6.779997832856831e-28
0,3.24294356093937e-17
0,0.26975956360708425
1,0.7983501877196583
0,0.4202169998424579
0,3.108414851898723e-19
0,0.295131929061094
0,0.16058871464147853
0,0.02642695201578801
0,2.0727800856507958e-20
0,0.1743281735312244
0,0.1508075273680727
1,0.6244075666114647
0,1.6262382205103164e-11
0,1.5402700779560997e-26
0,2.2906012950673964e-20
0,8.361805847848715e-28
1,0.7592955925074477
0,3.076532270932683e-20
0,1.9061092807632242e-19
0,0.0007017973551393297
0,3.344619910786009e-17
0,3.8127479043325236e-07
0,0.08289690015106221
0,0.2010909708414822
0,0.09814100456670165
0,1.3458972086647123e-17
0,2.9566683400312577e-15
0,3.1237663726235805e-23
0,1.8098562984635404e-17
0,1.3081675565206744e-07
0,2.8020050132545764e-23
0,0.3417079064145063
0,0.15445074354749522
0,1.5551896859791068e-23
0,0.26883497911204746
0,2.320618605377214e-17
1,0.8668945448887989
1,0.5373336611261643
0,3.2426259877278726e-17
0,6.434647044971982e-16
0,6.157624601156833e-05
0,6.711002601955821e-27
0,4.428488449873125e-16
0,5.481008967652651e-16
0,1.9642505338925978e-20
0,0.3552655885299932
0,2.1156080620972546e-17
0,2.2496541181953778e-14
0,1.6399509066551377e-19
0,2.421070145792365e-27
0,0.5791192601371088
1,0.4595141793679183
0,2.425100266476974e-16
0,1.0383989642252186e-17
0,1.3063102324825952e-17
1,0.999999258051347
0,1.417716921655553e-17
0,5.781934338481153e-24
0,1.4943663344973283e-15
0,0.00010473805946629971
1,0.7343039315344575
0,1.7778506636681958e-16
0,4.7350496407066825e-20
1,0.9761875542386742
1,0.9490114206197068
0,0.1673684221170232
1,0.26341838417724844
0,5.936999500424266e-19
0,5.282924317350166e-25
0,8.747929343159404e-22
0,0.3596975973266742
1,0.30184712038233724
0,3.3019893757080014e-06
0,0.5988420573332138
0,7.273184551544292e-21
0,4.62594200594124e-19
0,1.025221794068554e-16
0,8.269702566250174e-21
0,8.623992000229482e-18
0,8.327798189818145e-07
0,1.737502604843434e-06
0,2.65135272760692e-23
0,0.13359203138841053
0,8.437868276573038e-18
0,5.477082108834643e-18
0,1.3841848014249213e-06
1,0.43036509022005015
0,0.2385253267307566
0,4.437515042070796e-19
0,1.238576272046503e-18
0,4.786794480740495e-19
0,9.80124307057008e-14
0,3.373397393568025e-18
1,0.6440827782360986
0,0.39837116869265143
0,0.13966705413410577
0,3.284869865387176e-14
0,2.4307261074050516e-16
0,2.142936616349564e-19
0,2.0109489319920084e-20
0,4.394002368235274e-22
0,2.1450498273638215e-26
0,2.148004579807476e-21
1,0.8068047274655693
0,1.4488164776599468e-18
0,0.26988839702506306
0,5.886253838934449e-17
0,2.6421498938376448e-20
0,1.4407813597235674e-27
0,0.13241684908588627
0,0.15736124245443947
0,2.982485106787849e-06
0,1.7699483317064182e-10
0,2.0184253128978273e-15
0,9.512634787193827e-08
1,0.2684409617413099
0,3.8293489169813726e-05
0,0.001391512065508946
0,1.6068065854734229e-27
0,0.3646139163486335
0,1.0288388597314516e-20
0,0.0019481271553246538
0,7.636692930995343e-17
0,9.63417485913353e-16
1,0.4859302125426437
0,4.269543081234845e-10
0,0.15074510837837038
1,0.6200119363116439
1,0.938482372883099
0,2.6664717962920496e-20
0,4.517209902701148e-18
0,0.0010473217697973627
0,1.8645394859975467e-18
1,0.3939678310088219
0,0.12696191840174456
0,5.8580541904178666e-15
0,3.202141370710037e-08
0,4.8187350557640816e-05
0,2.1063314287961645e-18
0,4.912558454364904e-18
1,0.37155199496136493
0,3.89326822092225e-27
0,0.16291741626742245
0,1.7346052677073261e-06
0,5.826105352525994e-05
0,3.5561646972156896e-17
0,3.2559919628532893e-21
0,2.252042045106154e-19
0,3.2559919628532893e-21
0,5.284784466711159e-13
0,0.5245864358155136
0,0.07896678495223283
0,1.0436185477110975e-14
0,6.034879691460181e-25
0,2.148004579807476e-21
0,0.479825453222056
0,8.1885159899468e-08
0,6.123307810535631e-07
0,0.2979721745725047
0,0.043069250161228124
0,7.213022848943252e-09
0,1.8764248209954193e-18
0,8.496993548374939e-05
0,1.3176353672230679e-17
0,4.524047332238682e-12
0,4.364337084735069e-17
0,0.0009699529683763425
0,4.153804945587819e-07
0,5.1971038730352656e-21
0,6.90097998079015e-08
0,6.903462071977186e-16
0,1.09497541669487e-12
0,0.20413316681786117
0,1.6565229866266064e-07
0,2.8495295964228954e-19
0,9.774776059040438e-19
0,0.07650338474588236
0,0.03438352102397064
0,0.13151930267710016
0,1.2095066598071925e-15
0,3.234677205003386e-07
0,6.600955099540974e-07
0,1.0637697593024507e-16
0,7.604280996087466e-19
0,9.01348497704675e-17
0,1.2741256296561913e-19
0,1.0340306206349148e-16
0,3.1671244826232305e-17
0,1.34563344018494e-16
0,0.03942612202547717
0,4.784475435085899e-16
1,0.41708907190196925
0,0.25412404522327464
0,6.403934701283993e-28
0,2.2555450775803213e-16
0,3.932588753972964e-23
0,1.4490058225066032e-07
0,0.018844665807922864
0,0.00045252728323157083
0,2.6357758997008667e-16
0,0.3217965835350513
0,9.441032229143247e-17
0,4.825099248052333e-16
1,0.825277970128417
0,1.5691325002856887e-23
0,0.003291035684078681
0,0.0012047591634933282
0,4.454016416731749e-06
0,3.4063877284378706e-15
0,1.0294930188629975e-20
0,9.156580430911768e-12
1,0.6599366412363771
0,7.316233557711496e-20
0,5.9251306156667055e-18
0,2.142924661532358e-18
0,5.284784466711104e-13
0,1.1066112070692133e-16
0,0.09720303082627058
0,7.692556441112458e-18
0,3.4640717120953847e-18
1,0.23942091556882772
0,5.984999380952e-18
1,0.047035867032757236
0,0.6955005258871365
0,2.8109389440583714e-19
0,6.03130747936703e-10
0,1.185534688148328e-15
0,4.0705707583613955e-07
1,0.3380750181088754
0,1.2365478042732354e-15
1,0.48636312766641393
0,1.6993941295939092e-16
0,3.2397745016297957e-19
0,2.928769483611501e-17
0,1.5098263068933715e-21
0,1.4059301216412712e-15
0,2.81790750084493e-19
0,1.1122960194591407e-19
0,4.665872698776418e-17
0,4.883279404388792e-19
0,3.918038604245677e-16
0,3.877863554629819e-15
0,6.978629528749627e-18
0,4.551642827781128e-09
1,0.3973733756274422
0,1.961210454081457e-13
0,5.533962558519284e-16
0,2.878453482342449e-20
0,2.7479437937320226e-19
0,5.838323055972725e-06
1,0.4154981207158281
0,0.011139733710197974
1,0.712169233248404
1,0.6048891070162233
0,1.555724961685466e-05
0,8.936762641727321e-22
0,1.838340881326198e-18
0,1.8859360058529453e-08
0,2.0588238260775946e-26
0,0.4548566697951033
1,0.9999482038767613
0,1.8978154370656356e-15
0,6.787867148559166e-12
0,0.4302819159859458
0,4.952983343585739e-08
0,3.407697662590457e-20
0,0.5245253934510016
0,4.514175303268453e-15
0,3.049119479408815e-24
0,1.6218524940187428e-17
0,0.1971823994173343
0,2.6621990591753905e-07
0,0.24676379993035757
0,4.229755187850258e-21
1,0.8036807705372595
0,2.0839947451212536e-19
0,2.5531365739221e-13
0,7.348750540859464e-09
1,0.701460721402805
0,0.09821532715323551
0,1.118697577861439e-19
0,3.3487224026081514e-19
0,4.001321134764397e-17
0,5.490612748458763e-18
0,2.233340835694904e-06
0,1.8680693723125434e-07
0,2.5447948904618665e-24
0,2.017646781124172e-07
0,6.430948593379655e-07
0,3.2127077842064246e-15
0,2.967005235761316e-07
0,0.005063677219787537
1,0.8471012877002492
0,8.71363279028496e-18
0,1.394511373178711e-18
0,3.3961528785615126e-23
0,1.0129969316701432e-18
0,4.093540440029449e-20
0,1.0196276179598603e-18
0,3.307558611688912e-16
0,6.275826418559384e-07
0,0.0008618941055966358
0,0.2922653387020844
0,2.1277173521383132e-19
0,0.1817719051296531
0,1.1299124073303573e-27
0,0.16936998237779732
0,1.1639290313076413e-16
0,7.467490461547972e-15
0,7.749843546258031e-08
0,2.432090311211011e-07
1,0.6014449496731098
0,1.7069821620049348e-18
0,2.332476364725041e-05
1,0.9051600846739127
0,3.641959887725584e-19
0,1.355328598969877e-07
1,0.7219984127978041
0,7.366686226878955e-15
1,0.8993952038639119
0,0.004489877822062388
0,0.024325950241813398
0,1.5204007676755284e-14
0,0.5323751289107708
0,5.893518267765214e-17
0,0.00043943387662360084
0,0.00044102148918133383
0,7.366728326164264e-05
1,0.3600131938615995
0,1.2657469376116994e-19
1,0.8708891517874431
0,0.003855247182848778
0,4.801531343682776e-05
1,0.8526193530192788
0,2.1720754901583535e-27
1,0.7299635482241701
0,1.7322155959559405e-16
0,0.1537843640211871
0,8.332621460353233e-17
0,4.969418261174249e-18
0,3.2559919628532893e-21
1,0.6067306921980246
0,8.149172931754151e-09
0,1.7912186595100076e-17
0,1.1782680072185012e-14
0,4.957204255122004e-16
0,1.2239911473443351e-17
0,0.08417590993300861
0,9.223530878971398e-17
0,0.3443393268346724
0,0.0002961548069757019
0,7.4109801279396554e-06
0,1.0190627997822462e-07
0,8.372989458874665e-17
0,1.5904201916003491e-06
0,5.284784466711159e-13
0,1.4513820992510539e-27
0,6.382676044767111e-05
1,0.5119998753647452
0,1.0587945067122286e-07
0,1.9972109397400648e-08
0,1.878842776730939e-21
0,2.649288735545091e-12
0,2.3384155871379638e-07
0,6.190357006039769e-22
1,0.9999999910822833
0,3.4654775831861696e-19
0,5.324367924604957e-07
0,2.133294729372283e-26
0,3.2258548509855484e-07
0,1.4272041152387502e-17
1,0.696149671390179
0,0.34713928650825376
0,7.00496695898143e-09
0,9.30375901317001e-28
0,3.609190749717239e-08
0,9.192523940080349e-21
0,1.0043016305897942e-05
0,3.264858356488869e-07
0,7.406619978215126e-17
0,5.241619315370702e-27
0,2.4262617624110057e-26
0,2.6345219306432184e-07
0,6.651757094635639e-16
0,1.0743989782769514e-19
1,0.8120760573893786
0,6.191377151501609e-19
0,2.2159768752650943e-22
0,0.4814452239795703
0,3.536493079820198e-20
0,6.791877160481156e-05
0,8.477518247907319e-23
0,7.27220798002862e-24
0,8.228738549456628e-17
0,1.3884079189620895e-18
0,1.3723358415636628e-27
0,5.727554767968647e-16
0,1.5226581138166308e-16
0,4.660504053952221e-23
0,3.076194130015312e-20
0,3.1788244520792607e-19
1,0.5833042370426939
0,8.322466276987657e-25
0,3.1862887366874887e-16
0,0.5298745732845356
0,1.701127960771369e-15
0,1.085913613630435e-06
0,5.501392449796157e-19
0,3.553612706293628e-18
0,0.00016746624766960825
0,7.755173858716046e-20
0,1.7278904451498186e-18
1,0.1641832465496541
1,0.44639759633778203
0,1.4272397856916344e-22
0,0.002698755599973725
0,3.9578171411464195e-26
0,7.326826931201031e-13
1,0.826882271931065
0,2.5321237243038808e-18
0,0.0001451093050961075
0,1.9572559280818795e-17
0,5.784676060142888e-19
0,4.717163011015804e-07
0,0.008159047246547996
0,3.113638244296447e-17
0,0.21491616543806316
0,6.4743924585624e-07
0,0.3462340340672125
0,2.2450841744027186e-05
0,7.35964778895373e-08
0,2.789622556042649e-23
0,2.4262617624110057e-26
0,0.01964953277218089
0,0.12078256354433083
0,7.749349320666985e-21
0,8.552757624583598e-16
0,1.6887735320043655e-16
0,4.772934248932142e-08
1,0.8073105691390388
0,0.2897538779743319
0,4.443278031833919e-08
0,3.808972485466496e-17
0,2.1330506153462962e-12
0,2.4114163195975515e-19
0,3.0688373612590466e-17
0,9.037628295227334e-25
0,3.744528629581906e-07
0,2.4240561732172262e-21
0,7.213022848943252e-09
0,5.147182110933025e-07
0,0.00014362425996439871
0,4.3594550321034507e-16
1,0.6090608459612068
0,7.026291021071521e-16
0,5.330266802320094e-17
0,2.014558009442973e-17
0,1.5918858365568462e-14
0,8.210072417359992e-20
0,0.09303333840857167
0,3.554694084976288e-06
0,1.5243061845543325e-16
0,2.2599601034737606e-17
0,1.8091331692564384e-16
0,3.500944337470045e-05
0,1.447100698815395e-18
0,4.705792560960661e-23
0,1.4258113768574205e-17
1,0.15299375267423126
0,9.671126595844679e-06
0,2.061343787761956e-06
1,0.4216136001176362
1,0.8250426235791946
0,1.6589160534814037e-07
0,0.010088136080634367
0,3.3016908448749676e-06
0,1.7679235774248784e-08
0,5.0276675248493786e-09
0,1.292754815367399e-17
0,3.131920363609316e-14
0,4.132232251910412e-26
0,0.1783579123914479
0,0.25983764147145577
0,2.1636053476416782e-06
0,4.208394660201339e-05
0,0.49440147111857186
0,2.4116867088762143e-16
0,2.9567083312701542e-06
0,8.889816850553766e-20
1,0.6291064293791914
0,1.0114449219766855e-19
0,7.755173858716046e-20
0,2.655522101238026e-23
0,9.781448737901113e-06
0,5.277906765188853e-07
0,0.08417013596085336
0,1.0742022927045629e-17
0,1.8599642814136883e-07
0,3.074658258094485e-20
0,0.03073733124410278
0,1.4729289199322806e-16
0,6.214768444341271e-15
0,8.473209561304034e-07
0,1.878842776730939e-21
0,0.12718740916503524
0,8.929738785220101e-07
0,0.005070868932942416
0,2.7065125722429553e-19
0,1.5207990606015067e-24
0,5.08958725084442e-06
0,6.314580391761784e-26
1,0.5083066529083534
0,5.915900238299327e-18
0,9.52616035878412e-28
0,1.0176385856800703e-07
0,0.0012233528483355375
0,6.512683832186627e-17
0,0.00457672746143076
0,1.402927650807683e-17
0,2.233102462093119e-19
0,1.2564939155723868e-17
1,0.4882912637137959
1,0.5030218974929541
0,0.09632255973131619
0,1.1819209615392895e-05
0,1.9856505035852384e-18
1,0.5502288928235651
0,2.0725592392794797e-12
0,3.427364136844006e-15
1,0.536772168756001
0,2.0307464123669043e-16
0,0.2928648050574742
0,4.869312316949398e-27
0,2.8811552349613357e-16
0,1.3104061072998424e-11
0,2.647070492419769e-23
0,8.580935407505336e-20
0,2.3504130422635114e-20
0,5.904004651068192e-25
0,2.4483443546112903e-28
0,0.2643585150434035
0,8.355994828441526e-27
0,0.38594139682950723
0,0.061865930107032716
0,0.47751929826560296
1,0.7591065669356535
0,8.825655845705375e-17
0,5.434817771773794e-15
0,3.5122851957313845e-19
0,0.20970416203010253
0,4.654930683211545e-05
1,0.3210577771211158
0,9.084764371844725e-25
0,5.391502253054873e-15
0,3.8040266108833445e-21
0,3.7447145364308e-18
0,3.61993418676709e-06
0,3.298262432097743e-21
0,0.22790589922787682
0,4.1862545933875916e-24
0,4.0404241294940513e-17
0,1.1784266722988087e-19
0,6.271032825246193e-07
0,1.71997616642613e-17
0,1.0255938413534965e-16
0,3.1433226140309163e-20
0,6.435245461835771e-17
0,6.508312268141698e-28
0,9.31568891555595e-18
0,3.34875687467619e-17
0,2.526131037245041e-15
0,1.0334939531850137e-20
0,0.2509525192571831
0,0.0005154037222742681
0,1.0652448586322797e-19
0,2.9957088414283125e-17
0,1.0435699681550613e-18
0,2.918908770182323e-19
0,6.064575357067776e-18
0,1.0922859425766925e-23
0,4.65371052906557e-20
1,0.13289544084275356
0,7.542162224922143e-18
0,0.06188211629890895
0,2.8475869041689236e-25
0,1.1877628864837025e-06
0,1.4166845094223664e-26
0,4.127168340929476e-18
0,5.942097512249803e-06
0,2.133294729372283e-26
0,1.1763623715904796e-06
0,0.005964058218811319
0,3.0394383924743843e-15
0,7.803587341253491e-07
0,3.559032590088383e-20
0,2.3844315242316576e-07
0,1.3356269402884266e-18
0,1.805333050445168e-05
0,5.251949645299204e-19
0,2.4534439289629824e-15
0,0.0009746908719545015
0,9.957782514145365e-27
0,0.25529562367102243
0,0.35095140117335283
1,0.6070083205366423
0,2.21514558567898e-15
0,1.1103505837558337e-16
1,0.27147070019607383
0,0.16054437488513176
0,1.9222399271108486e-17
0,1.1120398379148307e-16
0,8.783334414503275e-15
0,0.0049722964709937745
0,7.274909941845422e-19
0,3.883285347848503e-18
0,0.00040633538379102074
0,6.469106616382419e-19
0,4.060805826200244e-26
0,0.5965255815474043
0,1.2978508587058626e-06
0,3.281691282489987e-18
0,1.0519681671317152e-20
0,1.0398063397686696e-22
0,1.0805724652048775e-20
0,2.9188177470377476e-19
0,0.07138636842397882
0,1.9779011834540335e-18
0,1.477505830393841e-06
0,5.879992383447424e-24
0,6.45649344278445e-05
0,3.79382499652937e-07
0,2.6340626423128597e-16
1,0.43119973896499514
0,3.6945093295488835e-18
1,0.15199171095596567
0,1.9455484065381118e-05
0,0.4741374963985346
0,2.4630514381199136e-23
0,4.7558253260328185e-17
0,4.179993950367012e-07
0,7.766209261302178e-15
0,2.215205505443549e-19
0,4.65803998703573e-20
0,2.092701040105501e-17
0,0.2545017650326976
0,0.7504640335140224
0,1.739464173329517e-16
0,3.254266134751758e-23
0,1.4880912057619518e-18
0,2.876262509217131e-19
0,1.1452303283606296e-11
0,4.568514663154985e-06
0,2.1962879508115956e-27
0,0.38803426333092145
0,4.1380437715374167e-05
0,3.32946737332258e-07
0,9.501462359273364e-07
0,0.002698755599973725
0,2.0309892273007184e-20
0,0.4278865331607764
0,8.410811526351665e-06
0,8.111651538048686e-06
0,0.4785799889424182
0,3.760652863195939e-15
0,2.2468336392192152e-27
0,2.8947109214757474e-17
0,7.684439252260163e-09
0,1.2462411745146262e-19
0,7.839255071296975e-21
0,0.0797046534528396
0,6.366407094604208e-07
0,6.742004870692074e-18
0,1.8846619974570482e-22
1,0.5612657789012757
0,5.987962822233557e-27
0,3.81291856513299e-06
0,3.3082180478069217e-19
0,2.5367179472778867e-07
1,0.7539836644678954
0,4.7205397355954397e-17
1,0.41587533627792483
0,8.723652012735906e-18
0,2.055397436471001e-16
0,2.86408285106696e-19
0,1.8016308175023469e-16
0,1.3763278470529396e-16
0,1.9555495742313205e-19
0,4.933267003482127e-07
0,0.07378741161523678
0,2.177245703925771e-17
0,5.049436280414389e-19
0,2.0233994042496842e-05
0,1.5223692974491551e-27
0,1.878842776730939e-21
0,0.003524730571996899
0,1.7787587903372798e-18
0,0.05357078342548499
0,6.674276443155897e-05
1,0.7715256845005759
0,0.004309280578320747
1,0.7736653321703252
0,8.489181345027742e-07
0,2.593771236906214e-24
0,4.626710063629093e-14
0,1.6262382205103106e-11
0,0.2997243200378893
0,1.8520666537678848e-16
0,5.07789566623863e-22
0,3.1639934795562997e-20
0,3.0569301171026924e-20
0,1.8812528006153908e-05
1,0.9772973578044819
0,1.7487916925426144e-14
0,6.516808346649843e-07
0,8.018283616128168e-17
0,2.125104157887156e-12
0,3.127944646916527e-07
0,0.09944642520351216
0,0.0009591022746773101
0,2.133294729372283e-26
1,0.3792422646401892
0,2.272780780878505e-16
0,3.1593466281727045e-07
0,0.09417603047327198
0,1.5343810407914028e-27
0,4.8085889530181337e-17
0,1.6677112989520992e-19
0,3.175423490013962e-23
0,1.060306188754445e-05
0,0.6485758883027203
1,0.8478298125034194
0,8.714791014843758e-17
0,6.377097016031906e-17
0,1.2122562115062783e-09
0,3.182797601240812e-17
0,2.427483188538242e-05
0,0.41370479082292533
0,8.676032724673118e-18
0,3.233476953852645e-23
0,0.4064260570880643
0,0.47649879142043167
0,1.916637669294453e-06
0,1.0589849466775131e-15
0,0.007119456061141443
0,0.04404559667421043
0,0.35058530522755565
0,0.39291639268505635
0,2.0243623034691677e-24
0,1.2365895612129887e-23
0,6.733533781521629e-14
0,0.14380614516241774
0,8.985824176716328e-18
0,7.732343111531044e-07
0,6.351877883715404e-07
0,1.3482482025526205e-17
0,1.8888677046570966e-15
0,4.35127046030037e-24
0,2.731371100688419e-25
0,8.921734331552873e-24
0,0.09947025996281945
0,6.422864611274116e-06
0,1.3930756737578383e-06
0,5.1626365477802586e-08
0,1.2825905880319013e-14
0,5.67167367989236e-19
0,7.969292096419231e-19
0,7.026250299081558e-18
0,1.923256852725348e-06
0,1.3497036262083154e-16
0,0.13408096151883694
0,3.6264495476423984e-17
0,6.0525996962224565e-25
0,7.892940465328301e-07
0,0.017442651666988655
0,3.3484300347359047e-16
0,2.0441394250582523e-16
0,3.0880545881235525e-23
0,0.008529441608413157
0,4.444078352901274e-17
1,0.7241026131079696
0,0.265452610844543
0,2.1629458657908142e-19
1,0.25033517147488205
0,0.5059912043717938
0,2.2001189296079706e-20
0,5.942683701181511e-19
1,0.8767088033048742
0,6.918381696542493e-26
0,0.16787528977233432
0,9.743522737386153e-17
1,0.7617584984105631
0,1.200436570180213e-17
0,2.1039363949392633e-05
0,2.080494230999357e-05
1,0.9298543725531894
0,2.868719997177978e-07
1,0.5047278376885239
0,2.806560197037796e-06
0,1.4938669211669045e-15
0,0.17897590327699373
0,4.3117127921536695e-20
0,1.811834307527882e-21
1,0.2706451456496227
0,0.4225281808334866
0,1.2186188821618592e-23
0,5.598079731319216e-20
0,0.37668568398410374
0,1.5581078696113356e-25
0,2.878453482342449e-20
0,0.0022855896440256776
0,0.3219893631257845
0,0.04368392977749907
0,1.9914201753180896e-08
0,2.0582645678336086e-20
0,0.2906284834154976
0,8.846480882008419e-15
1,0.366228784794743
0,2.9191400243426266e-16
0,1.4662935022124814e-07
0,4.845101004077768e-17
0,1.065867107944764e-27
0,0.16486710268328508
0,2.448396859109684e-05
0,1.598924348991347e-18
0,9.30150464434417e-16
0,2.859696905468004e-17
1,0.2779572598576838
0,5.267682639073321e-25
0,8.794482230269861e-07
0,3.492724779259883e-21
0,1.3945113731787012e-18
0,2.043540434283822e-15
0,1.9196931929688605e-17
0,6.049326724816965e-17
0,0.0030655850418849872
0,2.4577228398484175e-16
0,1.4878598118857116e-17
0,9.44326413277977e-19
0,0.0004200871363898913
0,1.3297585440490224e-18
0,8.270384273373913e-15
0,6.872455663180791e-06
0,1.0440031446092738e-09
0,5.172222969772104e-06
0,1.4592074055754808e-16
0,1.5815589907309355e-05
0,0.04326035048782455
0,1.862897554848589e-27
0,3.7838644980585266e-14
0,0.0009356902370775521
0,0.012520025861731197
0,2.196745172527171e-07
0,5.914475292809206e-19
0,0.3149460256764243
0,2.370407906452523e-18
0,2.4423792876819943e-17
0,5.260352322444282e-25
0,1.9862033002101423e-19
0,4.834100475818977e-23
0,5.853901278634125e-26
0,7.081499008021323e-18
0,6.263508640499519e-14
0,0.329095789234199
1,0.674046779952715
0,2.7796336884000084e-23
0,4.2012761556732497e-26
0,4.7206517657280744e-05
0,9.579996846369246e-26
0,0.008315705650137223
0,4.1746219845692943e-16
0,4.189132273933767e-17
0,0.567247307336978
1,0.21694433993266282
0,5.878181701468408e-07
0,1.8512023826653642e-23
1,0.7246158912954134
0,2.5803395965134044e-17
0,0.25869439560681534
0,3.678288627028294e-15
0,1.0111445305865351e-19
0,1.0397190469011803e-24
1,0.5503629303185685
0,9.894729491753581e-08
0,0.00015196972580576196
0,3.888587571518744e-18
0,7.017006477102838e-27
1,0.9374080046802831
0,2.1048860460616575e-07
0,0.15053576394791968
0,0.0001881507680693818
0,9.373009412528781e-24
0,9.991203128597734e-17
0,4.826878916378222e-19
0,0.0007939433790523501
0,1.4467346508089978e-17
0,2.4210696674470673e-20
0,3.863818836524812e-21
0,3.4035479812445284e-07
0,2.508454718514896e-28
0,9.862299618653938e-19
0,3.2267032567513744e-25
0,0.014219547682911338
0,2.897757424572728e-05
0,1.50392025637145e-16
0,1.991435568362912e-15
0,2.3773395171694508e-17
0,2.6477853455877552e-17
0,1.7830832158541386e-07
0,7.621523192472564e-08
0,3.3374639399625945e-18
0,0.24455673911739279
0,0.1584418280433155
0,0.6765608932937331
0,1.370584749530272e-07
0,2.653742133323606e-18
0,3.538468079336657e-16
0,2.133294729372283e-26
0,3.5896435314712776e-17
0,0.08352636244212112
0,1.005142971811453e-18
1,0.7627643014065851
0,2.3525771507580844e-06
0,1.0210920913239097e-17
0,3.930154663241857e-17
0,0.4310408726046243
0,9.533788836248393e-19
0,0.29966930863626395
0,0.01321195380747082
0,9.813983446175854e-20
0,2.0545011100156624e-23
0,3.120170628305172e-15
0,5.74151914328385e-18
0,3.064993548352946e-15
0,9.810184161191411e-06
0,0.3133564015683284
0,1.1327278321678082e-21
0,0.2771704539316677
0,0.00011466821698984759
0,1.9926159766820238e-20
0,3.204222677522595e-20
0,0.016986721308675037
0,0.25167541985975844
0,1.2417187981503173e-24
0,2.9321635296216682e-25
0,8.949294164043692e-27
0,4.898992093445348e-22
0,5.191741868965503e-18
1,0.5655452384662744
0,5.2519702873355047e-20
0,2.2490341616267958e-05
0,7.129090252757181e-06
0,1.4105571205439206e-22
0,1.4361355440104492e-08
0,2.536068760068553e-19
0,7.378915266669712e-20
0,6.569617581980288e-14
0,1.212595727146652e-06
1,0.17653907514591596
0,2.425077003325216e-18
0,8.397283008423401e-18
0,2.5319072473480675e-16
0,1.5424561700787094e-06
0,0.1385055531990453
0,7.10500062895407e-19
0,3.511397163354479e-15
0,0.2932780050150826
1,0.47468708502627355
0,0.42992810300933065
1,0.6630080644573095
0,3.802016879963231e-17
0,6.6528320059299e-17
0,2.250503261807169e-07
0,1.7724977814580946e-17
1,0.8383786805129149
0,2.397739394425488e-24
0,7.89001897344969e-20
0,1.5491391435080634e-17
0,1.8646943117683467e-21
0,4.2431873023170814e-27
0,0.0014639428792398179
0,1.0825233201786877e-20
0,4.0813361456978263e-19
0,2.605746500326851e-24
0,0.234446870995619
0,1.0416680891446735e-07
0,0.3209690882555464
1,0.25976030679895684
0,5.284784466711159e-13
1,0.8493964359185538
0,6.8867072628287145e-18
0,7.920064483227871e-15
0,4.0965006643666525e-16
0,4.757655547688353e-15
0,0.07532990287885152
1,0.030591066578488053
1,0.45452191037268824
0,4.7168835125907856e-17
0,0.41812372369936646
0,1.0136387042255009e-17
1,0.6749198869089557
0,5.1029723920222936e-05
1,0.6204088193776454
0,1.300590046311521e-16
0,1.495927825359892e-17
0,2.434220678755772e-25
0,3.3016908448749676e-06
0,1.919920510975692e-12
1,0.5693166102864796
0,1.6085021590425158e-16
0,3.0981201588976854e-27
0,3.256335413968217e-18
0,3.466462578856219e-07
0,6.470950070860172e-19
0,0.3059397174320923
1,0.5194954938057011
0,1.2330305690886782e-15
1,0.07080218710889703
1,0.22395468489467976
0,1.6199945507354228e-18
0,2.156331371255452e-06
0,8.90405163774715e-16
0,2.807684133511575e-16
0,5.256443372571432e-25
0,3.120242658579003e-12
0,0.23826534412075362
1,0.7459112035899992
0,0.07950572042579118
0,4.503753884500519e-20
0,2.9086006425588217e-21
0,1.9032100228786107e-19
1,0.9869490788264285
1,0.08012293351904268
0,0.004240515585551818
1,0.8377521343134219
0,1.2415770754841414e-06
0,3.5587703833422437e-16
0,0.41822666820908083
0,0.006685364873206442
0,0.0002574902754428441
0,0.23900536606543427
1,0.7870866619236904
0,5.4166186870282e-21
0,0.010530923521769013
0,8.908504115495923e-27
0,3.705175886269781e-18
0,1.4166845094223767e-26
0,2.2830118447662876e-06
0,8.651031477877734e-06
0,1.2558229716023332e-24
0,4.709797562758792e-18
0,1.916637669294453e-06
1,0.21021007126306576
0,5.665851815392932e-07
0,2.766668089911764e-16
0,0.13633623933139746
0,6.695785229869326e-20
0,1.0294930188629975e-20
0,0.42497981575516564
0,2.3588330963030204e-17
0,1.9980421669664457e-07
0,2.443293776792251e-19
0,1.851355781041218e-26
0,8.833171653177548e-16
0,2.939329048795428e-26
0,2.148004579807476e-21
0,2.738141373505242e-25
0,3.495262916524682e-07
0,1.0589344875926356e-24
0,1.0488407556842583e-07
0,1.0665328046174034e-16
0,2.7451184819472814e-23
0,0.0017952634547106782
0,7.778231232508583e-05
0,0.14752504910720754
1,0.5531783051523111
0,4.249547348144846e-15
0,4.232665752107931e-18
0,1.0570092008712089e-06
1,0.6181520135526374
0,3.4194650532608193e-15
1,0.9999999777156714
0,0.007244401116916231
0,2.0362857750723872e-19
0,4.49074698805409e-17
0,0.0004268477467760363
1,0.9537884129657787
0,1.0116123268142596e-15
0,1.6231308151306377e-18
0,0.008328184561329
0,4.800216481810484e-20
1,0.3110012378942281
0,9.014009112842164e-22
0,5.863104639525466e-24
0,9.39573800525668e-08
0,1.4271404346870991e-18
1,0.5222997804580983
0,1.766662903581078e-27
0,8.911201699545126e-06
0,0.07877528688691575
0,4.633976997106024e-06
0,1.0593240327377298e-17
0,1.0186550434960063e-20
0,0.0007720532584440051
0,1.9032523656166883e-15
1,0.6293671869388787
0,9.449535426699784e-18
0,6.121173127069068e-05
0,0.4193198622165142
0,0.001398509525690351
0,8.9850928695582e-14
1,0.43250731556383737
0,2.6296413157150044e-16
0,3.2559919628532893e-21
0,9.037662116478887e-07
1,0.5588721772859238
0,1.2663617340036847e-21
0,5.277084100956388e-20
0,2.285533519625534e-17
0,4.732630666809859e-22
1,0.9952553752980918
0,2.6320333528098678e-23
0,8.854852330127582e-17
0,1.3893628005559295e-15
0,0.012719594226482528
1,0.8123757598425312
0,1.9982987514191455e-17
0,8.948418632760459e-21
0,0.0006065588457441595
0,6.60850468890017e-21
1,0.7976213537254876
0,0.3228594110529374
0,1.3013650467193095e-06
0,3.609913495602797e-15
0,7.718416105151933e-16
0,4.914996650771663e-21
0,4.290478416178679e-27
0,2.010994897505952e-16
0,3.076532270932683e-20
0,3.884528491495677e-18
0,1.6520689033507775e-17
0,2.733350373125386e-21
0,3.2559919628532893e-21
0,4.538908789128958e-24
0,1.6914540672604925e-22
0,0.027516778917330488
0,2.685770175588981e-23
0,1.1165511198553458e-07
0,2.2780285129192562e-15
0,2.0450925855210186e-05
0,2.8846766582670554e-28
0,2.3889041518479274e-15
0,2.8068515610062856e-16
0,1.8151633023237337e-15
1,0.2710003661601851
0,0.07464295394697566
0,6.348208297595201e-06
0,1.9513050371036804e-19
0,0.43466925870889617
1,0.6272650357846808
1,0.48050007666454775
0,4.649508245336195e-20
0,3.3522933819522975e-08
0,1.895962216590362e-18
0,6.330288153527541e-18
0,1.3288809744989023e-21
0,9.528497123519418e-18
0,1.030765797384152e-18
0,1.030606598920718e-13
0,4.563021198750924e-06
0,0.00021999109079344218
0,3.431326629888362e-17
1,0.37794322496912747
0,2.878453482342449e-20
0,0.013048282847311476
0,8.233153746690968e-16
0,0.0016709240534550978
0,3.806864731485844e-05
0,5.549943946141991e-06
0,0.0003598539999605415
0,2.447620241914183e-15
0,0.5011758208585111
0,1.878842776730939e-21
0,0.29590241186572924
0,1.574309308078469e-06
0,1.385315541219124e-18
0,2.09163310457056e-26
0,1.9367687810684112e-22
0,5.518677818796278e-20
0,4.839598281678494e-26
0,4.93595074750664e-17
0,2.6376031015112642e-23
0,7.749992028344751e-17
0,0.015476242769154193
0,2.2804972432987317e-20
0,2.711030517106062e-25
1,0.41276824212828306
0,4.3622013616763843e-23
0,1.78045960464159e-18
0,7.976785215166557e-05
0,0.2464229920404546
0,1.3676861420531455e-20
1,0.05612024964957484
0,2.58490386394151e-07
0,8.504346087819166e-21
0,4.829403063500515e-06
0,0.6363937866093258
1,0.3851226477308677
0,0.10330906604206715
0,1.5268182760015385e-19
0,5.568359728115727e-21
0,7.026389954496438e-26
0,2.6048819666051165e-19
0,8.55590891613965e-19
1,0.5348429496697005
0,1.9919835489606537e-14
0,0.52825974049031
0,1.3428564955603515e-15
0,0.34524134354355074
0,0.020536485275935618
0,0.5792226679476752
0,0.5871950742046858
1,0.45282054862288373
0,5.401726489227263e-06
0,2.6853539945474145e-15
0,1.4644014311227344e-27
0,5.887189749185927e-18
0,0.00390701369521438
0,6.964470792839762e-24
0,1.49687382485101e-07
1,0.18453431529125924
0,1.838367184662035e-05
0,1.6492426786271767e-16
0,2.3805214508444322e-15
0,0.0003053735155444835
0,0.5997077432700961
0,1.748777967554656e-14
0,9.045452393106337e-16
0,3.641530033942066e-16
0,6.450381950300977e-19
0,1.2545752431314202e-22
0,5.47162128707403e-25
0,4.411532801661283e-13
0,6.595727357999611e-12
0,0.00019181017159718782
0,0.0103097880255743
0,2.1546906465203157e-18
0,0.0028142255257446952
0,4.290815606756022e-27
0,1.4377709537132784e-19
0,2.751968447378537e-28
0,2.2307993620682617e-19
0,8.497236851966932e-06
0,4.488236814362671e-17
0,4.9128733327553834e-20
0,2.5801294930697434e-16
0,0.17889581101023344
0,0.012679119159633632
0,0.00474761796268667
1,0.9959581202113071
0,2.6871280994292242e-06
0,7.13806764275513e-20
0,0.10334954694224333
0,7.737510259748138e-18
0,1.2461632225016631e-06
0,3.091443351997008e-17
1,0.9445285942829545
0,9.763740681669043e-06
1,0.8739244713698593
0,6.934048481905841e-19
0,1.0317242307225615e-18
0,1.418401120744746e-17
0,7.808171505458186e-20
0,3.3481714734087105e-19
0,1.4427262531359844e-27
0,9.77400879067092e-15
0,1.5051487428112552e-16
0,2.8475869041689236e-25
0,1.940391194956436e-24
0,5.925855333997784e-17
1,0.26057289823268454
1,0.817590921437744
0,0.3468297881568962
0,4.480657388537672e-18
0,1.3906835519543987e-15
1,0.3630161941171471
0,8.05111829317938e-15
0,4.0629389377379814e-16
1,0.8261377106241479
0,1.1539218612248806e-18
0,5.349330025745632e-07
0,3.174484497255836e-07
0,7.291266712214829e-21
0,1.7102396157916096e-16
0,4.328573270373721e-18
0,1.878842776730939e-21
0,1.21641886289567e-17
0,0.36559342018695323
0,2.7433008415694132e-08
0,1.1456689220013938e-21
0,9.011266864424538e-12
1,0.8393629800223574
0,3.8964189573045755e-18
0,0.060088447243180014
0,2.1078254292405736e-06
0,3.582940180467058e-18
0,1.1676728904082609e-18
0,0.00574076906053521
0,0.5129500140403217
0,0.00199528219368068
0,0.00017651062744692634
1,0.5269359403943563
0,0.14621096917759838
0,3.241169571710008e-17
0,3.245938971868887e-16
0,2.878453482342449e-20
0,8.948418632760459e-21
0,0.01778425640406668
0,9.924987865721618e-16
0,2.148004579807476e-21
0,0.001529250971588539
0,9.55029985979994e-19
1,0.29808404928308424
0,1.4090138521351582e-18
0,0.0001758518198664938
0,0.001284818855213724
0,4.043645750501679e-21
1,0.365702827757368
0,0.09719484354418602
0,7.9606640842902e-18
0,1.0151208292055938e-06
0,6.493832192521099e-18
0,2.9051974670894073e-08
0,3.3487224026081514e-19
0,0.0025483583562797524
0,0.0036311681035147507
0,0.3406903952628312
1,0.5746915912995794
0,0.14241464126335743
0,1.761509921687247e-16
1,0.48658864239868427
0,2.7544574016016268e-21
0,3.665981157749004e-18
0,4.689213575903949e-12
0,8.984448431323056e-15
0,6.416305190691564e-26
0,5.089427038737061e-19
0,3.6414317528374863e-22
1,0.4012615809434654
0,0.0017737293111634816
0,0.2973766215314172
0,1.5198326948430978e-27
0,2.677667362728583e-23
0,5.116828725745415e-16
0,1.1458242886524787e-21
0,1.6071710093822245e-19
0,6.737206876674648e-18
0,1.0405343256084863e-07
0,4.641647392617331e-17
0,0.006666753223713755
1,0.9477655807488761
0,2.504599157875357e-17
0,5.473181950247199e-17
0,0.0013917559035479486
0,2.878453482342449e-20
0,6.685552543241231e-18
0,0.11170181179668359
0,1.3378072144213675e-18
0,4.994241687059577e-15
0,3.8639963618344684e-17
0,0.19852919734259744
0,8.540219973367929e-18
0,0.52216965946125
0,1.818887962065678e-17
1,0.6311810919049414
0,3.3046053088450786e-20
0,7.427895970853047e-21
0,3.5523295231303582e-15
0,0.19244372360641482
0,0.10301348449316175
1,0.8536441453854529
0,3.650299210216894e-15
0,2.0013331170572147e-15
1,0.5610383542529319
0,3.429963374894449e-22
0,2.1788198974071807e-19
0,6.0012577854582995e-19
0,1.509819564801729e-17
0,1.764321077842094e-15
0,4.452901787313363e-18
0,6.262297431601363e-17
0,1.1512852298539999e-07
0,1.0103080734719048e-15
0,6.141349653878683e-16
0,1.8608760388812766e-18
0,0.4010186424136977
1,0.6441033649378897
0,3.806864731485851e-05
0,7.508898989568052e-15
0,2.804455276227735e-17
0,1.4253616637202348e-17
0,1.2857149519234884e-17
1,0.48526405894393554
0,5.811513354627256e-20
0,2.1288247438159873e-18
0,2.7116266143032576e-23
0,4.587750753534906e-19
0,0.004824986659624307
0,9.546927743093695e-23
0,1.7134898421928615e-16
0,2.7139553090334066e-21
0,1.0918926932502647e-15
0,9.025656957462972e-21
0,2.148004579807476e-21
0,5.300000192602366e-24
0,2.3835305665628037e-23
0,4.1661921148771156e-24
0,2.6320333528098678e-23
0,1.1161282944948828e-19
0,1.0896770978796956e-17
0,2.0813039769203272e-16
0,0.0009703549200346143
1,0.8006972240745819
0,2.2261986674710078e-07
0,0.3235855728717681
0,1.3809112475652246e-16
1,0.3579941421470533
1,0.19893237714093942
0,1.5391994682811298e-19
1,0.7606191820180492
0,5.057914121580446e-25
0,2.022899328240959e-17
0,9.081072789781212e-13
0,3.011307560722773e-28
0,9.480551367894481e-21
0,4.901321650039834e-16
0,0.21013014004770347
0,1.0365504919132941e-17
0,5.737663506216572e-16
0,9.690120727691004e-19
0,2.356465887364412e-21
0,8.515593671939688e-20
0,2.133294729372283e-26
0,3.847022466765969e-05
0,3.509613860865846e-16
0,7.522703516700448e-16
1,0.9271541865768254
0,2.5986812206949552e-17
0,4.9105714727474125e-06
0,5.931586642979782e-19
0,0.40217260922395237
1,0.9213860149955465
0,1.5605294410502054e-23
0,0.37342069544862994
0,0.14041260132724392
0,5.325609208124113e-26
1,0.9999999694925512
0,1.4952064955184016e-06
0,0.0014183518663759352
0,4.456523737159043e-16
0,3.335065083656614e-19
0,7.137338482850502e-17
1,0.7117639126331381
0,5.5817674369302166e-18
0,0.2638727632657136
0,2.2210378758367088e-07
0,1.8613762903561345e-07
0,0.11777439072277104
0,1.9712386742043222e-07
0,1.4528634796356953e-06
0,7.294623942865391e-09
0,0.42638808209817847
0,3.0864628972518277e-16
0,0.0005925864946188437
0,2.878453482342449e-20
0,2.560442732487679e-12
0,3.2227869617489015e-07
0,1.8747784594384608e-16
0,7.742063728315499e-13
0,1.955770104108793e-16
0,4.862977817007794e-16
0,4.2420007625666174e-20
0,3.407259524794581e-17
0,5.122139344835854e-06
1,0.30122936597518474
0,6.439455658292473e-08
0,3.7649946020844925e-23
0,1.0370519656007e-20
0,1.279540297285902e-06
0,0.12450778432887466
0,1.5827109049905e-19
0,0.06030599184728835
0,4.717252424484977e-15
0,3.038209256367198e-17
1,0.2762467295676356
0,0.3227433406002861
0,2.0877614159117225e-27
0,1.458358882563237e-06
0,0.010769749655721974
0,2.495621769137166e-07
0,2.649474685541826e-23
0,2.7972070223445854e-15
0,3.308145839027046e-19
0,1.7993408199112884e-18
0,0.8103552218296467
0,1.753976219337181e-18
0,0.5733680631931027
0,1.1166759286878776e-18
0,0.2718603352685445
0,1.2767218436454627e-15
0,4.897921377404153e-19
0,2.2450841744027145e-05
0,0.06049741127720919
0,4.7471176157493216e-20
0,6.575437239666655e-19
0,0.44785994151755204
0,1.5857632377964858e-19
1,0.20828750491769832
0,4.561672001713872e-17
0,1.0196043921945402e-17
0,2.919847337582157e-16
0,2.583732617561645e-05
0,1.06932996126928e-16
0,0.14189221913161382
0,5.2436718727814655e-22
0,3.0022255729101487e-17
0,3.707735221320161e-19
0,4.290478416178679e-27
0,1.9125043909724503e-15
0,0.3941210998277686
0,0.18480128253517436
0,4.939931335063219e-19
0,0.01891526484448962
0,6.123942414578187e-17
0,3.580707076978326e-24
0,1.0405930619447809e-17
0,0.0005937622310528743
0,7.312772488266049e-20
0,3.6244657452913593e-19
0,4.8193056068932385e-17
0,3.0222887958021063e-06
1,0.16279021727410506
0,0.00017020141665285908
0,9.914830121648764e-21
0,3.6283179563252444e-23
1,0.6711514706800598
0,1.878842776730939e-21
0,1.4183399909027548e-17
0,3.442215958326487e-05
0,3.509554568890436e-17
0,1.4782260172877462e-07
0,2.379374126482556e-08
0,8.43897661447837e-20
0,1.947644621224846e-16
0,0.021436501160514782
0,8.428336441895069e-20
0,2.3223639070805094e-16
0,2.4083412967871008e-23
0,3.684924943469777e-15
0,1.0966435255339108e-27
0,1.2197134930501726e-13
0,0.0013615312452336685
0,2.711030517106062e-25
0,1.1553616971759736e-16
0,2.2625976213331065e-19
0,1.7890025174658534e-22
0,4.483360863434621e-16
0,3.249295506606277e-17
0,4.822347285092422e-12
0,3.0883940042897464e-16
0,0.0001397307226677631
0,3.8398448497721174e-15
0,4.1788836305967785e-16
0,3.458632469151821e-07
0,6.033659818826311e-18
0,2.394838412788734e-15
0,6.185616668043303e-05
0,1.3603951813522375e-17
0,0.0021961236954402227
0,0.6392724351453797
0,8.041972980498694e-07
0,2.6614442827291316e-16
0,6.689381547418904e-19
0,3.527166218149987e-17
1,0.33581737998678773
0,2.2691619399087753e-22
0,1.3239662433710664e-18
0,2.14324367534041e-19
0,1.0570691402673337e-17
0,0.6306097235067326
0,1.4567951559276327e-16
0,5.51934250846783e-17
0,1.7304735304189574e-07
0,2.6148623987814187e-13
0,0.428748470756663
0,3.6781018216327826e-18
0,3.1353770382689197e-20
0,1.7616150786368433e-05
0,5.520580964359125e-18
0,4.94031817654216e-18
0,0.0024880643230167903
0,6.839832962965377e-18
0,8.210150679113639e-20
0,8.150039652008378e-15
0,1.6787590154051983e-07
0,7.89130188420158e-07
0,5.471167765417364e-19
0,1.878842776730939e-21
0,2.878453482342449e-20
0,3.875167212568878e-18
0,9.525050017647685e-07
0,5.641105608035827e-10
0,0.00012262250886892204
0,1.7817948266309736e-22
1,0.9456415607576983
0,1.1418757390188403e-17
0,2.8389145740360653e-19
0,8.426668953813341e-16
0,0.3324381451994867
0,1.2311578101967424e-05
0,1.213300411936399e-08
0,2.408590059137421e-19
0,0.2339746261279807
0,8.511331605849384e-20
1,0.5159312659386678
0,5.848369952310628e-17
0,2.1462714998495627e-07
0,2.213105816605823e-18
0,1.8218715666533106e-07
0,7.74586831453297e-17
0,9.960702555601992e-17
0,1.860703699378135e-06
0,1.4614482899592063e-18
0,2.7672803821898813e-27
0,0.45577967754589654
0,2.2702160080000164e-16
0,3.7897962198703526e-20
0,8.231599649293364e-15
0,1.5441256373465947e-08
0,0.03679170351936656
0,1.0646408257843344e-18
0,2.401341908676268e-18
0,3.3318971545757058e-18
0,0.04345190233830151
0,3.4519635503855116e-18
0,1.478943892190185e-18
1,0.45112101049689257
0,1.6574928204696304e-17
0,1.4216992616854913e-07
0,4.264581296221213e-18
0,9.064425778105822e-26
0,4.300738981697281e-28
0,1.1372121854788364e-17
1,0.12078378279367297
0,3.0829281479695137e-19
0,0.028771831043606956
0,6.711914240909629e-08
0,2.329735851861377e-06
0,1.214429360707483e-21
0,0.11602833728054394
0,2.3374794650193395e-06
0,1.9325139345308393e-16
0,4.2559097839168445e-17
0,9.403138680058607e-19
0,1.632483990045424e-07
0,5.266179269674788e-08
0,1.4249516343973448e-17
0,1.3580422240360662e-07
0,6.1026287879731505e-18
0,1.5771336013487242e-06
0,0.5544529173131632
0,4.369093091030949e-20
0,1.887832308656216e-07
0,6.538407123684397e-17
1,0.6659515014284744
0,3.676930734598996e-16
0,3.4006694524909313e-23
0,1.3136411907436522e-15
0,0.34314198117940914
0,0.000725046389207259
0,2.6563219689624294e-18
0,2.3706261392864114e-17
0,7.888615121909116e-06
0,7.755173858716046e-20
0,2.0976006683778784e-17
1,0.520115402576891
0,1.0268132424709219e-16
0,5.734634931614837e-16
0,0.4001862297697962
0,3.120242658578992e-12
0,1.978437049160147e-16
0,1.6175282893117167e-20
0,1.857383483602559e-20
0,4.128825712987839e-08
0,0.001544006420587097
0,4.741556292172534e-17
0,4.4655740844453424e-08
0,8.980526857233015e-19
0,7.146711980268092e-18
0,6.151374980476408e-19
0,2.6320333528098678e-23
0,1.5310134732210878e-16
0,3.1296323401704793e-16
0,1.667562980998438e-17
0,5.325609208124113e-26
0,7.386919702582384e-07
0,2.9045597575062892e-15
0,1.4006871046064708e-07
0,3.0634862118018185e-23
1,0.05957040483686251
0,8.76039857636944e-15
0,4.060805826200244e-26
1,0.9449492289579757
0,4.6054866884118354e-08
0,6.250584774082158e-09
0,4.126918653239197e-21
0,7.472258837658454e-17
0,2.269358658758306e-16
0,0.05976140234224473
0,3.75466926364788e-27
0,0.15819539662949314
0,1.1873749729692528e-18
0,0.10321502842297366
0,1.9475081487469673e-19
0,4.2353153691541984e-07
0,1.3950663766264513e-27
0,1.9713016230640765e-19
0,1.8968107687230557e-17
0,4.6935978592480166e-20
0,2.5594196729168687e-11
0,2.589461515830831e-17
0,6.97994502544051e-23
0,7.69490933624499e-20
0,0.39880006220792197
0,2.7826061125084536e-07
0,0.05482723788622367
0,0.21131316466137245
0,8.16346601630475e-08
0,6.382305565071986e-07
0,1.3743571280268078e-21
0,4.917314546892032e-08
0,6.701010293840587e-19
0,3.1690035688506702e-24
0,6.085098404141576e-16
0,2.217218512522506e-18
0,8.511443527271437e-16
0,8.601022107953994e-07
0,1.7817149941660997e-15
0,5.67355718535202e-21
0,2.8718365435434536e-17
0,0.07613267990980431
0,1.2675817517523624e-17
0,2.0167852664487452e-19
0,3.745261070056574e-06
0,8.052364378234163e-16
0,3.827746800426563e-12
0,7.721033885505476e-16
0,2.0014031775574583e-17
0,5.089926239219783e-18
0,7.215463168645666e-06
0,7.228562545414033e-27
0,0.19294804143209052
0,0.026191888250452905
1,0.7156663184948666
0,0.36773985231986267
0,1.1037989846980942e-27
0,1.0764618865272231e-16
0,1.9485902637731774e-18
0,0.00021720122262761793
1,0.9720403759354687
1,0.48989240124819533
0,1.0698502646745025e-16
0,5.1567418472317777e-17
0,0.1778040267337862
0,0.3326249012393606
1,0.43000445502150675
0,3.2809746255068363e-17
0,4.846814466108926e-25
0,1.0996491412550799e-15
0,4.956449382670883e-18
0,8.839272930493223e-05
0,5.355605883197611e-17
0,1.4398056300435665e-19
0,1.3257883615968368e-21
0,0.4065842570478495
0,1.6427137122969164e-15
0,4.2044319777421705e-24
0,1.7955813186974507e-16
0,4.931210929424031e-07
0,3.552273846165535e-06
0,2.3905846904075374e-19
0,2.6899598497408e-17
0,2.191432188394574e-19
0,3.830291071923901e-24
0,1.325537512807919e-07
0,9.062150945590639e-13
1,0.7437074751482472
0,0.04960217096480689
0,0.13647537436373183
0,7.484926655625168e-08
1,0.5881351767974355
0,1.671825532472515e-23
1,0.3206548367574915
0,1.811834307527882e-21
0,0.25562115939855856
0,1.9480658279833257e-15
0,9.774776059040508e-19
0,0.03474772327447731
0,3.2855901081505533e-19
0,5.534669015000309e-11
0,1.4471006988154052e-18
0,9.12840969296703e-15
0,0.3587222697823729
0,1.4484518279073776e-07
0,1.5950180495339818e-18
0,0.2172867352726423
0,2.372580218647805e-19
0,1.4402504143744609e-18
0,4.440401138035645e-21
0,2.835166132697074e-20
1,0.5350011548104778
0,1.4819631399393796e-19
0,3.736056842005626e-17
0,6.477314630000442e-18
0,1.7403263706227857e-16
0,1.4427262531359844e-27
0,1.9190120392040247e-08
0,8.29081379693132e-19
0,1.548628774143979e-17
0,0.0019001685835676855
0,0.34910124204661613
0,0.0019113967221320758
0,5.28226074002728e-25
0,1.2448662045291226e-06
0,9.857007904324877e-08
0,2.520816440623114e-20
0,2.9321635296216682e-25
0,3.9637263876043573e-16
0,2.018745526057422e-11
0,0.014800999555914744
0,0.00012015752528591097
0,4.496092442927728e-19
0,0.32356772628783476
0,2.4078382201614747e-18
0,9.257258604120023e-07
0,8.399674858777419e-16
0,0.48383640408960643
0,3.519621275555423e-26
0,1.8827123402118368e-17
0,2.533869134131226e-18
0,2.898535947515348e-15
0,0.0018053565781120974
0,1.3330183128247055e-17
0,0.016867627076497884
0,1.6609369744741199e-25
0,0.35944130690241244
1,0.6489789597592327
0,2.465438749640246e-21
0,7.589921114842812e-16
0,1.2862764057203841e-17
0,2.677118352441023e-23
0,1.8937411029408312e-05
0,0.19045082912624078
0,6.119734611044313e-06
1,0.6838536694713145
0,1.811640302871106e-15
0,0.6439149387928286
0,5.112009918140307e-16
1,0.558583466141348
0,2.3266693666129753e-13
0,6.265819106572895e-18
1,0.3719212664467718
0,4.269543081234845e-10
0,1.0602829395944497e-16
1,0.6592638044930055
0,6.768581190644136e-07
0,2.6320333528098678e-23
0,3.564940874309087e-20
0,1.7843577734077777e-12
0,0.0038138145194101455
0,2.7263975565216667e-19
0,1.80955861013351e-07
0,7.592902939197527e-17
0,1.0221015537441575e-16
0,6.063806257231174e-25
0,0.15719217474867053
0,1.0584414222910469e-17
0,1.878842776730939e-21
0,9.679598353126532e-17
0,1.3542319607460324e-16
1,0.21750176325237752
0,0.017470990692538633
0,3.624510026018307e-21
0,1.0180917025445786e-17
0,2.5656560681476636e-20
1,0.5403630330276772
0,3.6991729353765904e-19
0,2.1317138216974204e-16
0,5.536282981214227e-16
0,8.74359542591742e-19
0,2.6268105353551916e-06
0,2.1332947293722978e-26
1,0.07641692091699924
0,0.000304191186992941
0,4.405517289213425e-19
0,1.5843555944530787e-16
0,7.542086312084032e-08
1,0.7164069663576778
1,0.40735337899823304
0,2.6194947434381293e-17
0,5.166155334558345e-18
0,2.163300772409697e-16
0,5.361021510267787e-05
0,0.1123732956768128
0,1.4681570364372677e-05
0,1.4427262531359844e-27
0,0.24845730122846865
0,0.03921138244624951
0,6.1741426685156944e-15
0,2.4918645391593383e-05
0,1.8557948169858473e-07
0,9.546927743093695e-23
0,7.406764378989983e-10
0,1.8952159155980568e-15
0,0.004176464721040599
0,1.3036206723504755e-15
0,2.1836877274438237e-09
0,1.4407125776530744e-17
1,0.7638426385756116
0,6.119122670840726e-18
0,1.0472656555764985e-18
0,1.8128650117304222e-12
0,3.5424082314743174e-19
0,1.5268182760015385e-19
0,4.17705211813494e-06
0,1.1093900115241873e-18
0,0.05709011010475618
1,0.2428410751772679
0,1.1666568386780221e-26
0,1.359558659474615e-07
0,2.061343787761956e-06
0,2.0385710723016305e-06
0,4.168153133665025e-17
0,2.2378627085988526e-19
0,0.010301061677821953
0,3.333591316687479e-17
0,1.6086001985309208e-17
0,1.2472364631073042e-26
0,0.43811785111311397
0,1.4582745866190842e-20
0,5.992192459323846e-21
0,0.16080282337196958
0,1.295566952315562e-06
0,3.134421619435314e-26
0,6.372713495482171e-05
1,0.6185950169158467
0,2.57552486632464e-17
0,2.2718899682358045e-17
0,9.135725906118695e-08
0,1.8460342664596665e-17
0,0.2737897596983664
0,1.5987558282694073e-19
0,3.727135567446327e-18
0,3.6188507104021864e-07
0,1.6775182273970588e-18
0,0.23949096289339708
0,3.3950120602885204e-19
0,1.831043801947717e-15
1,0.8992342002393287
0,2.0577438035866404e-23
0,0.20429363361529768
0,0.0005268770184910868
0,3.2893086341733512e-18
0,4.612026361922423e-23
0,0.031372364168794624
0,1.8126516904928278e-13
0,0.49207712987311286
0,0.4038152297860157
0,7.252730677399193e-21
0,4.3535194125277345e-18
0,2.5792685124181784e-17
0,1.9841812626170321e-16
0,5.458894492913228e-19
0,1.1272699954510259e-06
0,1.2741883721937156e-17
0,0.06405931948060924
0,0.0005874115319695947
0,5.2398415764531216e-24
0,0.08407115635897058
0,1.8681732851536613e-05
0,3.131920363609316e-14
0,5.871185869984171e-07
0,6.168445611668976e-25
0,0.02134725805719283
0,1.9228964458517747e-16
0,7.195011657450784e-16
0,5.4901284712085236e-21
0,9.4025913354524e-14
0,4.105091453022531e-06
0,0.2648205871658561
0,1.1272681104754983e-05
0,1.5865266467213156e-20
0,5.091850307848647e-25
0,0.2185029897641421
0,5.715654535852207e-06
0,8.397391767665344e-20
0,0.0009084820348281852
0,1.811834307527882e-21
0,5.418124625124393e-16
0,1.2305814224163133e-11
0,0.006896531677265311
0,2.0130001172564933e-18
0,0.0014437156249061003
0,6.364129162197736e-18
1,0.18684568644516267
0,1.0359041069516686e-14
0,0.29167858473256536
0,4.402251656919578e-17
0,2.6311915422277377e-26
0,3.030930892231737e-17
0,2.004080883567062e-15
0,6.759887213889842e-17
0,3.4652851603701445e-17
0,3.2612774939349724e-27
0,4.156632984089523e-21
0,5.459554029635215e-07
0,3.707828302341699e-19
0,3.7538135127685455e-19
0,1.5830402060223612e-22
0,6.403814938482295e-07
0,4.7004980354872066e-21
0,7.758373138730137e-07
0,1.2093856893687241e-17
0,3.484386843641588e-17
0,1.4376499493699826e-15
0,0.0025227151441249616
0,0.5331830046381343
0,0.20738408542189443
0,1.631440670207522e-21
0,2.0382453559404229e-16
0,9.556490605200234e-19
0,5.797867903423694e-06
0,2.691218032486355e-19
0,7.00496695898143e-09
1,0.9071302168987152
1,0.32586803861630853
0,1.2014001628877718e-22
1,0.539097952581401
0,2.299115375410442e-19
0,1.4181957835740834e-16
0,8.368769401100199e-18
0,0.428675564319478
0,1.0141230062202501e-15
0,1.878842776730939e-21
0,1.3487453804081535e-05
0,8.467827357478615e-16
0,0.4486557395088471
1,0.498561865762191
0,0.17732212096594357
0,0.04218316504818025
0,1.1794380342316073e-22
0,8.899160000408192e-08
0,1.7617417740180927e-11
0,2.2601445381405874e-17
0,3.18385674279417e-23
0,1.571331320626164e-18
0,2.2201346019838415e-20
0,0.10753568115902744
0,3.0391692221658963e-15
0,3.139692963975581e-25
0,4.013445148796174e-23
0,2.5356575744062734e-16
0,5.690913955289011e-20
0,0.8287287424705023
0,1.1452303283606296e-11
0,4.801130565930127e-27
0,0.002698755599973725
0,5.90842285193347e-17
1,0.1443587331208556
0,1.3990668795739881e-24
0,1.2413865435143256e-16
0,1.888633120556272e-16
0,0.00016946944304488097
0,1.9588040865610903e-16
0,8.448310661991687e-13
1,0.42914102261430553
0,1.0814459120088564e-16
0,9.198283386156824e-18
0,2.0310811499786815e-17
0,3.9636607956813165e-19
0,2.828871723609791e-26
0,1.1162346167534523e-19
0,4.218502927942431e-18
0,7.158407553833806e-07
0,5.880845725501669e-17
0,9.315427632726686e-18
0,0.12845340109650424
0,4.290478416178679e-27
1,0.37552077116448684
0,0.487476235132607
0,2.3706261392864114e-17
0,6.606835798344495e-05
1,0.8888345895234505
0,1.214773443703666e-14
0,0.006894966654411076
0,3.177522796192882e-19
0,1.3235102115460717e-24
0,7.747178564827156e-14
0,8.454949227052616e-17
0,0.11792191952652122
0,4.319514053369862e-22
0,0.11043272986260277
0,4.8843489784336584e-08
1,0.8226110270443959
0,4.49696830419465e-24
1,0.5969613638742325
1,0.46768770094123346
0,2.246833639219247e-27
0,0.03798664474899763
0,0.08222552825808747
0,1.0870507823375267e-27
0,0.000253981732553136
1,0.44057407497325146
1,0.3637137347735121
0,6.06652534373184e-20
0,0.0015042305220534027
0,5.92182916460874e-13
0,4.851555983528265e-21
0,4.820889778249978e-22
0,4.2012761556732497e-26
0,1.4407813597235674e-27
0,3.3386509183380966e-16
1,0.3620525543858504
0,2.6731278989967986e-16
0,2.71313246699376e-19
0,2.2468336392192152e-27
0,1.4308777477381717e-08
0,1.0731004681161837e-26
0,6.012899111757326e-15
0,0.03818813527122611
0,3.967546134799336e-26
0,0.018361920821741238
0,5.143557395539271e-16
0,0.00027683092555584897
0,3.8173318933433024e-16
0,2.9473300516779915e-05
0,4.269543081234845e-10
0,0.31955529233430763
0,1.34952701793475e-17
1,0.01653671425714713
1,0.9995587546087666
0,7.326826931201031e-13
0,1.605270441679314e-07
0,1.1953868057508787e-06
0,1.1666568386780221e-26
0,7.143077609424629e-06
0,1.621732820208333e-17
0,8.837905298431718e-16
0,4.857042294797491e-17
0,2.045216272958359e-07
0,6.177804070590365e-15
0,6.648892696086891e-19
0,2.6269587392806706e-05
0,0.0001868238802380228
1,0.36517796198087793
1,0.5031129587154125
0,8.303293553569199e-23
0,1.4834704658626317e-18
0,6.5040565245703855e-21
0,3.239967550411855e-18
0,2.2115976410822156e-20
0,6.86361337007179e-17
0,4.639149455151798e-17
0,0.24554319434363034
0,1.5301589758778944e-05
0,4.0161444495874195e-19
0,4.446940292989137e-07
0,3.593407342894215e-19
0,2.79091509145994e-16
0,3.677518031604719e-20
0,4.169560133546441e-20
0,7.00496695898143e-09
0,0.3626399612128686
0,1.0359970036168406e-17
0,1.6766552872575757e-22
0,4.744921355269264e-06
0,2.2468336392192152e-27
0,2.9497916867669664e-19
0,0.556554962568072
1,0.3792768134925492
0,2.0314325598667525e-17
0,1.3590126823425042e-16
0,5.579687748600972e-18
0,5.684753729983338e-27
0,3.157151271414235e-20
0,5.209616651963738e-18
0,0.093171815821505
0,2.0219373063902014e-20
0,6.900453807883763e-18
0,2.5380260771467615e-26
0,0.09183010594635997
0,2.8449967241264003e-22
0,1.4585951701188853e-06
0,0.0006197109604238993
0,2.5394598050233845e-09
0,1.5826130107697925e-20
0,0.7581008005775138
0,1.0654947427674409e-16
0,2.1427693808467777e-14
0,1.8729796856682792e-19
0,3.120242658578981e-12
0,1.5644999205943694e-07
0,0.35408049083593335
0,6.4743924585624e-07
0,5.515573096891822e-07
0,1.6426194169158501e-18
0,0.04548948541038675
0,2.148004579807476e-21
0,0.0006144521341174327
0,4.905964867038728e-16
0,3.139218991121283e-17
0,0.00031116510400994597
0,9.108860436458008e-24
0,1.6455456412743083e-21
1,0.571306742892954
1,0.17504110130867173
0,2.6244596195300136e-27
0,9.935540914968596e-06
0,1.0589344875926356e-24
0,2.457150602983614e-17
0,2.074409400294876e-17
0,2.841989105205645e-19
0,6.698814530626402e-17
0,4.943806487783289e-17
0,2.4759236473517204e-11
0,0.854967662202244
0,0.3218756973971781
0,0.3036637231051869
0,6.275826418559373e-07
0,1.8225310407778217e-16
0,1.6284462386367159e-18
0,0.0005191531026122042
0,0.5467013529479937
0,1.7052344977074437e-06
0,5.94177359856812e-19
0,1.5034660061027276e-25
0,8.36684416610641e-14
0,0.08300345499552576
0,9.206198440720278e-18
0,1.3866363548619713e-15
0,1.8383671846620285e-05
0,2.9340102944758176e-27
0,2.214374997254801e-21
0,1.1915436676246144e-17
0,4.070541330590092e-06
0,4.116449185877972e-17
1,0.6181519963152962
0,6.5503373402508094e-18
0,6.982355398031287e-07
0,2.6579236734354233e-07
0,1.9441306186619256e-15
0,4.7214377425111526e-15
0,2.0945964751793575e-27
0,2.0945964751793428e-27
0,1.7549976111030135e-15
0,2.373250586190373e-17
0,0.6865715837395873
0,0.02253757582144591
1,0.6407030937710324
0,2.2934732052655263e-18
0,4.549063498091065e-19
0,2.48602516837958e-07
1,0.2779611181454239
0,2.6627438590240436e-20
0,5.709560835502223e-17
0,1.2877458152023664e-14
1,0.46540603530742725
0,3.055309620661878e-17
0,1.7676759797110397e-19
0,2.7243309720926318e-19
0,0.25246890020754537
0,7.73455971505046e-16
0,1.4158682915881147e-22
1,0.23787751082995448
0,1.4825133523208627e-08
0,9.747518319959309e-21
0,3.019366979185776e-16
0,0.4473263014835017
0,1.4096814218804296e-15
0,1.5169803109116167e-06
0,0.5026814113194074
0,0.11175978804990966
0,5.993963935938316e-21
0,0.38880743554840497
0,3.3873844322656225e-07
0,8.056568807181519e-16
0,1.5716547479044176e-22
0,0.023402313506051577
0,2.148004579807476e-21
0,7.017006477102838e-27
0,4.612845531473485e-15
1,0.6890078496682055
0,0.49368526914177296
0,1.309049191237355e-17
0,9.457591362995142e-18
0,2.3098590726055214e-17
1,0.40217607816769946
0,2.013181785410782e-18
0,6.386742661458609e-15
0,0.009499446446782142
0,9.873550681132111e-22
0,4.780690180934266e-18
0,1.5888885807575617e-20
0,3.715730445420783e-06
0,7.670467965406618e-12
0,2.7124022534874727e-14
0,1.0895446057404785e-08
0,5.2266010626769565e-20
1,0.5974772855149295
0,2.789622556042649e-23
0,0.21204259304746387
0,1.0924858280122158e-15
0,6.718009234943485e-26
0,2.9017072866109844e-16
0,4.110078786583875e-18
0,1.0294930188629975e-20
0,2.7181301522844634e-26
0,4.799563600792793e-25
0,5.703246076741446e-18
0,7.977575755152646e-18
0,1.664138591078102e-17
0,9.57967043592506e-19
0,3.4297843966224615e-06
0,0.01984723859309199
0,5.3594333797520245e-15
1,0.0008379748531209904
0,1.2384877132493591e-17
0,1.076466774015678e-07
0,8.558141670205858e-19
1,0.825287689476862
0,1.0668262434076114e-15
0,7.428413768126734e-19
0,2.1718916902239004e-19
0,2.4559322744605712e-18
0,2.259308205039025e-16
0,4.605532006431489e-19
0,6.05154843302049e-25
0,1.33513512858467e-16
0,1.440826848876746e-24
0,0.4822612585692147
0,7.403678139963938e-20
0,0.2631570482860735
0,0.35018367947336443
1,0.8733331149286213
0,3.417412576765503e-16
0,8.337206861164203e-17
1,0.0011981576499768447
0,3.471327356829748e-18
1,0.2973987335777582
0,6.861317629148907e-20
0,2.0500363310734491e-16
0,1.0667135362963701e-16
0,6.856882589838178e-17
0,0.6257423172627596
1,0.49703609447893854
0,0.025001009489090422
0,1.5900642740112667e-07
0,3.2869352164977637e-18
0,0.36119831579488226
0,9.042908710438685e-20
0,1.0522877979822077e-07
0,2.7594555311678096e-20
0,1.0741458134861568e-05
0,1.4148277041485202e-16
1,0.7986100737324056
0,9.672933409528618e-18
0,1.5048052183947975e-06
0,7.627048845636885e-15
0,1.4180874437805648e-17
0,2.3750686118938662e-20
0,1.8496813276537607e-14
0,6.271464274272741e-19
0,1.742864800414761e-18
0,1.5787927091240158e-15
0,0.0005794583318693136
1,0.7592323227453177
0,0.0011847798966489677
0,1.6262382205103106e-11
1,0.0628445221464297
0,2.643162640171743e-06
1,0.33264055987817165
0,9.162254777228596e-28
0,1.7229121670735928e-16
0,5.58907642619005e-17
0,5.796990603761667e-16
0,1.42783110313005e-06
0,1.5276806194734934e-15
0,7.26394990406107e-17
0,8.9850928695582e-14
0,3.3361103425479817e-26
0,3.322467168562555e-07
0,1.5330361497612515e-22
0,0.186046282112205
0,9.921006300185008e-19
0,2.6436572432964213e-25
0,5.91868549604111e-18
1,0.8268074652266026
0,1.7888682947543868e-14
0,4.1002704271340175e-06
0,1.6362389469140365e-24
0,2.71413913307572e-28
0,8.845876823215199e-16
0,0.00030528124519845406
0,7.991165594443294e-17
0,1.4947039011270476e-05
0,7.322567083377741e-07
0,0.6354628617793138
0,0.36605053409288063
0,5.0635888839015585e-23
1,0.49967784610376714
0,8.16450711974686e-10
0,5.2552558488475915e-25
0,8.148643413384747e-20
0,2.4234391833266116e-24
0,0.5228113473826058
0,0.0013379426588279832
0,8.58997141444587e-27
0,3.0645132388796893e-15
0,8.660173567937941e-07
0,0.006904502907139667
0,4.418628503743469e-16
0,2.6320333528098678e-23
0,1.2158157065609501e-17
0,5.493071854090959e-16
0,7.745012586968105e-11
0,0.19171756134755846
0,1.615392261520123e-06
0,1.4157099848963397e-07
0,4.809546787336274e-07
0,3.805363434052367e-21
0,4.269543081234845e-10
0,4.471589603078148e-19
0,8.657168333134802e-17
0,1.9258403204895118e-16
0,7.487215920628907e-16
0,0.3771864216438024
0,2.3705438993067555e-19
0,9.650870387092668e-17
0,2.6660002065401207e-16
0,1.2208803681515963e-19
0,5.2627820942337794e-08
0,2.457150602983614e-17
0,0.013800579916197887
1,0.9202273762140312
0,1.3743571280268078e-21
0,8.274744934963161e-22
0,0.18081393584396005
0,5.333684068159325e-17
0,7.412592491097402e-20
1,0.19759453059777235
0,2.1285066836646011e-07
0,7.401828784397658e-09
0,1.1786813113475786e-17
0,0.00702065062551599
0,2.2922714011278186e-18
0,2.5977838792822586e-20
0,1.8389230599394297e-16
0,2.3387008971435687e-15
0,3.285777777158616e-17
0,0.3710619492906028
0,0.022588090502743317
0,2.6646417984493245e-05
1,0.5160427704730951
0,0.0251979955894815
1,0.6896532556978817
0,0.20140517812337047
0,0.0017737293111634816
0,1.2705167789521123e-15
0,9.038566104039379e-27
0,0.10438270996447153
0,4.183970514757142e-17
0,1.0860859476719401e-14
0,1.5193360123312225e-19
0,0.5512871057067373
0,2.0945964751793428e-27
0,2.711030517106062e-25
0,0.016963632042759053
0,1.394511373178711e-18
0,2.246833639219247e-27
0,8.359371571095342e-24
0,3.153806954774829e-17
0,1.1127021985050378e-06
0,0.0013183811806921665
0,6.15315486693202e-05
0,0.4767305892393896
0,0.4564395702782193
1,0.47007002117649915
0,2.891302904789252e-25
0,3.628496699505107e-06
0,1.878842776730939e-21
0,4.290815606756022e-27
0,4.135060859847617e-17
0,2.8480786858048515e-06
0,8.822835049114323e-16
0,6.344495345949285e-21
0,0.0004615584799767806
0,0.08383170227876614
1,0.5608360612440051
0,1.4591320073663287e-07
0,2.5141610281073936e-19
0,3.2559919628532893e-21
1,0.34785021443046366
0,7.00496695898143e-09
0,0.5357131815420126
0,5.96599002792208e-21
0,2.878453482342449e-20
0,1.6714044504458893e-23
0,7.755173858716046e-20
0,2.7535711403918645e-20
0,1.4133020710673524e-24
1,0.7752796927269315
0,1.498777426805054e-06
0,2.7571038668509444e-15
0,4.5584549162723865e-26
0,0.416174469922793
0,0.0001543638107101677
0,0.09456646407413767
0,0.39552055274874104
0,6.599858624852502e-17
1,0.8950264665059663
0,3.744528629581906e-07
0,0.48273300726081886
0,0.0001283085150528913
0,9.051407714241231e-08
0,4.95503227888936e-09
0,5.632643065715503e-19
0,0.6996980376988579
0,2.7680130857484916e-20
1,0.020635148652915082
1,0.4542307760615593
0,0.0023747019236043253
0,1.394511373178711e-18
0,0.33452924118888094
0,3.3016908448749676e-06
0,2.501536942175847e-19
0,0.020489267880257473
0,4.299043072930624e-08
0,8.608394618582216e-28
0,0.06075914447363467
0,2.1241324098260485e-17
0,0.17912140946693944
0,4.114284042412795e-18
0,4.807295794326007e-19
0,1.8185952288748903e-19
0,1.1681922062986343e-18
0,6.116055507996833e-15
0,3.8072108689762856e-17
0,2.2848130186443897e-07
0,4.0082540715332756e-07
0,1.161019295026542e-05
0,0.41146588925588423
0,2.2240710425286823e-18
0,0.48101327629216445
1,0.7673882778447144
0,2.891302904789252e-25
0,0.39788380307604615
0,0.4537845067875546
0,3.7914202441967564e-06
0,3.298330527038435e-21
0,7.755173858716046e-20
0,1.0425974958181023e-07
0,0.018718492764830005
0,0.4261616033626347
0,0.3154871509953212
0,2.484553827756592e-16
0,1.520043386674377e-07
0,1.7961572682767723e-17
1,0.7034879239954486
0,9.680908692649033e-07
0,0.4839328490927507
0,0.4954941353261289
1,0.4888877270564003
0,5.902756739109142e-18
0,5.306761522686933e-17
0,9.419494809157935e-20
0,5.9957797399021724e-27
0,5.055473260937751e-25
0,3.36869244206693e-07
0,6.570614588820117e-18
0,1.5661723481869665e-24
0,2.564798942815304e-18
0,3.7086057255330364e-19
0,1.9040904081079256e-18
0,9.922384121570334e-08
0,1.485020831061746e-23
0,5.089602323116687e-07
0,0.8766459905382361
0,0.0045764625182646975
0,0.14571422335476253
0,1.415048199075991e-19
0,2.837640673385389e-28
0,3.4917324343707455e-26
0,2.9573501977369327e-13
0,7.458366832303154e-07
0,0.0005246315436173351
1,0.4447559401895589
0,7.017006477102838e-27
1,0.6459894027588917
0,4.6544924917768396e-07
0,0.15898861655228191
0,8.024507111011777e-25
0,1.7628139654900224e-27
0,4.300647544137083e-17
0,1.4684992016752426e-27
0,3.130377614480144e-15
0,1.3149953896770308e-16
0,0.3275461770693247
1,0.6097025628656926
0,3.4418848141197457e-06
0,4.115868040878307e-06
0,0.0029572346967942616
0,1.1202747180998217e-15
0,2.4863883481467704e-19
0,3.658222182382422e-18
0,1.1518153104131415e-18
0,6.525710176563226e-15
0,6.896961509663781e-19
0,9.864072304031226e-16
0,3.28341357403538e-16
1,0.43686518958969667
0,2.6320333528098678e-23
1,0.2680427126807209
0,0.14757423376681933
0,7.70015904918832e-17
0,1.2430099836682892e-25
0,2.1131675400184035e-28
0,1.0357165940750502e-08
0,9.91100104549942e-06
0,1.7771926662717916e-07
0,7.686846115263488e-17
0,1.2125735483710294e-24
0,1.0606596158025894e-23
0,0.006209238668726222
0,9.498066929017631e-17
0,1.660981368394558e-20
0,6.145782431261611e-18
0,3.863608135691781e-17
0,3.2916311789468904e-19
0,1.3132878191491587e-16
0,7.634157249972035e-20
0,3.9335260380168965e-15
0,3.528516711953232e-17
0,2.220395508751409e-07
0,5.861725594420609e-19
0,1.132875731041949e-16
0,3.633464533825403e-15
0,1.763905264704983e-07
0,4.462078543800726e-16
0,3.06609352097418e-23
1,0.44516252715061144
0,5.171830430750845e-17
0,2.601075797845574e-24
0,1.3700253347951568e-06
0,1.2978573034999637e-13
0,0.0011131915867559623
0,1.1021021311572136e-16
0,1.2772356093023706e-12
1,0.18342412045733303
0,0.43815220587500203
0,0.31325316635955053
0,0.2270020029132647
0,2.7252639093078545e-07
0,6.55196551072995e-20
0,1.1340015472440714e-17
0,1.0509107243753688e-22
0,4.79004371160824e-15
0,0.04693527875464973
0,2.6395777874593906e-07
0,1.1844511163080974e-15
0,0.0009411666964553022
0,0.4840395421449796
0,2.8688168129287586e-15
0,3.8445441995846264e-16
1,0.8855207542657973
0,6.123082838536504e-19
0,4.4858114792431556e-08
0,4.7586923796437807e-17
0,4.303576645249961e-23
0,1.0022362690696519e-07
0,1.9254089497966926e-26
0,0.07895934026298104
0,3.3623141674159113e-17
0,1.1208244335798625e-07
0,0.013068836991552138
0,8.476009369804051e-15
0,4.552434804284592e-18
1,0.9393949130999847
0,0.3338899560111296
0,0.00025102548710798626
0,2.878453482342449e-20
0,4.001600610145723e-08
0,1.0816419510323122e-21
1,0.5131957657478511
0,2.4292414184058384e-12
0,9.933078333017742e-17
0,0.0017869629592020286
0,2.878453482342449e-20
1,0.6676452190670826
0,0.21860467194324168
0,0.06301777690071302
0,3.633008177140558e-16
0,4.822347285092404e-12
0,3.5461325054409703e-19
0,6.464122175658285e-17
1,0.8332340032609027
0,1.9323237542232393e-18
0,5.736791986708348e-21
0,0.0014439948529831402
0,0.23732429360900326
0,0.4326319696831825
0,3.072021487303957e-20
0,1.154777110814669e-18
0,1.6926057709652718e-17
0,6.160115927193963e-20
0,0.557661880922619
0,3.7579182447402424e-16
0,1.9125909563872445e-22
0,3.001685131544526e-07
0,2.121225540969285e-05
0,0.016262624399987144
0,0.582361427430184
0,8.594877094075325e-13
0,2.7736816216258526e-08
0,5.39279839145084e-09
0,5.154416075000102e-24
0,2.36008221197556e-17
0,1.3341953303870342e-06
0,3.006369031370778e-17
0,1.6079005317876926e-23
0,2.158607979548963e-07
0,1.0882479796156954e-16
0,2.4667660354099175e-18
0,4.1530179004294607e-16
0,0.053362499996946845
0,6.409958301871497e-17
0,0.11078236698886648
0,2.7083116427649258e-05
0,5.914170805446081e-17
0,2.673271263151012e-16
0,0.5662676683135935
0,0.00034086563584094704
0,4.9427831706287605e-17
0,1.919980979467665e-16
0,4.863504212398845e-22
0,3.7749137207247877e-06
0,3.18245950555439e-16
0,2.0867923911654102e-17
1,0.6004383498237281
1,0.8081487980100233
0,8.281147970187248e-17
0,2.1590821214581995e-05
0,4.574783387322683e-07
0,1.6482456069758837e-20
0,3.162049426634365e-17
0,3.017096376177085e-17
0,9.172463412482203e-15
0,7.430050121424752e-21
0,4.080017808503296e-08
0,8.778809889392305e-13
0,0.45883131090029333
0,2.508454718514878e-28
1,0.2899485105461743
0,1.183264346315837e-05
1,0.3716759769303451
0,0.002000353732543699
0,1.4157954168923233e-18
0,3.974920828981064e-19
0,0.21453052792902877
0,9.941636731447523e-20
0,5.266495862429582e-25
0,9.400373423168327e-16
0,0.2642975764533196
0,6.378496482799634e-17
0,1.0542404084367349e-06
0,2.2296094785435634e-17
0,1.6194756605001473e-18
0,7.626432517330207e-09
0,0.0005462063937660351
1,0.18875799081578834
0,5.141235918494038e-17
0,3.846658710270649e-20
0,1.727156880463733e-17
1,0.2916670148123457
0,1.6292327976760166e-17
0,1.2189563860060162e-16
0,8.631159916388687e-06
0,1.4575906218201695e-26
0,0.07935622319481236
0,2.929725072224008e-17
0,9.961543786829915e-26
0,4.269543081234845e-10
0,0.15385575932437073
0,3.03852746964334e-20
0,5.687190676981513e-19
0,0.01569301647974017
1,0.3529859413819724
0,2.2154670069166172e-17
0,0.00524038108798373
0,5.643486255450738e-17
0,1.313583368145324e-16
0,5.6601782100402574e-21
0,2.1479337390155792e-14
0,1.131376037813981e-27
1,0.23023504815193668
0,5.35236848739832e-17
1,0.36471095292038286
0,1.935667591921451e-17
0,1.5268182760015385e-19
0,4.302750607825229e-16
0,6.694581509562026e-05
0,7.136104942623258e-18
0,7.74452900478298e-07
0,1.1245455474040109e-19
0,2.357588102807022e-06
0,2.782717239716052e-05
0,0.0022885414241297637
0,4.429408186901181e-11
0,5.65626437902814e-20
0,6.01684371569321e-17
1,0.9473283714094743
0,8.453099604235995e-18
0,0.466269548997222
0,2.463239773284541e-20
0,8.881152495975581e-18
0,0.0917548742522826
0,4.058194109693147e-16
0,1.2476633477604373e-17
0,2.237841688553419e-18
0,8.383562885725801e-20
0,0.4241938763237161
0,0.0004004510819224781
0,3.127446433567909e-06
1,0.2296243758982722
0,5.485347045727018e-16
0,8.53444527988735e-17
1,0.34768885284539225
0,0.717634294379332
0,6.537212669091693e-07
0,9.682491860433343e-21
0,0.09691229007437345
0,6.62663270076405e-16
0,4.25925338603837e-17
0,5.066747201506684e-27
0,1.1785224718901181e-14
0,0.23811532170788108
0,2.9001548096045166e-16
0,0.06667906317710806
0,1.9042525970259087e-08
0,7.00496695898143e-09
0,0.5524475838666121
0,0.0008976036821705142
0,0.5769374428449212
0,4.824737721718666e-17
0,2.3988538971245257e-05
0,1.330364950281003e-06
0,7.407077220322886e-17
0,3.8978659783882306e-17
0,2.735309281842437e-07
0,0.014405585063041057
0,2.447090167392196e-07
0,0.0007117233453876387
0,5.284784466711159e-13
1,0.7015264092834542
1,0.3310490288942415
0,5.996284157577165e-17
0,0.0005049999186710568
0,1.130146368580496e-18
0,2.4867380119711404e-16
1,0.772381587141339
0,2.1932688037862664e-07
0,3.3016908448749676e-06
0,4.513782013381848e-18
0,1.7808549813455305e-16
0,2.937094202760232e-08
0,5.766556532666036e-18
0,3.3480197143042e-16
0,1.3654836903218222e-07
0,7.677414092660504e-16
0,6.194627571438999e-18
0,4.366046485704407e-05
0,0.002393397229987796
0,4.60956623673989e-18
0,0.5014792949419664
0,0.47593820172910645
0,4.396046604785809e-18
0,1.5482851731110505e-16
0,5.640651663769385e-06
0,0.11084130738042529
0,2.8919584632892756e-16
0,2.2945485334073137e-07
1,0.5152343398861636
0,9.20289981935301e-28
0,0.5304374112458636
0,0.00020244061165975168
0,2.0492747598041986e-15
0,1.5935491388953514e-16
0,1.6931741146933547e-15
0,7.850954329039504e-07
0,1.1053463008291484e-07
0,0.18721704937519673
0,6.538553401814301e-25
0,3.198568216991437e-25
0,7.306648216374686e-06
1,0.6520550276225229
1,0.22182209665017177
1,0.16350695777552463
0,2.6519836462004118e-20
0,1.2122562115062783e-09
0,0.4422782411699555
0,0.2381542574455306
0,1.3320869855713273e-17
1,0.753314556703207
0,0.001164144371514268
0,1.206017910674849e-15
0,1.551357587006743e-17
0,0.26264903331044853
0,4.548624215750287e-27
0,1.497065005602806e-17
0,5.230126479232327e-26
0,0.1872544237649733
0,3.3016908448749676e-06
0,0.015014834550700396
0,1.5332014866671985e-16
0,4.355462461633344e-22
0,1.022844223034494e-14
0,4.211536137923139e-17
0,2.3857752913082502e-05
0,0.0068879781374804085
0,0.0013777440182275945
0,4.847086709942914e-16
0,2.4612753203898616e-16
0,0.08952755779640939
0,4.793197310804952e-22
0,1.8383671846620316e-05
0,7.831856624653569e-19
0,0.35489251230755775
1,0.5368483523587527
0,1.0115965949786972e-27
0,3.1248119284840223e-12
0,1.2552747858459144e-17
0,0.17493095671098688
0,6.264500077274598e-20
0,3.0245217444257418e-15
0,1.4563809702335656e-18
0,1.4820522331020255e-18
0,1.8151115140618452e-22
0,3.222603026706601e-16
0,1.9341351780523904e-18
1,0.3715756022010548
1,0.5175513449627109
1,0.326079430142272
0,0.000578294765276873
0,0.06116758109727989
0,2.148004579807476e-21
0,0.412115311972085
0,4.794569394054556e-17
0,1.10539119667471e-15
1,0.7600260054138632
1,0.4755575948467651
0,0.3001948947632423
0,0.0004004323848807249
0,0.0020482836328594004
0,3.198444500833981e-08
0,8.714396329491576e-28
0,4.903458418031043e-16
0,0.00014573044351266355
0,1.926356215856525e-14
0,4.8110586308654637e-17
1,0.9033669848199802
0,1.896949804317019e-18
0,1.513926447749754e-18
0,1.3695639695845925e-17
0,5.554276409615798e-17
1,0.06922417790864664
0,1.556496511980618e-07
0,1.8193850483824623e-15
0,5.999546068330367e-17
1,0.9953591851522121
0,6.267332623510445e-14
0,1.172027143800048e-06
0,5.4710694828648975e-14
0,0.0021159934714905957
1,0.5667901154006276
1,0.4066511574325444
0,0.0007017973551393292
0,1.8055268321837565e-20
0,3.0131489415108533e-07
0,6.794318761851344e-05
0,1.4984789811099406e-19
0,3.5185939920453395e-17
0,3.0230452244890703e-20
0,3.34609088225228e-27
0,2.6011912991044778e-05
0,1.417885059140568e-16
0,4.511359647044386e-20
0,8.511331605849384e-20
0,0.19023564886989094
0,4.601568455046995e-06
0,0.2784458369143774
0,2.9425993269385607e-06
0,9.200880550731537e-17
0,1.3039657755955648e-18
0,8.124150729360787e-22
0,1.2354414413278777e-19
0,0.0002883184909874179
0,3.432586910184224e-18
0,1.2799081177066958e-21
0,9.698469706963616e-06
1,0.22990988518797753
0,0.425072741726781
0,2.0144026869774157e-21
0,6.851989080304482e-25
0,0.00018185541160154568
0,7.272391868069212e-20
0,5.07181527155757e-18
0,3.769759004915206e-26
0,6.067032962769585e-20
0,4.426395927710448e-05
0,0.0002525806524132607
0,0.2293340013192916
0,3.03028107775929e-17
0,1.2965700860572217e-13
0,2.5880297335930125e-05
0,3.1552508662530974e-17
0,3.2093911172998267e-16
0,5.176998969291667e-22
0,0.2529799354445875
0,0.41379364251572287
0,4.276653756623175e-19
0,6.707192175372398e-27
1,0.832046269074428
0,0.008991615733628222
0,2.3628370535183224e-17
0,2.3596158787835984e-15
0,4.250197295318939e-27
0,4.1862545933875916e-24
0,5.5714048765756e-21
0,1.8578502892009084e-06
0,4.529828338849571e-18
0,1.1902893974742132e-27
0,0.0016480077322475043
0,0.0004080108671700089
1,0.3044875846369763
0,4.3680987104567495e-18
0,7.650935599218324e-16
0,1.811834307527882e-21
0,2.4347952130914673e-18
0,5.313833583856427e-05
0,2.7154287259265713e-20
0,1.1452303283606296e-11
0,2.246833639219247e-27
0,1.9688902706578917e-19
0,1.1153311038801807e-06
0,8.090461554867397e-16
1,0.7395860146023703
0,1.0589344875926431e-24
0,1.3988236141254491e-15
0,5.495174679826347e-06
0,0.07852952891348228
0,0.1491569116814365
0,5.966930421078605e-07
0,6.90667605222313e-18
0,7.103435980277336e-08
0,0.5091470543579959
0,1.0931458210094313e-07
0,5.149625388276131e-07
0,5.98822530603711e-17
0,3.1033482220357153e-19
0,2.790424647547305e-19
0,2.1206440656760934e-27
0,1.5854664822974672e-07
0,0.3457222143364078
0,1.3432464815280666e-27
0,2.7053220463430725e-25
0,3.139040048423603e-18
0,4.167247980113646e-21
0,7.129090252757181e-06
0,3.514434904646348e-17
0,0.35373901042973027
0,3.414227147531263e-25
0,1.0632172972489296e-09
0,1.604523993218789e-16
0,4.775331387601918e-05
0,2.775057278836408e-19
0,1.0596731807921126e-14
0,3.2061316297047653e-06
0,0.0062698412990239965
0,0.5087058862948811
0,1.947066907348991e-16
0,1.732142011401612e-17
0,0.1671359634779971
0,2.677118352441023e-23
0,6.451278436929018e-19
0,0.000350876720417087
0,5.892566510303416e-06
0,7.573755120355594e-18
0,2.7084792831928793e-15
0,1.916637669294453e-06
0,1.9795574043995358e-17
0,1.270173703809515e-07
0,1.6262382205103164e-11
0,3.600193992403106e-17
0,2.8805583021958897e-19
0,6.888118236050735e-16
0,2.381770386956144e-17
0,2.518970179770587e-06
0,1.878842776730939e-21
0,4.735985107999582e-17
0,8.268579311680122e-17
0,3.827214851859407e-19
0,1.4995420389049946e-16
0,6.061838885929747e-15
0,1.3534188929585043e-27
0,1.4764862602357588e-23
0,1.2317829114915943e-19
0,2.491719941769197e-19
0,8.178232862477627e-16
0,0.07021163561227949
0,3.1551692189284194e-18
0,5.652037235960038e-19
0,0.010537812182359114
0,4.120161461532928e-06
0,1.5672884138643911e-15
0,3.992361469839306e-05
1,0.48248345369819223
0,0.06222826001805501
0,0.01085564424489968
0,2.6392866190537847e-23
0,9.594155187509422e-08
0,1.1299124073303573e-27
0,6.863268387959372e-21
0,2.0238116920609987e-06
0,3.605977347396006e-21
1,0.44883872694919097
0,5.5845537253540216e-15
0,7.79819268009576e-18
0,1.0717642596610074e-16
0,0.0035064676501024594
0,0.0037073719389037084
0,0.31123536889577236
0,2.711030517106062e-25
0,0.011879785008882785
0,4.1900028391831297e-17
0,0.25632024550645943
0,2.161080878700781e-27
0,0.4379285456052784
0,3.2617815003333565e-17
0,0.004370503965976066
1,0.8756119638944205
0,2.3264159982243004e-19
0,0.34360461725963126
0,1.487831573589038e-17
0,4.7471410616721494e-18
0,1.1194354108608293e-14
0,5.357913225230048e-16
0,7.080850579050059e-06
0,5.171741688745071e-05
0,3.8602083829131483e-07
0,1.058147846138334e-15
0,0.45419220982061836
0,0.01205105706388646
0,2.5937114709792617e-19
0,0.016062888881545972
0,0.002676603331507493
0,0.4818344875903997
1,0.83693673263973
0,2.9404862298417004e-19
0,3.031452167397008e-16
0,0.00015924350098968335
0,1.604248291451811e-18
1,0.6402095246882061
0,0.2563688404822371
0,1.9600963476383318e-21
0,1.6415245543177969e-07
0,1.9892571346700895e-07
0,3.696795872789073e-16
1,0.3295099349069045
0,5.601429626233595e-17
0,2.8744558119435928e-18
0,1.5897496884979173e-16
0,1.861143520798357e-07
0,2.4854163308505137e-17
0,1.3670044411330084e-18
0,6.517550256560002e-18
0,1.238116617351592e-15
0,0.4403926413893588
0,8.181008936002993e-08
1,0.38918105967405725
0,1.0265233682752582e-27
0,1.4532150538449896e-19
0,0.9057921459786563
0,0.00914597161332727
0,1.186317258304088e-15
0,8.851510667128502e-26
1,0.01944651229000164
0,3.898576265366047e-21
0,1.1285033338065175e-18
1,0.6788693340773401
0,2.206084695123927e-22
0,1.113017916915924e-16
0,1.3055643768641414e-18
0,8.884945202517282e-17
0,3.0824324551802037e-06
0,0.6402479854427412
0,5.472353284510938e-07
0,1.155161776142176e-13
0,0.00493327876480046
0,1.1317734318349489e-18
0,7.689066954202024e-21
0,1.4303578611300247e-17
0,1.0922344020648138e-20
0,2.199935540051296e-17
0,1.6274682109559705e-08
0,3.862502377425511e-17
0,1.502578221327674e-15
0,1.3222319743820892e-14
0,0.025282907486693162
0,2.692259319471391e-19
0,1.0265233682752582e-27
0,0.005956570001651159
0,1.3951413554990684e-07
0,4.792323628666086e-20
0,1.5922229220698145e-17
0,2.6518854053460127e-14
0,3.0941171275739015e-16
0,3.036109256859686e-17
0,5.147790118782422e-18
0,0.10258120533245008
0,0.5392943655186602
1,0.8068137942951552
0,3.2043350721368686e-07
0,1.3402537500778536e-06
0,0.2800806992096191
0,0.5557997967360715
0,0.0017584327965781909
0,1.9475081487469673e-19
0,3.7270579537573354e-07
0,3.8133649582959545e-16
0,1.8456579408351538e-27
0,1.181580908492387e-14
0,0.13223832836110416
0,7.245207701773555e-07
0,5.979326086187395e-07
0,1.0559991015625914e-05
0,2.6618391123043945e-17
0,4.4768735326756884e-17
0,5.748063331156246e-16
0,1.082500966196885e-06
0,8.624820321318992e-08
0,2.7224197401554414e-07
0,8.028926136298794e-16
1,0.4359116661656388
0,5.306917521981618e-23
0,0.3590241649657116
0,1.0856222587670499e-07
0,1.7973716492720575e-18
0,2.223917628504693e-27
0,3.9665284868090805e-13
1,0.7878116424011842
0,1.0206848319329172e-16
0,9.577830604698277e-19
1,0.07498164279539118
0,7.87427710855931e-16
0,0.14450975889158033
0,1.964892146991734e-18
0,8.907067221372534e-13
1,0.7699826729371941
0,0.47416986782656356
0,1.015762049546253e-08
0,1.9594459225187758e-07
0,5.687352777994547e-27
0,8.53961200494792e-18
0,0.8778576974887874
0,1.7771334358494165e-18
0,1.6660555838342623e-07
0,0.10776746216795378
0,1.453814363144966e-16
0,6.395141607495214e-17
0,4.269543081234845e-10
0,6.795976100590197e-20
0,7.41774605522278e-07
0,4.979223809107534e-06
0,9.988433209706925e-27
0,1.91850935598614e-20
1,0.33529422025545863
0,7.284865224523695e-05
0,3.511035224537318e-16
0,5.909046987601175e-07
0,0.0016561015552177894
1,0.5942321470801563
0,2.828083242618196e-17
0,2.824060276944517e-16
0,0.2379642831524941
0,6.7142577199899724e-18
0,0.6106572213869685
0,5.116581474384452e-16
0,1.1526584285454466e-07
0,2.824428990927783e-25
0,2.2618692540221156e-13
0,4.474454217026641e-17
0,0.5123341950926517
0,9.62435595746473e-24
0,2.2467202995251234e-15
0,1.64407003193044e-22
0,1.4218070415290139e-18
1,0.6271339207657317
0,9.374549109845568e-18
0,4.852949883463034e-19
0,2.9321635296216682e-25
0,4.5229284437734487e-17
0,2.439545639835652e-05
0,2.72395093429321e-18
0,2.6866389062694974e-17
0,2.8839755771774683e-19
0,5.4153661403541486e-18
0,1.6333243762965743e-21
0,9.957782514145365e-27
0,4.04824786712086e-16
0,1.154040934649709e-19
0,7.7874031403534e-18
0,0.019366507040752445
0,2.923629843733655e-14
0,2.450443650595538e-18
0,0.05474111921712798
0,8.117933010077442e-26
0,4.617548848252959e-07
1,0.6497482357650005
0,6.24386541368456e-19
0,1.8635132616054987e-19
0,4.659421561934991e-17
0,5.357313123003753e-07
0,4.624770996170491e-15
0,8.636986810932231e-07
1,0.8200940446910694
0,7.769429413015771e-07
0,6.740397439683202e-17
0,4.6355369030307066e-17
0,1.5628076541939973e-23
0,8.158306136529674e-20
0,1.1136448167129342e-16
0,1.0824347297761706e-14
0,0.0019483543943643498
0,1.2977188804973817e-07
0,2.2515587097362017e-18
0,5.18676319670035e-16
1,0.05399874354072957
0,5.300975809691859e-18
0,8.897028560990771e-17
0,0.22127190715617692
0,0.4888109358404323
0,6.374253699685791e-16
0,1.878842776730939e-21
0,3.8737650689404144e-25
0,0.0674423167817913
0,9.156580430911768e-12
0,2.6783715171956523e-23
0,0.42507203408750455
0,9.331867351268788e-21
0,4.075915204357082e-07
0,4.320227116499226e-09
1,0.15935276603983048
0,0.6590976442635346
0,1.0999792106073344e-13
0,0.00016453343610648406
0,1.252383683921075e-13
0,1.9846394159455727e-18
0,1.1270250817813589e-13
0,5.786698810979156e-08
0,3.6656645632163715e-16
0,4.844137490082022e-16
1,0.7496896122766391
0,0.02754154364812667
0,1.811834307527882e-21
0,3.014258921152963e-16
0,2.1607108434854485e-17
0,1.790900476166962e-18
1,0.5719354351064614
0,1.01281886214917e-27
0,5.860302290943028e-21
0,1.811834307527882e-21
1,0.011274333498094855
0,1.2595673090419794e-21
0,4.25726761147678e-15
0,0.2070343254321157
0,7.00496695898143e-09
0,5.515100653450928e-06
0,1.1897314415219146e-06
0,0.21345452150425742
0,2.905864342855229e-14
0,5.446146130518653e-15
0,5.4237356607551056e-15
0,6.221294415425792e-06
1,0.39668140939079605
0,6.044102467669616e-19
0,2.0751647796440033e-16
0,1.0996600676094225e-23
1,0.6810828630113701
0,0.0001964228784090047
0,4.7978952200853504e-26
1,0.5751639958260928
1,0.3156136153746853
0,8.9850928695582e-14
0,2.287500539584801e-16
0,1.8835256577703263e-19
0,0.35514570767129755
0,3.2339675822835445e-19
0,2.878453482342449e-20
0,0.42937306465590896
0,2.1488611734741927e-18
0,8.948418632760459e-21
0,1.3271476116766398e-06
0,6.126492344553177e-16
0,2.9289170275088593e-06
0,0.009098970738697634
0,1.9431696663788496e-18
0,0.3472904495833762
0,5.3552541348131906e-17
0,2.3431081891834946e-19
0,3.763583040456784e-14
0,2.643873961150776e-17
0,5.1437056714036615e-18
0,0.00017176696087266177
0,1.0875355421666327e-26
0,1.0685377897731396e-05
0,1.3158040023890977e-19
0,0.00041507213724656096
1,0.38104186268394835
0,5.5427660683730476e-15
0,0.14569422957076333
0,3.842410328513276e-18
0,0.00011183180862660774
1,0.9999790410911376
0,0.4734126439527485
0,2.1006534149989004e-14
0,7.269438273875025e-20
0,5.076789600045463e-06
0,7.185626765192572e-17
0,3.607683669756227e-15
1,0.06517708544537822
0,9.18975460820868e-09
0,7.929084744133096e-20
0,3.085726267021079e-19
0,8.783334414503275e-15
1,0.8920711766185068
0,2.772480093423191e-23
0,9.52616035878412e-28
0,5.752589217649432e-18
0,1.8712273238220996e-15
1,0.8513986409935963
0,0.1694725921421339
0,2.4242081851317705e-18
0,1.7071699317220227e-08
0,1.4464915704294122e-06
0,9.833228705427475e-22
1,0.21143380555742333
0,2.7673681545331644e-08
0,1.7843577734077525e-12
0,5.57140487657556e-21
1,0.7829930129727712
0,1.642436901466796e-15
0,0.2528531485951845
0,3.6755709347444086e-21
0,3.431764442421934e-07
0,7.274909941845422e-19
0,2.8863311103182364e-06
0,8.385687771329156e-28
0,1.491977039262758e-05
0,0.009663458107154315
1,0.6093708750374924
0,1.1652107547518802e-17
0,1.0351282066944145e-15
0,0.4773772423155697
0,0.2853150608226093
1,0.7892722835381072
0,3.571291992547212e-06
0,2.704003735247629e-20
0,1.0561754326262338e-18
0,9.905553029805277e-25
0,3.1070124368093057e-16
0,1.3239662433710664e-18
1,0.0769638344168794
0,1.0115965949786972e-27
0,3.272532985849627e-05
1,0.571752281509161
0,1.3133384417413417e-17
1,0.21625500236857204
0,3.3481852196519944e-19
0,0.2278625282774515
0,0.03761603117247146
0,1.926538253492968e-18
0,1.0157669017467634e-16
0,4.806526712239918e-22
0,2.2712392664310202e-07
0,2.0374543478349616e-05
0,2.5004549889943995e-19
0,9.656657401094663e-17
1,0.571752281509161
0,8.394892977254341e-11
0,4.269543081234845e-10
0,0.008423625218463907
0,6.259987416324625e-20
0,7.439722293514507e-18
1,0.9750147696669221
0,0.41312016532793433
0,0.1927131011256107
0,3.285739571700204e-17
0,4.2615932046052065e-17
0,8.621509798378365e-08
0,9.0541024727046e-18
0,3.704990122680498e-07
0,8.303293553569199e-23
0,7.032690302382751e-06
1,0.23321034889205453
0,5.959741997857667e-20
0,3.2651816733400428e-18
0,2.4336562571214346e-06
0,4.3499530018221876e-17
0,5.4958347523373965e-21
0,1.3432464815280666e-27
0,4.4372710376570624e-21
0,1.424267345250834e-25
0,7.017006477102838e-27
0,0.01990971524614939
0,1.6418305330185527e-16
0,1.4426236358432084e-18
0,4.060805826200244e-26
0,1.85244057595387e-18
0,8.900000763642764e-16
0,0.00013753697115089576
0,3.521272893391878e-14
0,4.5594805209655866e-07
0,0.01585709300029919
0,5.542902569267768e-27
0,0.0111579477392926
0,2.3192944636111767e-15
1,0.8606809740894654
0,1.007597049972831e-27
0,2.2119691370069208e-17
0,7.228562545414033e-27
0,1.0542404084367368e-06
0,6.612285360221172e-25
0,2.81892998140497e-20
0,1.5649686629687925e-15
0,3.2466816617272804e-18
0,4.1384417999846557e-19
1,0.9057921459786563
0,0.36467853765018965
0,0.27774298405059566
0,2.9480046059279854e-07
0,8.530848095478954e-17
0,3.6624573665050693e-23
0,6.4217092912747425e-15
0,9.750983275734973e-18
0,1.614328391612005e-05
0,2.0924058630168358e-19
0,1.759803752121714e-18
0,2.614755660280962e-16
0,9.527798890015102e-08
0,8.625991795860103e-25
0,3.897086485327436e-23
0,2.527447184064911e-19
1,0.4872606240638967
1,0.4741920906781766
0,0.09216160951220788
0,7.702797600443714e-17
0,2.4522791024537784e-08
0,3.0089430590302135e-24
0,0.6838235226529388
0,3.6874477233230207e-19
0,1.4427262531359844e-27
0,2.4483443546112903e-28
0,0.03581053275110079
0,1.7294201457497739e-16
0,0.3801807749328438
1,0.46962346308083847
0,1.0606596158025819e-23
0,1.8705133460381526e-19
0,0.3992734267402101
0,1.2188514223354592e-05
0,0.5187414596134342
0,1.4799191319692443e-15
0,8.102972846128347e-05
1,0.5137754406444868
1,0.679615922526037
0,1.8350025366852927e-19
0,1.016976064755075e-18
0,2.4208817767779156e-14
0,6.504652127505838e-16
0,5.2113129788183483e-17
0,2.5594196729168687e-11
0,1.2309017311106988e-14
0,0.28412263280996947
0,3.999997430977346e-07
0,1.106175456997758e-16
1,0.9231870063938743
0,8.544258075597423e-05
0,1.4591244881922141e-15
0,7.186327520862274e-20
0,0.08433916901766496
0,2.4254482691512005e-16
0,8.23691376936654e-17
0,2.0465998491870146e-14
0,2.255639982041478e-15
0,6.358791648593338e-19
0,7.80667975718789e-05
0,1.8653576500157603e-15
1,0.16424519318109315
0,0.002379043161057107
0,4.3309829870860864e-17
0,9.549103976878304e-15
0,4.750169598553274e-08
0,4.585308040900311e-17
0,5.6581010421586084e-08
1,0.3419640528165209
1,0.5118260437709842
0,4.682337686000279e-11
0,3.574750016382512e-08
0,2.7952689391902754e-07
0,1.3424078097107776e-18
0,0.02261525828822353
0,0.5124327305672578
0,5.648588225815376e-16
0,6.5082579732654014e-18
0,1.898079341025477e-17
0,3.208773147962502e-16
0,5.57140487657556e-21
0,6.333012194940945e-17
0,0.17616981230661
0,1.2453049683058893e-15
0,1.0596547921456761e-18
0,1.88895137876538e-07
0,1.878842776730939e-21
0,2.553872504351648e-16
0,1.5369077023459423e-06
0,2.7994432639418324e-23
0,0.05488302634823272
0,1.3818795375120687e-06
0,0.21823427576940166
1,0.833209345813975
0,8.763124911905994e-16
0,1.3158910749759365e-19
0,0.3796417127343867
0,2.9137063505185463e-24
0,1.6690391434514193e-22
0,9.08539580525014e-20
0,2.878453482342449e-20
1,0.5142886535786967
0,1.2502856337967146e-18
0,3.076532270932683e-20
0,6.440302330851765e-19
0,3.3955728269452665e-20
0,0.1098619879421149
0,4.49071443925233e-18
0,1.919534822932987e-17
0,5.4774935016315473e-17
0,4.0236435384017735e-12
0,1.939275479054049e-06
0,1.2929924518129144e-16
0,2.60824560614231e-17
0,4.443839394432224e-08
0,2.1700468664724882e-20
0,0.09239736262772821
0,1.7284969950019623e-14
0,9.258548202018776e-16
0,2.083701600676716e-08
0,6.318161640555104e-24
0,2.4262617624110057e-26
0,1.4427262531359844e-27
0,3.582531883368405e-20
0,9.987987663695722e-07
1,0.16016833932913682
0,3.4006694524909313e-23
1,0.8407782027204428
0,8.515593671939688e-20
0,0.4866438880599205
0,2.924044593807733e-17
0,1.889541508641789e-14
0,2.8354664104330962e-15
0,1.1710985837435138e-06
0,1.4638162063600703e-14
0,2.819337398407824e-24
0,2.246833639219247e-27
0,1.7611023023979182e-07
0,8.803549797855139e-20
0,5.868178161123359e-05
0,9.458842783387107e-25
0,2.914597934631087e-17
0,1.607759783082348e-16
0,1.050092287504943e-05
0,0.4143223361031658
0,7.248921506874556e-21
0,1.504065052206838e-17
0,3.427924833480363e-19
0,9.726101816990076e-07
1,0.7582018843908902
0,4.0580421607049105e-14
0,4.430596875692862e-05
0,1.8595762985300057e-19
0,0.535335467426932
0,8.197116440318709e-19
0,0.023561335464534008
0,3.333510595467704e-08
0,8.260994449435493e-06
0,9.850133701383863e-06
0,6.115350851839176e-19
0,3.465477583186194e-19
0,3.6720576624116183e-16
0,4.99772727145966e-18
0,3.2612774939349724e-27
0,9.255369569039624e-08
0,2.5464172466619843e-20
0,9.009906331681544e-06
1,0.33944887266378176
0,5.568881743916722e-19
0,1.428684699202952e-18
0,5.788980824174443e-27
0,3.295757443771343e-18
0,7.21560785305041e-20
0,1.918135178927952e-05
0,0.059544787963663734
0,8.321685651220236e-26
0,0.00021574594959004068
0,1.7094695741897625e-06
0,2.910670255857596e-18
0,2.423365134872126e-11
0,6.949295470105146e-15
1,0.8659307907388739
0,2.1791583753916208e-17
0,4.537462960690124e-18
0,1.0252394107690741e-06
0,5.537577002367776e-17
0,5.942164331038085e-16
0,1.7535750304618953e-14
1,0.38571228900246196
0,8.465709332128521e-16
0,1.6790862482181042e-22
0,7.954763988384657e-15
0,0.014823944481982076
0,1.2863978919206114e-07
0,1.2959000675670607e-05
0,2.010095902543021e-18
0,1.0528379635728081e-19
0,1.0728703885685265e-19
0,0.0012571838474967675
0,4.6806260816545164e-07
0,4.213450319815297e-15
0,1.1163803605453285e-17
0,9.142640360213028e-25
0,0.15229448111941118
0,0.17963253855061903
0,2.474095527957964e-14
1,0.6742157630250761
0,3.347389026354941e-15
0,1.7170164517070544e-16
0,8.783334414503275e-15
0,9.275391805264849e-17
0,2.148004579807476e-21
0,8.383614973414329e-17
0,2.711030517106062e-25
0,1.2601580663483516e-18
1,0.6268103595028135
0,2.7071357041411015e-18
0,3.1260955755959247e-21
1,0.0899935400454683
0,3.355987989619009e-06
0,1.0631975436739353e-05
0,4.34618885428529e-17
0,3.469553882601192e-27
0,1.4170887587137386e-15
0,6.262122606005358e-07
0,8.287952033361532e-27
0,3.440175105445115e-16
0,0.002951241479546027
0,2.464479722518807e-17
1,0.31382814469430603
0,5.585067898713267e-22
0,0.4024485924171164
0,1.4156362701888919e-15
0,6.787076960059262e-21
0,6.581898518036924e-17
0,4.310679864952497e-18
0,8.594877094075325e-13
0,1.1306792359657028e-24
0,0.09620361411213561
0,0.04656397337743218
0,6.579725738582227e-17
1,0.6506731369514046
0,1.811834307527882e-21
0,6.292832324434667e-20
0,9.999118507310986e-17
1,0.7648169972300503
0,7.156734625758501e-19
0,1.928350588445199e-17
0,2.9569076091980076e-16
0,0.1739454279920374
0,5.168333874843965e-20
0,2.2875780037380243e-20
0,1.5386767058986132e-13
1,0.27720824452993975
0,0.00015581588746262835
0,1.8383671846620316e-05
0,8.738991391428583e-08
0,2.4262617624110057e-26
0,0.19587518100352863
0,0.3926272866189815
0,2.1457216377825335e-18
0,5.602870727428515e-18
0,0.8337045259254382
0,1.0288388597314516e-20
0,1.0408757022905198e-23
0,1.0285381373356972e-16
0,0.3404128745601602
1,0.23806464943453498
0,0.4257787874906489
0,1.2576137994102638e-07
1,0.38657791421622134
0,3.825829860522727e-24
1,0.39119475095034306
0,6.055035872338487e-26
0,7.56898502589798e-25
0,9.3871430344719e-18
0,6.384179521889485e-16
0,0.15256075659334023
0,2.4174165099820966e-20
0,5.368386512235001e-16
0,3.0734865929582586e-13
0,5.334525027974519e-27
0,3.0430548050973785e-15
0,0.11826624385970819
0,1.1442198771271164e-24
0,0.30520307590687534
0,6.238006652836687e-19
0,0.10084987905514757
0,8.994869114866692e-20
0,1.909087314683403e-18
0,0.000176275225468
0,0.04936947837318564
0,0.0006380147581159834
0,0.016437064221230913
0,3.96500569507691e-23
1,0.2653287367018719
1,0.10271081691788679
0,0.03836459076307231
0,0.002954106222743541
0,6.2385000671936165e-06
0,2.4053379464093723e-19
0,0.0009354368454036119
0,3.931351882376368e-15
0,1.3163554279546805e-20
1,0.5276552767568417
1,0.17910404653238568
0,4.4252704505441657e-08
0,3.764003873428116e-24
0,1.1408115284261094e-18
0,6.86405620326187e-21
1,0.42834238053059165
0,2.1434983727079738e-06
0,1.3386947192739853e-15
0,1.4427262531359844e-27
0,1.450181757069548e-16
0,1.0606596158025819e-23
0,1.0839543576092974e-18
0,6.008708003771279e-07
0,0.06938596792103251
0,1.1569472829468456e-08
0,1.5453462048133867e-19
0,0.09777311650760502
0,4.605532006431489e-19
0,2.4667660354099175e-18
0,1.0113749795441287e-05
0,1.8486937009398694e-18
0,2.598485274607357e-07
0,1.1476528486907765e-14
0,0.46004120004282095
0,1.3743571280268078e-21
0,9.206287518729364e-17
0,4.603628839413396e-06
0,8.995314093228445e-17
0,0.6091806041640839
0,4.4252781750275595e-21
0,3.857040569738481e-17
0,0.5603623807165627
0,5.559829400466452e-06
0,2.0088921081781167e-07
0,1.049041071415898e-26
1,0.573671675310544
0,6.277639054168952e-28
0,4.603628839413405e-06
0,1.1188456280896224e-14
0,0.1852009768400494
0,1.7754159596884328e-15
0,2.811590531652425e-17
0,0.00017999716636506288
0,3.162565412076955e-05
1,0.5511920989239215
0,2.9321635296216682e-25
1,0.23960919881662607
0,2.9496455010808234e-08
0,1.5186548171066336e-23
0,6.013039499601775e-06
0,1.132406207648506e-15
0,5.317077737682523e-25
0,0.4261616033626347
0,1.4523363616012288e-18
0,6.030932816886642e-20
0,5.438878077720433e-28
0,0.0011358986379351235
0,6.170567136648312e-19
0,2.647865151401578e-21
0,0.00761539486317315
0,2.148004579807476e-21
0,5.992983549018167e-24
0,6.115042107959845e-17
1,0.382528770050605
0,0.16633459395746353
0,2.7701769390780454e-15
1,0.43324218331744013
0,0.00012118319216437309
0,0.10327704925700354
0,4.391423697138731e-15
0,7.372420002245226e-19
0,1.4517982286283673e-23
0,1.6780222467194185e-17
0,7.49455838029614e-20
0,3.9467483395638197e-17
0,3.4297843966224615e-06
0,0.6426518404549969
0,5.117184854569006e-17
0,1.3743571280268078e-21
0,5.116661480605388e-24
0,2.412123013408495e-23
0,1.3853992836046176e-16
1,0.7526590838152144
0,2.1117156315443458e-19
0,0.024512434744992186
0,0.3384600453268352
0,2.679006933145228e-23
0,1.7473172400012452e-05
0,3.447597999086453e-08
0,2.8404822461599386e-20
0,1.4291764575907872e-19
0,0.3381734720625831
0,1.351790581548396e-20
0,7.755173858716046e-20
0,3.323495440243295e-20
0,1.4271404346870889e-18
0,1.0594314939462367e-15
0,1.9475081487469673e-19
0,4.937754690689222e-17
0,6.660394844003566e-26
0,2.227386966000539e-19
0,2.304376223222955e-16
0,2.0300342457434367e-06
0,6.280117075485371e-27
0,1.1733154839374786e-19
0,1.6259300616361212e-06
1,0.040352836315979385
0,2.0455870152149493e-18
1,0.2684524378522205
0,1.9185231889624034e-15
0,0.006950624864402576
0,0.058682591244584685
0,0.34215741378614273
0,2.148004579807476e-21
0,0.6885394765293279
0,2.756704017175127e-28
0,0.5350590599590229
0,1.617441546674947e-17
0,5.256443372571432e-25
0,1.231990685864953e-16
0,6.405706194400674e-20
0,5.27272590187193e-07
0,6.179259919269647e-25
0,1.0367320804691699e-18
0,2.934916205274323e-17
1,0.012624699510740524
0,0.0031142169879026117
0,7.74661822017922e-07
0,1.5151451434686103e-07
0,1.7433220422087472e-15
0,7.600287061590162e-21
0,0.00015134980820098628
0,7.245583653901996e-21
0,0.00019556121789607384
0,0.00010682020848024122
0,4.232253708235723e-26
0,2.4492344467625253e-25
0,9.089493430271455e-07
0,1.5763037314450428e-19
0,0.597378982254888
0,2.393720394924801e-23
0,2.0018185651366188e-18
0,1.402303410493604e-17
0,1.8451029214275818e-06
0,0.48110794640173105
0,1.6868937858376682e-18
0,2.758783031816076e-18
0,5.751234891045182e-18
0,3.377956253464029e-17
0,0.44365629867122286
0,6.6817168977925386e-18
0,2.8848355192555312e-15
0,0.000707817411259323
0,6.339989444619008e-18
0,1.5402700779560997e-26
0,2.0027578971708517e-25
0,2.4845886220792604e-18
0,1.551137832769727e-20
0,1.585162272985676e-15
0,1.3030227382822575e-14
0,2.325037057324559e-28
1,0.34469991382870674
1,0.8396253420673083
0,3.75866423142883e-20
1,0.008573665730912183
0,2.827896555432248e-22
0,5.81200869318245e-20
0,3.1055208153963756e-07
0,0.11696742796780779
0,1.3743571280268078e-21
0,2.190963659202455e-17
0,5.509880855948355e-18
0,2.5088257506191686e-08
0,5.97289443909846e-19
0,3.876512762272011e-18
0,3.278839949214729e-06
0,1.9237287264899206e-06
0,2.499005155413523e-18
0,6.664110166982106e-20
0,2.07347586926993e-20
0,8.23508965931154e-07
0,1.486230543717193e-17
1,0.999999258051347
0,0.040082827998198074
0,3.241405710499415e-08
0,1.0087964651780057e-15
0,1.3743571280268078e-21
0,1.507452616990835e-07
0,1.0586694975520082e-17
0,0.0007148970797344652
1,0.5762076558171504
0,7.210027551786344e-28
0,0.07154055192285644
0,2.274960633455083e-06
0,2.4737624033875896e-06
0,9.425868005285e-18
0,0.00030803919178236887
0,1.7698651318064975e-23
0,1.7849180046835753e-16
0,5.680510999386828e-17
0,4.478503483110432e-19
0,6.275247958172478e-16
0,4.973128929109565e-06
0,1.4257974918433995e-07
0,2.571143037524656e-16
0,7.734158202929318e-17
0,1.8161542253424776e-18
0,5.805908108235662e-18
0,4.69993061565441e-08
0,4.775232960428156e-07
0,0.4681389824730989
0,2.8229883473076893e-23
0,3.423368337314446e-17
0,0.11157109165977697
0,1.878842776730939e-21
0,9.877965979054428e-21
0,2.6509266206322313e-17
0,3.218767534745543e-17
0,1.2813522805877206e-16
0,2.148004579807476e-21
0,2.088513181394469e-07
0,3.7190220909973765e-18
0,0.3064322242286511
0,7.249467297545961e-15
0,1.4620393282966386e-16
0,3.775472899773459e-18
0,2.7404577415077815e-13
0,1.0103199861381738e-20
0,9.961379639023895e-06
0,1.401299384858932e-17
0,3.2610793402472727e-19
0,4.0597360183628834e-08
0,1.9740640139515794e-15
0,9.108860436458008e-24
0,1.4208987551839493e-17
1,0.8454266202719128
0,1.0505023082002908e-27
0,0.7005986939806883
0,1.2715590514333766e-17
1,0.4673330722915121
0,4.082268840263226e-21
0,0.001959070015371892
0,2.521692773414785e-16
0,5.981530433929734e-17
0,2.888908225396385e-19
0,0.028619349316088203
0,3.450274568224093e-27
0,1.982980276486161e-15
0,1.1859251426634207e-27
1,0.03252768024674633
0,7.00496695898143e-09
0,2.8610450694917307e-21
0,4.194342163288158e-17
1,0.2156961272974701
1,0.6393738573913874
0,5.301920854069084e-06
1,0.2901828489081918
0,8.872414227446422e-24
0,2.793480211895943e-16
0,8.042362585601218e-16
0,1.0844652092817345e-16
0,6.522497392953156e-19
0,4.23116614937136e-20
0,2.5653503696722753e-17
0,1.0801668245127711e-14
0,1.5487367150085117e-19
0,0.0038753151806791824
0,0.0001192989945098647
1,0.3337094875792631
0,0.17591304976244587
0,0.006867311386509366
0,5.2789162469689975e-25
0,7.118663474410732e-08
0,1.0487119463201066e-17
1,0.7371495143990485
0,6.858907478504717e-11
1,0.5937267284909952
0,1.0037990467982016e-15
0,0.04058110523795217
0,1.288686322811213e-08
0,3.555693680417183e-15
0,3.9043202895297106e-05
0,7.00496695898143e-09
0,2.895235411876215e-16
0,6.3291357306053366e-27
0,0.1074377942229785
0,5.095069616827556e-25
0,5.061141338032681e-16
0,2.3318558315759118e-20
0,3.54682659617803e-17
0,3.9362551241225756e-19
1,0.6240235147425957
0,1.999020173292016e-05
0,4.255639648834737e-18
0,2.1766802882490977e-16
0,9.91113370171534e-06
1,0.5048578402707113
0,0.30978637475249926
0,0.0010815022069571923
0,7.404147821822619e-22
0,1.3885592897792073e-20
0,5.966930421078615e-07
0,1.762347940946121e-17
0,0.1417768063508148
0,5.43687037697797e-15
0,1.1357490293642467e-16
0,3.1445833255004716e-15
0,8.232075976086295e-17
0,8.125150376045061e-16
0,4.1664385945106834e-18
0,4.263528703950354e-18
0,0.00019009398635573554
0,1.725374755461542e-19
0,0.6492454646877831
0,3.0168841135966586e-06
0,4.732284430928045e-20
0,0.3158680381196928
0,4.549900758413489e-22
1,0.3501615881971187
1,0.322084358344055
0,5.212420182103405e-26
0,3.2822067340881233e-17
0,9.52616035878412e-28
0,6.273593868847767e-18
0,8.946939826194908e-16
0,0.6670973120349174
0,0.0002940675776368812
0,3.2559919628532893e-21
0,1.8554816997576735e-17
0,2.0874580330940729e-16
0,1.2588080840892543e-18
0,1.9978009627094268e-19
0,4.039274357647514e-07
0,5.715654535852218e-06
0,1.9726482094649047e-22
0,3.1888075689754163e-21
0,9.02701479253139e-15
0,6.619242018218924e-17
1,0.0343173454884048
0,9.13284130536627e-16
0,1.780945526873055e-19
0,0.16416309115650052
0,9.312485690436609e-24
0,2.4367629806864613e-15
0,9.011266864424538e-12
0,2.3047111143854563e-06
0,2.1051867431812964e-19
0,1.7843577734077587e-12
0,4.949851218760942e-27
0,3.4563459377620423e-19
0,2.675823977560631e-19
0,1.3432464815280666e-27
0,1.6262382205103164e-11
0,5.715654535852218e-06
0,3.0568267994819595e-18
0,3.2559919628532893e-21
0,0.25230504758482164
0,2.463797348397267e-15
0,1.1882012419772546e-07
0,1.464201131499847e-16
0,3.1896856198207763e-13
0,3.961306427160137e-06
0,9.781108001318532e-19
0,0.05124690440520691
0,2.586196733468232e-07
0,5.332355785287854e-11
0,0.03173577890024109
0,0.1843706885610886
0,1.7759148329699006e-16
0,0.00340425804623356
0,1.0151208292055938e-06
0,0.13782563333256034
0,4.751792057278954e-17
1,0.4696485263855629
0,3.1856823473609343e-16
0,0.1674166738368753
0,0.0972541708104525
0,5.4321440243250325e-09
0,2.7223854352217414e-17
0,0.006124863307619885
0,2.509392008056665e-08
1,0.5342538698327511
0,2.117175036511852e-17
0,1.7819253890855142e-10
0,5.775843769910722e-08
0,0.02352591034831197
0,1.7418230580304073e-22
0,8.066961998705886e-18
0,0.4340804956742423
0,7.65424511077337e-18
0,0.23320142596050955
0,4.692289407503667e-20
0,4.90425354865568e-07
0,2.5873286960513645e-18
0,0.010664213693497578
0,3.0491157874843965e-17
1,0.5636981786010515
0,9.745654358437896e-19
1,0.07293039758081837
0,4.214505025462098e-17
1,0.9950222643930737
0,1.0869039412145939e-16
0,3.193221266590145e-07
0,6.5427440737151084e-15
0,0.0011628643348547507
0,2.148004579807476e-21
0,2.1082373566671154e-18
0,5.028729365719189e-18
1,0.4259040684925842
0,6.346154597933274e-18
0,0.015846595491779115
0,2.1056465975028585e-12
0,8.468027900241189e-17
0,2.163090159375587e-18
0,5.375590714309857e-06
0,4.547402461576278e-20
0,6.0504252222841515e-15
0,6.172317968704563e-19
0,5.7547900354730315e-15
0,3.37343527176502e-07
0,0.3584760739210954
0,9.25505490650593e-18
0,6.805982316738324e-05
0,3.1329517344796266e-17
0,3.668478439131688e-12
0,2.9687379694078696e-25
0,0.0009326973305078812
0,7.502389028958245e-09
1,0.5384409965959299
0,5.481019487918547e-07
0,1.878842776730939e-21
0,0.410023327431511
0,1.2638816157622581e-18
0,5.873545176362096e-08
0,9.701295039850271e-28
0,6.22415617409054e-17
0,2.1182432365294131e-07
1,0.4932992896470383
0,1.0448228580586641e-23
0,0.8619467735938134
0,2.798030320770014e-07
0,5.7716472023473376e-05
0,3.9888529317179485e-15
0,6.13893308692641e-18
0,2.431742593717773e-18
0,2.305282170278792e-16
0,0.003820105781573311
0,0.04430452659726341
0,1.7046763446265133e-20
0,2.347255040264151e-23
0,0.3997678925487998
0,2.0308444958534264e-05
1,0.9133868496428921
0,3.565819306805954e-05
0,5.060488551113484e-09
0,0.36219347943782765
0,0.07615322409327309
0,6.400633915087233e-18
1,0.6774655658274922
0,6.077403341948943e-21
0,0.27845579241143414
0,4.969056445754736e-16
0,0.6915756609462025
0,3.90850670781349e-15
0,3.002596048175667e-07
0,3.387010066277749e-22
1,0.6982741366348268
0,3.081077519247943e-14
0,4.491314930056274e-15
1,0.7054323879872844
0,7.984569688649475e-21
0,1.3926025776800566e-14
0,1.1125249993420062e-18
0,3.358925878189954e-19
0,2.8346049396647e-08
0,1.0663416383502219e-24
0,5.113217521612564e-18
0,6.437514418707812e-07
0,2.148004579807476e-21
0,0.00014364596178868998
0,3.951895290894375e-20
0,7.00496695898143e-09
0,4.2268694212079505e-17
0,0.0024814088264021473
0,1.440367434873534e-17
0,5.123628607909063e-25
0,1.8138980560135372e-18
0,3.106194770293766e-17
0,4.899302761725971e-17
0,0.32093404602850883
1,0.8572454283237778
0,2.157573326106716e-19
0,4.095034702522614e-18
0,4.840332833016006e-22
0,4.417621973361187e-20
1,0.5964359794147218
0,3.1644395180262404e-06
1,0.3205235383064223
0,0.0016480077322474998
0,1.9295598046195643e-13
0,0.4271153904489867
1,0.4827952637469004
0,8.068032000425138e-06
1,0.29009407950688537
0,2.574243909167224e-19
1,0.9995587546087666
0,2.65655574295661e-19
0,4.0488705046272684e-13
0,1.3743571280268078e-21
0,0.01246208776600564
1,0.6392083759385718
0,5.739006642564319e-18
0,1.2076587230317987e-19
0,3.608426642539519e-19
0,0.02249429639811103
0,1.8070844213431087e-19
0,3.69884688646489e-19
0,0.0011061270075802731
0,0.5530532874512102
0,1.860932197233104e-25
0,0.20592739800011145
0,5.963834888538756e-19
0,4.7146964541067624e-17
0,0.4288302945008347
0,2.996598539377631e-06
1,0.2942108276369014
0,1.2096110011866667e-14
0,1.5050453871986943e-16
0,1.6627259421688002e-19
0,3.317329436407787e-16
0,1.317400402874233e-09
0,0.20838611023779052
0,0.04471981814702627
0,1.9937513707898315e-15
0,5.196756735515959e-07
0,0.4577453659282548
1,0.42511206027388715
0,4.269543081234845e-10
0,1.401513151001245e-10
0,3.2559919628532893e-21
0,2.7012354725658614e-20
0,1.1703036239664797e-18
0,2.5915999259787346e-06
0,0.4099290978647521
0,4.6811378085549883e-26
0,0.5150416013534282
0,0.3887163271492895
0,0.0002051405606844508
0,5.315600051338382e-07
0,3.528003732044739e-25
0,2.23512199375436e-05
0,5.60777144114746e-19
0,0.4077737275227133
0,9.610350667204309e-18
0,3.5404645685416134e-25
0,1.580714713942345e-06
0,2.20100130551139e-18
0,2.344882853624599e-17
0,2.7446900428672285e-21
0,9.040622505522541e-18
1,0.6774752272121178
0,1.2869007689134194e-07
1,0.3692005550312041
0,0.08186394744637565
1,0.7933423538695353
0,3.9731352801341116e-18
0,1.9735855665766208e-23
0,9.736374335367607e-08
0,0.45634975396045435
1,0.8054539710070548
0,9.543032020105135e-18
0,1.1624003198280155e-18
0,1.2498974165021343e-16
0,1.1976617011676386e-14
0,3.1376616792785613e-16
0,1.0314134628707614e-15
0,3.335386124247068e-16
0,1.811834307527882e-21
0,2.3388770916557985e-22
0,1.4467346508089876e-17
0,1.6211816533950508e-27
1,0.5588326675297741
0,1.785672981253461e-17
0,2.1693463635923596e-06
0,2.017454855536978e-23
0,1.4370093017681685e-20
0,1.878842776730939e-21
0,8.070213216094613e-08
0,1.381553378534595e-06
0,3.593112783106604e-08
1,0.41728843365266
0,1.3201751289524977e-17
0,9.572222193537813e-17
0,4.526999300390893e-16
0,2.885134133416167e-18
0,1.6079005317876926e-23
0,1.2653936459766701e-18
0,0.008941133420335584
0,6.775629999263964e-16
0,1.471698196540675e-16
0,6.1571793514647475e-18
0,1.8864711464022273e-20
1,0.6796031457788038
0,2.023559589953759e-19
0,2.9898811585235656e-16
0,5.063763249556241e-07
0,0.22275710198743437
0,2.6864079041290483e-05
0,3.011307560722773e-28
0,9.176386719308166e-18
0,3.3965364241739778e-16
0,1.0245167724255868e-06
0,2.943155820807465e-23
0,0.00196894340040236
0,1.2729939172179345e-16
0,1.1899999739623233e-15
0,0.9792500195200309
0,8.143997438078541e-24
0,0.5409566856889296
1,0.5340900400184484
0,9.613525779998563e-17
0,5.795099590802114e-18
0,1.2303140738711976e-18
0,1.4637193646347324e-05
0,0.004483682928804315
0,7.786892700592805e-22
0,7.443251902229854e-22
0,2.983992747093873e-17
0,8.651020332683954e-17
1,0.43050074845039993
0,0.009418742894771953
0,0.5880158431353341
0,0.36368078907979073
0,2.148004579807476e-21
0,3.106638207384724e-17
0,5.504568967472942e-18
0,4.2799194489758226e-16
0,3.2559919628532893e-21
0,1.8814184848476934e-15
1,0.5748457518853562
0,0.3863194187845305
0,3.076532270932683e-20
1,0.5935629811339828
0,3.135734146604796e-20
0,1.5352754326110996e-18
1,0.3688544550470191
0,0.7076881275467299
0,1.2750035393701648e-24
0,0.5986501208317742
0,8.090412806568494e-21
0,3.074529360845559e-06
0,8.863295704675763e-16
0,6.501993806854651e-21
0,1.2671586976768013e-18
0,1.94340965161983e-21
0,3.2559919628532893e-21
0,7.745012586968105e-11
0,5.758528824857039e-19
0,9.32842560537057e-22
0,4.622367786899426e-07
0,1.267012621592977e-25
1,0.5019118676254338
0,2.917928744200336e-17
1,0.6599366619747391
0,5.273968956605241e-19
0,1.5904798894584122e-19
0,1.1562898698097266e-26
0,1.9902875853085856e-17
0,2.3798625842536342e-05
0,9.131865753973486e-12
1,0.5468070448498094
0,5.987898905060767e-20
0,1.1515537145553935e-07
0,9.898418552214465e-16
0,9.988954087515596e-17
0,1.6697445410288533e-22
0,0.007789983834887258
0,1.1291618484183567e-20
0,5.819587923988054e-20
0,2.5905001825390038e-14
0,4.3272494807391234e-08
0,1.7532905054608045e-19
1,0.817917339731034
0,0.010219171552090503
0,5.980051927105431e-06
0,0.3656712117707822
0,4.8217415392238615e-20
1,0.5333589498600817
0,1.971236588768478e-07
0,1.3884838598595508e-22
0,1.2680838589745334e-17
0,7.6884994204389e-08
0,0.28459226020473605
0,1.4688873015678363e-20
0,3.1555122376623835e-16
0,0.3176892831583744
0,2.845470881286522e-16
0,1.5743279602096229e-18
0,1.113561739690504e-16
0,1.5966175715112238e-13
0,0.2754196606833124
0,4.348211726967919e-26
0,0.20327224998752985
0,0.00028496361764804263
0,8.097783256355828e-16
0,0.0002294346657926781
1,0.7051357479202505
0,4.623412006096103e-21
0,4.269543081234845e-10
0,3.226479968145594e-17
0,4.250197295318939e-27
0,2.449425385012785e-16
0,2.5840678443966464e-28
1,0.01673170545108718
0,5.644894765296166e-16
0,3.9089513810310554e-19
0,1.811834307527882e-21
0,1.0258089917803615e-16
0,1.6690762855948142e-17
0,1.4743317037521037e-07
1,0.6781858537487777
0,2.711030517106062e-25
0,3.0087268587861015e-19
0,0.09073272875525305
0,6.1675912345211335e-16
0,2.74133275114085e-20
1,0.5311105220014517
0,3.2657184361619387e-21
0,1.0332675444410046e-20
1,0.5385725943507927
1,0.6974502913304579
0,5.238165733239324e-20
0,0.00013203609049287478
0,1.3432464815280666e-27
1,0.43194896670299693
0,3.690898842050642e-06
1,0.7557566418277918
1,0.6958008505768977
0,1.3432464815280666e-27
1,0.32855819879713255
0,1.0240578607516721e-18
0,1.6711120200198552e-14
0,3.0526775747925965e-17
0,0.10238342020258219
0,0.0027319476104841127
0,1.3328279963303696e-24
0,5.1183698934314645e-17
0,0.001856997885009952
0,4.0509212862625854e-16
0,0.4970257367506911
0,4.787146938419017e-18
0,1.574491876493149e-16
1,0.5843464546922734
0,1.7260507115838896e-07
0,1.2761914844683506e-17
0,2.5236051817607547e-08
0,5.630616768249075e-12
0,1.3782923581812254e-22
0,0.02166068385109313
0,1.9962287780877552e-17
0,5.4958579903719396e-05
1,0.43435066425776664
0,1.0640783294868134e-05
1,0.8124348573250104
0,1.1143824866723314e-17
0,7.249467297546013e-15
0,0.08166762978976322
0,1.2015117979330843e-18
0,1.855796580167393e-06
0,8.505597908402076e-17
0,5.229076300212927e-16
0,2.1848673756034155e-19
0,3.1032822757920316e-18
0,0.06232869953377262
0,4.2923059622484895e-19
1,0.54411671276832
0,3.133054640822833e-25
0,2.4174542252820693e-18
0,3.3016908448749676e-06
0,1.0246518257071412e-26
0,7.600775165884765e-26
0,9.340502690258012e-21
0,2.789622556042649e-23
0,9.605357592786557e-18
1,0.4084861661826214
0,0.00012610581774917637
1,0.6482036982930593
0,3.767723223397477e-21
0,1.1831133327171212e-06
0,1.7337957815539784e-16
0,2.2216744403876936e-17
0,6.059949522202533e-20
0,2.3961153914701967e-05
0,1.1107813394843927e-07
0,1.7098597539859897e-07
0,0.00041406536964935244
0,2.2986954762225485e-14
0,0.47304311805380034
0,1.660548109091903e-08
0,2.9318348162722554e-19
0,1.9912723866808143e-17
0,4.2354097178463666e-14
0,9.920900162769163e-18
0,3.9745926209172244e-17
0,1.0024368620650107e-16
0,7.551261165524617e-21
0,3.016461306231397e-15
0,1.878842776730939e-21
0,2.065691981688791e-15
0,2.258172837746026e-07
0,2.9321635296216682e-25
0,1.9865701811569535e-15
0,0.00017429521215981832
0,6.168494077795778e-27
0,7.899046449036828e-16
0,4.440013401950043e-21
0,1.8481819404186257e-08
0,1.859195226462082e-23
1,0.34542089623949235
1,0.5443952861930729
0,1.3384277584501416e-12
0,2.612255646834355e-17
0,0.46310804536373085
0,0.01067138696710603
1,0.4780097968757061
0,8.401283372359016e-19
0,1.3445452022415103e-06
1,0.37127723130802087
0,0.37299894497366254
0,0.020244952986608136
0,4.207693016382363e-21
0,2.3850217020472718e-17
0,3.761669381929027e-18
0,0.002480094994602054
0,1.1613621005223907e-07
1,0.5999095286771884
0,3.5921313694024744e-25
0,0.12972989879849925
0,0.35260937532057013
1,0.6457756872164856
0,1.1372301987919254e-17
0,0.0024239729354831622
0,0.009423252058099867
0,0.0651331557761306
0,2.0937923734726714e-16
0,1.4146672906845065e-05
0,0.0026987555999737275
1,0.49277892848275856
0,3.3079798000566935e-17
0,0.0012052893668444416
0,4.830812911100228e-07
0,7.00496695898143e-09
0,2.171687553523682e-27
0,1.2151015779760226e-18
0,6.879297538410816e-19
0,3.04567038862568e-06
0,1.394511373178711e-18
0,1.7509138862341743e-13
0,4.816632144416055e-16
0,9.814408880696812e-06
0,2.9980678835210294e-05
0,0.43071034686495463
0,2.951909168457067e-07
0,7.80334411143522e-15
0,5.456812292487764e-21
0,5.202703932567505e-06
0,5.715654535852227e-06
0,3.8662772933631007e-16
0,3.974685266444151e-14
0,3.761458747916531e-26
0,1.0263932860783142e-06
0,5.230392318299916e-20
0,3.123706850069825e-16
0,4.693926857707072e-07
0,4.895366518745735e-07
0,1.4477926797044134e-12
0,4.497691518687788e-18
0,1.0042131683013129e-19
0,2.3120051661686724e-18
0,8.448310661991658e-13
0,4.3272494807391386e-08
0,9.108860436458008e-24
0,2.8500205012104516e-16
0,8.917523371261323e-17
0,5.27431022544335e-17
0,0.1087162392898642
0,0.9180503759286612
0,1.739037701066601e-16
0,4.822479625380968e-05
0,0.0001836713346219351
0,6.329135730605247e-27
0,5.174957984547324e-26
0,1.6272380438016205e-16
0,0.33881336114245425
0,4.4156893104367046e-16
0,0.056137744374328814
0,4.384886041716012e-16
0,2.1947536536305766e-18
0,0.26819532328789175
0,3.4541904161696715e-18
0,0.2481281731722508
0,3.113638244296447e-17
0,4.605532006431489e-19
0,5.027234840331703e-16
0,4.8035374290750936e-27
0,1.2941738945032266e-18
0,8.926091093423385e-18
0,1.5002181700663523e-17
0,0.126647819816759
0,1.3971733651339694e-18
0,2.433656257121443e-06
0,4.049450288858767e-18
0,0.0014715573935458217
0,1.1556008233464828e-05
0,0.5434214077566023
0,9.647927848326015e-08
0,2.8900414276824574e-23
0,2.842326383388536e-06
0,0.01143518017744217
0,1.1562898698097266e-26
0,1.1543785241994837e-07
0,2.711099615076998e-20
0,1.3743571280268078e-21
0,0.3232125373716088
0,0.28564790893594283
0,2.1173523051051112e-16
0,9.556490605200234e-19
0,2.6609533126481244e-17
1,0.09577424431871351
0,1.399635738547511e-15
0,1.365683532580277e-07
1,0.7849503396674508
0,7.191193725427591e-17
0,2.733099521121309e-19
0,1.0004069510623518e-16
0,1.271470099050009e-17
0,1.897526663164142e-19
0,0.231825151196363
1,0.8677402859368174
0,1.243215723613261e-18
0,4.85272471755075e-18
0,5.315460509257216e-18
1,0.3818372937329446
0,5.476654678222868e-07
0,0.05697729153509451
0,0.6044657245092184
0,1.964315764521389e-16
0,9.00466800479928e-16
0,7.998979843112169e-20
0,3.9261625666467403e-17
0,3.5101462226080013e-15
0,6.119306494383043e-20
0,4.911426775146301e-19
0,8.931703926166891e-18
0,1.0752588982912299e-17
0,1.6237850735518054e-24
1,0.15950253519444343
0,2.4869786757132555e-20
0,1.3473669688716834e-14
0,0.010126841604612653
0,4.414570257004995e-22
0,5.0332529301216875e-17
0,7.418276520313002e-15
0,0.33479146052622455
0,2.677118352441023e-23
0,3.125626499979336e-06
0,0.023918988485967796
0,7.717505006801494e-06
0,6.83000537896185e-23
0,0.055517579090065654
0,7.00496695898143e-09
0,5.109363442306011e-18
1,0.001712437457552299
0,2.152924360529625e-07
0,8.96342737034403e-07
0,1.4471006988154052e-18
0,8.802448403266438e-15
1,0.841809347683697
0,0.005377089245092873
0,5.0163217872906254e-08
0,9.217376919085299e-08
0,5.165450979951947e-19
0,0.03332795396104131
0,4.677370044149196e-05
0,9.68489922851209e-07
1,0.4109010022170981
1,0.40129965467603473
0,0.2936814588444536
0,9.52616035878412e-28
0,5.925844776267126e-08
0,2.8947402403162974e-07
0,2.3544054396873995e-18
0,0.14224038993183444
0,1.805732728426573e-24
0,2.711683198277859e-18
0,1.1462377023585197e-16
0,8.260461824636601e-17
0,1.331878177395787e-21
0,0.0001006983841459685
0,2.6938202938655063e-16
0,2.7774032410938893e-15
0,3.270799628824246e-16
0,5.884464631405434e-20
0,2.802968637574746e-17
0,4.829716197972492e-20
0,4.916581170808457e-16
0,4.430029545420337e-20
0,0.018964810656893743
0,2.981781571619754e-18
0,9.168853224306034e-27
1,0.9811776790186945
0,2.1850187232059482e-09
0,2.0223611011057785e-15
0,6.78685853850137e-08
0,5.423084501818539e-20
0,1.8470081182276628e-06
0,2.421070145792365e-27
0,0.7506965936390144
0,2.701359143603501e-23
0,2.2743155926401407e-19
0,2.1497482205654024e-07
0,1.1577539602318745e-22
0,1.5268182760015385e-19
0,4.122821485869423e-27
0,0.47370937146076236
0,9.939778069102942e-16
0,8.415005740176274e-17
0,9.525207847530993e-20
0,1.0052467717265485e-27
0,0.19556458476300317
0,2.539179079651412e-07
0,0.0004508776243211235
0,0.2539536134827078
0,3.423115786563931e-06
1,0.8719002219718578
1,0.9686353516021665
0,4.1282546022736806e-18
0,2.64365724329644e-25
0,2.873126771253737e-06
0,1.4084999863180157e-06
0,7.579570182811016e-18
0,9.621563940931487e-15
1,0.6306323922400542
0,6.8136848111006355e-18
0,0.0788332332661392
0,0.31718020962653753
0,4.579166388055327e-05
0,0.020234838908637226
0,4.7353626690752906e-18
0,1.5268182760015385e-19
0,0.4058928792922609
0,3.3124863086798445e-17
0,5.4471416193822174e-08
0,1.3118200396213565e-17
0,3.7868519749060784e-16
0,7.0969428933520144e-06
1,0.5710021620565076
0,5.743682484071237e-25
0,0.11938910033661661
0,1.8660927656098824e-16
1,0.771959651950576
0,0.0004893049841302144
0,1.1913972466201677e-19
0,0.06386288150591526
0,0.45807173726157147
1,0.5687719063579797
0,2.433656257121443e-06
1,0.3360065006998674
1,0.564966934528781
0,6.154208968979399e-19
0,1.2650452546782395e-25
0,1.80578743743378e-17
0,4.801001257402563e-18
0,3.055160724299122e-16
0,1.3834718018245158e-08
0,2.797347228361451e-17
0,1.4146681026412034e-27
0,6.50594433434888e-21
0,1.3854909235389005e-18
0,3.806287054111538e-16
0,1.0230181631136356e-18
0,0.15572747704454523
0,4.20127615567328e-26
0,0.0038979397498977927
0,0.213531414073684
0,0.00019680882811665777
0,1.3990668795739881e-24
0,2.525686879929668e-16
1,0.5251341954221325
0,0.4903566117223712
0,7.135711385845804e-16
0,8.630921627280759e-27
0,1.419530846362897e-16
0,1.2104955896683158e-16
0,2.112517539958412e-24
0,2.1183814385227197e-27
0,1.909995553801944e-24
0,6.639926962356178e-17
0,0.0937015531972995
0,0.17331320308387882
1,0.8492324456675854
0,0.08037979321416285
0,4.07860923900235e-07
0,1.0777725255635241e-16
0,2.0629500081066315e-16
0,0.0005782858214830114
0,6.085036392700043e-07
0,3.1546553940123103e-19
0,1.6650600950632119e-15
0,0.05350985154898104
0,8.296717704821894e-15
0,5.693162333041691e-18
0,1.0671176679308947e-06
0,4.804287131390588e-20
0,1.8269873838469896e-20
0,0.43232315971873486
0,3.4582819784217506e-14
0,9.312218264053248e-17
0,0.16871047919268353
0,5.236685376974816e-26
0,1.450886299796026e-18
0,2.1725523812988367e-06
0,4.221213100010524e-17
0,1.453084855188992e-18
0,4.988898781441853e-18
0,1.8158371023304426e-16
0,3.134587254373113e-25
0,2.7661069982089403e-05
1,0.15219417682309244
0,0.0003547852111295269
0,8.786764116042121e-17
0,5.611015090474226e-09
0,2.3746523361379775e-14
0,0.013120426572562275
0,9.609255681344745e-17
0,1.1513757122552444e-18
0,8.1903948466732e-14
0,0.2298602117819099
0,0.4149477550901095
0,4.40457332203098e-18
0,6.97216149817069e-17
0,1.7429631426771133e-18
0,9.658591992151131e-09
0,6.2341127636810144e-15
1,0.5166127021096935
0,7.781789719539443e-08
0,6.045692124913586e-19
0,2.6585852858159647e-15
0,8.389372858426904e-08
1,0.7604532273831799
0,2.8999220660957133e-16
0,4.606318900645227e-05
0,3.108725651807453e-26
1,0.7473609628342709
0,4.324726102783223e-06
0,4.738569410052996e-17
0,7.370430438233613e-16
0,2.6037229746288963e-16
0,2.228399150285389e-19
0,5.414572497945337e-07
0,8.9850928695582e-14
0,7.189467034459257e-06
0,0.6147072423740776
0,2.437167653968491e-27
0,1.3101310440645985e-20
0,9.961543786829915e-26
0,2.2556510840135334e-16
1,0.9068690423302596
0,1.1181556278483001e-07
0,3.899155010214994e-17
0,1.596773051027391e-06
0,2.5439520361249013e-16
0,3.228441371897553e-08
0,0.010438474291717237
0,1.323966243371057e-18
0,3.151830941594155e-17
0,3.7048963857826465e-18
0,1.1412587283718318e-16
0,1.4166845094223767e-26
0,0.0007138677362492076
0,5.1170984194473073e-17
1,0.48198035713666854
0,1.5641578000718367e-16
0,2.04495886666383e-08
0,1.0212477385283919e-06
0,2.5165555778027436e-24
0,1.5117187655521484e-19
0,6.534810869215486e-21
0,0.082654201322033
0,0.0024653000865896904
0,1.8155734092659523e-07
0,2.3933816768331746e-17
0,2.3725802186478224e-19
0,3.3016908448749676e-06
0,4.929631305932201e-18
0,7.95959722206399e-17
0,7.00496695898143e-09
0,6.445627644573237e-15
0,1.838367184662035e-05
0,5.25849292295761e-07
0,4.979223809107534e-06
0,1.078481196275296e-18
0,4.2987965562150587e-19
0,0.25287096506149126
0,2.033712143599711e-18
0,1.3819078723684783e-08
0,2.1050187354786605e-18
0,4.2948154540086504e-24
0,7.267419588132516e-17
0,1.1711758545918685e-06
0,1.3153944960224935e-17
0,2.5248468589778253e-27
1,0.9524042391939583
0,4.015591698813902e-17
0,2.218999332599063e-07
0,8.874310292074546e-06
0,5.219028326429341e-25
1,0.5930699270044523
0,1.310621969384165e-10
0,0.0009569074611175777
0,3.2636388474496783e-11
1,0.2554512123647512
0,6.286460531104667e-18
0,5.694395929960291e-16
0,0.2614640293259634
0,2.9133228454622092e-18
0,3.7839954107516484e-16
0,0.10664151159599619
0,4.08937162483272e-18
0,5.056539141946937e-06
0,0.14374633062164524
0,8.246243847836653e-17
1,0.7593546719491145
0,1.5587555224210416e-08
0,3.494751887992104e-05
0,1.3151907813383635e-15
0,1.2906536700366318e-16
0,9.119138534967049e-24
0,3.1238437073227546e-17
0,1.9215285542168725e-16
0,0.05014863911769944
0,2.577346769441882e-19
0,2.4605416900106763e-19
0,9.472144157570803e-08
0,1.926289405321178e-18
1,0.5268233815730283
0,2.258485547743478e-19
0,3.662834447119882e-15
0,0.12224140655539645
0,2.7302908198749498e-17
0,3.957819291591138e-20
0,0.5891659213583091
0,2.444411893493807e-25
0,0.0017192307689412282
0,3.845486805504656e-18
0,5.850321356869818e-18
0,1.1472303650626478e-06
0,0.02185060668830431
0,8.336805607255592e-20
0,2.22253543235253e-15
0,4.0168619470078487e-17
0,1.2606554398605417e-06
0,4.1115004480089945e-17
0,6.842981142970347e-28
0,1.7565797900104267e-18
0,1.4356825677904524e-17
0,1.0697717586157632e-05
0,4.324726102783223e-06
0,1.1842564845718803e-19
0,0.20539885790523504
0,5.401880504920815e-17
0,2.022805084784874e-15
0,1.469276739696703e-24
0,0.2804548163147481
0,1.7843577734077648e-12
0,4.4972146437278e-19
0,3.0281588276067776e-16
0,0.6866142271985864
0,0.46826183371357627
0,5.281367122528825e-17
0,9.320096879879377e-16
1,0.33925663698935155
0,5.250049025308449e-17
0,4.743709240592467e-16
0,1.0066407683138668e-17
0,5.281458408589198e-25
0,0.02529730253058172
0,1.6523251331430228e-26
0,6.731772430507855e-27
0,4.4690298589085256e-17
1,0.6502771101319549
0,9.007494562323978e-08
0,0.0025805535941007757
0,0.13918223391869633
0,4.89198310765763e-05
0,2.1801589954808644e-17
0,2.7043832627362873e-17
0,3.959968914701463e-12
0,8.881276039557551e-08
1,0.7474067326520527
0,0.000975354895162914
0,1.522660715089007e-17
0,4.949851218760942e-27
0,0.3273288552627407
0,1.5888885807575617e-20
0,8.905711090221296e-19
0,3.5461325054409703e-19
0,2.081200015394479e-18
0,2.1468616925012003e-17
0,2.148004579807476e-21
0,2.0272726241700746e-23
0,0.12005865491810061
0,0.00044637096735137134
0,7.01552356933152e-18
0,9.46921599298366e-17
0,0.05352742621759788
0,0.33130662344446593
0,0.001149827409077754
0,0.26359445211974575
0,2.943155820807465e-23
0,5.251944249199311e-14
0,6.988117747680447e-20
0,1.1103363218685319e-26
0,7.00496695898143e-09
0,6.409333038710065e-17
1,0.9713370596519156
0,7.7505160556982e-07
0,1.4793940203938045e-17
0,0.011180257811042562
0,0.014889990260399008
0,1.8851409972078886e-18
0,0.560985925355731
1,0.7149547599491191
0,3.410858107693394e-08
0,1.791599203652311e-18
0,5.708709052252732e-16
0,5.089056646870155e-16
0,3.430282500690789e-22
1,0.32825488678528153
0,6.353419521777686e-15
0,3.2638311014435795e-18
0,2.032691294080376e-17
0,0.020295730047275813
0,3.4175666991143565e-17
0,8.709465590405711e-27
1,0.5734047055271159
0,2.924925460389233e-18
0,5.257634711593154e-25
0,1.229286509970475e-17
0,1.1770480559807336e-21
0,2.6554317142936024e-16
0,1.7067983092880624e-17
0,0.5877949418561248
0,2.5406603921423158e-05
0,7.508823324159819e-20
0,7.095874231490393e-18
0,2.421077046484718e-05
0,2.17539229550679e-08
0,2.475294723927583e-19
0,0.4234101732505944
0,1.4748385756139979e-18
0,3.7318913089117027e-19
0,1.372335841563653e-27
0,4.7442066652970756e-18
0,1.306573123166114e-18
0,2.1857442721360838e-20
0,2.9079647216240316e-07
0,3.422800261050489e-17
0,3.2731106525233837e-17
0,3.6285394608779783e-17
0,0.11560859386257247
0,0.049822207788545285
0,9.90086247255525e-21
0,3.247937420570701e-16
0,1.4761721350714148e-16
0,1.293590231849978e-16
0,1.878842776730939e-21
0,5.674038862633046e-18
0,5.111156504537433e-27
0,8.761069214446135e-14
0,1.6989711631476974e-20
0,1.1577539602318745e-22
0,0.6105684350087099
0,5.816136742592446e-14
0,7.84064442992395e-23
0,1.7988889637018335e-17
0,4.013326178252934e-27
0,4.848493527531338e-25
0,2.952344862739234e-17
0,4.525450219596364e-12
0,2.5543839270028208e-15
0,1.1698121050240426e-06
0,6.135360661307998e-20
0,3.857040569738454e-17
0,5.7409354459862236e-08
0,0.03532403791700473
0,7.245408663671517e-17
0,4.1040088875023376e-16
0,4.984064259566599e-19
0,2.289343848000355e-18
0,1.0794121561769836e-06
0,2.934084384825517e-17
0,1.885969041280935e-07
0,2.1561076663529257e-05
0,7.196966819825931e-16
0,0.0012494036903019149
0,0.0022624084212097694
0,9.059458810589673e-26
0,7.5692409091141585e-22
0,1.878842776730939e-21
0,4.499848173271218e-20
0,2.907853294491242e-07
0,2.8644756563944145e-23
0,0.0090696163682507
0,1.2455697605092931e-06
0,2.148004579807476e-21
0,2.804200650419531e-08
0,0.21153241006415108
0,1.0462347541934082e-16
0,1.1947925967621362e-15
1,0.40132542408194205
0,2.532287173428653e-19
0,1.4721001558486112e-18
0,1.5268182760015385e-19
0,6.695785229869326e-20
0,2.3136355021434898e-20
0,0.03826828047552815
0,3.8307079699979773e-26
1,0.8419924889465906
0,0.3575723678276354
0,1.8135438591818787e-10
0,1.0141504125259029e-18
0,1.1363561660774548e-26
0,3.191601540533896e-18
0,2.2919630351110954e-15
0,6.603122396063155e-07
0,1.4688822230122534e-15
0,7.331828780080659e-17
1,0.40856434146644793
0,1.5218770410209415e-07
0,2.7702908911623875e-20
0,1.301775447305582e-22
0,0.12822498883517813
0,1.2089465022788168e-14
0,7.25343713019184e-18
0,1.551876993799714e-17
0,1.5702487283162735e-15
0,1.0362287661869153e-16
0,1.8317416450045182e-05
0,1.3370735546348834e-16
1,0.5217407371202053
0,4.464206404838772e-13
0,1.3678476122086981e-13
0,9.281964029807332e-19
0,7.776005251401756e-23
0,0.509070762138076
0,1.5084049065677653e-15
0,1.0263308885967542e-16
0,4.7360838464570325e-07
0,1.136340269475735e-15
0,0.00012591676823281268
0,7.523192604027441e-19
0,2.2750618762429534e-09
0,2.3754400128335704e-27
0,7.013573656507835e-07
0,4.346169922109326e-06
0,2.16219548569605e-06
0,0.0009375650060401377
0,7.896906176356703e-21
0,5.941096470358918e-07
0,1.7834225256238783e-07
0,2.990850525739199e-07
1,0.2462133388592079
1,0.47270185175918733
0,1.3652254985372017e-15
0,6.787537217584539e-18
1,0.5163166058183017
0,1.4427262531359844e-27
0,0.3619506544610839
0,1.3544914892030533e-27
1,0.529417264865766
0,8.317692962001076e-08
0,3.2559919628532893e-21
0,1.343950046626235e-12
0,1.878842776730939e-21
0,5.035007051612656e-21
0,5.63812940354651e-15
1,0.5824574168358251
0,7.256466510907342e-16
0,2.8901738164366336e-18
0,2.946157854623945e-16
0,6.377196152968987e-13
0,3.4467522364584497e-28
0,9.587711295575582e-18
0,8.539556898173929e-20
0,3.320202637885029e-07
0,1.8015892490311762e-16
0,1.3192043294666356e-18
0,5.641105608035827e-10
0,3.2329756323065952e-24
0,4.3244972847248383e-19
0,0.3289681007682735
0,2.055620105120199e-19
1,0.7155498445083769
0,3.355027604652987e-16
0,1.5154304946128725e-07
0,1.9725711222059137e-15
0,0.45449805918126845
0,1.8151107622737266e-15
0,0.5067701622713251
0,2.710356061229056e-26
0,4.709426588468026e-23
0,2.2139397092819146e-08
0,5.352418732347086e-18
0,0.003907883566471964
0,1.7818750080470264e-16
0,1.6902538953826682e-25
1,0.7079209948101594
0,3.379264290191046e-07
0,1.0147735043921662e-16
0,1.0949754166948777e-12
1,0.7333551418713362
0,3.3084856796624024e-20
0,3.8062819984024593e-19
0,3.2329756323065952e-24
0,4.530936335550652e-06
0,7.249467297545961e-15
0,8.23707639188818e-07
0,3.102997318455918e-07
0,3.0410691977914906e-16
1,0.4802205434226289
0,6.883060328549366e-18
1,0.41653286239684745
1,0.6869031116225711
0,1.3953197203328796e-05
0,3.5157233031487894e-06
0,9.559307563590624e-16
0,9.103515772756619e-28
0,1.2426530988139066e-15
0,4.4187193224081994e-18
0,0.00022740650262280878
0,4.907693524983218e-20
0,3.206171825945838e-21
1,0.45447335810605816
0,3.590510670120975e-16
0,2.8256770169245907e-19
1,0.79860950895721
0,4.239244156195442e-17
0,1.7989242577601147e-22
0,1.878842776730939e-21
0,8.002727391269445e-07
0,2.78745459757619e-22
0,7.493377943326588e-27
0,0.002663232727552047
0,8.621854217727389e-17
0,3.838230999716937e-06
0,0.08566813306315164
0,3.2877773322019594e-18
0,2.283664028226441e-25
0,3.629508477067533e-16
0,5.8776072227141427e-08
0,0.004307847549414024
0,2.6053729250511216e-17
0,0.5447950058851794
0,1.567931645423546e-20
0,3.7997439345799044e-10
0,3.780221694441001e-17
0,9.158841958737653e-17
0,5.887943731889543e-18
0,3.1783239453979125e-17
0,1.5368410278948346e-12
0,2.5022231855340434e-25
0,6.908686830661476e-19
0,1.7872204228936117e-07
0,2.591484802431556e-18
1,0.8376626173657439
0,7.587153767211702e-16
0,0.01779067210942393
0,0.39128983324836947
1,0.7865352149088574
0,0.153788591637527
0,0.0029294777158252318
0,2.7934799040400994e-06
0,3.9742006298908904e-05
0,2.7788613921091116e-18
0,5.152438889242191e-22
0,4.417953338046225e-17
0,6.408034917599351e-17
0,0.029939584315078517
0,3.1073149760528e-06
0,1.3439938077606798e-15
0,0.6516225449806785
1,0.6701833508912384
0,1.8472731766336212e-15
0,1.0265233682752582e-27
0,0.3794900752763212
0,1.928044224187852e-13
0,2.147971798673003e-14
0,2.7740373215661533e-15
1,0.7597873948830648
0,9.779460941964548e-17
0,1.3239662433710664e-18
0,2.655522101238026e-23
0,4.455631631678765e-14
0,9.108860436458008e-24
0,2.667032155302549e-21
0,1.3743571280268078e-21
1,0.2777410273032208
0,7.848952499960936e-15
0,4.2632796499122203e-20
0,0.000510818801536871
0,0.1557949848248101
0,3.818789236183792e-26
0,3.335919286561896e-21
0,0.0010480663214218905
0,1.382892777165797e-26
0,4.0151554281424265e-07
0,5.013016882337904e-25
0,5.5013370353160236e-17
0,1.9121081214136485e-24
0,1.2813522805877206e-16
0,4.423252564514013e-06
0,1.43423498445995e-07
0,7.974261205807487e-17
0,0.7250139781928744
0,2.798599877906522e-20
0,0.5065778480636604
0,0.09364962892628156
0,0.3750077291333023
0,5.01652814239724e-16
0,8.14982399333966e-21
0,0.4407060909312017
0,1.2507293206726168e-26
0,1.1196716425287519e-13
0,2.215911126755301e-20
0,8.594433643631672e-16
0,8.590157868553006e-19
0,1.3395117329843743e-16
0,9.294560812066699e-07
0,2.62851247017329e-07
0,4.294286027038669e-17
0,4.7035160780224695e-09
0,3.2590966856706656e-17
0,5.069056794563472e-17
0,2.133294729372283e-26
0,3.5411171395848034e-17
0,1.2545752431314202e-22
0,1.967026397851744e-06
0,0.2932109252430247
0,1.878842776730939e-21
0,2.786844396983892e-23
0,2.1103405840456605e-19
0,3.1767602352751083e-06
0,0.0011416310402252155
0,9.081072789781212e-13
0,0.001546246581556357
0,0.002991457346479756
0,2.2450841744027145e-05
0,0.3446366749863326
0,9.000163460478606e-06
0,6.249425576931709e-27
0,8.40287668366026e-17
1,0.6419373904800119
0,8.503159592127573e-06
0,1.8394454023688916e-17
0,2.711030517106062e-25
0,2.525742662225312e-08
0,1.1513081793514393e-19
0,4.6331226838315565e-18
0,2.4262617624110057e-26
0,2.0616807272614092e-23
0,0.5305226665539098
0,3.4088687021872433e-17
0,0.014945533085034983
0,2.611558105081696e-17
0,2.1479616215881478e-23
1,0.7291202929096896
0,0.001037274170355471
0,1.7888956920154845e-07
0,2.1715527618103004e-05
1,0.5598287639621995
0,0.37864626325452827
0,0.3461961554281643
0,1.4449716726643722e-17
0,1.878842776730939e-21
1,0.6292000230824593
0,0.3936414510140951
1,0.7650511807768948
0,4.5515128562311145e-09
1,0.3785409932337799
0,1.0425460723847095e-26
0,1.4095593118247689e-07
0,8.659335534772491e-18
0,7.077613415845765e-19
1,0.6503074735473764
0,8.695870755316122e-15
1,0.596608494505227
0,3.206171825945838e-21
1,0.8744814141040743
0,0.010830735386841624
0,2.641565739329088e-07
0,2.9981354320688854e-17
0,1.758882549363022e-18
0,4.471315278489143e-22
0,8.185902136656762e-15
1,0.709791610733762
0,4.291733966453769e-05
0,2.102791841734729e-07
0,1.140399786604173e-16
0,4.3619273329994775e-16
0,1.9278659157396145e-15
1,0.6991400949235407
0,4.6078268336279147e-20
0,9.50533309441408e-16
0,3.534299107739394e-18
0,1.3206754233493566e-17
0,2.8592125936245682e-12
0,8.872414227446422e-24
0,2.850547899543354e-17
0,1.0715996438992872e-16
0,0.0015352922862878632
0,8.808800996453693e-25
0,7.326826931201083e-13
0,8.281673909049131e-18
0,2.9704411792169035e-24
0,1.0621811241379355e-25
0,0.018758689861019986
0,6.429997785861742e-08
1,0.01726905535051168
0,2.800619588946439e-23
0,0.040891030741380716
0,2.5304034957157325e-17
0,3.806429589613884e-18
0,2.4262617624110057e-26
1,0.2707815873309274
0,3.899989013910492e-07
0,7.719746191836025e-18
0,2.148004579807476e-21
0,4.9049266283811644e-18
0,8.355407772667094e-14
0,1.3743571280268078e-21
0,1.2252629262969168e-17
0,0.3674145521290042
0,1.355814027090414e-20
0,4.682486331059464e-16
0,1.0278773596977092e-15
0,1.42380792438452e-25
1,0.481280970747941
0,3.147466152415954e-20
0,9.373866007751746e-06
0,1.1272681104754983e-05
0,5.2655454710054286e-17
0,6.00807088761095e-20
0,2.688536947920302e-19
0,5.658021259024633e-16
0,9.80125117323285e-08
0,2.1039363949392633e-05
0,9.858467152818216e-17
0,0.0008404188298151515
0,0.29867372914734763
1,0.5527491987153351
0,2.8180393179060225e-07
0,1.2274876047133827e-23
0,2.3961776800445103e-17
0,3.4278129667086276e-11
0,4.0777800695092264e-16
0,1.0202194845245817e-15
0,8.92392703609658e-18
0,4.232599590880801e-20
0,1.4427262531359948e-27
0,5.665797721366645e-07
1,0.3965176284655253
0,0.3398823905242569
0,5.2633757182992e-08
0,2.561459610250815e-17
0,1.7766388689844756e-07
0,1.7593589002494757e-18
0,1.606272096110508e-20
0,8.89938518141813e-17
0,3.7652043623293604e-27
0,1.7890025174658534e-22
0,2.7173888409240853e-16
0,1.642619386900626e-15
0,0.8120731293620946
0,2.888127284613445e-07
0,0.055632795785903355
1,0.8535950435533095
0,4.8878700469277444e-17
0,2.901629487276647e-20
0,2.8280839403726494e-18
0,0.5187165279948454
0,4.7236904487694516e-08
0,0.16865041362137675
1,0.8453787579484117
0,1.4498659094830394e-24
0,2.9988937798272816e-05
0,6.782492573587659e-21
0,7.732487480108366e-20
0,3.596291047972388e-18
0,1.2024444744498622e-16
0,1.0294930188629975e-20
0,9.478760115392872e-19
0,0.19731018133349792
0,1.1913183727763896e-06
1,0.09919134344982394
0,3.0811548367390403e-07
0,1.380957909125945e-22
0,7.018308731567131e-15
0,0.1295120514824107
0,0.3170542387115368
0,3.8219119894731e-25
0,0.07146449931842358
0,0.010581986187022425
0,1.5065580156812086e-05
0,0.14321210596022532
0,1.4272032165185528e-16
0,3.6646676824423264e-26
0,3.9814002272374974e-16
0,3.318246947713684e-17
0,0.00020105594318316466
0,5.744582143454536e-18
0,5.941478335969202e-06
0,3.057490092095663e-07
0,6.186458912777346e-07
0,3.563082444476303e-16
0,1.5767203056031038e-25
0,7.128485600876206e-05
0,2.2450144853946122e-07
0,0.05886874694817499
0,4.100661494823003e-16
0,1.840860774029157e-16
1,0.5974417846851261
0,1.5357794365891447e-15
0,2.370604246463782e-16
0,4.381886584942688e-21
0,4.183141225316056e-15
1,0.9942579696253913
0,2.2551123885748422e-17
0,8.93647720289735e-18
0,1.4271404346870889e-18
0,0.325607540358976
0,5.19677447671441e-06
0,7.474747706859374e-08
0,0.19831529980008777
1,0.9292900811367393
0,0.46511482268648485
0,7.248559863043452e-20
0,4.833391455381163e-16
0,2.537056614518866e-23
0,1.8894343275700707e-19
0,0.524304725129955
0,2.9657048112621713e-18
0,6.532541330786692e-16
0,1.776778537508467e-16
0,2.415711412213807e-19
0,2.3611067999317757e-16
0,0.3970734284888251
0,2.4848931461846307e-15
1,0.11144534138137058
0,6.476608015814506e-07
0,0.25362439592956537
0,4.704149144581378e-17
0,2.3177407794601996e-16
1,0.46154870452518987
1,0.7686914360259931
0,0.23889423064248455
0,1.1914486101855631e-20
0,0.09427394257813329
0,5.6680325763427786e-14
1,0.28718665623964174
0,0.007095398058018716
0,0.47905671836255237
0,2.758382841355112e-19
0,0.0005795945578025869
0,4.712345309937163e-08
0,2.421696694830803e-27
0,2.437167653968491e-27
0,1.7427424979191436e-07
0,0.26742069078655933
0,0.0010125082093254188
1,0.7451901791586657
0,0.004075758969231473
0,1.5105619380930677e-14
0,1.4589924563856616e-18
0,1.007397154771825e-11
0,0.006431269689570417
0,0.21048274772961306
0,0.005106010779979001
1,0.039350845330630976
1,0.17502449546219226
0,0.11399792758363045
0,1.4969055423806365e-07
0,1.9982704710691497e-16
0,1.0073971547718323e-11
0,2.5525678366342516e-07
0,8.166904002429709e-17
0,1.975354313021745e-18
0,1.4908272910674616e-08
0,3.2956615442400526e-17
0,2.3967169313214587e-28
1,0.42272705558810353
0,2.6310883109926397e-15
0,6.316145076995044e-07
0,0.13721124006450475
0,0.25347502784011583
0,3.1197842890286856e-19
1,0.7235540144130916
0,2.278905966271363e-18
0,4.726551738321592e-08
0,4.097479264190578e-07
0,0.0009003847420317673
0,0.3688593495818379
0,4.237689003671097e-22
0,2.9092256809376185e-06
0,0.0036344777557986074
0,4.087341042359217e-08
0,5.143419921918425e-16
0,9.497599247071228e-27
0,1.8381620487150194e-18
0,8.658925073197885e-16
0,1.1368794796823222e-27
1,0.49198756638624863
0,9.546927743093695e-23
1,0.7980970531197679
0,0.006384799855995082
0,4.845862861465448e-23
0,3.287883847083943e-19
0,1.2640440252812846e-25
0,1.046199178003828e-12
0,3.076532270932683e-20
0,8.810279420035041e-05
1,0.5457200205136578
0,2.3928871187640296e-05
0,0.2061921417187914
0,6.785211068160813e-18
0,8.89408018817511e-18
0,7.127157142616957e-05
0,4.823684813821153e-17
0,0.13481148842232055
0,1.2349983107563878e-17
0,1.4231605690181788e-07
0,5.84989647551163e-17
0,2.8013267874974708e-21
0,2.322346021695891e-06
0,3.118840514497407e-25
0,1.415241077729255e-21
0,4.847242814478611e-19
0,0.5791030250265293
0,1.5068889266002985e-15
0,6.494674152422599e-20
0,5.499677236393563e-18
0,0.2538289153797557
0,1.54077223289334e-05
0,0.42877062498719365
1,0.2189552227659377
0,4.1843558819448544e-16
0,0.3056094596445436
0,4.871604504743264e-18
0,6.025155418176694e-07
0,0.32619221595957076
0,0.019277651632571925
0,2.1130655673488648e-17
0,0.09111337338386973
0,0.0005217967973176962
0,0.27588394618402795
0,2.7998226962830557e-23
0,2.0613437877619593e-06
0,6.467553581334227e-24
0,2.575248636031417e-25
0,4.1905678134619507e-17
0,2.84366640877338e-17
0,3.950670803340988e-07
1,0.3489430820521063
0,1.2332425964113853e-19
1,0.284848656826947
1,0.865492361617801
0,0.14286808624029682
0,1.6985403785930428e-06
0,0.11353051110650338
0,0.12299086920457518
0,0.09405015855663733
0,3.206171825945838e-21
1,0.49844334314987304
0,7.480788224498974e-19
0,3.6470026511939627e-07
0,0.43228390765832697
0,8.608394618582216e-28
1,0.0049662899784226
0,0.014145184027286255
0,4.176353315778116e-13
0,1.0683112003368448e-16
0,2.891302904789252e-25
0,3.2559919628532893e-21
0,0.4081276784309936
0,0.02686218689339426
0,7.187426034379496e-17
0,1.6855377953459609e-18
0,8.419810094842344e-08
1,0.7403523842540475
0,2.4336562571214346e-06
0,1.1524649722908728e-06
0,1.626925797615783e-16
0,0.6032882435401337
0,0.21565305792210054
0,2.2898136121074177e-16
0,4.628210778869427e-07
0,9.195561260998757e-05
0,1.9286298660624922e-22
0,3.7452610700565805e-06
0,3.06609352097418e-23
0,5.206403282020894e-06
0,4.371204143428888e-07
0,0.42055700880196056
1,0.8792317510855993
0,0.31497365282034556
0,0.008673457284972928
0,2.334390777267107e-16
0,5.404668035410508e-06
0,3.4831767395162955e-17
0,1.5982024635430517e-22
0,0.0003376522903471959
0,4.603628839413405e-06
1,0.361261558138786
0,1.4520148320536778e-14
0,2.440148467181721e-17
0,1.110963458597956e-16
0,5.949073642816745e-17
0,7.755173858716046e-20
0,1.3743571280268078e-21
0,8.172924252127626e-19
0,2.9321635296216682e-25
0,9.653226503607015e-17
0,3.027451563859107e-20
0,0.11236000705008113
0,2.2059461184528365e-15
0,2.6589416420928996e-17
0,4.0859402836134964e-18
0,1.7167551368035054e-21
0,2.360634054191902e-06
0,3.694079847063631e-12
1,0.6215690954720214
0,5.367287090319271e-09
0,1.0386738494506007e-17
0,1.6345813405951476e-17
1,0.23087624200546064
0,0.46841040293672476
0,5.325466362178102e-17
0,8.635345829892664e-27
0,0.008242420927921653
1,0.9697202349179155
0,3.710850848812728e-23
0,2.870847076218245e-27
0,2.0237828668678093e-05
0,1.2561539342890753e-06
0,2.8271318103612725e-27
0,6.74810540618195e-18
0,1.1010930066569595e-05
0,2.4978513212538524e-16
1,0.4749341873806865
0,8.03410857733065e-09
0,4.540567266569776e-18
0,1.2247651288798345e-22
0,2.6166110009819996e-19
0,2.5091429570794244e-07
0,2.2989813034728987e-14
0,3.260368427124416e-16
1,0.9999999996800768
0,0.42113918294512864
0,1.2354301343840794e-06
0,0.005260465166985346
0,3.8290956276643015e-17
0,3.380945971036707e-08
0,9.117091916339126e-17
0,2.768260639341873e-23
1,0.424865757101245
0,4.941371959244536e-21
0,5.930702946439977e-09
0,1.0151208292055938e-06
0,1.2393928160483564e-17
0,0.00014416514769023626
0,1.409537003629992e-10
0,0.34436084749767676
0,1.5197920000643146e-16
0,5.073077089185836e-19
0,4.065548030344198e-06
0,2.5011897071096303e-17
0,1.538141259153053e-15
0,1.0585607645831562e-16
0,3.2213456408739193e-25
0,0.42144675038149026
1,0.6641390466650731
0,1.6228111003061285e-07
0,4.832234409499149e-19
0,7.025170978594174e-18
0,8.170810720725384e-25
0,2.3361497052077243e-08
0,7.991357520391416e-16
0,0.0008196363885281479
0,4.1325261465545107e-17
0,1.4826733093916226e-09
0,4.528837264060505e-16
0,3.2559919628532893e-21
0,4.0598678439820514e-16
0,1.559678783527416e-14
0,2.9769238089692065e-18
0,5.715654535852218e-06
0,3.3410062486055194e-06
0,1.5204866935929365e-07
0,4.3629437525457886e-16
0,7.875629956378256e-18
0,7.728913852026254e-22
0,4.91057147274743e-06
0,2.1494813204961136e-15
0,0.09167214082603214
0,3.308097498716125e-16
0,8.584345521799207e-07
1,0.8761319213851425
0,3.3227888718824123e-16
0,0.0002909903963587613
1,0.3174154102893503
0,1.476419789917527e-16
0,7.365945087471662e-19
0,2.374680162528958e-21
0,4.3272494807391386e-08
0,1.6539651287361229e-16
0,8.487175259594272e-20
0,2.0885854874280783e-16
0,8.531455764338389e-08
1,0.7878999930515492
0,9.648836184554291e-23
0,2.9159533375718466e-19
0,3.201371570874323e-17
0,7.604621602097665e-28
1,0.7404780508617408
0,6.965647118053203e-15
0,2.878453482342449e-20
0,2.1251058694653038e-06
1,0.05520213875603495
0,5.325609208124113e-26
0,3.493791526237932e-07
0,1.0008441523477721e-06
0,3.8584437605895193e-19
0,1.0361647810166937e-17
0,8.856825801983837e-17
0,6.7350169338113664e-21
0,8.564618001596431e-19
0,2.7906464136938873e-23
0,1.3213280057943862e-17
1,0.8191801979193234
0,6.145717142464598e-19
0,0.49214805295076774
0,5.278030046869461e-16
0,0.022373107227986924
0,4.840415359684153e-17
0,2.403748692607762e-15
0,4.229238919841356e-21
0,0.2879101483232942
0,0.630538462371362
0,0.20818012640819092
0,4.8552265465463974e-20
0,0.002698755599973725
0,0.1982679094342001
0,8.661897176074175e-17
1,0.5749486168012683
0,1.1738019558450397e-15
0,1.2697623096069193e-16
0,8.907067221372534e-13
0,0.009363916987837338
0,1.4480912380566696e-19
1,0.5796257655103099
0,1.7252050417908086e-07
0,3.91032397449749e-20
0,8.149653374401636e-16
1,0.5288721104128767
0,2.6444959612153987e-06
0,2.6264245318977766e-21
0,1.2816897708615766e-22
0,2.743901628271515e-17
1,0.6701102959391754
0,0.6322104187174056
0,1.5268182760015385e-19
0,0.677809723677256
0,0.00014885609857859732
0,2.2450841744027226e-05
0,1.0417621423631304e-14
0,4.74869209066115e-19
0,9.668914811126197e-17
0,4.2042433273223266e-19
0,8.046856668404043e-15
0,1.1475979240489928e-15
1,0.6819168151724643
0,0.007411760141632751
0,1.0049654939019135e-06
0,1.0246518257071412e-26
0,1.0083941107985352e-06
0,6.427022442281102e-25
0,1.1602098674570782e-18
0,1.1137659303595126e-17
0,1.0634558834725663e-14
0,0.001614569924267213
0,3.3348323727070175e-25
0,0.0007232290631837471
0,0.0762601807226017
0,0.002152714977836686
0,2.4549042304829615e-17
0,0.1062021429555651
0,1.5141744142925402e-06
0,1.520559328879099e-18
0,7.540782542928269e-10
0,0.25770298562587945
0,8.989628386034894e-26
0,1.9762825818373934e-18
0,0.45846805477654734
0,9.069798382949358e-07
0,1.133407943296793e-14
0,2.583732617561645e-05
1,0.749366595594728
0,2.6561337890660662e-17
0,1.1794380342316073e-22
1,0.16557519637968185
0,0.3061969849627273
0,1.3635750025994775e-17
0,0.4428327044392304
0,2.6575748871851333e-06
0,2.4262617624110057e-26
0,3.525171213927215e-20
0,3.620935374474683e-07
0,3.5496577799822925e-19
0,4.750169598553274e-08
0,0.0001590528395379479
0,3.3970045237240755e-20
0,4.603628839413396e-06
1,0.8550350673009287
0,1.328507185686666e-27
1,0.3032725537291168
0,2.3549123949830555e-15
0,0.14014337465966545
0,1.0978796034781328e-19
0,1.1741354836685011e-17
0,0.7174226313995274
0,1.3173853499749369e-14
1,0.18088426189733312
0,8.047963315614812e-16
0,2.878453482342449e-20
0,2.952295263152349e-17
0,0.2501893968307349
0,1.1098743712578099e-05
0,0.191430989233473
0,0.06221070219247681
0,1.0151208292055938e-06
0,0.001334813627748599
0,4.6308615402563085e-23
0,2.6320333528098678e-23
0,1.100463298073686e-06
0,4.9677244292093354e-17
0,0.13256078710956556
0,1.1017047601336724e-07
0,0.0951730723054924
0,8.365510621272379e-11
0,0.051950365896640975
0,4.798137531732902e-16
1,0.8565788635907979
0,4.064020706690196e-19
0,0.364736102540249
0,0.19275810713767708
0,1.129463405458546e-07
0,3.7935439259453677e-20
0,7.250161819028176e-20
0,5.2781361529286145e-17
0,5.881570748437271e-19
0,0.42560015836989296
1,0.4865327169036355
0,0.4605400242466741
0,1.4148331436965621e-07
0,3.3312581307994875e-17
0,1.5106941584300675e-07
0,0.09059192719031883
0,0.02183387191307885
0,4.4186793123284296e-17
0,1.9151391661657668e-16
0,2.2879081358496943e-16
0,0.00041041515440377467
0,2.421070145792365e-27
0,1.093959442190309e-17
0,2.7502653468309345e-07
0,1.4166845094223767e-26
0,3.206171825945815e-21
0,0.00011357964244430444
0,7.303942298199132e-20
0,0.7333128547019028
0,0.006967849074066832
0,0.006485813175968055
0,9.374046010232003e-06
1,0.7584884432814637
0,2.339751087399475e-19
0,0.002926493250596372
0,1.116776627941254e-17
0,1.4816600900988616e-16
0,3.6592422595258506e-16
0,2.581031716852114e-28
0,3.5558364327004893e-16
0,3.2977246989408957e-15
1,0.7039087819097168
0,3.446689984120582e-05
0,6.357337049138853e-05
0,1.4461470289775342e-06
0,8.719744457759494e-08
0,7.212120439050781e-18
0,0.00019089839397266957
1,0.6713951888976973
0,3.981384074724753e-26
0,3.138520387000042e-06
0,1.4427262531359844e-27
0,1.93755275572963e-07
0,1.0579231644232117e-09
1,0.5587207525022898
0,9.921627048417795e-06
0,0.2443102932183185
0,1.4475461354107593e-16
0,0.20584379595805047
1,0.7915011521415612
1,0.6203276369822647
0,0.038201810072052485
1,0.1755177439679124
0,4.24613970398914e-06
0,5.306917521981618e-23
0,1.1877366997581874e-19
0,4.905296114634183e-20
0,4.639645720024561e-06
0,2.8739464983503907e-22
0,0.1529594127351588
0,0.37265783006088776
0,0.18907463624652043
0,3.4889736812422094e-25
0,1.196861790870698e-06
0,0.07556164245662618
0,5.650665768940694e-18
0,1.7451253770625682e-13
0,1.2197846966428782e-17
1,0.6716396420095022
0,0.0001034195118780435
1,0.43612423067842365
0,2.346236514770295e-18
0,2.7155657463974684e-25
0,6.235927654643063e-08
0,1.0444008449961978e-06
0,1.5126798405765141e-15
0,1.1161047471560621e-24
0,6.4963830864942285e-19
0,2.9687379694078903e-25
1,0.02401889260422526
0,2.0309765278321145e-08
0,0.6708647159236366
0,1.9364281247654517e-18
0,4.068125027990503e-07
0,9.488473083038138e-21
0,7.621827480785333e-14
0,4.122821485869423e-27
0,8.034931295501613e-09
0,3.979528050018452e-07
0,7.6182717539714e-05
1,0.1677575382317835
1,0.716621148841711
0,0.09642914972182323
0,4.549063498091065e-19
0,7.578593621540184e-20
0,0.0014439948529831415
1,0.23686765147402356
1,0.34303540332799787
0,3.3470533052697545e-19
0,3.626841372499552e-05
0,0.021758349041693114
0,3.287918137328795e-24
1,0.034889899727030375
0,7.390463394780089e-20
0,2.0266840102359683e-07
0,1.5366831384947447e-08
0,3.27517515498672e-14
0,4.504545101879126e-07
0,1.0065459362412996e-07
0,0.05834790848805759
1,0.8359663827856579
0,2.800067144821195e-07
1,0.8241050647383212
0,3.285491995577874e-18
1,0.04861583837544543
0,2.2672588567452258e-05
0,0.051511863718175184
0,1.4773379415157332e-22
0,3.7625693920622184e-08
0,1.7022140499303778e-18
0,8.698942558618335e-16
0,1.7268082210391686e-16
0,1.228089988008336e-15
0,1.6957910932653129e-18
0,3.2559919628532893e-21
0,4.376602675406327e-07
0,5.459728513816176e-07
0,2.148004579807476e-21
1,0.1689158714667733
0,7.00496695898143e-09
0,1.0499999508512104e-24
1,0.33665562175701663
0,0.03359597452535442
0,1.3390481650970565e-07
0,1.0908555148394724e-16
1,0.1375486612398714
0,1.8752379533415816e-18
0,4.486482438258202e-27
0,1.41579835170752e-16
0,1.3086020422466425e-13
0,9.121663573040026e-18
0,0.04311862668606963
0,4.3598355491313114e-27
0,1.003300466939997e-15
0,5.239137636162669e-19
0,0.04658279561277037
0,8.968555025819435e-19
0,3.673266397687127e-07
0,0.2511737216380219
0,1.811834307527882e-21
0,0.2467163220824661
0,1.6334915598716989e-06
0,9.854617749068467e-16
0,1.0246518257071487e-26
0,0.6689430503280881
1,0.3294156022157383
0,1.811834307527882e-21
0,1.1259983343343329e-14
0,2.440299630009612e-15
0,8.515593671939688e-20
1,0.5571871807448722
0,3.6800632127337885e-17
0,6.151906821362622e-22
0,5.19957737912353e-17
0,7.490392877845262e-17
0,1.527720267647796e-20
0,0.3054725441642815
0,1.1704322556232076e-07
0,0.09207741452708423
0,1.0482688025355139e-08
0,0.0016399106936871113
0,3.8773752426570674e-07
0,5.666921386403665e-09
0,4.605532006431489e-19
0,9.538778793299153e-16
0,1.1811193075755381e-19
0,1.2645990892736172e-16
0,8.59988215308022e-17
0,1.0578092600650614e-13
0,1.2859593532626555e-06
0,3.022265855287535e-06
1,0.12785629828611583
0,2.2513881079954465e-18
0,0.3265027219009964
0,1.196861790870698e-06
0,0.618082798225337
0,9.137661568524665e-20
0,9.17857988969195e-26
0,0.04701487131464588
0,5.445276459081413e-19
0,7.13349480441999e-19
0,1.513182029201757e-12
0,0.2643567021635463
0,1.1063381721215329e-20
0,5.944342101627295e-19
0,1.2131306211686713e-15
0,3.00509188090124e-23
0,1.182167605661351e-06
0,3.327862529380215e-07
0,1.5402700779560997e-26
0,5.258492922957602e-07
1,0.6635345674513594
0,9.009360806938254e-09
0,4.4301738735269133e-17
0,1.0725809196939363e-07
0,2.5956083641011273e-28
0,0.6123154806456207
0,4.510009618749357e-27
0,4.7943386240572755e-16
0,3.8326678966798356e-22
0,2.0883540496872282e-21
0,0.8186525022750214
0,0.32548270094403176
0,1.650702746414845e-17
0,2.3089762162615486e-16
1,0.8115237271192105
1,0.5286923609631632
0,0.00011711735824149574
0,8.326109174907807e-08
0,2.933983903759861e-18
0,0.11780576270251257
0,1.7937410592189786e-05
0,2.9440545358859474e-17
0,4.2407046414881247e-07
0,7.692556441112458e-18
0,0.02867785083401958
1,0.41512557335185624
1,0.2952377785310248
1,0.19857573682141544
0,6.695535785933399e-06
0,2.9719592451014535e-19
0,0.0016187626509804463
0,0.32885378272000887
0,2.5536168463600347e-16
0,9.37733832367499e-09
1,0.25654700659205015
0,0.7545751084875661
0,6.733489561601267e-13
0,4.832464946546313e-16
0,1.9045827480534953e-06
0,4.281664841442791e-13
0,1.582512562667982e-15
0,4.569194680716184e-16
0,2.420917688822071e-14
0,1.0000515588046808e-17
0,2.789029899672921e-23
0,2.0665269868649167e-26
0,4.616973784938925e-16
0,0.19256358181255978
1,0.8211196119193652
0,0.004266056542799891
0,3.2630953005154736e-17
0,4.336371799998565e-17
0,2.6594751027769985e-25
0,6.20648675833622e-17
0,1.2312878078993937e-07
0,1.7190811219632e-17
0,1.0167931271049772e-18
0,2.5483438823289936e-19
0,1.6889077867180568e-24
0,2.5966810722749966e-10
0,1.9181624297856212e-17
0,3.40020763782526e-19
0,8.923213249637446e-19
0,4.107282560704996e-18
0,2.4844862557188222e-17
1,0.8786121142088689
0,1.777323556755746e-07
0,5.952028414197378e-17
1,0.4496168565036522
0,4.815302150730766e-17
0,2.622636839365215e-13
0,7.19595596742055e-08
0,5.001956436857661e-15
0,8.581106177011918e-07
0,3.005148699899377e-18
0,1.1217701300330631e-07
0,0.7692248996326924
0,3.866465780039466e-07
0,7.59700309181666e-18
0,6.180322595412529e-15
0,2.328731975012284e-05
0,7.017006477102838e-27
0,6.140448470371435e-05
0,3.838230999716916e-06
0,0.001069808502042767
0,1.1437317729557256e-18
0,0.5865688777727591
0,4.8841023417362387e-17
0,0.27589799688860744
0,0.0012038324409217999
0,0.00012396687436028574
0,1.5092639820938815e-16
1,0.999999258051347
0,0.24802020323978133
0,0.07915672255878893
0,2.7659888190426338e-06
0,0.824059690644774
0,1.3160556088913347e-17
1,0.39802889864831803
0,1.0513352583935883e-17
0,2.643657243296459e-25
0,0.21518101192447736
0,0.27116442373014726
0,1.985246013154906e-15
0,1.678474711898081e-27
0,8.399117418935916e-17
1,0.3337057069018906
0,4.269543081234845e-10
0,4.8383926855864945e-17
0,9.809256984737704e-20
1,0.9062000258911346
0,3.4727475391289457e-20
0,1.4387375594856547e-27
0,5.877655678984291e-07
0,6.701441368447972e-20
0,1.7068748057347683e-24
1,0.8659275822463419
0,1.9779291373210735e-16
0,1.2755983598279123e-20
0,8.116790464027862e-15
0,1.545860680768792e-14
0,3.536940603156098e-27
0,4.805118792903581e-16
0,1.3094440058191854e-06
0,3.7578993675529976e-25
0,2.3574378035272976e-16
0,1.2532647408227825e-14
0,0.00012897509017068803
0,2.677118352441023e-23
0,6.362861857479901e-17
0,1.8956220521593024e-08
0,0.2888862416606679
0,1.0571394700764518e-15
1,0.3729675075895853
0,5.4376566280590555e-08
0,1.0793032957270453e-16
0,1.9083105325615608e-18
0,0.28522320626874587
0,0.6014308005603002
0,3.5981592650131185e-16
0,1.1486060638529395e-07
0,4.939158678336447e-10
1,0.6688776328084549
0,2.6931981394090188e-17
0,9.479489483480228e-07
0,1.3276012106889375e-16
0,0.030469675461397172
0,5.391502253054873e-15
0,4.128067330010375e-18
0,2.4070034216960662e-17
0,1.9286298660624922e-22
0,2.6395324811976172e-27
0,0.21004197055761262
0,4.1107656890523843e-08
0,3.850536881388084e-06
0,0.3648801352599426
0,1.2868306902162001e-07
0,2.3771782225106024e-17
0,8.369415784412604e-19
0,0.2114174303136706
0,3.148761907074584e-19
0,8.630431541274391e-17
0,0.2016202224330509
1,0.6669871437445851
1,0.7523368954100026
0,0.019598571909627414
0,6.763839145187494e-17
0,1.2460284559466543e-19
0,3.065426950954631e-19
0,2.3855595340558072e-20
0,4.209160208942881e-16
0,9.688380898245033e-14
0,2.795981653954879e-25
0,4.1967747603690885e-18
0,1.7518149668228382e-12
0,2.931511064934441e-05
0,3.17496565940481e-17
0,1.3097277356660797e-15
0,1.0492183749703829e-20
0,4.060805826200244e-26
0,2.0346139766523388e-17
0,0.00040580534672155963
0,3.654387371911002e-18
0,1.6903595386835203e-22
0,1.5535893651770683e-23
0,9.128963221221501e-08
0,6.64505642815176e-16
0,2.611051064938045e-26
1,0.06896403720285595
0,1.1053356828107015e-27
0,1.247927013522099e-25
0,0.09515449841989541
0,2.4210701457923478e-27
0,5.850298728439789e-19
1,0.6432670140252604
0,1.0815381846502566e-16
0,1.985246013154906e-15
0,1.6453916178329002e-17
0,2.6320333528098678e-23
0,3.513041620724566e-17
1,0.339872580410687
0,3.6683619594314997e-20
0,0.31287236807229735
0,5.77306074352572e-17
0,0.11194358241648182
0,1.54636248829237e-05
0,7.451498710041286e-19
0,0.013684331835058308
0,1.878842776730939e-21
0,0.6273464056563409
0,1.54517176844627e-18
0,3.8268506180118694e-07
0,4.018078840491922e-18
0,7.309791269501391e-20
0,7.205142130457747e-15
0,1.9586173183364718e-22
0,8.353430378996858e-07
0,1.6313472385583973e-19
0,3.972959885055196e-18
0,2.6814660313301174e-18
0,1.5268182760015385e-19
0,2.033398352892328e-22
0,6.195736930587373e-26
1,0.5204813532926401
1,0.47736460447859014
0,2.1852782417278446e-06
0,0.0021226941746954097
0,1.1182717582521272e-23
0,1.1646723105140234e-23
0,9.318506700545842e-17
0,1.7322802559155706e-26
0,2.3881176753139484e-19
0,1.9505314230405542e-15
0,1.6262382205103164e-11
0,1.3139764981616626e-14
0,4.471579069191418e-05
0,1.694754898912701e-19
0,2.7000993677517537e-19
0,2.6880823709231895e-16
0,1.5260292024777206e-16
1,0.23299207834063362
1,0.8658882400578753
0,2.2906856031468933e-17
0,2.297995772601542e-06
0,1.8644219668604485e-19
0,5.7872072183705505e-08
0,4.5616271708256627e-07
0,5.8406658970266486e-05
0,0.08550704828705129
0,2.334218298628937e-19
1,0.8585989789173948
1,0.6325540834811276
0,9.91367588575786e-18
0,0.00024704196540713475
0,1.1993212481941384e-18
0,1.5062615413307922e-18
0,2.3340108679560696e-07
0,5.5195200349010486e-27
0,2.633374329668195e-15
0,4.232253708235753e-26
0,3.0981201588976854e-27
1,0.9901734785403921
0,2.754965188005473e-19
0,4.779758089419266e-19
0,0.7152266102106405
0,2.4573325822772054e-16
0,8.50711401147341e-05
0,6.683980447624473e-15
0,5.752171129787154e-18
1,0.574074874568515
0,4.279382474151839e-20
0,4.1773985574574515e-26
0,5.709412724628176e-16
0,9.75031175969797e-14
0,1.1482327535795644e-17
1,0.9999999996800768
1,0.23498175628328508
1,0.8674766227974279
0,1.0216181156878527e-20
0,1.134347326001784e-18
1,0.7396612309789798
1,0.44563621711774976
0,3.1200834547258654e-20
0,0.01956315061751606
0,1.4585762173410115e-07
1,0.6958496875040537
0,1.6068259995125017e-07
0,2.644153971651034e-23
1,0.2956435561664668
0,0.08270793872579868
0,5.1680341634094035e-18
0,1.8535719534829938e-16
0,5.35536378398953e-16
0,5.1262522738495376e-17
0,0.6925730906352896
1,0.23764644262766
0,7.913826808573798e-21
0,5.555830052325205e-08
0,1.6153933441521504e-17
0,3.9810656799820753e-17
0,6.216568061150375e-06
0,1.7973716492720575e-18
0,3.3301776286304628e-06
0,0.43803878687915837
0,7.477348495050702e-06
0,3.222280192892882e-08
0,0.32758113805690664
1,0.5965984489499443
0,4.043953806856987e-19
0,1.3239662433710664e-18
0,5.62773551890143e-27
0,1.557072355306889e-15
0,2.039444641488492e-16
0,0.4100971449846704
0,4.404221351148333e-18
0,2.5827193051531325e-07
0,1.648925232047091e-17
0,7.067665134160704e-19
0,0.004813415450581175
0,0.06848729041224311
0,3.450274568224093e-27
0,7.308334702240772e-20
0,1.5289099177969254e-07
0,0.4578760320104052
0,1.878842776730939e-21
0,1.878842776730939e-21
0,1.759544716177058e-18
0,0.00014703466884069395
0,9.702765948370874e-22
0,0.03272628378639235
0,2.7308012733289902e-14
0,5.804132734446746e-25
0,0.2833558058575173
0,8.316884533103177e-17
0,1.8517474667529382e-22
0,1.6829574061183341e-21
0,7.132402598928674e-18
0,3.1041835447331246e-21
1,0.671399472876307
0,5.61349848056721e-17
0,4.156900300091209e-07
0,2.3342323354496372e-16
0,1.2575894980768018e-17
0,4.140887657224943e-16
1,0.03323521580651447
0,2.3754400128335704e-27
0,6.546990545528253e-17
0,1.811834307527882e-21
0,7.96531600500595e-17
0,0.6199098224269268
1,0.8241050647383212
0,1.2264396340528651e-15
0,2.1699268239156116e-17
0,8.216810310363631e-05
0,0.1957478912120866
0,1.4201450630130283e-14
0,1.3487453804081511e-05
1,0.462442465997949
1,0.2805761211226603
0,3.704990122680498e-07
0,8.6380549224883e-17
0,1.712713626400382e-06
0,1.0603030698604263e-14
0,1.174885597893288e-15
0,2.3972981178420987e-15
0,3.00816048706162e-17
0,8.317008702773105e-15
0,6.78747926136467e-16
0,5.748231459700335e-08
0,1.8505267457470604e-16
0,3.849897365061849e-23
0,1.5670435396317733e-16
0,7.755173858716046e-20
0,2.7342953085712765e-12
0,1.189951369431672e-15
0,9.767925010029892e-10
1,0.3853412643996344
0,0.07886572837412988
0,9.601719225737527e-19
0,0.00010110830848729533
0,1.5275649571477081e-13
0,0.07604203775692599
0,0.0003376522903471959
0,0.028504864335453038
0,1.085038113079482e-06
0,0.00731563878032246
0,0.04626356858787085
0,5.114776018962168e-25
0,0.4359209781169747
0,2.5156058457818363e-15
0,1.9392202415894312e-06
0,1.5864857615453577e-15
0,0.05677062955940048
0,2.5937874248102487e-22
0,2.3754400128335704e-27
0,2.0327966358924676e-17
0,3.3846068391161253e-18
0,4.9088712469181826e-20
0,1.5732333418014152e-14
1,0.9619348055259448
0,5.210160982220884e-23
0,1.4764862602357588e-23
0,0.003532230801881456
0,1.3022770131063481e-06
0,3.37430667923986e-17
0,0.42461114291029756
0,4.563303243830177e-16
0,6.386569020186533e-07
0,1.2224712378003818e-20
0,4.202619216450719e-06
0,3.0084625689680823e-27
0,1.500133610032682e-08
0,3.3016908448749676e-06
0,8.817112050903716e-20
0,2.8608344176907007e-12
0,7.109998400217266e-26
0,0.18049637366595667
0,1.1270486980051623e-17
0,5.585311936261708e-07
0,4.3384630654362154e-07
0,2.655522101238026e-23
0,0.49691199093801264
1,0.8618723114664053
0,4.311315721530411e-25
0,1.7056500186430204e-06
0,4.173246560948367e-19
0,2.2378536687813136e-15
0,0.0008766126854505492
0,2.148004579807476e-21
0,3.3397223487090387e-18
0,7.331828780080609e-17
0,5.282924317350166e-25
0,2.678412456966745e-23
0,2.1256716045005847e-16
0,1.2271286733207578e-15
0,5.969021536813024e-07
1,0.7638910102128627
0,0.0005565556208221602
0,1.2782224003981763e-08
0,2.1720754901583535e-27
0,2.6009573410891704e-19
1,0.8149975218067493
0,1.4945960785241847e-05
0,2.0230769370588248e-16
1,0.8356967429250377
0,3.6470818724481654e-28
0,0.00016843352988253822
0,7.138128910319703e-16
0,1.3659141786524906e-20
1,0.014786224046858976
0,1.2188176401173472e-18
0,4.5035548110920667e-07
0,7.415232751642436e-26
0,0.00035448585981709933
0,0.41423310785390305
0,0.5229996445156421
0,0.023425690960366962
1,0.33423850096559343
1,0.7835206288079317
0,1.9951576788851046e-07
0,4.0499343249242844e-19
1,0.9999323144082178
0,0.000775027448922893
0,5.899514628952214e-18
0,7.590053941037856e-23
0,2.414946577185579e-21
0,5.861928228486311e-07
0,1.5518140267044816e-23
0,0.5836410702071109
0,3.105250750585893e-07
0,9.353324240741606e-16
1,0.5497934876417208
0,1.1860502699046133e-18
0,1.7257266307451945e-06
0,0.029201992350185342
0,5.904004651068192e-25
0,7.679491424903317e-16
0,2.8165356975089074e-16
1,0.0628480067476834
0,5.781584196931495e-18
0,1.4791705731558924e-17
0,1.7177272254761854e-23
0,3.134587254373113e-25
0,9.849715684758947e-16
0,2.7001947005346898e-20
0,5.725950192581143e-19
0,2.4663615171391172e-20
0,7.319619380701895e-11
0,3.9672334258376714e-15
0,7.707368597893038e-18
0,0.01000151665111395
0,6.1432544595504145e-15
0,1.6482456069758837e-20
0,1.4847647847676924e-17
0,4.7712447780726605e-18
0,5.835576913828313e-19
0,1.3868548583675227e-19
0,0.3579165443083073
1,0.4357234723103084
1,0.9726454950525322
0,5.575334534776714e-21
0,1.1677479584308302e-18
0,7.036998961795796e-20
1,0.4786586229337618
0,2.8035107105388366e-18
0,3.0532868205082134e-17
0,8.764324392917142e-27
0,0.2973002985035085
0,0.46977959635954425
0,9.656804219869219e-08
0,1.768171455182421e-18
0,0.045376982639760755
0,7.534146108176799e-06
0,2.7700798686530068e-28
0,3.2008206142928013e-21
0,0.48923761244426145
0,6.59796876123399e-16
0,0.0012615531194687993
0,1.120410700870405e-54
1,0.43733538500858027
0,3.6737916222448053e-23
0,3.927661858899796e-08
0,6.988117860907902e-20
0,4.574835627811571e-14
0,3.4325724129272094e-20
0,6.815193695379937e-06
0,8.545817586033152e-13
0,7.782966441956258e-18
0,2.757805733299794e-15
0,0.001808862301547645
0,8.568959368504625e-16
0,4.086285457360057e-09
0,0.42685370383310495
0,9.398241570670585e-18
0,0.2801867330790433
0,0.1563284951459629
0,3.06609352097418e-23
0,1.313404072120315e-06
0,0.053291670587552006
1,0.6442549058470766
0,5.115838168079866e-19
0,8.448310661991687e-13
0,2.8525771394808543e-16
0,7.864489336210445e-16
0,3.0649498121534887e-25
0,5.3008037495930345e-18
0,0.026455227622728318
0,0.0008435144618306989
0,7.114215158008e-18
0,1.8279718307768297e-15
0,0.027725075358605383
0,0.004367771845916734
0,3.5275646885952106e-07
0,0.804107546547247
0,7.956223435642548e-08
0,2.860586715266932e-16
0,2.001732089625673e-19
0,5.69676901278671e-17
0,0.00010901009389176389
0,0.0015211003212752046
0,1.029214766559967e-18
0,0.11951246707887873
0,8.582372483055303e-08
0,0.00915405005220895
0,8.966337976038606e-23
0,1.502578221327674e-15
0,3.4332066343110864e-07
0,2.7510915025585264e-16
0,9.131865753973486e-12
0,4.9794650176630864e-14
1,0.46916566215881156
0,2.7800948251564554e-18
0,1.502456340153936e-16
0,1.7319159897466802e-16
0,1.1213040342421142e-20
0,4.172453431703255e-26
1,0.9206611612295872
0,2.232217877157848e-19
0,2.133350996673194e-06
0,2.1494120767169908e-19
0,1.3830027230431863e-07
1,0.4608939985424407
1,0.05990894547500385
1,0.38941677963084903
0,5.221968851743354e-19
0,5.440211808973209e-14
0,1.870064208205879e-18
0,0.0018380905355076724
0,2.583732617561649e-05
0,0.31707885405052333
0,7.612769875447997e-08
0,3.336110342548006e-26
0,7.444142667796671e-18
0,7.235263660871991e-25
0,7.783214046902525e-17
1,0.8731088714597046
0,3.6193825432070044e-08
0,1.1148442258456849e-05
0,2.7466943030326725e-22
0,5.904004651068192e-25
0,2.691964388806654e-23
1,0.39278030928265956
0,4.2978559432913476e-21
0,5.755215740292058e-16
0,5.2352328553234975e-18
0,5.324367924604957e-07
0,2.3761280855077644e-17
0,1.3137082970668951e-17
0,0.6070676649449357
0,1.4167349878613212e-18
0,3.578140745010479e-18
0,0.014649440964078185
0,1.6797750633555521e-22
0,5.883477091222362e-21
0,0.652532728715331
0,7.438409350165288e-17
0,1.519449625824994e-15
0,2.9909855695820856e-13
1,0.41418188655144506
0,1.1101758680033816e-19
0,3.844751374502333e-12
0,1.811834307527882e-21
0,3.0062801325846046e-07
0,0.18993718450753597
0,1.9643775054335502e-06
0,4.877398870484129e-18
0,0.003356834577877119
1,0.48582669589422645
0,6.365781200199122e-07
0,1.6225643327418883e-14
1,0.4950466789827878
0,1.3165818312401898e-18
0,1.8232182715935706e-07
0,3.4024383329838115e-18
0,3.7652043623293066e-27
0,7.117010332556965e-16
0,4.352902748479582e-23
0,0.09578721718982894
1,0.5493896908635293
0,9.546927743093695e-23
0,1.3744627272334682e-22
0,5.54906493677565e-18
0,1.494947474042171e-19
0,0.20388326821625735
0,2.3908936217729344e-16
0,0.0029073354279183033
0,9.402964780798495e-08
0,0.01171084924862593
0,0.34051774677552715
1,0.45629846399044527
0,0.11387679886839992
0,7.827907935590389e-20
0,8.840292066905151e-23
1,0.6927055163812708
0,2.506167415366864e-17
0,1.7181838829910187e-16
0,4.53585640196508e-05
0,6.834536470376212e-18
0,6.4656548333011485e-21
0,0.12147087234176322
0,6.919408742934962e-08
0,3.022959179613693e-20
0,1.4427262531359844e-27
0,1.1753781634717934e-14
0,0.17206485174099648
0,9.186563661448724e-24
0,4.789101260574824e-19
1,0.28908288465916737
0,1.1180934380365095e-16
0,5.5613647968380225e-18
0,3.4225543104039305e-17
0,8.99947405881626e-19
0,2.5711882076479033e-05
0,2.0781067129110772e-23
1,0.4665538924271849
0,0.03088313332395776
0,2.413025597301396e-20
0,5.45968328053193e-13
0,2.0122105033324675e-16
0,6.179259919269691e-25
0,4.229926450403884e-18
0,2.0549630690508348e-20
1,0.3827728721001323
0,1.8339734539337967e-18
0,3.1424662693548126e-15
0,0.6446784014317645
1,0.2671298966151216
0,9.560377234758789e-19
0,2.7683481988608577e-15
0,0.38499425024371314
0,1.231281557805831e-05
0,0.3309920150226364
0,3.521433960717819e-07
0,0.5834854498329407
0,5.21111723486976e-25
0,1.393656593534255e-26
0,1.0362834125451519e-05
0,1.1877255180901354e-05
0,1.2231609881869622e-16
0,5.3206624360194415e-17
0,8.29740570240465e-18
0,0.048830207405145126
0,0.37799574947551573
0,4.3178809819276334e-26
0,2.02900166003625e-23
0,5.275650274854702e-17
0,2.41703245451758e-16
0,8.903916730640522e-06
0,1.266100358880102e-07
0,2.8863311103182466e-06
0,1.1805522761084954e-18
0,4.822347285092457e-12
0,0.00013707534706505542
1,8.76987670620069e-07
0,2.3463853898254274e-08
0,5.8548611679181355e-05
0,9.274191536558214e-20
1,0.9012443557100985
0,5.187953536423588e-27
0,0.4753736824935788
0,3.2559919628532893e-21
0,8.039594094994443e-08
0,3.2824354230553512e-18
0,0.17957503978701733
1,0.6566745164794948
0,1.2380109294968785e-16
0,0.002820832651862793
0,4.237331649099054e-19
1,0.5596763965088397
0,3.01353166391816e-16
0,0.002568916498649825
0,2.616637912802209e-21
0,8.983509466617498e-07
0,5.641077545117714e-05
0,6.7701211745656165e-18
0,1.233798904516556e-19
0,3.301624242879681e-19
0,0.9038047336135715
0,8.817430935856916e-26
0,2.75629484980816e-06
0,3.841361565928681e-16
0,1.2343011404721103e-16
1,0.9410539005130164
0,6.773858899712564e-18
0,6.08125649838245e-25
0,1.0926612796536186e-16
0,1.807693619630366e-05
1,0.723794842730767
0,4.145416325730169e-07
0,1.3743571280268078e-21
0,0.019194406005555286
0,3.4091983279403767e-19
0,5.900916089817793e-18
0,4.2906921111993665e-27
1,0.3132403127455601
0,4.2076652652560004e-15
0,8.371919751500545e-17
0,4.972572299052721e-08
1,0.4044495622471734
1,0.32007091171319435
0,9.144995034899705e-18
0,8.61729860542749e-20
0,4.353959133809316e-15
0,0.30106312130926915
0,1.2502856337967234e-18
0,3.2993671924414298e-18
0,1.8654809942460498e-19
0,6.427022442281102e-25
0,1.3238461650437213e-15
0,2.8286904746169895e-23
0,5.465295540507531e-19
0,1.0995168855594391e-16
0,3.1823869165478376e-17
0,3.163132249018658e-17
0,9.609476279258162e-19
0,3.911134606833926e-05
0,3.2335021217690397e-20
0,4.388410758534278e-08
0,8.776229302168688e-16
0,2.6903293659028396e-08
0,3.4724216536679027e-19
0,2.7145157890442757e-16
0,0.2634906048970875
1,0.02704942587107514
0,2.6026509449475505e-20
0,5.198024361632939e-17
1,0.29553471674413967
0,3.288892937955386e-17
1,0.2913631006443907
1,0.35782386306900416
0,8.921734331552873e-24
0,1.9654356056064098e-20
0,0.00602715289453539
0,1.6969215908314693e-07
0,6.219128424101181e-27
0,3.336110342548006e-26
1,0.11703949499396513
0,3.994404392142767e-19
0,0.08134403239286417
0,1.7584901344344097e-15
0,5.281430934365388e-07
0,2.437561032324042e-16
0,1.123583095515071e-22
1,0.5974393173213282
0,2.4606653351141087e-14
0,4.269543081234845e-10
0,2.594042083067473e-16
0,1.6028688160413463e-18
0,2.8830592352660304e-17
0,1.7748520490751657e-17
0,6.135788005224744e-19
0,1.6816433263563423e-05
0,0.0016290789901537107
0,1.3666518238976829e-19
0,9.100123100470691e-16
0,9.258522802937134e-24
0,0.4692079950171294
0,1.065867107944764e-27
0,7.454150663387204e-17
0,0.4302096119818578
0,2.192674232969368e-27
0,1.1900325130347164e-15
0,1.2354414413278777e-19
0,2.9441730166604035e-19
0,0.06735476541755665
1,0.5870287612514927
0,3.866568769829288e-21
0,2.7668229723046975e-15
0,2.653875302725345e-20
0,4.1862545933875916e-24
0,2.6231462522982466e-13
0,0.5854896177889206
0,7.755173858716046e-20
1,0.3346286545147198
0,1.577797858600409e-16
0,5.499576341969602e-16
0,2.963393734180141e-20
0,0.00010921540893202437
0,9.877965979054428e-21
0,0.011635249572439395
0,1.9989544434945424e-15
0,1.0811879696524046e-17
0,1.4668673635729828e-15
0,2.932192608951961e-06
0,1.4467346508089978e-17
0,2.4307610380650377e-17
1,0.5203472520313885
1,0.32781029593657723
1,0.7972550028791128
0,2.177271134653361e-16
0,1.5625338940770708e-23
0,1.3743571280268078e-21
0,1.5920859335960038e-20
0,3.1722686247336045e-14
0,1.95474098192378e-16
0,5.2571154138960465e-17
0,2.422492131248682e-24
0,1.1562898698097266e-26
0,2.8272326966327526e-15
0,6.677958330685782e-18
1,0.7923899847913369
1,0.6991156927376491
0,0.00031621115430859677
0,2.2448817112540404e-18
0,0.0010736245601964919
0,2.243473589166424e-17
0,0.05774571883072694
0,0.020305737197617517
0,4.837627718779156e-17
0,1.785631260425564e-14
0,0.00017939400663090225
0,3.8335040598255005e-17
0,3.2559919628532893e-21
0,8.066961998705886e-18
0,7.001784297385007e-17
0,1.878842776730939e-21
0,3.681531564684682e-05
0,2.8644756563944145e-23
0,1.8070599746126947e-17
0,3.1686570239284783e-16
0,3.62304080422475e-28
0,0.7050707967003844
0,9.573718065614022e-20
0,5.222318514016408e-10
0,7.761447599097319e-05
0,6.206214247848479e-06
0,0.5974106861597951
0,2.9506151249759817e-20
0,2.5054572859342618e-25
0,2.4667660354099175e-18
0,2.3739190148402584e-06
0,3.85179632023301e-07
0,0.003814235607790498
0,7.479260732340756e-16
1,0.4999111892863825
0,0.00023530426309163635
0,9.789602852821205e-18
0,5.41908722868303e-05
0,1.1103363218685319e-26
0,7.550189419154723e-19
0,4.091724008638982e-21
0,8.468113220879185e-16
0,4.570940421214579e-17
0,0.0028964337784876957
0,1.0143701468225715e-18
0,1.878842776730939e-21
1,0.47119768383530114
0,7.660419741334702e-16
1,0.8865485612284639
0,1.8545705176824856e-08
0,9.502470751766353e-27
0,5.251944249199291e-14
0,3.3016908448749676e-06
0,6.736269813979406e-07
1,0.502021382823128
0,3.5902513519160414e-15
1,0.37958270769461067
1,0.760174851840003
0,2.3232693283379627e-16
0,5.933644776258967e-07
0,3.6792369324704356e-17
0,3.091121332464057e-26
0,2.9687379694078903e-25
0,4.1231232279033235e-19
0,0.6859515866337983
1,0.2560062279585288
0,1.5999929491693235e-23
0,4.2399258510592573e-17
0,1.8261453798672473e-23
0,8.228880037655289e-16
0,1.8890532350664933e-16
0,0.023986045903446922
0,6.315065381479124e-18
0,0.46013969559378143
0,2.4878265919582206e-16
0,7.518341357659415e-07
0,1.8083371225457586e-18
0,1.0186280545095488e-17
0,1.2284509664131355e-16
1,0.37387462273263283
1,0.7249315378086194
0,7.718433907869964e-17
0,5.341334000485915e-16
0,1.368615054373924e-20
0,7.887702376418704e-14
0,2.6562690584635327e-19
1,0.48018526460151584
0,4.617878918850139e-18
0,0.7195421441180295
0,2.9744244983159087e-17
0,7.071918404266744e-21
0,2.311508137307638e-19
0,5.225094773752561e-25
0,4.757420882817693e-17
0,3.3369837571481175e-17
0,0.42645579721532034
0,0.21933004620368354
0,3.137444014905095e-28
0,3.27517515498672e-14
1,0.6876048344149892
0,5.237728087731122e-17
0,0.007441438120587993
0,2.596234974807577e-08
0,5.788019679062937e-24
0,2.094863224502898e-19
0,1.3678833347195377e-06
0,0.0018374143253130045
0,4.8376033768939544e-21
0,1.3308143981596189e-17
1,0.3265422569215627
0,2.4435502091895347e-27
0,0.27905134522284875
1,0.46798088326577136
0,2.352958943492947e-16
0,4.664973481551869e-15
0,4.9794650176630864e-14
0,2.1033581490975146e-05
0,2.899766785192502e-25
0,9.98827543377098e-13
0,3.571864018634004e-17
0,5.522605374910528e-12
0,2.296507664458459e-18
0,3.397501946127593e-21
0,1.4166265514728659e-27
0,3.6384417980668865e-16
0,0.26269602896861177
0,2.148004579807476e-21
0,7.246164554383046e-06
0,4.3833274762629964e-17
0,5.848459050464543e-20
0,1.9613966654880136e-09
0,7.755173858716046e-20
0,3.712839658877024e-07
0,2.804200650419531e-08
0,6.255467334546417e-20
0,5.691801333770934e-13
0,0.000738104720797638
0,0.00019183037806048183
0,2.4294440826723665e-16
0,3.7478528337730395e-15
1,0.6247296438329083
0,6.434501447112682e-16
0,3.2559919628532893e-21
0,8.836594177512234e-18
0,2.9435563588667215e-18
0,8.530303488185155e-18
0,1.4326737345764104e-18
0,1.469276739696703e-24
0,7.90237618747125e-15
0,1.563988951835135e-08
0,4.208819012000949e-06
0,4.772909393320138e-18
0,2.1276809905554035e-16
0,1.1603285642232786e-25
0,4.0320790147099535e-07
0,2.2797232636158784e-21
0,0.0012682390723073751
0,0.3715440165517314
0,0.4312453419312286
0,8.759243064665062e-18
0,1.314591664374929e-07
0,1.1135950647311328e-15
0,4.0629389377379814e-16
0,5.9251306156667055e-18
0,0.10802453972315472
0,1.3842666475654524e-07
0,3.970585644876053e-15
0,1.971984842673204e-15
0,0.2532005661452772
0,3.0236321590304042e-05
0,2.109249072146604e-06
0,0.4096012246085153
0,8.678773071660754e-16
0,2.3413094596239673e-06
0,5.020914861827287e-16
0,7.216562125575404e-20
0,2.8336506035480123e-19
0,4.070541330590092e-06
0,1.2413393646462835e-05
0,9.546927743093695e-23
0,1.4826754937741741e-19
0,7.00496695898143e-09
0,2.8404089808324345e-08
0,0.000997455952807915
0,3.174190222307851e-21
0,1.8809026156362436e-17
0,9.595694567989462e-26
0,3.8454871357747553e-13
0,5.788019679062937e-24
0,1.9125422407522657e-05
0,1.5477137505315187e-22
0,1.4004377613953903e-16
0,1.0334355796476396e-18
0,1.198128422935916e-06
0,2.2244399386100498e-05
0,1.090746615029948e-18
0,5.690162920937815e-22
0,1.1455796258846241e-15
0,2.53744534763904e-07
0,0.00011740261652210866
0,0.08712365939406583
0,1.2037866258173816e-16
0,3.2559919628532893e-21
0,0.02055089495479309
0,1.3743571280268078e-21
0,8.073413981360711e-21
0,1.8450302951950388e-17
0,5.197206382079324e-10
0,1.314569251431118e-22
0,8.312504952300415e-19
0,7.83348771426249e-16
0,5.39254063771442e-19
0,6.059750645525449e-16
0,3.1019010402063314e-05
0,5.382546045028465e-07
0,0.00031621115430859677
0,0.47545631264390614
0,1.7617245664975054e-14
0,2.8475869041689236e-25
0,1.5639187052157153e-22
0,1.468919618655947e-26
0,1.8324317593815493e-06
0,1.1078350848489889e-24
0,0.00017135653938516376
0,2.6691175532091893e-16
0,3.450274568224093e-27
0,8.156606141485404e-24
0,1.9659953391786443e-19
1,0.6495478858632211
0,5.2519442491993474e-14
0,3.297047127156533e-24
0,8.274208876998772e-16
0,3.3389898577079573e-18
0,1.3861227723419712e-20
0,0.04359023648989585
0,4.309919794214581e-06
0,0.0007017973551393292
0,1.1555500482904697e-06
0,2.4588211408103942e-15
0,1.7922824608820734e-18
0,5.823171519683479e-15
1,0.5194492039868613
0,1.8135483345057585e-19
0,3.4286560889989915e-20
0,1.9945729058680058e-25
0,2.4768837031356145e-17
0,6.82787390578089e-07
0,0.0029965791283026308
0,0.34827778891032224
0,1.5958054456061402e-15
1,0.9568396098650662
0,1.2751400499003782e-06
0,1.793298233690702e-19
0,2.617623964006339e-24
0,1.7711937059022444e-16
0,1.64913928912393e-19
0,6.314127309835908e-06
1,0.731183453641811
0,1.3129979202045411e-06
0,0.6639176269623412
0,3.797586970887637e-21
0,8.578642539026749e-19
0,2.7691549719043946e-21
0,0.05745990182853055
0,1.6574928204696304e-17
0,0.4081522155035276
0,1.0018024047379223e-19
0,0.0004301146207025592
0,9.390855311321143e-19
0,8.25260019185656e-21
1,0.9210527366123432
0,0.002389567850134809
0,6.920034864906795e-18
0,6.686073937372635e-12
0,0.0007759595545403134
1,0.5108285935057482
0,7.716113426398656e-08
0,6.321809794022343e-18
0,1.7078943976322522e-19
0,1.2533365805521169e-06
0,3.0418117732734805e-07
0,4.945978541823816e-09
1,0.2616372923689509
0,0.3335909203773637
1,0.6977976574890802
0,1.383276732391201e-16
0,1.2737663768790802e-16
0,0.27526636100220686
1,0.8219458286317013
0,5.805527136177201e-16
0,6.947473133975712e-06
0,2.8415642665986024e-07
0,2.8414355149401344e-18
0,2.3359678037750355e-16
0,2.036439506917065e-05
0,6.170476757787301e-17
0,0.00012174371085347862
0,8.761816589259216e-07
0,1.5191564906256036e-06
0,1.059536825568603e-18
1,0.5336996341628534
0,0.3977315495810619
0,0.4608435253629137
1,0.2456578336605691
0,4.0962893018564284e-26
0,9.401363554370194e-05
0,0.0028327552420846984
0,2.3217811671270105e-25
0,1.3377469274432893e-17
1,0.5865826698804446
0,0.33564147781846004
0,7.05777678152523e-16
1,0.4036187420936817
0,2.581031716852114e-28
0,0.32789004339818645
0,0.6318258761091757
0,0.23821629195312588
0,2.6126904958364932e-21
0,3.9355718457745655e-24
1,0.41583884167907165
1,0.43461512123475143
0,1.9775811374497007e-18
0,2.890311870641352e-18
1,0.19732047020475796
0,6.16426330997556e-17
1,0.6793580542567941
0,0.00027474198445574187
1,0.39704494386644146
0,3.0504300883816677e-19
0,4.7773357513752994e-14
1,0.5918420327984282
0,6.361328458400945e-14
0,8.228237579943771e-16
0,4.898279549198895e-19
0,0.17352673595847148
0,1.975389163156568e-07
0,0.004625831966172862
0,0.4982981626056026
0,5.7150924711516e-15
0,9.714547914398987e-21
0,2.3056060687552966e-05
0,3.0566429979688926e-08
0,1.75465485257098e-19
0,0.10604772688376259
0,2.148004579807476e-21
0,0.12063727989775462
0,7.00496695898143e-09
0,5.114776018962168e-25
0,1.1919019076809428e-15
0,0.35219714169570016
0,6.474857064705959e-16
1,0.6319952651317929
0,1.5297596964775417e-17
0,1.6262382205103222e-11
0,5.4547944510757665e-18
0,1.5187094998695313e-22
0,0.16553357844059155
0,0.3049467905471629
0,2.586102379336718e-16
0,1.9865322902530286e-16
0,3.4734387165842476e-19
0,1.0479048732136108e-27
0,2.426527113444993e-07
0,4.045333273226704e-06
0,1.0530564124260581e-20
0,1.2222566211349481e-17
0,2.484359737564879e-21
0,1.878842776730939e-21
0,2.67883490190594e-23
0,1.4703575838326848e-23
0,0.4303814553920937
0,0.3191375017800745
0,8.301750267214052e-07
1,0.3918042961599251
0,3.0661767431875063e-15
0,0.00027680928692981117
0,0.006488661704131647
1,0.6513200222969122
0,1.1597229982133932e-16
0,6.571066549734956e-19
0,0.578065647299245
1,0.6400177166123762
0,0.0009794039675570878
1,0.3892339905255943
0,3.844751374502388e-12
0,1.916637669294453e-06
0,1.2794602613403691e-06
1,0.7290318266796558
0,3.3126789542720614e-16
0,3.754220626359918e-16
0,1.3154311824535639e-13
0,7.573755120355594e-18
0,1.7492694228887454e-16
0,1.844153386073606e-19
0,1.820147463104195e-23
0,0.000946170417495663
0,2.3459455257236924e-06
0,1.8145627534053227e-16
0,1.333474949621536e-15
0,1.9765203982092235e-19
0,1.15873759639032e-15
0,3.113638244296447e-17
0,9.744600290383722e-15
0,1.087841592540616e-06
0,1.8595722774276122e-06
0,2.679530674238857e-23
0,7.859195683834847e-15
0,4.549063498091065e-19
0,2.492212656296005e-28
0,4.0545087715063116e-21
0,2.3271355403555155e-05
0,8.778809889392305e-13
0,5.265028650085336e-16
0,0.04053414783078907
0,2.893739316665422e-14
0,3.3699281687044013e-06
0,0.005203543063712441
0,0.10142880813428184
0,6.972056791120054e-13
0,0.007645811533479014
1,0.8743336536949282
0,9.15245557584963e-08
0,2.8898380137031215e-20
0,8.971612648508277e-23
0,1.7273323899606885e-16
0,2.6938102516370345e-20
0,2.878453482342449e-20
0,3.0631257759992026e-18
1,0.4148429044273996
0,0.0010284379154520075
0,0.0022789641114270625
0,1.0052657634625258e-17
0,0.2096335674347843
0,2.6773309816930803e-17
0,0.0074474580338692795
0,2.5234419852068065e-06
0,0.4434669553024441
1,0.4721148119244441
0,1.214429360707483e-21
0,1.6435825459728676e-15
0,8.024830642114094e-17
0,3.1503551943184833e-19
0,1.4289483244437533e-18
0,3.0380119785863873e-19
0,5.9849993809520844e-18
0,1.1913972466201593e-19
0,2.0706083735037062e-26
1,0.8527882848975629
0,7.582014416329313e-18
0,3.865241335597706e-27
0,0.005983392042073409
0,1.6306913365846493e-07
0,0.07278790034695264
0,0.0017681819223722257
1,0.6899162835535252
0,1.4191475071317092e-08
0,0.5730776330468651
0,9.0541024727046e-18
0,4.8035374290750936e-27
0,3.911134606833926e-05
0,1.1304100181994333e-07
0,5.827589066058744e-07
0,9.704999552694967e-05
1,0.33855514747303056
0,1.939819336529732e-20
0,3.388638756965106e-23
0,2.1881170960353283e-07
0,2.2677398671820064e-06
0,0.8220294284760099
1,0.6315889912400184
0,0.38504520173779055
0,1.5247204403175858e-19
0,5.0921055701670506e-06
0,0.5561048328624029
0,0.5144275696138023
0,0.32989068068438704
0,6.040276911009006e-19
0,0.29292215051841397
0,1.5444541902151733e-16
0,1.0762278304111962e-19
0,0.4369701168106501
0,0.005701474057092261
0,1.8960706773603032e-22
0,6.907189181605979e-14
0,1.1373712854990608e-06
0,2.4018071256903614e-24
0,3.2674634899084328e-18
0,4.525450219596364e-12
0,6.246344521602827e-19
0,7.326826931201083e-13
0,4.840332833016006e-22
0,1.6732419798312438e-20
1,0.5095898049489216
0,0.06282824484193472
0,5.753617349056656e-06
0,3.131930187833911e-17
0,1.2194920876683378e-18
1,0.4821635879382838
0,2.470574406683324e-16
0,8.120871293291091e-05
0,1.2777935341295736e-18
0,1.0841039403142633e-15
0,0.31455466708768404
0,0.20169894923031023
0,4.846725452495957e-27
0,5.850882321761817e-17
0,1.5592892495076396e-23
0,7.119516557364233e-17
0,5.891265686556883e-26
0,1.2877556422114221e-20
0,0.37472987774088584
0,2.680760065805788e-15
1,0.7904641607800307
0,4.4577784234778226e-27
0,6.564060062280057e-05
0,0.09089044136672605
0,1.8214416596021312e-23
1,0.43154864931566717
1,0.12077261743830947
0,3.0950304356831305e-16
1,0.4651230393791166
0,6.508077618038312e-27
0,5.36516143965662e-05
0,2.942312455152379e-19
0,1.1910327735893485e-17
0,5.159998581560221e-16
0,2.5884550579797782e-05
0,5.654752395686152e-17
0,1.8383671846620316e-05
0,2.629598825843516e-19
0,1.6362210573054602e-17
0,1.8721986539711354e-17
0,2.8414502394685063e-16
0,2.3114938865195177e-16
0,1.5226368104380294e-15
1,0.7256852595374904
0,5.0887112882805645e-20
0,5.345003345325421e-19
0,0.0008394250973992968
0,2.1733686636523793e-05
0,1.5430653631246238e-05
0,2.6131493268387927e-08
0,2.3416510492633936e-20
0,3.411493982907014e-26
0,3.9551246075899636e-14
0,1.352725996221183e-17
0,0.16441344284014917
0,0.0015680042554377955
0,2.556251678416102e-20
0,0.31748389924903786
1,0.5790165282868834
0,0.0003324430267115952
0,2.8420270619189615e-19
0,5.04245707821797e-05
0,1.878842776730939e-21
0,1.1173955564213707e-24
0,3.080151805909231e-17
0,0.0003028390002345685
0,1.1879567413967525e-15
1,0.6112032197356433
0,2.519342514004326e-17
1,0.8358650437903948
0,0.00014735976591733746
0,6.772951810643494e-07
0,3.338392889562508e-07
0,0.3318211303438269
0,5.4465543989912605e-18
0,3.755123956632898e-17
0,2.7531112717954856e-18
0,5.507428707546173e-17
0,7.366387203139246e-16
0,7.00496695898143e-09
0,6.907905777281517e-16
0,0.4193628065371394
0,0.7867649888115686
1,0.32166704910491983
1,0.2985143623522493
0,1.4940319638812784e-17
0,1.8425743032524218e-16
0,3.855114160014958e-15
0,1.0339602986988579e-14
0,3.5229895257479483e-11
0,5.271588441471203e-17
0,2.8408032204884114e-20
0,4.906172691585763e-19
0,3.672148334820854e-16
0,1.3345909546506905e-15
0,3.3867154709637873e-18
0,0.04249473914783173
0,4.711088357157808e-07
0,3.534950183252003e-17
1,0.3799362509058019
0,0.552381007747141
0,2.430834931745683e-16
0,1.3397767530363282e-19
1,0.7321676447787748
0,1.7034929630979967e-22
0,0.28513370068665794
0,4.269543081234845e-10
0,1.0283702939383916e-27
0,6.304648059990574e-07
1,0.22858356750786027
1,0.36045556387445526
0,0.14621034174619288
0,1.767763229865546e-14
0,3.668418845791096e-27
0,0.4947019940102104
0,1.3725657698735674e-19
0,1.276827853316812e-16
0,0.0017089323653687678
0,6.399036432769648e-16
0,1.1904426526333796e-17
0,4.600298791533512e-06
0,7.26266347618063e-17
0,3.8505368813880775e-06
0,1.7770196150546833e-25
0,2.3886335935474892e-20
0,2.8177085091709753e-06
0,0.18883081930343043
0,4.278832241470862e-24
0,1.783139252261003e-07
0,1.2672069396042413e-06
0,0.5078805287159157
0,2.322702604341882e-19
0,2.903906423379376e-07
0,9.206253561646165e-20
0,1.4899756056359726e-07
0,1.218505227146922e-22
0,3.166538375472482e-14
0,1.7715945894075997e-27
0,2.049174944935743e-19
0,2.745748033940995e-16
1,0.8047060678057166
0,0.3329655850334119
0,1.6985817225871271e-16
0,7.077530874393558e-07
0,2.9687379694078696e-25
0,6.507865972106774e-16
0,2.7755725229698147e-24
0,8.778809889392305e-13
0,1.9423937373180933e-06
0,0.1374632387663692
0,1.7775028700462037e-16
1,0.188880243060264
0,1.0881946214846548e-17
0,1.775399254978472e-18
0,2.760996225120985e-20
0,1.0950226738700252e-18
0,1.2273624161989613e-07
0,4.50970597847753e-14
0,7.411077126368326e-24
0,7.634355876993492e-23
1,0.32807766751593104
0,5.800991370828804e-06
0,5.936297770255855e-16
0,9.770225757307932e-19
0,1.1389914642809705e-06
0,1.8685866570206187e-18
0,2.712997897775319e-19
0,2.2087584148721293e-19
0,2.279521739886439e-27
0,7.909663532205384e-07
0,1.0226355473984673e-05
0,1.1769660943720998e-16
1,0.4953598312583651
1,0.6870484390286694
1,0.08563440950991753
0,4.628160449140282e-17
0,3.342739938012558e-17
0,1.4671286341863854e-19
0,1.17522408136609e-16
0,0.012656256881161005
0,1.415964474503502e-19
0,0.11209719636211823
0,4.416577845705121e-22
0,0.026030397761435998
0,1.811834307527882e-21
0,7.670467965406618e-12
0,2.148004579807476e-21
1,0.5009833519380232
0,1.5834948400309043e-06
0,0.1848923202516504
0,0.0017805889894315311
0,0.18454118091103794
0,3.052352852099132e-27
0,0.3186631096254883
0,2.4002148168428097e-05
0,0.002465266283549124
0,0.00751263112935229
0,1.10333849966499e-19
0,4.0365627842327097e-10
0,3.7554243064448505e-17
0,1.7830366677912516e-07
1,0.4107647325467325
0,1.6205466310621936e-18
0,3.3016908448749676e-06
0,6.795976100590197e-20
0,5.775404566879236e-17
0,7.792314343596195e-08
1,0.44642457647860606
0,0.19775051049585404
0,0.3135482234887302
0,1.8085692045013735e-15
0,0.5711153144178218
0,2.9321635296216682e-25
0,0.09434787916390064
0,0.16133333670276054
0,0.42590028810656483
1,0.6183200148759808
0,1.0890210965803037e-16
0,1.9475283753938303e-15
0,7.32001114312854e-15
0,0.09559167420523236
0,2.5019250678708242e-05
0,0.03405517276150803
0,3.335919286561896e-21
0,8.533901063075192e-16
0,1.2480941030659747e-27
0,4.602307108305245e-27
0,1.3211888143074674e-16
0,1.0071462921776252e-19
0,6.632617812581659e-18
0,2.739435745576296e-16
0,3.206171825945838e-21
0,5.324367924604957e-07
0,1.2426052052996847e-20
1,0.9966025349153115
0,2.804200650419531e-08
0,0.016380045141457383
0,0.3911020185212522
0,7.021332853736896e-21
0,1.0389506735927909e-17
0,0.0007078805766155595
0,2.913164786822868e-16
0,0.0015860623650085384
0,3.0981201588976854e-27
0,1.7970031221817387e-05
0,4.068546115272274e-14
0,5.710595799604135e-16
0,5.903381550793252e-18
0,4.060805826200244e-26
0,3.40821357032259e-16
0,9.433874335646956e-18
0,5.792626772736022e-09
0,1.0963087333905307e-25
0,0.4202449276346503
0,7.592816479098159e-18
0,0.00855169979918194
0,0.0009869161900262465
1,0.31095433488456453
0,0.21760202871658232
0,4.0676552307936346e-23
1,0.5231134855096331
0,2.423365134872126e-11
0,1.2981672930127077e-07
0,5.656861600870662e-16
0,0.16516274674533143
0,3.149267253330409e-17
0,6.700876130012652e-24
0,2.8466233311997883e-05
0,5.821990605041216e-10
0,4.063309498777136e-14
1,0.3907543635290616
0,0.029834036042350666
0,1.122829636772773e-17
0,3.602951494819968e-05
0,9.065892523230774e-15
0,0.0003727812055725414
0,1.6771313092890868e-16
0,2.1237530496894686e-07
0,1.2430099836682892e-25
0,0.002684037081702978
0,1.9566106660440386e-08
1,0.4435429802411112
0,2.224693314527227e-20
0,2.2815626523238416e-18
1,0.5005366458963334
0,3.335919286561872e-21
0,4.5817470410040895e-18
0,3.0944761699036784e-19
1,0.20988399687647993
0,8.079342863359942e-08
0,8.022631642807093e-07
0,2.4886158871471963e-07
0,2.0337210622571826e-26
0,1.6667450427416789e-19
1,0.06712514808798122
0,2.6179542867216323e-17
0,3.3629966957081417e-15
0,1.7988687785516631e-06
0,2.6145207208410747e-23
0,2.950380711685672e-21
0,1.2936157129889187e-13
0,1.6969215908314693e-07
0,1.69698343776526e-10
0,1.783612894815365e-05
0,0.008532005088838668
1,0.21914801355431743
0,1.7793184383131993e-05
0,1.2115967493229721e-06
0,2.9115139024255276e-20
0,0.09626186649973954
1,0.515974694105271
0,1.217928736148223e-06
1,0.44668459293154666
0,5.2779614472990526e-17
0,1.6683631968859708e-23
1,2.4373200476723615e-06
0,4.778534334517809e-17
0,1.696725804866195e-18
0,1.6982756906665146e-07
0,1.2167858500033877e-15
0,9.105447850384692e-08
0,0.2280042108935306
0,3.0959563825061365e-06
0,1.0697028366708353e-26
0,2.148004579807476e-21
0,2.2910924951198973e-15
0,1.1505852282307684e-19
0,3.588772376533366e-19
0,0.444434931092633
1,0.6983932487498905
0,5.332447671056911e-16
0,5.871819519964649e-18
1,0.8795924338268405
0,9.658494159594879e-19
0,0.25390024052098803
0,0.1774967841272876
0,6.792092149196046e-21
0,2.718721917190721e-23
0,5.497269723949307e-19
0,8.919558995156625e-20
0,4.1116700580287813e-25
0,3.208935513244853e-22
0,8.975251461069286e-07
0,6.126047647500912e-19
0,0.48480320493975493
0,8.991789707214134e-18
1,0.668649450771807
1,0.9999997832244761
0,1.0011681585545823e-17
0,7.043573017532581e-08
0,3.845215973510318e-23
0,3.705140405780634e-20
0,0.030462979806420598
0,1.5028918016851476e-17
0,3.4758875004588096e-26
0,3.400669452490907e-23
0,1.979355793466875e-19
0,0.377682686280472
0,1.4361209765749926e-18
0,4.3083277984345124e-24
0,2.773333564817128e-16
0,2.41703245451758e-16
0,2.0422158575263873e-27
1,0.5172566801110835
0,0.008801092521438314
0,6.072150159966286e-19
0,2.633840279794199e-26
0,2.9992635879621424e-08
0,5.875248842193893e-07
0,1.916637669294453e-06
0,4.0671475977545734e-16
0,6.298021249337121e-27
0,5.844423809256053e-27
0,1.5537157189784954e-21
0,0.03542253914198013
0,1.4018061748630483e-18
0,9.12106480492143e-05
0,7.474511168728306e-18
0,1.878842776730939e-21
0,8.607392608504167e-08
0,8.965331221003912e-18
1,0.19709323439956256
0,1.1121934713328637e-15
0,1.2685368419268252e-16
0,1.0301427139856627e-14
0,3.6473964979156416e-22
0,1.8708956822794294e-18
0,0.0009537337779176713
0,2.1956268127958297e-19
0,0.020216202663285922
0,8.101775475109325e-19
0,1.2779633633142165e-17
0,0.021264617323775745
0,2.322220594924088e-05
0,7.181503585384664e-19
0,0.0027011191722161915
0,1.8138980560135245e-18
0,6.664110166982106e-20
0,4.062159451994365e-17
0,1.0648190770211572e-25
1,0.41657780075822426
0,0.046961974537241595
0,0.5079341746635607
0,2.080230809713355e-19
0,6.57495327856736e-17
1,0.4294915005371057
0,1.0237654138193902e-13
1,0.4808119744667482
0,5.6017158180391094e-18
0,3.2529208795949657e-23
0,6.49895583043721e-18
0,2.5716458902294838e-17
0,1.5800270159352913e-19
0,1.878842776730939e-21
0,4.763048481251422e-19
0,5.4462014803336984e-05
0,0.20623616114688967
0,5.048874122821941e-22
0,1.144108586380697e-16
0,0.021438495120820092
0,1.1502813326045844e-18
0,4.262012654415067e-06
0,0.0004378781604231984
0,2.2098335945306107e-05
0,2.0321141084582158e-17
1,0.6801261911237807
0,6.231640327078669e-07
0,2.7994432639418324e-23
0,0.6178065524455536
0,5.408944143005143e-17
0,5.537907802811409e-19
0,1.890091349853483e-19
0,0.00017845711228356702
0,0.21913575927233492
0,9.202898993701796e-28
0,6.471790205918184e-18
0,0.29808020066502244
0,2.9500776624190216e-09
0,0.0033692984946936044
0,6.1132934334218265e-18
0,4.365021135471228e-15
0,1.1436868302492786e-08
0,4.623146516722068e-17
0,9.276496736125035e-19
0,2.132025869498306e-19
0,3.1489451387025716e-07
0,3.316212624123913e-07
1,0.9539613351128646
0,0.39299239073378445
0,1.1086558938270176e-15
0,0.7270031522741099
0,0.14369471512840012
0,1.5223692974491551e-27
1,0.28643913382800495
0,0.23303422739318636
0,2.179519734169758e-19
0,4.714904559835795e-15
0,6.828490995076993e-14
0,0.31041548242879136
0,0.07638291148179441
0,7.012529741109597e-08
0,0.24594664862517515
0,0.00033765229034719645
0,0.3506710887397744
0,0.4017066120081687
0,0.15756422441832427
0,1.290416327391727e-07
0,9.921006300185008e-19
0,5.3051318549300736e-18
0,2.09694363163987e-07
0,5.824411161289044e-15
0,0.02777046208794492
1,0.8464751964319548
0,2.582653297562099e-27
1,0.32567501224145023
1,0.7204239343928458
0,0.0013157825428244529
0,5.1410579415292384e-17
0,5.0178357431238095e-20
0,1.571099270828467e-06
0,0.16551218380550414
1,0.028947879219709968
0,7.497705853780264e-28
0,0.4223393940623345
0,0.0930462027980527
0,3.759313505708361e-17
0,0.07538687478977624
1,0.25460150386958846
0,8.159533114361528e-16
0,0.18092046320276947
0,0.008028591281011908
0,2.7291160305026874e-21
0,9.38592401286988e-20
0,0.8067078074421721
0,1.0652448586322797e-19
0,2.2394135625047215e-19
0,3.3062085328755574e-18
0,5.225094773752599e-25
0,1.7437555853241175e-19
0,9.700220200534213e-18
0,8.248793321886532e-16
0,0.00012516932970638446
0,2.819337398407824e-24
0,7.304425452218511e-15
0,0.0001987724735839721
0,1.2896880548598842e-08
0,2.816952199311162e-06
0,0.15703269567853306
0,1.4398056300435665e-19
0,3.8305789143806348e-22
0,1.247927013522099e-25
0,4.0500979703118764e-19
0,1.0939297575319077e-27
0,2.6960695305888536e-07
0,1.6688052549338298e-08
0,4.757403414006462e-07
0,5.66591216207988e-18
0,9.761370292964985e-18
0,2.1628138873836228e-17
0,8.854532441757165e-17
0,1.3389954157241026e-27
0,1.1516212384370328e-15
1,0.30036899768697534
0,6.507101894554192e-20
0,1.405234100424187e-16
0,2.9367815052263976e-26
0,1.5463624882923672e-05
0,9.664344882291101e-18
1,0.8202468679995821
0,2.2206264373156493e-15
0,6.823972768891341e-19
0,2.52128133639938e-07
0,3.251241681769261e-19
0,7.320339616284365e-08
0,0.00011000535208697465
1,0.7899566667155862
0,3.54446366835606e-16
0,7.755173858716046e-20
0,4.2451491970582165e-21
0,9.645637172652935e-18
0,1.6262382205103106e-11
0,0.6920870693699069
0,4.6655462463645113e-07
0,2.8062142671679233e-20
0,9.895517694269499e-21
0,1.743346049635692e-17
1,0.42751829236206096
0,2.544971010357082e-16
0,3.2758733577481915e-06
0,0.01773892065204513
0,2.5643482727203914e-15
0,1.5243913865691934e-17
1,0.0703603160775433
0,3.632285440973432e-17
0,0.041951442663852596
0,0.0004531282373546605
0,2.7788939443674456e-16
0,6.673930063735354e-23
0,7.467855189117056e-23
0,1.4567951559276223e-16
1,0.3851823066502087
0,3.774971149918505e-18
1,0.7518646163892341
0,2.148004579807476e-21
0,5.0140695119968966e-17
0,1.696095226431969e-23
0,0.47305927000818654
0,2.1418056542076662e-27
0,8.065095026554914e-18
0,4.391581113174699e-20
0,2.148004579807476e-21
0,0.3626236430173428
0,6.779857193189813e-16
0,1.633091468566224e-07
0,4.034300482301712e-15
1,0.6653392247541773
0,0.1854905125921954
0,1.614505450598364e-22
0,0.041326344660511626
0,1.916637669294453e-06
0,4.594825533023841e-18
0,1.704263392754127e-19
0,8.111158603363261e-08
0,1.2596057710422972e-17
0,7.497705853780264e-28
0,3.800432255029173e-21
0,4.510510001176339e-19
0,4.1396475278413923e-07
0,0.00040251356108862447
0,3.374940239482008e-28
0,5.733568963101492e-17
1,0.8035058481330726
0,4.603628839413405e-06
0,2.7360063847761384e-17
0,0.002980194723503654
0,1.8831021776477407e-24
1,0.9999999996800768
0,0.003393179249663998
0,2.7909319409894382e-09
0,3.0883805634838925e-07
0,1.8460342152080855e-20
0,2.0507158785436426e-13
1,0.2596701412151149
0,5.410646448042429e-19
0,8.515593671939688e-20
1,0.03583154876048713
1,0.4610753218990959
0,2.130231136462444e-14
0,2.881939288964617e-23
0,4.060805826200244e-26
0,1.1004668144936468e-21
0,7.156795209089032e-17
0,2.0139321786206727e-18
0,9.849987591270369e-21
0,1.223841778312169e-05
0,2.907853294491242e-07
0,1.811834307527882e-21
0,0.1060735283256421
0,0.2000998928142923
0,1.0407859354339635e-24
0,1.0669873500693744e-14
0,6.127573764505754e-08
1,0.5572358227881314
0,2.377053414158596e-15
0,4.594259494083725e-19
0,5.941076963627013e-17
0,0.48036601020186187
0,0.00022550278717201188
0,1.788050228534049e-15
0,4.406430441797993e-17
1,0.6271878919148126
0,2.878453482342449e-20
1,0.6398651689242468
0,0.0012884578234435232
1,0.918968899584349
0,6.867976245558211e-21
0,1.2957405371289907e-16
0,0.02319185527250791
0,5.160197317470106e-17
0,0.004694882024103127
1,0.45329719952688724
0,1.0579871237088966e-07
0,0.13029511457216936
0,7.18660605443694e-16
0,0.4298715506759496
0,4.276281400609474e-21
0,0.027254523749898698
0,1.0072606049059415e-14
1,0.9987884622795383
0,1.6029134577602211e-06
0,2.134024416009492e-15
0,7.744064114569098e-19
0,0.7494576960058175
0,0.5873775529773868
0,2.7876452155107946e-23
0,1.694694832052539e-27
0,0.01370719679946101
0,1.1711758545918685e-06
0,4.435560502227453e-16
0,7.981036696593991e-24
0,4.269543081234845e-10
0,8.77641303481289e-17
0,2.6371177716776147e-20
0,8.224719274690604e-17
1,0.9826266536955893
0,3.838230999716937e-06
0,9.361234469986082e-08
0,2.431514148731352e-07
0,0.6009580550670427
0,6.171678226963297e-07
0,0.6812042224087472
0,4.398402150932574e-25
1,0.8611808390855377
0,6.442837496285318e-16
0,8.851510667128564e-26
0,2.1979472325115025e-27
1,0.6899706428638428
0,1.3510554059055684e-06
0,5.975756346665863e-25
0,1.0946982772037913e-16
0,7.362765393201123e-26
0,4.3362018903355486e-19
0,1.1600641701483004e-06
0,1.905611129134439e-15
0,4.544621718048562e-22
0,1.296706951074496e-16
0,0.00017988514587494685
0,5.838341251908839e-09
0,0.031370151552049155
1,0.9953591851522121
0,3.2559919628532893e-21
0,1.4594015608884198e-05
0,4.80492066786038e-27
0,5.9954116757479006e-05
0,4.744566751498849e-16
0,0.038830825335429316
0,1.8741260252581797e-17
1,0.6025926686977254
0,1.0456499299023653e-18
1,0.10910602405103002
0,5.9480074173880796e-05
0,6.722344681842889e-17
0,2.5937712369061957e-24
0,4.269543081234845e-10
0,3.528039215624635e-20
0,0.0679847315554388
0,1.4652524267300428e-15
0,0.00011432496492729465
0,1.0671520359168572e-17
1,0.267500524468304
0,7.583478271718457e-20
1,0.1673418401922669
0,1.1111009444962054e-11
0,4.899115072334352e-06
0,2.7566450023677913e-05
0,1.8643972993202237e-15
0,2.306298092552234e-14
1,0.245190055521875
0,1.1946833866109007e-17
0,5.320489813521221e-19
0,8.594877094075263e-13
0,2.8488485846798403e-17
0,3.779529248968001e-17
0,9.011266864424443e-12
0,6.319936273381822e-16
1,0.6011170335801654
0,6.424388762182584e-20
0,4.45591759855162e-15
0,0.0006379461800715719
0,4.581723737824442e-18
0,3.8526372370666167e-26
0,1.7847548887053346e-05
0,1.0353922923113223e-07
0,7.570385547044164e-05
0,0.3796165198385498
0,3.084780720668397e-23
0,3.070541736756841e-18
1,0.21644216390341278
0,7.044812626190384e-08
0,0.0017737293111634816
0,0.0004274827390374214
0,1.0119635024926776e-18
0,0.0024086171894931964
1,0.20720543821366438
0,6.749639754805775e-19
0,7.080213412942407e-19
0,1.092168101811595e-15
0,1.5772325110457402e-16
0,8.506003783379128e-17
0,1.2145212324374695e-18
0,3.3016908448749676e-06
1,0.31406296215505514
0,9.305718829537929e-17
0,2.148004579807476e-21
0,7.386774974413787e-17
0,1.9125043909724503e-15
1,0.8876477387195899
0,1.4011427190207811e-14
0,1.3090000956451043e-17
0,0.875295272660229
0,0.0002597402333097901
0,1.5046449005365912e-14
0,2.6748209457128784e-06
0,2.1801935284607755e-16
0,6.021768639922358e-26
0,1.0368396180932497e-18
0,4.1535762643450317e-17
0,2.892514482934806e-21
0,9.52616035878412e-28
1,0.8484457904060527
0,4.605532006431489e-19
0,3.4086486295012436e-19
0,8.568063618134458e-17
0,8.780564543083546e-05
0,0.001337472281516592
0,1.6685965909294781e-16
0,0.0010180577905956358
0,0.3257141681253393
1,0.935637537700889
0,1.6479341274229866e-15
0,0.7631551910863433
0,8.228481873567946e-21
0,0.0019594932997334764
0,4.465805587761422e-20
0,2.8744558119435928e-18
0,1.1395168719223425e-16
0,3.9570245872098433e-07
0,1.2007861676683192e-19
0,8.511331605849384e-20
0,1.5551196003465582e-25
0,5.272409460463508e-06
0,2.643657243296459e-25
0,1.9701566732080386e-18
0,0.0016825909745041686
0,1.0854985514128562e-15
0,1.3992843398032043e-20
0,0.05635052017176837
1,0.555760723853333
0,6.144411970289241e-21
0,2.988302930296348e-17
0,0.10250107290108994
0,4.460306555640908e-16
0,7.874902837558309e-07
0,4.234738266763449e-18
1,0.7297960773526527
0,0.010797349679164141
0,3.2518629687097898e-15
0,2.988842668425957e-20
0,9.207032362453469e-18
1,0.7259925353362192
0,1.79161885989971e-15
1,0.5044600168678096
0,2.772480093423191e-23
0,0.4406244533223844
0,1.0979022823214144e-06
0,1.2799247729654127e-07
1,0.7011688779530504
0,3.596745239170617e-16
0,5.017477476420286e-20
0,0.6123382673434083
0,0.007543385942121626
0,9.017477510703769e-20
0,1.064179847505511e-19
0,6.161117045154953e-24
0,1.1102886304977227e-06
0,0.4675961283527971
0,2.8131532328029646e-14
0,1.878842776730939e-21
0,0.03922240101779129
0,0.7914512036475151
0,2.6955443433040136e-16
0,6.953433523423291e-19
0,3.063047095692926e-16
0,2.1090577216303866e-16
0,0.021810758606444793
0,3.857040569738481e-17
0,1.845753149535246e-05
0,3.5986120286052806e-17
0,0.18890979663904656
0,1.0220527778448062e-26
0,5.210886164400794e-20
0,1.2955495347468763e-17
0,9.108860436458008e-24
0,0.21917970007767043
0,0.004199727303253099
0,9.59646714953228e-19
0,0.18781744762051322
0,7.659576716974373e-19
0,2.5023017331757762e-11
1,0.3899691375232691
0,8.923604003370957e-07
0,1.0234905319932438e-25
0,4.7418892613608004e-15
0,1.2987275093451594e-16
0,1.5809305549894014e-16
0,2.5502717217096386e-20
0,0.0001156587357769767
0,4.691830603055894e-25
0,1.021527300635663e-08
1,0.15380051018444174
0,6.78660343617007e-25
0,4.564323881795437e-07
0,1.820165850600903e-17
0,0.46057745711861275
0,2.8020050132545764e-23
0,4.876062379661375e-08
0,0.21085651323101165
0,9.144809030800987e-15
1,0.558121958868368
0,2.836336945390148e-08
0,0.0003218003469451137
0,1.7843577734077525e-12
1,0.5671883590593919
0,1.058437996408429e-16
0,3.802035993617592e-18
0,3.805101570642662e-22
0,1.9396240102160202e-05
0,1.1262824904946312e-06
0,4.33723150129248e-07
0,3.421848950472317e-05
0,8.738977259345135e-19
0,5.179820460516916e-19
1,0.5504660129792798
0,1.6969215908314664e-07
0,1.0563855308575746e-18
0,8.99058595690199e-16
0,2.415090964682729e-18
0,0.14682349905046052
1,0.45000416918003144
0,6.879702992765296e-24
0,0.2661781168599408
0,6.195244924479822e-16
0,4.080017808503296e-08
0,4.3842438967935264e-08
0,7.547786181454207e-07
0,9.498132479320602e-22
0,5.393052851579996e-16
0,0.0025363851315445855
0,0.2120458376936877
0,3.9316186803206815e-07
0,1.5992577775211238e-19
0,1.1265184439590609e-15
1,0.06402133685050897
0,4.39108311127045e-25
0,1.6829574061183341e-21
0,1.3743571280268078e-21
0,1.9869488497418065e-17
0,1.368016639882623e-15
0,4.728348559296094e-07
0,0.24028273128599983
0,0.05200729261054118
0,2.3158547810202026e-17
0,1.0629051018457648e-15
0,5.533876269786022e-19
0,1.0386636805442583e-15
0,9.131865753973486e-12
0,2.3509264791912113e-15
0,6.895091748128385e-22
0,3.635986066942377e-19
0,0.595886103002533
0,2.133294729372283e-26
0,1.953288577404437e-09
0,0.32655832272551116
0,2.148004579807476e-21
0,0.0022256126905310916
0,4.1252457495825856e-12
0,8.457143211045945e-17
0,8.860023975914572e-27
0,0.2223395476150275
0,1.4427262531359948e-27
0,1.4978400283690077e-20
0,1.6597419619093561e-16
0,6.250795623661081e-15
0,8.509539619676092e-16
0,3.6646676824423264e-26
1,0.8281733843121895
0,3.381031192907374e-15
0,6.017764419229478e-20
0,2.142234028098884e-18
1,0.5257728478165176
1,0.10727731848194579
0,2.010108174969842e-18
0,2.036391920863607e-15
0,1.7715547994826483e-15
0,3.4457572456373474e-17
0,7.62692857830642e-08
0,1.6632936629738981e-22
0,0.010528543016405705
0,0.023168794995381842
0,6.578166979684266e-21
0,2.1874118007608574e-19
0,4.5058655273613146e-17
0,1.313875766719313e-19
0,2.737218092742559e-20
0,1.248544802103225e-17
0,7.851321172201967e-18
0,1.2886805468487517e-12
0,2.1969273839271377e-27
0,1.4467346508089876e-17
0,0.14043934969981603
0,1.4108407479677953e-18
1,0.7966790179460383
1,0.9810393340141441
0,3.790156080957784e-26
0,4.0162478417481535e-20
0,8.735654086131789e-17
0,1.5936230782835886e-16
0,0.3634545659980668
0,2.850264913065349e-16
0,3.672863591441406e-16
0,5.019497985210024e-14
0,6.306286537799496e-17
0,6.264302943054773e-17
0,5.25577684609452e-24
0,7.656825764766787e-17
0,8.80794466883104e-17
0,7.755173858716046e-20
0,1.4182674164697762e-15
0,2.0219373063902014e-20
0,4.115321615017949e-18
0,9.072872209613401e-24
0,4.755434528412281e-13
0,7.131785269314673e-07
0,0.33752896740695215
0,0.1370414120849536
0,7.351517812890719e-07
0,1.2352819917777575e-15
0,1.3177196917848532e-16
0,2.733180826934519e-19
0,8.313845997747204e-21
0,0.0005422397177116476
0,4.172453431703255e-26
0,6.887604121275771e-17
0,2.0228445254922666e-16
0,1.4198526949981508e-17
1,0.7851608451149841
0,0.15884958467107793
0,1.0589344875926431e-24
0,1.4068143484875327e-06
1,0.8534687978700032
0,5.016306578129255e-19
0,3.6946866363366127e-20
0,1.8173227544922304e-16
0,7.75930584434221e-16
0,1.6519016602830247e-16
0,3.1528509933968313e-15
1,0.9652410864293816
0,1.0525298484374284e-16
0,3.6156362814478654e-15
0,3.2559919628532893e-21
0,3.4176904641819766e-06
0,1.6415705311701825e-15
0,6.066958153554665e-16
0,5.881084480428538e-17
0,1.2803103330836157e-05
0,2.053637291159165e-16
0,0.46430367818910984
0,9.009569308844275e-08
0,0.5637761070534727
0,6.8580642343068424e-18
0,0.01121190017457542
0,2.4262617624110057e-26
0,3.7608552848980237e-07
0,8.013659932538326e-08
0,2.148004579807476e-21
0,5.169456256754645e-27
0,5.351965034767048e-17
1,0.4203552942797595
0,0.0016902664782489393
0,1.4759433980044717e-07
0,3.9361707428168294e-08
0,2.473937887053636e-19
0,8.198217291398708e-07
0,1.2127922583630592e-06
0,1.4005141214019902e-05
0,0.28949098780520616
0,3.378617049358205e-07
0,4.8162272556115035e-18
0,0.19279574238539546
0,2.385416314472843e-16
0,2.597275260833552e-15
0,1.7241775731575622e-16
0,7.63287289359479e-28
0,0.4447758718818153
0,3.0648665293176107e-18
0,5.051373564689614e-06
0,0.27543545616960985
0,0.3048479451617307
0,5.579489902562877e-19
0,1.3021136047423524e-17
0,7.755173858716046e-20
0,1.2740398692658028e-17
0,1.2062665426624673e-17
0,2.738141373505261e-25
0,7.795194897965487e-08
0,9.026520739905803e-08
0,3.7378074169163676e-25
0,4.757856336595535e-15
0,7.774033810443262e-17
0,0.189128488416492
0,0.007002382817937218
0,3.6256191584021306e-14
0,0.23608236854989872
0,0.0591597406009346
0,7.213022848943252e-09
0,0.16829505937608313
0,7.995941372002397e-07
0,2.8488033012016975e-22
0,4.521626138211658e-22
0,3.759060345321382e-19
0,4.507306567036157e-17
0,1.8639941653200247e-20
0,9.809134410065998e-18
1,0.718244576513654
0,6.5663517790349334e-24
0,4.2130079721038633e-07
0,1.435258746249622e-27
0,3.9733722056296385e-22
0,1.393944659877403e-16
0,0.0038557546493020334
0,2.5719206326323604e-14
0,0.04312301022025183
0,3.131046422332174e-17
0,0.1754726300725733
0,0.017333049087076568
0,1.2724885601997721e-05
0,0.3579367828236305
0,0.17640667468067747
0,1.455914839657776e-23
0,9.610215285348716e-17
0,8.786722400784643e-17
0,5.503858710536823e-17
0,1.2665384732648943e-17
0,3.155782842950709e-24
0,7.498107142082861e-24
0,4.013088742852397e-16
0,7.26056606794097e-20
0,2.2550498935548073e-22
0,2.5548770332150037e-26
0,7.497705853780264e-28
0,4.775631976313013e-20
0,2.071570352721955e-15
0,6.542345464393745e-18
0,4.057844760729469e-07
0,1.6576937361904496e-17
0,8.055713120236467e-20
0,5.135427901496975e-08
1,0.5044103636603188
0,2.9941179794207596e-26
0,3.235990271437365e-21
0,5.537447611947681e-06
0,1.2091309185431289e-20
0,0.012519307707278894
1,0.6951020864870603
0,0.5594171095080799
0,5.0451790301517685e-17
0,7.00496695898143e-09
0,1.3892432690762413e-20
0,5.258492922957602e-07
0,1.505305196599359e-16
0,0.0009395481742230117
0,0.030757589557767508
0,1.0670352262672868e-20
0,8.575054583486302e-05
0,0.44788982000314187
0,0.11566392108501451
0,7.603261146089276e-07
0,2.3008921224774e-18
0,6.324731866889771e-17
0,0.0004524011226191781
0,2.2351983572618032e-05
0,0.28757306500538243
1,0.6058473859519349
0,9.195537287647185e-15
0,2.3428141947420027e-19
0,3.3459708599426704e-27
0,4.2221041703652626e-19
0,0.00046550331934914455
0,1.678474711898081e-27
0,8.729500691818296e-18
0,0.00031468234876512186
0,0.17004230985132596
0,1.4427262531359948e-27
0,5.493405909133199e-17
1,0.7311442269519209
0,6.321364127634477e-17
0,0.001620618127274307
0,1.3802844767886745e-14
1,0.7260678662035592
0,2.9129460582411726e-25
0,3.6765638854657257e-06
0,0.0012181966095009366
0,2.207498115447577e-08
1,0.4215120386443878
0,1.4936090459068948e-18
0,0.4951581845876334
0,2.250192104439e-16
0,0.12367938591130109
0,3.1742621299340842e-21
0,2.5905019210320872e-17
0,1.3154345481772638e-17
1,0.822911437075276
0,7.326826931201083e-13
1,0.29904991621793675
0,0.4943974444487507
0,3.66399738768078e-08
0,0.20914616181229817
0,0.0002560205729053144
0,2.891302904789252e-25
0,1.4868985314665686e-05
0,0.33170258836189837
1,0.6186073034837585
0,2.7564860839553384e-16
0,8.932282511687808e-20
0,2.599155583178217e-17
0,3.292396247390954e-17
0,0.0921201757264631
0,8.732911965773918e-08
0,6.794532216634824e-16
1,0.6204706611998902
0,0.14177972431748548
0,6.22168352707411e-17
0,1.1294808258898122e-07
0,1.2265955684557863e-27
0,4.9247804900478184e-09
0,5.784722626521929e-07
0,5.257858749954825e-22
0,0.494096261123372
0,7.017006477102838e-27
0,5.898718778820154e-20
0,1.0790873464962554e-16
0,1.3667125205316925e-16
0,1.0220527778448062e-26
0,2.6516145518208466e-16
0,2.8279829136450327e-20
0,7.755173858716046e-20
0,3.3016908448749676e-06
0,3.79426612875048e-17
1,0.5888243387130709
0,1.2122562115062783e-09
0,5.333627967311979e-18
0,1.5791055254694509e-75
0,4.041091664862834e-20
0,0.35193318429710996
1,0.6042848669353249
0,3.329660439595227e-19
0,0.044398680072635845
0,2.3597498201381632e-24
1,0.7918005801160652
0,2.988325797781761e-06
1,0.46133309605830763
1,0.5325881941640981
0,6.490631071510177e-07
0,3.765793033834292e-25
0,3.7607332091983566e-19
0,4.245119716034522e-18
0,7.689452453953817e-20
1,0.5680616706897937
0,0.44521760288517226
1,0.44081283500039103
0,6.737811270181599e-27
0,8.281474558542113e-18
0,0.6548134415878578
0,2.5715182921448115e-19
0,0.11959017414836533
0,0.18749857278190904
0,5.60888043750479e-06
0,0.20238354023682065
0,1.095862875144866e-16
0,0.13724452951840438
0,7.721080893481344e-27
0,0.4652580169107863
0,0.0009191122835645613
0,9.686064147951098e-19
0,2.790149008269403e-17
0,1.0572876929047192e-16
0,0.10543274458156114
0,0.04252494099279361
1,0.38640262912003126
0,1.3476742928385452e-27
0,7.22158275514203e-18
1,0.7162389867595247
0,0.1952072901499658
0,9.104505693830863e-07
0,2.565491725134414e-16
0,7.668292893465281e-17
0,9.740620913617946e-07
0,3.578672758459195e-19
0,2.9375829458571194e-23
0,2.7388537619456437e-16
0,3.969819763132764e-06
1,0.96744018887805
0,5.6385034085970735e-06
0,1.0029228758349032e-15
0,4.9257481004391894e-17
0,3.845871623762225e-16
1,0.5817074590995515
0,1.8666000620198247e-07
0,4.840332833016006e-22
0,7.755173858716046e-20
0,5.829311949536828e-18
0,2.154268547551604e-16
0,4.325807670694355e-06
0,2.731126362511601e-07
0,5.607128624935835e-17
0,0.002470144523445466
0,2.5223054119770694e-24
0,2.96745665061006e-18
0,0.0036743044516796067
0,2.592065708500197e-17
0,5.798587023569297e-19
0,0.010458155005229201
0,4.394816220496554e-18
0,5.571149671185433e-07
0,3.336110342548006e-26
1,0.6194024965144532
0,2.1076420305395812e-20
0,6.0184682172200935e-05
0,2.2303379740892015e-17
1,0.11175356063620433
0,0.013726883775679972
0,0.0005164172437559515
0,1.1960087815884285e-18
0,8.658853919875303e-20
1,0.43113089607277827
0,7.444629492561465e-17
0,3.4032342194892063e-17
0,9.138806972388334e-16
0,3.0103382998162426e-17
0,9.151235636305048e-05
0,1.160742528653783e-25
0,5.981711487502345e-20
0,2.6872684330068815e-07
0,1.6225643327418883e-14
0,1.916637669294453e-06
0,3.2559919628532893e-21
0,5.88143303996239e-16
0,0.21426492960640733
0,4.39495512039484e-20
0,0.03910549384081909
0,2.154543952119084e-27
0,1.0968587693689946e-05
0,4.067839526084029e-15
0,3.2457468409872654e-20
0,5.937131951783355e-16
0,1.5756339194080699e-06
0,0.033990995259505906
0,0.20487472037556503
0,2.790805630658898e-09
0,0.5218035888149578
1,0.842469609218812
0,4.316831629510304e-17
0,0.031744317000451654
0,8.166246097023713e-17
0,2.795039911926764e-20
0,8.897437049327194e-20
0,5.198252102783066e-25
0,1.8393633217981248e-17
0,3.2559919628532893e-21
0,0.5283478869683768
0,2.0434055204167647e-14
0,1.3778288704776456e-15
0,2.8223756237405404e-19
0,1.1893025036294758e-06
0,5.787691000165875e-16
0,0.3319441348157836
0,1.1312998093543749e-14
0,1.0743754154995696e-16
0,2.6992328616775925e-22
0,1.5767203056031038e-25
0,4.9294845902911974e-11
0,5.251944249199311e-14
0,7.00496695898143e-09
0,0.5223899377841325
0,3.3859301499632814e-17
0,2.5469912071031603e-16
0,1.6284772779308113e-18
0,6.833027961455153e-05
1,0.97592388765969
0,2.760221233538727e-07
0,0.13811066259792193
0,2.9783412886633974e-27
0,8.3404927227098e-16
0,8.301514345343078e-07
0,6.534810869215486e-21
0,2.5415705301010674e-26
0,2.6681525675631533e-24
0,1.6605944437793732e-18
0,0.3960530910555846
0,3.642646587641666e-07
0,4.5805695571628624e-24
1,0.7011939319664989
0,1.4721440287054715e-19
0,0.001471109208851908
0,9.142067708131801e-17
0,3.37343527176502e-07
0,5.25993548270988e-05
0,3.042953237911263e-08
0,4.6705248912011244e-23
0,2.787785803214759e-06
0,2.7954002582921705e-19
0,1.878842776730939e-21
0,2.635856478335671e-16
0,3.929109915987902e-20
0,0.0003000237749149895
0,1.1644589278289362e-18
0,5.681278341391787e-19
0,0.23586144091182093
0,0.034513733177253876
0,0.00017863377752210996
0,4.8286989853504836e-17
0,6.83402750450186e-18
0,2.1722983055686965e-18
0,1.4199365425994546e-15
0,1.054315536413596e-18
0,1.168756250690621e-06
0,2.2592740857448899e-07
1,0.5931526283524062
0,5.634759791850186e-16
0,8.725346843389736e-19
0,4.763373666573552e-17
0,4.269543081234845e-10
0,0.9999998678391274
0,2.929041163236227e-23
1,0.7902843128496543
0,3.113107692028633e-18
0,9.546927743093695e-23
1,0.46116446431715563
0,1.0542404084367368e-06
1,0.7285967556063836
0,1.2836607052217807e-07
0,0.3486513576691758
0,5.132348231747217e-25
0,2.30246207646088e-16
0,5.56125103072429e-18
0,2.652988559367237e-05
0,9.033266765000441e-18
0,6.253900191993373e-28
0,2.8613002868316594e-15
0,2.509220935647089e-19
0,6.490552382527338e-05
0,1.001059423788484e-18
0,6.044102467669616e-19
0,1.4919783568319218e-16
1,0.755869696125806
0,4.9756061498512414e-27
0,7.268317755186685e-15
0,3.085599810868659e-26
0,0.00034323844200553726
0,1.1009847944218014e-15
0,1.0094621183458405e-16
0,1.5793315324557664e-18
0,2.65119142845057e-23
0,3.1454384414836985e-16
0,1.492406077460679e-16
0,2.0530737691526626e-18
1,0.41131577920030193
0,1.914316818231144e-17
0,0.02384708775535264
0,3.2559919628532893e-21
0,9.274564635948294e-05
0,4.998385902142598e-17
0,1.3608667223273542e-05
1,0.40746469376506245
0,1.4310109372314664e-19
0,4.223471910664074e-24
0,2.758783031816076e-18
0,5.449812621793209e-18
0,3.469632984469471e-20
0,5.0532217918613226e-26
0,2.4186727997791574e-15
0,0.029132814154728903
0,4.940444023596153e-19
0,0.23688061149864714
0,2.7117513345979795e-19
0,7.948493916256779e-28
0,1.803668906536511e-18
0,2.232798496083668e-17
1,0.5829492214718177
0,8.675771982237717e-13
0,1.9550323093152826e-16
0,2.7447712124297787e-08
0,1.8221257214320902e-25
0,0.3652530891381623
0,5.085830568829402e-16
0,2.4860755761008736e-18
0,1.0912519888660496e-17
0,8.287952033361532e-27
0,3.5883095462202228e-06
0,2.2957689894919566e-18
0,9.026017586491686e-17
0,4.257139047014129e-23
0,5.466110523622955e-16
0,1.325889048450521e-17
0,0.5480040150758688
0,1.2296246112291717e-17
0,7.576303127260312e-19
0,5.25849292295761e-07
0,1.3684333348605242e-27
1,0.7482745363907651
0,1.949652921301361e-16
0,4.753125462612896e-16
0,1.697103091987086e-23
0,2.3238905830466576e-15
0,6.083042359416993e-17
0,1.5756653571576795e-05
1,0.5920510680486767
0,0.6378716882192033
0,0.0003747649077094601
0,3.7598897366064995e-18
1,0.7642093149753356
0,3.501861271424838e-16
0,0.0024239729354831622
0,1.342649476299332e-18
0,1.0513047314368407e-14
0,3.2559919628532893e-21
0,4.746235966950061e-10
0,5.620988568612164e-18
0,7.641875403115735e-18
1,0.7635985740988158
0,1.129519530976743e-17
0,0.0007205615195060448
0,3.6880983368977934e-14
0,0.1719704151547854
0,3.2559919628532893e-21
0,1.2598695426154597e-05
0,5.135365769162978e-22
0,1.58018604063855e-18
0,2.314032377710764e-19
0,2.1563313712554478e-06
0,1.247927013522099e-25
0,9.165068656908294e-05
0,3.3308251544109735e-19
0,1.538752926608715e-18
0,3.3619479051292626e-07
0,1.2188176401173472e-18
0,1.4127756383775098e-16
0,2.49119912293336e-20
0,5.6452248680556796e-18
0,1.1859677572414482e-06
0,1.4352470647054368e-18
0,1.3122082226344139e-27
0,1.5850350854968933e-08
0,0.22315719212627022
0,2.116594171975278e-19
0,6.914788625571946e-06
0,6.31365571558088e-08
1,0.13598377201208903
0,7.392619490446602e-17
0,7.669646861624315e-28
0,4.2119298497445356e-05
0,4.840332833016006e-22
0,2.8923463698657777e-19
1,0.5229506978813613
0,2.3374794650193395e-06
0,1.2648376079733437e-15
0,5.169945904967761e-17
0,7.93884964264548e-07
0,0.47460830299031215
0,2.681187691421517e-16
0,2.356246659870091e-20
0,7.670467965406618e-12
0,2.6182157728268506e-20
1,0.633509179887168
0,3.2559919628532893e-21
0,2.0945964751793428e-27
0,5.57140487657556e-21
0,1.2122562115062783e-09
0,0.1470344250200374
0,5.4658426094448835e-17
0,2.0477642365324294e-15
1,0.34628945906915704
0,7.00496695898143e-09
0,0.49497149876096186
0,3.969131786560765e-20
1,0.3700167905131405
0,2.980234122315712e-15
0,7.118609766224793e-19
0,2.2169482298620073e-23
0,2.6518195373984858e-21
0,0.3597181913551444
0,3.223488745802294e-16
0,8.299247999692963e-08
1,0.47556700230924953
0,6.732299346933245e-06
0,0.0016187626509804448
1,0.4579729977584049
0,0.0009405594201184624
0,0.001398509525690351
0,4.830363433994152e-18
0,1.221893057394513e-18
0,7.35964778895373e-08
1,0.7463482038395157
0,1.6819595955359358e-17
0,2.789622556042649e-23
0,1.8478400457402378e-19
0,5.0512536245256036e-20
0,0.05424056737074867
0,3.264550004958617e-18
0,1.5767203056031038e-25
0,0.008891278544260934
0,0.0011920100325031535
0,3.534299107739394e-18
0,5.235224279847556e-22
0,1.0311217245033568e-16
0,3.124063648220351e-16
0,9.129318865833346e-16
0,6.865056553957261e-14
0,8.534084162620047e-07
0,2.64365724329644e-25
0,0.002856413516044328
0,1.2892155016806098e-18
0,2.8229883473076893e-23
1,0.20928101922435224
0,0.3914507526150722
0,1.0988945293012269e-06
0,4.766096289379036e-15
0,2.878453482342449e-20
0,9.06215094559067e-13
0,1.805147013253795e-18
0,6.8242716359753665e-18
0,0.17631319549387103
0,8.848299046442961e-23
1,0.21429025158447823
0,8.85046407698522e-25
0,4.462683683456199e-16
0,0.05652367518569368
0,3.857040569738481e-17
0,3.622893295323019e-09
0,8.329784634394464e-06
0,0.4391772003820534
0,4.20127615567328e-26
0,0.08592997484297249
0,0.05721346768616809
0,2.4002148168428056e-05
0,1.276589960855881e-06
0,0.00022132016755295703
0,1.394511373178711e-18
0,9.877965979054428e-21
0,0.0009468527227713025
0,7.42305419592565e-17
0,1.4958897730805495e-07
0,1.8748380554593586e-05
0,2.8601685670324043e-19
0,6.061519441449042e-24
0,1.0270309877581316e-14
0,2.9704047652073967e-17
0,5.1405880671227135e-08
0,2.4658468308715245e-06
0,5.842606440448615e-17
0,4.269543081234845e-10
1,0.39480864823170536
0,3.167166835113768e-12
0,1.280979339256409e-07
0,0.08915030866916263
0,6.834146367681306e-08
0,0.006876591289941069
0,0.3153890442359957
0,0.12026383135360692
0,3.853759146718828e-17
0,0.21999027195620982
0,8.705152524980754e-17
0,3.1123433991483836e-05
0,1.6872535634586645e-16
0,3.657324282392278e-26
1,0.16451121342425734
0,1.878842776730939e-21
0,1.2338382059114896e-15
0,7.738134682507386e-20
1,0.5453501298718237
0,1.128987596110736e-16
0,7.935753597756575e-06
0,5.2870617114575747e-20
0,5.234981680176849e-18
1,0.6317998208770342
1,0.6165384932968554
1,0.5430020481249395
0,1.0151208292055938e-06
0,4.022798391330692e-18
0,0.6856642904161973
0,0.31733520271282784
0,0.0286419635868256
0,2.2393625407227914e-07
0,3.860059526988947e-16
0,4.1286050311206e-14
0,1.1298112858741131e-25
0,2.148004579807476e-21
0,8.500968186723754e-21
0,0.012337740450140165
0,2.7451184819472814e-23
0,3.3405907429200147e-07
0,8.952605354164243e-17
0,3.9557105331297216e-07
0,1.3004344571976946e-20
0,5.075848308200457e-16
0,0.006071303873626674
0,0.43073417925907775
0,7.181838521932851e-06
0,3.1943281367331033e-15
0,5.042538469307282e-19
0,8.15660614148552e-24
0,0.6415622947919852
0,3.7545311376646516e-17
0,2.7266158421572672e-18
0,0.29820195522184056
0,4.7642172434447094e-17
0,1.1184332516076919e-13
0,8.279973771752002e-07
0,1.5450146201783836e-23
0,9.814733596022466e-06
0,9.576144172105953e-20
0,1.2614806342248926e-13
0,5.681865956642876e-07
1,0.08095473850712458
0,6.48711344413591e-19
0,1.368451647239899e-25
0,0.3548489226714517
0,0.4645650226720602
0,1.3064124674865008e-16
0,4.0130531729767834e-14
0,1.1630421125098186e-15
0,1.2325897568039065e-16
0,3.3590205520338888e-12
0,4.4604980985741214e-17
0,1.185470299873999e-17
0,4.5417476062574556e-18
0,2.8828162317949794e-20
0,4.3173421538658335e-16
1,0.7295024710676404
0,2.034072699580775e-17
1,0.6676453215832848
0,4.1768475581120746e-14
0,9.502909486694634e-23
0,3.547642204871813e-24
0,7.524218618582022e-21
0,6.773683727501018e-07
0,7.930219379211403e-07
0,1.1772717108275481e-05
0,2.7141758883084286e-23
0,4.1789145147142e-17
0,0.11467173860746223
0,2.3876518269623416e-28
0,3.876879290256356e-06
0,1.3743571280268078e-21
0,3.0056532146307766e-14
0,1.2862286415175102e-16
0,3.847100908972599e-20
0,0.4437538185408367
0,0.2699595690712912
0,9.147303742460468e-18
0,1.172138858313426e-16
0,1.0310132600604178e-27
0,0.0007409390160809765
0,2.7556873723131054e-06
0,3.6008677832243043e-16
0,1.182088708647635e-06
1,0.44124871386435616
0,0.006581549889628757
0,0.03926925371651369
0,2.7964844438548704e-18
0,8.13452914966792e-14
0,0.291027454544749
1,0.14436187509116308
1,0.7855687698314842
0,1.9223889052242135e-19
0,2.1414035048737874e-18
0,0.0005790920027305326
0,3.1465285738146e-23
0,4.2609095833535214e-17
0,8.286688790703567e-20
0,4.8088620688176564e-20
0,4.037793323954404e-06
0,4.9374247699709995e-16
0,8.541692922861444e-17
0,0.13530709242196992
0,1.4416895455761177e-17
0,9.961543786829915e-26
0,1.1641164053924864e-15
0,9.527410663012012e-18
1,0.5107951137132536
0,4.572115263570419e-20
0,5.735328678271684e-20
1,0.5684528996354127
1,0.5967005755156437
0,4.694655316310883e-22
0,0.0006775131548419559
0,3.501041704331977e-18
0,0.6813425094031162
0,3.096949083602233e-16
0,6.0084612335702196e-24
0,2.1539840854602633e-16
1,0.9631487063232258
0,1.105417827175697e-15
0,1.1700585723290127e-07
1,0.1767515952489176
0,1.3864845924986943e-17
0,0.000271773236034842
0,0.605130397560087
1,0.5650858989718296
0,5.3051324297908e-16
0,0.021282674747025915
1,0.7523356172770118
0,4.0859402836134964e-18
0,1.2477463257624348e-08
0,4.32857327037366e-18
0,1.9066508987152806e-05
0,6.054035683768592e-27
0,1.4773379415157332e-22
0,0.6047920219404666
0,2.8093847862853602e-18
1,0.4068471554384746
0,5.123628607909063e-25
0,1.2471173872533202e-06
0,5.8681737356993695e-18
0,0.39104712186160606
0,6.727593794291569e-16
0,2.9654018420382367e-08
0,3.331487032943371e-07
0,9.025286512116697e-14
0,7.375796698832412e-21
0,3.42679418088117e-15
0,3.0946691492752756e-14
0,3.074161013230993e-17
0,4.153739099358462e-17
0,0.08304255578348527
0,5.409917788083642e-20
0,2.442617266104765e-17
0,1.7715945894075997e-27
1,0.6301162248631417
0,1.1385028063748672e-05
0,5.534055129142152e-25
0,7.024420804564474e-25
0,1.1033378330021065e-05
0,2.776255768122758e-16
0,2.6742911264905177e-27
0,5.4094096089786595e-27
0,1.539483633255591e-15
0,8.166880370998519e-24
0,3.5081416450215824e-17
0,3.0238453845340116e-06
1,0.49702942224339136
0,4.2555140908383434e-15
0,4.2620874616204586e-16
0,3.5716512496318426e-17
0,6.791877160481156e-05
0,1.400872168281603e-16
0,3.3814841164066094e-07
0,6.561990027791153e-07
0,1.6355656732746292e-22
0,1.640654422294486e-17
0,5.348414890823312e-15
0,1.0366292564313303e-07
0,0.11044955108284675
0,2.056485093044378e-15
0,0.004482988804669347
0,8.293281892221467e-18
0,3.8962084828968437e-26
0,1.1772717108275481e-05
0,0.019448412405753766
0,0.000607528429463811
0,2.6832075568865884e-19
0,0.13648533096670093
0,0.21199577531403596
0,0.6919210388703246
0,0.35931747847028683
1,0.987230794041001
0,4.3492492893615504e-17
0,2.7197890395972094e-17
0,5.975272326661397e-16
0,5.342953120057592e-15
0,7.799302537281988e-05
0,0.51485847889921
0,1.5762294321225497e-19
0,3.42058631435141e-17
0,6.264221892866303e-15
0,1.6508421174614033e-06
0,2.7661069982089403e-05
0,1.2306379108051926e-20
0,0.045157869246549916
0,0.0032019277613573724
0,0.6374674025396618
0,2.710208967684117e-18
1,0.5011945162768945
1,0.9999999996800768
0,9.769161471305642e-06
0,2.2625536658225e-19
0,4.4937180791307706e-18
1,0.5273550615090004
0,3.755359885591385e-15
0,2.74382066322001e-20
1,0.9999999996800768
0,3.629824388790424e-17
0,1.6614332487928376e-23
0,1.026857486149169e-07
0,1.7679861188133393e-15
0,1.4471006988154052e-18
0,4.470671756934353e-22
0,4.01549827988161e-18
0,1.3147904931720412e-16
0,1.1019178712137925e-16
0,0.00365801624304271
0,1.4632811089991857e-17
0,9.455234670746927e-05
0,3.6613548355158755e-26
0,7.531847120935074e-07
0,1.3941671195596425e-22
0,6.348208297595191e-06
0,0.014912109590164854
0,1.7234489260006655e-18
0,1.5798388216423066e-05
0,1.6422780370444782e-19
0,7.055116540017636e-16
0,7.90295692536843e-15
1,0.1537491561172311
0,0.6413352602499557
0,6.2931904028785815e-19
0,0.0040709667825553
1,0.3405477508756702
0,1.2152237757612319e-24
0,2.886229590030915e-20
0,4.0243164693135913e-07
0,0.19532100209354206
0,2.9293210683999195e-24
0,8.338160189915485e-08
0,6.379563277033369e-17
0,0.11811209118008696
0,1.3743571280268078e-21
0,2.438631764517805e-17
0,1.7699580257711152e-21
0,0.23427119851198736
1,0.33436533781403416
0,1.0079062726197587e-16
0,2.725618544934299e-17
0,1.383392077967594e-15
0,2.237623602443702e-15
0,4.508968477393536e-18
0,8.736994148776091e-08
0,5.188683943661931e-07
0,2.9687379694078485e-25
0,3.782047633174298e-14
1,0.6516842056120845
0,0.343647793134887
0,4.758628339761446e-16
0,3.773156344827288e-06
0,5.2018275069847054e-15
0,8.318323822089057e-16
0,4.339053379755064e-05
0,4.269543081234845e-10
0,1.58416783323523e-05
0,2.1110511763811016e-18
0,0.18143612229186498
0,0.2899955976237849
0,0.08737311247747995
1,0.47782427799737254
0,1.5048993198939535e-13
0,3.6018258044795586e-20
0,1.8508170669461584e-16
0,0.010510124562377822
0,2.5194080709767554e-20
1,0.5719817238602024
0,0.275182114279618
1,0.582951059486978
0,0.3585512811413322
0,1.2117472129433387e-17
0,1.2174072555553132e-14
0,1.3432464815280666e-27
1,0.7900681970265527
0,3.249666845839915e-17
0,1.8356074045615398e-12
0,0.272992498851768
0,7.013539490909156e-29
0,2.0766939068975386e-06
0,2.8986863347026975e-19
0,2.9846083181859886e-27
0,4.9058530547345606e-20
1,0.9999999777156714
0,0.00040001230095759846
0,0.023695459799044773
0,1.1185130577223906e-25
1,0.6395803819965482
1,0.9115836158797572
0,5.261230584693655e-25
0,5.5454359385108466e-08
1,0.7442601712215432
0,3.857040569738481e-17
0,3.974287032656438e-19
0,0.33653770895092144
0,2.6767827147685522e-20
0,4.7592036754920585e-21
0,2.3655832600473275e-19
0,5.4361770031047333e-17
0,5.947846940036967e-18
0,0.5113033577291575
0,1.3743571280268078e-21
0,0.002368601213355323
0,8.509951520198972e-19
0,4.122821485869452e-27
0,8.983509466617483e-07
1,0.7454834176364719
0,1.817699586165992e-20
1,0.5462645346276845
0,2.6674231489106863e-20
0,2.3404618547163827e-25
1,0.9105625654832193
0,3.890946941145086e-24
0,0.07859649949657184
0,2.223124844515594e-17
0,0.4222895905495615
0,0.003048619724085765
0,2.963411410261698e-07
0,1.2402291538798596e-19
0,7.201643684311841e-16
0,5.442978057278974e-15
0,0.0994810131601769
0,2.2144317383942328e-20
0,7.017006477102838e-27
0,1.2342124929387113e-20
0,2.806598768547913e-20
0,2.762837825192527e-25
1,0.42235275728940364
0,9.592991521792081e-17
0,1.0679703579129028e-15
0,2.7424603641600204e-21
0,1.7051892228310533e-26
1,0.869422182171154
0,7.00496695898143e-09
0,2.8606990717634984e-15
0,2.236814217382933e-18
0,2.2974604968307227e-07
0,0.07478128838446076
0,3.191288838576752e-16
0,4.20127615567328e-26
0,2.0912571191606828e-07
0,4.163499520350183e-15
0,0.24716325207450676
0,8.295822156273467e-06
0,2.441547835249546e-22
0,9.574867939946742e-18
0,0.0030416824222976252
0,2.020456708069474e-07
0,2.97153618280256e-18
0,5.652267907242854e-15
0,0.3430821208877253
0,4.5621505521889584e-08
0,6.594446385634862e-17
0,1.2800524218528697e-10
0,3.1244667037101144e-08
0,3.41894002763967e-17
0,8.661223997385532e-18
0,8.773602544279033e-07
0,1.762786399918506e-18
0,0.3598295769730795
0,6.414753090333086e-06
0,0.000975741931020208
0,0.42543538730918923
0,1.6908743066592716e-16
0,3.1974097607138113e-23
1,0.29195288884164694
0,8.836445708375655e-06
0,0.011578690298918745
0,7.886599812148561e-21
0,3.445807867388298e-06
0,0.44164768066072485
0,1.3826131973380077e-06
0,3.6441866598124573e-17
1,0.7918106488007818
0,1.4398056300435665e-19
0,3.581073470341291e-20
0,1.1686288279455277e-19
1,0.6154333569030493
0,3.27517515498672e-14
0,1.121641937771673e-16
0,4.269543081234845e-10
1,0.7280691057933905
0,0.0005109588639892233
0,0.39974944099543047
0,0.04469470105029895
0,0.22664394134146476
0,1.2144451480037279e-19
0,6.009409689592569e-20
0,6.7612295394326995e-19
0,4.253004609395279e-22
0,0.20657370567226616
0,0.023276474322942185
0,2.5043913939963233e-19
0,0.4929416593175637
0,0.0015951885721380771
0,3.2559919628532893e-21
0,1.139543835081843e-21
0,6.891570258501723e-27
0,1.113549930783815e-16
0,1.89572213306802e-17
0,1.1585645898831617e-05
1,0.4651608646702306
0,3.2810453908308715e-13
0,0.23801463718204613
0,2.099169121238439e-15
1,0.2583745600669329
0,2.0408638715342495e-23
0,1.6939703823942905e-14
0,2.0220527324965033e-16
0,1.192382833893182e-19
0,0.21131276239148097
0,3.4685900125019786e-18
0,2.941163013733606e-17
0,3.1033482220357153e-19
0,7.697504373395996e-07
0,7.605456654041717e-21
0,2.3015620739076535e-27
1,0.4207585948509591
0,0.13224468182266277
0,0.4634580074572402
0,2.001964440966689e-19
0,1.2306554485533288e-17
0,0.42025809741858483
0,3.811274015242838e-17
0,8.157315209672314e-17
0,1.0036266810396119e-24
0,1.4398056300435665e-19
0,1.299671265496116e-07
1,0.8131763534310459
0,6.026577202482935e-16
0,1.0803131483935753e-18
0,1.2941738945032266e-18
0,1.727246686596517e-17
0,1.3557909198433059e-21
0,1.918839359828089e-17
0,0.28066439783695507
0,0.30881506579552426
0,6.187520183436186e-09
0,6.370511646603759e-16
0,1.878842776730939e-21
0,4.904469758546803e-19
0,0.012358176245178739
0,1.987390440990819e-18
0,1.029214766559967e-18
0,0.049301431739953924
0,7.879112004223408e-07
0,2.6311915422277377e-26
0,2.616672167877457e-18
0,1.3985108302033036e-16
0,2.03338064024425e-17
0,1.0949754166948777e-12
0,1.7151216209375256e-07
1,0.7219082045440895
0,0.2693753144251506
0,1.203325454921097e-06
0,9.52616035878412e-28
0,8.837132690946075e-05
0,0.2333933788132537
0,2.5772619353880053e-16
1,0.711310446468605
0,9.609316618913143e-18
0,1.5643175457489814e-15
0,1.334037905656404e-21
0,0.051661011516980056
0,7.834343972103058e-22
1,0.5451039883628621
0,1.4388019192396985e-08
0,2.0237078992303247e-16
0,1.2100494851065414e-17
0,1.7258831989864352e-06
1,0.569580053993139
0,7.930417771924137e-18
1,0.41204728681099645
0,2.1039363949392633e-05
0,3.992109219981002e-15
0,3.00509188090124e-23
0,1.811834307527882e-21
0,0.1363059889135401
0,5.834503158720298e-17
0,3.8958594062474064e-23
0,2.0683514673560997e-17
0,2.665493532162631e-23
0,2.452323712474593e-18
0,4.87916172963073e-17
0,1.7661076546690758e-13
0,4.3991895050821074e-20
1,0.7768408450833847
1,0.5953196422121032
1,0.3449508512553791
0,9.973737445415918e-17
0,4.3240655578414325e-06
0,0.062367322549459855
0,1.434764224040835e-17
0,9.385465862395355e-17
0,2.4728876495029047e-16
0,0.006748682008637932
0,6.03184754066676e-17
0,9.521250544294807e-16
1,0.7455358355809193
0,7.755173858716046e-20
1,0.662411518517351
0,2.41498362115253e-15
0,9.546927743093695e-23
0,1.0783292452704482e-23
0,1.1172322207098878e-05
0,1.0708773423814539e-19
0,1.9504124341223484e-06
0,4.80492066786038e-27
1,0.8724931023738491
0,4.7017666886968295e-17
1,0.6488892658533831
0,0.05245195807718121
0,0.0289470010616676
0,2.133294729372283e-26
0,1.4405242911263691e-15
0,6.43579482345854e-19
0,1.2655331515841248e-06
0,8.440224565789299e-07
0,1.2504066230223236e-25
0,0.149714568854078
0,3.564132577774085e-17
1,0.5220182689802793
0,1.467819272614361e-16
0,1.4933977759806285e-23
0,1.129745031695648e-06
0,6.934644672277983e-17
0,3.5591877127001453e-17
0,3.849897365061822e-23
0,2.166018811569552e-16
0,2.8387287485758096e-08
0,7.739531820070725e-18
0,4.2035558710261504e-18
0,1.1772717108275481e-05
0,9.011266864424443e-12
0,0.18925227486142163
0,1.8514182715385175e-20
0,1.1955424277734163e-07
1,0.3925795135148422
1,0.7730136591057705
1,0.6162438292291667
0,6.283907577765191e-20
0,5.661773796385316e-16
0,5.682403945748464e-07
0,4.883372804158562e-13
0,1.658186587289958e-07
0,3.3178734688650754e-17
0,5.650919492953406e-16
0,1.490148584457026e-18
0,3.330992893746032e-17
0,1.3129287486981027e-21
0,7.422009728181622e-07
0,4.148758536007698e-15
0,8.39660149256178e-17
0,6.038443256968558e-09
0,0.009944005201750468
0,5.133281033191014e-19
0,2.182751680860779e-21
0,1.708424097603541e-26
0,1.0309576956768486e-17
0,2.5606379711176868e-24
0,4.679742162130458e-08
0,4.269543081234845e-10
0,1.394511373178711e-18
0,1.820706292899355e-19
0,1.2665644854652685e-06
0,1.5619093143585928e-20
0,0.004248369008245361
0,6.479538274688941e-19
0,2.2715251584651726e-16
0,1.399055659841394e-19
0,1.7856432547855067e-21
0,5.572940015792248e-09
0,0.26322785361659684
0,0.5538421515418006
0,1.8632376848090456e-13
0,3.6090464560122956e-16
0,9.422181113132507e-17
0,1.0246518257071412e-26
0,1.0333426742478332e-16
0,2.819337398407824e-24
0,7.213022848943252e-09
0,0.397897393178853
0,2.665062883993144e-16
0,0.0023804820784419935
0,1.4427262531359948e-27
0,6.483357872585184e-17
0,0.2954057184560988
0,1.367413463283441e-17
0,5.57134189687373e-18
0,1.1067395617874424e-18
0,9.659297797227891e-24
0,0.00423103580992477
0,1.7623097605209193e-17
0,2.1245269775734838e-16
0,9.99251844811374e-08
0,2.650213499412281e-23
0,8.338731583303065e-18
0,0.05779849183799519
1,0.2954847450165829
1,0.19779324069764284
0,8.032747629618441e-07
0,5.961276955060613e-15
0,1.7219261696821904e-24
0,1.3399159991519215e-20
0,1.4949938684640434e-18
0,3.2814911721613107e-19
0,1.5510239026515494e-27
0,3.8839446112881596e-07
0,1.264834493581623e-17
0,1.810942243753578e-17
0,2.7796336884000084e-23
0,8.50417163714653e-20
0,9.301104276528252e-17
0,3.326834059185491e-27
0,8.512437352251149e-20
0,4.1446763350800434e-18
0,8.27137120222458e-18
0,2.0530737691526626e-18
0,1.0088204932422827e-17
0,2.9049564451587254e-18
0,2.3754400128335704e-27
0,1.0530474522332465e-16
0,0.17944394487472323
0,4.3513792590561827e-16
1,0.8095250183676268
0,6.152975822148397e-21
0,3.3424952360254386e-18
1,0.8309493009752524
0,1.916637669294453e-06
0,2.7419564514854023e-16
0,0.6519779210422315
0,0.028920840786548805
0,1.5761128326051377e-19
0,2.672116230389165e-17
0,3.8347502686165136e-19
1,0.6906389818885952
0,2.437167653968491e-27
0,1.2736650829530173e-26
0,9.23424834473585e-20
0,0.00036771502009232506
0,8.2966816900894085e-19
0,3.080044952740731e-20
0,0.41544614407410624
0,5.1391719065251595e-23
0,1.04246830930761e-17
0,1.0318383050452865e-15
0,1.3558667231097452e-15
0,3.440260779281284e-17
0,1.0227718686141394e-20
0,2.006232971430643e-06
0,0.009156311183276776
0,1.0297847881916731e-16
0,9.274556752680975e-06
0,1.635304429596339e-05
0,8.98399038614401e-21
0,0.28531506082260927
0,1.811834307527882e-21
0,7.557810478244677e-05
0,8.559467945180614e-08
0,2.148004579807476e-21
0,2.6563219689624294e-18
0,7.949899522934339e-16
0,4.4160250473731076e-15
0,0.014002307723503865
0,0.00010779885172876091
0,7.00496695898143e-09
0,7.317107339243282e-13
0,1.5713449645079755e-15
0,1.4574801815902082e-16
0,5.242678579352031e-09
0,0.0025485686244706065
0,1.667535026059409e-16
0,1.340907577834871e-12
0,5.113289876481036e-08
0,2.9481320715624888e-18
0,3.2559919628532893e-21
0,3.358409476313016e-07
0,1.4552172328115456e-07
0,6.716150269709641e-18
0,0.00010820606922886103
0,6.000502263146503e-14
0,3.044628334808924e-25
0,3.470491976510866e-05
0,1.1452303283606296e-11
0,4.7861781677548293e-08
0,1.1778448786468583e-17
0,0.004428380038140136
0,3.3297455414523725e-19
0,6.474059846229298e-27
0,9.58165242922383e-20
0,3.1248250798463606e-18
0,8.30589479510743e-08
0,2.1812256031626727e-17
0,2.6563219689624294e-18
0,1.1979361052639868e-22
0,1.0682350294427853e-18
0,1.100349397947491e-07
0,2.0995602601719223e-19
0,0.0006214631281226143
0,0.10980690495087653
0,3.814433843261148e-17
0,0.17338939549983834
0,0.5871082500870294
0,0.3567901729067578
1,0.14961283280602294
1,0.4970905760209878
0,4.9081666988479776e-15
0,1.9215745756944784e-07
1,0.44936561137966
0,0.00016615336206115985
0,2.2952242611984508e-08
0,1.3931644149642892e-18
0,0.32093993940169596
0,0.024657203349335702
0,4.870223514407507e-16
0,1.49146810327623e-06
0,5.740173976803037e-18
0,1.7151216209375256e-07
1,0.5875983700111078
0,2.951933335364162e-20
0,5.000062573951209e-15
0,0.004537342222330122
0,1.606674446658644e-21
0,1.5132021487783355e-16
0,1.4853971658844637e-16
0,3.636357613153279e-18
0,3.1418527310574948e-27
0,0.000146276707844631
0,9.902742612582863e-19
0,4.4345283619887964e-17
0,0.20960122884742605
0,2.913706350518525e-24
0,4.245106336139207e-07
0,2.6632400598661706e-18
0,3.1195382453404944e-17
0,2.4991318590705763e-08
0,7.052063357892107e-26
0,2.2293270508243787e-06
0,1.553719842983169e-14
0,9.794888588901789e-08
1,0.8945087263901599
0,1.1185112384355545e-21
0,0.9661007178338546
0,1.1517533409918017e-06
0,1.6140954655506014e-06
1,0.31768251178865314
0,0.37994454681658724
0,5.552447953417545e-07
1,0.42815610022899314
0,3.3897199925249795e-07
0,2.0394594485458102e-08
0,7.73788911957042e-19
0,4.469959182344167e-18
0,5.159444488365111e-09
0,6.268626081295797e-21
0,4.721523480958936e-22
0,1.0694988100711127e-12
0,7.104016306019407e-25
1,0.2735793997700235
0,0.30890843437005133
0,0.04906103068156199
0,6.280425475049304e-14
0,0.021337146264090712
0,1.928940995871171e-19
0,5.933524924863585e-09
0,1.5207990606015067e-24
0,2.0390675496624737e-16
0,0.36903852988534597
0,2.75721727283256e-20
0,0.0004077777732036141
0,6.86405620326187e-21
0,3.2490107449873585e-06
0,0.4450411608942851
0,3.8741061923605876e-17
1,0.9785686452075003
0,7.00496695898143e-09
0,2.457150602983614e-17
1,0.23678753277610423
0,0.15222125336582593
0,0.050400787088412856
0,8.9850928695582e-14
0,7.633249052416993e-15
0,0.219940552078005
0,7.0402898136056e-19
0,0.00014319371725810324
0,0.000750667131074268
0,8.699255686164334e-27
0,5.467805392306692e-27
0,3.481368149073144e-07
0,0.39158029691293517
0,3.36712030443487e-16
1,0.7792312245984565
0,0.11954249661074418
0,3.8864158047159397e-16
0,2.616681959392654e-15
0,8.496239214728402e-16
0,8.6804642299717e-18
0,0.38857368053922126
0,9.791985230962264e-20
0,5.982633066446131e-07
0,4.2390649518309634e-17
0,0.002728077223087883
0,1.4271404346870991e-18
0,1.1107676002654476e-21
0,1.3923497396109318e-07
0,4.0705707583613955e-07
0,0.00018758684843060185
0,7.4236701329406e-08
0,5.772888485260785e-17
0,5.195869114812591e-26
0,0.2753255505962753
0,0.13013931109499308
0,9.579996846369246e-26
1,0.553712701439828
0,1.703599895111408e-05
0,9.206079157142947e-18
0,8.23422861850662e-17
0,1.0990509572732467e-18
0,1.300528250456272e-14
1,0.7154076897050764
0,2.434266652992707e-19
0,1.0511037358716552e-15
0,3.2461126860126344e-15
0,1.2452788542191862e-19
0,2.739560354912021e-20
0,2.7443272555525586e-23
0,5.06328723288738e-14
0,2.7338319664420776e-07
0,5.977592804592614e-19
0,3.2553624174891677e-17
0,3.714138634687727e-17
0,8.357465251749723e-17
0,3.873400717147715e-13
0,9.108860436458008e-24
0,1.0753352282910566e-17
0,3.362309826639671e-20
0,0.2408224210444036
0,2.3054468008268508e-17
0,2.242911160031492e-15
0,0.0025395662887447183
0,0.14973651077831157
0,7.090346865878305e-07
0,2.6152360330827252e-17
0,0.0015824184393125951
0,5.347404385996785e-16
0,1.041193034333007e-24
0,5.547610792357522e-17
0,2.817631650218813e-13
0,4.2827404408821153e-08
0,3.623380927478996e-17
0,0.01606428538225501
0,4.7406380857303546e-07
0,3.6185464395769202e-06
0,1.2522277635064158e-17
1,0.518628713641729
0,1.6801444018008466e-17
0,1.603845121431688e-07
0,4.309788455373327e-20
0,3.345142269849576e-05
1,0.5104378877809443
1,0.7506940694365078
0,1.6512491119947797e-07
0,9.110073720924792e-17
0,0.43798173084303627
0,1.3977853642777277e-15
0,9.85132722250631e-19
0,4.049705109697648e-23
1,0.6991787528494677
0,7.920503839725302e-18
0,1.0042010936025986e-20
0,2.317454363153699e-19
0,3.6813362996677046e-07
1,0.5197208221267415
0,4.685784277602535e-16
0,1.0949754166948777e-12
0,3.1865314252065445e-28
0,1.0940789050318435e-17
1,0.4481375754612498
0,9.144995034899705e-18
0,1.0128565022085973e-16
0,1.4761782979040214e-24
0,3.6919559405258394e-26
0,9.864160517510522e-09
0,0.4192005572866694
0,0.0011814288135363219
0,2.129326871219913e-18
0,3.917456927564657e-24
0,3.3195427578827887e-17
0,0.00016404627285308254
0,1.2090210509662576e-19
0,0.004911437309398337
0,6.341938295879912e-19
0,0.00033146437777221706
0,0.0009548287398500871
0,0.04394865525249929
0,0.587552591840003
1,0.49834639030733696
0,0.08483478961225366
0,1.823804458918491e-17
1,0.6498903463174073
0,0.31198531993504813
0,3.306784948838902e-18
0,1.1093712629749596e-06
0,0.00012847690394766732
0,4.46716153785004e-20
0,1.3939022011460156e-22
0,1.6784993699380182e-17
0,0.36776648470775114
0,5.603098630881653e-15
0,9.692326253363736e-20
0,4.768458103263294e-19
1,0.2223141300139065
0,1.568202113694602e-15
0,2.121021170193866e-06
0,8.372991120946612e-24
0,2.9126416776258443e-08
0,2.3518084822807568e-20
0,0.10841040897224895
0,4.396700237043852e-19
1,0.858296797102453
0,2.136188934361377e-21
0,3.603475506122896e-17
1,0.3811296524070112
0,3.372477664294895e-17
1,0.4476679134070704
0,1.1181419274966922e-12
0,0.0055372968970823595
0,4.567547597101784e-24
0,9.184369516123485e-17
0,1.6775324634380075e-17
1,0.5786105678613889
0,8.627591936065222e-22
0,2.0949659025702517e-12
0,2.6080223921275833e-05
0,2.1988158688902368e-27
0,8.111750719168255e-16
1,0.2499324000223646
0,3.828852613822795e-18
1,0.0668926088330239
0,3.2093740192112034e-20
0,2.396129376809861e-07
0,2.87342447853589e-07
0,4.660465037282037e-17
0,0.17415551597151674
0,7.272951589872929e-07
0,2.661565304788844e-18
0,4.3053861555930266e-13
0,2.677667362728583e-23
0,2.8808405071845023e-21
0,0.18671206592271827
0,0.2595078724107505
0,0.02856131956493449
0,6.817742989426242e-16
0,2.655522101238026e-23
0,1.0585180827484307e-15
0,2.277367761392816e-19
0,3.7856356955631746e-26
0,5.715654535852218e-06
0,1.0412758895077352e-14
0,1.1228818264384085e-26
0,0.47676148811005714
1,0.7262378846058135
0,8.23439007213073e-17
0,3.967233425837699e-15
0,1.154185505662926e-18
1,0.8270565915133165
0,1.7650785621077535e-15
0,1.3743571280268078e-21
0,3.9425975803814756e-16
0,0.002825610242153633
0,2.6332661222978917e-06
0,0.0001241018154409172
0,9.672933409528618e-18
0,0.3372496351109188
0,1.2724053302713824e-07
0,2.682021023775428e-07
1,0.5527987101067873
0,0.5066805182500407
0,1.0273520774173587e-16
0,1.1209931209034131e-15
0,2.11661244506787e-18
0,7.872785788616374e-18
0,8.901823635458824e-15
0,1.13334433857067e-07
0,0.3723124889902007
0,8.695924093611743e-16
0,1.6211816533950508e-27
0,0.007840021501261204
0,1.129485097107161e-15
0,5.618887677780705e-09
0,1.1834114234273269e-18
0,2.706799527106219e-23
0,2.8922192536609647e-08
0,5.693484147112702e-19
0,2.9941179794207596e-26
0,4.525329892365958e-19
0,0.008204343638473542
1,0.4060314270083827
0,0.4180286377935276
0,1.5122458836835658e-17
1,0.6694674647961212
1,0.41510315212935606
0,2.711030517106062e-25
0,2.7484482004395565e-20
1,0.6688304667533146
1,0.7167596184545209
0,1.5503837398422202e-13
0,0.8150629105994115
0,0.0631273244204879
0,0.001568618700944519
0,3.50206198521471e-20
0,1.4728975605170945e-06
0,1.3819512472401812e-20
0,2.789622556042649e-23
0,3.2559919628532893e-21
1,0.32447575255532507
0,1.696095226431969e-23
0,3.06609352097418e-23
0,6.729324251221702e-16
0,1.8914829195227476e-17
0,0.322499913825571
0,0.23642011425264617
0,3.1235755582875818e-06
0,3.872869568094954e-14
0,4.903202360088801e-22
0,2.07484638940756e-16
0,5.904004651068192e-25
0,1.9561479431532673e-16
0,6.9902206298659e-15
0,0.16049248014015222
0,3.78804311882512e-20
0,5.554755567912881e-17
0,0.41566415923770356
0,2.655522101238026e-23
0,1.5240593316864947e-14
0,4.484557327724222e-27
0,5.535481973966929e-20
0,3.207225682721323e-06
0,1.0246518257071412e-26
0,1.0362834125451519e-05
0,0.02537611166345865
0,1.7688111010601004e-06
0,1.878842776730939e-21
0,2.143643221908707e-17
0,1.3091721947636566e-20
0,2.339801445022947e-05
0,1.9967013473351092e-22
0,4.217149469563881e-17
0,5.668826042626828e-22
1,0.7169652924637625
0,0.5479994751541449
0,0.11727784788577379
0,2.987486676549294e-07
0,4.328245815765053e-15
0,5.124546815003419e-19
0,3.587968770200062e-12
0,3.335919286561872e-21
0,0.026785536024214882
0,2.077008999190167e-17
0,2.670143647524032e-19
0,3.0669190388724707e-17
0,6.864458150492549e-18
0,1.1715069771861462e-19
0,5.100070194237076e-06
0,2.8976343610386815e-17
0,2.779799903113062e-18
0,0.010719826270121045
0,0.48485051456683864
0,0.014640801602375308
0,1.1873075509453465e-07
0,7.017006477102838e-27
1,0.9287916009516035
0,0.2019172853356369
0,3.0196608710860094e-19
0,1.5097226811993582e-15
0,5.602522508319564e-27
1,0.5617356327639672
0,4.6092797858450515e-17
0,6.032640989061975e-21
0,0.011128314422034036
0,4.1945293126325686e-22
0,0.42858157433242644
0,4.546354867493765e-18
0,1.6526260012164104e-27
0,3.564542026405754e-06
0,2.217577955698371e-18
0,3.296930608621822e-17
0,0.41431473334815105
0,2.25904964019458e-19
0,1.1877255180901376e-05
0,8.238574488589453e-23
1,0.514166839955738
0,2.9781712802540254e-18
0,1.2787214060534781e-15
0,2.3508095426397746e-17
0,5.320656906656542e-18
0,2.711030517106062e-25
0,0.002486836846554615
0,1.2213313586567724e-17
0,0.02058104334946729
0,3.355710829357741e-19
0,9.996985180888254e-28
0,0.03447705436977267
0,0.7364755210294706
0,4.269543081234845e-10
0,9.576622749212518e-19
0,3.331970011984076e-05
0,1.1233160864421308e-15
1,0.29055669009102336
0,2.6385871861535577e-07
0,3.29168108087752e-15
0,9.289214084795977e-22
0,8.118436063915439e-16
0,7.210027551786344e-28
0,1.815920576737652e-19
0,2.521121440353845e-17
0,2.8809205240165955e-20
0,0.1587230236545641
1,0.38861090465223014
0,1.397893965048488e-19
0,3.0981201588976854e-27
0,1.3144686926034456e-27
0,1.5465343019371026e-06
0,2.0618995774217185e-15
0,0.33230937250156534
0,8.170624267428817e-05
0,1.4388049797106893e-15
0,0.34072313697478435
0,0.01199759368811378
0,4.613319611892056e-22
1,0.9369758389950194
0,2.6316109667909755e-20
0,1.6119272066338769e-18
0,1.747940808872034e-16
0,7.081680083575919e-05
0,4.7978952200853504e-26
0,1.0133495058154434e-26
0,0.21555298299824502
0,2.6973725228384537e-22
0,3.890946941145086e-24
0,3.2559919628532893e-21
0,1.247927013522099e-25
0,4.406602679964335e-19
0,1.8722072608398652e-16
0,3.1274750687418354e-16
0,1.6892269437962237e-23
0,1.5503832829499816e-18
0,6.628691468335031e-18
0,5.077201008411302e-19
1,0.6230139898390964
0,9.482774557148297e-08
0,6.859429586720589e-18
0,0.6745329464421662
0,5.824101230373002e-20
1,0.2022002086301628
0,1.8119602860586916e-18
0,1.666744176015443e-14
0,7.102527117913044e-06
0,1.3403157738031807e-18
0,1.8173321629507177e-17
0,0.26751687289411097
0,4.726442837071928e-06
0,0.00022920089669881352
1,0.6514767985854615
1,0.5264525574016757
0,3.8534745867150617e-16
0,2.0135252294594598e-16
0,8.097043484198964e-24
0,9.137272917561237e-19
0,1.0960700898428255e-18
0,6.560906040864453e-08
0,4.762858842401863e-17
0,4.929984870323342e-17
0,2.2856867322184865e-22
0,2.4143187334887975e-17
0,9.665638568471385e-18
1,0.7074885694853369
0,4.014374349155548e-19
0,8.478850553076171e-19
1,0.6455548469563291
0,2.3744097787865626e-18
0,1.4366095508571818e-18
0,4.634904889975845e-19
0,1.9177273240787338e-07
0,5.341914092566643e-16
0,5.602839581897905e-16
0,1.3239662433710664e-18
0,0.43162155807671915
0,2.312604149097014e-07
0,1.7473172400012452e-05
1,0.06828137422246067
0,0.004532708239165402
0,4.739271500611512e-20
0,1.412275766648271e-16
0,3.512418588158942e-17
0,0.18403188454877487
1,0.7448985817279176
0,0.19652948755514033
0,4.054453445945129e-19
1,0.5510495704713683
0,8.087084220206868e-16
0,5.427700015654205e-18
0,6.213384806632758e-07
0,1.3150853969575672e-23
0,2.1078254292405626e-06
0,0.38721269072476705
0,7.665754006215282e-17
1,0.2549058418755626
0,2.7266733015804486e-20
0,3.904962100478324e-17
0,3.0281588276067776e-16
1,0.8078464818458712
0,2.4119824053628808e-17
0,1.372335841563653e-27
0,4.033680450600199e-17
0,1.5850686580603144e-07
0,3.085215983881075e-20
0,4.290688428606316e-27
0,7.511167363404106e-18
0,1.632080068287388e-14
0,4.71310739963175e-24
0,3.469553882601192e-27
0,0.00042490203129633
0,2.4114558298555954e-18
0,1.786111158878943e-06
1,0.1327883776940917
0,7.753150426075136e-18
0,1.3495302568436327e-27
0,6.430991020753414e-17
0,2.3772912363337706e-27
0,6.363540699147029e-18
1,0.8536928149523407
0,6.633036122623597e-26
0,0.00010216794096621079
0,3.00509188090124e-23
1,0.4433397561803406
0,0.5324216908528564
0,7.959372303086314e-14
0,1.3043171914921246e-17
0,6.726731999790088e-16
1,0.999993555004609
0,1.2199744552015738e-14
0,4.896989732351805e-08
0,5.0817995695096535e-15
0,1.4493303721998855e-10
0,6.535407206045833e-27
0,0.7764264756425204
0,4.7789671867202544e-18
0,5.5714048765756e-21
0,9.700990564869167e-20
0,1.0723772535377289e-18
0,9.490384892378259e-16
0,3.344964207222815e-17
0,3.0095333113453782e-15
0,0.00012146595588297532
0,3.6655097405373537e-19
1,0.5046770690240004
0,2.8515607684391608e-05
0,5.444761420131064e-18
0,0.38743945775388255
0,1.0332396798259403e-15
0,0.5642372460796072
0,1.4215843489084545e-17
0,3.329968641005635e-17
0,4.8273755396054206e-20
1,0.6614604156743041
0,1.185639900825325e-17
0,0.018921078594099746
0,1.4183547428683657e-14
0,3.48310993171541e-05
0,1.277651654947924e-21
0,5.5282194310293553e-05
0,1.2611266622082022e-15
0,9.702243718266692e-23
1,0.839736017327346
0,7.814419627276436e-18
0,1.878842776730939e-21
0,4.818759053145929e-29
0,3.4975378285885114e-20
0,0.6671498709338431
0,3.435260133693702e-16
0,6.36052048049189e-07
1,0.02665918815218131
0,7.657371976557072e-21
0,1.873190304880488e-18
0,0.011935394109272761
0,2.4673310411374884e-17
0,2.5174507111476307e-17
0,4.614746394170246e-19
0,1.047895587819085e-17
0,2.2424853347237758e-16
0,1.0081764503005401e-20
0,4.952557373823245e-19
0,4.766385320148678e-16
0,7.938617421859968e-19
0,1.1789327820554096e-18
0,4.056814677362014e-16
0,6.218181282307908e-21
0,1.0088939537009757e-18
0,5.746919725043678e-20
0,5.000219180260156e-06
0,0.8208179270896127
0,1.0647596404113337e-19
1,0.8593087947847027
0,6.18908041149047e-26
0,8.430527469792407e-23
0,2.9491124343007287e-18
0,1.5374583105655372e-17
0,3.036726662367537e-06
0,6.7651495097370024e-15
0,7.481469159380404e-21
0,2.0956118509004385e-07
0,0.2755417562804777
0,1.4407813597235674e-27
0,8.090379914190965e-19
0,2.2450841744027226e-05
0,1.3352739726015668e-05
0,1.428856448414544e-22
1,0.44103068488005065
1,0.06517708544537822
0,2.837640673385389e-28
0,4.113706439003176e-16
0,2.1453100504246203e-15
0,1.0763641202100627e-15
0,2.6481318181744504e-18
1,0.4912289966930617
0,7.7217692485202e-08
0,6.403216951144002e-07
0,1.8356074045615398e-12
1,0.004322865803370187
0,0.21360181357241204
0,4.408147582822025e-17
0,2.557614953266928e-16
0,1.920291585796582e-07
0,2.0881725751014595e-17
0,0.01778880928091076
0,1.497961364692565e-17
0,7.503468080880979e-16
1,0.025874046061359634
0,1.5944368783715313e-17
0,2.1354831198291852e-20
0,4.17279106870917e-20
0,8.11904724323668e-17
0,1.0754297988563217e-15
0,0.0037367712249945515
0,1.518448577035523e-19
0,2.5919818633037454e-07
1,0.3655235936554361
0,1.198571219768039e-06
0,1.6727469244409855e-15
0,3.6100718247165185e-17
0,4.0213314186015625e-22
0,3.671614766778526e-18
0,1.1368794796823222e-27
0,0.0003990681050649319
0,1.3760743866615538e-16
0,1.1830008600519656e-18
0,0.00504480045839377
1,0.8729025510829226
1,0.7727853582953242
0,7.481469159380352e-21
1,0.42866140268121516
0,0.3836987740926292
0,3.344619910786009e-17
1,0.21369783346491378
0,8.67239502013378e-14
0,2.787450758572482e-26
0,1.2124965960246296e-17
0,0.0004546848895407842
0,4.134728029896683e-16
0,2.0289872701137742e-16
0,3.8812895156563365e-21
0,7.528600508683203e-16
0,5.703945709238167e-18
0,1.5440477985267384e-06
0,5.716260823224086e-18
0,6.942181613003721e-16
0,0.0008548747640932884
0,1.1748767696865977e-15
0,0.5360322496883682
0,0.011714346012657901
0,0.3209839187343103
0,2.0591915578239897e-07
0,4.840332833016006e-22
0,7.340864856220548e-15
0,6.991541129243123e-07
0,0.00032002677633468843
0,0.003937932276837165
0,2.1049829636264537e-21
0,0.00015044077466057107
0,1.9155005282801708e-15
0,0.3813849698476144
0,0.23338037619470609
0,2.8462249312278504e-05
0,3.049314803946787e-26
0,3.2527149703150954e-17
0,2.6320333528098678e-23
0,1.1231603644592177e-18
0,5.318609170946555e-18
0,2.053715957232341e-18
0,2.131210473494321e-14
0,4.5932636814944025e-07
0,0.006636803013562092
0,4.2190386521894746e-05
0,7.664515812860656e-15
0,0.3063417410163543
0,3.5733710080316845e-15
0,2.617446805231252e-05
0,4.1252457495825856e-12
0,1.3870100517829647e-18
1,0.4365511792883896
1,0.6321987745456966
0,0.0002250176642494088
1,0.7742248915025932
0,2.3697755779285404e-06
1,0.27422668950781776
0,1.9581331208124116e-22
0,0.03398141640627043
0,1.3151907813383635e-15
0,1.100921899529936e-07
0,0.022888479070271826
0,3.2001990553690734e-06
1,0.20813468479081906
0,6.547081930204157e-21
1,0.6142639405464656
1,0.3737877187306044
0,3.199970726057447e-18
0,8.413619914561244e-09
0,1.7804779627493878e-18
0,0.19418670787195805
0,0.5240999249610347
0,0.448850791373213
0,8.741361691338266e-16
0,7.2803829694457115e-22
0,8.556292500229191e-17
0,5.681420416115449e-16
0,2.554231592100213e-15
0,2.148004579807476e-21
0,1.7925054361596395e-22
0,1.5534895827109076e-18
0,2.3493633750762163e-17
1,0.6952934030315399
0,5.365602897051377e-25
0,1.3095894423299634e-18
0,0.596300110702113
0,1.248165122435142e-14
0,0.5446601759152159
1,0.9996129674637866
0,1.2070209537776625e-15
0,1.8277732118790832e-12
0,2.650316381533349e-06
0,1.7248501669384258e-08
0,8.053719890585742e-21
0,2.7529084139053138e-15
0,0.07614646731999057
0,2.893739316665432e-14
0,3.729954094277491e-20
0,2.0006104301283696e-19
0,4.840332833016006e-22
0,1.0524753123287859e-14
0,1.4427262531359948e-27
0,7.891409052730125e-26
0,3.5504450315637556e-17
0,2.90172228644726e-16
0,3.103059931013127e-18
0,8.375210159528672e-07
0,2.0660239825254496e-17
0,3.3016908448749676e-06
0,1.0682199748905002e-16
0,2.1263462803099208e-14
0,0.4385759210988083
0,0.19699621847918866
1,0.4058026282661489
0,9.677642131555692e-18
0,8.959044485268633e-07
0,9.919903896780398e-08
0,0.1676848954315511
0,6.549465068364305e-17
0,4.834070969014218e-17
0,2.875206949079441e-20
0,5.038082933595668e-18
0,2.4981105710798656e-17
0,0.0010114278583568223
1,0.2693717651372269
0,1.82277816351961e-06
0,4.800961421040303e-07
0,0.19808743806976656
0,1.5023315489987432e-24
0,3.6347235946904756e-17
0,0.41287669898455875
0,1.7473172400012452e-05
0,8.427630109117685e-27
0,1.6813025255570482e-18
0,6.050334455967961e-15
0,5.790278198396866e-18
0,1.054308518324753e-19
0,8.536411232326511e-05
0,5.866961165062101e-17
0,4.3739499114485053e-17
1,0.7157697647354765
1,0.12205576198070327
0,0.388273610361249
1,0.6555440010401732
0,4.801130565930127e-27
0,6.527195525847533e-06
0,0.752097859591639
0,4.389055258148958e-19
0,6.734647330574674e-18
0,3.8935901203398556e-07
1,0.2557373839193718
0,5.534462554061047e-16
0,3.8994151074846697e-17
0,2.6256098660204363e-15
0,1.8222888070405526e-06
0,0.01993628876571935
0,0.025685144510422968
0,6.306075495295336e-20
0,2.4837934501146173e-10
0,0.00012869857880369953
0,4.023807898073272e-18
0,7.759325096544266e-19
0,2.835824534315962e-28
0,6.686001608040367e-08
0,8.135709272795591e-18
0,9.852873758410319e-21
0,2.0452845166760823e-05
0,0.1058650468501837
0,6.591144989390178e-26
0,1.9662142730591082e-17
0,6.05142338065079e-20
0,1.7550308360762343e-16
0,7.382782013791669e-06
0,1.314415699657087e-15
0,7.831523513860233e-16
1,0.48735155649973555
0,1.6475489160668884e-17
0,1.8110441154898486e-17
0,5.881742856781264e-16
0,8.033357518237368e-21
0,1.726395142631398e-17
0,1.7724546246330684e-18
0,9.332143637283545e-05
0,1.2533653610127218e-17
0,1.0157979353066958e-16
0,1.0246518257071487e-26
1,0.664617155898977
0,7.444142667796776e-18
0,2.9298707267417275e-17
0,0.039021249456188206
0,1.2343861530390677e-15
0,4.586918310419197e-17
0,3.2121609977459536e-16
0,6.182864910391238e-22
1,0.6830049885914569
0,9.647214441684433e-25
0,3.2559919628532893e-21
1,0.8577744220831958
0,0.0009737916334212665
0,0.16926029209651264
1,0.49813650235003515
0,3.340730278508609e-27
0,1.599688413814534e-17
0,0.8001011009575345
0,4.3784303695243835e-06
1,0.9966025349153115
0,1.4190559288975599e-16
1,0.22361992036959952
0,7.012843099606908e-06
0,1.771520713808703e-19
0,0.46646648811530395
0,0.0006561362771261403
0,4.959720858766449e-07
0,5.305236100077478e-06
0,0.30415687059686003
0,0.0490635660932078
0,4.6447186865415475e-18
0,4.0902648680460023e-16
0,3.2541892657522845e-18
0,1.992985305478674e-06
0,2.9080606448117384e-15
0,1.260980661285138e-14
0,3.993374261831401e-19
0,2.6645664074745464e-12
0,5.975515545540347e-16
0,3.663122013113197e-24
0,0.41592331652375797
0,8.441188864453084e-07
0,1.1598865680340049e-06
0,0.00038030599867011297
0,1.243651284338625e-16
0,8.9850928695582e-14
0,0.2351943403946494
0,8.9863303335872e-28
0,0.11204551197014476
0,1.2637636533118211e-21
0,8.521421572525824e-17
0,4.269543081234845e-10
0,5.055594998570242e-19
0,5.972844039687553e-18
0,1.0435324615470662e-05
0,0.056539830013644835
0,3.00509188090124e-23
0,4.73921099905469e-18
0,6.51621297559682e-16
0,2.148004579807476e-21
0,5.636418470892113e-16
0,1.3432464815280666e-27
0,2.7283876680879738e-17
0,0.2274756454629475
1,0.4958438363367244
0,3.604112779339754e-20
0,0.3333302456911802
0,2.6110531443824694e-07
0,5.1495856294366904e-17
0,0.3389569775324335
0,1.8036469299888167e-14
0,1.6957074623416693e-07
0,0.001849018243825404
0,1.7496138750787554e-17
0,0.33056501033836266
0,2.1872642019997242e-27
0,1.580543909706206e-19
0,8.755467060597885e-17
0,1.1396346694094764e-18
0,2.8040108491230855e-23
0,3.447597999086453e-08
0,1.5596287833367512e-17
0,0.2786370751370156
0,4.592612051081187e-18
0,2.878453482342449e-20
0,1.3463743434691457e-21
0,2.93119421108119e-07
0,0.00018367133462193546
1,0.5708515448693438
0,1.2130676777092733e-08
0,0.3742009636532716
0,4.766048901679805e-19
0,1.0237600721642634e-15
0,1.6637915083702665e-18
0,0.30552585502345475
0,3.712276099538324e-20
0,1.3094525972488013e-16
0,0.2285880374914457
1,0.7051114628080634
0,1.624279365468785e-18
0,0.13456912289207276
0,3.0182631331351316e-23
0,6.385094921610768e-08
0,2.0837417911588355e-19
0,3.8586137403038363e-23
1,0.9999999996800768
0,7.073635675393407e-18
0,3.011307560722773e-28
0,5.561829290528395e-18
0,4.148606334549093e-21
0,1.2406350478454017e-16
0,4.7347565495538714e-05
0,1.5738359002132792e-06
0,1.0435457464168145e-18
1,0.8078615422404068
0,0.015167387246454894
0,1.1532329460010224e-18
0,1.0025172660308205e-16
0,3.183181557158531e-18
0,6.571514354303925e-20
1,0.6532972430148793
0,2.2050190755135466e-20
0,7.125155766357113e-20
0,0.1675705855117462
0,2.432189908899455e-07
0,3.6391515513913456e-18
0,1.3338181709904375e-16
0,2.556035329166231e-16
0,5.0265355140382915e-25
1,0.9999999805149898
0,4.1586887542492655e-15
0,4.7506733914556656e-18
0,0.20856538890611578
0,2.8000671448212143e-07
0,5.340224156515084e-15
0,1.7399344798619746e-22
0,3.4574616609698124e-18
0,0.02077472321119124
0,2.259266482524747e-16
0,4.0705707583613955e-07
0,1.0835400694569934e-15
0,1.6610159050067688e-21
0,3.6267305014796374e-22
0,3.8908182282293596e-21
0,0.0767574451489652
0,1.8645188659557004e-17
0,9.523697377773053e-16
0,1.811834307527882e-21
0,0.5327925456989115
0,2.079358850916659e-21
0,1.0688584357920809e-07
0,0.0005193378390146993
0,2.305261070602821e-07
1,0.4112752341622374
0,1.3555790336986193e-18
0,3.514311081076844e-18
0,1.1167275605001462e-13
0,2.0196759291498114e-25
0,0.5001655636218333
0,5.270061925271173e-23
0,2.2924259546546542e-17
0,1.811834307527882e-21
0,1.0051233626790398e-19
0,4.303598294143305e-16
0,3.3151936006834436e-17
0,0.00028319352992009825
0,1.6595552189221446e-10
0,0.39770004012245125
1,0.38851981763644744
0,7.87078696556479e-15
0,0.09567106863326752
0,2.147841185215551e-26
0,5.718678686709696e-07
0,7.655901613616886e-06
1,0.5083156619937923
0,2.946192052012624e-17
0,1.3651601291271296e-17
1,0.700139684777777
0,2.6656909811828205e-24
0,8.908340895458172e-20
0,2.0443365765275836e-16
1,0.5004551450044761
0,1.2680780318970807e-18
0,1.0444973812969385e-06
0,0.23694828521748254
1,0.630251232128208
1,0.47092479033687057
0,0.00013667073192782985
0,0.0007237445005372022
0,3.294111740986573e-14
0,1.3487453804081511e-05
0,3.849897365061822e-23
0,3.359613646428821e-09
0,1.4645149260930678e-16
0,6.181536630034373e-19
0,8.137392182233237e-07
0,0.9778649397276683
0,0.3947354180097597
0,0.09858936182249185
0,0.8845180805917968
0,2.0751915786393263e-06
0,0.1646682260855836
0,1.3743571280268078e-21
0,1.1062896220382494e-07
0,1.938356172821176e-15
0,5.530283893344799e-19
0,3.2329756323065952e-24
0,1.6013847372983028e-06
0,9.93066481308908e-19
1,0.9999999777156714
0,5.5714048765756e-21
0,1.0886940617769537e-07
0,0.5353046183663844
0,3.0466658684647086e-24
0,0.4053755558577848
0,3.7046640697686287e-07
0,5.768112674938054e-07
0,2.148004579807476e-21
1,0.6877772948696544
0,4.327249480739154e-08
0,4.373630338519927e-20
0,5.251944249199311e-14
0,4.033817323285507e-20
0,1.4727466187555807e-16
0,2.328971032040551e-15
0,0.012871223449624426
0,6.23207605466084e-20
0,6.260148930218184e-17
0,1.6253033349619704e-07
0,3.267598892516974e-12
0,5.750389486077789e-16
0,5.816398474995802e-16
0,4.9593758943905745e-20
0,3.48161071985626e-16
0,0.2986715636880831
0,1.6332868898597244e-19
0,0.2757516190105837
0,3.1788244520792607e-19
0,6.809099442418352e-07
0,0.0010408200919094994
0,8.423895641830737e-15
0,5.442978057278974e-15
0,2.2831893833266825e-16
0,2.8322726360189867e-18
0,0.3659719460058805
0,2.104174930030089e-19
0,1.883711915300111e-06
1,0.8713932297055661
0,0.047655732802295875
1,0.13658090577042212
0,0.0010459965684007657
0,5.652037813383197e-06
0,9.011266864424443e-12
0,1.0040993622894766e-14
0,0.3266385277088828
0,1.2074542704095203e-15
0,3.4628967445356795e-18
0,4.464063266818908e-21
0,6.657359781577068e-16
0,8.971191725558246e-16
0,6.853922056577062e-08
0,2.066390098093515e-20
0,3.212731275397303e-17
0,2.069381820419975e-06
0,9.897588185860987e-18
0,1.0221952951317048e-20
0,1.4764862602357588e-23
0,9.631452239336058e-07
0,0.18838003912579862
0,1.5975090618256372e-12
1,0.9435292148485509
0,4.176523308495213e-16
0,5.107521497330999e-16
0,4.005177765236115e-21
0,1.0857596779638164e-16
0,2.750221224182954e-20
1,0.6069122123682456
1,0.43551441063099433
0,1.7277207759020355e-16
1,0.23285379722080676
0,1.3743571280268078e-21
0,3.255466546407679e-16
0,2.285887004100939e-14
0,2.974570238592467e-16
1,0.5707782787791806
0,4.535534035240799e-24
0,1.9648929965371526e-19
0,2.466520598890346e-17
0,0.014772260912238974
0,0.00043762344850423315
0,6.856983574856373e-07
0,0.22971462384950908
0,6.231640327078669e-07
0,3.179266441114751e-27
0,2.894511781940544e-06
0,8.784265737625407e-17
0,4.1876041490962545e-18
0,8.332589695161797e-14
1,0.5841550212931462
0,1.584811870653297e-19
0,5.232421633075759e-15
1,0.09067006018210415
0,1.3614043478149026e-17
0,7.854189841052085e-16
0,8.09399847068984e-18
0,7.915531933675879e-19
0,5.46289615925562e-18
0,1.205517426834852e-06
0,8.349096276154323e-06
0,2.581031716852114e-28
0,8.309507644150181e-19
0,7.708405720396244e-18
0,5.4634976972143035e-17
0,0.032666573193202084
0,3.4179879420281327e-06
0,8.984448431323056e-15
0,0.5478222317506432
1,0.3862291481952141
0,5.445853775784446e-21
0,3.565627375653556e-17
0,2.8000842837616595e-23
0,3.259603001726702e-16
0,0.5489885873821148
0,3.2559919628532893e-21
0,0.6191204840089414
0,2.878453482342449e-20
0,2.5912478150136442e-17
0,5.301698903101089e-25
1,0.48178344328181877
0,1.996406127803874e-17
0,1.6829574061183341e-21
1,0.7372768758738489
0,0.2608774473497768
0,1.4894692941636915e-19
1,0.37373981670135953
0,2.2074455197611706e-07
1,0.28696775645236955
0,2.3495797879787389e-07
0,0.005563151881511625
0,6.23185904289343e-16
0,0.31497365282034556
0,9.256887559355564e-13
0,5.217323140075913e-16
0,1.2955286738378799e-18
0,1.0013239738388836e-05
0,6.463264008296311e-20
0,5.674071129100855e-07
0,4.9105714727474125e-06
0,2.443287841073444e-20
0,2.312610171130167e-20
1,0.46672394816409046
0,2.1686603372036534e-16
0,1.8762645158540294e-05
0,0.059161453264112325
0,3.960896673144861e-20
0,4.552728711605157e-16
0,0.4785563892127653
0,0.04392151334896773
0,2.2355967094484456e-06
0,2.8551227136660796e-19
1,0.9548967014179192
0,2.4942672876006475e-21
0,4.1074450668805453e-16
0,0.4888004153137761
0,1.878842776730939e-21
1,0.5290162994252922
0,3.592895819623674e-16
0,9.37088813238482e-24
0,0.24199725909552228
0,2.5356995502637906e-19
0,2.878453482342449e-20
0,1.9029187890699985e-16
0,7.429112735761026e-14
0,0.10968512158671943
0,0.7152734675000832
0,2.4262617624110057e-26
0,2.407377451933148e-16
0,4.4769066086185845e-05
0,0.4332982675962623
0,2.5654648427820303e-20
0,2.178338883937127e-06
0,6.286482128358907e-20
1,0.21139530396305775
0,4.789141119037273e-20
0,4.603628839413405e-06
1,0.08025481899615186
0,2.0684382947735093e-27
0,0.6407828997405159
0,1.890079406348329e-15
0,3.838230999716923e-06
1,0.09710870742123609
0,4.019504356407851e-06
0,1.3284348335242645e-13
0,6.230455511338395e-06
0,0.1598005961874784
0,1.2274317035985787e-25
1,0.6685077476542384
0,4.269543081234845e-10
0,3.2015798234951524e-05
0,0.007870613645215772
0,1.0321399852025654e-17
0,2.090162963416441e-17
0,3.6282329523765664e-07
1,0.4179201762984235
1,0.25211348901385294
0,3.372491743260287e-17
0,0.0006549427213632186
0,5.308047820789367e-15
0,9.884332604678668e-07
0,1.1470431270638886e-21
0,0.00042934629621559827
0,8.196151276441071e-18
0,3.711264158090686e-26
0,1.407783541902277e-16
0,0.13170687474523496
0,2.7938374836897657e-18
0,1.6558692799134595e-18
0,1.2338375302459535e-16
0,2.2436427050552897e-16
0,3.1679883739512732e-21
1,0.5385073859251601
0,0.016111723061862204
0,0.3035817487877122
0,0.07576847235229191
0,3.246011465943744e-07
0,1.9488725590047863e-19
0,2.251283725564149e-16
0,5.37296987384816e-19
1,0.6391923370200241
0,7.200009621579502e-13
0,4.017736423429259e-06
1,0.6779446227012023
0,8.117933010077501e-26
1,0.5281010682311988
1,0.1543505910060427
0,8.825359230730588e-20
0,6.200434622553699e-08
0,8.812347825220427e-21
0,5.626620202108658e-07
0,6.00525094360125e-17
0,2.831847864450881e-19
0,1.0750856072142193e-08
0,1.551263782932957e-07
0,2.945488041125024e-07
0,2.9360137146800254e-05
1,0.4812986370228124
0,7.146428355710759e-08
0,9.342534780761267e-16
0,2.3719338631192148e-15
0,7.996590023257066e-16
0,8.819430657994485e-05
0,3.180219135393966e-18
0,1.4064851782256005e-19
1,0.3997508852582043
0,5.715654535852207e-06
0,1.5149518096550303e-15
1,0.2982902287881259
0,9.771561765605808e-06
0,8.18361989616969e-05
0,9.128374602901278e-17
0,1.0077752651568892e-12
0,1.066776651287874e-17
0,9.52616035878412e-28
0,5.1530434783095176e-15
0,1.3690214015186855e-15
0,1.5548590306459608e-21
0,5.700413417061985e-19
0,2.2894613986173296e-07
0,9.624921937937289e-09
0,4.700512639543731e-18
0,5.525715361579007e-18
1,0.9999999996800768
0,2.2318576384812005e-26
0,9.860296767685586e-09
0,5.797867903423694e-06
0,1.0049257088933912e-17
0,3.8923256845371306e-26
0,0.4462151077898765
0,0.2714584398852221
0,2.0089125326898932e-14
0,4.123726656516948e-07
0,5.3679125404948706e-17
0,0.18765948589760406
0,0.3697610693914638
0,6.279969735083466e-25
0,1.0830046773588492e-25
0,3.516591966239617e-26
0,2.4744110120999574e-07
0,1.3230579015324215e-14
0,9.866934660862156e-19
0,1.0247023426068017e-17
0,2.5416976888314925e-13
0,0.3690286948402313
0,2.2892963928632846e-19
0,4.04116021116427e-16
0,1.068320434991982e-19
0,0.36562324440753796
0,4.792907948612336e-17
0,5.2174621781411495e-17
0,5.829983142390589e-17
0,3.868682289949902e-17
0,4.789003869847854e-19
0,0.3143087542536964
1,0.7557566418277918
0,0.0021991994420833254
0,0.29373363168268773
0,0.46839329014433156
0,1.3558411456205864e-16
0,3.120501929756097e-08
0,6.686073937372683e-12
0,1.4370038720093983e-19
0,1.5869062129574653e-07
0,1.2207553344143367e-24
0,1.6639854912028944e-07
0,0.06041652391026126
0,2.303757853865233e-15
0,0.6169667885202456
0,4.269543081234845e-10
1,0.47981991540193897
0,3.355179453427045e-17
0,2.669958573244849e-19
0,3.2559919628532893e-21
0,3.7015635765998267e-16
0,1.1372858491399273e-07
0,0.009133904486054162
0,6.705127289552488e-17
0,0.3546084020542796
0,2.667430577223393e-28
0,0.0038740629753438705
0,2.7476320061910334e-07
0,2.4698448981781202e-23
0,1.23645543927698e-19
0,0.0016943676130266136
0,2.9321635296216682e-25
0,2.789622556042649e-23
0,0.09203097797117686
1,0.232348500480203
0,8.385740120168354e-19
0,0.006100505934791344
0,5.925796094604769e-19
0,0.013926267014074003
0,9.595694567989462e-26
0,0.00014319371725810272
0,1.2920713911146054e-05
0,9.055889984187928e-25
0,2.260642583726939e-18
0,2.471089715369928e-24
1,0.8518185437489154
0,5.74300268297388e-14
0,9.736374616850122e-08
0,0.7215714055356514
0,1.4134766037124048e-13
0,0.00757419644602085
0,6.66649366431483e-25
0,6.805982316738348e-05
0,0.0012859161885086646
1,0.3563620566956902
0,1.7010371975523856e-14
1,0.27474028187481103
0,3.2345634865056106e-07
0,0.37184676295452423
0,5.641105608035827e-10
0,4.327249480739154e-08
0,5.501559490766519e-24
0,8.796492430696059e-17
0,9.395624418817439e-07
0,0.3111407752700408
0,0.15074839047867214
0,2.3772912363337706e-27
0,0.14486081428923614
1,0.5093661531580398
0,0.4127821701377872
0,1.878842776730939e-21
0,8.676031435976122e-28
0,1.5817590173210935e-18
0,2.213594577800371e-21
0,0.06431451208591125
0,8.372991120946612e-24
0,6.869917677515232e-28
0,8.124150729360787e-22
0,4.966562814827944e-07
0,5.503026180167588e-16
0,3.7726271741296797e-06
1,0.8123721196016715
0,3.766321116355396e-12
0,3.5901505909850636e-17
0,1.3487453804081511e-05
0,4.961516197541548e-16
1,0.7780473103848515
0,0.001372384698103238
0,0.556579494066607
1,0.7823625882014231
0,0.08656910877097082
0,4.2652333273956185e-18
0,6.1763403640893275e-27
0,2.7677037528232444e-05
0,4.08318474774782e-18
0,7.817115535888728e-20
0,0.11742463837938578
0,9.979003811810085e-06
0,0.07475553321732646
0,0.007063293342164433
0,8.550713567936231e-16
0,4.47392383416058e-16
0,9.858603426406292e-19
0,3.18948157298959e-25
0,1.1597359554962602e-16
0,7.556466540261386e-08
0,6.2191284241012245e-27
0,2.8163620498021867e-17
0,1.1797150933886977e-07
0,5.529213910473652e-06
0,0.006151384722833203
0,5.618887677780705e-09
0,4.864193325247643e-06
0,0.08242035687609671
0,3.045429229265377e-19
0,5.980214862468466e-16
0,4.381079608033933e-05
1,0.8151334292916688
1,0.4806627352486928
0,0.3737864407415587
0,0.32783806178339436
0,1.3491957197754315e-06
0,4.603628839413396e-06
0,0.17006764910781028
1,0.43750743227031946
0,4.2407411145543803e-19
0,9.78855994661471e-18
0,0.0008697459501879782
0,2.2123781304915785e-18
0,1.027800777798941e-06
0,4.020992189747015e-06
0,3.999288435019968e-17
0,2.5531365739221e-13
0,5.550713033309304e-20
0,0.20268649482608775
1,0.5389778181916889
0,6.250612165478775e-08
0,1.2119185460891889e-17
0,1.6949542092396543e-17
0,5.3092170291755723e-20
0,1.3346609280824198e-17
1,0.8288289917740143
1,0.503339595898511
0,4.425255583808299e-20
0,4.762488136097576e-24
1,0.35726621246840673
0,7.834231637107426e-08
1,0.3329593579705117
1,0.1860137411819082
0,4.6197138885251374e-17
0,1.0641616357853387e-16
0,1.5402794968060153e-20
0,4.782605040702821e-07
0,0.0034238306949273514
0,5.404177968586978e-17
0,8.759401089114062e-08
0,0.12408581547992129
0,5.524262015223007e-13
0,1.0973361112991462e-18
0,4.522887253526903e-07
0,0.27542064427969865
0,1.3341610049416119e-17
0,4.506307058784276e-21
0,0.0008855650775156034
1,0.6932737892959004
1,0.8422272865522783
1,0.4328026675570824
0,0.1130764228106196
0,1.3270629133419441e-17
0,0.298963093465766
0,1.4876676455489831e-16
0,1.4295008943779996e-18
0,1.0341163130144132e-14
0,2.8668574379443e-19
1,0.21214382634528617
0,3.3016908448749676e-06
0,0.43720035382482814
0,1.2767234809319356e-16
0,1.7270906936920013e-06
0,0.9091456160994118
0,1.6039035437123422e-07
0,3.5063262303795208e-15
0,5.617052117320923e-20
0,5.3705079535912316e-17
0,0.10118418549700128
0,5.535367312143301e-17
0,1.0452197051247455e-06
0,6.465223076864265e-19
0,2.7907361134603606e-25
0,7.670467965406618e-12
0,2.6238382075596973e-16
0,4.4031459785279044e-07
0,7.267395034087115e-19
0,5.0412778003398136e-18
0,0.30146785201655707
0,2.0932846330302252e-18
0,7.113641946472694e-05
0,0.013897223231485189
0,7.872946618399925e-16
1,0.6280456681262155
0,3.859549869441874e-24
0,3.302354897732145e-07
0,0.006973908369941101
1,0.7546301372855191
0,2.2633209453056663e-06
1,0.011398192668955743
0,5.6249122451109156e-08
1,0.4928225753350787
0,0.2553416888959089
1,0.41975748965983106
0,0.16335752136314546
0,1.4467346508089876e-17
0,1.751814966822857e-12
0,0.02503725739887589
0,1.430066837182573e-17
0,0.18936451761002418
1,0.5473424979188621
0,4.1317222131998803e-17
0,3.2700412969053217e-16
0,0.0012345632151602394
0,0.2875836661288464
1,0.20975590497430477
0,4.150796612966349e-07
0,1.2558043823542476e-16
0,1.4128089543307175e-23
0,1.811834307527882e-21
0,8.318063885011386e-17
0,1.1414402952234273e-18
0,1.1769919525270172e-15
0,2.582201318774678e-17
0,2.2761488130876744e-14
0,5.005575341466884e-22
0,1.4819530558892919e-18
0,6.336663780023803e-25
0,2.6505765850446977e-17
1,0.574173785461052
0,3.844751374502333e-12
0,2.1034738269545302e-07
0,0.000890531324483385
0,2.4466432515783573e-17
0,5.0014825540977886e-20
0,3.5056516866472515e-20
0,1.2293236280695957e-22
0,7.00496695898143e-09
0,7.00496695898143e-09
0,3.2559919628532893e-21
0,0.041770790564318115
0,1.9648539082527652e-07
0,3.551333330935844e-19
0,0.00015941161384771374
0,0.14599200592499562
1,0.38433373552932193
1,0.7158926721750593
0,8.317484324475042e-20
0,2.793295945842356e-07
0,1.3371468261635948e-16
0,5.186176213601353e-07
0,1.329769881606314e-23
0,3.336110342548006e-26
0,0.24876953587380962
1,0.47525586212194976
0,1.838367184662035e-05
0,0.6366494157595995
0,1.0715591249357963e-16
0,4.316714063800912e-16
0,1.8717497230411025e-18
0,0.0006649121621101599
0,1.2800421589613936e-08
0,2.6320333528098678e-23
0,3.339709420383173e-18
0,1.8634693816622061e-16
1,0.6611484830400085
0,3.3349522316754127e-18
0,5.704939339106034e-18
0,2.053820004595204e-23
0,2.9922568782681907e-07
0,6.095635180175965e-08
0,1.8744213034283752e-20
0,0.0009436237879487384
0,0.00014090632137961692
0,1.379979744831894e-17
0,0.2939325885734918
0,7.710538104911423e-07
0,7.36276538866079e-05
0,0.37177079960542486
0,9.419557584474233e-21
0,3.2559919628532893e-21
0,1.5554546423969341e-12
1,0.003020892798946865
0,4.750169598553274e-08
0,4.2978559432913784e-21
0,2.148004579807476e-21
0,0.10243749426935958
0,5.673875744119041e-25
0,1.0999372290034863e-08
0,0.004906033821618338
0,1.6701543369262543e-07
0,4.559487490984594e-20
0,3.288898721147931e-20
0,1.6514453879285305e-08
0,2.4002567216855557e-25
0,2.6955261577603618e-22
0,5.4094096089786595e-27
0,4.638851336813785e-16
0,5.7476525925546664e-18
0,1.3538247641653408e-18
0,8.642694187541743e-15
1,0.5086624309226705
0,1.574764346974069e-25
0,0.4982925048823248
0,2.4092318299578557e-16
0,2.036439506917065e-05
0,2.8258476403779657e-26
0,0.2329251757527729
0,1.4285749193391661e-06
0,6.787867148559166e-12
0,0.19103527666042883
0,2.1482743271401547e-06
0,0.15908952102511245
0,4.9105714727474125e-06
0,3.093490560313515e-24
0,0.14380343239876814
0,4.8476106584234307e-17
0,8.736248146760002e-19
1,0.5078852232001256
0,0.33182031490448394
0,8.489125909691512e-16
0,0.3627400936427239
0,5.6414890373986605e-09
0,9.955858358827272e-15
0,2.1496348173395525e-14
0,5.865798952124945e-20
0,9.214049899828011e-05
0,0.0010563234386176863
0,1.204413270555866e-18
0,3.950888317419038e-18
0,1.461227005853085e-09
0,1.0537420369982757e-08
1,0.9999999996800768
0,5.111841898179503e-16
0,5.7285920207025535e-16
0,3.7157559644222263e-17
0,4.05678372986755e-17
0,0.003505132744608847
0,0.11925151925101377
1,0.16439361237093278
0,2.4336562571214346e-06
0,0.10061034162768769
0,1.9386689164771728e-19
1,0.1255621954525437
1,0.4705011222714906
0,1.6394945349718687e-21
1,0.17036800358630963
0,7.326392085407914e-20
0,1.326917665035376e-07
0,6.57102269350788e-27
0,3.7091379746547125e-06
0,4.4843982153216775e-06
0,8.293796456519382e-16
0,1.9566510542124658e-17
1,0.6221019097310367
0,0.3158495026920243
0,1.1061534461145363e-07
1,0.6418504391122628
0,2.1205653114849904e-18
0,1.2766107422812225e-07
0,2.9687379694078696e-25
0,0.0009353096695455074
0,1.2612813270222052e-06
0,4.5515128562311145e-09
0,9.899802623397238e-06
0,7.493377943326641e-27
0,6.627728608613743e-17
1,0.2536315620046937
0,9.231791460919641e-19
0,0.12907300096586685
0,0.640605751638317
0,1.9989345802645355e-23
0,4.818381010884928e-08
0,1.8741345115390836e-19
0,1.1452303283606337e-11
0,1.4096793785192984e-27
0,1.8638327547933275e-18
0,1.0680480640790776e-18
0,4.700758844761017e-23
1,0.4267946805476735
0,0.02316600015957252
0,7.469439719417758e-20
0,5.829148233020866e-17
0,3.4889736812421846e-25
0,8.38549686101826e-08
0,0.005210653905068291
0,6.643699044545624e-14
1,0.44057828708402624
0,1.1674838110280829e-16
0,1.004855399219442e-16
0,9.156580430911768e-12
0,1.6723497999834808e-06
0,1.2756598182457463e-06
0,4.56802303274627e-09
0,1.811834307527882e-21
0,3.668478439131688e-12
0,0.29278929629838496
1,0.08362633672698806
0,1.9512679617981637e-22
0,1.2629104005436737e-17
0,1.5904631250117767e-17
0,0.4410209015872435
0,2.4002148168428012e-05
0,0.2210002656689585
0,1.3743571280268078e-21
1,0.6704720184539007
0,0.44559062748778056
0,3.788512316430203e-15
0,2.818979418271333e-20
0,3.451097723810017e-17
0,1.257763195982196e-16
0,1.1469608634437774e-19
0,0.035481615193375844
0,6.788658581264172e-19
0,4.137752984876805e-24
0,7.40727946992006e-20
0,1.9659035221056603e-17
0,3.3429282703641445e-25
0,2.148004579807476e-21
0,1.036767583747394e-15
0,6.125397723121821e-19
0,1.7103419119965753e-19
0,4.4365942200953096e-16
0,1.878842776730939e-21
0,4.5449715444588203e-14
0,2.3931355260625372e-27
0,7.942408268871463e-21
0,0.0012868982521038936
0,1.8442877763928938e-14
1,0.7256852595374905
0,0.772255668969055
0,1.7109014830636007e-06
0,4.203605234621652e-18
1,0.8115347908718697
0,6.450571182366341e-14
0,1.7219261696821904e-24
0,2.864075302689806e-07
0,1.4659225708476568e-16
0,7.888623499577327e-17
0,0.2382768789279475
0,1.0267729181937377e-13
0,8.245163908338189e-11
0,0.011390787593362223
0,1.2557825715124773e-17
0,7.29456435504466e-19
0,0.0011845751132395941
0,6.993717053892185e-18
0,1.3871780778066656e-17
0,5.37430563352307e-18
0,3.3729215125801835e-18
0,2.4124338931220606e-17
0,0.1328179296332579
0,1.4427262531359844e-27
0,0.6144507702997454
0,8.731728015020174e-20
0,2.2521889850100835e-20
0,0.4619379344778507
1,0.9146248581659218
0,0.11273671024490939
0,1.2865007157036826e-05
0,2.322145986675822e-20
0,0.5463920767302951
0,0.0034785793346743064
0,2.789622556042649e-23
0,3.235400787844375e-16
0,2.6532917787350894e-15
1,0.4938971097706185
0,7.516827288139041e-17
0,0.0022154455845383183
0,5.0922039972715055e-19
0,0.5441190658798027
0,1.3432464815280666e-27
0,0.2997241912746681
1,0.2660220324984468
0,0.0005722838480872788
1,0.903978630405741
0,3.763542908343197e-18
1,0.19752956760873366
0,0.03461152574217397
1,0.3191273380012284
0,1.6900395487028086e-14
0,1.871014236575175e-17
0,0.02680872348980691
0,0.0003264816003702649
0,5.2694160407299864e-20
0,6.397306651452397e-16
0,5.055473260937679e-25
0,3.227539749705149e-25
0,3.8090626060919316e-07
0,7.0854518653960865e-06
0,4.274006100492245e-13
0,1.2054730351005768e-05
0,5.702001597691836e-16
1,0.5476066395376102
0,9.604118465960916e-16
0,2.917881333997799e-06
0,2.8020050132545764e-23
0,1.5402700779560997e-26
0,1.1910655607530975e-20
0,7.499443843823699e-20
0,0.0017737293111634816
0,1.3619130026418904e-08
0,2.893739316665422e-14
0,8.32726912616157e-17
0,1.0040617866772216e-19
0,9.851078277471973e-17
0,4.2012761556732497e-26
0,1.931175937575606e-05
0,0.0007564381743678566
0,3.053576817061103e-20
0,6.573601242120698e-17
0,8.431242874694054e-05
0,1.879276043934894e-05
0,9.972561154199324e-07
0,3.825933145354372e-08
0,2.196083164819802e-14
0,0.4938475604911497
0,3.0502752553516996e-17
0,2.0140394621347315e-27
1,0.5219078846413916
0,6.098894026939068e-13
0,1.1604731839717865e-17
1,0.7730761531123247
0,9.342189656052244e-05
0,0.3617800649302344
0,2.956573426540589e-07
0,1.366368652784967e-16
0,4.275191635134504e-18
0,2.2293170967864028e-27
0,0.29402549682899143
0,9.062876349486733e-18
0,0.027097070184475564
0,2.934404669435441e-20
0,6.55531787441674e-20
0,8.735835909162627e-18
0,0.0002652410908155881
0,7.134819127142585e-15
1,0.6980560149897584
1,0.35671438803104794
0,1.087910093977207e-17
0,1.1733512664528716e-23
0,4.025244525033477e-16
0,3.857040569738481e-17
0,1.1712619984613699e-27
0,4.880256335075163e-07
0,4.0455120250796036e-16
1,0.5422949944804465
0,4.743069961934977e-23
0,8.715157871315836e-21
0,1.2995857045674157e-17
0,0.2875116537342524
0,4.53947900386221e-17
0,1.0891861263897416e-18
0,0.00010282854663196698
1,0.048942818820376606
0,7.965751085763688e-08
0,7.083583583256423e-08
0,2.800619588946439e-23
0,1.367818293882841e-21
0,4.9756061498512414e-27
0,3.083368476499624e-20
0,7.866762904331653e-19
0,2.173085846037934e-07
0,4.26949444375615e-23
0,8.548329053130532e-17
0,5.569769766209524e-17
0,3.2559919628532893e-21
0,1.4303270639254548e-05
0,3.206171825945815e-21
0,6.266711296120111e-20
0,5.830503925048349e-17
0,7.290841633378798e-16
0,1.1666568386780221e-26
0,2.0781244313986793e-16
0,3.5524498438467936e-05
0,7.956408118156263e-19
0,0.006722964418613093
0,0.28193028354038274
0,6.562039153207819e-05
1,0.24715358439737323
0,9.14097674501948e-18
0,3.9543974185305136e-19
0,0.11885299990196094
0,0.0001741756500861092
0,6.000490967675263e-17
0,2.3971211199594892e-15
1,0.7095833993776955
0,5.63737371519592e-20
0,9.529050198593506e-07
0,0.13915265977641772
0,2.7136081321292023e-20
0,7.00496695898143e-09
0,7.251227878118772e-15
0,1.3498720286870498e-17
0,1.107569640732522e-17
0,3.3658436630489234e-17
0,3.5361344183730255e-18
0,3.655891769086554e-17
0,2.0219373063902014e-20
0,1.6636774265892005e-07
0,3.9373717130267544e-08
0,1.6959150982345678e-07
0,1.1536022398899377e-16
0,1.6877113941423823e-15
0,3.1749371231942055e-18
0,1.8987760566328815e-21
0,2.3316599395110387e-08
1,0.8330259533590499
0,2.805822642249555e-13
0,2.701475399627599e-16
0,8.40700766941697e-18
1,0.3685051745266848
0,2.1039363949392633e-05
0,0.03814252383559744
0,0.5925324324549572
0,0.4176612065001991
0,2.659542605864918e-15
0,1.2929558948824358e-16
0,4.979223809107534e-06
0,1.67616980471109e-17
0,1.286174240469083e-16
0,3.924771670206901e-22
0,5.830471554578102e-17
0,1.2182516517625098e-26
0,0.16541984932651924
1,0.8533264252628339
0,0.07361329422399898
0,8.430745742749128e-05
0,3.1910850847672245e-27
0,5.169850858195666e-19
0,1.405435964910325e-07
0,6.051516279171746e-19
0,1.877212727578073e-20
0,6.499695045214332e-07
0,2.9489138486148685e-08
0,4.521167230018552e-20
0,3.867218833921626e-14
0,8.243139475153411e-21
0,4.022214199087176e-17
0,3.083203870729958e-16
0,4.413242775319057e-17
0,0.07422893417902596
0,1.1643388973150746e-06
0,0.36254151822918634
0,0.2875765778185783
0,1.1276589466557732e-07
0,1.0891806907093697e-18
0,0.6504091977532738
0,1.9896176567021431e-16
0,3.941204798876713e-07
0,7.266468478246169e-16
0,3.520190139612795e-16
0,7.744574847595317e-26
0,5.0449513265257545e-08
0,2.0046941370286224e-20
0,2.0934856286129793e-16
0,4.894501537985849e-16
0,2.4302791024469967e-20
0,0.5624396231369105
1,0.5035839855126716
1,0.8958837806530325
1,0.6608999399630794
0,0.08624066901643794
0,0.012032018990348944
0,3.786037786741087e-16
0,0.00023064561347455222
0,2.703003690135358e-23
0,5.013041877864151e-19
0,8.9850928695582e-14
0,7.528954231011065e-07
1,0.5573323832146527
0,1.0220527778448062e-26
0,7.887702376418704e-14
0,1.940644056933013e-06
0,5.911168362406873e-05
0,1.3122082226344139e-27
0,0.2249395367759873
0,2.9394039295661267e-19
0,6.573526518914743e-24
0,8.388313018159766e-20
1,0.5883874620959145
0,2.0697741696981127e-18
0,4.901148556582161e-15
0,2.1115312715687822e-23
0,2.631592160472551e-17
0,0.12211787185723608
0,1.5426692875102983e-19
1,0.8067414817397358
1,0.588743470997308
0,6.007001672981837e-20
0,3.725911033315224e-20
0,4.384659412853735e-23
1,0.5348387878484571
0,4.5132413610141725e-20
0,2.2606013057210605e-15
0,9.622059898734833e-18
0,0.00014014353071968425
0,0.0039903114091160595
0,5.306917521981618e-23
0,3.890946941145086e-24
0,0.29252262079432173
0,4.720002920962613e-16
0,1.037835232010223e-15
0,5.010636981173599e-19
0,1.7705717645020069e-15
0,1.2937456467188187e-19
0,1.0393424287525224e-17
0,2.212267151000466e-06
0,2.398965755591933e-20
0,1.0098289945474722e-27
1,0.5132119114881409
0,4.034208776334323e-07
0,0.33995550500483984
0,0.2648294036011602
0,4.230773956185667e-18
0,0.012800509033282571
1,0.6374564102846323
0,0.00015803351792286914
0,0.0023002281983713286
0,1.9579807506790905e-25
0,7.351030246907839e-08
0,1.686580757208437e-26
0,3.127317091307278e-07
0,6.989714919232236e-21
0,0.0004590969298625202
0,2.823400861079638e-07
0,1.7860102434600646e-18
0,1.5282322930763517e-11
0,1.3225298339211313e-17
0,9.062762524308426e-21
0,0.2533280034140524
0,4.2870835452819136e-20
0,2.3476682148487733e-07
0,1.199345078772965e-18
1,0.3044820567936819
0,1.2237229968600503e-18
0,2.2632672864725344e-17
0,8.343423224881115e-17
0,3.392286202883076e-17
0,4.654063371759616e-17
1,0.6682682938190054
1,0.9460102978091266
0,3.4297843966224615e-06
1,0.45533807919297586
1,0.2134906929821318
0,9.136029396351057e-10
0,4.2476091899204276e-18
0,2.93662317720119e-16
0,0.004836163034419585
0,0.11200961212085604
0,8.0997322418558e-24
0,1.3743571280268078e-21
0,4.4600995598746545e-07
0,3.858294843399101e-05
0,2.660582105569732e-18
0,3.0179128102726773e-06
0,7.567307110442916e-20
0,2.804200650419531e-08
0,6.905648175543602e-16
0,0.008808038914400988
0,1.6622906076230103e-27
0,0.00010156913769499567
0,2.2097091006594455e-07
0,1.5445864575310354e-20
0,1.0022105985554836e-18
1,0.8124914551508291
0,0.00010921575265021832
0,9.761854724415875e-06
0,2.0642449222976104e-16
0,2.9367815052263976e-26
0,7.454260737905228e-17
0,2.148004579807476e-21
0,8.33236694222846e-16
0,1.99728645049577e-15
0,7.954848104976457e-14
0,1.5418786637574385e-26
0,7.973512455984413e-19
0,3.854417440269308e-24
0,0.007417638439743878
1,0.22512524158272537
0,3.815665097651443e-16
0,4.957060401564187e-17
1,0.2507839445164982
0,5.47043710267786e-06
0,3.6178866094863645e-16
0,1.2223116950517882e-07
0,7.40726589541087e-05
0,1.2351465783202652e-17
0,5.126299679407849e-12
0,8.535846565429077e-08
0,1.0709934400636416e-17
0,6.719527158627447e-27
0,9.067733731939358e-07
0,0.06851496415662006
0,2.6428767389989326e-16
1,0.592061929084481
0,0.18307981999184908
0,0.33316598556029653
1,0.2685088509204866
0,8.28265753855159e-09
0,0.08649921924142996
0,3.348197813808403e-19
0,1.340388295179677e-16
0,2.1236696481783168e-14
0,9.156580430911768e-12
0,0.009766485815703647
0,3.2020438085831464e-21
0,3.642785616729966e-18
0,7.217606988885244e-20
0,3.832749509341438e-20
0,9.020570195841781e-18
0,0.0003784912960324351
0,2.439842294677253e-17
0,1.095773773631466e-16
0,9.988226297855247e-19
0,8.620102448132137e-06
0,0.09225113194763553
0,0.43226577154897317
0,6.130721171390771e-12
0,1.1048636667296491e-05
0,2.2281028223796403e-05
0,5.293438797492166e-07
0,1.5402700779560997e-26
1,0.8309531721209314
0,3.737209075964698e-20
0,6.364642444011331e-27
0,3.0440663919967366e-17
0,3.2559919628532893e-21
0,7.854563974789328e-20
0,8.709476429668658e-20
0,3.0578356063117486e-18
0,3.969462779392657e-21
0,0.15087804508719793
0,0.08893700046643044
0,2.01864293961424e-18
0,0.7835015874791696
0,7.732324949129524e-20
0,4.951926166294202e-07
0,6.0437301764581e-07
0,0.3839834976402784
0,7.834802918667628e-18
0,0.1234180194335581
0,0.5936551954608191
0,2.0224907124754638e-15
0,4.878335274412834e-05
0,2.387469417807471e-16
0,5.586507416841583e-16
0,0.00017585181986649442
0,9.713648433083554e-19
0,6.025628563421675e-20
0,1.1609550495099562e-18
1,0.37508655858071027
0,0.0469259261933202
0,0.001710055717356111
0,1.6891408017389854e-16
0,2.042426761016102e-06
0,5.292489091565706e-18
0,3.36747538740873e-20
0,5.254200747913362e-23
0,3.359968766718236e-16
0,0.7408309712830181
0,6.403934701283993e-28
0,2.421635996351925e-07
0,1.3916333924974642e-07
1,0.7308570694938611
0,0.11174863800363773
0,7.127503336012699e-18
0,3.9539239978268975e-15
0,1.410592720674419e-17
0,4.176012053179029e-07
0,2.349140969265649e-17
0,3.563815298158257e-15
0,0.04694086298852906
0,5.1711742922525944e-17
0,2.6594834131334926e-19
0,1.455685583173123e-15
0,1.1215941501901112e-20
0,2.101033043414874e-21
0,0.042363136487106684
0,6.121173127069068e-05
0,3.335919286561872e-21
0,1.247927013522099e-25
0,0.007592357963671012
0,2.3103522029728786e-18
0,0.23862608934492227
0,0.7731687589836735
0,1.2246569948576142e-15
0,1.8614795966037898e-18
0,0.006615858525198483
0,1.7762427082958982e-19
0,2.2534545443992077e-16
1,0.409853773469624
0,1.8279821185841183e-18
0,4.906099307706178e-10
0,1.5402700779560997e-26
0,4.2431873023170814e-27
0,1.234838247843673e-23
0,1.287937204384699e-16
0,3.979107044440763e-16
0,1.7588709537845772e-19
0,4.8944380137924584e-06
0,2.0010937469941072e-08
1,0.4607062153078802
0,1.4658140617103787e-12
0,3.344009455936048e-08
0,2.743697805923775e-19
0,1.57272092417672e-25
0,2.5715571164675058e-26
1,0.5107985303957229
0,4.502632929495887e-17
0,6.279198197197111e-16
0,4.1252457495825856e-12
0,2.12396705257007e-18
0,1.278985765873986e-15
0,0.004424635128195542
0,2.871620164749387e-20
0,4.286293222499472e-05
0,8.538778237999823e-20
0,0.0008744793765918832
0,5.520580964359125e-18
0,2.0430693827313576e-14
1,0.09504988451347884
0,9.596525937597125e-23
1,0.4753776625113248
0,1.6451713839279712e-06
1,0.4105338458573153
0,7.425835735451165e-28
0,6.676125059581491e-43
1,0.8072966673379744
0,4.90107954031069e-16
0,8.448310661991658e-13
0,3.3632353467545516e-20
0,9.102112900937684e-05
1,0.2901056721200736
0,7.572963379614186e-16
0,0.3874567405692933
0,9.679799222089786e-07
0,5.661421073447236e-17
0,3.673732472161025e-07
0,3.378170462782415e-07
1,0.9999999777156714
0,8.627501978082685e-15
0,1.0602024922023396e-16
1,0.5354403257811742
0,3.414806385708653e-08
0,2.8184905057647016e-23
0,0.3403418765855492
0,0.026310568327404596
0,9.538256162832132e-20
0,1.46710814017269e-18
0,2.902634447956167e-16
0,8.759402900626609e-21
0,3.457633155708156e-18
0,6.385056004932969e-20
0,1.5657998022851525e-05
1,0.2927436079111163
0,1.878842776730939e-21
0,6.20900091173543e-08
0,7.357605185148584e-07
0,1.0505023082002983e-27
0,8.10565655208846e-15
0,2.8804398679259242e-18
0,0.5245894703042694
0,0.49088513521924315
1,0.5569763276236187
0,9.991219165183592e-15
0,1.2153937216358498e-15
0,2.2736438482605468e-17
0,2.635991080591214e-20
1,0.27647659161916466
0,9.816089902927371e-20
0,3.539003406381204e-15
0,4.2802991332298266e-21
0,2.829694449514225e-23
0,2.746892962970629e-18
0,8.091997286199962e-19
0,1.8348358201661221e-06
0,0.54578599195367
0,3.28853269967947e-19
0,3.1580100550839195e-16
0,4.1718768199078393e-16
0,2.2280301150647213e-16
0,2.0573034384626895e-17
0,2.4204661226708085e-15
0,3.6646676824423264e-26
0,0.21235690808676871
0,1.2703087063253226e-07
0,7.745012586968132e-11
0,4.954404713526551e-19
0,0.0004973785982906597
0,6.389010171760188e-19
0,1.0452922565773282e-20
0,2.368824244797383e-05
0,9.474554881764434e-15
0,3.025337280665213e-20
0,1.1466550784918966e-14
0,2.312934417916927e-18
0,1.1563562348062893e-19
0,2.014767209113372e-19
0,3.5493077195838394e-17
0,1.880209580032038e-07
0,0.2733867860690044
0,0.1119242894619699
0,0.4246993286036931
0,5.024452275146076e-27
0,1.878842776730939e-21
0,1.158809134507349e-19
0,5.89277070942112e-19
0,2.690176220358031e-18
0,3.069971271993804e-24
0,8.532584279098984e-21
0,3.259750326784669e-27
0,0.26328788723417546
0,7.70634607040263e-18
0,2.665493532162631e-23
0,9.52616035878412e-28
1,0.9750921856450624
0,4.0962893018564284e-26
0,7.729697956734565e-15
0,5.361021510267787e-05
0,0.002521716668203046
1,0.5346860475066372
0,5.454574594836429e-24
0,3.9588200060137747e-19
0,4.324726102783223e-06
0,7.311545795112758e-20
0,1.9671600554753514e-27
0,3.729147395069312e-18
1,0.6346833868018306
0,1.2662266195158444e-05
0,2.042162521824106e-05
0,1.3813177920848473e-27
0,1.0973821531294543e-16
0,2.551938124940762e-18
0,9.015235100001685e-16
0,3.423171750468254e-17
0,2.148004579807476e-21
0,4.074040311101361e-05
1,0.6763116560111324
0,3.8876381319100846e-16
0,1.527695931497303e-15
0,8.223623949143665e-20
0,0.04119134202113878
0,7.083235356364352e-16
0,4.093435590920809e-17
0,1.3133887483985314e-16
0,1.1130196982718455e-18
0,7.755173858716046e-20
0,2.715651253262067e-27
0,3.143034336416747e-15
0,1.2763981935993084e-15
0,9.766310730951242e-07
0,8.391548014331766e-17
0,3.734966074391966e-21
0,8.069094543657353e-19
0,0.6647953417482764
0,1.0830046773588492e-25
0,2.5866105998957094e-18
0,4.950953257541048e-16
0,2.7591965383201595e-06
0,2.358710512847123e-18
0,1.563078768858248e-15
0,1.0143530267193329e-17
0,3.898787413685302e-08
0,1.811834307527882e-21
0,0.49820444473698106
0,9.59424720595748e-16
1,0.35367298933880875
0,0.002596983298472211
0,0.002491623790445543
0,1.377686121792959e-08
0,5.9251306156667055e-18
0,2.2072760229405793e-08
0,7.08615565112391e-13
0,0.3028653985508105
0,0.014269967392980658
0,0.12425646558917731
0,4.3042073020305513e-17
1,0.5569083374531169
0,4.003489992085553e-06
0,1.8939226457407097e-17
1,0.513278057149362
1,0.5399722267218531
0,1.285651468250197e-07
0,2.377834258604639e-15
0,2.2273121160926623e-19
0,0.004946454834276614
0,5.3339262411544976e-27
0,1.7371940503826402e-18
0,8.741644080138374e-25
0,4.8575828448623664e-17
0,2.2032938986478308e-09
0,3.8842524473405517e-16
0,4.080017808503296e-08
1,0.3152369763697261
0,5.528421395178771e-17
0,1.1117251648765632e-14
0,3.469941780364783e-07
0,3.5716512496318426e-17
0,0.08481412580138288
0,1.0574021303507287e-07
0,4.610450339056462e-27
0,2.7936639926682106e-15
0,7.881258452960233e-16
0,2.1208864398133174e-21
0,2.148004579807476e-21
0,0.08917397365861764
1,0.45666059225201466
0,3.8925406035869e-05
0,7.317107339243282e-13
0,1.9034413861153492e-17
0,1.9886246645284537e-16
0,4.097925798273976e-18
0,5.8044207419725945e-08
0,3.25754906906268e-19
0,4.453705355340744e-22
0,0.0004671592745561245
0,8.386647513494744e-17
0,3.0267654628651223e-18
0,8.837905298431718e-16
1,0.6424885203367502
0,2.607338799419138e-19
0,8.360596353076511e-20
0,3.023896725759697e-23
0,8.600358976033879e-05
0,0.35904748731996233
0,2.4338981346053235e-06
0,1.8669746610303337e-17
0,2.061343787761956e-06
0,1.7296795979526524e-06
1,0.1475912503952123
0,7.760133131721887e-14
0,4.213438425202744e-21
0,1.455685583173123e-15
0,7.755173858716046e-20
0,0.0281233765652867
0,3.629044338877165e-05
0,4.426071105711498e-09
0,2.4750494306765517e-07
0,1.4833852953424299e-18
0,2.704350098209415e-05
1,0.2873249014400695
0,4.269543081234845e-10
0,1.4306016007680977e-06
0,3.11750949951368e-16
0,0.10060851363626475
0,2.6736358953011627e-14
0,4.2917586986923474e-17
0,5.092575388041655e-17
0,0.2054741669745899
0,2.421463787419553e-16
0,1.4612186604520076e-08
0,8.040776863701297e-18
0,4.830639189039446e-19
0,0.002744814408468471
0,2.6200417627701424e-19
0,5.397699887913163e-17
0,0.7070833159820603
0,2.3555913679603236e-05
1,0.5804964851030041
0,0.001775504824442905
0,1.7161705092242438e-19
0,2.4735872548143635e-18
0,5.857912982693159e-21
0,0.65984982636503
1,0.609857497952625
0,4.630148480656564e-23
0,8.216538642538149e-29
0,4.524755811581294e-20
0,3.814915121947857e-19
0,0.001274088928227587
0,2.6214386277437435e-16
0,2.0943771588121919e-16
0,1.9061009446870759e-19
0,0.29063415269890913
0,1.941392296279916e-13
0,0.0026205473638728507
0,2.736778205505963e-23
0,7.423087951743331e-09
0,9.343884260479222e-24
0,0.22230254525569007
0,5.290524611591034e-18
0,8.907067221372534e-13
0,1.1131377182263076e-08
0,2.874584695625228e-07
0,6.82895983991436e-20
1,0.5794814512313355
0,1.5842016141405645e-27
0,2.148004579807476e-21
0,2.496172797331764e-05
0,3.479717267426462e-18
0,5.5714048765756e-21
0,1.4069228307865007e-15
0,4.46812932538606e-16
0,2.1619889611220032e-16
0,0.7015395294503487
0,0.49301382089838053
0,1.1711383199397624e-21
0,5.029274023127931e-22
0,7.331203825165327e-17
0,1.0120660008418803e-15
0,1.237533871311745e-07
0,7.096026360200356e-16
0,4.9927066196268156e-20
1,0.40595663490312117
1,0.3606057605090348
0,1.5791827061444054e-19
0,1.9116432246105052e-07
0,1.2098573308773364e-22
0,0.34798000827252795
0,2.148004579807476e-21
0,0.5053431908101542
0,4.2012761556732497e-26
0,5.071132109875489e-08
0,3.552752877877473e-19
0,2.3754400128335704e-27
0,7.05835882419642e-18
0,1.544745715116441e-05
0,0.0014693646937660881
0,0.43194810774318537
0,4.00802079647035e-06
0,3.714725882961635e-22
0,1.0140047186816636e-20
0,2.024034262429304e-18
0,0.20832883468265923
0,0.00021049731415578548
0,7.79851381363772e-19
0,8.853025700794208e-25
0,1.4427262531359948e-27
0,3.040801694412354e-16
1,0.32668378433505557
0,4.167995108282766e-23
1,0.36619672536922415
0,0.17708533938982685
0,6.555933472604868e-26
0,0.0005875770061130982
0,1.9171760584458528e-22
0,6.264671627445805e-16
0,2.444411893493807e-25
0,0.05432721174992697
0,3.4630026614850534e-19
0,4.3122493506154216e-18
0,5.552389636221587e-06
0,3.2529208795949886e-23
0,0.001086996355051646
0,0.49384756049115014
0,1.697103091987086e-23
0,7.70326209805653e-06
0,0.0009582278009220541
0,0.5776041807767474
0,6.267576311396612e-07
0,2.9894137370228145e-17
0,0.00014094608512384588
0,6.895386646914372e-18
0,6.955138918101722e-17
0,0.13711828934188405
0,0.004457588791627244
0,3.735492225749991e-07
0,2.5947077246340884e-18
0,7.019236216757429e-16
0,5.221469068619469e-16
0,0.03925297152910962
0,0.0015585809446245831
0,0.03902900168043077
0,8.243912577885115e-17
0,3.3953806615758127e-17
0,2.8744558119435928e-18
0,7.036706777243932e-18
0,2.5542496497586083e-06
0,8.070788518005413e-20
0,4.844911494443741e-28
1,0.36990792952893725
0,0.00721235699919485
0,0.1873927466574806
0,0.4465580752573106
0,8.674184724618279e-06
1,0.46613062299194585
1,0.46169744961175113
0,6.335869589388731e-22
0,3.975222599901204e-18
0,5.336038095804e-15
0,9.960236065218761e-15
1,0.8075207459527027
0,5.823654383876161e-17
0,0.5142383481363888
1,0.6102045150804024
0,7.755173858716046e-20
1,0.9813801069768885
0,3.3738067809911115e-19
0,7.1597835801005775e-19
0,4.410124409672901e-07
0,5.506777199329465e-22
0,2.2875056801572077e-15
0,2.248043883859896e-18
0,6.103859500319646e-20
0,1.676728942729952e-17
0,1.0292147665599744e-18
0,4.7073876575044216e-27
0,2.1576900031517863e-19
0,2.1536665793258982e-23
0,1.3375018457242355e-06
1,0.33424726221174894
0,4.391014576100594e-19
0,0.28388689882320883
0,0.15443116354837838
1,0.6196545436590624
0,3.2559919628532893e-21
0,5.2651615459007645e-18
0,2.759400137635055e-23
0,2.0738367432236473e-15
0,7.380615424279092e-16
0,0.0008035737551508549
0,3.588939565036881e-17
0,4.91057147274743e-06
0,2.7096498549561993e-19
0,1.4790007413324297e-18
0,0.1770091792150674
0,2.43792279648891e-15
0,1.3164768926923552e-16
0,4.675797173090214e-14
0,2.419692389288716e-06
0,0.4238565524109898
0,4.0705707583613955e-07
0,1.1271545494560374e-16
0,2.2772094714836858e-12
0,4.9694282449491805e-17
0,3.1634255158304615e-20
0,0.009391471746822571
0,4.2031022757144274e-07
0,9.081693582024486e-17
0,2.5085484151872363e-16
0,1.0720108989365715e-07
0,1.2320804673398371e-20
0,1.916637669294453e-06
0,2.148004579807476e-21
1,0.6163420654912175
0,6.614141696345952e-20
0,0.15820431448204939
0,4.691008901044974e-19
0,6.594158005664512e-08
1,0.7564116563497245
0,0.37856237258692454
0,5.1158460678754466e-18
0,7.748911641092949e-17
0,2.878453482342449e-20
0,1.8349163303162463e-19
1,0.7771992972145171
0,1.4064436657095517e-16
0,0.008052949527215303
0,1.7928024728868442e-22
0,0.5546595569134773
1,0.3062540728430889
0,0.0047482831164634524
0,1.6630679579832575e-08
0,1.7739491343024547e-19
0,2.6032796297017734e-17
0,0.598927204209175
1,0.8254287647801977
0,4.50518984388523e-08
0,7.64238398185213e-16
0,0.17602368381868244
0,7.452483675662279e-06
0,1.3537165152182236e-07
0,0.055301230769989516
1,0.3776727794904343
0,0.5245419189404938
0,2.3772912363337706e-27
0,1.5268182760015385e-19
0,1.2198728209249955e-15
0,1.395254723226572e-27
0,0.00355854015933212
0,3.099077223477784e-20
1,0.8417147821112181
0,7.453652781806225e-16
0,5.581032173942549e-08
0,2.2703562274787985e-06
0,1.2908751791239414e-18
0,3.838230999716937e-06
0,5.715654535852227e-06
0,3.290414282383729e-17
0,4.308491657142075e-21
0,5.409064738798836e-25
0,2.433656257121443e-06
0,5.9251306156667055e-18
0,1.1211182578945861e-24
0,2.0137140339912962e-23
0,2.893739316665422e-14
0,1.8684875687098577e-20
0,0.2798693567797444
0,1.215589425769151e-19
0,2.2450841744027145e-05
0,1.936991546564338e-06
0,4.434864372472517e-07
0,0.007064329731520858
0,2.697420730588426e-23
0,5.389570250384168e-18
0,0.0019218014290972574
0,6.427321015655328e-17
0,0.11788840187923642
0,2.8006195889464783e-23
1,0.6467949698902364
1,0.45750430389422664
0,6.94898493211704e-17
0,4.002195208661125e-18
0,1.66329366297391e-22
1,0.7833747498064124
0,1.3163857571739584e-16
0,0.3405617291644727
0,1.4935103308198819e-15
0,5.816280418293204e-18
0,2.986864593528329e-16
0,4.776137513630876e-17
0,2.433656257121443e-06
0,1.4208357472700214e-19
0,1.7513495264186642e-15
0,3.152790068926895e-20
0,1.1430896456006077e-16
0,0.0007742340355762356
0,8.567100651312617e-27
1,0.39477699991990106
1,0.7303104047992814
0,1.5232093170624566e-07
0,3.598722460812832e-17
0,5.008065849660408e-16
0,4.548624215750287e-27
0,7.401122380186333e-19
0,4.665285930657602e-20
0,6.100106717853311e-20
0,0.18889848987191124
1,0.3756447941724758
0,2.1990071179028354e-06
0,7.945744122876514e-05
0,1.9518439571198054e-16
0,3.4696335897820226e-14
0,3.7320294238107505e-15
0,1.695362089859866e-26
0,0.0008013308614194065
0,2.6143749915250704e-14
0,0.497593702971921
0,0.010830735386841624
0,2.9091398605933246e-15
0,7.072088697549413e-18
1,0.6122201502684897
1,0.43547653357820554
0,0.0015117955832746534
0,0.6705053645821432
0,1.6068065854734229e-27
0,2.901369967135234e-24
1,0.8431611648201297
0,7.133221334913775e-16
0,6.9623743082319215e-16
1,0.230035564353043
0,3.680073391664551e-20
0,3.206171825945838e-21
0,8.128799557731029e-05
0,4.16362543695297e-25
1,0.8616657926280932
0,0.5174728205787837
0,0.24408177836732356
0,0.39440376714710357
0,3.761669381929027e-18
0,0.23660320309257568
0,0.010416043752615452
0,2.581031716852114e-28
1,0.5248529403863422
0,1.0027534852430808e-16
0,1.9766141729386548e-19
0,0.23935822146498553
0,3.208411061519205e-16
0,9.156580430911768e-12
1,0.5890703273736365
0,0.23159163163443058
0,1.5266089809660824e-16
0,3.502130803046347e-16
0,9.28402019521794e-19
1,0.31202802189136963
0,1.1349828086383311e-05
0,3.621161993799361e-08
0,5.966457005039164e-16
0,1.946701538540385e-12
0,0.05349283868985089
0,2.1852782417278484e-06
0,0.0036558526018469336
0,3.29168108087752e-15
1,0.20890076477523012
0,1.811834307527882e-21
0,2.721179338435469e-16
0,1.3024884645320427e-20
0,5.303968810750174e-17
0,3.8767229568336976e-15
0,0.5460060433238554
0,1.2321902609194261e-27
0,0.006074715930699301
0,0.24868307551788502
0,9.52616035878412e-28
0,0.6681866153250307
1,0.6399572241567384
0,2.7443832787513337e-19
0,0.0027514172112842582
0,2.693978758096351e-15
0,0.49343188537727595
0,0.49316496537815163
0,2.416300308427438e-16
0,1.1333847561659147e-16
0,4.31338369913363e-27
0,0.718727372391937
0,7.278055311912796e-17
0,6.547326487238389e-17
0,0.20833306434346752
1,0.9010627716398315
0,1.690373314551982e-15
1,0.17899801685582498
0,8.023874034514481e-19
0,0.146982508461363
0,4.309955449343753e-19
0,5.3870894351545853e-20
0,5.483422852308707e-15
0,3.838230999716923e-06
0,2.3736338604315767e-16
0,5.405355544721335e-07
0,2.4209745572996475e-20
1,0.8395971981430844
0,0.00012838214093097473
0,4.54682665177324e-21
1,0.060808715238159165
0,0.0026987555999737275
0,3.9307607966737696e-19
0,8.399166159487058e-08
0,1.959696369492704e-07
0,1.069583503174657e-05
0,0.00021387765171093973
0,1.8716080337386445e-06
0,2.2418642594086026e-19
0,1.4564004799212776e-18
0,1.2674328460088267e-18
0,4.975543059507184e-05
0,6.145632298687692e-20
0,3.667421686365244e-17
1,0.9099351688956057
0,1.7819625668887187e-18
0,8.511331605849384e-20
0,9.917229407483501e-20
0,3.057217820679429e-17
0,1.4616749161497612e-07
0,3.637905565881318e-06
0,2.677628998437451e-23
0,3.745261070056574e-06
0,0.001235493858083552
0,0.024835181017142344
0,0.391621929307328
0,5.441773510664078e-19
0,1.9137791854921602e-22
1,0.64373609485778
0,1.4660524755578678e-18
1,0.36407418000143515
0,1.5997619863469264e-18
0,1.7420923215051513e-16
0,1.811834307527882e-21
0,8.18248000933294e-17
0,3.2559919628532893e-21
0,2.8959197171990562e-18
0,5.512852571474161e-15
0,2.094584585785748e-19
0,1.8032640049743023e-13
0,2.655522101238026e-23
0,4.170811062045513e-16
0,0.14383519901420977
0,2.9657583249669804e-17
0,1.1085784326754522e-15
0,5.3867352203418755e-15
0,0.02437338612140257
0,1.5265726187957734e-23
0,1.8766163083317984e-19
1,0.35943520271945556
0,9.84481924005533e-17
0,1.054308518324753e-19
0,3.642165640194058e-08
0,4.786164898189531e-08
0,3.4752653300972877e-16
0,5.857755282014211e-15
0,0.00043050241212601347
0,1.4628132494096277e-15
0,5.915118607121485e-20
0,1.4475323995411924e-06
0,2.231402840904332e-20
0,4.5612397234289626e-12
0,0.028910886280087728
0,0.18195717946978618
1,0.5036217294223456
0,2.148004579807476e-21
0,8.562276216512466e-16
0,1.1649061459206466e-05
0,3.890946941145086e-24
0,3.450440886420636e-24
0,9.78647158164886e-20
0,0.3706980803756873
0,6.496782516711357e-07
0,2.762837825192527e-25
1,0.3887612897852267
0,0.15834635600871566
0,0.05599753364171518
0,3.00509188090124e-23
0,0.007505374238171829
0,0.0008578195973082927
0,4.5831860681122555e-07
0,2.677118352441023e-23
0,1.6230341551711072e-16
0,1.4951903519842592e-16
0,0.6177303201106208
0,1.819008905075108e-07
1,0.7899817085851413
0,2.622636839365196e-13
0,4.936497094707198e-17
0,0.48702379283636854
0,1.6016944137882447e-13
0,1.2664610196443345e-15
0,4.172453431703255e-26
0,4.471436235569135e-07
1,0.8447805289041924
0,0.45002260915104486
0,3.0055104756911145e-24
0,4.9297707745507984e-15
0,7.92614838166274e-17
0,8.021632005289974e-18
0,1.4986421281502905e-07
0,7.276958501906754e-18
0,6.8108422312017906e-15
0,0.02262131051066721
0,0.03964763164681835
0,3.344001804534887e-17
0,1.4693847740476027e-23
0,2.0787758877175285e-23
0,0.00041598885450657894
0,1.1532678072029998e-19
0,0.0004599990916030575
0,3.228448985171487e-19
0,6.181979374286658e-19
0,2.395844778278746e-06
0,1.878842776730939e-21
0,5.941677814437563e-23
0,1.811834307527882e-21
0,2.6907895449116124e-20
0,0.08667820296202852
0,8.985092869558169e-14
0,9.139491179801936e-19
0,0.15053072952411797
0,1.8422277512300808e-14
0,1.3743571280268078e-21
1,0.5543410924532371
0,5.756818485496308e-07
0,3.5482774956956884e-16
0,1.1453005536365853e-15
0,0.15863288364824873
0,1.2336105411516833e-18
0,9.335733240694156e-20
0,5.977306879102028e-06
0,3.681871286105887e-16
0,2.774814515249865e-23
0,1.4426236358432084e-18
0,1.130110419619126e-21
0,2.576546060937754e-19
0,2.863865144535923e-08
0,3.69674222895608e-16
0,0.006688192232674364
1,0.27945693972630065
0,0.20743931604662055
0,1.197185917466611e-19
0,1.4452110251361374e-15
0,2.0029753531740518e-18
0,1.5268182760015385e-19
0,0.30538993987977925
0,0.5252774372217897
0,3.668478439131688e-12
0,0.1173897016341268
0,7.001784297385007e-17
0,1.2541776348378102e-18
0,4.6309178294111564e-17
1,0.45521898839500946
0,4.3053861555930266e-13
0,5.34744359616321e-07
0,6.846865941216389e-20
0,1.786316626476269e-27
0,0.006297785260185211
0,1.9775086160662068e-07
0,6.736378143526108e-16
0,2.478717926458755e-19
0,0.0005366503886386257
0,1.878842776730939e-21
0,6.155728842257332e-16
0,1.7718961677828407e-07
1,0.5480962248310453
0,0.00023562167336826207
0,1.528294520624596e-19
0,5.241087128869647e-17
1,0.6737420732895484
0,0.34249155458225805
0,3.00509188090124e-23
0,1.878842776730939e-21
0,5.752647357475486e-18
0,4.020256175790966e-20
0,0.32536926395419363
0,1.6780427343456903e-17
1,0.6432102949843947
0,5.437792528882894e-19
1,0.5321664842792035
0,0.0016979583186790578
0,0.8123499677538913
0,4.804126039180231e-06
0,8.26406955390841e-07
0,7.241003938491651e-17
0,2.931118608872539e-17
0,2.516126936608141e-16
0,2.878453482342449e-20
0,0.000592534055633107
0,0.10712706615901023
0,3.3020715655567272e-19
0,3.4494715342402303e-18
0,1.1228680275733706e-17
1,0.7713800447800173
0,3.350204087191802e-19
0,2.168126257416675e-19
1,0.764094647655225
0,7.187663288397653e-19
0,0.4056340936051771
0,1.101148167235857e-18
0,0.14316752784773096
0,8.64311671803659e-22
0,2.513958621976481e-24
0,1.7587100965297087e-18
0,3.0248739536332605e-16
0,0.1641961268336852
0,1.516262397149555e-15
0,2.613588078934366e-06
1,0.3238634990307284
0,7.670467965406618e-12
0,2.0428744470029456e-27
0,0.00020939915000018787
0,2.959918170192867e-23
1,0.5234263104752546
0,0.1700144218960789
0,1.1897276578375657e-15
0,1.1102886304977244e-06
0,0.006296763204344711
0,4.512553634727227e-17
0,2.869516119889292e-23
0,2.0353253516162874e-14
0,4.680260182216538e-23
0,9.016631178862794e-17
0,1.2238294649794653e-14
0,3.7196838549923694e-20
0,0.3497773805908949
1,0.7248901435843903
0,2.3904615287274656e-12
0,2.6320333528098678e-23
0,4.3323827613741804e-16
0,0.35894846616359943
0,2.02735795143915e-18
0,0.3294901788317489
0,2.1914464109252476e-07
0,0.3577830476535619
1,0.7234098854878354
0,0.0008264063333957473
0,1.811834307527882e-21
0,0.7977971210742779
0,0.0838457454525921
0,2.8846052611338542e-19
0,4.934498249194373e-08
0,2.1250964494334223e-16
1,0.33012930777946786
0,9.872183168255319e-08
0,0.00015776356104296038
0,0.7214706798251215
0,8.941985910166565e-15
0,0.21046892807532047
1,0.9631889912236528
0,0.35620743891366763
0,1.3122082226344139e-27
0,7.838127822017917e-08
0,7.445617266062418e-24
0,1.943679873535813e-24
0,6.474158599764785e-18
0,1.5493973932624186e-18
0,6.252082271908674e-06
0,0.0348676681617482
0,4.20127615567328e-26
0,2.3226293427789363e-19
1,0.5999481739950219
0,1.8441650015307292e-15
0,3.808139472325068e-14
0,5.5016644300826705e-17
0,5.566061932935249e-18
0,2.1332947293722978e-26
0,3.7837552660221254e-17
0,2.878453482342449e-20
0,1.7148148676952922e-06
0,1.3856588979994976e-06
1,0.2494559087520933
1,0.3564518775765171
0,1.9710212040723874e-17
0,0.0006692755980648213
0,2.685770175588981e-23
0,1.0524134323316673e-06
0,0.00021326141784505813
0,9.320771268154778e-24
0,6.010269981203592e-25
0,4.230469187198932e-17
0,0.174057554187565
0,2.9249190520314898e-05
1,0.8452126775936301
0,5.99577973990213e-27
0,0.21955405031725417
0,1.7295786676941387e-16
0,0.0004800122521735816
0,0.26282668746421023
0,0.6308727889013105
0,0.02382797953129825
0,8.148791648605186e-14
0,4.962031157568658e-07
0,0.1125883632315604
0,1.1666320675844482e-25
0,1.4490080326913282e-18
0,3.5618397204560485e-20
0,6.934166680182402e-27
0,5.3128005623719423e-08
0,3.336110342548006e-26
0,9.248438191996737e-19
0,0.009733340725582122
0,5.797867903423694e-06
0,0.058245082863050045
0,3.822683776273473e-18
1,0.2586388286718785
0,7.948493916256779e-28
0,0.07362685425126231
0,0.5959913799392744
0,3.757184199199104e-17
0,5.53425081046138e-15
0,0.20909458280596496
1,0.4550377129605909
0,0.3493869748591119
0,1.4916167115887251e-19
1,0.8097322941274846
1,0.930685135803364
0,0.0004926474811481896
0,4.458505746809045e-19
1,0.7955210979858935
0,0.2995862843265491
1,0.2584899378548863
0,2.7853438461544026e-20
0,3.077259790436402e-20
1,0.543606487127126
0,3.156577050252296e-21
0,2.0973533486123907e-21
0,1.13515283246252e-05
0,0.0026987555999737275
0,6.698123191741837e-18
0,0.008697718405283477
0,3.306400060440373e-16
0,4.3027650548312125e-19
0,7.214379673141631e-20
0,7.001562526990553e-28
0,5.2473060821748147e-20
0,1.2666561726083256e-17
0,4.419263720003663e-18
0,3.2609038791923596e-25
0,6.36465205234434e-25
0,6.626595961280827e-20
0,0.12543140350105642
0,3.2821016683831376e-16
0,0.00013811243777202232
0,1.810608326929513e-20
0,2.923315106297107e-23
0,2.10142321331751e-06
0,4.7561230279989326e-17
0,0.003988967358546257
0,3.3291949342939656e-16
0,1.1259039766631263e-06
0,7.788453450041101e-27
0,0.6839677702281715
1,0.5320580218299065
0,1.0872217099331967e-22
0,2.1459422097082887e-06
0,0.5041586181740674
0,2.2208341942139614e-27
0,6.445627644573237e-15
0,6.223126872781581e-21
0,5.255142885476306e-08
0,0.3056155212101696
0,6.572186290125246e-18
0,5.399642625536236e-17
0,0.06474436376257953
0,4.455073070227425e-14
0,1.944227718563484e-18
0,1.811834307527882e-21
0,2.742196928532834e-06
0,3.7607332091983566e-19
0,3.2636388474496783e-11
0,8.143997438078541e-24
0,4.6505034104421135e-15
0,0.3770780564278918
0,2.148004579807476e-21
1,0.7593699353285056
0,0.3466315626400657
0,4.023068775215613e-23
0,3.6094445427659405e-19
0,4.715523714088811e-27
0,0.050285765755527054
0,2.0218748125050882e-08
0,6.065748374746747e-16
0,2.148004579807476e-21
0,0.1337806471989694
0,0.03878262391164965
0,3.2559919628532893e-21
0,1.5899832540258906e-27
0,2.4335891791782305e-18
0,3.9251671930267137e-17
0,3.064268363248076e-26
0,3.318711266198402e-07
1,0.18104823611900514
0,3.726539737617944e-18
0,6.921374979257772e-07
0,4.2012761556732497e-26
0,0.05439660533976739
0,0.7015016473161547
1,0.9014848038686879
0,5.985693042237044e-07
0,9.257421807834836e-05
1,0.8354615931222784
0,5.300000192602366e-24
0,7.361366475760397e-17
0,1.5463481959716254e-24
0,6.839748935117325e-18
0,3.3570046417732167e-17
0,2.58945529901392e-06
0,7.478274652699026e-20
1,0.5258568326777088
0,2.602691453335805e-15
0,1.4066012284475333e-05
0,0.0004836972031771365
0,3.739071930812923e-16
0,0.00022506374964092145
0,1.1500157904868715e-17
0,0.0058312245981307475
0,1.2599984306724152e-27
0,1.856545809876708e-23
0,0.23824200444418206
1,0.3203874342144231
1,0.3563153326656505
0,3.0313214722517403e-19
0,4.10391962584736e-16
0,5.273204554261507e-25
0,2.982410004362832e-19
0,0.01902960773232058
0,2.2319232802221183e-05
0,4.6452811063807044e-18
0,0.00019478975614935446
0,0.4403556459234323
1,0.34220974564382545
0,7.283207762330557e-17
0,7.00496695898143e-09
0,0.18239426601558312
0,4.273280128471052e-06
0,0.3249454542160006
0,4.089911635741841e-18
1,0.36144742583720146
0,2.316632046703981e-13
0,7.91017226086562e-20
0,9.297957959919729e-18
1,0.41529950918022523
0,4.822024760109115e-05
0,1.8438307250478862e-16
0,0.47501018936478573
0,2.7521061567003274e-22
1,0.6277038037085559
0,3.3006433622578867e-17
1,0.6146528524932334
0,0.05310255414955189
0,2.4078072724062124e-15
0,0.05388282873094937
0,1.8177786776704156e-18
0,3.700492063431861e-21
0,0.002767178045228262
0,6.886929371169627e-21
0,9.95323707065406e-19
0,1.4876721818076423e-26
0,2.2468336392192152e-27
0,4.361778999213511e-24
1,0.026174932276627295
0,4.213073373622632e-19
0,1.0646079246103616e-18
0,1.8850059739813362e-07
0,1.1360035209493457e-24
0,8.531072007059517e-07
0,1.4047965069825973e-12
0,3.2786237160041055e-18
0,1.5840527751563727e-05
0,1.3932579183893448e-05
0,2.689818997513503e-28
0,0.009991054153187313
0,5.461874837019903e-08
0,0.009434332225738296
0,3.0259566677868487e-24
0,1.811834307527882e-21
0,6.865198527094683e-17
0,7.419701545712627e-16
0,2.068925340163872e-18
0,2.0818894002270555e-20
1,0.16305104963980263
0,1.2007331982263042e-18
0,3.3731726466609793e-16
0,7.819393386281543e-20
0,3.8418916959885583e-19
0,6.076480215344655e-19
0,0.001575867628172936
0,0.22913278115895047
0,1.1469441292688103e-16
0,4.018643950286787e-16
0,0.5714310288611525
0,1.1204013053772444e-20
0,3.335919286561896e-21
0,3.3829429961694804e-17
0,1.0727101803597885e-06
0,2.290807911565481e-07
0,7.5802311070047e-16
0,8.893503509996432e-17
0,1.6336090385909294e-26
0,1.6328639772888546e-15
1,0.7859035256715478
0,4.050972756436136e-18
0,0.4710306860479147
0,0.11357500099910864
0,1.0395294435653124e-17
1,0.6058970527085497
0,2.9257759128509525e-05
0,5.094927415133068e-17
1,0.4963565089582722
0,1.0613175405897221e-06
0,8.42962666195349e-08
0,7.23848420526759e-08
0,0.5209512218714318
0,7.271844164176223e-21
0,3.1702057246271676e-07
0,1.1214608477542976e-16
0,1.685361473505077e-16
0,2.4178421411564784e-17
0,2.0539018006488485e-17
1,0.8865653539281179
0,8.99705640364335e-18
0,1.2854523024667486e-06
0,3.6135170181941298e-19
0,0.30248569673559544
0,1.1512167122113789e-15
0,0.00013359953346802543
0,2.004784933352679e-18
0,1.0843482930023824e-21
0,0.017330258605809
1,0.9999999996800768
0,3.404779902624132e-16
0,0.038121962653475
0,3.013920756920773e-14
0,2.555089387666817e-17
0,1.8358690361610516e-15
0,9.281434726168598e-19
0,5.171830430750845e-17
0,0.262748825285079
0,0.3707496067049652
0,1.6650263352080048e-12
0,1.522831373017072e-18
0,1.2079138279015563e-07
0,3.9969926174921836e-08
1,0.6573857130984265
1,0.8344221312240403
0,0.09709585823628433
0,0.004741019454191799
0,0.23496374243934864
0,9.199780911080023e-17
0,0.00010724131811666132
0,1.1953851601454285e-16
0,2.1377055726864533e-18
1,0.7973206487571749
0,6.057936711547635e-15
0,1.4523250873830197e-16
0,2.1518891229172606e-15
0,1.8641440901516162e-16
0,0.0009780421656740313
0,0.15122587331367449
0,6.168494077795778e-27
0,0.07715729683494675
0,3.2559919628532893e-21
0,7.73987727661735e-27
0,7.578726022640354e-17
0,1.5062608899526475e-16
0,1.7997257229836132e-24
0,2.6320333528098678e-23
0,5.515214053639445e-17
0,4.854117099400563e-18
0,0.17416097909957234
0,1.2477679692413065e-20
0,1.4427262531359844e-27
0,3.2597684347709002e-19
0,7.129767622405775e-20
0,2.011632245887244e-17
0,1.9133524577318995e-24
0,5.063937060973052e-07
0,0.022459573905607592
0,4.5580677492441875e-24
0,2.0511433587219113e-19
0,0.19158669532606037
0,8.024507111011777e-25
0,8.840055524928094e-19
0,2.711030517106062e-25
0,8.421611018120124e-17
0,6.350720207680091e-24
0,1.659480315227378e-13
0,5.082179644111843e-15
0,2.5810143407751753e-16
1,0.43466839093336984
1,0.2727143395724645
0,0.4801167939880899
0,1.066307330139719e-15
1,0.04322200150328064
0,1.7213761990689708e-06
0,0.0028610755817778757
0,1.7544888824969665e-06
0,7.794736514752734e-07
0,0.7971843662325162
0,1.2150022305637395e-17
0,0.3690988631792082
0,0.00016931304590663695
0,2.148004579807476e-21
0,1.9906532686489321e-25
0,5.384536919339908e-18
0,3.2360927222971566e-15
0,0.32446361099750504
0,0.2111978881628298
0,2.891302904789252e-25
0,3.0676383924767124e-20
0,1.3269526864844243e-15
0,6.754276884814894e-17
0,0.2633461144910295
0,0.2790786681065006
0,1.3738362702528732e-06
0,0.14802604702756578
1,0.43574912955962586
0,6.5392737685878265e-19
1,0.4547599637153637
0,3.13529851394763e-07
0,8.469263601058946e-15
0,2.804200650419531e-08
0,6.883390102907701e-18
0,5.7294576036596126e-18
0,3.8175856521599054e-16
0,3.596251702633192e-17
1,0.4460943249594324
0,1.878842776730939e-21
0,5.9420732833684446e-27
0,1.7974031475164524e-21
0,0.033279338423586345
0,4.3424392404181235e-17
0,4.822347285092439e-12
0,1.446708799848048e-16
0,0.41004029395057906
1,0.43470551703972204
0,1.435834902358198e-07
0,2.8475869041689236e-25
0,1.0978783124256414e-21
0,1.5650009505848702e-16
0,5.508980342387716e-27
0,1.6663221476608176e-15
0,2.0855553563716933e-18
0,2.7147799837444535e-20
0,3.8082998431920334e-21
0,1.6250116683641232e-06
0,4.777861242337653e-19
0,5.3292314389976175e-18
0,0.008619017995989553
0,4.469295497288729e-06
0,1.4427262531359844e-27
0,5.568359728115727e-21
0,3.2454071746628723e-24
0,6.906353211084533e-10
0,2.492011913467217e-14
0,3.153247806325062e-16
0,0.23002509537879642
0,2.7022069364783582e-17
0,1.8650175768939583e-17
1,0.10855694837464647
0,1.1090776171294763e-16
0,5.662231673282342e-26
0,0.0959500458745978
0,3.937036006080706e-17
1,0.25139922210070387
0,3.6312176414908463e-06
1,0.8044382150335818
1,0.9999999996800768
0,0.0013109356957830992
0,2.6769707012550922e-18
0,7.92790370686714e-22
0,4.822347285092404e-12
0,2.8121067404050474e-23
0,2.023320086960031e-16
0,2.850505461292813e-17
0,2.912370190675175e-16
0,1.0581751131097034e-17
0,0.015363323061558595
0,4.328056498309096e-16
0,3.1033482220357153e-19
0,1.4607960358412238e-07
0,0.0034411666619731584
0,1.5223343144223543e-16
0,1.2554115320890829e-17
0,2.738141373505281e-25
0,0.00018078996219884604
0,1.4372789295969433e-16
0,1.4427262531359948e-27
0,1.8372970156318878e-14
0,3.610574697191764e-20
0,2.990035366965449e-17
0,1.6257106182030794e-11
0,3.720187704166337e-06
0,7.299366967498396e-20
0,8.182117793651803e-15
0,1.1261281067510126e-07
0,2.1005319792854786e-07
0,7.317107339243333e-13
0,7.326826931201083e-13
0,5.918576943182779e-19
0,0.00011303609940067558
0,6.528329507650407e-16
0,3.280855028227266e-05
0,1.222962224808229e-16
0,0.052373394357919975
0,0.003314913801077877
0,2.2814898621538652e-17
0,0.0016538489182879325
0,5.418314268634934e-21
0,6.991541409754485e-20
0,1.7112307106126915e-22
0,2.17692897915916e-05
0,1.2281184282826707e-19
0,0.009072118067620946
0,0.010094995707090847
0,3.9170752033292827e-17
0,2.6588829594987494e-23
0,2.878453482342449e-20
1,0.39965358575577004
1,0.42586652091026395
0,0.07650642253462234
0,1.401324496002934e-17
1,0.5194939521573557
0,1.0111445305865207e-19
0,0.6952242779702982
1,0.2160078534664638
1,0.5659707008131025
0,2.2645427537353417e-19
0,4.185375222941781e-18
1,0.4564647200974902
0,1.4007255457213849e-05
0,2.7689700300851573e-08
0,0.1642439724756034
0,8.989928113360819e-25
0,1.2723452778273228e-15
0,6.289825375703038e-21
0,7.356333175012924e-06
0,0.4625564031012638
0,1.295844327693437e-18
0,1.844315281985452e-15
0,6.067514027946707e-19
0,7.875465280165021e-17
0,1.6680940105682413e-07
0,2.0575153892079796e-14
0,1.6805356158149854e-20
1,0.38641514834807683
0,7.48901963377791e-05
0,8.637297832264169e-16
0,5.001695027866272e-05
0,3.1191904421583266e-09
0,0.003957424410472644
1,0.22390418593697556
0,3.4411035431609793e-22
0,5.455193101996518e-27
1,0.21289860472410968
0,2.1196567892317578e-16
0,2.1715527618103004e-05
0,7.076202698338181e-21
0,3.828829260509671e-17
1,0.4005833505467564
0,1.8827123402118232e-17
0,0.00458193765936719
0,4.1661921148771156e-24
0,5.660944451196205e-18
1,0.8930055919893012
0,5.152642279374349e-07
0,4.2699110874051875e-19
0,5.489550003477161e-19
0,2.1695971208703025e-17
0,7.03293358919845e-07
1,0.6669634608738799
0,3.876512762272011e-18
0,1.365074524305303e-25
1,0.045628619028733976
0,2.503559130789523e-18
0,1.0119476960333458e-14
0,1.158495739918081e-18
0,2.440299630009612e-15
0,6.0163120281629125e-18
1,0.8732716328620432
0,1.2652318193891619e-14
0,1.2699320414746165e-20
0,1.7628139654900224e-27
0,2.435513738077956e-16
1,0.7498775001667541
1,0.2671547472602873
0,5.3450290167331704e-17
0,0.01644673676690387
0,3.666164341422774e-24
0,6.5281541277263186e-18
0,0.07246629071846249
0,2.499989473537031e-16
0,0.023107952355330714
1,0.1498624516401227
0,7.181259927444452e-18
1,0.7588950859525827
0,7.815764205458167e-18
0,4.007612457974952e-18
0,0.30825414886211827
0,0.15602359145535885
0,5.575222251973456e-14
0,2.016895895366626e-16
0,1.665074534170814e-17
0,7.305019929049027e-21
0,1.2949476496166497e-16
1,0.9501990763820121
0,3.952287493711436e-16
0,1.8237690047856646e-17
0,1.1877255180901376e-05
0,4.543197919569738e-19
0,4.715963987380136e-17
0,1.7165628202771703e-17
0,2.02186400358455e-14
0,0.2246819670513861
0,6.842981142970395e-28
0,2.9215973055237343e-19
0,3.1805459174934795e-17
0,2.0272235566169224e-17
0,0.0014335989262822659
0,1.4693506200099092e-17
0,9.839495995127199e-07
0,8.17207380426055e-16
0,0.0015720056962819332
0,8.907067221372534e-13
0,0.0006821100260759547
0,9.178012579777565e-16
0,7.724776040124754e-25
0,0.001957165765035502
0,0.42337118119571826
0,3.981384074724753e-26
0,7.122437127353825e-05
0,6.021768639922358e-26
0,0.4328919861473845
0,0.0007704357427350149
0,1.562129974161276e-18
1,0.2684950925147288
0,1.7843577734077525e-12
0,0.010214997063446807
0,0.16638775956062818
0,8.118687680231672e-20
0,2.3195267397006316e-10
0,4.440013401950043e-21
0,1.5169803109116167e-06
1,0.5338585341479225
0,4.687262585281007e-19
0,0.005418118097663872
0,5.724093437727885e-15
0,9.24180377413114e-16
0,8.786468230689944e-19
0,3.3617856703332597e-05
0,3.9102466226590846e-22
1,0.8636511514330804
0,3.19150303825294e-07
0,2.1768925028790538e-07
0,9.445302183187313e-22
0,1.9751471938032883e-06
0,1.49146810327623e-06
1,0.7159301527411328
0,6.947373839266943e-17
0,1.1823827962717528e-16
0,1.3065803339334195e-07
0,2.0726050061979852e-16
0,3.7189736763663507e-16
0,0.3631634768084575
0,1.1046846720979279e-06
0,6.584530757294822e-07
0,1.9108290116708832e-15
0,1.7331766555354414e-17
0,0.5879001194105915
0,2.608214761695485e-19
0,0.0026987555999737275
0,1.852833909682131e-19
0,6.683839099912871e-16
0,2.6441428934150483e-16
0,2.683919646903424e-16
0,5.969768503456318e-17
0,0.04418208680665559
0,1.6441496670799933e-23
0,2.14255378119881e-06
0,7.815339074058662e-21
0,5.1423154625417804e-17
1,0.6270562034725955
0,0.2648261123926072
0,0.011741593688581386
0,2.0449839857091402e-07
1,0.06600403783756309
0,1.5169803109116167e-06
0,1.1959796831030687e-05
0,3.37100887252684e-10
0,6.370511646603759e-16
0,7.042810957443023e-18
0,2.082322599890609e-17
1,0.31198563463287143
0,7.298793078244836e-20
1,0.7389060542223145
0,3.3901679093289056e-17
0,2.606391590226122e-16
0,8.931709371133191e-17
0,0.3375865163762506
0,0.5298846419229564
0,4.1816961473916554e-18
0,3.2124231574452156e-17
0,6.0315475008816535e-18
0,1.1491800620187299e-17
0,2.8475869041689236e-25
0,1.8443548840318803e-20
0,2.4002567216855557e-25
0,2.6917675358599337e-19
0,0.06619242613697465
0,6.130233042888361e-24
0,0.0007720532584440051
0,8.760475040516453e-07
0,2.7235696691614523e-17
0,0.262621482431485
0,3.2559919628532893e-21
0,2.2202434755620705e-14
0,0.2401982745578869
0,5.170206298344815e-18
0,1.2144293607074916e-21
0,8.9441662210526e-08
0,2.9012379222665788e-05
0,0.005309597879863371
0,1.0742022927045629e-17
0,0.4203275251848502
0,2.1700399120330307e-07
0,2.6025499141224246e-14
0,4.814488929886983e-16
0,3.969373026717328e-16
0,1.1722300290537594e-21
0,5.566319649563733e-13
0,3.2612774939349724e-27
0,1.1641847144506545e-15
0,7.432812807776045e-06
0,0.05334572528784017
0,7.300419357177651e-17
0,3.118840514497407e-25
0,3.7372090759646714e-20
0,7.4402083644107745e-28
0,0.0257401773381082
0,9.144995034899705e-18
0,1.267774827966541e-18
0,5.679088307208233e-21
0,1.3743571280268078e-21
0,1.2591399847808014e-15
1,0.5579133129879208
0,3.281847957051079e-16
0,1.5805400079199827e-06
0,1.6199360866282945e-26
0,8.068032000425138e-06
0,2.148004579807476e-21
0,4.287900118687686e-19
0,1.878842776730939e-21
0,5.735213017565441e-07
0,7.151815518501778e-06
1,0.6235584317640164
0,2.878453482342449e-20
0,1.66282359980112e-23
0,0.010043624318245709
0,2.0602127700425676e-14
0,6.534469678663272e-05
0,4.0888511841542866e-19
0,3.841971794835258e-24
0,8.1499410316208e-20
0,4.0488705046272396e-13
0,9.711794677500751e-18
0,1.2193091346288496e-05
0,8.06405929370248e-19
0,1.6193264565068423e-17
0,1.1509686276601853e-18
0,1.323966243371057e-18
0,6.0247620911446736e-15
0,1.2989039749151242e-18
1,0.9713370596519156
0,2.0214650983132353e-17
0,1.0297419364214689e-17
0,1.094721942021534e-06
0,4.5131406659924856e-07
1,0.7340026397811302
0,3.307606655921394e-07
0,8.656790822512252e-16
0,2.200981867585093e-15
0,8.02973343562896e-28
0,7.775076739959376e-17
0,4.096341532032029e-20
0,1.6415094199828442e-18
1,0.9878431521974471
1,0.3527039265263396
0,1.0240799511140809e-20
0,4.602226460411552e-19
0,4.408013575987234e-18
0,3.4828135321437037e-06
0,3.335919286561896e-21
1,0.685926979479926
0,1.252211539650765e-17
0,1.2673604602706166e-18
0,1.5315628242742962e-19
0,0.1427180844817714
1,0.36459950144918074
0,5.293438797492166e-07
0,7.772901712412932e-05
0,2.683707001997151e-14
0,5.0532217918613226e-26
0,0.00132364961291813
0,6.979907325250444e-23
0,1.0922917152839853e-18
0,2.165815628919175e-21
0,1.0255938413534965e-16
0,0.35150405632113574
0,0.14561726940087358
0,2.1052519782281943e-16
0,2.062685561857611e-16
0,4.908606181494322e-19
1,0.5161045966036366
0,1.5280192483341513e-14
0,5.169456256754645e-27
0,1.449094321660794e-20
0,3.090635367557313e-22
0,5.9983501712441055e-15
0,2.2788725226817178e-17
0,8.641119836114376e-05
0,4.1862545933875916e-24
0,2.1567146668324176e-07
0,1.0939297575319077e-27
1,0.9028190468426289
0,1.0539524870546167e-16
1,0.9437595171363042
0,6.117952167508545e-17
1,0.36598012201223906
0,7.098844025748389e-16
0,1.8543383431498877e-14
0,8.2661144371735e-18
1,0.017656803098752526
0,3.9672183764091475e-07
0,2.1750644119054105e-16
0,8.307313163955275e-16
0,0.2552282265906026
0,9.480551367894481e-21
0,4.032663014914949e-12
0,1.9319310952029456e-13
0,7.640069170586772e-16
0,3.3016908448749676e-06
0,1.4427262531359844e-27
0,2.2040516849804391e-16
0,0.210767693742036
0,0.311930659513547
0,1.580117876318087e-20
1,0.337959560577539
0,1.177834943172901e-16
0,0.4381077621942939
0,2.6257611295496184e-17
0,4.559034329516962e-16
0,9.56037862453897e-18
0,1.4271404346870889e-18
0,3.415370804453741e-08
0,2.403748692607762e-15
0,4.5340356912160316e-24
0,2.257654480474485e-27
0,3.3504019009661413e-18
0,7.564711544089217e-20
0,2.6563219689624294e-18
0,2.424594781113858e-16
1,0.9712292619175361
1,0.8585989789173948
0,2.1791107414557834e-07
0,1.1968617908707001e-06
1,0.9934303093747198
0,2.43260646460636e-06
0,4.2265985022292e-17
0,8.22955106962237e-17
0,1.0616029189472083e-20
0,0.66667172944161
0,5.005576090215765e-05
0,0.9444872502872165
0,2.97816917469496e-18
1,0.0007670423159371417
0,3.1305773350772826e-16
0,0.023922417406120406
1,0.6723511879988544
0,3.2559919628532893e-21
0,2.8133495909680518e-15
0,4.840332833016006e-22
0,5.891589303442468e-20
1,0.7465441286490091
0,2.804200650419531e-08
0,3.2166669539446963e-24
0,6.515526726972414e-17
0,1.1940656364444128e-18
0,7.964116347119258e-14
1,0.9726603059326772
0,6.328374777395898e-20
0,0.11658167433631916
0,8.45589439910119e-06
0,0.0001943957942603931
0,2.6720733182922858e-18
1,0.36426463266523623
0,3.463830601225322e-17
0,5.429082926786866e-16
0,2.0078589047931495e-05
0,3.2024416268366175e-16
0,4.384659412853735e-23
0,2.8571006641187904e-16
0,2.0950492961997355e-18
0,5.757738324585935e-16
0,1.8269783777969673e-15
0,1.7982178101508032e-19
0,1.3236552200026263e-25
0,0.28007334253178806
0,1.7750399912574432e-17
0,7.712710242477661e-07
0,8.658417740522324e-16
0,0.002104829705508885
1,0.521627291725377
0,2.6776326003047e-23
1,0.900221624201027
0,5.093395543625905e-05
0,7.242395543142996e-20
0,7.259380682956593e-08
0,5.426181100769566e-13
0,1.3277593042550227e-19
0,4.495543691540977e-15
0,1.3129051907235811e-16
0,3.2013213909977296e-17
0,7.07620269833823e-21
0,5.930605772201741e-23
0,4.768441519824875e-07
0,4.0756862329606984e-18
0,0.7619282149043433
0,0.1974380465518545
0,4.245119716034522e-18
0,6.0084612335702196e-24
0,4.08225493236946e-09
0,0.21846903631832895
0,2.6594751027769985e-25
0,1.8493766287796372e-22
0,1.1302442189747637e-06
0,3.228335875795291e-20
0,1.0210920913239097e-17
0,1.1983167462074226e-20
0,9.317946844300734e-06
0,4.0859402836134964e-18
0,2.034452361233686e-19
0,2.416799874294455e-08
0,0.0002107335506368457
0,0.1602682795395593
0,0.39082905694775877
0,5.9146902655637214e-18
0,1.0496166781871909e-21
0,9.155114135916873e-20
0,3.4293635904853067e-19
1,0.9980096747288636
0,1.225921705343515e-06
0,5.003921382781651e-17
0,0.0010081137084977966
0,1.0873899530777368e-16
1,0.6944896191485918
0,2.1832968711314573e-17
0,3.0317156157315946e-14
0,4.003038512924298e-16
0,1.1060336619947865e-24
0,1.8869015884672384e-18
0,1.134793842904816e-21
1,0.3740858201863542
0,2.00918908225764e-21
0,0.04013558775301077
0,1.0018071319645904e-15
0,4.999084128081578e-18
0,4.891758834159457e-06
0,1.6106463135279446e-17
1,0.9789196046606344
0,3.6517091891095834e-22
0,1.339370948029081e-23
0,0.0009304544617902416
0,1.4427262531359948e-27
0,1.727505140619149e-16
0,6.665250985019865e-20
0,9.255737696640848e-24
0,2.0082110618610214e-18
0,1.4427262531359948e-27
1,0.44654523054999645
0,1.8683938633444836e-16
0,4.2071848313923516e-23
0,0.5974977440956997
0,2.618152758258128e-15
0,0.3631619498468654
0,0.15387466873056144
1,0.4090042656814563
0,2.0914253261436583e-17
0,0.25795834243019167
0,2.2821196296932276e-17
0,3.108905258451707e-07
0,1.7802730223626474e-17
0,2.758783031816076e-18
1,0.7722782472037467
0,0.9192963072902289
0,0.0015866334052852308
0,1.738323709725429e-28
0,0.23857514257213402
0,2.8935086456542205e-17
1,0.17618802990788945
0,4.1550277042398524e-05
0,5.014707857830653e-17
0,1.9478335692088808e-19
0,8.650304595621736e-18
0,3.261881368221255e-08
0,3.692215143921536e-06
0,1.400701517052224e-18
0,1.7622027426788427e-18
0,1.878842776730939e-21
0,0.04459630407356068
0,3.7180848119868553e-06
0,3.0519500676983865e-07
0,3.694427730785234e-17
0,4.398402150932574e-25
0,0.02166650114556351
0,3.890946941145086e-24
0,4.2903508223361134e-18
0,3.155405958186675e-17
0,2.323989409493171e-18
1,0.926536429277297
0,3.22224819722644e-16
0,5.717460239420798e-16
0,1.3673504173654624e-17
0,7.979757978021083e-16
0,3.666952494690268e-17
1,0.0005649507216118298
1,0.5313318006010934
0,3.2888698148701573e-18
0,1.3122082226344139e-27
0,1.107708670552403e-15
0,1.3445259848589075e-23
0,1.3411724820797178e-06
0,8.028740294144137e-19
0,6.46965420330358e-20
1,0.3139014619306094
0,4.136255867260669e-20
0,7.97472874123329e-20
0,7.127535487296476e-28
0,1.075486514570167e-17
0,0.02481539953024997
1,0.5822123936008146
0,2.327254514459713e-06
1,0.8545800929012732
0,6.167719596664191e-17
1,0.2737851395344213
0,3.2609982643180844e-15
1,0.18817150615568518
0,1.9297760006099377e-17
1,0.47915572961946634
0,1.0506737738612818e-17
0,5.189682394637365e-22
0,1.7601797390435172e-16
0,1.9329350415905086e-18
0,7.440577351206523e-12
0,4.7343627128322254e-15
0,3.066093520974158e-23
0,1.858187078633709e-08
0,3.100539652073769e-05
0,1.7949966297669226e-17
0,2.786180045141849e-16
0,0.366772511974276
0,6.671732357788219e-17
0,2.878453482342449e-20
0,1.6315359741232692e-24
0,4.1253459767629863e-17
0,1.2884464555741487e-15
0,1.9492869548931024e-14
0,6.887322499774596e-11
0,1.8901853093967924e-07
0,7.017006477102838e-27
0,2.6579866173386137e-23
0,2.4262617624110057e-26
0,1.268537572055416e-07
0,5.787129611614908e-19
0,0.7132647115743426
0,2.1712885811746808e-18
0,0.043607789995827456
0,0.11264229298992882
0,6.469898770980606e-17
0,1.0857869497233992e-19
0,9.520252990336505e-07
0,1.0575813629119485e-26
0,1.3520317978256809e-18
0,2.9461813678892684e-17
0,2.1264211612515942e-15
0,0.15799216280689155
0,8.188883348336399e-24
0,3.842531133050062e-16
1,0.35331230997012814
0,1.5320940114504786e-15
0,8.272781940967062e-17
0,3.261272391139293e-19
0,6.263941924188081e-06
0,0.4071047719266557
0,6.360481594672956e-17
0,4.821437836793389e-07
0,5.659582604323877e-06
0,5.974941755167828e-08
0,1.9554131113355228e-17
0,9.182689056114885e-19
0,1.1028691176642891e-17
0,3.2609038791923596e-25
1,0.7603233196315954
0,7.758447286680396e-07
0,0.017851170614336134
0,4.857427747410262e-05
0,9.089181091216966e-08
0,3.692802759947989e-05
0,1.0686444701622484e-07
0,1.0362834125451537e-05
0,1.3568346826832004e-21
0,0.00046538056035643356
0,3.5461325054409703e-19
0,1.3391579338293758e-16
0,0.10335786566553178
0,0.6209672300025215
0,0.0002715370167416793
0,0.13957667503345392
0,0.0737698571586969
1,0.4282223826836395
0,1.563523122085755e-07
1,0.8473568329339619
0,2.4852121226698437e-23
1,0.5285167384585137
0,3.699260821805942e-18
0,0.618204875569151
0,1.791636745026649e-07
0,5.770520562926264e-23
0,7.16706108354791e-08
0,1.916637669294453e-06
0,4.8597754666636857e-14
0,9.215102973232493e-25
0,3.845215973510318e-23
1,0.7372324391444718
0,2.834199452411987e-20
0,1.2486298111903553e-16
0,6.06161257782847e-10
0,4.692653806116846e-18
0,2.761842185570399e-19
0,1.0118447381265096e-26
0,1.7307068879903758e-16
1,0.6894685649820763
0,0.4023869623214688
0,0.17017221718678407
1,0.06869315064053153
0,2.6135061442771745e-05
0,4.2012761556732497e-26
0,3.890031126996586e-17
0,1.2687585590593513e-22
0,1.5256101137754423e-15
0,1.394511373178711e-18
0,0.00012057397820181673
0,0.01785723991331683
0,2.764558183319954e-18
0,3.890946941145086e-24
0,0.3512219774225362
0,0.35854753509442666
0,2.0202665507687692e-15
0,0.01526608845954438
0,1.6100011174516123e-08
0,1.7482369134539083e-21
0,1.0191715945154797e-19
0,1.7284969950019623e-14
0,0.3486205121408453
0,3.6470245099685227e-06
0,1.3815567200163216e-15
0,6.0879038099234065e-18
0,5.380001231408039e-19
0,2.1670104735789597e-21
0,1.6356858983947223e-16
0,1.2579959425899537e-07
0,3.2559919628532893e-21
0,8.73218508886781e-18
0,3.499404419558059e-17
0,0.022035887238006664
0,7.721257510174368e-07
0,3.941825670374773e-20
0,4.0549675774804057e-16
0,0.00019980839572971725
1,0.38868089384351523
0,5.495384182904394e-19
0,1.1173955564213707e-24
0,1.3916886483900945e-18
0,3.863412902938093e-17
1,0.4486092732360302
0,1.8137940474658752e-12
0,1.3205209490391617e-14
0,4.269543081234845e-10
0,7.448403522954972e-07
0,3.4970617835674173e-15
0,7.755173858716046e-20
0,1.8137940474658752e-12
0,2.691373772640668e-19
0,1.1840969393255823e-16
0,9.889731948409406e-07
0,8.692559690859646e-07
0,1.483533794891439e-19
0,3.3302746232547003e-06
1,0.5753824543426391
0,2.6563219689624294e-18
0,4.3040998242811105e-17
0,0.0006449115714595427
0,9.202934590266843e-06
0,5.325609208124075e-26
0,5.234125154210227e-07
1,0.779870641892732
1,0.02782789682205488
0,0.5031116188464613
0,6.87772820275208e-14
0,2.4441305574137016e-19
0,0.41005973740835666
0,4.771597972781393e-06
0,0.0003877256268482899
0,1.2887521718168381e-05
0,4.303159272766331e-08
0,8.30329355356914e-23
0,1.2692663831751379e-17
0,5.258492922957602e-07
0,5.325158622926639e-23
1,0.7374302645076963
0,2.9250901318588293e-16
0,5.599389443742912e-19
0,0.5641564027999115
1,0.39294918486401365
0,1.1451739522380155e-07
0,1.7344505454994879e-06
0,1.3432464815280666e-27
0,3.733547773264215e-07
0,4.2016045876491536e-18
0,1.442647963047735e-23
0,1.0542404084367349e-06
0,1.811834307527882e-21
0,1.442439605154057e-18
0,1.598496119810508e-07
0,6.44425392348718e-13
0,7.560384159555004e-06
0,2.0849863574365368e-15
0,1.3723358415636628e-27
0,7.755173858716046e-20
0,3.446752236458475e-28
0,0.0030486197240857625
0,2.541474430444846e-15
0,0.014684252679786205
0,1.0154888611908729e-23
1,0.7160848017148775
0,4.3088118043565e-20
0,1.878842776730939e-21
0,8.117933010077442e-26
0,1.1892242294716354e-07
0,2.6731196553222853e-17
0,1.6250337769476111e-18
1,0.28035818946592916
0,2.4371597374355863e-17
0,2.3358730499840205e-15
0,4.822347285092404e-12
0,0.0020934844507709627
0,0.0009253181090496889
0,2.344659755747328e-07
0,0.27101369470534253
0,0.3081331079504952
0,3.556093813475649e-07
0,9.392871816897528e-05
0,1.616977416479734e-17
0,2.5734636663655014e-19
0,0.1570861336938285
0,0.4038027286901042
0,0.19761910872072996
0,1.1272681104754983e-05
0,9.3971336964386e-18
1,0.8805249520448348
0,0.0775202550379816
0,1.0636855190074498e-15
0,3.4389051699876055e-06
0,3.493094125940522e-17
0,0.0027595132976616734
0,2.7674519065275653e-20
0,2.0181166949024429e-16
0,2.0897717676346528e-27
0,2.2982749532483428e-18
0,4.007783900538558e-07
0,1.2179528414243582e-17
0,6.882028886564079e-06
1,0.5304923698413613
0,1.722337001690458e-16
0,0.00012193988884838906
0,3.052352852099132e-27
0,1.6846636402774953e-07
0,1.8815015891257603e-17
1,0.4288066413399909
0,6.437581586424394e-07
0,4.603628839413396e-06
0,0.00014471320894616761
0,0.24966373264608313
0,2.0621923587663666e-08
0,4.13270735911335e-16
0,2.1477675029855374e-20
1,0.35347482614549003
0,4.880236714524726e-19
0,3.003745982926862e-25
0,0.24520669725656752
0,1.0190627997822462e-07
0,3.2974777673381605e-17
0,1.2099087115764663e-15
0,2.9321635296216682e-25
0,1.694790531990119e-17
0,1.7185549869671435e-17
0,7.285170295523486e-18
0,4.861838200207904e-16
0,2.3580708092610478e-20
1,0.7753965235678183
0,1.0731945746428083e-15
0,0.5409679850367595
0,2.5237279318674595e-16
0,1.0874242254277642e-05
0,4.052639531477864e-24
0,2.8220634303589424e-21
0,2.375204007127934e-16
1,0.2575612690863874
0,7.957073732148386e-19
1,0.35372881723896665
0,1.7158031647846347e-23
0,5.405185785839597e-27
0,8.377359102497745e-07
0,8.299344804431057e-18
0,3.7266314207205856e-24
0,8.508508485459487e-15
0,1.9571551535003286e-16
0,0.0003840660062634486
0,0.44574594513943994
0,2.891302904789252e-25
0,3.4200913904281315e-18
0,1.27126925113786e-16
0,1.878842776730939e-21
0,2.040792600633458e-06
0,3.756075965565873e-05
0,1.21691000567658e-15
0,1.7706285447617998e-07
0,2.2910887677265648e-27
0,0.5549226812130521
0,7.604621602097665e-28
0,0.15160263238030444
0,1.7174121912149457e-18
0,4.393103670465341e-27
0,2.4983325317223893e-16
0,0.0021745885988993597
0,3.375100173823819e-23
1,0.8525159307571186
0,2.388282564951907e-19
0,1.1902893974742218e-27
0,6.329135730605247e-27
0,5.02946556904923e-16
0,6.970058775705912e-27
1,0.696687928189604
0,2.58213753306497e-26
1,0.9421131429017809
0,1.834388119470518e-07
0,9.20114070102207e-16
0,1.5268182760015385e-19
0,2.0705630813379665e-18
0,0.5761584267492471
1,0.3587973774790334
0,7.00266937246891e-17
0,1.916637669294453e-06
0,4.765663133835204e-16
1,0.47689146354061995
1,0.561268831810619
0,2.957142095382202e-15
0,4.787897654746328e-22
0,3.961162874863355e-08
0,1.347331569872161e-18
0,2.148004579807476e-21
0,0.07631142023249103
0,8.046660001737081e-22
0,2.9581832756877704e-07
0,1.1264854136481743e-16
1,0.41736943371081275
0,1.6322700618327399e-18
0,0.34784859863634376
0,2.4943594678816782e-18
0,2.6628881520091014e-19
1,0.27089204526821337
0,4.2216075921036836e-21
1,0.9642390413665028
0,1.249153317742083e-17
0,0.3102369595739477
0,4.614492567116649e-06
1,0.7958097385415561
1,0.40300997756856466
0,3.5636715309537874e-19
0,3.254938047981338e-19
0,8.695792271071766e-08
0,2.1890134707830604e-18
0,0.0008884668830737079
0,4.999788793749942e-17
0,1.2970359399096092e-19
0,3.3271168551823513e-19
0,0.0314009070755029
1,0.8309609337892911
0,6.1220560202654e-19
0,0.35054598051767344
1,0.7844486922377609
0,0.16094729490185558
0,0.10350110720428835
0,8.347590692886941e-19
0,3.1142763828338144e-21
0,1.1080225149967647e-05
0,3.1433793773873936e-18
0,0.2010993567894965
0,1.9475081487469673e-19
0,8.987947245433037e-15
0,0.28130312430663407
0,2.090083878149866e-16
0,2.1609323792311182e-16
0,9.086380372645425e-24
0,0.0007511579409034443
0,2.454839573332693e-19
0,2.7661988959101814e-20
0,2.816222355213063e-23
0,6.021768639922358e-26
0,4.449999414397144e-18
0,2.4400204725956258e-15
0,0.2751347572162331
0,5.431565732394402e-18
0,9.576290284424578e-24
0,8.448310661991687e-13
0,6.8103503317283215e-15
0,9.577408255856666e-16
0,6.354456964550207e-15
0,0.3902098028420233
0,0.2908712624451892
0,5.367387864363595e-08
0,1.512008372019034e-14
0,0.009971624562642781
0,0.056576603215652777
1,0.34604563876664635
0,3.336110342548006e-26
0,7.48619523799451e-17
1,0.3489902726983848
0,1.878842776730939e-21
0,4.202074005017406e-06
0,6.804026869541089e-17
0,0.3553019549406248
0,0.016342022669420884
0,1.138618852540698e-15
0,1.695857167683829e-17
1,0.9634853124424535
1,0.5308050003340701
0,1.388156809480316e-20
0,2.69529706393071e-16
0,3.874110159700057e-05
0,0.34446923837626076
1,0.6953345683989235
0,3.3140509089046596e-18
0,1.1805522761084786e-18
0,2.711030517106062e-25
0,1.6761064658554056e-19
0,1.8358830145684026e-05
0,5.468795927046003e-16
0,0.0010181149460260469
0,1.7601133448938308e-13
1,0.31905328899455304
0,1.811834307527882e-21
0,0.6382378652829723
0,2.5648123485518444e-19
0,0.18481307236491054
0,7.270767887937397e-05
0,3.912047581887742e-15
0,2.7043500982094197e-05
0,7.350567120789909e-17
0,2.9169527568563036e-19
0,2.8077971651367173e-18
0,1.672923915691227e-17
0,1.051539312159858e-05
0,4.081743181357556e-18
0,9.017118400479849e-28
0,2.701359143603501e-23
0,4.227957609224485e-18
0,2.827543776722635e-19
0,8.060992729805412e-17
0,3.3501053114769013e-19
0,5.726911515009965e-17
0,3.715933331558746e-09
1,0.7494371628187277
0,1.871960661456218e-14
0,0.0009369062622851575
0,6.97654225432295e-17
0,0.37074108887777524
0,1.7333924189796317e-06
0,4.757987793702128e-24
0,4.856233005036408e-16
0,6.639344476317618e-22
0,3.480696841726088e-28
0,1.0193932798742466e-16
0,1.3537999388995442e-16
0,0.0006002238694687878
0,2.6176184863851365e-28
0,2.824060276944517e-16
1,0.8199298801073286
0,3.2559919628532893e-21
0,1.6945701431257571e-18
0,3.263886032309507e-13
0,5.06116716565378e-08
1,0.2990263436267166
0,6.312444637656695e-08
0,7.112159805719817e-26
0,4.039281137813968e-17
0,1.6530432205498986e-16
0,3.0992698827421787e-07
1,0.829061657024639
0,4.9182194255776614e-17
0,5.448363803992748e-06
0,2.772598759819656e-07
0,1.8519084218192718e-07
0,0.00932663332880517
0,0.17267019756905416
0,0.0013978289225667407
0,2.878453482342449e-20
0,2.240889359099133e-14
0,2.4294440826723665e-16
0,2.4974193312379865e-05
0,0.18029879450250128
0,2.711030517106062e-25
0,0.18199516209857233
0,0.0020917039838587266
0,3.7973105684307834e-06
0,4.1582814524996706e-15
0,8.038214636446342e-20
0,6.820421435873092e-18
0,0.001477317883911988
0,4.575173642456279e-15
0,1.9915821758136632e-17
0,0.056205997204649305
0,1.4130766802978338e-20
1,0.31116204801342284
0,0.00013267086042515166
0,0.010662258685884133
0,6.725372927606752e-26
1,0.7485716626890577
0,4.467377039804201e-28
1,0.7470677298205239
0,4.3620393357602154e-06
0,3.5302739618042523e-07
0,1.2837818267530963e-17
0,0.08025704251801163
0,4.2165965861243205e-18
0,0.024602201949370253
0,8.239239300337961e-16
0,1.3743571280268078e-21
0,5.743682484071237e-25
0,2.0912692905805973e-25
1,0.11703859556165185
0,0.3432978078382289
0,3.9591451798048577e-07
0,0.12788159199881785
0,0.5467217213204106
0,3.62650578000668e-06
0,1.1868036434543112e-19
0,0.47594291239142816
0,1.6203127280995753e-18
0,0.3640413057887539
0,3.2559919628532893e-21
0,0.0046151146290839395
0,1.6257106182030794e-11
0,2.8020050132545764e-23
0,3.0495843541165224e-23
0,5.509928856805917e-18
0,1.1452303283606296e-11
0,5.429563024884403e-16
0,0.04885380303719535
0,4.192830172346424e-07
0,8.201927702425404e-23
0,9.529001737880185e-08
0,2.148004579807476e-21
0,9.852085260354909e-18
0,0.0001040039304780101
1,0.9651367549248643
0,1.760136314269763e-18
0,4.840332833016006e-22
0,0.001332489345804301
1,0.3808407822981758
0,0.25063458550969253
0,1.029214766559967e-18
0,4.829840750292095e-07
0,3.7255589769457654e-18
0,4.012323581254561e-17
0,2.84350248351643e-16
0,0.52278696860944
0,1.1518710974315268e-07
0,1.641723586659269e-16
0,8.343160989282152e-11
0,1.1336799833900657e-05
0,3.7118915604582528e-19
0,0.6707977731347533
0,8.113288067580397e-19
0,0.26144104727679973
0,3.3016908448749676e-06
0,1.4427262531359844e-27
0,3.4387508886904736e-13
0,2.804477578714177e-17
0,6.9186977729778515e-16
0,2.9097721866497145e-23
0,4.2295502064218264e-05
0,8.774183510581314e-18
0,4.518100030304336e-22
0,5.691801333770934e-13
0,2.4992548329452955e-06
0,9.862122596371697e-06
0,4.1715154303560517e-13
0,6.33575875541871e-08
0,0.2553137829234079
0,7.384738464534739e-08
0,4.204279566162213e-07
0,1.0728858687013738e-25
0,2.013215784908164e-24
0,2.4689762711802824e-16
1,0.41989237531389423
1,0.6963126222054264
0,0.5094770963175133
0,1.6835085509286157e-17
0,1.1408492839426137e-15
1,0.2514838962747987
1,0.034148707332723856
0,0.24576030609308003
0,1.1763185426285093e-20
0,1.8413877539714192e-07
0,1.783049115006216e-14
0,9.63090170192944e-10
0,7.274101405233647e-16
0,0.5799219935950805
0,2.415303200333023e-27
0,8.709465590405711e-27
0,0.019790499558568906
1,0.24156489528105474
0,2.0560144336329426e-16
0,2.878453482342449e-20
0,1.1424986617495205e-16
0,2.6300099095667427e-17
0,0.06732794325766804
0,1.5035229098351905e-28
0,0.18286958829474018
0,0.004786952742632496
0,0.6158820382171238
0,1.2502856337967146e-18
0,7.213022848943252e-09
0,1.2342124929387113e-20
1,0.3846882201175571
0,0.46438302918032587
0,0.005378626322431595
0,8.773075748490623e-18
0,1.371230947984401e-05
0,1.469276739696703e-24
0,2.325037057324559e-28
1,0.20966179491807627
0,1.1994563245013412e-17
0,1.5043835107198748e-18
0,3.9419119263133865e-07
0,0.3860207686341361
0,3.8379755015353466e-17
0,5.7002698710704925e-28
0,2.4210701457923478e-27
0,4.2948154540086504e-24
0,1.3945113731787012e-18
0,1.7534562359198432e-15
0,1.6000989759479806e-07
0,4.2907701984723075e-27
0,4.8843648268381626e-08
0,1.100007905361301e-19
0,4.839083388306608e-10
0,2.101761556977512e-20
0,1.0931647258622989e-15
0,8.000964829576925e-06
0,0.15898663704202765
0,2.821816671631716e-24
0,3.928639753254115e-17
0,0.24341325349584328
1,0.28822353243084253
0,1.5794488686072088e-12
0,0.002393397229987796
0,1.360761920513965e-06
0,1.1859962292356732e-18
0,2.628434780795161e-06
0,3.252139496158161e-19
0,3.8703855920999555e-19
0,2.6960142270281092e-17
0,9.227337376828455e-06
0,9.000484452842606e-19
0,7.6660502076073235e-16
0,0.39245187134397824
1,0.3692680719704758
0,9.08152664890222e-08
0,5.5755441179351015e-18
0,0.01125932756866915
0,2.5446761262645246e-22
0,0.31962315753165293
0,9.062229913103217e-18
0,2.9515280850718823e-06
0,0.15074510837837038
0,6.904256943276687e-20
0,0.005447243966962227
0,2.6903128159207247e-19
0,0.41413664538658357
1,0.8700114507288988
1,0.0731452669195563
0,3.707461608759426e-08
0,0.0007272179049724037
0,1.4368689987260504e-07
0,1.8664046568659567e-06
0,3.812632705120512e-19
1,0.633610776056966
0,4.180042560851908e-13
0,0.31497365282034556
0,3.510019486827192e-17
0,0.5248653475699164
0,3.838230999716916e-06
0,0.011858258474831745
1,0.8324132318060773
0,0.2682922743701905
0,0.00029962550565379545
0,8.214636247884137e-17
0,2.411938499029974e-16
0,7.678069339819503e-10
0,1.3754174279872917e-16
0,1.363698003096115e-17
1,0.7001105728003143
0,0.26342153704679594
0,2.3857650346723325e-07
0,2.0541984089710974e-19
1,0.3283575750853433
0,0.8834819261860817
0,0.2001152733348082
0,0.03493225003239397
0,0.0003585200111827269
0,8.954065632716786e-19
0,1.5357192098212323e-12
0,0.000977819925077529
0,2.061343787761956e-06
0,6.43543109581952e-14
0,9.798625597835135e-18
0,7.965984787130617e-07
0,4.369441215957167e-15
0,0.4553395075915747
0,0.02955657979200465
0,1.1452303283606296e-11
0,4.394030917377468e-21
0,6.9764337718654475e-15
0,2.897101017820449e-23
0,6.765846583941217e-08
0,7.028971383545772e-18
0,7.824771583448759e-16
0,2.6543943307484205e-19
0,8.495077573898308e-19
0,9.148337462601384e-19
0,6.598375891182919e-27
0,3.053241432692336e-20
1,0.32611503071118614
0,0.0027248294106374396
0,2.1541136661772512e-17
1,0.6102403254547722
0,1.4614465619518795e-23
0,4.036403090794658e-21
0,1.0326383186541676e-27
0,3.754291967364094e-06
0,3.71311510137099e-08
0,0.840387066800011
0,8.318772573156593e-07
1,0.8152191204902033
0,1.299094274636588e-20
0,1.7667589738215503e-19
0,4.3478195202522874e-07
0,1.740657175028105e-07
0,0.3085429433031103
0,2.373185134835141e-17
0,8.052257985753274e-18
0,2.5846720154170462e-06
0,1.0877408981253404e-18
0,1.4819389527227492e-18
0,0.10996384112626732
0,9.124357117867046e-17
0,6.360013198271395e-18
0,1.3373120775241053e-16
0,3.0037459829268836e-25
0,0.48462113391998424
0,1.3469121983366922e-11
0,2.9093542345978775e-27
0,4.6027596631329495e-17
0,0.006039328677487789
1,0.9042154845412893
0,2.520264141409428e-19
0,3.6083574191410226e-19
0,0.01909445161873664
0,6.218769157684657e-21
0,0.0004205224061826465
0,1.0010771151804172e-19
1,0.4693914583420577
1,0.3933969089300167
0,1.4531792856473246e-16
1,0.531073081647633
0,1.1028854243786086e-15
0,3.536881617145311e-07
0,0.24760023191368974
0,0.32395665184676015
0,0.3071478517208984
0,1.518837174135615e-15
0,9.588749634439795e-08
0,6.676119674722597e-16
0,2.637435125790066e-19
0,5.469059499150018e-19
1,0.9399470760745333
0,2.988571192733421e-07
0,5.326629233371009e-25
1,0.5839917357792064
0,1.4349272181481924e-14
0,1.4853205217716634e-18
0,3.697928022397324e-18
0,1.201193727446324e-14
0,7.670467965406618e-12
0,1.3653404546325118e-15
0,2.702378632107048e-16
0,1.3147579643380497e-07
0,2.1685986894642964e-07
0,4.716853029630204e-16
0,0.39214395633324006
0,2.5458370060642076e-18
0,4.4017980079179826e-12
0,1.3363692437945425e-19
0,1.1459450824254145e-19
0,0.3531983956212369
0,0.2652863647766843
0,3.496252575577594e-19
0,1.2582524234379785e-15
0,5.854751873129119e-06
0,8.948418632760459e-21
0,1.0460985783412688e-16
0,2.421070145792365e-27
0,4.743069961935011e-23
0,2.1826501933235263e-20
0,4.750169598553274e-08
0,1.0425460723847021e-26
0,2.173423537477166e-19
0,8.405832326469434e-18
0,3.2559919628532893e-21
1,0.7724771534525947
0,0.07325898812323814
0,0.29236120011294
0,1.5687881173129617e-19
0,6.67244550828531e-16
0,6.6147437674832e-05
0,8.262500099187094e-27
0,4.398402150932574e-25
0,0.018013620720275444
0,7.213022848943252e-09
0,0.3620059422354098
0,9.808098988892524e-06
0,9.654295446192816e-19
0,0.31307854590521556
0,3.726910381117385e-18
0,2.733599482412503e-17
0,9.546927743093695e-23
0,3.0116428501399173e-19
0,7.516760390156343e-20
0,1.4764862602357588e-23
0,9.307486043630721e-08
0,1.4484571905114771e-18
0,1.921525155552651e-18
0,7.639289923313619e-06
0,1.1098054037920583e-05
0,1.4774856124700662e-15
0,0.1925103742632211
0,3.478946896624404e-25
0,1.4427262531359844e-27
0,6.219128424101181e-27
1,0.09651823568868252
0,2.0219373063902014e-20
0,0.2719915075730859
1,0.6991821886956248
0,2.116081895416925e-16
0,7.684758496353022e-08
0,1.5578936644512715e-05
0,3.6961230682929635e-19
1,0.8993079762157196
0,5.753804571879428e-16
0,2.0253019892191162e-07
0,1.0932924252906815e-07
1,0.4099828281699343
0,7.087795523426738e-05
0,4.111523624192647e-06
0,2.1823238090247143e-15
0,8.013019447225603e-06
0,3.5274132838663246e-22
0,3.969180929849457e-14
0,1.3514071163130144e-20
0,1.3575337532779288e-07
0,0.13366817413528712
0,3.0041417227632887e-16
0,5.177840009945071e-16
0,0.28574673129817274
1,0.7557295888361029
0,2.878453482342449e-20
0,2.903650455847661e-19
0,3.0343068847952065e-16
0,0.05503004119914303
0,6.128454822715675e-14
0,2.4501689661654303e-19
1,0.38197357249813957
0,1.913808363206252e-23
0,0.0008646345634227527
0,0.004126847485400156
0,1.6154883977889152e-19
0,5.706773156230412e-07
0,4.1252457495825856e-12
0,1.3793436137852029e-17
0,0.6340710507274627
0,2.7465593916636356e-08
0,6.204231776828476e-16
0,0.45037426978802175
0,3.0784718638122703e-08
0,5.4683856356175004e-18
0,4.929669066746649e-19
0,2.1121778041711873e-17
0,9.359108658933007e-17
0,4.637904890204735e-20
0,0.0028462496990466204
0,1.1625306287909036e-12
0,9.02158922829439e-19
0,0.22125330782749397
0,1.4792838930754783e-23
0,0.3292516561029518
0,4.138438016920744e-20
0,3.2559919628532893e-21
0,1.3492247483468693e-24
0,8.455094814960021e-19
0,0.24959471164019037
0,2.2384966597342404e-07
0,2.9443492828156505e-20
0,9.647866352500865e-24
1,0.7375125775476538
0,4.1667538707198013e-19
1,0.30370413640356875
1,0.4266437533534589
0,1.013158845485707e-05
0,7.017006477102838e-27
0,0.0015013822644169635
0,0.3864855754288472
0,0.0002705009097604044
0,9.32143131981067e-23
0,0.044926266787460034
0,0.23223159627077414
1,0.46969468540268733
0,6.378168322483081e-12
0,0.000992185826571794
0,4.488533022488429e-19
0,6.066547147119504e-18
0,4.187324303225511e-07
0,1.0887889581358912e-08
0,2.650272216097392e-07
0,2.5306766675591018e-14
0,0.0011927617681907223
0,0.00012682665647271895
0,4.2107299128626506e-08
1,0.7090928240858925
0,0.001199062687079736
0,0.25227836675777915
0,1.2299486968902624e-06
0,3.604108558233732e-14
0,2.793071050230774e-17
0,4.135804151995007e-16
1,0.503527171259334
0,0.6029290543255633
0,0.827898901063248
0,3.0066527265375263e-07
0,4.631237671195842e-08
0,7.828450481869373e-16
0,3.528003732044739e-25
0,2.7642209778111055e-06
1,0.31732369403704913
0,1.2412371866964123e-17
0,7.768435983621808e-17
0,5.879011836242222e-16
0,1.124912013260206e-20
0,1.6214856302777904e-24
0,2.1437670686308784e-19
0,1.811834307527882e-21
1,0.37493679869289037
0,3.4883946647611914e-07
0,6.656900727440735e-17
0,7.118609766224793e-19
0,7.838295806791413e-07
0,9.408380734819991e-17
0,0.0007854953762954214
0,3.806143561332084e-05
0,0.3924654268363127
0,0.6552091644679433
0,1.4827174980080493e-16
0,6.271381857109458e-07
0,1.1099753653020043e-16
0,1.355444177402502e-21
0,5.082249570195861e-27
1,0.6145842874851843
0,5.797474585646325e-25
0,6.723751571964348e-08
0,0.0088238479971663
0,3.2315140447442286e-19
0,7.111173481073379e-17
0,0.0005068844407524494
0,2.2450841744027145e-05
0,6.10583036031886e-18
0,0.21852596176847527
0,4.9945016815199044e-05
1,0.6223336641877512
0,1.3959137358056825e-17
0,0.009746428046962047
0,1.8125622236751328e-16
0,1.7241410372785392e-15
0,1.3879038785859943e-15
0,3.4053187383606624e-19
0,1.9062704580574753e-14
0,4.068627112951078e-18
0,0.1564466565502442
1,0.5548651766735087
0,0.2925484063159589
0,9.319701877458216e-18
0,0.030878939166163903
0,8.797016460036071e-17
0,0.43012390257847205
0,2.8121067404050474e-23
0,2.4963689603558612e-08
0,1.0187137116319848e-17
1,0.9679234696919272
0,0.5730603047096925
0,9.65568341862994e-17
0,1.7017187890094376e-19
0,8.291122827329879e-18
1,0.31029104224765497
0,0.5354972908419734
0,0.0015323188926096684
0,0.12808433236097855
0,5.2001478625342175e-18
1,0.9430577416874403
0,1.3743571280268078e-21
0,9.177071910087258e-07
0,3.1391611975313036e-06
0,7.277119598758533e-20
0,9.52616035878412e-28
0,1.916637669294453e-06
0,1.527115044105025e-22
0,0.2916401555487028
0,3.0605753768208333e-17
0,1.6942642971671358e-17
0,0.8481841453066219
1,0.1684846957864447
1,0.4579399891785496
0,1.9541349137632192e-16
0,0.6723535277609178
0,5.561595896113249e-20
0,2.8475869041689236e-25
0,1.3161214598501014e-17
0,2.1350654391714533e-05
0,4.889252546289926e-19
0,2.3751121694531023e-19
0,5.653554756205838e-14
0,4.580013175293273e-27
0,2.0507628611174273e-16
0,8.201927702425404e-23
0,3.523888438013531e-08
0,0.5324692500478656
0,6.237869755571708e-19
0,1.6709661661128244e-07
1,0.9143207631693071
0,0.0015455697117592562
0,0.1988940740905005
0,0.2529750817920906
0,1.4766981479074906e-27
0,1.3444006793044823e-20
0,5.729459277128677e-06
0,5.093212799430712e-27
0,0.007977373589656882
0,2.333832992966404e-19
1,0.4139107572544883
0,1.4296599388313114e-17
0,3.4923757642675263e-07
0,2.4129227618217062e-20
0,3.208974709376525e-17
0,0.28797524187816376
0,6.315905585520675e-17
0,2.3985143610725235e-20
1,0.23202460047258683
0,2.143079447265328e-19
0,5.804978245946836e-07
0,0.713393475895681
0,7.17547975649639e-26
0,2.1332947293722978e-26
0,6.022614483338096e-14
0,3.141328078677035e-18
1,0.7455247622148722
0,1.9851640142754736e-15
0,0.09347484175452708
0,0.03290930605484719
0,9.401337152456385e-16
0,3.2559919628532893e-21
0,3.2559919628532893e-21
0,7.691723803061406e-27
0,4.9794650176631053e-14
0,6.648843904490979e-16
0,2.2507637587921434e-26
0,1.476089503870735e-21
0,3.685918423591904e-17
0,1.2412959270788041e-19
0,6.733152788466248e-17
0,2.0217542301909117e-23
0,2.92943448366545e-17
0,2.8997896046917155e-21
0,1.8960005173364271e-16
0,1.2666529172864055e-16
0,7.00496695898143e-09
0,1.954781412705428e-15
0,6.045692124913586e-19
0,0.00034802910409426237
0,0.7808530978603847
0,5.546884848486273e-05
0,2.320552008854164e-16
0,3.2559919628532893e-21
0,2.4444670216065067e-21
0,6.331124497172507e-08
0,1.0812401406827225e-11
0,5.368445054047945e-18
1,0.4667918452962545
0,1.5383280044761714e-15
0,1.7798580325956926e-14
0,1.3120922858105532e-17
0,5.461522527450379e-14
0,4.229835885408033e-20
0,1.3239662433710664e-18
0,1.286111931652938e-07
0,4.26954308123483e-10
0,2.0995704045558413e-18
1,0.5184655146572461
0,1.557207435161941e-18
0,2.253035611923025e-07
0,1.8069421342420983e-17
0,1.1185361837629009e-17
0,7.755173858716046e-20
1,0.7017115372795213
1,0.8074832312957264
0,0.05315820872230012
0,1.1865819314988691e-14
0,2.1243488714886867e-18
0,4.1595182006406963e-17
0,4.3272494807391386e-08
1,0.5314126868602431
0,1.0601955905586916e-06
1,0.4242836623495448
0,1.4581747882533747e-15
0,0.4857401688416147
0,1.416275895275293e-07
1,0.4258576592232527
0,8.322057815673243e-19
0,0.0006811241840831016
0,5.282432625185468e-25
1,0.693686615968897
0,0.22407243797038356
0,7.660153085158038e-20
0,1.3476742928385452e-27
0,1.3100155678537245e-08
0,2.296095866248843e-06
1,0.44868602289792603
0,2.6804432000619396e-23
0,0.0013478559240415776
0,0.2629026397648656
0,1.183120922882235e-16
0,0.3825529726673146
0,1.6082394067147077e-14
0,0.1553766047934136
0,4.0031746238097274e-18
1,0.76015726900214
0,0.2210508368750805
0,3.19179258855782e-07
0,1.2029902605537622e-06
0,3.802842080150159e-16
1,0.8909409520365655
1,0.0005367392229991495
0,0.6823304855533628
0,1.087857148798577e-16
0,2.5399429408146347e-06
1,0.4348630054364086
0,0.15772447262000663
0,8.747556860303484e-09
0,2.6487722630096775e-25
0,1.0576071275139679e-16
0,1.5804260612444455e-16
0,0.07439406841585355
0,3.4475979990864284e-08
0,5.568359728115727e-21
0,6.037001128657118e-25
1,0.5686244584892606
0,0.001749679280997792
0,2.8229883473076893e-23
0,8.863910079818898e-16
0,4.9663192993333686e-17
0,2.3904615287274656e-12
0,1.0949754166948777e-12
0,0.33680505907136626
0,4.2012761556732497e-26
0,3.1614605696413927e-18
0,3.8795940463987317e-19
0,9.330997426105498e-07
0,4.297097719400522e-17
0,2.114171664949109e-18
0,0.14379626180517818
0,1.41280494187299e-13
0,8.9850928695582e-14
0,1.9575446043642747e-05
0,1.2353577664006924e-15
1,0.853643625869157
0,2.6665972693265745e-24
0,2.1363489789189643e-19
1,0.8567442117817391
0,2.32034575969771e-15
0,0.06680158171771625
0,1.47531311528135e-07
0,5.253035864286184e-15
0,1.878842776730939e-21
0,2.203618951807118e-14
0,9.32067510483173e-19
0,7.721595358228856e-20
0,1.5390110949981777e-17
0,4.747858755145334e-21
0,2.4588186678990345e-07
0,1.3617993312571942e-06
1,0.4428523993457198
0,3.9629997181119906e-18
0,3.4877710887147926e-15
0,6.321974290082056e-17
0,1.5614805820224045e-18
1,0.7830932631251681
0,6.597405231210665e-20
0,4.224569003083804e-19
0,1.1245378404187507e-21
1,0.39499044893930396
1,0.23553980501439759
0,2.3814710998375756e-25
0,1.2144293607074916e-21
0,3.0266020299805684e-20
0,3.666800630839767e-23
0,0.37781747520816766
1,0.776302964266797
0,4.101232799523659e-23
0,3.3016908448749676e-06
0,1.878842776730939e-21
0,0.0021642433446856834
0,0.3000553410622439
0,3.654408604062468e-05
0,1.700085969672916e-08
0,3.828063149833754e-07
0,2.4823440693871286e-18
0,0.42868747865533324
0,9.462931694036744e-19
0,4.3284730658113472e-19
0,4.780568487025485e-07
0,5.810724864279534e-20
0,3.554583092752241e-18
0,1.878842776730939e-21
0,0.5636866761921991
0,2.1127671319424994e-16
0,2.0004058732740008e-15
1,0.7143587263576371
0,3.808255890988546e-19
0,8.485850671671584e-18
0,0.09344695078910573
0,1.2718197628187875e-06
0,7.038763891434315e-06
0,2.738325646311361e-23
0,1.1805217778854532e-25
0,4.1538470190086034e-16
0,2.2943548924178047e-19
0,1.826473030686715e-21
0,1.360554578554274e-19
0,0.6316420050733922
0,2.711108175417377e-20
0,1.8095986889759023e-19
0,1.243483263952726e-17
0,0.06552544215938126
0,0.3305537548128641
0,1.266216978916648e-20
0,1.63547776670951e-17
0,1.8120331220288938e-19
0,9.205286121731321e-22
0,4.039701551361058e-16
0,0.06070861766689833
0,1.811834307527882e-21
0,3.336110342548006e-26
0,0.12813424098835077
0,2.190630053229794e-16
0,3.429918122536437e-19
0,3.3510883396894396e-05
0,4.060805826200244e-26
0,1.6288149139760105e-19
1,0.260414189879249
0,1.1236925193004793e-24
0,2.3046751597340725e-16
0,0.003805354974388109
0,3.3798823365353644e-05
0,0.21923213831111274
0,0.010827554401478512
0,1.657587548079067e-07
0,0.22104871887714642
0,2.448356061183365e-14
0,2.148004579807476e-21
0,5.735094578207557e-19
0,2.797548797463143e-23
0,2.8486480469121886e-06
0,1.3070726073153143e-16
0,3.2791251046745357e-25
0,2.6415408135171456e-15
0,8.409011847401916e-28
0,0.3327151048521751
0,2.789622556042649e-23
0,3.779698886048301e-18
0,5.324367924604957e-07
0,3.5487209543467905e-18
0,4.840332833016006e-22
0,0.42441875319520994
0,3.835306580699319e-06
0,7.719896866048779e-18
0,3.206171825945838e-21
0,5.80376186855392e-15
1,0.2457824166249671
0,1.041140145135847e-18
0,3.5609873175659835e-20
0,6.650197511180293e-06
0,1.6453029214742455e-22
0,3.3234023255311637e-18
0,0.001308073372584442
0,2.9537217000326782e-06
0,4.708972673229236e-19
0,0.0005655011210902763
1,0.4701164350316967
0,1.1044004723304526e-16
0,1.175423000361543e-18
0,2.2374862552516797e-17
0,0.051045387152072436
0,8.111553238391478e-17
0,1.1669227370203889e-07
0,2.5491113054210483e-22
0,0.045330640949574875
0,1.615501305558956e-17
0,1.431254005562984e-17
0,3.0494558637516627e-19
0,2.5446227753067117e-08
0,1.4004997989606475e-14
0,2.4262617624110057e-26
0,6.005567733664709e-07
0,3.929760855260931e-18
0,0.009003107914107838
0,2.677098711326847e-19
0,0.5866933788541927
0,6.120784708369513e-19
0,3.790156080957784e-26
0,5.508666990071393e-20
0,2.7265848030274253e-16
0,0.05947884509696192
0,3.409634578667995e-06
0,1.0105250067394986e-16
0,5.916495886975697e-19
0,1.3687660191991413e-16
0,2.2085260957682225e-16
0,1.0620724947735164e-19
0,1.3645342818950128e-07
0,1.0771132934972122e-07
0,5.4838062037246824e-24
0,1.2239418535374901e-15
0,0.24462482470009403
0,2.0603502691000646e-18
1,0.6509750808722597
1,0.7440039446074431
0,1.5386711672069403e-08
0,0.1124418478181171
1,0.635727355023236
0,5.893365329812431e-06
0,0.002201078816850754
0,1.5454632115273835e-18
0,1.811834307527882e-21
0,1.5507221182355025e-18
0,1.2323628522452802e-14
0,0.00435158702707923
0,1.062403179568125e-16
0,1.1022773980812161e-20
0,8.460122540116942e-08
0,0.43832779083709444
0,0.007009640958853776
0,1.9493012107717136e-15
0,1.0568151406645151e-26
0,3.400638785431342e-19
0,2.4668815676089803e-17
0,2.789622556042649e-23
1,0.6556690526094575
0,2.905664837944719e-20
0,2.148004579807476e-21
0,3.392288339804358e-08
1,0.2542736698397349
0,6.223553395181888e-07
0,2.9752335291807305e-17
0,1.8989391671609038e-16
0,7.602847009928435e-20
0,1.1452303283606337e-11
0,2.0270493934308789e-13
1,0.6676197338750233
1,0.3205722438557013
0,0.3638506132141973
0,3.141632018619393e-19
1,0.70824285809599
0,2.9308999157232615e-17
1,0.5104798387116914
0,7.00496695898143e-09
0,8.79462976837853e-24
0,6.986721661263988e-19
0,1.4959922597645774e-16
0,2.7572648407902193e-17
0,1.85674311898496e-17
0,0.3803659829619149
0,8.955070455839419e-19
0,0.00656637541229615
0,5.484727349647167e-16
0,1.0970729917156839e-07
0,1.0341435332340667e-16
0,2.651593954877617e-07
0,2.0116874596800574e-19
0,1.4846202596899274e-05
1,0.9999541541507796
0,0.0028243537217777265
0,6.325734976085091e-18
0,2.5449087071014734e-16
0,3.3815490176608277e-18
0,9.113137498985534e-17
0,8.653863451876937e-07
0,2.8863311103182466e-06
0,1.4638869280209155e-07
0,4.564323881795437e-07
0,5.266495862429582e-25
0,4.269543081234845e-10
0,6.1874946450821225e-09
0,2.584823368131772e-18
0,1.1326424303536262e-21
0,7.158729377647613e-17
1,0.6557086142699325
0,5.112489495678613e-06
0,3.113638244296447e-17
0,2.338364032757274e-06
0,3.522554272042645e-17
1,0.6832954302362049
0,2.442674370765313e-07
0,0.001252316745417297
0,1.9722034855050214e-15
0,0.004386739887002118
0,0.000181151436360658
0,3.7504532000764104e-25
0,1.9697836252935863e-21
0,0.05661105119239117
0,1.2099287958888395e-06
0,3.113638244296447e-17
0,2.2450841744027226e-05
0,1.0039436194457728e-17
0,9.108860436458008e-24
0,1.7002453879110143e-15
0,8.204269754766139e-17
0,3.2559919628532893e-21
0,0.0008521734461605529
0,3.4030865003526053e-07
0,4.901063644563313e-17
0,3.0663581301405816e-16
0,0.0007748822730300448
0,4.102703115278692e-05
0,6.903008658593103e-20
0,6.508077618038312e-27
0,2.2830834313762943e-16
0,7.031834409409502e-19
0,3.908636824990003e-24
0,3.2559919628532893e-21
0,0.0767219267562106
0,1.2049300621798522e-18
0,2.0005113879699403e-17
0,5.438871532973199e-10
0,5.114776018962168e-25
1,0.898414346392939
0,1.1442165389876461e-16
0,3.0059082621704153e-09
0,4.373406841531279e-19
0,0.034186823522211855
0,4.027455228737991e-09
0,4.13399045489365e-24
0,0.0014157235097847106
0,0.22162237281564787
0,8.68986724426398e-17
0,2.052126380115899e-15
0,4.0936941436463833e-20
0,2.9528999625664745e-16
0,0.005200059882182151
0,7.222733684290164e-17
0,0.15698933530811318
0,2.9340803520568925e-14
0,4.7978952200853504e-26
0,9.497277736848847e-08
0,7.14480973235776e-20
0,1.2811646400831768e-12
1,0.46035050029914126
0,1.298855311305625e-16
0,1.6589220952242479e-15
1,0.319294672853235
0,0.0008962077160489995
0,1.99457290586802e-25
0,7.992725430300217e-05
0,3.3016908448749676e-06
0,1.1421764885522189e-26
0,6.033061403686308e-07
0,8.610802444711978e-19
0,7.158183699547174e-25
0,1.3810915231815801e-14
1,0.4242786649694304
0,2.838952961074704e-17
0,2.427000858170819e-06
1,0.889031679584812
0,1.786754888907109e-17
0,0.32158111702107633
0,1.5061254502618922e-07
0,6.35647367190153e-20
0,0.08449056042842368
0,2.7529009803084683e-23
0,3.246131138990222e-07
0,5.823155863371351e-08
0,4.3029822262002686e-05
0,0.027079900096662248
0,1.281019542074417e-16
0,9.22155220368991e-07
0,8.628187581965692e-06
0,0.18273811886550484
0,5.92830082385833e-19
0,3.6440610453891574e-06
0,4.20127615567328e-26
0,0.011292262128877498
0,6.0084612335702196e-24
0,1.3121027991972739e-18
0,3.3024163707764326e-17
0,3.751116391298322e-05
0,4.5989832203461395e-19
0,4.768980916757015e-17
0,0.00028263555286219265
0,0.733402126459789
0,3.2508071364462875e-14
0,4.2712624982912666e-07
0,4.2566283445240794e-16
0,1.0022980111589635e-17
0,4.3306470436312005e-17
0,5.916581020628702e-16
0,0.03528952718467211
0,1.878842776730939e-21
0,1.3181631121281878e-05
0,0.0072038241325418535
0,5.25849292295761e-07
0,1.2335570220721588e-07
0,5.846960209347473e-07
0,5.899916289667042e-20
0,1.6957074623416693e-07
0,8.433396267143204e-13
0,0.05632196097121353
0,3.275265657970024e-07
0,9.018210682968902e-28
0,1.0042010936025986e-20
0,1.0195370422933558e-08
0,3.402612397445697e-18
0,5.065346240721869e-24
0,2.758783031816076e-18
0,0.5030452960865599
0,1.558132257848372e-16
0,0.002428651179335214
0,2.566525000281672e-14
0,0.0018451215293612308
0,1.5645760261743544e-24
0,4.822347285092457e-12
1,0.44884867423622526
1,0.8086741401054941
1,0.6616847451854629
0,4.791002509784763e-15
0,1.4834689689388125e-06
0,8.511331605849384e-20
0,1.9609392754391251e-16
0,1.248264353248707e-17
1,0.3670616723049059
0,0.10379489316875185
0,1.1767579318672757e-20
0,1.007955273822288e-15
0,1.1189975246717944e-17
0,0.7761125608191806
0,4.412649951009672e-08
0,1.4663751321160677e-18
0,1.440826848876746e-24
0,0.755366352784731
0,1.1452303283606337e-11
0,4.324726102783223e-06
0,1.811834307527882e-21
0,8.207998735367721e-18
0,5.306917521981618e-23
0,1.0264829031392152e-19
0,1.7531879041516258e-14
0,3.832749509341438e-20
0,1.4764862602357588e-23
1,0.30805906322417675
0,1.4713171586507316e-19
0,3.3826082501127895e-17
0,5.715654535852218e-06
0,1.5701973684220595e-16
0,0.02962896259775472
1,0.3822809768626797
0,7.887702376418732e-14
0,0.020773699471903242
0,1.61030292549968e-17
0,3.5985471567066786e-17
0,3.1173500859783134e-15
0,4.2978559432913784e-21
1,0.02244970093595848
0,5.568843078138867e-07
1,0.8972423439583525
0,3.2559919628532893e-21
0,1.0687819246961482e-16
0,1.3738279266915626e-17
1,0.8435859244826522
0,4.387221376905043e-20
0,8.734582297614496e-22
0,1.1318239274814077e-17
1,0.4092849808752189
0,2.3680560272186624e-16
0,1.0325380529731442e-17
0,4.1454813303995213e-07
0,4.7658062191707235e-16
0,0.4405106506550253
0,2.7447494070804257e-11
1,0.4286154819231648
0,0.27391483480333945
0,9.337676071885248e-18
0,0.3458611282482401
0,1.029797922675471e-24
0,7.472845878433008e-19
0,0.00221544558453832
0,4.2906921111993665e-27
0,2.8227350871817452e-12
0,1.905815324085906e-16
0,1.0668179270724015e-07
0,3.629492626609851e-07
0,1.1806480493263126e-07
0,6.598520838438623e-16
0,4.1862545933875916e-24
0,5.17490862711679e-16
0,1.762309248720101e-17
1,0.30199053343559873
0,9.186841790338193e-16
0,1.9254089497966926e-26
0,8.494694478236706e-17
0,4.840332833016006e-22
0,0.0074119130101792784
0,7.892356748862187e-16
0,0.22139404305417082
0,1.1827108152637672e-14
0,1.510631601786834e-17
1,0.034003268102085954
0,6.320741044552523e-16
1,0.5627080373430544
0,2.2468336392192152e-27
0,0.22283962845662145
0,9.775990253543803e-09
0,1.9302516014160896e-15
0,2.575295920222111e-19
0,0.0028005905683019124
0,2.4873004410912045e-17
0,5.904004651068192e-25
1,0.30635277940984906
0,4.899211996408101e-17
0,1.4210536219856344e-18
0,3.1188405144973845e-25
0,8.143314302404178e-15
0,6.062485014444089e-08
0,6.4869404470896885e-18
0,1.342111346714881e-16
0,3.6604025235756193e-16
0,4.840332833016006e-22
0,7.085714425176042e-15
0,0.4308813491172385
0,0.6760151629172525
0,0.0447883795583831
0,2.9551470863083165e-16
0,1.6320739392388058e-07
0,7.496961546057323e-26
1,0.3024818285532825
0,5.683199091467843e-07
0,5.262672529414764e-25
0,1.1048873850535042e-17
0,0.6263797051978339
0,9.134345979055901e-20
0,3.8899240449423845e-22
0,6.277466203773123e-27
0,2.893550681612804e-06
0,2.5253238856237766e-16
0,0.047522920534606564
0,2.0018824297795448e-16
0,4.577992105711245e-16
0,0.5352844959602302
0,7.005884493368086e-18
0,0.12213423833186707
0,9.01802918826307e-22
0,4.263419762129388e-18
0,6.930318145485758e-05
0,2.0027707421478768e-06
0,1.162149221093259e-14
0,1.2470752877426048e-23
0,3.225430516200452e-06
0,4.39531829833899e-17
0,4.3030905541474106e-07
0,3.414227147531239e-25
0,4.274288395518293e-22
0,4.470981159234858e-19
0,1.271809928178883e-16
0,1.1521985940693872e-22
0,2.1495542528463273e-15
0,0.00038075798035511036
0,1.9841105286387153e-19
0,5.099853018404977e-21
0,5.440767979458921e-11
0,3.206171825945838e-21
1,0.20811634165469736
0,3.8540977793118267e-16
0,4.673716622953448e-08
0,7.380126632371079e-08
0,9.751211449886449e-16
0,9.011266864424475e-12
0,1.4086486391552274e-16
0,4.808667349326243e-07
0,1.1602225647092551e-15
0,8.520021434392001e-26
0,5.3885985895526896e-05
0,1.5848216796016459e-19
0,3.491235304848715e-19
0,1.7051530697445295e-15
0,9.961543786829915e-26
0,4.840332833016006e-22
0,2.532425293448131e-16
0,6.80112568813012e-16
0,2.878453482342449e-20
0,1.2986861792084153e-06
0,8.166018078856305e-19
0,9.456686515308241e-16
0,0.26630425140302943
0,8.594877094075386e-13
0,2.878453482342449e-20
0,6.821443616700897e-17
0,7.249726431446531e-20
0,6.627537241785097e-16
0,4.949851218760942e-27
0,0.7776741958283206
0,5.176679542925569e-18
0,4.022550450700298e-20
0,1.7226031340833339e-18
0,3.59016025707591e-15
0,0.2993655892247944
0,6.182082330447091e-17
0,9.291901572271473e-24
0,0.04392332202279682
0,3.315738509799783e-16
1,0.6951578376747851
0,1.192024402896453e-16
0,1.6139855428509525e-08
0,9.334591394427741e-28
0,1.3151907813383635e-15
0,2.1056186442783136e-24
0,0.1163898671412975
0,0.2622728603473191
0,0.00047314386873681364
0,7.475934846278539e-07
0,0.1388868023612791
0,9.015870054879904e-23
0,2.025590972424859e-09
0,1.6969215908314664e-07
0,6.000308625434849e-08
0,2.2507637587921595e-26
0,2.9593207758076247e-09
0,3.78956407689812e-19
0,0.17352335683553125
0,6.269545244379997e-16
0,2.5711882076479033e-05
0,8.179510908141658e-20
0,2.151246107541689e-17
0,0.14273201621235893
0,1.1776775119305432e-06
0,2.494251314511633e-18
0,0.4227260570994058
0,5.926227367148811e-06
0,0.5208391969143831
0,4.1827439819582393e-13
0,1.1348770897545348e-16
0,1.4662048743907903e-07
0,2.1302926981409483e-19
0,5.298605810587335e-16
0,1.7944262734897638e-18
0,0.012018770668311586
0,1.3743571280268078e-21
1,0.47425699188491677
0,1.7365604352446976e-19
0,6.03344411348298e-05
0,5.715654535852218e-06
0,1.085807822926618e-25
0,1.5732850453714456e-07
1,0.681652946292579
0,1.3366664157716847e-19
0,0.0011010116754882576
0,1.4978090619058827e-16
0,1.7831403881691845e-18
1,0.7700035775801248
0,4.586647025132921e-22
1,0.5586645519013141
0,1.354864627121547e-19
0,1.3663640793125053e-16
0,1.878842776730939e-21
0,5.7386982281577185e-09
0,0.018815289514325855
0,0.0025504153287596366
0,3.220992837017617e-18
0,1.2451626606038036e-12
0,4.3478511947984e-23
0,1.0014417546184582e-24
0,3.563657599837739e-16
0,0.19573750333337853
0,3.2960512111304568e-15
0,1.00087210859464e-08
0,0.1931079333142897
0,4.59083424201791e-17
0,5.196755771316371e-17
0,2.1960572790155195e-06
0,1.299173820938289e-18
0,1.5282322930763517e-11
0,5.846143685002479e-17
0,6.105276771765251e-27
0,1.2949158000072262e-07
0,0.6028391436394154
0,3.76015798551516e-24
0,7.99132444344097e-15
0,2.5574807735283e-06
0,2.8016783536469535e-06
1,0.07385788849948471
0,1.270277679427863e-06
0,5.024521410922456e-17
0,1.5609213698265109e-21
0,1.254026180393554e-16
0,2.7097617768955467e-23
0,1.179653403267918e-15
0,0.01941187457398582
0,3.37518462662863e-16
0,4.1128263522035894e-17
0,0.038522927079405946
0,8.082512367858803e-06
0,3.397744515057699e-16
0,9.037628295227334e-25
0,7.97120304134049e-19
1,0.8105416592737148
0,2.3649162287137584e-20
0,8.408951937568938e-19
1,0.030581762196836126
0,9.743333370202986e-19
0,6.01963419477419e-16
0,6.0229308555707415e-05
0,1.9109008550927494e-20
0,5.746036740880775e-15
0,5.529910492660121e-15
0,2.8184523332704e-19
0,5.325609208124075e-26
0,3.044628334808924e-25
0,2.148004579807476e-21
0,0.3276730571759336
1,0.7367141769632531
0,4.90747115385339e-18
0,3.220511524372796e-13
0,7.331082966823122e-17
0,1.7668425884528878e-19
0,1.359364207701999e-14
0,2.148004579807476e-21
0,3.2559919628532893e-21
0,1.5616780017246479e-06
0,3.551082363852524e-20
0,0.0003501208873131393
0,9.503636841763538e-20
0,1.1513081793514393e-19
0,1.0111085642562579e-07
0,4.884139449264653e-07
0,1.8924205608115161e-16
0,1.4165272292967417e-07
0,1.4603654700481716e-21
0,7.735817583388394e-18
0,7.930852747048083e-19
0,1.1328753297699161e-20
0,8.303293553569199e-23
0,1.723987723603523e-07
0,3.3511942474822846e-18
0,3.335919286561896e-21
0,2.3500185707082288e-14
0,9.650662439574723e-15
0,0.09422580530322407
1,0.3209871340219753
1,0.5675184859491892
0,1.880863612569294e-20
0,7.755173858716046e-20
0,3.0893075554106743e-07
0,9.756552579639739e-17
0,2.2169482298620073e-23
0,3.1990009281796617e-09
1,0.45664864282637346
0,1.2586160152514131e-18
0,1.410225249604189e-17
0,4.337596816427885e-05
0,1.6561827046297896e-06
0,8.948418632760459e-21
0,3.5885240924474276e-16
0,3.838230999716923e-06
0,0.0758777993551282
0,6.467003532490929e-18
0,1.938133327073947e-21
0,5.594017238442012e-16
0,2.4157700880759685e-27
0,2.415090964682729e-18
0,9.814808362029067e-19
0,4.104739760850633e-18
0,2.7383414871542335e-23
0,3.2559919628532893e-21
0,2.586407559024718e-05
0,0.006519671476079271
0,4.3888136547404116e-16
0,0.0009672764498961934
0,1.8422710589735864e-20
0,0.0011706537244942348
0,0.11446381834753795
0,4.3598355491313114e-27
0,8.163695660060342e-19
0,2.0557621386500288e-16
0,4.734455651026529e-16
0,4.7096089354599886e-15
0,1.9000875276557661e-06
0,2.0866587794974918e-24
0,0.4443107699250101
0,1.6617847444968443e-17
0,0.19064834932937508
0,9.644750171122317e-20
0,3.221801052185878e-15
0,0.4165829279829692
0,4.2415940369014283e-17
1,0.9152059672035461
0,2.4128049772269e-06
0,1.9576411059613397e-06
0,2.1738338634116937e-19
0,1.214429360707483e-21
1,0.5408990246696018
0,2.3918124388841097e-16
0,2.5095798778296587e-17
0,0.2765279326174237
0,3.484850484972956e-16
0,1.2332398270085303e-17
0,6.638591316929997e-20
0,1.4595318041629395e-18
0,0.03844523735886258
0,1.153181096235034e-16
0,0.3122714688939635
0,1.705980915556468e-06
0,2.0316627159187544e-16
0,4.75798779370206e-24
0,1.8855865357916946e-18
0,8.984448431322993e-15
0,9.979391165560829e-07
0,9.418631348390962e-08
0,9.767824176593287e-08
0,6.62977329276693e-17
1,0.753602763568764
0,4.9651741428657774e-20
0,7.470661170448177e-19
0,0.4532730227229798
0,0.35093758910371153
0,4.088795116698816e-18
0,0.0007020921200970007
0,1.5329713093273913e-06
0,0.0003053420630147247
0,2.1234683252951233e-19
0,3.387652628592242e-17
0,1.5563857067111703e-24
0,0.03264646096234482
0,1.5039902494394307e-16
0,1.000309316843065e-15
0,2.0337210622571826e-26
0,1.198636398265273e-17
0,7.156310900501777e-18
0,8.020176045622012e-18
0,2.328549582023185e-07
0,2.4351746641306247e-17
0,0.525857130326227
0,1.8508353676360641e-06
0,3.3636978003931094e-26
0,5.075136914903805e-22
0,0.3020531723204153
0,4.0250195771363475e-19
0,1.0832703297777565e-23
0,1.1414475744883195e-15
0,2.3740461179700708e-17
0,2.6091959693486275e-07
0,2.540735544152731e-16
0,3.1974097607138113e-23
0,5.682993113547529e-12
0,7.24134907524341e-07
1,0.6956889399687701
0,2.187711348393224e-15
0,0.216957310463095
1,0.8314777788191205
0,1.3021442794416312e-16
0,4.8300980593954576e-17
0,0.02285508652913278
0,0.00039478647196556965
0,3.165125150986239e-16
0,1.9140710991661898e-17
0,1.4328851258003343e-06
0,1.4628905194474021e-09
0,0.1973171568294347
0,0.32027961979651415
1,0.23011944956532523
0,1.1318163063049618e-17
0,5.242678579352031e-09
0,8.483091629882407e-07
0,2.437167653968491e-27
1,0.04953557610505066
0,5.899575310573417e-16
1,0.3746041405075452
0,1.469990271198721e-15
0,2.1145743202016827e-14
0,0.21634136383925978
0,6.077164155994128e-18
0,1.615268823968171e-17
0,5.888009313267269e-09
0,3.9411313562787484e-14
0,2.148004579807476e-21
0,1.2601840413603306e-07
0,9.069501894650061e-07
0,1.4310141049075059e-15
0,0.19427649426009286
1,0.4223595856517184
0,0.423635291651985
0,1.9928215901301813e-23
0,0.37355559532517985
0,2.143083459319726e-16
0,1.3577391001158971e-09
0,0.0012555224757978057
0,0.032428452345505586
0,5.6389447668775945e-18
0,1.5684297857154157e-18
0,0.006031371004587201
0,7.426152211202959e-17
0,1.0702244659549969e-17
0,0.2952698425734409
0,3.001513802973194e-20
0,1.9455493218941185e-15
0,7.475541030167378e-17
0,1.0022980111589635e-17
0,5.582532128178913e-23
0,2.5977838792822766e-20
0,6.163032473530021e-19
0,0.5285434138326354
0,0.25183304821189784
0,6.270935350871001e-17
0,8.739260665638509e-18
0,0.14836943143920672
0,2.1806982362790468e-18
0,0.020888438186874757
0,2.1332269522702226e-26
0,0.08483200113834474
0,2.7776735641374684e-19
0,3.247486085714659e-19
0,6.843827259587647e-15
0,2.0195503759844381e-16
0,8.448310661991627e-13
0,2.677118352441023e-23
0,1.1690732198533709e-17
0,1.3496371738279372e-07
0,5.774423240540845e-20
0,1.7201520214786154e-15
0,2.133294729372283e-26
0,5.465097817421263e-18
0,4.1152181288889275e-16
0,2.8226206213896554e-15
1,0.3813288238193187
0,5.13208967132297e-17
0,4.920257483418264e-20
0,2.8750854965417197e-15
0,0.470286309209882
0,6.82886120221806e-07
0,3.0696724543672226e-17
0,0.0008590613248867088
0,1.9290115314624564e-26
0,0.0024941936978875793
0,3.1169415546263544e-28
0,1.6511848774905015e-25
0,5.2411174654875994e-17
0,3.104060982496128e-14
0,1.65200666744029e-22
0,3.3598588880455217e-07
0,0.47981058503430624
0,0.33595238391691484
0,0.12271847832630405
0,0.08497581612989472
0,8.323690245437326e-15
0,3.761227280315386e-19
0,1.3841436724975216e-07
0,5.425133802125014e-19
1,0.13383424081923814
0,5.307116990662702e-18
1,0.15351258360474154
1,0.3534789887836597
0,0.6106040006523464
0,1.3198266329832465e-17
0,1.5763826959183018e-17
0,5.351379534959939e-22
0,1.121970347526493e-17
0,1.4467346508089876e-17
0,2.819337398407824e-24
0,2.8451908401050446e-08
1,0.7363378340701338
0,0.004642170634938205
1,0.6878449818057071
0,1.2143640447469322e-16
0,0.35598951099076886
0,5.489651736244512e-17
0,1.5205990616696983e-18
0,6.2191284241012245e-27
0,2.6322113730725335e-15
0,8.372991120946612e-24
0,0.0004829975028663947
0,8.0551048464246875e-19
0,8.651551447931021e-19
0,1.3049970116448066e-21
0,1.0425460723847021e-26
0,2.5793086710753643e-19
0,2.7672803821898813e-27
0,1.450364863649617e-18
0,0.11214757246502005
0,0.00010723556302845338
0,1.786316626476269e-27
0,4.1154561848269744e-16
0,6.50594433434888e-21
0,2.148004579807476e-21
0,3.3711645020358974e-17
0,1.081189683039336e-15
0,1.2107624673816354e-16
0,1.2485048973080763e-06
0,9.741559537506784e-18
0,0.0028021338633231457
0,0.430490134143048
0,2.128553689864011e-24
0,2.3398014450229386e-05
0,2.007887469260655e-19
0,0.14396396284670768
0,2.7535117689322862e-18
0,0.0030863778404375034
0,3.1464740975776963e-23
1,0.7498938859482724
0,4.7008161933326145e-20
1,0.14373647626307245
0,4.668911163423182e-21
0,0.6209011347619997
0,2.821146245887805e-07
0,5.4838062037246824e-24
0,1.5772325110457515e-16
0,2.3212867795007857e-07
0,7.406040519079542e-20
0,0.0002469982744480345
1,0.7548364158172258
0,7.47452594518405e-16
0,0.002281469933214423
0,1.3186706358031738e-21
0,4.172453431703284e-26
0,1.2327955810196096e-05
1,0.7364484828618594
0,1.0884027346961997e-07
0,1.4620915648097527e-06
0,5.3545687551634807e-17
0,4.7051215351871684e-18
1,0.6609658835893983
0,5.874040136750055e-18
0,7.295476599816637e-20
0,0.2996485391932619
0,2.3431568440285235e-07
0,2.1234156433560945e-07
0,1.65384997937431e-18
0,6.236354412189129e-05
0,6.916685549566292e-19
0,2.0495093085666556e-16
0,3.983711447484062e-19
0,2.4625842486256455e-17
0,3.954597409639955e-16
0,6.2834795801502335e-19
0,2.877934776299972e-20
0,4.318537083889717e-23
0,2.6536561093896907e-20
0,2.2116010101382414e-21
0,4.695989834076806e-18
0,5.260946344179663e-06
0,2.761452824242422e-07
1,0.8377765091479104
0,1.2464030755410983e-18
0,4.3396157185951645e-07
0,7.2252592628635746e-06
0,2.836721418064636e-17
0,0.040780074908873164
0,4.269543081234845e-10
0,2.989882187155656e-17
0,1.6017247889820054e-14
0,0.42256970540350364
0,0.022515315731876005
0,0.7580298715454326
0,6.108735802809178e-20
0,8.35553575147394e-17
0,5.966692465877922e-13
0,3.1619876277395867e-07
0,1.6262382205103164e-11
0,1.234557507207811e-16
0,0.10043458492867732
0,8.511331605849384e-20
0,1.0277732017696318e-19
0,0.3104424356828927
0,1.287346531911504e-08
0,3.286829992256286e-19
0,4.296705170342581e-17
0,1.0355799028427908e-17
0,0.1608405551491908
0,1.0825230698942582e-17
0,1.7826035007130506e-19
1,0.5236615888331977
0,1.811834307527882e-21
0,0.5112763509011934
0,1.0729090340275511e-07
0,0.008564184053767708
0,8.157748592266667e-18
0,3.958948557918995e-07
1,0.5569587208417139
0,6.417293278527012e-08
0,1.8925277521125106e-07
0,5.482569024091818e-05
0,0.058518951208965164
0,3.169071254296896e-07
0,3.254984442470031e-17
0,5.641105608035827e-10
0,1.0047150674008737e-17
0,0.3860736736978789
1,0.9415914932880768
0,3.6271834668361937e-17
0,3.025106906039151e-17
0,0.015655605546147616
0,5.163581694293191e-25
0,3.923984247120045e-06
1,0.33790585034252646
0,1.0718243796967058e-17
0,0.6522474885613011
0,2.2999089648180417e-16
0,1.9580136490239185e-17
0,2.5076813313042456e-13
0,0.1385354044178599
0,2.0945964751793575e-27
1,0.3406406663713934
0,1.5797350811581842e-05
0,1.0575813629119485e-26
0,2.4336562571214346e-06
0,0.2560565560852373
0,0.4780774491073714
0,0.2920981475373118
1,0.31304063965198026
0,2.3277193053021353e-15
1,0.9861274710167868
0,1.1676447425679333e-15
0,9.826325625085449e-08
0,7.415476473309159e-17
0,9.52616035878412e-28
0,0.11803978733224198
0,1.1237473329422141e-16
0,1.071322393155801e-17
0,4.3581282860688346e-17
0,1.5938938915293525e-14
0,6.014541363987575e-20
1,0.2224460828568432
0,1.878842776730939e-21
0,0.37375813108188066
0,5.093712903980552e-16
0,0.39465868989240166
0,0.39689059727810455
0,2.71413913307572e-28
0,7.101441660301659e-17
0,0.016470285339153557
0,6.770936286180639e-17
0,3.402176934425016e-16
0,1.3227484486922985e-18
0,4.854777872851548e-20
0,0.18737001486160848
0,5.976821092722993e-19
0,1.9965521082859143e-24
0,3.1107520295632932e-15
0,3.1569343086430807e-18
0,9.57918537727645e-07
0,8.94557422278378e-17
0,2.9375727786417173e-23
0,9.882553303450057e-06
0,2.5306609166059262e-18
0,0.0038434517019770857
0,1.7112203190528805e-18
0,1.1109871565670964e-17
0,0.16987770165137558
0,8.439293789560417e-17
0,0.6193900792561452
0,1.3235194348539038e-26
0,0.0055294783347134375
0,2.803726734722442e-20
1,0.11971537924719314
0,1.1648791700837934e-22
0,1.3918898903921855e-05
0,9.644046485520566e-14
0,2.80033808241763e-10
0,3.1265068550706825e-15
0,1.4792743833431111e-16
0,1.190666916634229e-22
0,2.24154752119286e-18
0,9.52616035878412e-28
1,0.9893543363257874
1,0.8382761667218352
1,0.3598306444736981
0,0.0006986703266849022
0,5.37599931195705e-14
0,4.0488859531897765e-16
0,0.3223445920350629
0,2.2812089661702527e-17
0,1.086628900920244e-18
0,2.9537217000326782e-06
0,7.872849627664297e-13
0,1.6864942184733607e-05
0,7.587580573630478e-19
0,0.027449894526691908
0,0.3349616054895402
0,5.904004651068192e-25
0,1.2381040344371656e-06
0,9.144995034899705e-18
0,5.49785429781177e-25
0,0.13771939501049332
0,0.0008438855939008795
0,0.004178794255731085
1,0.3888102945849048
0,1.3381641839079674e-06
0,0.3286401361016432
0,1.9889835296268234e-07
0,3.7360431925192365e-19
0,1.13491715172366e-16
0,2.517426940386919e-07
0,1.4317212734211194e-15
1,0.9475246143834517
0,6.567976995350844e-07
0,1.949200823978527e-19
1,0.5841966564245581
0,1.4339088345345657e-22
0,1.2445697736460105e-07
0,2.2661851925958413e-18
0,1.7154838694325272e-17
0,0.05264011167754693
0,2.791907764330175e-25
0,0.0028461689452700814
0,7.613655177853335e-08
0,2.9767948752800834e-16
0,6.66697104971883e-18
0,5.072586736408741e-08
0,7.755173858716046e-20
0,8.323978798641965e-07
0,2.299038412965554e-19
0,1.3867394032240466e-18
0,0.00012018612364669537
0,9.77740844721456e-07
0,5.173391660644937e-18
0,8.090861945188842e-24
0,0.28806042565437173
1,0.7300006799979979
0,0.13677227616237705
0,3.3217881212029867e-07
0,4.078044836633074e-16
0,3.6154114818766607e-17
0,5.5728271576361704e-27
0,0.4606530650751571
0,2.754529239670911e-18
0,0.007574110728123471
0,6.146364315526457e-19
0,9.567558412478923e-15
0,0.00017205797320475773
0,1.105102949550755e-18
0,0.6699757324734406
0,0.6438189191141255
0,1.01443072792154e-16
0,7.91600185624692e-20
1,0.496802838731011
0,5.788019679062937e-24
0,1.8081652832435936e-25
0,7.464779603942045e-20
0,1.2873492408318436e-17
0,2.561642560220032e-18
0,0.011039993663612295
0,1.2116163723360704e-15
0,6.13675842274427e-19
0,6.268821114437099e-16
0,0.4659890025501329
0,2.7843069088189645e-18
0,5.8105442227122824e-27
0,7.00496695898143e-09
0,4.603628839413405e-06
0,0.7672767215073077
0,0.16601874092820296
0,2.3360790998654273e-18
0,2.39898548061629e-19
0,0.00012669476933726596
0,9.483614123102671e-17
0,0.2406287156394667
0,9.119138534967049e-24
0,3.179910685492049e-06
0,5.635610565215849e-07
0,0.004139873749331306
0,0.07000905798112886
0,5.094145478240777e-16
0,7.542841029638669e-16
0,1.1014180884803662e-16
0,1.5604032754065597e-25
0,0.2005819183058657
0,2.4210701457923478e-27
0,5.2271209528664e-20
0,1.1610462650879265e-12
0,1.9460455589760222e-19
0,0.44071682216670444
1,0.434372866191823
0,7.504015245462214e-16
0,1.766662903581078e-27
0,0.42142292721744035
0,2.0738283796803925e-16
0,3.416832992924293e-17
0,5.142510621718487e-16
0,1.6257106182030794e-11
0,4.375481412119058e-18
0,2.0061460968733e-08
0,0.21811847269742252
0,0.19443371225235603
0,2.735776324373845e-07
0,1.1254834542881239e-15
0,4.66013062197816e-13
1,0.6635345674513592
0,8.591958151013522e-20
0,8.353956750358172e-15
0,8.154617175601027e-18
0,4.261248293212002e-17
0,8.349953084560561e-19
0,6.2113549100103536e-18
0,4.892031132843233e-17
0,0.05689140769035051
0,4.1789220201721676e-17
0,1.825169998921037e-19
0,4.580013175293273e-27
0,0.07774223471048833
0,3.892133217130029e-08
0,0.3684419268112468
0,6.829081981043261e-18
1,0.9481721067562126
0,4.447428674753825e-16
0,0.13378095517073807
0,2.4868698477580865e-19
0,4.548624215750287e-27
0,3.7487587545512856e-16
0,4.782843124219248e-19
0,0.5100701240025155
0,4.505751584478255e-07
0,1.1765711599959082e-18
0,3.4455338645736977e-16
1,0.5100781713145957
1,0.377089508503826
1,0.18187856796960444
0,7.99268324298777e-15
0,5.092454289961649e-18
0,6.5131016230139504e-21
0,2.4480867552358748e-17
1,0.06043377681357007
0,2.415711412213807e-19
0,3.3899377193394095e-16
0,5.13208967132297e-17
1,0.7346943305134966
0,0.13724062191346756
0,1.511326540761286e-07
0,2.1453572436297584e-19
0,4.784601411423862e-08
0,1.9019297603080095e-08
0,3.33446541171263e-15
0,3.9957224711300475e-18
0,2.6281386354317542e-06
0,4.001805721593273e-20
0,3.099658406006629e-20
0,9.394652937635624e-07
0,1.5423456940514593e-21
0,3.666164341422774e-24
0,4.080017808503296e-08
1,0.48887527520770485
0,3.411324074649352e-20
0,6.842390466185736e-08
0,2.1230944593175746e-19
0,2.3597498201381632e-24
0,9.837890685606214e-11
0,1.962777760915679e-21
0,0.0848551275197189
0,1.777193767485437e-06
0,0.2189556730260257
0,0.16721584402163422
0,5.3989626095768825e-22
0,2.2468336392192152e-27
0,2.219380643211191e-15
0,0.004809080221001311
0,0.10436609302816356
0,1.148332258241869e-18
0,8.160297573416425e-18
0,3.9253346371826625e-07
0,1.058055452474683e-06
0,7.877832979053842e-26
0,4.611144669607019e-07
0,0.496499347428885
0,1.4063033315901319e-14
0,4.2423030296885675e-21
0,8.512544652349183e-21
0,8.511331605849384e-20
1,0.3757124545765149
1,0.5747294291463938
0,1.4634898483613832e-12
0,2.0760923566167598e-23
0,8.709465590405711e-27
0,3.550596291914742e-18
0,1.3922846452970624e-05
0,4.2012761556732497e-26
0,0.003718391007526812
0,0.001372108893030273
0,2.923291345112589e-17
0,1.6373929190802845e-16
0,1.5131747407607142e-25
0,3.967233425837699e-15
0,1.2682743993332263e-20
0,6.949891253650904e-17
0,2.524401136398452e-06
1,0.09123308464845915
0,5.246859915096254e-21
0,3.2094167582416665e-17
0,0.0001287770316363178
0,7.113981633014293e-16
0,2.5149863627145545e-13
0,0.5543793570736312
0,9.52616035878412e-28
0,1.1924721270474682e-18
0,0.04317245443406364
0,4.707502728270402e-15
0,2.1784442263200905e-17
0,2.0528383160510232e-08
0,0.4393757880058228
0,0.254184101804759
0,1.5122056132301168e-18
0,0.0003992746173071571
0,1.331826330351267e-16
0,2.036926341661579e-19
0,6.175273188439737e-19
0,5.066244432101857e-07
1,0.7844910180585463
0,7.312622771850775e-20
0,2.749239571000831e-05
0,0.3778333426585636
0,0.009116679307480533
1,0.7791048851719943
0,6.272767386873437e-19
0,4.2012761556732497e-26
0,5.7604256821289614e-18
0,6.99432518815712e-19
0,3.802035993617592e-18
0,0.0023332469245374494
0,0.08598153222762574
0,3.0511591089698024e-05
0,1.9025596673929843e-24
0,1.898019656687582e-17
0,7.151815518501752e-06
0,2.11121004471208e-17
1,0.828293614552632
0,3.7084826826832805e-19
1,0.35122588825536905
0,0.03365706653919799
0,0.008862644159223864
0,3.173005683035008e-26
0,0.43559027051110405
0,2.418983057783675e-19
0,5.562761937387117e-19
0,3.908849304039778e-18
0,3.189060470313299e-07
0,4.3060121528990576e-17
0,2.148004579807476e-21
0,8.658990145979376e-12
0,3.6095743736100392e-19
0,0.5786397148236212
1,0.1607785066376386
0,3.843850896233477e-06
0,0.000650590095532869
0,2.3949899402863765e-17
0,8.249237133463452e-15
0,1.2415961120692085e-17
0,2.9040072696985392e-08
0,1.813345181037659e-18
0,7.023871609518831e-17
0,9.557922348508849e-06
0,7.755173858716046e-20
0,2.3721411242907976e-06
0,2.9901354296110197e-19
0,0.04015673634108222
0,0.00010418394748138746
0,0.29605517922103103
0,1.2490336606064669e-05
0,0.16945080608383903
0,7.638767583468202e-18
0,4.3238124776062724e-23
0,2.676912249353783e-05
0,7.763339399148035e-07
0,1.815192551388935e-06
1,0.8415420911895154
0,9.999508020254582e-18
0,1.3638277878658259e-17
0,3.253190714059911e-10
0,0.09059472141100157
1,0.47379463572288966
0,8.499764154317438e-27
1,0.1875503753693323
0,5.1524254503439885e-25
0,0.14987139178741446
0,3.277502739208837e-19
0,2.5762948321386222e-15
0,2.5800274941441686e-16
0,8.30329355356914e-23
0,1.6014071075761334e-17
1,0.47564417374671925
0,8.07205435047199e-16
0,9.52616035878412e-28
0,1.1103363218685319e-26
0,1.5402700779560997e-26
0,7.108329317843931e-16
0,1.755588820458614e-07
0,5.493173666744579e-08
0,5.01131233238514e-16
1,0.5766430255044097
0,2.0665249043828107e-16
0,2.677628998437451e-23
0,2.4304991133212337e-16
0,1.7151216209375256e-07
0,9.288877837684641e-18
0,7.972908935265997e-17
0,2.4033905661321614e-20
0,2.1369980951874072e-19
0,1.695027417942023e-05
0,6.740953171288391e-16
0,5.282432625185468e-25
0,4.049705109697648e-23
0,8.511331605849384e-20
0,4.614492567116657e-06
1,0.6588020017802773
0,5.751102267040071e-20
0,2.700121955590714e-25
0,2.2801826673232543e-19
0,3.137594164767724e-08
0,7.441403509462657e-07
0,2.1396693027422586e-20
0,3.19719189095733e-25
1,0.936209857313809
0,4.843634773451716e-20
0,1.878842776730939e-21
0,6.733918961899082e-13
0,8.984448431323056e-15
1,0.6481447099703445
0,0.24961691294795846
0,2.622636839365196e-13
0,4.387241228886447e-08
0,0.009556660628611241
0,0.19026229687231674
0,7.179357936471516e-24
1,0.3541064101245544
0,0.05128092629120242
0,0.010830735386841624
0,4.162842269582688e-07
0,4.415040061365679e-20
0,2.650213499412281e-23
0,0.42589644569935164
0,1.3603393682198432e-18
0,4.277548513966796e-22
0,8.979888444848142e-07
0,1.878842776730939e-21
0,7.242054287734216e-24
0,8.984448431323056e-15
1,0.1502113097584776
0,3.3274619802518055e-17
0,1.6590121590196846e-15
0,1.0550541812489714e-16
0,3.7204399066838074e-23
0,5.408929115462846e-13
0,2.5910308336532936e-17
0,1.5501400716299819e-19
0,4.832794603058348e-07
0,7.480740286715699e-20
0,1.4231772215859954e-16
0,9.636515568026277e-28
0,6.14882332615544e-25
0,1.5088878830777192e-14
0,3.5722322068068216e-23
0,1.6463881451921148e-16
0,4.7978952200853504e-26
0,3.2559919628532893e-21
0,6.052311496194708e-17
1,0.4835997604981543
0,2.911453002013702e-23
0,1.4286879551435518e-18
0,1.979808559743192e-17
0,3.1418527310574948e-27
0,0.4661901994393935
0,2.6415212855104e-16
0,4.614492567116665e-06
0,3.598216906168309e-07
0,1.9636404211876397e-16
0,1.136434199746683e-15
1,0.42289252116555803
0,2.7158088387855125e-21
1,0.33801624592209295
0,9.647377197867344e-20
0,1.964460245170302e-14
0,2.6457786130276946e-06
0,1.1171347827175175e-16
0,0.00022439033122734862
0,0.37635110744517797
0,7.69522854712189e-17
0,8.582562668368191e-24
0,8.873948723413811e-06
0,1.3743571280268078e-21
0,9.107143623315823e-07
0,2.4103685351678863e-19
0,5.456122271406451e-05
0,1.7270953560106182e-13
0,1.4541513257705365e-19
0,2.962296835964329e-18
0,7.317989525812933e-19
0,0.00020546652785279664
1,0.8920284182862965
0,1.4828050011606155e-17
0,1.3743571280268078e-21
0,6.578098866987157e-15
0,1.2803457945791914e-15
0,4.281384611450135e-07
1,0.737284808452607
0,0.27854258651985836
0,1.2984686266055748e-16
0,1.0567897283008541e-07
0,3.2302481484306294e-17
0,0.1572661979140968
0,2.1928965446353185e-19
0,3.3428371834611417e-07
1,0.5518720457228747
0,3.844024142208548e-20
0,9.224738033953669e-06
0,3.500081244162394e-18
0,5.026369780147159e-19
0,7.352131589482251e-17
0,7.75539389866788e-08
0,1.5638855081681292e-15
0,1.0215694161384471e-16
0,2.2773561431301568e-08
0,1.1169086190950812e-15
0,4.501060743110263e-06
0,1.1672084808052893e-15
0,4.224116680520376e-19
0,0.8713677401904582
0,1.7257266307451945e-06
0,4.56587931384135e-22
0,2.133294729372283e-26
0,6.188864741684059e-13
0,2.1205309184875175e-07
0,1.3958307733786343e-16
0,1.7628139654900475e-27
1,0.3250216512458705
0,6.289399537364208e-16
1,0.9060646712963174
0,2.2772094714836858e-12
1,0.3351984456153453
0,6.0904814312965425e-27
0,5.578097846452096e-16
0,1.6791564732474747e-16
0,7.054210856079621e-06
0,2.2450841744027145e-05
0,2.8988281404657223e-16
0,0.00027603262530612914
1,0.45934053203477926
0,0.19529559654274048
1,0.30450453856431936
0,6.535407206045833e-27
0,4.7209040866777335e-15
0,1.961158625414765e-14
0,4.9005572663012636e-17
0,1.9546833011987787e-14
0,3.085310490025921e-06
0,1.384797517710197e-14
1,0.7260711478235331
0,7.056242859783322e-20
0,2.4282819258563564e-17
0,3.908636824990003e-24
1,0.6506918755853954
0,8.416675392341617e-17
0,0.028034471478429707
1,0.31005864776041786
0,0.2837433129204995
0,3.207688299942191e-19
0,1.1776899448449048e-25
0,8.54066108062653e-20
0,0.44796000026384064
0,0.6649144340593516
0,2.0510755270269606e-15
0,1.1119885877696356e-17
0,4.91057147274743e-06
0,7.871370039732485e-16
1,0.04289509473670239
0,1.416398287674271e-16
0,1.0004164361338208e-18
0,2.9925823673558806e-26
0,1.348787005556243e-24
0,3.0347906433432653e-19
0,3.4885153165014e-23
0,3.7180848119868752e-06
0,1.6272060368666063e-06
0,0.0014590890427946144
0,2.7555448213713125e-07
1,0.9926782300983322
0,0.005347768602975891
0,3.810618772930518e-16
0,6.272868471065515e-16
1,0.9999999996800768
0,3.1922898325976986e-07
0,7.737285547691182e-16
0,1.6710608845919894e-07
0,8.388654991614111e-17
0,8.049751450550992e-17
0,0.5908634941730362
0,5.3650516502798027e-17
0,0.46843744966270495
0,1.0959893625260909e-16
0,1.4646051741110198e-17
0,0.13455283571831966
0,5.171467272055783e-15
0,4.3151851542076294e-19
0,0.14259026884480577
0,0.46177887711618015
0,6.73107556068209e-27
0,1.1176870452314668e-19
0,4.018558502980796e-18
0,1.878842776730939e-21
0,2.8714627464443564e-19
1,0.5748730346209471
0,2.960179048088021e-19
1,0.8444879647700362
0,0.391746993746954
1,0.42932184706677523
0,1.6969215908314693e-07
0,4.580386928910171e-05
0,1.1718387607495384e-16
0,0.28625836263280086
0,3.27517515498672e-14
0,0.12293026915863868
0,3.7452610700565805e-06
0,3.206171825945815e-21
0,0.18875965453220464
0,8.984448431323056e-15
0,3.336110342548006e-26
0,5.805204795458084e-23
0,3.12216798076825e-16
0,2.0414996980003518e-15
0,3.0988722405449295e-19
1,0.6225533979372601
0,0.5441854298793304
0,4.290478416178679e-27
0,0.3992905616066491
0,1.7187924524014358e-17
0,2.542890441199283e-21
0,4.7133230037780486e-07
0,1.4081076724970183e-18
0,0.42493811881426025
0,7.765674283475545e-07
1,0.4687744680724384
0,4.10744910000159e-17
0,0.14523756849916358
0,7.600909560709732e-18
0,6.225683616488399e-23
0,1.6757537146000052e-16
0,4.769948464719761e-16
0,2.6656419857423784e-17
0,0.0009660614887213826
0,0.0009230242819940025
0,0.4173495360424065
0,1.2810972198927402e-17
0,1.4544858255508203e-16
0,1.49295112629424e-15
1,0.8471952289143888
0,0.020443651553021625
0,7.353631047896446e-05
0,0.7950948509609634
0,1.6829574061183341e-21
0,0.2733210622243835
0,1.4287634882398963e-05
0,0.08257219996277361
0,4.2725065173904827e-19
0,7.886005520114702e-09
0,3.227698780221029e-19
0,6.301582136338776e-07
0,0.0386557150276362
0,1.0254022856240421e-07
1,0.24862665391569932
0,4.398402150932574e-25
0,8.68631050672409e-20
0,2.9129460582411726e-25
0,0.6920384819047688
0,1.4456646960538203e-19
0,7.124668860779452e-07
0,6.4044639129469415e-21
0,1.7569468575168343e-17
0,6.288430206430289e-17
0,0.17247163319307257
0,4.1714050898902956e-20
0,0.7437321766861248
1,0.4968663581135908
0,1.878842776730939e-21
0,3.9421499868498496e-21
0,6.979560447649717e-18
0,0.005865770024664984
0,2.0988592592892567e-06
0,0.2836188780528578
1,0.7630037786529792
0,2.045808773495905e-22
0,5.122139344835854e-06
0,1.409486944059642e-18
0,3.607748389485124e-18
0,0.3010036202932834
0,3.277400584011362e-08
0,1.9266996908240011e-16
1,0.507094187002862
0,3.2559919628532893e-21
0,5.035007365490647e-16
0,0.3447815538393117
0,1.4067817324459364e-16
0,7.149459001536165e-20
1,0.5742859170666943
0,4.0453332732266905e-06
0,2.7408588644147785e-23
0,2.804200650419531e-08
0,8.715871654219027e-05
1,0.2870895882648212
0,2.1309823445687482e-07
0,1.013669773618561e-17
0,0.0006438058180815651
0,2.3876518269623416e-28
0,0.048122887299208925
0,7.894496316636701e-18
0,4.359835549131342e-27
0,0.15040979930573728
0,1.0421885960149091e-21
0,2.679530674238857e-23
0,1.3213280057943862e-17
0,7.91510155636603e-05
0,7.959662716820998e-16
0,1.7470817745308408e-15
0,6.312349935338055e-07
0,4.269543081234845e-10
0,2.988842668425957e-20
0,3.0042111755562522e-18
0,5.547166912583882e-16
0,0.05267982348735549
0,1.494469951569718e-07
0,8.078117225755027e-17
1,0.8874212834502144
0,1.5784930286624094e-07
0,4.5716639335848016e-15
0,7.755173858716046e-20
0,5.5214657845983404e-27
0,2.0455703295144676e-16
0,7.548642495689551e-19
0,1.550282875711719e-07
0,0.0013998463253350687
0,2.6849059371020632e-17
0,5.555961946474506e-16
0,2.5107250018936138e-16
0,2.632202761557938e-20
0,9.519255934807045e-21
1,0.3587655014754532
0,6.814029643206774e-16
0,1.2817377816895405e-16
0,0.00017369694843683933
0,7.755173858716046e-20
0,2.5745235671983117e-06
0,1.6730945205393848e-16
0,4.0972566884008245e-18
0,3.335919286561872e-21
0,8.335911896176675e-21
0,0.7768912178952518
0,0.23857266927642395
0,0.4423591931429659
0,2.885788852609309e-16
0,1.4201599859479e-16
0,1.8953316854138677e-15
1,0.8146960847772002
0,5.252206594386376e-22
0,6.951307720639687e-05
0,3.929550673782896e-18
0,0.03512216477463571
0,4.2707488686104806e-19
0,1.0828828979510801e-19
0,0.6429231783081562
0,7.152092814324242e-21
0,0.47032321568873603
0,2.64785774515049e-26
1,0.37811795318623553
0,2.4820389228557333e-06
0,4.81534900146503e-08
0,4.370376265607587e-07
1,0.5488298530117957
1,0.011716674337766452
0,4.9412657950068146e-20
0,0.4876098567519801
0,1.4010169619621994e-16
0,1.1521340602527196e-26
0,2.2261548967818547e-19
1,0.2336158781918086
0,0.8364072045978918
0,0.38083349382534215
0,4.840332833016006e-22
0,0.0009444452761528307
0,0.00044909513738605397
0,1.2488185413894131e-15
0,2.9455415490076185e-26
0,9.682792463958465e-19
0,5.339606502790233e-15
0,1.9646080139243133e-19
0,0.007867950687561569
0,3.3855645809663505e-17
0,1.2006093800806647e-18
1,0.999993555004609
0,2.0295040329968538e-23
0,0.0002752680119386656
0,0.00023352174578706453
1,0.5554942809292872
0,1.8267249679121622e-06
0,2.3180112244646026e-19
1,0.5794118313302127
0,5.985340657005256e-08
0,4.324726102783223e-06
0,1.4736978631667302e-19
0,0.0013932765990476155
0,5.114776018962168e-25
0,1.0545827933813387e-05
0,1.7135215579958687e-16
0,0.006732409550418532
0,2.148004579807476e-21
0,0.11106369696697012
0,1.2800768243964711e-17
0,5.154333843321197e-16
0,2.4566693533935893e-19
0,1.1721767806063235e-26
0,8.201927702425404e-23
0,1.8468031736242662e-05
0,0.3551717489348019
0,1.769229714491797e-08
0,3.3183855882603928e-15
0,1.2296726708152296e-15
0,3.422645817009585e-07
0,1.423212612954644e-23
0,2.922021618390407e-06
0,6.0716520737719285e-15
0,5.683271110609245e-16
0,1.9996870486213258e-19
1,0.17252836726482298
0,3.546678503690534e-07
0,0.4001295147497185
0,4.530936335550652e-06
0,1.3952715440438123e-06
0,0.04855705928671608
1,0.4089999838107564
0,0.36221313621472623
0,2.6850446591021123e-07
0,1.6128794992776425e-05
0,8.952645570151563e-16
0,0.028454784108800885
0,3.334820087120019e-17
1,0.8785776027590755
0,1.233425057033917e-17
0,0.8814919754450394
0,2.3877099126613055e-20
0,6.2639419241880925e-06
0,3.7565390352166e-07
0,9.774776059040577e-19
0,2.2661484605552076e-05
0,2.6742911264905177e-27
1,0.638613093897929
1,0.6992876038304983
1,0.6631207895583492
0,0.3211869792683199
0,0.3147489846551341
0,2.0187455260574292e-11
0,1.068381581742944e-07
0,9.296724701894072e-19
1,0.4875247544566832
0,0.20066568932354464
0,7.817213323235477e-17
0,0.0001060762342096882
0,0.14860062984731692
0,2.878453482342449e-20
1,0.6208439234956945
0,1.5268182760015385e-19
0,1.1971539683167082e-13
0,6.093569933666203e-16
0,4.9937916309020924e-24
0,7.501810819083391e-14
0,0.3515084748745732
0,2.988745054746793e-19
0,3.117562155012474e-20
0,2.0077647456833705e-06
0,1.0242807326235567e-18
1,0.7622380208571969
0,0.5182986133323315
0,8.355994828441526e-27
0,0.005050070257162584
0,6.737057595743595e-17
0,3.302861291480924e-17
0,4.7397409638588195e-20
0,7.394470261042744e-06
0,4.130611433933455e-19
0,3.118840514497407e-25
0,1.5268182760015385e-19
0,6.461714976989589e-17
0,1.8509672090524324e-07
0,0.5636326973741138
0,3.57908443066625e-19
0,6.6559799972202716e-09
0,0.00010476791922721114
0,5.1038190730561037e-14
0,8.060631272883485e-19
0,2.256824528114068e-20
1,0.7562095937896687
0,0.8290892833214492
0,9.875984816998786e-06
0,2.1082102554273766e-18
0,8.736873470698305e-15
0,4.31126629757782e-18
0,2.632011578922029e-20
0,0.0004791870135000078
0,6.835024513802162e-19
0,9.733475285635047e-19
0,6.805982316738348e-05
0,2.0396412835727418e-14
1,0.7293216278155344
0,0.008047903561474558
0,3.00270165924623e-17
0,1.4271404346870889e-18
1,0.3770538738882308
0,0.02817526762208527
1,0.6309312096146363
0,4.846725452495957e-27
0,3.346099392983359e-24
0,2.1387765790132013e-16
1,0.7098732556424028
1,0.46851468914709277
0,3.397841919794166e-18
0,1.3667423981689676e-18
0,8.626174078462294e-20
0,7.62075855925764e-16
0,9.090323579050453e-18
0,1.478620374443998e-14
0,0.0008266822121032766
0,6.934166680182353e-27
0,4.3154626580012156e-16
0,0.19369823885032753
0,5.755391447256349e-17
0,1.7786095933305992e-19
0,2.7456296254741466e-23
0,1.1951628026739315e-26
0,5.3058879248738955e-20
0,1.5282322930763517e-11
0,2.3360731828640475e-23
0,0.14273527151405807
0,1.4427262531359948e-27
0,4.337879706035781e-07
0,2.3904615287274656e-12
0,3.9276517817098535e-22
0,5.26745357428075e-20
0,5.689067520975057e-17
0,1.9046279641595474e-18
0,2.5074914155904944e-18
0,1.3239662433710664e-18
0,1.244299508850439e-18
0,2.3739414141226776e-13
0,2.6239663139413914e-17
0,0.10467796096139477
0,8.009480420856739e-25
0,6.955324286939648e-07
0,1.2149820173338287e-17
0,1.0783077641696634e-17
0,3.796276548837415e-18
0,1.1103363218685319e-26
1,0.8593778762884055
0,1.2182571931718807e-06
0,0.2430956202360595
0,0.38438744271871095
0,1.5720365232671097e-18
1,0.5788526315322747
0,0.498743835425256
0,2.774613976485653e-07
0,2.4196849990530187e-16
0,7.524218618582077e-21
0,5.206505394356265e-15
0,2.5635973507074114e-17
0,1.3101458670462502e-07
1,0.8144250230649576
0,1.3743571280268078e-21
0,1.1103363218685319e-26
0,8.613278337622017e-18
0,6.100948526036458e-20
0,4.290478416178679e-27
0,0.49627630090792096
0,6.12278757462783e-27
1,0.7789667022886513
0,3.1884797968419583e-20
0,5.282432625185468e-25
0,3.740024594044774e-16
1,0.778833032850556
0,3.398946251236454e-17
0,2.323182357052975e-16
0,2.742796700962223e-23
0,0.0013998463253350737
0,1.6611626440332592e-21
1,0.7654961123695407
0,2.7896490277554656e-17
0,4.173799705433302e-18
0,1.0553706379261043e-21
0,9.949112308743575e-27
0,2.762766022762313e-07
0,8.541225677683923e-17
0,1.448299081165309e-17
0,8.384000758206083e-17
0,6.75565195377305e-24
0,0.003356834577877119
0,1.0294930188629975e-20
0,7.755173858716046e-20
1,0.44210176707320803
0,9.576290284424578e-24
0,1.8399137715809697e-07
0,1.1340045429742972e-17
0,3.6093527515030827e-19
0,1.2014650098574094e-19
0,5.273204554261507e-25
1,0.5838789419516829
0,9.129368789667964e-08
1,0.9146072700374767
0,2.2421410295495603e-18
0,5.246792632311976e-21
0,4.4328186933262066e-20
0,4.123791202804229e-06
0,1.7843577734077525e-12
0,4.486482438258202e-27
0,9.954109894367068e-21
0,2.6320333528098678e-23
0,1.3682254677908758e-20
1,0.8613357618697459
1,0.6674518365028931
0,7.430721927849252e-18
0,7.551261165524617e-21
1,0.9603758115072811
0,4.691771945606387e-17
0,1.2476028072990864e-17
0,2.830806036767692e-17
0,0.44308135821812017
0,3.079855177594144e-09
0,0.21208309836364844
0,0.003806582114828855
0,5.361498619471409e-16
0,3.7110654421377476e-18
0,9.447815062303188e-19
0,2.382957865344789e-24
0,1.6068065854734229e-27
1,0.463033337904722
0,8.457710476513903e-07
0,2.3103653873172563e-16
0,2.116089077825554e-17
0,1.1223115111525968e-06
0,3.402667143822709e-19
0,3.911134606833926e-05
0,5.994401311211972e-25
0,1.4678760696499755e-19
0,0.0006591756687046481
0,5.326519442937534e-19
0,1.5454369475759682e-15
0,0.448579103639254
0,2.2884221778649454e-06
0,1.5946891121139892e-16
0,7.642656499316776e-16
0,1.3403401911816476e-06
0,5.0717537168683074e-17
0,0.027883725235423224
1,0.824404072826803
0,0.031349330531037285
0,1.8048439421115293e-06
0,0.0001571860036878139
0,0.030937770911959338
0,2.9789257319788563e-17
0,4.440863511993439e-18
0,1.0393514125035756e-17
0,0.004717109110832998
0,9.024276970595311e-13
1,0.6872941625473366
0,5.543110713027064e-16
0,3.259665279892954e-16
1,0.7624033585361513
0,5.847220581078594e-17
0,8.791381904242668e-08
0,2.274311731123859e-06
1,0.00017801420417496843
1,0.41134675985350383
0,1.136629787885924e-17
0,0.41516876721814017
0,3.935528826773717e-23
0,9.084364871766374e-08
0,1.8647707132737366e-07
0,0.5136122359919766
0,1.4013575121992294e-17
0,0.17907235718053247
0,1.394511373178711e-18
0,0.000234833821801196
0,1.1393206002088967e-05
0,1.6691431826519599e-16
0,1.5573552944038982e-16
0,2.2293170967864028e-27
0,1.28918285559011e-18
0,7.028167159564942e-08
0,0.3495527304415818
1,0.7899989515541169
0,9.88581013916698e-17
0,9.947109562423515e-20
0,2.0561470475648116e-18
0,9.345205962877138e-14
0,3.632196082097974e-17
0,1.4686601124888718e-06
0,1.0090035857151034e-26
0,2.1262805810099175e-19
0,3.287918137328818e-24
0,0.027052048473933884
0,5.422525029903861e-17
0,3.3823414469686224e-17
0,5.795055439813063e-20
0,1.2078426482836448e-16
1,0.7932073377516915
0,4.505802057867891e-17
0,0.33846713512031634
0,4.204090418226165e-18
0,8.039427489624892e-17
1,0.6439848034792669
0,1.1475078196368651e-26
0,0.5405761485020009
0,0.002883537418319612
0,0.1867314187415116
0,0.007412999082286544
0,1.7923761929840967e-17
0,1.907620514636454e-19
0,2.3171913245496974e-18
1,0.9604575318883868
0,7.873421995492833e-17
0,4.047122755371368e-14
0,1.3990668795739881e-24
0,0.7011425685864431
0,1.1724519651314109e-18
0,3.508484363958383e-20
0,7.571004333393669e-20
0,2.5103282836282604e-17
0,0.13638978977089322
0,5.912396926700701e-15
0,1.503314135916121e-22
0,1.2960424889551476e-09
0,1.0734972950923747e-17
0,2.890924418174858e-16
0,1.5990538783019298e-19
0,9.782966057582402e-16
0,2.778677376202204e-19
0,0.5554775057680981
0,4.523805805973571e-27
0,1.2299909807512692e-15
0,6.733489561601315e-13
0,1.3170054149483935e-16
0,1.0008174260504851e-18
0,2.032724989844428e-18
0,1.2429064445312549e-20
0,1.0447779206288228e-05
0,2.2358852048872193e-07
0,1.3884890224885205e-15
0,4.594351914345089e-15
0,0.055152318486385535
0,0.0002042042164739692
0,1.8251857671901397e-06
0,2.3420642931045517e-16
0,6.3863491135430065e-15
0,1.2840670277387861e-26
0,4.760442277674015e-23
0,9.30085855801676e-19
0,8.477155504617862e-16
0,5.225094773752599e-25
0,7.28406929737662e-07
1,0.6726141259778925
0,1.8844318919418816e-17
0,4.880021329578132e-17
0,2.314684024895499e-19
0,7.559809742024176e-07
0,4.1852168633469024e-05
0,2.5949686868420643e-19
0,1.916637669294453e-06
0,4.681137808555022e-26
0,2.392608043708368e-06
0,6.342325431529264e-06
1,0.6929323318385391
0,2.564199552827874e-16
0,4.710422793747341e-15
0,0.0014147209354888328
0,5.013811597165482e-16
0,0.028205113436422156
0,4.258965909086994e-08
0,3.453494775108597e-08
0,5.300343773356758e-20
1,0.34298191719191456
0,0.0903836259973301
0,8.278805682283923e-19
0,3.2866360942896024e-18
0,1.2665644854652685e-06
0,1.610319102460627e-14
0,7.247085049344567e-16
0,0.015065658139869605
0,1.1503509654921872e-16
0,3.091037214816362e-18
1,0.5580075950474482
0,6.025185705842034e-16
0,9.957782514145365e-27
0,0.005061790497444097
0,1.586342226570581e-16
0,3.725011678153188e-05
0,1.7269249158685507e-16
1,0.6925057667970576
0,1.9599961567295793e-18
0,6.941538446663994e-13
0,1.5381356415545464e-17
0,7.365078057597482e-17
1,0.6350013510603676
0,2.975818338334136e-06
0,5.275017921746252e-05
0,2.11754545150915e-07
0,0.5915038855742544
0,0.002698755599973725
1,0.408119827118892
1,0.4183208313246181
0,0.2224657835415185
0,3.079112983461185e-20
1,0.6035487769442417
0,0.00013323075877955728
0,1.2777875133043388e-15
0,5.516312346193656e-06
0,2.5481204306232106e-17
0,2.3758466743560583e-16
0,0.1152164150079609
0,1.3515154051038126e-17
0,2.789622556042649e-23
0,1.0049031581763151e-06
0,5.46759144230378e-06
0,1.0115944245685565e-25
0,0.00014965714016039965
1,0.560964087498926
0,5.837298135253097e-14
0,2.6396788211034105e-06
0,5.986554226655038e-16
0,0.015942739870342497
0,1.9396168061198983e-16
0,4.445276533100336e-18
0,1.878842776730939e-21
0,0.05762227380163247
0,6.017500668321905e-17
0,0.4489073689348256
1,0.5957131611337306
0,2.0256601069878018e-24
0,0.6084729586496955
0,8.477349445690796e-17
0,1.5997880887781556e-20
0,3.1054253576135758e-06
0,4.0419692366321046e-16
0,2.0563551664987196e-18
0,0.24281076517253794
0,0.032411769495885825
0,2.0461025136323544e-23
0,9.315621342523666e-17
0,2.1843289405031345e-08
0,1.633339285040457e-17
0,1.484079423674776e-17
0,3.263273194938388e-07
0,4.8291896274063236e-05
0,3.9875340901235646e-05
0,2.0734622570471543e-07
0,1.6971532207989435e-16
0,3.061847040696888e-25
0,0.001255780749323403
0,0.0011656031385369357
0,2.109446591620124e-06
0,0.19890457652442228
0,6.3881406059951856e-18
0,7.672987371646132e-18
0,1.5803674636358203e-17
0,3.73628814848797e-07
0,2.714435209591091e-20
0,4.191188496587982e-17
1,0.48351802546252404
0,2.762766022762313e-07
0,2.3150634022576816e-07
0,1.281973533999742e-06
0,5.24968813146285e-05
1,0.316137863162501
0,5.306917521981618e-23
0,4.1558832508153323e-16
0,2.6804432000619396e-23
1,0.9995036890515253
0,2.158599800666729e-27
0,5.603869049130641e-07
0,0.702981046986673
0,2.5874441316308534e-19
0,1.3534188929585138e-27
0,0.015447076102631421
0,1.7843577734077648e-12
0,0.5431176249077223
0,3.362127661442021e-13
0,1.2575706320875928e-05
0,5.301556360070394e-16
0,2.9233865548465863e-19
1,0.262467367106326
0,4.445581014653972e-07
0,4.930914674939333e-25
0,0.2734000807603736
0,1.8275473891305577e-21
1,0.6907339664376926
1,0.5282414703953616
0,8.097240628773233e-16
0,2.575052010670429e-18
0,1.6171167567041201e-15
0,0.0024130395104596247
0,2.2091320698529882e-23
0,1.3367899222403342e-14
0,0.2745024661471791
0,0.026153442276925242
0,2.649468905429676e-26
0,5.994401311211972e-25
0,1.0530453168859956e-14
1,0.48623385505869016
0,0.35686591709554444
0,2.2198822286743597e-17
0,0.0002673110058356131
0,6.898393449627965e-19
0,3.8649859211048437e-16
0,3.4889736812421846e-25
0,0.03551816132263735
0,1.9741382663192433e-16
1,0.363397614771191
0,1.3682764352073872e-54
0,5.285734207351346e-18
0,5.3405468317341275e-08
0,3.342595388636296e-18
0,0.0005765327944589044
0,0.24053594183512517
0,0.37230797371752794
0,7.626538977029371e-17
0,1.4309188008716928e-27
0,6.75283704145377e-05
0,1.4525048874463596e-05
0,3.9604824130282175e-05
0,2.489903964944463e-16
0,1.811834307527882e-21
0,1.9701231059419412e-20
1,0.7268733898002332
0,6.6264282422094756e-18
1,0.6391434809493757
1,0.5895228770823546
0,3.3035936303852027e-07
0,3.9844248538141255e-06
0,0.0016506128990844567
0,1.4922457119575995e-19
0,1.4207496991602114e-08
0,4.568601809531161e-05
0,1.1452303283606337e-11
0,3.5969678926879343e-19
0,1.4696371969016572e-15
0,4.269543081234845e-10
0,0.00012594540545738815
0,4.698004327931248e-18
0,0.5161767265812561
0,2.2816265719108386e-07
1,0.33693795836260154
0,7.531895646468655e-17
0,0.09365996530236592
0,1.4169525308971885e-18
0,6.525111683096258e-15
0,1.2502856337967146e-18
1,0.8579252826558746
0,8.709462583670324e-17
0,0.000661454611206661
1,0.6534398066921974
0,1.339370948029081e-23
1,0.6013029585456998
0,1.2682272034711841e-05
0,3.151848730632578e-15
0,0.00011897100305166485
0,3.135701018319295e-18
1,0.802447147559329
0,2.77034091226811e-15
0,6.301674704936929e-26
0,3.113638244296447e-17
0,1.5727245109388246e-10
1,0.905276490118986
0,9.908004155806451e-21
0,1.2590038789897807e-17
0,0.6145471315153519
0,3.968002465648098e-17
0,4.850321613078023e-26
0,2.850993662133874e-20
0,0.110549768997006
0,0.0002321412896332454
0,8.561860836098984e-16
0,3.6942342665896844e-17
0,0.0004690872333528655
0,1.5692462376937088e-15
0,1.6804772759499059e-18
0,2.161080878700781e-27
0,2.845636359751188e-22
0,1.3743571280268078e-21
0,4.527312530665365e-18
0,8.438882665775444e-08
0,2.384591128480674e-21
0,2.0948863399717337e-06
0,8.914912211948815e-06
0,5.003077382270564e-07
0,4.2012761556732497e-26
0,2.762766022762313e-07
0,5.1568943895435146e-26
0,2.6894562385526703e-21
0,0.003075420040997747
0,4.833244147896334e-15
0,4.493508101233068e-20
0,0.027004174457116815
0,0.07561251340121201
0,1.0697137860458223e-17
0,2.1748289034446784e-19
0,6.946881088247649e-17
0,3.833120672074726e-16
0,8.170706755049479e-07
0,5.881498782099386e-07
0,2.1672136804816157e-25
0,0.6082113459534445
1,0.16475060243025638
0,0.09492527202363937
0,0.16454886456326995
0,0.6007369352618938
0,0.002492914201997646
0,2.4243205672526257e-16
0,6.810589836700415e-17
1,0.49238749738174403
0,5.0874431321254495e-17
0,9.531011552067509e-17
0,1.5468119659788354e-15
0,0.3788887827958926
0,6.920229387260722e-14
0,1.6632941773931663e-05
0,0.035764548455039284
0,6.099142441979234e-19
1,0.8941440813224494
0,1.1329007135786612e-15
0,8.948418632760459e-21
0,6.264158661228074e-18
0,0.18178020648094623
0,4.819980934223173e-13
0,7.6567766519699805e-19
0,3.826621678602252e-20
0,0.000526104327458647
0,9.333348815026956e-19
0,2.3875035615572557e-17
1,0.5553911540369778
0,3.075680497889217e-19
0,6.907189181605979e-14
0,9.324317784311838e-05
0,3.963436614430044e-16
0,1.1543017979194112e-06
0,6.883851187627192e-16
0,0.6175870850431395
0,3.0156281105088145e-16
0,1.380025223019696e-07
0,0.23295721026224503
0,7.132429830812478e-08
1,0.6790803578089953
0,0.002269201833322559
0,2.9000207913089137e-05
0,0.08030278190527253
0,1.2969866234235397e-19
0,1.4791705731558924e-17
0,5.854636067307362e-18
0,1.0869720773765305e-22
0,4.785093273817955e-25
1,0.7193553366034615
0,1.0542404084367273e-06
0,1.429778315347351e-18
0,1.182167605661353e-06
0,7.506196483807989e-05
0,1.297909124223555e-19
0,0.22158270990194098
0,1.8483527000773305e-25
0,5.015939948779995e-25
0,2.133294729372283e-26
0,1.7758466137161454e-05
0,3.6349329796147215e-15
0,0.014647128567301796
0,1.0611466849492026e-16
0,4.069022653261482e-09
0,9.998280994416958e-11
0,1.253263809066753e-16
0,8.86839379929435e-27
0,9.052379926139168e-08
1,0.7998219263545029
0,1.344025302289301e-19
0,0.02236201240890221
0,1.9061679961180776e-18
0,1.5856369973851887e-17
0,1.372335841563653e-27
1,0.939852750846828
1,0.5110712126280192
0,2.422722338812964e-17
0,2.2982278949111498e-08
0,4.0481993781165433e-13
1,0.5227912689675005
0,1.8383671846620316e-05
0,3.3361103425479817e-26
0,0.02156887669420408
0,1.3202688516182767e-19
0,3.1162645076607477e-25
1,0.6145808946121966
0,2.5500080975088657e-07
0,0.010287647766773822
0,4.778652719109907e-18
0,8.608393763944642e-26
0,9.961543786829915e-26
0,2.8926319989466076e-07
0,0.3328240132407582
0,3.06609352097418e-23
0,2.1486332495308743e-16
0,1.5377702481424973e-20
0,3.781506516481499e-07
0,2.9688300846503685e-19
0,2.6699940986423375e-19
0,1.2127866565032936e-22
0,1.706382805879705e-17
0,1.2639855897050258e-16
1,0.9154587983035528
0,1.3257881424979272e-17
1,0.9262816735580287
0,1.4646275913979496e-17
0,0.014998311145417203
0,4.2157280425905695e-18
0,2.712521901972724e-20
0,0.4058419009285398
0,0.1093742057379798
0,3.22886838927712e-07
0,0.00045062533700178554
0,6.891570258501723e-27
0,5.083045691324358e-15
0,2.876341326462854e-18
0,5.324327560872774e-25
0,0.004616761281012989
0,4.1871564652949586e-17
0,1.4398056300435665e-19
0,1.262078151277211e-06
0,1.1758815310516837e-15
0,2.654862581591356e-23
0,0.0024691362154644777
0,6.175741801014789e-19
0,6.0664248687298925e-19
0,8.179058043097978e-07
0,7.770354407604532e-18
0,6.732593596353198e-20
0,0.4119995469605188
0,2.4426332733749543e-16
0,2.8489378333306707e-22
0,0.16033971201224081
0,1.4271404346870991e-18
0,1.520156984614231e-19
0,4.439796164368024e-17
0,1.2277168736672623e-16
0,6.111997384442415e-19
0,4.5679181645510863e-20
0,6.581585527628068e-27
0,6.942323331281011e-14
0,1.3151907813383635e-15
0,3.8573028286630575e-15
0,4.466484222432498e-20
0,8.448310661991627e-13
0,1.4785205061789173e-24
0,0.12733277511025218
0,1.1713621262551228e-19
0,0.2605127598457266
0,1.572882602438849e-17
1,0.6430248517591771
0,0.00019731562603118635
0,4.846838995917859e-16
0,4.326622734585375e-05
1,0.9584916979446856
0,7.969567334009417e-19
0,7.005929945644158e-08
0,8.635064296516929e-14
0,2.213311322855451e-20
0,1.505725317816665e-16
0,0.3283573903594404
0,1.894663713267884e-16
1,0.2153981185877123
1,0.6704726841542814
0,0.21518395447780828
0,3.836994906467358e-18
0,5.055473260937751e-25
0,6.871027315097066e-20
0,1.879988219149592e-15
0,1.5982024635430517e-22
1,0.6443226450509634
0,1.6336090385909294e-26
0,5.869617681409905e-19
0,2.5441792381052223e-07
0,1.6688040062113442e-06
0,8.851510667128564e-26
0,8.068032000425138e-06
0,1.1375396342336147e-16
0,6.538944289164561e-21
0,0.26580539376118695
0,1.523611297051606e-16
0,3.0998479069643563e-16
0,1.3031717461802485e-16
0,2.5851103196765487e-07
0,2.5046742196903332e-15
1,0.8012321792448788
1,0.1781428181879519
0,7.335630826824008e-18
0,7.5530483372499065e-28
0,1.807397663558881e-07
0,1.1963019943732917e-25
0,0.4081088250190735
0,1.057942440641492e-18
0,0.40143233084726404
0,1.540982820495813e-07
0,4.7937180418907203e-20
0,5.466943341082149e-23
0,2.424218684733662e-15
0,6.948473753122442e-17
0,6.793265192761853e-07
0,1.7051892228310533e-26
0,0.02747332366570199
0,1.1730590572909564e-09
0,0.6006741918034099
1,0.4502528554701693
0,0.0026606361610126226
0,1.8059708789150705e-18
0,9.794631606983108e-21
0,0.0016975460527763914
0,9.619235814246756e-18
0,0.6081243286195122
0,7.446302963498332e-05
0,1.712534829216498e-05
1,0.8690861193643218
0,0.24722071633858034
0,4.4033280265399456e-16
0,2.1235908872448e-18
0,4.1900229480447257e-26
1,0.5268233815730282
0,3.2016079491384947e-18
0,2.7231711088972626e-14
0,0.3601000416924423
0,1.0788181613962862e-14
0,1.3110165022121921e-18
0,4.269543081234845e-10
0,2.6368853162518892e-19
0,2.832133171889977e-07
0,0.0026987555999737275
0,1.7287679135052164e-19
0,5.9251306156667055e-18
1,0.3814346494381902
0,0.05947726469022897
0,1.9616655378632237e-15
0,1.296138495937072e-18
0,0.7450725520792276
0,0.0034812172097562063
0,4.80794053230141e-18
0,0.03127646315204662
0,5.793071032453352e-16
0,1.1457847179696034e-19
0,3.902636228174093e-15
1,0.3169257543670443
0,9.25147942811789e-08
0,7.755173858716046e-20
0,0.0001558586463785951
0,7.524218618582077e-21
0,4.6346431970476374e-21
0,3.655298627441808e-06
0,3.056220680741888e-23
0,5.641105608035827e-10
0,3.877863554629819e-15
0,1.255932112113297e-06
0,6.535407206045833e-27
0,2.3937203949248182e-23
0,8.334243400746091e-16
0,6.168494077795778e-27
0,4.4514787713093606e-17
0,3.29855840206056e-20
0,0.001282899346658176
0,3.2497587128884745e-17
0,0.2957676660095477
0,0.018667922259964418
0,0.020418535937943776
0,1.2857249252128231e-14
0,2.916293430185883e-18
0,5.112739049032005e-16
0,6.111760858379355e-16
0,4.037079816012549e-17
0,9.097126718883672e-15
0,0.00497924497699025
1,0.7957271915777984
1,0.738787111556126
0,0.00013593918244377478
0,5.26335726356617e-19
0,1.3343238848195279e-14
0,1.878842776730939e-21
1,0.3093456446986653
1,0.8132914282360466
0,0.7320319192337053
0,0.004348778256831693
1,0.8453861073994804
1,1.1704242424790934e-07
0,0.013835778625097462
0,4.007129865652224e-21
1,0.5644355289269485
0,5.043265108324229e-07
0,2.6505712264633836e-18
0,1.632653693694488e-23
0,9.77139350670439e-07
0,7.276763775074999e-20
0,3.1253560665455134e-07
0,0.047081999393018596
0,0.019184051058966013
0,0.3794057197178154
0,2.240443049572055e-22
0,3.0714968124223705e-16
0,0.01980099316122708
0,5.840687842783776e-18
0,5.4825690240918375e-05
0,0.3542838046425723
0,2.1625880082185148e-20
1,0.46030361344608745
0,2.1765297446775194e-22
0,4.032867277629137e-18
1,0.7792050635180606
0,2.6563219689624294e-18
0,3.9815423703374865e-19
0,2.076064843025467e-20
1,0.4664586945150461
0,5.625112448775004e-15
0,0.5928658097193787
0,7.792232754279968e-15
0,2.786654591331051e-23
0,0.235725149564722
0,1.515955420552388e-06
0,7.469439511715546e-20
1,0.5790853039188725
0,1.1810279520936635e-11
0,4.434567158944211e-18
0,0.2941988989127227
0,4.443278031833919e-08
0,1.5101429000860464e-17
0,7.458647132056345e-19
0,2.1023284877005675e-27
0,5.323687551087314e-07
0,1.0589344875926356e-24
1,0.5808396410708072
0,1.3798802338552278e-16
0,1.23375999071544e-12
0,3.239561003375937e-27
0,7.304339885318232e-20
0,2.3678638215280443e-18
0,2.8856452360101432e-18
0,6.782725167483704e-20
0,1.8638332931988162e-14
0,1.2519091273540293e-09
1,0.7996371631145472
0,5.904004651068192e-25
0,3.9831944108359756e-15
0,4.271845720481344e-18
0,2.982612123269165e-07
0,1.698366213278875e-08
0,4.296822351743683e-07
0,3.073711829989432e-17
0,1.9659443454601417e-06
0,0.007416628577702672
0,0.33389962790007915
0,1.000452039480502e-05
0,7.213022848943252e-09
0,2.919537564877942e-18
0,8.362668663799395e-20
0,4.743069961935011e-23
0,2.210770782605164e-23
0,2.8560420320663738e-08
0,6.175748871598909e-05
0,3.484690910453872e-07
0,4.238289645622017e-19
0,3.848409347791721e-18
0,7.124217647319029e-26
1,0.23719988681048307
0,0.001809770652715274
0,0.3475423744605706
0,1.9024712918261504e-19
0,0.15653804191359577
0,6.59156019827371e-15
0,4.746686093260629e-22
0,1.4773379415157332e-22
0,1.2218359332233466e-23
0,2.3742926536631575e-18
1,0.790416744477366
0,0.07401704499311156
0,4.425795819103745e-18
0,1.7549674617266255e-18
0,5.422282927471479e-07
0,2.8645140826466143e-06
0,2.521465587515007e-19
0,0.001463259882183274
0,0.30169183788618126
0,1.286556916493214e-16
0,1.2941850697436072e-21
0,1.0283702939383988e-27
0,2.2580414323957778e-07
0,8.777909874532355e-07
0,0.22955802066460312
0,3.125706750545139e-08
1,0.8554257881864694
0,4.955053520194049e-21
0,1.903475683054168e-19
0,0.6377023826470537
0,2.104285670788249e-18
0,0.003940918360849955
0,2.2157422996336263e-19
0,1.0424570362854562e-18
1,0.4450655458861016
1,0.8580176071618594
0,4.137593701957756e-21
0,1.0614231000709323e-20
0,5.317736787814425e-14
0,1.6573999484668904e-18
0,3.1366829703192313e-07
0,4.369441215957167e-15
0,9.52616035878412e-28
0,0.37178189539428613
0,1.7792140801658424e-27
0,0.12239461083066143
0,2.148004579807476e-21
0,2.22147218723208e-16
0,9.0985893019683e-18
0,4.603628839413405e-06
0,2.0934508984836473e-07
0,2.9414525631752423e-06
0,0.29367852317728604
0,8.318376009542937e-20
0,1.5868995331482525e-08
0,1.6480524045265357e-06
0,4.1252457495825856e-12
0,1.907229424740939e-20
0,0.33200660133554694
0,0.5850003029574223
0,1.0644274796473348e-17
0,3.3394294161340266e-18
0,3.615900484905776e-23
0,0.00014885609857859732
0,8.882245014842951e-18
0,3.5584752614122906e-08
0,1.9611067827229214e-16
0,3.7974591947025964e-23
0,5.29246572510682e-16
0,2.1499719184356037e-17
0,4.8124056113782705e-06
0,1.1360035209493457e-24
0,0.15546380505944943
1,0.9222513496893662
0,2.531106904044742e-07
0,1.1763647660107713e-20
0,0.3460598616512208
0,5.3411790804521235e-21
0,2.834682597207616e-16
1,0.5515627905442736
0,3.882317907345053e-15
0,1.5064485400014257e-25
0,6.312725084514998e-25
0,2.3620565536026286e-08
0,1.5103548869185528e-17
0,0.2704013710330116
0,8.964796399297361e-07
0,0.42038456660344486
0,3.201602385813927e-19
0,2.878453482342449e-20
0,3.3626506216845876e-16
0,2.7253291168052447e-16
0,1.305289080707548e-18
0,9.483219870466708e-05
0,3.625692137953476e-06
0,7.452673319172092e-22
1,0.7288118791817998
0,4.0506005039022e-16
0,1.763446358082169e-17
0,0.0005983131549826826
0,6.881201715187e-15
0,0.12379667621456687
0,5.977852067736922e-16
0,0.002427225915631479
0,3.3305660809291493e-07
0,1.4289991800542916e-14
0,3.5625822976507767e-23
0,9.582939210329485e-17
0,0.3182751257333619
0,1.3196371634110283e-16
0,2.9898811585235656e-16
0,5.745505971799152e-05
0,0.05002638447260199
0,3.3429282703641445e-25
0,6.959352682514945e-19
1,0.4392830781426977
0,1.2230653607371873e-20
0,8.016692660915045e-19
0,2.457895858152061e-20
0,2.551762609038584e-06
0,2.858807686447546e-07
0,2.4543896744322455e-08
0,2.97224160473934e-17
0,1.0331545293568155e-15
0,5.580891788310194e-16
0,3.126587722103434e-14
0,1.4766981479074906e-27
0,2.1598502453028026e-19
0,0.0012571139582190178
0,5.941677814437563e-23
0,1.7383980751429812e-19
0,9.031127510128212e-17
0,0.3948296232998298
0,0.9058005589145994
1,0.48606910695866445
0,0.004122500312576578
1,0.6889761606678776
0,5.512782006888961e-06
0,3.035277838270732e-08
0,0.00036000679772156394
0,0.12570465462162372
0,4.269543081234845e-10
0,4.610450339056462e-27
0,5.911703649404852e-08
0,3.199761491790825e-17
0,0.37681469444647026
0,2.1118908151407492e-06
0,5.844423809256053e-27
0,3.2559919628532893e-21
0,1.5316903451445215e-15
0,2.878453482342449e-20
0,2.752452034073954e-20
0,3.378880560974469e-17
1,0.958772577451597
0,7.425835735451165e-28
0,6.433440690563494e-20
0,2.477132865138771e-28
0,9.908356788464466e-28
0,3.270405404007594e-07
0,4.0518361904248456e-17
0,0.24911946126241832
0,0.3103655797262265
0,3.7960043863710095e-16
0,4.2252896825827784e-17
0,3.790156080957784e-26
0,0.00037396620508567554
0,2.6888787363675176e-23
1,0.5553252323422361
0,1.0330069605178555e-14
0,1.54455730123073e-13
0,8.719751771152418e-05
0,2.666125243881777e-15
0,1.2554849346017361e-18
0,2.0406301192284052e-21
0,2.325713565568026e-16
0,4.3168387586304084e-08
0,0.47461466009126213
0,6.72308517288935e-19
0,1.2218526173136681e-18
0,7.886637209672906e-14
0,2.711030517106062e-25
0,1.3484014642658356e-19
0,0.1326403600519791
0,4.7317660624869426e-14
0,5.0532217918613226e-26
0,1.613481992018078e-18
1,0.6284295247172903
0,3.6353151464146526e-07
0,1.47690573122386e-14
0,0.0007312724200988352
0,2.5121650333855614e-20
0,9.473957621561189e-28
0,0.19475189712185698
0,4.959991156921102e-16
1,0.43365668261824747
1,0.6561693376845595
1,0.1743296344533811
1,0.4098501032932396
0,5.878602268172248e-14
0,0.44998325580897475
1,0.2611047089292324
0,0.28725291500618366
0,6.423820267846049e-16
0,3.0822628293298857e-19
0,1.3016424134539274e-16
0,1.2406261618872277e-18
0,0.014234808133997497
1,0.6408908864683224
0,1.805732728426573e-24
0,1.878842776730939e-21
0,6.578937313846062e-17
0,1.8388280654060404e-16
0,1.0294930188629975e-20
0,1.158985010601874e-15
0,2.6156024316731035e-14
0,6.355564923552022e-25
0,1.1910638741963417e-18
0,2.0369589466037108e-16
0,2.439545639835652e-05
0,0.10013579314142855
0,1.9018268908117567e-16
0,0.0013998463253350711
0,4.2012761556732497e-26
0,2.9927283365934487e-06
0,1.2953033582902457e-18
0,3.3361103425479817e-26
0,0.22710135877147844
0,1.7369524592801303e-19
0,0.03365559409080392
0,0.10049384577996201
0,1.8385516618603787e-05
0,0.2965883613834942
0,1.878842776730939e-21
0,5.96387239963848e-20
0,3.0795046135366935e-18
1,0.3018194382967325
0,0.010830735386841624
0,5.517910516423341e-07
0,1.241330755099148e-20
0,1.0567227264459873e-20
0,0.01988976257810749
0,6.812888733349761e-14
0,0.23230295854820876
0,0.15965117236517629
1,0.29092723408286364
0,4.0028345278069686e-16
0,0.08931288891797871
0,3.849897365061849e-23
0,5.556152680946655e-18
0,3.206171825945838e-21
0,1.0290536457035924e-24
0,1.6512705003360167e-19
0,0.0933223179974728
0,1.9580175350586547e-16
0,4.411550605279069e-15
0,2.057028527951077e-17
0,9.554323067875487e-18
0,4.616471313974473e-16
0,2.272986396062328e-15
0,7.755173858716046e-20
1,0.4314827634396986
0,0.15621928470597887
0,0.04098175292297713
0,2.399511153797659e-05
0,1.485274483944627e-27
0,2.8882729732469674e-19
0,1.022844223034494e-14
0,0.0007033732071781026
0,4.0488705046272684e-13
0,5.296664730959377e-19
0,2.6521601385044123e-23
0,4.324726102783223e-06
0,9.162254777228663e-28
0,6.842405626294214e-16
0,3.0910372148163844e-18
0,1.091058292370138e-06
0,8.465363615432218e-18
0,1.1283025053523058e-15
0,1.6242835966287284e-09
0,4.822356161816344e-22
0,3.027573496142451e-18
0,1.1497824484927143e-15
0,1.491560237671289e-17
0,1.7465606569197147e-06
0,0.014838251895111242
0,5.338394522665822e-17
0,3.4907900291218784e-16
0,5.909605177643015e-16
0,6.023979766825464e-18
0,3.3016908448749676e-06
0,0.5841602841770229
0,1.739775664626214e-21
1,0.5671521637598581
0,5.61408925959524e-17
0,2.488351752817041e-05
0,1.5244580074567916e-18
0,1.029214766559967e-18
0,6.187520183436186e-09
0,4.809452903199049e-07
0,4.269543081234845e-10
0,5.282828608846166e-15
0,2.745693253715664e-16
0,1.5028659572716589e-18
0,3.702851851904965e-21
0,3.838230999716916e-06
0,4.0607092236483343e-19
0,1.1768795699493912e-06
0,0.24497343677401906
0,5.2085726609599834e-15
0,1.5168765044198632e-19
0,6.1704479665136145e-15
0,1.2947652729619164e-17
0,5.992983549018167e-24
0,1.3556953466078705e-21
0,3.3637636555703e-17
0,3.6944337509078812e-06
0,5.195146002016682e-25
0,0.00017118701702019054
0,3.888831243466061e-20
0,2.148004579807476e-21
1,0.6280955950884376
0,2.1255962092836117e-15
0,0.0008916281224645731
0,0.00796118101690032
0,3.246188047845171e-23
0,6.356196810942208e-14
0,6.220144272933737e-22
0,1.1769743185104517e-16
0,0.2142349036865992
1,0.776971591830316
0,1.3574666709695215e-16
0,2.6951762952970314e-16
0,6.5790556760721575e-15
0,9.517326784027984e-17
0,3.5047240134500697e-16
0,1.5748880650917575e-08
0,1.3653560780290468e-14
0,8.255033581578466e-19
0,8.05774147894105e-17
1,0.8181431517276437
1,0.8084954973286583
0,1.0621603139163137e-07
0,9.367108022088511e-07
0,2.973771653623104e-15
0,0.0012107667348833996
1,0.08422770787752101
0,1.4530398851517873e-16
0,3.206171825945838e-21
1,0.2710226964750179
0,2.459743246971455e-06
0,1.4182104424023421e-15
0,0.007022475358485109
0,0.32548726150656243
1,0.819959114752258
0,1.598657725510948e-15
0,0.017913143767128204
0,4.233928444872597e-17
0,2.1554777242801521e-16
0,2.716448097294789e-14
0,1.1425952190010374e-16
0,3.402789247171488e-06
0,0.00014778216592259815
0,3.015489288356782e-25
0,1.2063448915238376e-25
0,2.5002251465265695e-18
1,0.2372977524728383
0,0.0030651145594917766
0,6.105887181536059e-19
1,0.1174010385678633
0,4.338010677474902e-16
0,2.418312144644105e-07
0,2.65119142845057e-23
0,8.214276710159588e-19
0,1.2399446640689278e-18
0,1.3367186228256209e-12
0,1.7908923469124898e-06
0,3.086852342412637e-05
0,1.4897014246139714e-07
1,0.04768478400258186
0,1.1251884630556776e-20
1,0.6482438809048615
0,2.4893267381103334e-17
0,0.05373982335122599
1,0.6684067060001455
0,9.204229776391367e-17
0,3.4452298229977886e-07
0,9.156580430911768e-12
0,0.029024972918771725
0,0.27283994056956223
0,1.3907168422890507e-15
0,2.9285029365627703e-16
0,2.436289140622397e-19
0,1.9378991127506208e-14
0,7.414635052371417e-18
0,5.571697311104158e-14
0,0.008082406523346516
0,0.0013998463253350687
0,3.393240375592543e-18
0,1.0465700781136256e-17
1,0.7158840940633688
0,2.5445506123609736e-16
0,7.497610430251036e-16
1,0.4491862183620166
0,0.18887382500657554
0,1.6651038269804727e-06
0,9.913641507291964e-17
0,5.654330626066135e-18
1,0.6574138670106269
0,2.6554450426007216e-23
0,1.005574561843847e-18
0,1.1452303283606337e-11
0,3.238232428411872e-19
0,0.040576448191098034
0,8.448310661991687e-13
1,0.46862256317670403
0,2.907853294491242e-07
0,4.194731877346382e-06
0,8.33819392870847e-06
0,1.8970590487031503e-18
0,0.00012654727956627515
0,7.00496695898143e-09
0,0.3819172914396526
0,0.0010711698028157432
0,7.830540419984927e-15
0,7.568805684261739e-19
0,6.636441238552289e-21
0,3.838230999716923e-06
0,5.277084100956388e-20
1,0.6038477545781312
0,9.473957621561189e-28
0,1.3387499829914302e-16
0,4.507115478636413e-22
0,7.213022848943252e-09
0,1.7175580184251875e-07
0,1.6320085143314366e-07
1,0.8096593615024847
0,3.32026207631889e-16
0,3.868084803113051e-15
0,9.011993346887712e-21
0,3.787177794897338e-17
0,8.670180468164769e-17
0,2.6143749915250704e-14
1,0.9363400801639118
1,0.7814168360143717
0,0.0608210580318716
0,5.772716764760393e-18
0,6.890936791580777e-24
0,3.3487224026081514e-19
0,3.6426832657456186e-07
0,7.635192790897905e-20
0,9.52616035878412e-28
0,0.2557233976824333
0,2.687844554841068e-15
0,3.887615178360251e-07
1,0.8671546729353522
0,0.07496369623058177
0,1.6434297767563096e-17
0,0.6710449108916937
0,1.2171716021064843e-22
0,1.5208847984893482e-20
1,0.6673822869665201
0,6.0482040825014086e-05
0,0.13078749081831
0,6.737959391659206e-05
0,3.684049738939156e-07
0,1.4789699924016231e-23
1,0.5262414667847213
0,2.780477931699923e-17
0,7.956062413555636e-16
0,3.757372980714513e-21
0,4.514175303268485e-15
0,0.28100246990621286
0,5.2045943292641084e-06
1,0.6371173734120961
0,1.5301589758778944e-05
0,0.00023847316516274836
0,0.04658604519760036
0,8.09291987367263e-07
0,2.0660957790293794e-06
0,0.5546997126614998
0,4.852582124551242e-18
1,0.6744052498342515
0,0.0008061768233448625
0,1.1017045906526383e-18
0,3.325585620362186e-17
0,3.580707076978326e-24
1,0.8754431443832089
0,1.0838963134272756e-18
1,0.45157832897748384
0,0.003338216812002279
0,3.0895181764773628e-18
0,8.11321037020203e-17
0,8.448310661991627e-13
0,8.692559690859646e-07
0,0.6421034465640857
0,4.956886416031392e-17
0,1.0103470673542618e-06
0,0.20233136548137334
0,8.18858985095547e-15
0,3.395926518268795e-23
0,1.2827824834397572e-07
0,2.5851542236232653e-22
0,6.9129628007518465e-15
1,0.6041387020846918
0,9.690461572866436e-16
0,0.0031919572962065667
0,5.100070194237076e-06
0,7.00496695898143e-09
0,2.040233160293904e-20
0,1.047517077096588e-06
0,1.072207204434433e-15
0,3.988258862512342e-20
0,5.44903319941358e-17
0,5.454574594836429e-24
0,0.8582668927069189
0,3.206171825945815e-21
0,6.3671681128642206e-21
0,3.3016908448749676e-06
0,0.5761346274372092
0,0.4785221914614607
0,0.0009276657939505549
0,4.736589605179229e-19
0,1.5099550282278475e-07
0,9.703176934502365e-17
0,5.2021431048955544e-05
0,1.2146046568271997e-17
0,6.680658377814454e-23
0,0.00018520835699897245
0,0.00042248042255466214
0,1.3347602293886285e-16
0,2.1910430030101736e-13
0,2.128715337848392e-17
0,0.00020574124202199715
0,9.358233600612815e-08
0,8.963352697997107e-18
0,4.552647391877276e-17
0,4.727082294218652e-16
0,1.132406207648506e-15
0,1.4764862602357588e-23
0,2.0454063565078313e-18
0,7.00496695898143e-09
0,2.998256933931333e-05
0,2.164890539829385e-07
0,2.3246596865765446e-16
0,3.467712656408959e-20
0,1.0025300112052323e-18
0,5.670313963755544e-20
0,0.3257000806030625
0,2.0702120621770388e-17
0,0.17357961772665192
0,2.038380001533957e-15
0,1.2208545359777194e-15
0,1.8669411642217686e-10
0,1.6818586719153593e-26
0,2.378329898591649e-09
0,1.9356522525363094e-16
0,2.6281247396455215e-14
0,0.015642447547627347
0,1.0496166781871909e-21
0,1.7132573155546323e-16
0,0.274926927472029
0,2.6561337890660856e-17
0,5.43669499198271e-24
0,0.47497034269235777
0,3.134587254373113e-25
0,3.591991347793669e-07
0,1.905345321634919e-17
0,1.899459946038101e-16
0,0.0011227870672680387
0,2.5255338412507326e-22
0,1.3122082226344139e-27
0,2.9256924178995126e-16
0,3.023693784784764e-18
0,4.3244972847248383e-19
0,3.838230999716923e-06
0,0.18507059555793934
0,5.629884437859305e-07
0,1.0135116881676192e-16
0,1.5899955510287726e-18
0,1.355437489923093e-15
0,2.641772220749646e-19
0,1.5713819707440693e-07
1,0.3805543798005834
0,1.8691082681180365e-16
0,7.524218618582022e-21
1,0.5920015023371865
0,3.9060870089964196e-16
0,8.037856778838428e-19
0,0.029092529535958783
0,5.691801333770974e-13
0,1.7567219545665297e-16
0,4.316216600575443e-21
0,0.2756024068710025
0,3.6937468177863913e-16
0,1.8614248574109454e-16
0,1.3642446900571907e-14
0,1.2448783611576076e-15
0,1.22741641034799e-19
1,0.32125933573740384
0,3.707918381033725e-23
0,0.27364038219849607
1,0.4416213224448101
0,8.090494578983588e-19
0,1.4737822346648393e-15
0,6.116970082013616e-06
0,2.2866960140421168e-15
0,6.630704282363076e-19
0,1.9788137335730315e-15
0,0.42617534774334825
0,2.0529821544627588e-19
0,0.3490892751667576
0,1.9351766891801797e-16
1,0.570327932610618
0,1.3715279606539566e-17
0,0.46389946586944236
0,6.417337332229769e-17
0,1.0490695672790925e-18
0,0.01635957731366008
0,4.826354263359151e-07
0,2.2450841744027145e-05
0,3.910369814933804e-05
1,0.5608731003030721
0,2.119493345692083e-18
0,0.2705001063622874
0,0.06732417100734961
0,1.235816401775838e-16
0,2.484135113363458e-19
0,0.173955983267477
0,0.6439587248478423
0,3.104699730739114e-16
0,1.910801897802553e-15
0,6.754566676351711e-13
0,1.0995408992689305e-17
0,0.32495530080319757
0,0.07257979931055242
0,3.0725596839064286e-18
0,3.9166937440136595e-21
0,7.52061727098601e-16
0,0.21208320527564734
0,9.68444509919481e-07
0,6.319068036281096e-20
0,5.167981245401902e-20
0,5.928820673300449e-23
0,0.002044319413974014
0,6.132807785605256e-19
0,0.014465961707926835
0,1.7094951162331906e-07
1,0.8319958700771662
0,8.24429662144247e-06
0,2.257140422439438e-16
0,1.811834307527882e-21
0,1.2055679800896447e-16
0,1.0057512774165023e-16
0,4.240459473458481e-15
0,0.13217960042032367
0,1.7685817413351413e-16
1,0.7915843574008435
0,0.4804253048073081
0,0.00012155473471254823
0,4.124039155654063e-15
0,1.8637443285485823e-06
1,0.315449778995209
1,0.40856434146644793
0,4.2317495526451815e-16
0,0.27760075798783657
0,8.421628289250091e-19
0,0.9986739054678881
0,0.4279662940133725
0,0.10738725233732242
0,5.197847304657257e-16
0,1.0951980608696849e-13
0,1.7169228004190708e-22
0,4.6235320218604354e-08
0,1.3570159626930327e-15
0,0.6651848741481717
1,0.42804285055419034
0,0.039066950360754055
0,1.1582854991295322e-07
0,1.1869263966689138e-13
1,0.46945402998652525
0,2.233915138208043e-20
0,1.5425475329148143e-18
0,1.2911284060465397e-07
0,0.47331716423935344
0,2.4128730611185014e-18
0,1.4766981479074906e-27
1,0.07832151443329656
0,0.21450877113196046
0,0.1264109107813599
0,4.7664197675952024e-07
0,1.424122859330908e-17
0,1.0334939531850137e-20
0,3.433098400138971e-15
0,4.269543081234845e-10
0,4.102814502790495e-19
0,0.0002423864083745587
0,3.589261737008653e-07
0,0.0005463161188154567
0,6.202612884720735e-19
0,2.9900929630096635e-23
0,2.5759502494762313e-16
0,7.477819510354457e-14
0,0.23094668853335892
0,9.01855043320712e-08
0,0.6648842192546455
0,2.213974828646345e-19
0,0.7286454549501257
0,5.915177660238722e-19
0,0.09347643432330303
0,2.5081104205877382e-06
0,2.2606365518654603e-20
0,1.5479256729514512e-08
0,0.12070616635066082
0,2.15025952652586e-18
0,1.895797161549295e-08
0,1.357868384331157e-15
0,4.1701156860404113e-07
0,2.6261237082848456e-18
1,0.8638554265587584
0,8.88975727128209e-19
0,0.5605101150322422
0,2.9290683635641245e-18
0,6.098776401186104e-07
0,0.002028523044565348
0,0.027544303013537424
0,1.559970765918552e-12
0,0.0039000768817898475
1,0.3933650956330119
0,0.004654469202836111
0,2.8766139772262276e-19
1,0.20523059878585723
0,0.26494370812100426
0,5.082161522904237e-17
1,0.7665182473067889
0,1.3977031328335983e-22
0,0.6559916643501371
0,3.783602589482477e-17
0,4.0111293810106774e-18
0,4.392038140089878e-14
0,2.4684320730921146e-06
0,2.782295475614083e-07
0,8.594877094075325e-13
0,0.004019529749696827
0,0.1813833443539961
0,5.273204554261507e-25
0,1.0530998369613132e-05
0,1.6476804613792687e-19
0,3.6241193813051363e-19
0,6.041180502153077e-07
0,4.333941167313936e-26
0,4.0181185187280906e-17
0,0.07782749653017601
0,1.548341871795302e-21
0,2.2894346446673604e-16
0,4.1553153249875857e-16
0,8.897977164562345e-17
0,4.376179019070028e-17
0,1.0614176287820954e-17
0,4.5517843510981746e-20
0,9.785854995440192e-15
0,6.263941924188081e-06
0,0.000402283745271186
0,7.49105654307062e-08
0,2.689017647394845e-17
0,2.742966128030906e-16
0,0.6842590654701777
0,1.2317431072201316e-22
0,2.539973650633981e-20
0,4.792434885529491e-19
0,8.387096098345117e-06
0,1.1470431270638886e-21
1,0.8231452114487056
1,0.8612642437452109
0,4.269543081234845e-10
0,2.2854032489545026e-19
0,4.4504075767741763e-17
0,2.7092995552093485e-20
0,4.561626470933305e-19
0,4.775914249181317e-17
0,0.6821457170303762
0,8.061101540495933e-06
0,4.259692236860514e-18
0,2.0390653678392756e-16
0,1.0327123464687945e-20
0,5.2061136747310485e-25
0,6.008855497180958e-27
0,2.2918800597480982e-15
0,0.17334648114041254
0,3.6182269673599313e-16
0,2.6212738810119684e-06
0,0.058621540659919376
1,0.4111524622583491
0,2.84792709742725e-08
0,1.1002417705206673e-15
0,1.1906030088463445e-06
0,2.847885225992535e-17
0,2.100932832075353e-14
0,3.5331952457336586e-16
0,5.454574594836351e-24
0,0.001379539700165512
0,0.00038662335333405754
0,1.8384747064482893e-07
0,3.0474074253562295e-17
0,0.22404104142338607
0,2.2292031213542817e-20
0,4.737214125576698e-19
0,2.2334498883476218e-18
0,0.3961036515182321
0,0.4333748947636519
0,9.678023979968473e-05
0,8.505190305886446e-05
0,1.8182130927826246e-06
0,6.757903123832035e-16
0,7.48740754752376e-07
0,6.701143551963904e-16
0,1.4961144146414327e-15
0,2.4208068566075793e-05
0,0.012517477602364997
0,0.0001391159592542406
0,0.23228207337429582
0,3.2888997514205695e-17
0,6.440813976360299e-18
0,5.9251306156667055e-18
0,1.870844763313557e-17
0,6.538480494869254e-20
0,6.814292913261014e-19
0,1.3713847095699554e-16
0,0.0037311633505559857
1,0.47985181756331236
0,1.460130540785833e-14
0,7.163036131578552e-08
0,1.1295821789710058e-06
0,5.2239129978886516e-08
0,2.180772206615489e-15
0,3.143514379137228e-18
0,6.460001045513198e-19
0,9.995157579362396e-19
0,2.665493532162631e-23
0,1.1683611713981084e-16
0,7.431026235114903e-16
0,2.0724164194929486e-16
0,0.33698720711229085
0,2.010158583152794e-18
0,7.060087903968905e-18
1,0.7211235894753085
0,3.3016908448749676e-06
0,2.658973797479001e-19
0,4.5782246920257983e-20
1,0.9999999996800768
0,3.582521725708565e-19
0,1.584517984225341e-15
0,3.4880685808042607e-16
0,0.00035478521112952596
0,0.3676150112431804
0,2.6874068017185847e-07
0,4.603628839413405e-06
0,1.1644306578561482e-18
1,0.7207745363072928
0,7.67053423801496e-13
0,1.6310832072237328e-08
0,0.1693077301338034
0,6.848802761932005e-05
0,2.22635380726909e-19
0,5.082249570195861e-27
0,8.643740287322059e-19
0,1.1204916391552896e-07
0,1.848272898556726e-15
0,3.2614037085070303e-18
0,4.605532006431489e-19
0,3.160939873465899e-16
0,2.432515159845816e-18
0,0.20540527057639152
0,3.762264396462652e-20
0,4.1252457495825856e-12
0,5.325770711263804e-18
0,4.356503066943138e-06
0,1.99005595284574e-21
0,1.0632791221545806e-16
0,2.925627911642107e-19
0,3.687863145468095e-17
0,2.501831189136454e-13
0,9.602122328706927e-16
0,5.516825907103e-08
0,0.07906285450671696
0,0.0003028253703276346
0,0.0002216802108480195
0,1.3866818225792901e-24
0,7.490833690242039e-07
0,1.2263581155669222e-26
0,2.939024872862302e-23
0,1.4106842464425427e-06
0,3.310019558707595e-24
0,1.1896338387890207e-17
0,8.362185228823927e-18
0,8.287985112952894e-08
1,0.976480240791982
1,0.43077671047916527
0,2.760939775504653e-05
0,6.983400910388099e-17
0,1.2488428379919246e-26
0,0.48024897818609236
0,2.133294729372283e-26
0,0.8552797026769011
0,0.3600719764339976
0,1.21353422565954e-11
0,4.486482438258202e-27
0,1.048873758051227e-18
0,7.865742354303262e-18
0,6.233248145068643e-17
1,0.3930802039355237
0,1.1256749457019957e-16
1,0.576690417171623
0,0.4280933083736531
0,2.4812483130067246e-15
0,5.0631677913342934e-08
0,2.3069701254119003e-06
0,7.322154494702309e-07
1,0.901712714525694
1,0.7117719588332245
0,1.0232265845310407e-18
0,0.00010486802668200585
0,2.812139836304678e-17
0,2.704730322429652e-07
0,7.1986688661541e-14
0,7.364183017530662e-18
0,2.191441021231224e-22
1,0.8513109737438439
0,1.811834307527882e-21
0,1.1360257561623362e-05
0,1.2525659611212905e-14
0,5.082249570195861e-27
0,4.004240835660875e-07
0,0.023780334350054003
0,1.182167605661353e-06
0,6.375095370795989e-16
0,3.480696841726088e-28
0,2.871601773064921e-16
0,1.338851774733264e-25
0,3.369931972642053e-06
0,2.92819630232198e-21
0,1.4973343574543702e-19
0,0.04984641461861107
0,2.4262617624110057e-26
0,1.4026840741362907e-06
1,0.5393957529202599
0,1.8838735397689206e-07
0,4.160512490215172e-26
0,2.002653175166574e-15
0,6.459970327636249e-18
1,0.14843826625741424
1,0.6090089024696311
0,6.926817620782133e-16
0,0.4203084280079148
0,2.8744558119435928e-18
0,4.413036417307547e-24
0,6.997384498052454e-05
0,2.5242894743664343e-28
0,0.11161774490736544
0,0.5447089450497383
1,0.3774396325366556
0,6.130721171390793e-12
0,0.3123248587368265
0,1.4023680990188924e-16
1,0.39289645556592545
0,2.5612826972028215e-15
0,0.45820509444371244
0,1.215763439990786e-15
1,0.642124813598985
0,1.906217266065418e-18
0,1.6445359670547372e-24
0,1.1416428275883637e-15
0,8.563498167605875e-16
0,1.5132202897980375e-15
0,1.3357395748828213e-16
0,0.0265984443127312
0,0.005720876021106994
1,0.3349078590478311
0,0.46042551391319897
0,7.502694297667196e-08
0,2.1565331175868097e-18
0,1.8554867791323223e-19
1,0.18929601219227848
1,0.6275003996867915
0,0.38911432428128095
0,4.5162921232130614e-20
0,1.7242820331857227e-17
0,3.730584792601906e-20
0,0.7405404706072618
0,5.4784840509456005e-09
0,2.1089273434647124e-06
0,6.555333707902234e-17
0,2.67274224914691e-19
0,3.5566657264278883e-19
0,9.65458759020122e-19
0,7.824052333502357e-21
0,0.005498650744282324
0,0.10710549134824425
0,2.9258903633552966e-18
0,0.3370847962937699
0,0.1841890291197402
0,2.9941179794207596e-26
0,0.001067790717873884
0,1.1694470073311238e-22
0,2.7397959812718477e-15
0,3.475887500458785e-26
0,7.660728662347753e-41
0,0.2872797683437282
0,2.7127480539779357e-17
0,5.869647457993718e-24
0,0.3149991739807563
0,2.4596522471542954e-17
0,7.725967842921618e-22
0,2.697218255023559e-19
0,7.23503137930052e-16
0,0.5486238061122786
0,8.295493033510111e-19
0,1.2649004682622915e-17
0,7.302553358501858e-16
0,3.1598313237888765e-15
0,8.765532167434847e-15
0,4.7651229993405447e-20
0,9.793622756915697e-19
0,0.0015168375935454372
0,1.5774438944353068e-18
1,0.618598190288815
0,0.21226720334291505
0,4.0328677184011177e-16
0,4.368531646425915e-19
1,0.8444479389995796
0,2.1380822141529627e-06
0,1.5340491332596559e-07
0,5.790306218900445e-19
0,4.53093633555066e-06
0,2.762714538547606e-16
0,0.00011413190442445302
0,8.36974423361021e-16
1,0.7503372770333614
0,0.7367728083374524
0,1.2242108738278297e-06
0,1.5831582389744877e-16
0,4.943293201779588e-12
0,0.8680634748285169
0,6.322411857952117e-18
0,1.2283232642539494e-15
0,1.6547408412126334e-22
0,5.428546334320294e-06
0,1.488211651075385e-14
0,5.939483986771838e-19
0,1.038161891403836e-05
0,7.329103412250504e-17
0,1.2137821404913031e-17
0,0.12096627851002227
0,3.948457628685391e-17
0,2.128743842592519e-15
0,3.3016908448749676e-06
0,1.4327270088650523e-17
0,1.878842776730939e-21
0,1.0149080532883562e-06
0,0.0040177819388819026
0,2.0530737691526626e-18
0,3.249962104969728e-07
0,3.978723335854008e-23
0,0.16463527044947948
1,0.9128961679840628
0,4.754842425491499e-21
0,0.033411452419647575
0,2.665493532162631e-23
0,6.385875274640827e-05
0,1.2122562115062783e-09
0,0.0054986507442823145
0,9.322121403102218e-20
0,0.21698755595310415
0,7.636283518430901e-18
0,2.0617336933078128e-25
0,2.4071110186829253e-15
0,8.521126929481596e-20
0,0.0012580459784892523
0,6.749840311419671e-09
0,1.6760007473391172e-07
0,2.5931017410137414e-14
0,5.941677814437563e-23
0,1.878842776730939e-21
0,3.3446151316750614e-07
0,0.272814543316505
0,7.726572985709299e-17
0,4.8822980654579475e-27
0,1.7880545813682638e-06
0,1.691836948810065e-25
0,1.1916991070188447e-16
0,2.706989895764498e-26
0,7.988313626349564e-18
0,0.7862280261688276
0,2.133294729372283e-26
0,7.8449418116087255e-19
0,3.063826127773686e-16
0,4.4017980079179826e-12
0,9.672933409528618e-18
0,8.200238994361904e-16
1,0.7553157929263159
0,1.0100354206773053e-23
0,5.888467694621074e-25
0,1.022844223034494e-14
0,7.017006477102838e-27
0,1.5768581079919547e-17
0,9.687531370686592e-15
0,1.2259748399906513e-20
0,1.0486771119967963e-06
1,0.5306512768594084
1,0.2013526580101225
0,1.2995169678778205e-20
0,4.943293201779622e-12
0,0.40721308607966855
0,6.561166073294853e-17
0,0.49804873415045525
0,1.0013989877362866e-24
0,2.1643133732804117e-23
0,7.755173858716046e-20
0,0.7296204971228717
1,0.17909405522668476
0,2.0146990721830445e-07
0,4.432667568170113e-10
0,6.831660812515875e-08
0,1.916637669294453e-06
0,2.9321635296216682e-25
0,2.6614266284729615e-16
0,0.021698600215617394
0,3.0508991689724146e-20
0,0.2901743457699281
0,2.0515424551958743e-07
0,0.3543142924509779
0,1.3032449849828439e-05
0,0.0007384454381288164
0,7.150703786584525e-24
0,1.8248071931494156e-16
0,4.095172604815815e-18
0,2.6397532340114225e-12
0,1.6938575651821897e-26
0,0.023635644568387067
0,3.505720966218608e-05
0,3.0848936229881347e-27
0,2.6689196777571257e-18
0,3.2559919628532893e-21
0,0.3694127255068478
0,1.8212158470656386e-07
1,0.8091635586795525
0,7.47211033032553e-20
1,0.5926741188453978
0,5.43669499198271e-24
0,6.792536954847823e-16
0,0.2748964983686367
0,2.56715738173413e-17
0,0.1607737587674777
0,8.300626600547777e-17
0,0.00010395198287716008
0,2.778690659829834e-21
0,3.326176141078216e-17
0,1.247927013522099e-25
0,1.418847315795645e-16
0,0.003552296626357161
0,8.17217076470199e-18
0,1.1959351776306977e-19
0,5.285144204807295e-15
0,2.8739965092039273e-19
1,0.8040440324706479
0,4.1199488882057364e-16
0,2.2034475803399968e-17
1,0.5089983134670496
0,6.320842887930062e-16
0,3.0180050485177274e-18
0,3.0716645871605866e-22
1,0.4201424214367502
0,2.4956784149863696e-19
0,3.447706818715954e-20
0,8.43847847621103e-21
0,2.2112730571101544e-20
0,0.27748812883820734
0,1.8362178922241946e-05
0,3.207780269996736e-05
1,0.08410777706004834
0,1.3968402062290177e-07
0,1.878842776730939e-21
0,1.449922987953284e-17
0,3.806864731485858e-05
0,1.3922846452970598e-05
0,1.6257106182030794e-11
0,3.6269662040378067e-07
0,4.840332833016006e-22
0,2.384813337761981e-07
0,1.0151208292055938e-06
0,1.2580418913936529e-17
0,3.058644320628306e-17
1,0.9999999996800768
0,9.701497484771975e-22
1,0.763417150019841
0,1.1164271150652694e-15
0,0.00727020686846816
0,1.2790751214212473e-22
0,0.23258029294975613
0,2.1332947293722978e-26
0,2.0884228211705847e-17
0,2.7502043038018575e-23
0,7.994446009551849e-07
1,0.4496575307725814
1,0.5340900400184484
0,1.5723026246063036e-17
0,3.119667240428439e-10
0,0.000798064064345108
0,9.78041723350735e-17
0,2.3468420621554256e-05
0,3.2043350721368686e-07
0,6.626279547631851e-17
0,0.00036928976553629096
0,0.5349008546265331
0,0.15410418547912236
1,0.3843744327200081
0,0.004923853417531308
0,1.6246803528728908e-24
0,0.3768031701236212
0,3.576640362876592e-07
1,0.27717454276923464
0,1.3535421380746672e-16
0,4.6825024290659223e-17
0,5.794409589053287e-17
0,1.7217595620614105e-22
0,9.881333195145877e-20
0,7.93884964264548e-07
0,0.001276648936100718
0,2.828243450210741e-06
0,1.1758802152449918e-13
0,1.5772881608713419e-16
0,4.1342542891956636e-17
0,1.3743571280268078e-21
0,2.190385033771574e-15
0,1.0243411365329595e-16
0,1.4367758767626648e-18
0,8.513124452991322e-06
0,7.424198846500187e-19
1,0.6624841446056907
0,3.3869143434456197e-16
1,0.610052034148675
0,0.011438857160447718
0,0.1336334168934689
0,2.399675623159347e-16
1,0.961794116539837
0,2.018660309467002e-18
0,9.331867351268788e-21
0,1.1884761363625333e-19
0,4.28656546820198e-14
0,8.511331605849384e-20
0,0.40428848912720466
0,4.060805826200244e-26
0,1.0991353643090702e-06
0,1.4294245830350472e-07
0,0.6928642493807319
0,7.392819353012793e-07
0,6.141082914881305e-20
0,0.17818485252915653
0,0.0668447871503554
0,7.875319492358366e-24
0,1.8441569653323458e-13
0,0.46934338458257335
0,0.1438511224846111
1,0.5665165392882086
0,1.3594499337242177e-15
0,6.237813597123127e-19
0,3.03321624586142e-17
0,8.353401121762398e-20
0,2.0604339478269694e-21
0,0.003980026351782471
0,4.9309260421569124e-08
0,2.2474768026340815e-19
0,1.6529572670880979e-13
0,8.513205595045008e-08
0,4.2012761556732497e-26
0,6.494496179207252e-25
0,1.0554248141841029e-17
0,0.362445751756522
0,4.8096977100091654e-15
0,4.041560966693578e-19
0,0.16251937911717512
0,0.49667034650772646
0,9.460761477088026e-17
0,1.1405056986762677e-07
0,3.7370558373537917e-16
0,1.0386418623756896e-14
0,6.552993636276597e-17
0,4.2633161111610444e-24
0,8.668744576821559e-26
0,1.6907545406774371e-16
0,3.0118733878193553e-26
0,1.799175752972655e-26
0,1.5651860880644988e-06
0,1.6503505614883008e-06
0,3.363381265120402e-07
0,8.189768466281267e-17
0,0.31858374507754145
0,0.00011573963289271695
0,7.168472144501359e-24
0,1.2854145855796324e-07
0,4.915967239951405e-26
0,0.46160133044020396
0,4.0897490805563654e-20
1,0.6987879114038045
0,2.0301758686326924e-23
0,0.3682903517342842
0,0.009167522958111926
0,0.349019977491708
0,2.5464557152638925e-17
0,0.00010661971897381254
1,0.4373495226202632
0,1.7555237500741193e-17
0,0.4013823524588513
0,2.023017652502791e-23
1,0.7723643322679348
0,3.1612073356353614e-17
0,1.7193574654666444e-20
0,3.3029248589274043e-18
0,2.3226481951501503e-19
0,1.2350806430817634e-24
1,0.21234523371062408
0,1.0925305868138666e-07
0,0.010165538243343685
0,5.540833355832122e-16
0,3.4090725325488495e-09
0,2.3211232589689473e-07
0,2.1696649208356525e-16
1,0.8412112672470411
1,0.4793190715681055
0,3.607541417508189e-20
0,3.834015526373974e-21
1,0.5909162818572522
0,3.3657540877463355e-08
0,1.3098012173637925e-16
0,1.2182516517625098e-26
0,9.011266864424538e-12
0,3.336110342548006e-26
0,3.0772012844185304e-07
0,1.498850906723247e-19
0,0.00015038796224788178
0,1.3321564482008286e-19
0,0.00018524992746034655
0,0.16848250771251377
0,1.0836278245510779e-18
0,7.010014403711276e-17
0,5.003803657752325e-07
0,1.8225882926197836e-17
0,0.05391278603890083
0,3.951843700094153e-07
0,3.497098105040955e-07
0,2.0316627159187544e-16
0,1.7315856319166054e-25
0,1.0860208194332218e-18
0,2.926625831657558e-17
0,6.536209536267974e-05
0,8.024758717688273e-17
0,2.6080395529568354e-19
0,3.9303488320432893e-19
0,1.0804611982669008e-19
1,0.1875016600696361
0,1.0301864579051861e-15
0,0.1832419724614567
1,0.7643478502184401
0,1.6455662925031592e-25
0,3.3089655079956587e-07
1,0.8826674926268951
1,0.8941222621064477
0,1.7632686016816397e-16
0,6.391057331716917e-17
0,0.020406091818761123
0,0.006980713276627806
0,9.53563855665952e-17
0,3.7943586369960393e-19
0,8.511331605849384e-20
0,5.440767979458921e-11
0,1.479627301782715e-15
0,3.847995823063752e-07
1,0.810374663215477
0,5.877338843535013e-20
0,0.021823182426629822
0,5.241617609102612e-16
1,0.5329945233004786
0,4.08225493236946e-09
0,9.916273756946382e-17
0,0.12274074382962458
0,3.650658004363262e-15
0,1.1278737240810424e-06
0,4.637468243048268e-18
0,0.01042694154654022
0,0.4532477599366834
0,1.2093851543468112e-07
1,0.23380778685740286
0,3.3734352717650257e-07
0,1.2895479621048316e-15
0,1.6798307398706002e-24
0,8.367946609110465e-06
0,7.386875815209529e-20
0,1.811834307527882e-21
1,0.28077186213247257
0,5.9622499210428095e-18
0,3.0928240746613173e-15
1,0.7399326024821876
0,8.80503074501918e-20
0,1.332872882371898e-18
0,0.2838881120853983
1,0.42283437145427766
0,2.7360053086063633e-23
0,2.1932217086173676e-19
0,8.690389522741525e-16
0,2.3998649676173262e-17
0,1.6205466310621936e-18
0,2.8913029047892725e-25
0,6.962188077670484e-25
0,3.4302924010561216e-07
0,4.269543081234845e-10
0,0.020885506104701846
0,5.400439821454205e-18
0,0.06511654510139181
0,1.426344164725585e-05
1,0.4003661578084882
0,0.1577649172347481
0,7.755173858716046e-20
0,1.1911830141028105e-17
0,6.110508562468091e-19
0,6.85892864639966e-17
0,1.1242012720146996e-18
0,5.815915303511096e-17
0,6.895597178364793e-15
1,0.8999630221160744
0,0.23986655345771635
1,0.2905397648592959
0,4.8524159372855653e-20
0,2.13626858443651e-21
0,0.16613680014794366
1,0.6272422576005406
0,1.8964471472867168e-19
0,1.2486051588222946e-18
0,1.8589593011846426e-18
0,7.374530784579492e-05
0,9.60179823991495e-06
0,4.2012761556732497e-26
0,0.020904547405447928
0,5.745688403939966e-17
0,0.14740731576926974
0,3.740696135314042e-17
0,1.498530771699441e-23
0,6.108093196672436e-19
0,9.629037133440444e-20
0,6.6442669202733055e-15
0,3.2689933740376884e-18
0,1.320570415159519e-18
0,3.025300226697192e-08
0,6.5957273579995634e-12
0,2.4276939076728117e-19
0,3.4107497272208047e-26
0,0.10399149088958383
1,0.608547886703185
0,1.7828592586893123e-18
0,1.1992594503449389e-17
0,0.015103581851193183
0,3.2827970170099086e-23
0,1.1769729968710346e-17
0,0.5726713531495005
0,0.07881582665598014
0,2.3590717780239735e-17
0,1.2283672665715645e-14
0,3.7899895250249986e-07
0,9.011266864424443e-12
0,2.6251081228980112e-17
0,3.880418339224806e-15
0,9.981277044105416e-06
0,0.23306161352266094
0,1.1310666501613342e-19
0,3.615474948976261e-07
0,4.31338369913363e-27
0,1.1292191858022116e-17
0,2.4045622810084144e-23
0,0.4510619345424323
0,0.001882663974372506
0,1.5374273977285611e-16
0,2.6733865025728218e-15
0,9.998152339699774e-06
0,1.4965360280874359e-18
1,0.7051954807536367
0,7.670467965406563e-12
0,0.11850311641646571
0,3.97445220275792e-07
0,0.0011566991226364752
0,0.32966335634439814
0,5.635610565215858e-07
0,0.6317015431390022
0,8.11719484977052e-17
0,2.3827156641748e-18
0,7.065089731356036e-18
0,3.3326195654927434e-18
0,1.3476742928385452e-27
0,2.0216116765805995e-25
0,1.440826848876746e-24
0,1.244913060227407e-26
0,9.480551367894481e-21
0,0.11629555016308518
0,0.2167024931549354
0,0.3442079009922785
0,5.378236468895281e-13
0,1.6493690313694707e-17
0,3.3965153517999817e-18
0,1.6844651700669798e-17
0,9.534040233963106e-21
0,3.60617749542812e-17
0,9.52616035878412e-28
0,4.2461008809320644e-16
0,4.586420416082126e-19
0,2.4866020893428988e-17
1,0.9890581590270615
0,1.878842776730939e-21
0,0.0015947740185996253
0,1.889676655945161e-06
0,5.524539901387867e-18
0,2.339801445022947e-05
0,0.34271835542616436
0,5.472907191767483e-07
0,7.228562545413982e-27
0,6.401186702679213e-16
0,4.288513116041891e-17
0,3.089220677426787e-17
0,6.096180646095718e-05
0,1.4403674348735136e-17
0,0.6761290365221856
0,3.267812831165473e-08
0,2.940220918881599e-06
0,0.0016232501697745728
0,0.6350973083440743
0,6.914749684618528e-18
0,1.250406623022315e-25
0,1.182922681507881e-14
1,0.5628396797997604
0,0.18503276722474807
0,1.2860320048804585e-27
0,2.917475441397812e-20
0,1.8479548277053747e-20
0,0.0535206470350534
0,1.6232392689747258e-28
1,0.6728265609144537
0,4.3424352308780766e-18
0,0.042168084314521216
1,0.5385044686531294
0,6.776389769997121e-06
0,2.789622556042649e-23
0,1.878842776730939e-21
0,2.457705620827002e-23
0,0.006404898778489011
0,0.00011179037229321812
0,3.1345119474475906e-17
0,1.1352338269913755e-06
0,1.3354769799640947e-15
0,1.4046281802681131e-14
0,1.4651198104164946e-16
0,0.044211696791296454
0,0.5863348743383381
1,0.7825516892966512
0,2.4543505676015006e-19
0,8.02973343562896e-28
0,0.0001681913405824049
0,1.075033199004533e-27
0,1.3932867561527385e-08
0,7.00496695898143e-09
0,2.2211761219844242e-23
0,4.717979158496214e-18
0,0.06685040099051948
0,3.541652478902611e-16
0,2.0945964751793575e-27
0,1.2436676176643028e-14
0,0.09642963843626347
1,0.8427284709130853
0,1.8087967333322223e-05
0,8.997384458015093e-06
0,9.652084186629265e-20
0,5.734634931614837e-16
0,2.0858743289233244e-17
0,1.0726506980277571e-20
1,0.49188293105325437
0,1.811834307527882e-21
0,2.402692279464119e-06
0,1.288198302094597e-15
0,3.8224980337209294e-20
0,9.742498311831638e-05
0,1.8134726239113058e-18
0,1.4662535944820538e-16
0,4.427035830379877e-17
0,0.12006911219560142
1,0.31225035761413333
0,4.4344940413817784e-16
0,3.065147776266252e-16
0,1.6646235844087726e-17
1,0.9388671376949813
0,4.281664841442791e-13
0,4.3518432166482534e-17
0,0.49389290383801676
1,0.5501245814755559
0,4.42055000255178e-18
0,6.303517842642891e-20
0,0.2804970396213369
0,4.840332833016006e-22
0,7.745839126008302e-07
0,1.6116315337155018e-18
0,0.5193827196035447
1,0.46614498182788144
0,0.6506398058296966
0,1.4933977759806285e-23
0,6.171241969164094e-18
0,6.529472546388222e-05
0,1.389165141285563e-18
0,0.6980896922743373
0,3.2559919628532893e-21
1,0.17544303614038584
0,0.005315349270813417
0,0.01340452695387111
0,1.82901199591564e-15
0,1.4633868764132614e-12
0,2.133294729372283e-26
0,2.1506869378134064e-17
0,8.472942868649068e-20
1,0.6941983768426847
0,0.000231296532364416
0,2.2544857157489767e-06
0,3.744106318491392e-17
0,5.224936180264959e-17
0,2.447950698908876e-07
0,3.11398706395809e-14
0,0.441724786132195
1,0.5312086554471084
0,1.9321002503106152e-23
0,0.360873855713537
0,2.6725462684428378e-08
0,0.10769800984940897
0,1.9433120100660703e-16
0,5.564304542347257e-17
0,6.995312110412372e-17
0,0.002522873177195374
0,2.9367815052263976e-26
1,0.8347047322034075
0,2.570021938078508e-27
0,2.079496505659916e-06
0,6.8828273705028345e-15
0,2.4507629682474693e-08
0,5.761756441152809e-16
0,4.603628839413405e-06
0,1.195495752536399e-07
0,6.708827755635413e-07
0,1.378493553738246e-16
1,0.4860864173846934
0,6.240015731217129e-19
0,4.750169598553274e-08
0,1.4711313457086084e-08
0,2.148004579807476e-21
0,0.025108535076998034
0,1.7592350358258966e-17
0,0.0011858851232238816
0,0.21864744743537745
0,4.901148556582161e-15
0,1.1147682974358533e-06
0,2.1994683642247974e-16
0,3.005335150674639e-21
0,2.94911243430075e-18
0,9.845189192744685e-16
0,0.00012301657023361458
0,0.03635841686937511
1,0.18750600924961974
0,8.612504914440231e-18
0,2.8475869041689236e-25
1,0.963915670390439
0,6.703543172602654e-08
0,2.726653455230688e-21
0,0.010462368734736962
0,7.452483648175092e-17
0,3.8027559172811096e-18
0,2.0030732443318856e-07
0,5.371916975309338e-17
0,2.4054912764867644e-23
0,5.638716649106158e-17
0,0.47888291360173385
0,6.802210210606987e-07
1,0.8036404284045654
0,8.56773324412485e-08
0,1.4454464987710627e-07
0,7.00496695898143e-09
0,2.3772912363337706e-27
0,0.0919757560982693
0,6.249425576931709e-27
0,6.101150578293119e-15
0,0.4507794735253395
0,2.535139176461121e-19
0,3.141587778007809e-17
0,7.719706005084292e-08
0,4.7059557239691574e-17
0,1.1213624664335422e-07
0,3.3504019009661413e-18
0,1.3681825211158983e-05
0,1.7151216209375256e-07
0,1.5674412234469615e-07
0,1.678530603051289e-07
0,8.032372769417367e-18
0,5.867138541760434e-25
0,2.695544343304033e-16
0,2.373958939902394e-18
0,7.980793280554818e-19
0,1.512879835997711e-15
0,5.893870070009203e-07
0,0.23545160516730146
0,3.2850472979838135e-24
0,0.0014787265393853633
0,1.8412724288748595e-05
0,1.4791817570913094e-19
0,3.2703463603983374e-17
0,4.3184915976160555e-16
0,3.70792118710334e-17
0,4.5316758870642173e-07
0,0.5422894151391958
0,4.751248992005469e-21
0,1.2936157129889187e-13
1,0.6994031833624174
0,1.6064257121574402e-06
0,1.1470431270638886e-21
0,0.1281021428206959
0,1.5062314932964116e-18
0,4.430867816139595e-19
0,2.2642490845740184e-19
0,5.791253898149485e-16
0,2.6320333528098678e-23
0,3.4150078792505106e-07
0,5.09576738160304e-17
0,3.424098268152635e-23
0,1.0193752620176772e-26
0,4.381781330243181e-17
0,6.344034154488215e-20
0,6.295486422735734e-18
0,4.1304783668659834e-16
0,2.0613437877619593e-06
0,9.103515772756619e-28
0,1.3018784341365833e-06
0,1.5485854078523607e-07
0,1.1343569978927619e-17
0,6.393764582415093e-19
0,3.829993706972969e-06
0,1.4816912759979038e-05
0,1.0337235663465698e-23
0,7.617111053489419e-08
1,0.8565792479767222
0,0.15897857345172
0,2.8194840328130074e-19
0,0.0009056588935813544
1,0.6377601227793608
0,8.061689575359649e-19
1,0.3532706142296942
1,0.8131319918644127
0,2.8635029013738837e-16
0,0.00015275999364558108
0,2.0346849375385772e-19
0,1.867886795901999e-15
0,6.458750113940809e-27
0,7.207010372654429e-07
1,0.8809097803106288
0,0.0042912859064994265
0,0.3296788802926784
0,1.878842776730939e-21
0,4.334619312418975e-27
0,6.532707454349045e-07
0,1.9923233802187178e-15
0,3.4647149688412244e-21
0,1.2678976518546903e-18
0,8.445442542065593e-08
0,3.050577789865114e-17
0,1.0324246198993731e-06
1,0.7277442267156371
0,3.2109190364452934e-17
0,3.671791278051929e-26
0,0.27096811754361405
0,6.396652407482771e-21
0,2.9117122840182394e-16
1,0.23025561284380228
0,0.45450959001971997
0,2.0471215467717766e-15
1,0.4202518242384469
0,1.0938850042043976e-16
1,0.2107510296335349
0,8.145576452142434e-16
0,0.0013998463253350737
0,2.6080682194410683e-08
0,1.0132154023944722e-06
0,2.277617492082295e-19
0,7.2789884127909475e-06
0,6.905992437454503e-17
0,1.3408409973272242e-16
0,5.3952803965583986e-18
0,0.16789547405888067
0,8.688928917120722e-27
0,2.0768225563067656e-16
0,2.4279154504056944e-18
0,1.6064975364418078e-05
0,9.1994804532141e-08
0,6.382676044767111e-05
0,2.2850791192030285e-17
0,9.617659037278742e-24
0,0.27404152567995727
0,6.26753888210134e-18
0,2.2570247098290582e-20
0,1.3122084377625352e-06
1,0.6564453510666658
1,0.5497566771524536
0,0.2458816686510907
0,0.07741115911602084
1,0.424064781483783
0,7.012441042627148e-08
0,1.4039182272106252e-07
0,1.1748888171952642e-17
1,0.6989898755269339
0,0.02680872348980693
0,0.4195830708117462
0,1.878842776730939e-21
0,3.8087097695185246e-19
1,0.3735968915066377
0,8.110536940817235e-16
0,0.5144004415471324
0,1.043453938362089e-18
0,0.1164719896322926
0,2.3991155131303323e-20
0,0.00013567062665251724
0,4.76261138613313e-19
0,0.059357196706784555
0,0.5384039205057078
0,1.4398056300435665e-19
0,9.723152060750792e-25
0,0.002369312865023014
0,3.0796714965242286e-13
0,2.8805583021958897e-19
0,7.077114725263656e-27
0,1.0039850749868594e-27
0,5.803348433829883e-28
0,9.125589750630751e-24
0,6.964310510266032e-17
0,2.711030517106062e-25
0,7.241951217256291e-20
0,6.089722607026591e-17
0,1.0693129591978037e-19
0,4.216597907779744e-19
0,0.4406132200189437
0,3.242047048873326e-26
0,3.4546543473640646e-07
0,0.38947503504442427
0,0.00920120991229344
0,1.0271624594705762e-23
0,3.660985779126004e-08
1,0.5142498296807752
0,8.209842673397128e-13
0,5.966631954911991e-08
0,0.002666264834143102
0,3.993522727019038e-15
1,0.5554107853643193
0,1.2693084361012572e-19
0,1.1886255173483512e-25
0,1.0412257411640392e-17
0,0.2056843568121625
1,0.41669795076382327
0,1.1980988178473096e-16
0,1.7323410425978528e-07
1,0.6027568579665457
0,4.630319864883495e-19
0,1.1018092565453934e-16
0,7.479672006431504e-05
0,3.877590014674797e-16
0,8.721995737519359e-16
0,0.300128607989878
0,3.8534378517470573e-08
0,2.587695218343627e-20
0,4.949851218760942e-27
0,5.8700192625355776e-06
0,1.5593393722211224e-05
0,4.733471647965517e-16
0,2.6067233038362734e-13
0,4.1232390158788646e-05
0,4.82040839251663e-18
1,0.9999999999998765
0,8.287251057369475e-21
0,1.0557758455507432e-07
1,0.6162644699854317
0,0.11517302039416098
1,0.43157181507960535
0,0.057871217141039766
0,0.014981810270484681
0,2.3356760120758753e-15
0,5.438878077720433e-28
0,0.0028964337784876983
0,2.85229957671916e-16
1,0.8774604073849045
0,0.026851887292739875
0,1.4925530958937634e-18
0,5.206403282020886e-06
1,0.3504071582628753
0,8.964924412776887e-16
0,2.8523566404511483e-18
0,1.0505023082002983e-27
0,1.5268182760015385e-19
0,0.007226987558466037
0,9.615147209145494e-07
0,4.458697146536808e-19
0,1.5456564932407044e-23
0,2.819337398407824e-24
0,1.6845623690115064e-17
0,1.6798360740519518e-17
0,1.8086673194692607e-17
0,1.7310553668338639e-19
0,1.701105424562911e-23
1,0.6816277219908563
0,0.19893950356862625
0,4.415549760363911e-22
0,1.2524715928734532e-15
0,9.526860990026172e-06
0,3.2033615641110415e-19
0,7.783602412367043e-07
0,1.1164632609986222e-17
0,2.6796095831769057e-23
0,6.196622407267161e-20
0,1.7987545184515135e-18
1,0.17217498989237603
0,4.6159697508422783e-07
0,4.9474530288211543e-17
0,3.066106323062874e-17
0,5.829703889316717e-07
0,0.1988348302812752
0,4.115494250110645e-16
1,0.3351834476886132
0,7.81179321885678e-08
0,7.117856288216957e-05
0,0.2728189814016779
0,6.675031990491107e-07
0,0.002164243344685693
0,2.9374479120578265e-15
0,0.05441532564472188
1,0.7844486922377606
0,7.00496695898143e-09
0,1.878842776730939e-21
0,4.306731629396723e-19
0,1.3381202599220668e-26
0,1.4158133674935638e-08
0,0.4510986277453848
0,9.791308547797132e-17
1,0.9931946469190261
0,3.0474137951181257e-15
0,4.89336797571269e-07
0,1.454918048797791e-16
0,1.1728007345190367e-27
0,4.0886326467205815e-16
0,2.7949539136349294e-18
0,2.9768884268619447e-16
1,0.2196564312756093
0,3.011307560722773e-28
1,0.4568763269179853
0,8.778547371919143e-27
0,7.43363689839261e-16
1,0.10623132802806716
0,2.788964020125725e-23
0,6.268479316497762e-20
0,1.3267577178282034e-16
0,1.786316626476269e-27
0,7.104016306019407e-25
0,8.177069590009997e-24
0,3.067155626323949e-08
0,4.428450640851043e-05
0,2.1525413223922668e-20
0,4.4249706547926517e-16
0,2.4989461952716057e-28
0,1.561777585171213e-17
0,0.2632725180319753
0,7.005237301418248e-08
1,0.4703118635835253
0,7.79704919377943e-18
1,0.7587194336334273
0,8.916823222830161e-17
0,0.4708119579355582
0,3.0591309578865747e-19
0,0.619753763893636
0,0.00024726029197524597
0,3.0130858316475914e-17
0,0.16185258782854753
0,0.6230274304251613
1,0.3756286321762215
0,4.714101646751573e-18
0,0.6298604885684411
1,0.7212277414455398
0,2.8020050132545764e-23
1,0.65578480921852
0,3.8867207452897005e-18
0,0.4358354664149956
0,2.9874298833674773e-26
0,0.367327112335948
0,0.0003730140356379206
1,0.5140267612067568
1,0.8293073669889245
0,6.335861919338403e-16
0,8.949868369715099e-13
0,1.6445779509617626e-16
0,2.6594098641375667e-09
0,3.792319745637229e-07
0,7.507315689323651e-14
0,2.12265706606755e-18
0,9.103515772756619e-28
1,0.3368580541837042
0,3.775911452297615e-20
0,6.0573257867919595e-05
0,3.6899074386929305e-07
1,0.8212158552409051
1,0.14250739806232746
0,2.1134985575372967e-17
1,0.35464528464437345
0,4.2978559432913476e-21
0,2.9250901318588293e-16
0,0.002183219728608099
0,2.5278922549111184e-20
0,1.7191623744300355e-15
0,1.4893954226200605e-07
0,8.3780602151332e-20
0,1.2176666504390282e-18
0,1.1400057756222235e-05
0,8.596128455990415e-07
0,5.891265686556883e-26
0,1.3501527884889695e-06
0,2.1039363949392633e-05
0,0.0016077126755326301
0,1.610615590257533e-19
0,1.2342543308972103e-22
0,5.1630650674062286e-20
0,1.712824807626574e-06
0,1.2202229926331566e-18
0,2.779633688399989e-23
0,0.0002938727218760797
0,3.625458307070471e-20
0,2.615909353638239e-25
0,2.3152340371543823e-06
1,0.6140892753568244
0,3.7006495167145715e-27
0,7.816561227181756e-20
0,6.883337214358802e-17
0,0.00010831351184211827
1,0.19244518009623585
0,0.0001466876536607239
0,4.495772464379555e-25
0,1.7913332336713573e-06
0,0.2682260166247646
0,1.8111413372470118e-18
0,1.38068862966e-17
0,1.3111162230207056e-16
0,1.5873516142674404e-27
0,4.1581981078276724e-18
0,0.0018438121106500326
0,2.372580218647805e-19
1,0.6404291048044056
0,1.4398056300435665e-19
0,0.27794009487946203
0,0.07964645968511391
0,0.2564475515907764
0,2.831799323233235e-22
0,2.8475869041689236e-25
0,0.0034462375898643475
0,2.8644756563943945e-23
0,3.1382236206028957e-18
1,0.06638436680439097
1,0.2098130229740712
0,0.008160208444324699
0,6.652206156306066e-20
0,1.162226219582146e-15
0,2.9081890742152985e-10
0,7.053616827824806e-16
0,4.840332833016006e-22
0,0.20580338105173718
0,9.564882421521315e-21
0,2.783639903939622e-16
0,9.747718662797159e-15
0,2.745380738472796e-17
0,8.633284901527582e-20
1,0.6619063859192468
0,2.1239568529994352e-20
0,2.8847601242985095e-17
0,1.828969105829665e-27
1,0.4429293560948213
0,2.421070145792365e-27
0,1.9112220506856144e-16
0,4.2690014443262265e-24
0,4.1252457495825856e-12
0,1.8333967227239694e-15
0,0.16530933428743738
0,0.4598079202996346
0,9.987363247780027e-19
0,9.26821347421208e-18
0,1.6262382205103164e-11
0,5.555830052325205e-08
0,1.9163980216814617e-18
1,0.8227935792871653
0,3.742246792838267e-15
0,6.488156087521829e-18
1,0.1921826600562861
0,2.2776891765880848e-17
0,2.893739316665422e-14
0,2.103665712081081e-15
0,5.542953569835249e-07
0,4.221541064053145e-07
0,2.4262617624110057e-26
0,7.890603075539928e-18
1,0.3097685240210797
0,4.3071402976421066e-19
0,9.260125985036343e-17
0,0.02739754340919315
0,4.202619216450719e-06
0,6.243272954862767e-27
0,0.00032556590295931126
0,9.526860990026206e-06
0,1.442427132897445e-17
0,0.17855001176829483
0,2.895691512218763e-18
0,2.994072003374754e-07
0,1.6748276736721175e-07
0,1.3561982528839964e-24
1,0.6535214065558161
0,1.2193961694698474e-15
0,0.00048049917070452735
0,2.5312865663798726e-16
0,0.0015917370760020267
0,2.763066089403343e-20
0,4.822347285092457e-12
1,0.3294592733555363
0,3.955745812410129e-08
0,2.044041025541255e-05
0,0.055973048832382404
1,0.6711514706800594
0,2.3175186885484144e-21
0,0.3533597429061563
0,1.0145560876101958e-18
0,2.700005904869383e-18
1,0.7450426324488719
0,5.519047090531828e-08
0,1.5418165170340468e-06
1,0.1571736414694404
0,1.2350721008331472e-17
0,1.4649799314553933e-16
0,0.07873644345737849
0,0.5801178941331124
0,8.402142326811059e-08
1,0.6489375977240766
0,0.0069622246077653705
0,1.2692293082033014e-17
0,0.01135750837056689
0,2.8874656593033214e-17
0,1.468973875141815e-05
0,3.8073872031668238e-19
0,7.845321012254822e-05
0,9.920443735199243e-24
0,1.7610686723575127e-06
0,3.9848476736830057e-23
0,1.3152491761385213e-05
0,0.328797591816934
0,8.567234004915715e-06
1,0.41031159931333966
0,6.446623079341586e-16
0,3.1000788492507642e-27
0,2.2450841744027145e-05
0,5.0642871999544857e-17
0,2.214090433621646e-26
0,6.047262510428651e-15
0,2.573091964243202e-07
0,0.7363303834028103
0,2.6563219689624294e-18
0,3.3095711671104826e-16
0,2.0675863188261343e-12
0,1.3733351523956212e-06
0,2.965784578370522e-19
0,0.0005951745433201006
0,9.410288836790095e-18
0,0.5300175063793457
0,1.939111367900645e-09
0,0.12913678333763606
0,0.31719025205535534
1,0.5012178750761243
0,9.803549424497895e-20
0,0.029038808523196
0,0.1979537541172069
0,0.014319257610340317
0,1.5998061189047973e-09
0,5.9251306156667055e-18
0,1.7666648307964394e-05
0,5.526059804078649e-19
1,0.5694170419130523
0,0.0004320605137216134
0,0.29127658724376604
0,3.011307560722773e-28
1,0.44150980861099987
0,1.0151208292055938e-06
0,8.144195444195037e-07
0,9.06303745316804e-22
0,2.749107907449924e-21
0,0.7331740874662216
0,0.009273953402149718
0,0.0023810622758631355
0,0.5034798396172919
0,6.356420727279115e-06
0,1.0294930188629975e-20
0,6.928220674670878e-19
0,1.2733101104885413e-16
0,2.459087590357376e-15
0,0.0001967499860355288
0,1.745945844674376e-15
0,2.696659780589235e-16
0,0.05809130505335482
0,2.0708241923556885e-08
0,0.35950818929931777
0,5.258154757048359e-21
0,3.684049738939156e-07
0,0.23320376195527157
0,0.0005963715670357957
0,0.20455820494403298
1,0.546100640773436
0,1.4146681026412034e-27
0,6.66649366431483e-25
0,3.2979744108238443e-18
0,7.600648492746226e-21
0,7.952486113406578e-13
0,6.097015278582676e-16
0,1.775631409736607e-07
0,3.2093740192112034e-20
0,3.8094417213538022e-06
0,0.1888572885463142
0,4.794725759050385e-16
0,0.48126089796896654
0,1.7131833795832936e-23
0,6.1279235045585e-08
0,9.819044169339607e-19
0,1.2323879534611163e-12
0,0.1435140814551246
1,0.6423211283849772
0,1.502586647591293e-17
0,1.0776941776626123e-17
0,0.27172679555309465
0,9.578524142009583e-27
0,3.235661977474646e-17
0,2.287292495343469e-18
0,9.797430403430885e-08
0,1.9770008028988945e-17
0,1.7960457165398285e-12
0,1.5169803109116194e-06
0,2.0216116765805995e-25
0,2.7468743936963188e-17
0,1.1579744599835981e-15
0,3.694073495607339e-14
0,6.466066888123262e-22
0,5.521761060302855e-15
0,0.22698628879883198
0,3.68284119670805e-21
0,3.668418845791096e-27
1,0.7004621328427166
0,0.003270151194444937
0,1.4157512208789593e-17
0,9.146541242319051e-17
0,3.2629569499285582e-21
0,0.028915775816879114
0,4.3431592269463316e-15
0,1.1429506743056932e-19
0,0.051202516260590636
0,0.04345518359582729
0,5.123812406028288e-17
0,1.0562531168726693e-13
0,7.18989131078186e-08
0,9.181733917677612e-19
0,0.003597830448848543
0,1.1007967170335409e-16
0,1.4953690903885457e-23
1,0.7782193619456538
0,0.20987557598691606
0,1.637075860142129e-05
0,0.587148593269956
0,6.442536899678332e-17
0,4.9087097069837527e-20
0,0.224957882014187
0,0.10638333928147199
1,0.37780148537720254
0,1.0223318495830554e-07
0,2.561877608515586e-18
0,1.4439117543173327e-15
0,1.1103363218685319e-26
0,6.412454693056536e-16
0,2.3666360959297207e-15
0,0.054171897711964276
0,8.218092370876448e-07
0,5.082249570195861e-27
0,3.659327673420023e-16
0,1.4146681026412034e-27
0,0.26623234929813516
0,1.2185616289530146e-19
0,3.8606938990267595e-16
0,0.30180705738002905
0,4.172890646080753e-07
1,0.8427766874899669
0,0.03225898739865581
0,2.6983677998387322e-17
0,9.370802103924153e-16
0,5.203479520675522e-16
0,0.0009674877458202147
0,0.2159815992746921
0,0.3785355520521271
0,3.1012245278407164e-22
0,4.537032383337146e-21
0,4.181966172530029e-08
0,3.077848082151505e-20
0,7.7758640861999e-17
0,4.525450219596364e-12
0,3.27517515498672e-14
1,0.8947322028331107
0,5.154416075000102e-24
0,3.3259255337307173e-07
0,2.469228758588308e-19
0,2.148004579807476e-21
0,0.2384157610733716
0,0.259810648188404
0,4.784641374674868e-15
0,4.135170818186455e-21
0,0.007141536162171684
0,0.21549169354767733
0,0.020264107301476344
1,0.4061260802176247
0,5.941677814437563e-23
0,0.00012070893573269921
0,4.739071951880485e-15
0,1.414221536328225e-21
0,2.497529917515135e-19
0,1.394757886055422e-18
0,4.0744892270847143e-19
0,3.939112832810007e-19
0,1.6146090775567966e-18
0,3.7970167316969154e-22
0,6.432721301293954e-27
0,1.5563279792848197e-06
1,0.28780363559044614
0,0.7541511839662173
0,2.2530529860727614e-18
0,0.00020615192773525771
0,8.528895896857384e-19
0,2.5531365739221e-13
0,2.564533812250268e-07
0,1.0639284966538743e-15
0,1.1506312666213238e-18
0,4.70202096163016e-16
0,2.1323063419028933e-23
0,3.9742006298908836e-05
0,7.965364751418435e-16
0,1.978005443673285e-15
0,1.6223250624216513e-15
0,1.5926621028405797e-24
0,2.7286317502897633e-17
0,1.1857904530958922e-08
0,1.002964108670758e-17
0,6.8789051222098775e-15
0,1.2434168048339052e-06
0,2.3928393765771597e-14
0,8.181236904577364e-19
0,3.169778361893984e-06
0,2.405044080818797e-20
0,3.980805299609991e-16
0,2.0824316020156954e-20
0,1.13387554764462e-06
0,2.2907784191034214e-06
0,1.7064816699956635e-21
1,0.9062043861661332
0,7.359052484094204e-07
0,4.210375216867443e-18
0,1.8482934688816648e-19
1,0.6039534604768977
0,3.113008989460866e-17
0,2.897386951739739e-15
0,3.121561390845905e-16
0,8.594877094075325e-13
0,3.9824417847161414e-07
0,0.4410233936251742
0,4.2356066454199214e-19
0,0.0949188695387561
0,6.543681752061883e-19
0,3.4611175564824035e-19
0,1.3689375475866512e-16
0,1.469276739696703e-24
1,0.6558929031264192
0,1.1295409219680974e-07
0,2.5610881564161903e-25
0,5.311797990471884e-18
0,0.23775763497325483
0,1.2195218044685522e-08
0,1.41280494187299e-13
0,4.059114644335462e-19
0,2.5375784661443505e-09
0,0.31846104406297393
0,0.5471144695071717
0,4.2034922650570333e-20
0,9.52616035878412e-28
0,0.033703615342004015
0,0.0004387525291095602
1,0.6279444580628752
0,1.878842776730939e-21
1,0.4467849199615248
0,0.2929062523564881
0,9.838131128805058e-16
0,1.4585088784230541e-16
0,9.933669544079458e-06
0,3.850772431052914e-06
0,2.1734031942188845e-17
0,3.3220603885627247e-15
0,1.7606031367775845e-08
0,0.12644597840308186
0,1.569441333886239e-08
0,0.02710463508378038
0,4.871828244328785e-19
0,0.1342002981526244
0,9.156580430911768e-12
0,0.0007355834183412823
0,9.001910826327254e-18
1,0.8375986880169377
0,0.5827074476347626
0,9.912655558395129e-18
0,0.2957420216512035
1,0.44492205336564167
0,5.890975403123519e-25
0,3.247846113684897e-17
0,6.27696174288558e-15
0,4.92723058258282e-20
0,2.114055275186045e-23
0,3.162804995837264e-15
0,0.4479311856151011
0,2.5789432528204215e-06
0,2.0215001111399563e-07
0,0.1549017211931976
1,0.5697369686622015
0,0.6338456624341356
0,2.837880846322896e-16
0,3.840324947773683e-09
1,0.525352286540087
0,7.359290612873498e-18
0,4.514288672437584e-17
0,2.3498799814986042e-17
0,0.00031058797441080695
0,1.2445203246258343e-17
0,1.429396822377294e-17
0,0.44292767848746717
0,3.170495159101194e-17
1,0.34094370982700994
0,9.081852866082572e-16
0,7.213022848943252e-09
0,1.2670593503593087e-07
0,1.5016292172730088e-23
0,3.5284553409692935e-07
0,3.2540205953995785e-17
0,3.771457682305878e-27
0,4.1252457495825856e-12
0,4.1304262123885055e-18
0,2.758783031816076e-18
0,1.1562898698097266e-26
0,3.1579543024182685e-20
0,7.218017814968404e-19
0,2.677118352441023e-23
0,6.265177934090914e-07
0,5.23851790166077e-14
0,4.022236187199381e-24
0,0.0017737293111634784
0,4.548624215750287e-27
1,0.8823651130478711
1,0.2628869778170903
0,7.307399210819768e-20
0,6.467654957874229e-16
0,4.7475952889533073e-17
0,8.414186171449536e-28
0,7.270530705019837e-18
0,4.86122000508524e-10
0,2.3463021916571712e-06
0,0.0009778099565738308
0,1.4779753809485528e-17
0,3.3016908448749676e-06
0,0.13388673520292035
0,8.411539579412999e-07
1,0.6407174003681402
0,5.088569255169563e-25
0,0.43312231273733665
0,3.686797141870697e-19
0,3.509198493510351e-18
0,1.5410757862705795e-17
1,0.4194114815454406
0,0.19083913509270073
0,5.348024140269251e-18
0,1.56964847097401e-14
1,0.5332942109212714
0,7.213022848943303e-09
0,4.3133959307581874e-08
0,0.23412976579702263
0,9.579332844404452e-17
0,5.922636750704445e-07
0,1.2892889452621711e-23
0,2.875981582231334e-05
0,2.045488619596964e-16
0,9.199034494710344e-07
1,0.5450840446532652
0,3.863707835887607e-17
0,3.209460316231145e-16
0,2.677118352441023e-23
0,1.361323909591247e-17
1,0.4338266111767077
1,0.35456694035258485
1,0.5673670788097057
0,2.6311915422277377e-26
0,0.31142128081617076
0,1.4190074305287715e-16
0,7.526705285750374e-06
0,7.550012598611168e-20
0,1.8074291927631564e-16
0,0.4274455773411749
0,5.753804571879388e-16
0,0.0001837401695271514
0,2.34529611428884e-20
0,1.7841835343398853e-17
0,1.766662903581078e-27
0,5.1554093951139597e-17
0,8.908504115495923e-27
0,3.586582587046053e-20
0,0.20817784536406966
0,6.250324881414176e-18
0,6.913844278524942e-13
0,4.686905883258786e-18
0,4.840332833016006e-22
0,0.009532860053320033
0,9.244713214581417e-16
1,0.7718302347670882
0,4.1252457495825856e-12
0,6.36052048049189e-07
0,0.6271020928761778
0,2.061343787761956e-06
0,0.5984950274890366
0,3.8918449473234346e-16
0,1.7687512102011648e-19
0,1.0744137411277231e-07
0,1.84506834579248e-15
0,1.3561425669646517e-16
0,2.878453482342449e-20
0,1.7297130981709137e-24
0,4.936607006419167e-19
0,2.0918373443399046e-15
0,0.007104855034363397
0,8.01125076120634e-19
0,2.2370589872006894e-19
0,9.665535541679165e-07
0,1.6332397153871517e-17
0,7.408769094634262e-17
0,7.10335259015274e-16
0,1.5141846376694803e-15
0,8.177069590009997e-24
0,8.14239587911663e-08
1,0.6236257597680843
1,0.3736831910915476
0,3.524902173796389e-06
0,0.10012983189935934
1,0.3018674750286329
0,2.1324141084358843e-16
0,0.17944776335355161
0,9.391476405072115e-20
0,9.172523335299002e-16
1,0.3676192301804785
0,0.09953203327818505
0,0.004401568348802099
0,0.48965139125123164
0,1.4693073569637264e-06
0,6.363741458727656e-07
0,1.3090030220149739e-06
0,5.700233026594198e-07
0,2.5086779920584074e-26
0,4.555488554744707e-18
0,1.0194766475325253e-15
0,1.7668425884528878e-19
0,1.2509567553079981e-23
0,5.151694049373732e-24
0,1.7198370186769907e-05
1,0.8472220146318488
0,4.888275383570527e-21
0,5.867761315458022e-06
0,4.9320758716528434e-21
0,4.635036932420082e-08
1,0.7239026734858214
0,1.1261425007326231e-20
0,9.065984526558486e-17
0,0.0020069259938609173
0,6.57735663203001e-17
0,3.162049426634365e-17
0,5.178889452506664e-14
0,9.474554881764434e-15
0,3.107117499234839e-19
0,0.0026231521642253236
0,1.293615712988928e-13
0,3.100653143017292e-23
1,0.7734147436700831
0,2.148004579807476e-21
0,9.38929637148822e-16
1,0.5118663059753927
0,3.8276869359487447e-07
0,3.2559919628532893e-21
0,2.3064196282427185e-19
0,3.1055505813702993e-17
0,1.139965663871829e-16
0,1.33291054926005e-16
0,1.214429360707483e-21
0,0.14995193095475184
0,1.8925230861555555e-17
1,0.7683596415620711
0,1.6523251331430228e-26
0,2.5211187725620296e-16
0,0.4936819928182904
0,1.776679898987465e-17
1,0.4883772971932286
0,9.349159907016201e-28
0,0.061103900299164966
0,3.4297843966224675e-06
0,9.062150945590639e-13
0,6.34708540161651e-16
0,7.289995335774449e-09
0,1.4427262531359844e-27
0,0.0009414318627333006
0,5.685643210168322e-16
0,1.8249437581089367e-17
0,3.2695419769776593e-19
0,3.6094277442407196e-19
0,0.03158445661137869
0,1.7984005084606255e-05
0,0.24807215310101438
0,3.073987939984059e-20
1,0.7863294974401109
1,0.545042680006442
0,2.9798800972259773e-07
0,1.1645716141858931e-20
0,4.080017808503296e-08
0,2.1230204037977036e-16
0,1.5493623539443038e-24
0,2.0816331096145136e-20
0,4.740625864056637e-18
0,2.6080130493696116e-15
0,4.080017808503296e-08
0,1.2902463782099755e-07
0,1.6029724240373718e-15
0,3.5424233974139728e-06
0,8.502466698152026e-18
0,0.00042867994948729955
0,6.732492457776606e-20
0,0.32510606333483916
0,3.6949241820508764e-06
0,1.669058351613408e-15
0,2.133294729372283e-26
0,2.09694363163987e-07
0,3.7677439262722512e-16
0,4.2503650911514606e-20
0,8.907067221372534e-13
1,0.8867117232724885
0,3.1252342372536194e-17
0,0.032580015882825414
0,2.03751419664889e-15
0,1.0219191182347504e-16
0,4.269543081234845e-10
0,4.794847675617876e-18
0,1.6655751994088094e-06
0,4.888275383570527e-21
0,6.370040498344178e-06
1,0.5640323424828779
0,1.1738209369989355e-15
1,0.40889013705467875
0,0.00017259071959634817
0,1.6673055116891904e-08
0,0.5099209754335485
0,0.0006570855231274362
0,7.742063728315473e-13
1,0.5059625198074948
0,1.7741040734567902e-16
0,3.6165693447290307e-16
0,1.1103363218685319e-26
0,4.028661119766319e-08
0,1.2172982609863372e-19
0,4.388410758534278e-08
0,9.656175672656576e-09
1,0.784109618953317
0,2.4687462682244147e-19
0,2.1991052639482196e-16
0,1.0542404084367368e-06
0,0.021509323086334006
0,8.685038112232792e-06
0,0.0052495374743767855
0,8.373958387411019e-07
0,1.9170325477718635e-07
0,8.948418632760459e-21
0,3.674075689325906e-14
1,0.4316770659225932
0,1.1231042026914392e-07
0,0.6321750992983005
0,7.235911507601058e-21
0,9.45991548387359e-13
0,0.09784982988755575
0,9.045597552009665e-15
0,9.99178027007905e-19
0,5.838323055972725e-06
0,9.55563975099285e-20
0,0.46559103437103827
0,1.066784506406396e-07
0,2.3015754884474404e-18
0,0.5579403229605416
0,3.568184886126435e-18
0,9.011266864424443e-12
0,3.967233425837699e-15
0,4.403626029182735e-16
0,1.9512679242259633e-22
0,1.0391800701587285e-16
0,6.893664805694966e-20
1,0.43355787471381424
0,1.2162979749284365e-13
1,0.2694209644824474
1,0.7956140582868716
1,0.5526514751366881
0,0.15341566943503354
0,4.060805826200244e-26
0,1.371727048308965e-10
0,6.236904728277768e-16
0,6.879840630719511e-16
0,3.4482521828518614e-16
0,1.2718192173893464e-20
0,0.3341952828003035
1,0.25558048845917225
1,0.6177871707571588
0,3.2834457272242164e-16
0,4.4673115525102e-18
0,0.4938533069854191
0,2.050034366526991e-27
0,7.977633591247778e-17
1,0.37220133262501537
0,0.15420399645281954
0,3.5264534336787495e-07
0,3.134421619435314e-26
0,8.155849192506148e-07
0,0.002979681668598493
0,1.5475934906793985e-16
0,3.990071881838641e-17
0,4.543015553433158e-22
0,0.3658455539473003
0,1.3825649836005363e-20
0,6.433694874857892e-06
1,0.5393507890143746
0,5.064604463314498e-18
0,2.1033879398979052e-18
0,2.202841567620912e-17
0,5.7740864811775935e-18
1,0.994512568559091
1,0.25366524513980543
0,1.214429360707483e-21
0,0.024224643045384506
0,7.00496695898143e-09
0,0.008382512698673116
0,8.43847847621103e-21
0,0.5441053481739322
0,0.3313835026564217
0,1.1410967788937852e-23
0,1.5375419473793135e-06
1,0.39980433266079884
0,8.91609226122129e-16
0,7.671515883542183e-17
0,0.20690426423766045
0,0.02171494338676509
0,2.059679736664373e-20
0,7.056529346150476e-21
0,4.2012761556732497e-26
0,9.550276205614022e-18
0,1.7818473803047385e-23
0,1.1313322181169246e-09
0,0.09431026671470259
0,5.3898016191623245e-19
0,7.755173858716046e-20
0,3.0952761117030214e-18
0,4.934194995638347e-17
0,1.0164246965531432e-17
0,8.412622137914809e-22
0,2.901369967135234e-24
0,0.008651094319446396
0,0.19959369157805965
0,0.3598997818319675
0,1.3469580247448086e-07
0,9.957782514145365e-27
0,0.42630915030721206
0,2.1678859953143855e-07
0,4.060805826200244e-26
1,0.6354905774900101
0,3.108412732767717e-19
1,0.631069751493864
0,2.7141490246841136e-28
0,3.3505687166455672e-21
0,0.633188768181316
0,1.2029755935357447e-07
0,0.07016426522674571
0,1.8504889872143904e-16
0,5.258154757048359e-21
0,3.707887057724638e-07
0,1.8010407380239725e-18
0,0.0026711022619778217
0,8.223312274518753e-26
0,1.2573058341466249e-22
0,2.921467425582185e-15
1,0.9622670608480525
0,1.5316903451445323e-15
0,1.7853198242161614e-15
0,3.951047458695221e-19
0,2.3602890710720015e-06
0,0.3704796845245991
0,7.637756318906521e-16
0,7.443711232187684e-18
0,9.849956787662956e-18
0,0.34020751360486634
0,2.3772912363337706e-27
1,0.6450984925919374
0,1.7948433125728e-16
1,0.2087523906242868
0,6.045692124913543e-19
0,3.376946131775878e-17
0,0.07952058392970619
0,1.4557139075594033e-05
0,1.596221867982571e-16
0,0.7310233293383015
0,5.31215608220145e-17
0,1.3370615127073842e-07
0,6.872298750008607e-20
0,3.6320109549552215e-18
0,2.9167212035753884e-14
0,0.0004291013524334306
0,7.170694924128088e-16
1,0.933781295648406
0,3.9303710004706496e-27
0,7.8321981863973035e-28
0,0.6940485993367866
0,0.4465289736993756
0,2.85529430150271e-16
0,3.323215293211024e-17
0,5.805972370421068e-24
0,2.94859610891263e-23
0,0.0034095988567796514
0,2.214657072100527e-17
0,5.157556281560805e-19
0,0.15631196615708498
0,7.956515159395823e-24
0,7.255235041602219e-08
0,0.8026367884007582
0,1.878842776730939e-21
0,4.807886610127802e-17
0,2.3922737315279726e-17
1,0.28338837007249823
0,2.1325723512686522e-16
0,1.8435401456696647e-23
0,0.45036273520366743
0,1.5992160970616145e-07
0,1.878842776730939e-21
0,8.956853960089593e-24
0,2.102441758250695e-16
1,0.8256625565523898
0,1.4793656563881758e-17
0,0.0027056528209758782
0,0.0021743698668360532
0,9.951204011029781e-19
0,7.766824242743799e-15
0,2.2248164159052454e-19
0,3.139903214226824e-16
0,8.94884623406157e-20
0,0.27951928318148034
0,2.5306118873913116e-17
0,0.001265925408740848
0,8.54631165642237e-21
0,9.015550312227292e-07
0,8.049933744319709e-20
0,9.65808869749217e-09
0,9.011266864424443e-12
1,0.819839588623011
0,3.3016908448749676e-06
0,3.836737143807151e-20
1,0.7207612782013381
0,0.005776882270764205
1,0.6165662652496924
0,1.6710918102194553e-06
0,6.461465334426369e-07
0,0.3397940693277145
0,1.571038571510727e-19
0,1.6881492907304972e-06
0,0.0007505451790777287
0,4.653710529065503e-20
0,0.2840579188412228
0,8.467894587848423e-27
0,5.688553727325611e-22
0,0.005056253701992917
1,0.34555497102738675
0,0.5477552347410827
0,2.05873155749016e-23
0,8.984900484391554e-16
0,3.59274619332214e-17
0,1.4427262531359844e-27
0,2.1878512021676375e-17
0,0.04726041861318543
0,1.0362834125451537e-05
1,0.33144186907941003
1,0.9999997832244761
1,0.5155840256019878
0,1.720243146181992e-23
0,2.277209471483702e-12
1,0.6225605724335248
0,1.377329755873448e-19
0,0.34241977437516413
0,4.145831450633935e-18
0,0.32851759849335466
0,0.006970805597703487
0,4.7980139958220134e-18
0,0.321936892965212
0,1.0265676293361789e-27
1,0.3391463728143502
0,6.674800762104326e-17
0,0.006526970064564054
0,3.2559919628532893e-21
0,3.3759205133546517e-15
0,5.749713578704404e-15
0,0.26520798746201585
1,0.3675264464186071
1,0.004017259533772358
0,0.36113521953516636
0,2.4548860391791916e-19
0,7.654393868743941e-17
0,4.392158510518521e-15
0,2.83124795383036e-07
0,2.9988937798272816e-05
1,0.8114462985705923
0,0.0021039301100733644
0,4.514638277436904e-05
0,0.044396405788995605
0,6.396977943814945e-07
0,1.811834307527882e-21
0,7.00496695898143e-09
0,6.301993368662584e-07
0,0.054903954799480646
0,1.9594432268296193e-27
0,1.0632370826570354e-16
1,0.6321052873980345
1,0.6508115399602992
0,3.908636824990003e-24
0,7.524218618582022e-21
0,0.5907678504051325
0,0.17183253759569492
0,7.475502216456733e-16
0,2.050256868856342e-14
0,3.5219864049986436e-21
0,8.12612078356477e-14
0,2.099819856331222e-18
1,0.787829598564128
0,2.2633912874132145e-17
0,8.89098906617442e-17
0,0.013179928201218931
0,9.45279469292381e-19
0,0.0869157077133179
0,6.686073937372683e-12
0,2.9635337144420615e-17
0,3.3846068391161253e-18
0,6.119827053454341e-16
1,0.28164301942014963
0,0.3169882376573603
0,4.284036254031133e-08
0,2.022591732843326e-15
0,9.084512361767882e-11
0,1.7265431991395058e-16
1,0.5109819992183866
0,0.20500206110530236
0,5.289365551074338e-19
0,3.081077519247922e-14
1,0.1767478470419041
0,0.0019886780936159186
0,3.049561770797113e-19
0,0.5381410420840717
0,2.3233215858086477e-22
0,8.403604580223468e-19
0,8.089982693790246e-24
1,0.6705224613600218
0,5.48862341329889e-16
0,4.6613246401790065e-15
0,8.629300348968783e-16
0,8.302433377040186e-23
0,3.2636388474496783e-11
0,6.693188507533403e-15
0,1.7619337493605413e-07
0,5.260012614227428e-17
0,1.1506234909901272e-06
0,1.252980060526565e-16
0,1.8832161935509152e-16
0,0.15671441609181372
0,3.27867135106372e-23
0,0.1439988375354237
0,8.097448158666201e-08
0,1.6171962165754427e-17
0,1.2062972800764722e-17
0,4.42077215875993e-17
0,0.0982591125673288
0,7.62940868971905e-21
0,1.4410515141781265e-06
0,7.219983375229255e-24
0,0.0001181401970992664
0,3.475887500458785e-26
0,9.225818115893263e-28
0,3.375553275355335e-18
0,7.020262698812011e-07
0,5.501711782707496e-16
0,1.5568343084524277e-07
1,0.6936930906488477
0,1.8697324838590102e-16
0,1.0333753668276194e-19
0,1.1421772914583889e-15
0,0.018352734094929518
0,1.0903774477034602e-07
0,8.306333170567158e-16
0,2.2072612020026267e-17
0,0.14290416073685985
0,0.3515740396468548
1,0.4861944823069064
0,6.125165230352684e-17
0,1.751432035623908e-16
0,0.4145193654745795
1,0.7831372835773205
0,6.0760268707739755e-18
0,0.48170420797969404
1,0.6758554751684019
0,5.135516971783389e-16
0,4.855433165849289e-15
0,1.233036054038093e-18
0,1.89324763209639e-19
0,6.334817710757787e-20
0,8.858600498960321e-05
0,1.0029962991654239e-16
0,3.0716917972698934e-18
0,6.723139672557052e-08
0,2.273131209488048e-15
0,2.2664191365067417e-28
0,0.05968593882150949
0,4.3272494807391386e-08
0,2.9129460582411726e-25
0,3.2559919628532893e-21
0,1.3191674436548655e-14
0,2.8558098863176795e-15
0,3.562595101913358e-07
0,6.708284448790891e-07
1,0.26457792905992056
1,0.14828489309986925
0,1.0047150674008809e-17
0,9.041429752133121e-06
1,0.1322764706305481
1,0.8893310829570077
0,0.00024388407910910952
0,7.136180124955229e-07
0,0.31497365282034556
1,0.45726687910854663
0,1.691705991114224e-16
0,7.744325303911546e-05
0,1.394511373178711e-18
0,8.510087179523977e-16
0,1.3735131131770574e-22
0,4.269543081234845e-10
0,0.09773504494859833
1,0.5517183643623133
0,3.344619910786009e-17
0,0.052782072299330234
0,1.2451946958483891e-07
1,0.8472267466406664
0,2.544890915593198e-20
0,0.014099959500866949
0,9.869552687634801e-17
0,2.1039363949392633e-05
0,7.281017276119333e-08
1,0.6843404040374085
0,3.421157289235637e-17
0,2.09837881940559e-19
0,0.0024239729354831622
0,2.3280640015675448e-07
1,0.8704546154241433
0,2.118727403453473e-15
0,0.00020716957930334102
0,2.148004579807476e-21
0,1.8948744721147276e-16
0,2.097960845190585e-16
0,2.5467711038426997e-19
0,1.2466129152545856e-18
0,2.0117748294543332e-07
0,4.120248165871026e-17
0,0.6680030669180864
0,2.6563219689624294e-18
0,0.004924135660762848
0,1.0994863690586122e-16
0,1.6511848774905015e-25
0,0.4144578825628678
0,0.03227181519499154
0,4.8589429598336224e-15
1,0.6694620554087128
0,0.10451261684908361
0,1.3555631922435044e-17
0,3.80725078205504e-19
0,1.045075328074968e-19
0,0.21749980506908276
0,4.5159852677367836e-17
0,0.010830735386841643
0,1.67190335023905e-16
0,0.011400909802353802
0,5.665797721366645e-07
1,0.6282108888280704
0,2.7151257300072144e-19
0,9.370993590091242e-17
0,9.125620448925882e-18
0,1.677794609689698e-22
0,1.8584571829888657e-16
0,4.269543081234845e-10
0,2.6555984031222026e-20
0,2.3433750396831948e-07
0,0.13367064521167815
1,0.5177889757248567
0,8.275223563774278e-17
1,0.5653304087685768
0,6.176092468784861e-19
0,0.002802833592807846
0,4.933544600990611e-18
0,1.1452303283606296e-11
0,1.0870894173578939e-07
0,1.1587099850891225e-21
0,0.002698755599973725
0,2.4900032945619696e-18
0,0.6108199472269755
0,4.55979520660936e-16
0,1.6488776491642177e-17
0,1.333258793346359e-09
0,0.5503501641403544
0,0.07018342032324572
0,1.7089783797640422e-17
0,2.679530674238857e-23
0,4.2100108912123935e-05
1,0.5618273211400409
0,4.782088991246138e-08
0,1.1713697506295534e-17
0,1.3190576232394445e-16
0,1.7339890603394048e-15
0,2.2246448900749577e-17
0,6.600651808524367e-07
0,1.0255938413534965e-16
0,1.6261997852277423e-21
0,0.0004443605759495509
0,7.00496695898143e-09
0,7.861377258725705e-08
0,1.3450107007940708e-16
1,0.3904078055184003
0,2.5817724555671094e-06
0,3.131430971505492e-07
0,0.3088106704422481
0,1.328425336135036e-06
0,8.905669327615196e-16
0,1.1046131452691556e-18
0,1.2622801414855963e-07
0,0.053176548573717335
0,1.64913928912393e-19
0,1.0522499111201252e-17
0,1.014127784281625e-06
0,3.475887500458835e-26
1,0.46925502993704055
0,0.08260095403809549
0,8.984448431323056e-15
0,1.1452303283606379e-11
0,2.0236270046426139e-16
0,6.240015731217085e-19
0,5.770948408886452e-06
0,0.00015571235938826913
0,2.494271140439127e-19
0,0.10365078715482479
0,3.757510785117887e-08
0,4.290545704946063e-22
0,2.5411033425110998e-12
0,2.1159529786648453e-15
0,3.1215819419829664e-23
0,0.27014299579506246
0,2.611558105081696e-17
0,3.155044266683543e-06
0,1.215047062491848e-05
0,1.3743571280268078e-21
0,0.5088358618518348
0,5.19291294923021e-07
1,0.8809097803106288
0,4.884693161445699e-16
1,0.5262206302280149
0,4.3258584793546157e-19
0,5.523799340951282e-05
1,0.3330427592017717
0,1.9201576077963692e-19
0,0.37547939753002535
0,1.197405806393033e-18
0,8.239316625389577e-08
0,5.5714048765756e-21
0,8.228558843813899e-18
0,1.8222812256077972e-20
0,2.820416906988443e-17
0,4.8211144314155296e-18
0,0.04160328592125865
0,1.706574167665357e-18
0,4.049395097936155e-15
0,3.2559919628532893e-21
0,3.119972962571031e-17
0,1.6902637207245602e-08
0,3.801826910713302e-21
0,1.9366251488315667e-14
0,1.4427262531359948e-27
1,0.8277301135803539
0,1.9254089497966926e-26
1,0.5612263949994964
0,2.273003421223389e-18
0,4.2853427982450376e-20
0,6.149246896695901e-18
1,0.7004472695630153
0,0.00014319371725810272
0,0.05124890459208713
0,8.385341193122865e-09
0,0.00014811901052442098
0,0.42542720576532655
0,9.408851554474703e-19
0,5.930833728274077e-06
0,7.682628038603638e-16
0,1.3387229247106547e-15
0,5.098798725953386e-17
0,3.4385000161270134e-16
0,0.2778600285201927
1,0.3577087201342802
0,5.780031354166254e-16
0,3.206171825945815e-21
0,0.30394987211037766
0,2.148004579807476e-21
0,2.24166558675452e-19
0,6.749822599731843e-07
0,0.2377641387745768
0,6.045692200941433e-19
0,4.135170818186455e-21
0,1.927619406678675e-16
0,2.860871994078437e-19
1,0.7333125796730863
0,2.6232983479642944e-14
0,2.752126172400562e-16
0,2.512551828897112e-05
0,0.008570389202316654
0,0.1184478700945054
1,0.4984633899755269
0,2.4262617624110057e-26
1,0.9613010751610547
0,6.23444365116002e-20
0,2.753400806739297e-16
0,1.4159246122926286e-18
1,0.9458299898638108
0,2.665493532162631e-23
1,0.6343867281126558
0,3.739419341755236e-27
0,0.5063956975515556
0,1.9770611791812525e-17
0,2.1993438872986482e-16
1,0.7602550912996631
0,3.641101955813157e-18
0,0.5733763768336011
0,1.2726957783333491e-18
0,3.4343752556140318e-06
0,0.00014319371725810272
0,2.820548193926322e-17
0,1.3629209893982777e-16
0,1.4469360564952506e-13
0,6.151703703492942e-23
0,2.6490934033963607e-06
0,4.846725452495957e-27
0,2.0384958023734565e-05
0,0.0037813415529902514
0,0.013690390613093675
0,2.2858126588484984e-19
0,1.08011276270044e-22
0,0.2772218391577914
0,4.122368209947644e-16
0,8.421011556924326e-17
0,0.0006424500052377288
0,1.384934005462718e-22
0,4.736591045896448e-20
0,4.277347458920754e-18
0,0.003940765234870637
0,3.4261281646114016e-17
0,2.06129620325179e-23
0,9.815283636438696e-25
0,1.5260605152506878e-21
0,3.073339043587155e-20
0,0.5869826349499033
0,4.80492066786038e-27
0,0.6593156887671529
0,5.136785204417445e-18
0,0.2968917265819228
0,1.9901874311033524e-07
0,3.635925875648599e-07
0,7.595925756506967e-16
0,4.0978072231270745e-16
0,1.038578989882901e-20
1,0.8493387331041561
1,0.4227318738759539
0,0.935134823401799
0,1.3432464815280666e-27
0,1.6460585988319398e-18
0,2.7309080873113895e-16
0,5.903971588616234e-07
0,3.656063206168181e-16
0,3.2559919628532893e-21
1,0.49566734549377744
0,0.0013361269286978688
0,2.120531511249247e-19
0,6.344837456926151e-06
1,0.7160848017148778
0,1.5409875320574044e-16
0,3.129232287806666e-22
0,2.6379323320481955e-14
0,3.648819255902577e-19
0,9.534040233963175e-21
0,7.131625954507868e-20
0,1.0631394042409378e-17
0,0.00013577162276248746
1,0.31528434698669894
0,6.131303364508232e-18
0,2.63999638354716e-16
0,2.1453694689761298e-16
0,9.418383356127376e-15
1,0.9675357281754702
0,0.4955088135271509
0,0.014720627237200551
0,0.3082791574802649
1,0.40506772125273366
0,1.878842776730939e-21
0,1.5767203056031038e-25
0,2.1547558629829195e-16
0,8.636896300133118e-16
0,8.43132112660789e-07
0,1.0255938413534965e-16
0,1.0830046773588492e-25
0,0.21488204023960186
0,0.07636026220462173
0,4.089469554651141e-08
0,3.8656622713155634e-20
1,0.7198441701993307
1,0.8605382880104542
0,2.3548397047924807e-17
1,0.9029550710060579
0,0.0008202125066836341
0,1.4473709612157979e-06
0,3.2559919628532893e-21
0,4.197732618017804e-23
0,3.949937947864397e-23
0,8.915864808374423e-16
0,9.344283954398352e-22
0,3.908798703422547e-14
0,1.4134263470430507e-06
0,0.46079269988322463
0,6.646417153336513e-20
0,6.450021928250355e-19
0,5.091216905977732e-05
0,3.908636824990003e-24
0,7.189768436406418e-18
0,1.8894932627881598e-08
0,2.1364882572473501e-16
0,1.875700196297673e-21
0,3.4078173738182717e-07
0,1.9709474217295932e-19
0,2.5980589225204817e-16
0,9.162254777228663e-28
0,5.641477991264204e-17
0,4.9036951411261997e-08
0,1.7454553352865579e-15
0,5.370915967114744e-07
0,8.641772202536195e-13
0,6.733489561601363e-13
0,0.5743316434339126
0,0.16989382447269405
0,2.7026919862676587e-18
0,3.3482104194964375e-19
0,0.10117967880841422
0,5.225094773752561e-25
0,0.009072118067620946
1,0.1777716765310635
1,0.2930932827607424
0,1.3032677598759254e-15
0,1.1034922493193368e-16
0,0.0054986507442823145
1,0.7398626937508559
1,0.310252646494104
0,3.461252373905065e-16
0,2.3152013969591774e-24
0,0.000898259464768003
0,1.0613970811045193e-16
0,2.681192967342196e-19
0,0.23817206017050999
0,2.578215423918216e-16
0,0.0042288319688594984
0,2.401852780055637e-18
0,6.678566260663548e-20
0,0.6719897977032744
0,0.32262072275067355
0,5.261437997174161e-19
0,8.974516658779766e-18
0,2.0885801705292072e-07
0,1.8404690779276528e-05
0,1.6898241159328442e-15
0,0.006033081857602779
0,0.000289830239802743
1,0.7470677298205239
0,7.169080414108411e-22
0,1.503588580461454e-19
0,9.131865753973486e-12
0,3.115336913062993e-18
0,2.6788731038901223e-17
0,1.8108465043460666e-07
0,2.818048989039855e-16
0,2.978139212199634e-15
0,0.016515101898454062
0,4.0553693655438166e-17
0,2.9344629996013614e-06
0,3.0981201588976854e-27
0,2.6269587392806706e-05
0,5.152998359737769e-16
0,5.099385894851533e-19
0,1.5337689214485192e-22
0,9.531862608160838e-19
0,3.130103523331873e-17
0,1.0818262637406591e-17
0,3.380756529895329e-05
0,3.1281638648267766e-16
0,1.4292513855444285e-07
1,0.5943259145510984
0,0.0017563993865404306
0,7.755173858716046e-20
0,3.7310431819310665e-18
0,0.00026339615225240626
0,8.184127689020286e-21
0,0.0036983460165538277
0,2.677118352441023e-23
1,0.9634853124424535
0,3.1762668328660983e-06
0,2.4854739751845437e-20
0,6.061402898200437e-24
0,3.635140115891229e-18
0,7.452383106681372e-05
0,1.3348619124888412e-23
0,2.3164048382237603e-16
0,1.0313769986843784e-15
0,2.4002148168428012e-05
0,8.254989913617172e-17
0,0.0005571708972793298
0,1.469310476257224e-17
0,1.2488428379919246e-26
0,0.6821304489140876
0,3.857040569738481e-17
0,2.117476915989856e-17
0,0.1951157011244795
0,4.2978559432913476e-21
0,1.1608010100410434e-06
0,8.667415330135935e-06
0,0.007209303413607476
0,2.461298376363632e-16
0,6.466163398462747e-07
1,0.19112332131947088
0,3.6646676824423264e-26
0,3.023099180173898e-15
0,6.786707943875764e-16
0,2.0351088966636327e-17
0,8.876512069704782e-20
0,1.9945729058680058e-25
0,2.0866587794974918e-24
0,2.39066643905131e-27
0,6.217402225310775e-20
0,2.706995304626569e-09
0,0.38152748998045766
0,5.9480074173880796e-05
0,1.8865547049596877e-21
0,1.3864367089907826e-16
0,1.2448922344457802e-14
0,3.9226208903175316e-18
0,1.8120951606801457e-18
0,2.3176979406131233e-16
0,1.2105106568996984e-15
0,1.0097876129360985e-15
0,2.561305740712187e-19
0,1.1638579595306208e-15
0,3.867146568261635e-09
0,3.011307560722773e-28
0,1.342407866872027e-18
0,7.682196320597411e-16
0,0.6782620300076696
0,5.221410358684329e-16
0,0.18074339961177532
0,0.10062956555386383
0,1.4521067650218407e-22
0,0.3037433567625793
0,4.060805826200244e-26
0,2.751353766531899e-19
0,1.6138722462349804e-16
0,1.283707684490291e-18
0,3.5655980486056614e-20
0,3.3693137036927345e-15
0,1.0496776674485429e-14
0,4.53357529389629e-25
0,1.4761782979040214e-24
0,0.00039149435955735794
0,8.156606141485404e-24
0,3.2559919628532893e-21
1,0.9021562275137456
0,0.00022898575836690992
0,2.926880914016619e-21
0,2.09701634904042e-15
0,1.882872017694844e-16
0,4.862470348469634e-07
0,1.137047984786983e-24
0,1.7050278303225128e-19
1,0.6337633204489656
0,2.76500593913707e-20
0,2.1131675400184035e-28
0,6.347419517905368e-19
0,2.3253947399874722e-20
0,4.5146764820373094e-05
0,3.912875897106925e-21
0,0.04707504619052917
0,0.009233808711391954
0,4.877398870484129e-18
0,5.299253846376891e-17
0,0.0010812379000640394
0,9.038566104039379e-27
0,2.789622556042649e-23
0,2.6866013186912896e-06
0,0.32806203238417103
0,1.633369991611845e-16
0,4.930404105410706e-18
1,0.836199604520067
0,8.821235659248908e-16
0,0.03384537136226741
0,3.2559919628532893e-21
0,7.017006477102838e-27
0,2.8246705661201845e-16
0,0.2525981752537877
0,4.08791498499045e-17
0,0.4006532706449147
0,9.011266864424443e-12
0,1.8113891632551533e-16
1,0.8848475419079574
0,5.2223589918907554e-17
0,0.40158616279169607
0,8.720685400947916e-06
0,9.651666942284087e-05
0,0.8903775707715584
1,0.3303929258109161
0,7.321395262836644e-16
0,0.0004066392219120508
0,1.1380948827580391e-17
0,7.17547975649639e-26
0,9.52616035878412e-28
0,2.1332947293722978e-26
0,1.2812822222086346e-24
1,0.7800515632615066
0,1.805732728426573e-24
0,2.933880570342125e-21
0,0.15377456247615154
0,1.2938847142603177e-17
0,5.202695595103674e-16
0,0.03923746587001181
1,0.9433461774168347
0,0.06566760026263874
0,1.6017879905334314e-26
0,0.2172709329366649
0,5.494026904488536e-06
1,0.3933315720533923
0,1.2814587000223502e-16
0,3.1581416256762674e-17
0,2.0389795402454462e-16
1,0.6216138089447749
0,0.08629554726340963
0,2.7290533512862546e-17
0,1.4744272077619433e-25
0,2.0562682276616227e-06
0,0.349515250672997
1,0.45385207170419783
0,1.9430111769937687e-20
0,1.9722045644775436e-06
0,3.065573478649979e-17
0,4.1020501665134404e-17
1,0.9971544554322278
0,1.0096730522873237e-07
0,9.113211339446382e-17
0,7.066717155567036e-25
0,8.901506883693034e-28
0,1.6956766050702404e-16
0,2.607216703762394e-26
0,0.055244913280690686
0,4.840332833016006e-22
0,1.1615255629947477e-16
1,0.9476837714324174
0,8.31233481729794e-18
0,4.1891372128852094e-17
0,6.703555104834993e-07
0,3.5251121691198013e-06
0,0.3244605284015043
0,1.3607019302949136e-17
1,0.42961892582191613
0,4.2012761556732497e-26
0,0.243540277296138
0,1.4647927975296435e-06
0,6.37153989396226e-05
0,5.037451347116591e-08
0,1.521099371492103e-19
1,0.8315625196492741
0,0.450808614397931
0,3.965757404281591e-16
0,5.741605869486987e-20
0,2.4002148168428056e-05
0,7.128910356682621e-06
0,0.5368087480449839
1,0.9568509927048787
0,5.624345577033402e-19
0,1.1933323057350803e-15
0,5.889903326354319e-07
0,2.806057962739434e-23
0,3.811907051820522e-09
0,2.9799941660122216e-23
0,1.1633415458211813e-19
0,3.4635705156121223e-18
0,1.2392942313731555e-18
0,5.4094096089786595e-27
1,9.032799553673025e-06
0,3.2400414714889442e-21
0,0.001448895354943527
0,3.2102190658801722e-27
0,2.0829155928854973e-15
0,4.029962375010427e-16
0,7.213022848943252e-09
0,7.971949886439873e-21
0,2.759267588236075e-06
0,2.560879388341622e-15
0,3.568908501909056e-15
1,0.46231680169348094
0,2.6665972693265745e-24
0,6.692933330788738e-19
0,1.1363561660774548e-26
0,2.4262617624110057e-26
0,2.28667834792314e-16
0,3.206171825945838e-21
0,2.4072292471732412e-26
0,4.1473534935123363e-07
0,2.537696949571813e-15
0,1.7078165112071332e-18
0,1.1107540167239744e-17
0,9.204611739466819e-07
0,2.677118352441023e-23
0,4.1827179887579825e-19
0,4.720391806085688e-06
0,1.4890474584403777e-27
0,6.615280615869496e-05
0,1.7036686793260027e-17
0,2.665493532162631e-23
0,5.628765694334503e-07
0,1.039169588205302e-14
0,7.482728447427465e-07
0,0.39156477008558005
0,0.003139760475356856
0,2.4324567237187407e-06
1,0.806317198620284
0,0.5989962741203319
0,1.9784699250402773e-14
0,5.580865450443824e-16
0,0.00024574651173961875
0,1.0444542576051605e-06
1,0.5521814857398115
0,2.2565418143539204e-15
0,8.481033166380943e-22
0,0.6466189523404862
0,0.021666036257722305
0,0.09179157053347563
0,9.244977615595898e-08
0,4.929800693407777e-08
0,1.7843577734077648e-12
0,5.261458135927469e-17
0,1.5390526202930386e-17
0,5.883477091222362e-21
0,3.04720826875877e-23
0,0.05369239801198469
0,4.990890643925354e-07
1,0.9999999407448745
0,0.1784542634982402
0,3.299806075508582e-17
0,1.4085106858036408e-07
0,3.011249996503978e-19
0,3.4474087388573303e-07
1,0.8595960707125248
0,5.9251306156667055e-18
0,3.0213815694609034e-15
0,1.02926374780524e-26
0,4.086575507830416e-19
0,1.6237850735518054e-24
0,9.126056258963547e-17
0,4.2999576349508167e-19
0,3.0977842858995756e-08
0,7.682877486625693e-06
0,7.829088841831931e-18
0,5.498364848562609e-19
0,3.3445403812397594e-07
0,1.1507286406640068e-22
0,2.943155820807465e-23
0,4.5945876032963564e-20
0,5.365649392899845e-05
0,1.1193231378321089e-05
0,5.055180971423409e-17
0,8.524128411826647e-26
0,2.0730893033693264e-20
1,0.781759229138716
0,8.19686529131306e-18
0,5.82412878234264e-19
1,0.8357311519443483
0,0.00012483824311900594
0,3.478507064644066e-18
0,5.662064005361536e-27
0,1.4345703204358155e-25
0,3.3885291689635874e-06
0,0.0044923154495073074
0,0.04335330328952394
0,6.186407785916675e-20
0,8.758730147959926e-22
0,2.5711882076479033e-05
0,4.572248253048919e-16
1,0.6011170335801654
0,3.2959267538430084e-05
1,0.14402934409102494
0,1.4257410937926835e-16
0,1.1048636667296472e-05
1,0.5352030033265207
1,0.28316754579781395
0,3.206171825945838e-21
0,1.8855255746969512e-06
0,0.0009749593370359055
0,0.0004337279420480392
0,0.2620418705347053
0,1.3841763442111569e-17
0,3.125995191149761e-17
0,0.31131108615439174
0,3.96785818753625e-21
0,5.123628607909063e-25
0,2.9432162875808625e-18
0,3.7574614780259994e-07
0,1.9157802234872187e-06
0,6.410264678531736e-15
0,1.531578511634332e-21
0,1.1828949639283995e-17
0,1.0343506871684804e-26
0,4.731060680317952e-21
0,0.0005331578281028508
0,5.271844080212187e-25
0,0.14885022147952684
1,0.906395873995209
0,8.948418632760459e-21
0,7.607636187642444e-07
0,2.024718135947692e-17
0,0.05301443155575321
0,0.00026020005412519525
0,7.755173858716046e-20
0,8.855742066185568e-06
0,3.65910764730736e-16
0,1.2627673571526875e-19
0,4.466184486722668e-23
0,5.806006157444614e-09
0,0.341791712978979
0,1.939009978712171e-17
0,1.5622768513365283e-17
0,9.915080855140796e-15
0,4.618232380547755e-08
0,6.0504601820210866e-06
0,1.6935015293869674e-18
0,2.9941179794207596e-26
0,5.709837472781938e-18
0,0.4756082024886096
0,4.2012761556732497e-26
0,7.840382246486893e-15
0,7.372974846525135e-19
0,7.418136144058623e-20
0,1.6472745290990753e-17
0,8.312419702698627e-18
0,2.5101208835838004e-19
0,7.975202607947705e-08
0,6.350120429653234e-17
0,3.664868921977254e-17
0,5.241147633381434e-18
0,2.2876374289118825e-17
0,0.39732791098684284
0,0.18234703049205428
1,0.3616229040536202
1,0.4989003070866582
0,7.575579103918206e-06
0,7.129090252757181e-06
1,0.2380068649353609
0,1.9475081487469673e-19
0,7.208614141190941e-17
0,8.800547769386424e-07
0,1.0563762523416054e-16
0,0.11465448707880499
0,2.733264763682019e-15
0,7.43620973282359e-20
0,2.1311395869618986e-18
0,2.82732695038241e-19
0,4.08082968997533e-17
0,6.956414579172391e-13
0,2.234507364734645e-19
0,3.5763650805779494e-08
0,2.1852492890255287e-15
0,6.281523965954676e-16
0,2.97523709883187e-16
0,1.8086673194692607e-17
0,3.782895171860577e-17
0,1.8196226355902078e-17
0,1.1221598723484256e-17
1,0.8558989756937576
0,0.45817651163476836
0,2.525267472178967e-12
0,2.1454597590439093e-16
0,0.02825617671145362
0,2.728066584490864e-26
0,1.7015118220970164e-18
0,3.980785092607575e-16
0,7.887702376418704e-14
0,2.5114266931675696e-13
0,0.002524161024698052
0,0.15808414144896898
0,1.8706876346627616e-14
0,1.4531915216267548e-16
0,1.2080037160241141e-14
0,0.00015974127740469256
1,0.4421324020426613
0,2.811105132829878e-14
0,1.2415874884950204e-16
0,8.907067221372534e-13
0,0.001354140750330897
0,2.4221147989617767e-17
0,6.498371788651737e-19
0,7.00496695898143e-09
0,0.06848748482075506
0,8.414629582126087e-18
0,3.03421661707384e-18
0,1.1969895314749642e-17
0,2.352827922633479e-06
0,0.4231280963694303
0,3.821912975629858e-20
0,1.4720858032986975e-19
0,0.36548346840727436
0,5.7815843157672725e-18
0,1.4407282599878325e-14
0,7.00496695898143e-09
0,1.8219516286636616e-07
0,1.3641823990805788e-21
0,2.335478399577438e-06
0,0.0003090493719703929
0,8.634534353202166e-17
0,2.7777676465262424e-24
0,8.486059362562348e-16
0,1.576429187272532e-17
0,0.03817406361316539
0,7.039095697779427e-17
0,8.020303952418521e-19
0,0.3081973277903264
0,1.247927013522099e-25
0,2.08695310376507e-18
1,0.5717901920719419
0,6.536655299663621e-19
1,0.8366873808543887
0,6.791128611757349e-14
0,0.006330300698825301
0,0.23200342769453908
0,1.182167605661353e-06
0,2.4121056736837157e-23
0,0.4322580329555375
0,1.3610580042037105e-06
0,1.4886653450462397e-06
0,0.1868639007173982
1,0.45160839329511143
1,0.7879836456311633
1,0.525914896103345
0,4.3272494807391386e-08
0,1.6236337617621738e-23
0,4.047563573317523e-06
0,2.998912940530371e-19
0,0.7308859548063236
0,5.9251306156667055e-18
0,1.878842776730939e-21
0,1.4167419798669232e-16
0,2.3946360770293606e-09
0,0.17814190182337217
1,0.7652800111687421
0,1.94450685822382e-06
0,1.9308475109247976e-18
0,1.5402700779560997e-26
0,6.633403293074591e-14
0,7.00496695898143e-09
0,1.6031911681062145e-17
0,0.20863796577365767
0,5.037451347116591e-08
0,3.27517515498672e-14
0,2.545429022894912e-06
1,0.41606497473173726
0,2.4301469469600153e-18
0,2.136166253878925e-17
0,1.4427361634980436e-13
0,9.961543786829985e-26
0,0.0030620787115263975
0,7.755173858716046e-20
1,0.021479721214536795
0,1.2254036027712565e-19
0,8.316884533103058e-17
0,0.0014390395411778391
0,1.3723358415636628e-27
0,3.08312850841025e-18
0,0.2211180331707808
0,1.495967336614021e-16
0,1.8016054679123615e-06
0,2.7412423237197995e-23
0,5.928820673300449e-23
0,0.34711363586691074
0,3.4504458304217265e-15
1,0.6717862759103601
0,0.0010711008078149065
0,1.0611372808402028e-18
0,7.171167921399327e-05
0,0.011993200155529946
0,6.298117479712396e-07
0,4.0778163501545166e-20
0,5.735895281689315e-20
0,6.615458155638764e-16
0,1.8177795223849867e-15
0,0.32798436137915843
0,2.4964627875442093e-16
0,2.218396196423738e-16
0,3.37673173602211e-23
0,2.11906704874461e-27
0,0.03697871924701444
0,1.313391493652272e-16
0,2.3613412390488214e-16
0,1.3743571280268078e-21
0,2.126427693384109e-05
0,0.0018878624449247846
0,3.947652572913936e-08
0,3.071754439812752e-17
0,2.1146660081163142e-08
0,4.5515128562311145e-09
0,1.66329366297391e-22
1,0.5765587012613793
0,4.169935964387153e-06
0,0.00019693488271824389
0,8.043919886233092e-17
0,8.465124917201494e-17
0,0.09190109708379554
0,6.672909838626789e-17
0,3.967233425837699e-15
0,7.187426034379496e-17
0,0.0016326947478713049
0,1.0246518257071412e-26
0,6.923315178611004e-20
0,0.08479058356171205
0,1.522233885972701e-06
1,0.9992877112046294
0,3.335919286561872e-21
1,0.9750147696669222
0,7.123793960314373e-05
0,0.2895395468377482
0,4.854566030023482e-09
0,0.021550534778851462
0,2.7816837927267166e-16
0,9.963705053366079e-16
0,1.6488117317031075e-06
0,7.39177361534741e-07
1,0.37446987836558276
0,0.002459865823469231
0,4.184670687724974e-25
0,1.356827686249424e-17
1,0.05500687561768603
0,1.2436979282659073e-15
0,6.490434708766323e-21
0,0.32125779589352876
0,2.0907179994505607e-16
0,2.0899704588647832e-18
0,4.290478416178679e-27
0,3.3777947915028724e-19
0,7.131785269314673e-07
0,2.6665616472886595e-18
0,0.033572341595576594
0,4.2460424495973975e-07
0,0.00015230609890775604
0,2.227556732514909e-16
0,1.1320730107809277e-21
1,0.6096554522123772
0,0.07069783759551501
0,2.828851951447817e-18
0,1.1642568335983886e-05
0,1.78203880200997e-17
0,0.37989147765160963
0,1.299230191518418e-07
0,1.441849597823591e-17
0,2.8082972777833304e-17
0,4.8035374290750936e-27
0,0.003859328750387147
0,1.9025537437828878e-19
0,3.4889736812421846e-25
0,6.533598599273509e-24
1,0.6838989532197116
0,1.026540932456543e-15
0,1.1518881759870713e-21
0,7.272130537910896e-06
0,1.1439624397661364e-05
1,0.3193186519987524
0,1.0648190770211572e-25
0,0.4736347307711678
0,3.3508157449198624e-19
0,2.878453482342449e-20
0,0.32971561846045633
1,0.1831344559811609
0,1.877451619062084e-15
0,3.728181907095392e-24
0,1.3432464815280666e-27
1,0.6270444443221039
0,1.0014417546184582e-24
0,0.00012123466839267686
0,2.459808470956357e-19
0,9.71070734345665e-16
0,3.991103695328471e-16
0,1.328019236324102e-16
0,0.050932650008217284
0,1.1453718877418182e-06
0,4.060565707682114e-14
0,5.315437905793788e-19
0,2.537653262222242e-05
0,2.9477274833063395e-18
0,1.5440477985267384e-06
0,0.30387821620018457
0,7.07011762417649e-08
0,1.782727540449351e-19
0,0.34735016805120655
0,9.821047400473552e-17
1,0.17236332421497463
1,0.3616307868283806
0,0.010803439170696275
1,0.9750147696669221
0,0.08794542137108681
0,0.47544876288956867
0,5.603098630881614e-15
0,8.701974846174265e-06
0,1.9655259048257143e-05
0,2.088263273034069e-20
0,1.3064284905077051e-05
0,9.760209610662017e-25
0,3.930449919775587e-17
0,1.878842776730939e-21
0,3.13132267829054e-07
1,0.5127591709781567
0,1.916637669294453e-06
0,1.9083462391394316e-16
0,6.024511286768433e-08
0,4.1509507647595454e-17
0,0.09535676979547154
0,2.9206836818660432e-18
1,0.5741665662065745
0,5.6938010019007645e-15
1,0.45533587466735304
0,2.148004579807476e-21
0,0.0007639620970837035
0,1.419170198818151e-17
1,0.5743344703803028
0,1.3872484693457255e-08
0,2.692205410746461e-19
0,5.866645773345917e-07
0,5.014544323266277e-08
0,3.0876660830932244e-14
0,0.18347528770359098
0,3.5732500384921066e-08
0,3.230262607089187e-17
1,0.2904458532444775
0,3.2560572404427938e-18
0,0.21058966871136311
0,6.3466999621475874e-15
0,0.01733193466472148
0,0.0001014139685856187
0,3.0933527165799748e-24
0,0.4002902806550083
0,3.295088722646717e-07
0,7.612108597941283e-17
0,1.3347602293886285e-16
0,0.30822662851380994
0,5.911866049310302e-08
1,0.30233554476399155
0,1.6925301169218954e-16
0,9.914830121648764e-21
0,0.8610016031476472
0,4.106932848677421e-06
0,7.495317457173374e-16
0,6.249041455023699e-17
0,3.568789842102789e-18
0,8.90914681609904e-20
0,6.852628015625208e-16
0,0.25207848756588436
0,8.802863125318223e-06
0,0.002492914201997646
0,3.2559919628532893e-21
0,7.562849699223531e-17
0,2.2903968294323877e-07
0,8.196509344398121e-17
0,6.509314444849323e-17
0,4.840332833016006e-22
0,7.698453349417232e-26
0,4.0981164924871016e-17
0,5.7843130872890454e-27
0,2.314867347336086e-15
0,2.7083116427649258e-05
0,6.076535403293432e-18
0,1.7169228004190708e-22
0,6.908177085685618e-22
0,0.0016480077322475028
0,6.726244187465787e-26
0,0.11468588770677286
0,0.13231397150573904
0,4.655514746304505e-21
0,1.2352633558975035e-20
0,5.715654535852218e-06
0,2.805531135775452e-17
0,3.002579470789491e-17
0,0.0010717185280457267
0,4.328730055971853e-17
0,0.00017824458248060887
0,5.233464997337442e-05
0,1.3723358415636628e-27
0,6.082331764204731e-05
0,2.4351890911504722e-21
0,7.00496695898143e-09
1,0.7276206093143027
1,0.8334698657635848
0,2.907853294491237e-07
0,0.45905412731879397
0,1.943064705633463e-05
0,8.746460796618851e-18
0,0.1416396566691776
0,8.40687341399513e-17
0,2.0631963631553038e-22
0,0.6099143673626274
0,1.347813063736831e-18
0,2.983626021552856e-20
0,6.784941999997749e-18
0,4.850321613078023e-26
0,8.098656765811491e-26
0,3.098686679228116e-20
0,4.53804329629747e-16
0,0.3336395880035427
0,0.22942415252369752
0,2.2087107146449235e-06
0,2.2717065935356727e-18
1,0.4620205035079625
0,6.045740935426578e-19
0,2.0216116765805995e-25
0,2.677118352441023e-23
0,2.101388041854495e-19
0,0.5810184442711177
0,4.2336342895290737e-16
0,2.2726103705526298e-19
0,2.8680802967410315e-24
1,0.8610752149778766
0,2.16952042114405e-19
0,8.377627913811536e-16
0,2.670401766911694e-23
0,2.891302904789252e-25
0,5.062081503006421e-19
0,0.5082960993732509
0,8.176026127565835e-21
0,0.3815063707673199
0,0.00011282512852980476
0,2.1320609120482652e-24
0,5.874788754738158e-21
0,8.377393971434629e-07
0,1.5214520156479225e-16
0,0.0912297055550344
0,0.18387561746785472
0,8.449975024743692e-20
0,3.2636388474496783e-11
0,5.519779047311022e-08
0,3.241328299551499e-20
0,2.573836108129506e-07
0,3.2979187983518622e-18
1,0.6215626641858291
0,3.3435515266031283e-19
0,2.798169864911016e-05
1,0.538256623293721
0,1.137444199807115e-17
0,1.3743571280268078e-21
0,2.503441723514171e-16
0,6.008461233570177e-24
0,0.7191779438564151
0,2.0882657452187674e-16
0,0.5313942321183579
0,0.021130409868765382
0,1.3288054711970736e-07
0,0.003240599387450149
0,2.3597572897734253e-15
0,1.5463624882923672e-05
0,0.0004326582097415998
1,0.8958182613184822
0,6.042590262861552e-12
0,1.1320306080569438e-21
0,0.3570843500112716
0,2.495860468869816e-21
1,0.6153925326762263
0,3.382059273000103e-20
0,0.17627575923961458
0,1.9400998904918632e-06
1,0.526217436013672
0,1.417917433431871e-17
0,3.3220252362708754e-17
0,2.7669900161307456e-19
0,0.00033403008431805446
0,6.668836287851548e-19
0,0.7805404749621341
1,0.19769490989173155
0,1.5921980852238297e-13
0,5.69585585864966e-16
0,0.0065832269287440185
0,2.133294729372283e-26
0,5.3280881483735145e-15
0,4.822347285092404e-12
0,0.16710393981332314
0,0.027489046267689284
0,5.093038465442143e-16
0,1.8071033806342836e-17
0,0.37671252473843997
0,9.046876166584362e-15
0,1.4416895455761177e-17
0,2.531631071980981e-15
1,0.2568604022087363
0,2.8042006504195206e-08
0,9.909134906067225e-20
0,3.059717099214743e-06
0,2.7975514316201108e-05
0,2.4624628859653512e-15
0,5.279726781884062e-25
0,1.7264572501689155e-18
0,0.039364402468729076
0,0.5209357207624834
0,0.1720920240416099
1,0.35435159260071464
0,6.540748128693137e-17
0,4.671438352742301e-16
0,4.917518363944824e-16
0,0.18262483988327932
1,0.07552014603886469
0,1.4943390903690294e-15
0,1.0246518257071412e-26
0,1.6143839872006155e-18
0,0.0001878384809163641
0,2.148004579807476e-21
1,0.6241872628219316
0,3.4150078792505165e-07
0,0.017202824349469882
0,3.290351556628014e-05
0,8.149922604896095e-17
0,2.8273884405896597e-27
0,6.010707635236448e-17
0,0.024361785621607315
0,0.22880738682590862
0,7.480332935556776e-17
0,0.02247051837018134
0,6.019774245938091e-17
1,0.17380849483467523
0,0.008083732380446317
0,1.4859050254997382e-16
0,7.00496695898143e-09
0,1.2883519746106126e-18
0,7.228562545414033e-27
0,2.8243362059338876e-08
0,2.2130421963645154e-07
1,0.32937119780643165
0,3.296745579401779e-19
0,2.0220835417039776e-19
0,1.4422532520850428e-17
0,8.104392491135317e-20
1,0.16600997915771806
0,1.805732728426573e-24
0,5.2752741416542925e-05
0,0.0008803989704044484
0,5.919039626865797e-19
0,1.3701505309156216e-07
0,4.3053861555930574e-13
0,1.4468214278775694e-14
0,0.07392608719591556
0,3.892759606188568e-17
0,0.4324767701814492
0,0.5573299643489168
0,4.2866160705611676e-17
0,5.864377949428592e-16
0,0.2952069351111197
0,1.2921952408444058e-27
0,0.0004107427750916918
0,0.27468451229502183
0,1.0362834125451519e-05
0,0.017017950647970913
0,2.4451424688782956e-07
0,0.4718976377558489
0,2.8006572610437376e-17
0,3.844338541384059e-15
0,8.448310661991627e-13
0,0.013576094782173441
1,0.999993555004609
0,1.3845023605198413e-15
0,9.408490025743609e-24
0,1.7300974775158885e-17
0,4.7096064987450477e-07
0,0.08100159718509592
0,6.401720392118798e-09
0,1.8419632943289893e-20
0,1.20521313880084e-20
0,0.15257180250766364
0,3.357181641759131e-05
0,0.002698755599973725
0,2.5305504454824058e-18
1,0.68019302026277
0,2.148004579807476e-21
0,6.057216955568406e-17
0,4.318197344118407e-18
0,4.452182856985791e-16
0,3.772678169472423e-08
1,0.342559802293946
0,0.4087265920807999
0,9.847011172701024e-17
0,0.0018858360605414212
0,2.142244327602999e-15
0,7.486276386338801e-20
0,1.0742602446500488e-19
0,3.0735956598096204e-17
0,1.6656590063185936e-18
0,9.761010117612826e-06
0,2.9770824179077395e-08
0,7.3028105802494845e-19
0,1.9945729058680058e-25
0,0.749600549539094
1,0.39951646872005075
0,0.002983214853035673
0,1.2046567272371137e-06
0,0.0008069017134806857
0,2.876424005048537e-07
0,8.286688724551306e-20
0,7.549759678524321e-18
1,0.31355209777209825
0,3.4250009882785106e-20
0,2.893739316665422e-14
0,0.0008528127922344838
0,3.6094578658926277e-06
0,1.400277543585738e-25
0,0.025559317126521996
0,8.911988651076281e-17
0,5.570086553031371e-16
0,6.725753238189712e-18
0,1.1409428916503343e-17
0,6.806121340981262e-20
0,4.2691351282172015e-07
0,0.023308660889506134
0,1.4567317922542962e-15
0,2.0829945189786143e-14
0,1.71194377995556e-19
0,5.008522454523509e-07
0,2.1811688754747517e-21
0,3.656350186093954e-08
1,0.29248350394058886
0,1.4717570545310762e-18
0,4.324726102783223e-06
0,2.907853294491242e-07
0,0.08361022483603425
0,0.5501330486293188
0,5.310554696364386e-16
0,7.559450591517659e-18
0,3.761669381929027e-18
1,0.9456198821595696
1,0.727698600721631
0,2.489055696003948e-16
1,0.6551200816304238
0,1.8554867791323223e-19
0,2.85410990316781e-18
0,4.5914234885507885e-06
0,3.06609352097418e-23
0,2.5411565442922104e-26
0,0.551826737091938
1,0.22355284149779886
1,0.7894103961007984
0,6.227062804730105e-06
0,1.389688124946239e-17
0,2.9600891119732224e-16
1,0.9550616674090119
1,0.77362864401779
0,3.4278129667086515e-11
0,3.0943831541506704e-05
0,5.1348998496036955e-05
0,4.1498238177816317e-07
0,1.3671515637041e-17
0,1.4760648220279762e-06
0,4.290503091865399e-27
0,2.5534050193067248e-18
0,0.1969211597263021
0,2.022604770528218e-18
0,1.394511373178711e-18
1,0.823673028729523
0,5.61210632747576e-15
0,9.131865753973486e-12
0,8.76704215734002e-15
0,3.917240995667043e-18
0,6.121173127069068e-05
1,0.5925597792783386
0,3.0810981499780064e-17
0,2.50011913342335e-09
0,2.7242245129017973e-08
0,1.5975929889317405e-21
0,1.377329755873448e-19
0,3.3361103425479817e-26
1,0.6679106129820964
0,1.440826848876746e-24
0,1.1886187839430347e-15
1,0.7516929864151332
1,0.27766741724663885
0,4.290815606755992e-27
0,6.420832011357292e-20
0,0.004661035236168563
0,0.13806859909339073
0,0.0004924999509066465
0,5.746521437391026e-20
0,2.3778527196358134e-19
0,4.315977425292923e-08
0,0.35632019178663227
0,5.252412518147864e-17
0,2.691931125075169e-23
0,2.0077407414520722e-19
0,4.660504053952221e-23
0,1.253830357103185e-16
0,1.007750003657353e-23
0,4.867443041783286e-09
0,0.0014878568256398844
0,3.415026551179976e-17
0,3.0973205949024704e-16
0,1.750645854978368e-07
0,6.237934362330667e-24
0,5.308114218995009e-25
0,9.142940693480902e-23
1,0.704843748775248
0,0.004162715549850134
1,0.3064969716555805
0,1.7809235943219683e-18
0,1.7556281772845753e-18
1,0.41287310150422063
0,2.789622556042649e-23
0,1.775058990595365e-17
0,2.8079191152219495e-16
0,0.002064407319354386
0,2.9941179794207596e-26
0,2.0182489201233337e-18
0,9.488473083038138e-21
0,0.25727870662377833
0,0.7366598597042182
0,2.056778188322636e-16
0,3.3778681392481475e-18
0,8.927271694020103e-17
0,6.730553928380576e-18
0,1.559968380017759e-18
0,0.0011979355635697733
0,1.3432464815280666e-27
0,6.756801824096489e-06
0,0.006783383465721
0,1.0027775689396356e-23
0,7.661728058944231e-15
0,2.1332947293722978e-26
0,3.2914787477131632e-18
0,5.0396696615641214e-20
0,0.13690073027085847
0,0.005972411953612598
0,0.3778393638384345
0,4.0362658755441433e-16
0,7.304610551020198e-20
0,1.0505023082002908e-27
0,4.299006417874316e-16
0,1.4223804476044146e-16
0,4.2769200040997396e-16
0,8.630537129442e-20
0,3.4553828601178427e-16
0,2.7733774541159603e-20
1,0.3120393678467331
1,0.6583840117368831
0,0.4520126053317996
1,0.595178407007589
0,0.4362776766240886
0,0.01851475731508431
0,0.7390309869572403
0,1.0557486889339274e-07
0,1.993302542360114e-07
0,7.663359568807019e-18
1,0.40746472011508467
1,0.46092962551319766
0,2.993291170239314e-17
0,0.36461165816161795
0,4.3456670427489786e-18
0,2.545882648398737e-06
0,2.6734121451006098e-24
0,7.398089420336388e-08
0,0.38501836910817416
0,0.4937554284806373
0,0.2900102078218005
1,0.5108209960407558
0,5.532783295760176e-15
0,2.6594751027769985e-25
0,7.103193595097254e-22
0,1.3743571280268078e-21
0,0.5455975559190921
0,0.0016087139801648817
0,8.58465291604456e-09
0,5.719042228461593e-07
0,2.677118352441023e-23
0,3.0405960936762267e-07
0,4.208937595200432e-17
0,2.078074739492577e-09
1,0.9624556831199327
0,4.580013175293273e-27
0,5.037451347116591e-08
0,2.3105709725866827e-06
0,1.7074547622985877e-16
0,3.9180812464650604e-19
0,1.6803418040555037e-18
0,0.537187010255953
0,1.1009921614035014e-14
0,5.805723257567741e-25
0,2.9687379694078696e-25
0,1.0820546284726501e-17
0,2.2604303934184128e-05
0,1.3039154521440712e-15
1,0.800482783187436
0,1.2546644855777597e-18
0,5.249024250567318e-17
0,2.2293170967864028e-27
0,0.00037178043471827754
0,7.574608745577989e-16
0,5.306917521981618e-23
0,0.12775601805913087
0,2.0737446769131613e-19
0,1.285761656808509e-16
0,7.560514582269313e-07
0,0.2622569675832469
0,1.2986271750345706e-13
0,2.8402589070722803e-15
0,5.984421422698246e-16
0,6.730461276388948e-21
0,3.5155899954963896e-19
0,4.8035374290750936e-27
0,3.2559919628532893e-21
0,1.3988962336390368e-17
0,8.322466276987657e-25
0,1.4655816050986648e-23
0,0.21861645972775476
1,0.7560397434978583
0,0.0009571533363940568
0,1.0325031314641676e-15
0,1.1259241232350594e-15
0,3.248731297696014e-18
0,0.2145197471992381
1,0.904481469795952
0,4.635373316129545e-22
0,1.0538765718149534e-21
0,0.052186559645866236
0,1.67809299663186e-06
0,3.2518571817163534e-07
0,8.090379914190965e-19
0,5.985168830308614e-29
0,1.4755450812919391e-19
0,6.263941924188081e-06
0,6.7891467512439075e-18
0,0.010370218031107959
1,0.9384452514623316
0,4.19993981461054e-13
0,3.4518532205533965e-18
0,8.896320194700587e-05
0,1.0668967699387099e-05
0,1.7697680561982574e-19
1,0.8890711412563634
0,2.824920932033002e-23
0,1.8886094884096346e-15
0,5.893307700719857e-18
1,0.5154482377367544
0,0.00017585181986649412
0,2.0597472614799376e-16
0,9.056852242016413e-07
1,0.7014347883262521
0,7.398845776151096e-18
0,9.741400715919452e-19
0,6.216248318598627e-27
0,4.2978559432913784e-21
0,2.0175784538090083e-20
0,1.1786175247606107e-09
0,0.06659061744629748
0,0.0004318578675570082
0,1.7478629028841693e-22
0,1.3444388608249302e-16
0,0.2578502513847391
0,3.134421619435314e-26
0,0.8229657947557598
0,0.18338635592605476
0,0.37678433747359485
0,1.766662903581078e-27
0,0.2042916241052922
0,3.549436886953095e-18
0,3.566333578481237e-06
1,0.6979782375460021
0,0.0017844893787471424
0,1.6158212910826543e-17
0,0.505393489828238
0,1.1061227287201352e-17
0,7.17741886835428e-16
0,5.257634711593154e-25
0,1.568431583854912e-17
0,2.7027677371335693e-23
0,1.563661331059654e-17
1,0.4604788106231238
0,0.26020966339610946
0,3.3086457318568393e-19
0,8.546569851290094e-08
0,1.4853973193394478e-24
0,9.032719459385989e-17
0,0.0002464154789434243
0,2.6782137606287505e-18
0,3.6420105345615424e-19
0,4.001353438987784e-18
0,1.5467273042625957e-16
0,2.878453482342449e-20
0,2.826025200861293e-23
0,2.7070867155093623e-20
0,1.990374369192687e-17
0,9.131865753973452e-12
0,2.3795491033951252e-16
0,8.692559690859646e-07
1,0.4718985341221592
0,3.4596404335086056e-18
0,0.29704272267836995
0,2.371678119974034e-27
0,8.212576052510493e-20
0,0.1359327856348487
0,2.7283876680879738e-17
0,2.3940306426187615e-19
0,1.4427262531359844e-27
0,1.3916109201185665e-17
0,7.474511168728306e-18
0,1.1824544803286866e-06
0,2.878453482342449e-20
0,4.089436884755502e-20
0,7.458908195180296e-12
0,0.31449523932608514
0,2.277209471483694e-12
0,0.20970127264949248
0,3.752353603633697e-15
0,0.0041485506312078976
0,0.38056519590146964
0,8.372991120946612e-24
0,5.801594709256656e-17
0,4.458955063835982e-20
0,0.21815627439144453
0,2.4002148168428012e-05
0,4.172453431703255e-26
1,0.5729812385765064
0,7.00496695898143e-09
0,2.9321635296216682e-25
0,2.148004579807476e-21
1,0.7959000144538957
0,0.28962116956276707
0,2.1376624189935798e-23
0,1.11265806165119e-14
0,3.0746527029651505e-15
0,4.186692266160523e-17
1,0.4809874284815135
0,0.02087379161468064
0,1.35293081165856e-19
0,3.524299436295654e-08
0,1.062216987565968e-16
0,3.9783358122802315e-08
1,0.10353473387183568
0,0.23617723144767885
0,3.430955765838407e-24
0,3.4468713513841634e-07
0,8.549160195904864e-07
0,1.5402700779560997e-26
0,2.1035981883068636e-20
0,0.00015005873486430215
0,9.01890192060746e-17
0,2.6320333528098678e-23
0,2.7567040171751466e-28
1,0.9896455828640952
1,0.4675902089344008
0,7.2561189890732e-07
0,5.4658426094448835e-17
0,2.6038891841152133e-20
0,0.3176883300354445
0,2.720710632229796e-23
0,0.17883412620201677
0,5.657627327117847e-08
0,0.00017879727857031643
0,2.577532888114424e-18
0,1.347683918528165e-16
0,1.5495923809767962e-14
0,2.7451184819473014e-23
0,1.651142153842784e-09
0,1.1848039529345633e-20
0,2.1857157329154117e-16
0,0.5746475214359464
0,3.206171825945838e-21
0,2.955367309765915e-14
0,5.225094773752599e-25
0,0.014385331384544774
0,1.2437612997132561e-18
1,0.6198926776725228
0,2.0197737666581272e-13
0,0.07876525375311372
0,8.907067221372534e-13
0,6.187520183436186e-09
0,0.23215358746919257
1,0.19299292771108698
0,0.2498659724912547
0,4.1252457495825856e-12
0,1.7133569123580528e-05
0,2.9889779400045796e-06
0,1.4286699058568126e-19
0,5.9251306156667055e-18
0,1.1194354108608373e-14
0,5.823952275779563e-25
0,1.9458001461478182e-19
0,0.49899517099487445
0,1.3239662433710664e-18
0,4.440469026111931e-08
0,1.6691988075865357e-14
0,1.6088502623584675e-18
0,1.1849514859575377e-19
0,2.0369031994080506e-20
0,1.7951871982305968e-06
1,0.5636075659383368
0,1.2605534893927945e-18
0,2.0924058630168208e-19
0,0.001021778811266378
0,8.227808831859994e-16
0,0.02487612728493974
0,9.816648667635444e-20
0,0.0006610639026550162
0,4.723614742049668e-07
0,1.6380558530719737e-19
0,2.29761784677321e-25
1,0.009421517800057259
0,8.632058135055377e-27
0,2.477743909531181e-19
0,0.0010727271680585752
0,9.71261848824612e-21
0,8.559718865785498e-05
0,3.908636824990003e-24
0,1.3680516360022351e-08
1,0.47723284904559804
0,0.744041748739176
0,5.1256576004134306e-09
0,0.14792379022506053
0,1.1062095523904248e-08
0,6.002312451083663e-16
0,7.391176578954136e-19
0,0.07023129669871431
0,1.7535322060243485e-07
0,0.01128479417580031
0,2.1354181296455287e-15
0,1.3743571280268078e-21
0,5.441268909893499e-08
0,0.0002088395264497905
0,9.860118292793491e-08
0,6.726244187465787e-26
0,0.4160424707818433
0,1.457254067312546e-07
0,0.48798909374740757
0,1.9023060361096857e-23
0,3.3226713227054404e-07
0,1.0648190770211572e-25
0,0.00489959708267553
0,1.786316626476269e-27
0,7.27211442920941e-20
0,4.1829012581990625e-16
0,0.3161789835222866
0,2.6209062127426276e-18
0,3.254350419816364e-19
0,7.755173858716046e-20
0,1.9356496644113762e-18
0,0.24525753853463644
0,4.1862545933875916e-24
0,9.404487906115786e-18
0,2.4983303708705235e-18
0,0.6130938903252249
0,0.15816001143982086
0,9.568265742571246e-16
0,0.7597818313712025
0,2.476844239782207e-17
0,1.314408696356787e-21
0,2.8475869041689236e-25
0,7.604621602097665e-28
0,0.000146276707844631
0,1.5774003804860322e-08
0,1.5283709831300445e-07
0,3.838230999716937e-06
0,2.7001312295288464e-20
0,1.3907259217934002e-05
1,0.8632804601780769
0,1.809326873855465e-21
0,0.2744524940097163
0,0.3250296796285667
0,2.098753793749676e-19
0,1.9743006575261362e-20
0,1.9392202415894346e-06
0,2.703867475387244e-24
0,2.8931173104728435e-19
0,2.7529009803084683e-23
0,0.021952518118998433
0,1.7751651616732924e-16
0,1.4251953978541356e-15
0,3.067473951106477e-20
0,0.291620151903572
0,3.994868918712212e-06
0,3.8687851422734643e-19
0,0.2825128093688779
0,0.0003761451853072853
0,0.016775681634270682
0,5.797331311623978e-07
0,1.0306497222509833e-13
1,0.641751685563138
0,6.791432432837843e-15
0,0.388835717391504
0,1.9054866552331268e-16
0,0.000299625505653796
1,0.9692578435038353
0,4.212301402841695e-05
0,2.2617646919483987e-20
0,7.317313501084621e-19
0,1.661939027016762e-16
0,1.5188694686253383e-15
0,1.9166880310244823e-06
0,7.193392943061445e-24
0,9.31890527890405e-08
0,9.559188471981903e-21
1,0.20070509293329344
0,0.005512542009515645
0,0.00407437150832654
0,3.2205115243728185e-13
0,0.41118417244213423
0,6.445627644573237e-15
0,4.475939027554776e-16
0,0.030702686220507844
0,8.25235908267716e-24
0,2.279222451004701e-28
0,2.677118352441023e-23
1,0.8241050647383212
0,2.132241995462302e-19
0,2.2450841744027186e-05
0,8.681277435526674e-08
0,2.8904513775892135e-23
0,7.883722714672025e-20
1,0.8249304015742925
0,0.11979299711510195
0,1.856309561550954e-13
0,3.548097620113464e-16
0,3.006882111423355e-07
0,0.36567171881343513
1,0.5092680069524498
0,0.47087420513473943
0,1.0848789992748972e-25
0,1.2214442374509377e-24
0,1.1582409840357094e-07
0,4.769871958355908e-18
0,0.05990330453018867
0,0.16023018336019743
0,1.8128650117304158e-12
0,5.798850543024044e-15
0,4.393103670465341e-27
0,5.082249570195861e-27
0,2.93902487286226e-23
0,6.04800615779812e-25
0,7.467297918133507e-16
0,9.944630378590478e-18
0,0.1677464384801182
0,4.323180679889151e-07
0,0.0607344435889085
0,7.8017200421213005e-16
0,0.15764741539502783
0,7.898899504489509e-06
0,9.497599247071228e-27
0,2.0021220760418347e-15
0,0.2384154002607604
0,3.1986193979376983e-15
0,4.249547348144846e-15
0,0.029391678164750364
0,3.3548747845834243e-06
1,0.49547751394137174
0,0.026480997613689085
0,1.0279314500651913e-18
0,2.8942357820774567e-16
0,7.2164955496826e-21
0,9.324488566796333e-07
0,3.53541930359422e-18
1,0.515897181987813
0,5.4658426094448835e-17
0,1.5073543693656405e-16
0,1.3687965007065268e-20
0,5.230460038333083e-25
0,7.070564786129812e-08
0,8.753834180207406e-18
0,5.643064679362598e-16
0,0.003435281070544912
0,1.4049411556987816e-19
0,1.0882449976700246e-17
0,1.2736650829530173e-26
0,1.6823876867850162e-05
0,0.4737085707075595
0,1.930608472475025e-06
0,5.651351972501398e-28
0,1.4452452634481714e-09
0,7.28679202336633e-07
0,0.4196310056210739
0,0.06520417458588472
0,2.811588313801175e-16
1,0.9028628780518957
0,6.123444795934662e-18
1,0.999999258051347
0,0.4450133270787331
0,6.314152268475044e-16
1,0.8016825204457757
0,8.36684416610641e-14
0,6.176161612253529e-20
1,0.7936461909095248
0,1.6279629434147821e-07
0,2.1011881589616134e-17
0,1.1643069472121222e-07
0,9.954725029089895e-19
1,0.5875964094231859
0,1.8086673194692607e-17
0,2.4238527135639598e-17
0,1.6551330087951438e-23
0,1.957544604364268e-05
1,0.6533792163081475
0,0.2587872504032539
0,2.5392045747890316e-16
0,3.2636388474496783e-11
1,0.8174561185662909
0,0.561018026009251
0,1.8086673194692607e-17
0,2.045251829896798e-18
0,7.755173858716046e-20
0,2.5840678443966464e-28
0,0.14851702850470005
0,1.75813147631077e-18
0,1.3441736447497047e-08
0,6.92217697386711e-14
1,0.3982111689666862
0,5.251068519512042e-19
0,4.444920656297955e-18
0,7.472065709926899e-20
0,1.113242564362722e-18
0,5.990569913661024e-07
0,1.3883880235972022e-17
0,1.3438575661282332e-20
0,2.665493532162631e-23
0,0.3693066618233723
0,1.537125469697016e-05
0,2.4974230245391087e-07
0,2.5610881564161903e-25
0,1.154058976440554e-13
0,8.25534750342093e-07
0,1.0220527778448062e-26
0,1.9304879566013544e-17
1,0.757735519321306
0,9.508794916295619e-05
0,4.059997998099932e-17
0,3.3338250931741733e-06
1,0.7455079787212956
0,2.916152057569661e-07
0,3.687292656004431e-23
0,1.4394808559260898e-17
0,3.9605433343890874e-19
0,0.05829655520016172
1,0.3852871252643389
0,1.862576224318942e-16
0,2.3604294448775265e-17
0,2.0234633713343654e-17
0,1.0713611880521308e-16
0,1.929299049231575e-17
0,9.593943836122097e-16
0,4.325341129304222e-06
0,1.0585605291602814e-08
0,6.701053644315708e-17
0,9.401042532027315e-18
0,1.5208467403924422e-15
0,1.878842776730965e-21
0,9.546927743093695e-23
0,3.305406563890444e-15
0,2.4168326883024727e-24
0,3.030445977191774e-15
1,0.01992909768210241
0,8.778809889392305e-13
0,1.1874845566626156e-06
0,1.6640755946553645e-23
0,5.022611517131053e-15
0,2.9271688089086853e-18
0,1.930048090720724e-26
0,7.3961110960298e-25
0,3.92360570887708e-23
0,2.0016872389135067e-18
0,0.1678761697245405
0,1.6464623473738498e-22
0,8.509951861414054e-14
0,3.6440140368674743e-19
0,2.1741944898677576e-05
0,0.09926702341981014
0,1.3543813499301632e-15
0,2.279222451004701e-28
0,1.2318869241737415e-20
0,7.069250638213252e-21
0,3.1945707944546256e-23
1,0.5221942015101685
0,8.475759437947153e-07
1,0.7667490233755685
0,5.928820673300449e-23
0,0.24127286630989742
0,0.0017012350359024843
0,2.8454535652233457e-15
0,4.574756562601907e-19
1,0.00022895744071290084
0,0.4003301746319898
1,0.7893141665555852
0,1.3760049840227974e-23
0,1.7140717789663391e-16
0,8.454949227052616e-17
0,4.20048948217336e-18
0,1.469276739696703e-24
0,2.3904615287274656e-12
0,1.3213280057943862e-17
0,1.177271710827546e-05
0,6.090162446249701e-07
0,4.2561070458167595e-25
0,1.0634936761032185e-07
1,0.5284354062159986
0,1.3564430324657148e-15
0,2.1752849921729764e-16
0,0.10861668816942938
0,1.6110997211153684e-17
0,2.3330050367866183e-17
0,6.369163913359147e-16
0,3.2559919628532893e-21
0,2.35135570198834e-18
0,2.3500185707082288e-14
0,3.444271372289887e-24
0,2.0360825669523664e-20
0,1.1538694855916706e-27
0,2.88016402103004e-23
0,0.00021745204773238755
0,0.2962470947440209
0,2.762766022762313e-07
0,5.700502563783223e-18
0,8.077490976671235e-15
0,5.197573401061682e-18
0,1.3714426206657307e-19
0,6.646603441598253e-17
0,0.5673675188836514
0,1.4427262531359844e-27
1,0.7547487959533812
0,4.541471038105469e-19
0,1.1772717108275481e-05
0,3.2661644767436203e-17
0,1.9117612303558697e-15
0,1.102726146960041e-17
0,0.2925606457877839
0,7.371172090973572e-08
0,8.423329197704034e-16
1,0.5258037741774946
0,0.01994970972375659
0,5.257667883215017e-26
0,1.5351939849094343e-15
0,0.6237194947837489
0,2.7408736356308154e-16
0,2.616626222933283e-18
0,0.36315509144311237
1,0.4446480682643898
0,2.1629580727047546e-19
1,0.4224960227152952
1,0.5947533541016826
0,3.4280773905204793e-15
0,7.3969973069701744e-06
0,2.8267663855478302e-09
0,1.7227836335911669e-19
0,2.2985874776278734e-15
0,0.01710212857857316
0,0.12266087391169478
1,0.6271465666715405
0,5.687352777994547e-27
0,1.0087138233642345e-17
1,0.6167908416058354
0,2.8567698869951496e-18
0,2.0914381485138385e-06
1,0.7635985740988158
1,0.41149956545138217
0,7.580406209566252e-16
0,7.719486814504338e-17
0,4.991444273617864e-16
0,2.800619588946439e-23
0,1.5268182760015385e-19
0,2.0337210622571826e-26
0,3.4191794566940136e-17
0,2.1611217116163516e-18
0,8.12910781833479e-25
0,5.418855715535523e-16
0,1.865833306584496e-16
0,5.087854465710845e-05
0,5.7386982281576564e-09
0,1.9896553535646632e-07
0,0.011194672495292742
0,7.730957133653984e-19
0,4.352725230461209e-13
0,5.5378566376910585e-05
0,5.980671778612509e-20
0,1.1048416619795797e-16
1,0.7263684906837622
0,0.210871130723014
0,0.017399408715899047
0,0.5934862151619122
0,4.829501154261953e-07
0,1.494871389371879e-15
0,0.458316889304372
0,9.224414230183193e-16
1,0.6824278967252068
0,6.969144708628908e-10
0,6.210310758919603e-27
0,3.3361103425479817e-26
0,2.421070145792365e-27
0,1.6747857802345448e-15
0,4.4869698420072735e-06
0,2.2485095025068436e-17
0,1.1968617908707001e-06
0,2.3439165940656455e-17
0,0.41705688955387177
0,2.440365791546492e-14
0,2.3042997866167954e-07
0,1.8261453798672473e-23
0,2.6696115368788672e-17
0,0.3185865344265853
0,2.305920635976486e-16
1,0.48445922156984045
0,8.745258327786873e-18
0,1.1048236720991874e-07
0,3.825166557299971e-18
1,0.8346143633015026
0,4.290725242594866e-08
0,4.091615780380808e-16
1,0.7102578571381867
0,2.939329048795449e-26
0,3.6186273753003404e-08
0,3.480696841726088e-28
0,1.6113822014756241e-16
1,0.12518653517939854
0,4.055780906264752e-06
0,1.1631168637172285e-07
0,1.2502856337967146e-18
0,6.534626380094986e-07
0,0.00017931204240005525
1,0.49079411321303035
0,1.997188407311353e-25
0,1.1103363218685319e-26
0,2.784057830078262e-15
0,6.373629081165553e-07
0,6.739361773068012e-18
0,2.229738695895345e-16
0,2.0618408436309006e-15
0,2.4028691104151153e-15
0,1.5804478015202394e-18
0,0.00040421439833119866
0,0.0512546026561181
0,7.932589566583576e-24
0,1.9261322875755017e-19
0,2.4210701457923478e-27
0,3.838230999716923e-06
0,1.0603083910273026e-18
0,4.113233391306224e-17
0,0.235208348877103
0,1.1222149983775341e-18
0,0.09767259801440974
1,0.7392744681832997
0,0.10108077631821821
0,1.9741151135482937e-06
0,0.021550119294247477
0,4.005958061602071e-18
0,1.945433219386215e-17
0,0.0045670959926024735
0,0.00029342455997981217
0,1.2648197347947612e-19
0,3.078139279534004e-19
0,3.2559919628532893e-21
0,1.5696760213352327e-06
0,2.536481641925066e-18
0,3.375125907537049e-08
0,0.04469288172969661
0,1.8313459506441773e-25
0,2.8949300804399567e-16
0,2.936240771919692e-07
0,0.30349345939988465
0,2.535139176461121e-19
0,7.037461210083201e-06
0,1.2936157129889235e-13
0,0.001798398275858879
0,3.966913573354569e-07
1,0.6502147365880014
0,1.31363855903462e-07
0,3.3847544761355694e-07
0,0.0004835380070072657
0,0.3359668585741854
0,1.4031548929464337e-21
0,0.00014627670784463076
0,1.6057134679346864e-15
0,4.205483505039869e-17
0,0.23317042064484866
1,0.42192204575559744
0,4.612294641858106e-14
0,1.850521200866645e-07
0,2.160650367369568e-15
0,7.52760831201676e-06
0,1.6983461395709573e-15
0,1.2440366469953185e-17
0,2.2208341942139614e-27
0,0.2914377981455052
0,4.449652989351921e-16
1,0.9779198584877916
0,1.2723709201396176e-15
0,1.6275198217935724e-15
0,1.223360158738083e-07
0,1.2376632453762689e-20
0,1.2595980319908687e-14
0,1.6549875141303826e-14
0,5.591116641348722e-08
0,1.4890474584403777e-27
0,1.6273049118078062e-18
0,6.471154202444873e-18
0,1.4166845094223767e-26
0,5.354636136023774e-15
0,5.157934343001777e-16
0,1.182167605661353e-06
0,0.008507429673653167
0,2.893739316665422e-14
0,1.4469831138122205e-05
0,3.3016908448749676e-06
0,5.170764771135142e-23
0,5.880624011357657e-21
0,5.595696872886856e-09
0,6.645449173621011e-07
0,3.2579221025163414e-19
0,1.6266296772802093e-16
0,6.220144272933693e-22
0,1.860703699378135e-06
0,6.36052048049189e-07
0,5.837298135253097e-14
0,9.989029178496822e-19
0,3.1797846092976715e-18
0,1.1560420373992494e-15
0,1.7579390887451983e-06
0,1.972842803866171e-05
0,1.5714048222165548e-05
0,2.8777522581098247e-16
0,6.2586351438844606e-06
0,4.060805826200244e-26
0,3.232363583971107e-21
0,9.000687395995129e-07
0,2.056981651675844e-20
0,2.769839680118439e-20
0,3.473608660965611e-18
0,3.7890372448311675e-28
0,1.6482456069758837e-20
0,0.024704991987814364
0,4.16076602320733e-19
0,8.497475536186608e-20
0,1.2156876293761783e-06
0,1.6787528672916125e-22
0,2.488914196114393e-16
1,0.43747950007546177
0,0.8883954230958709
0,0.012152469211653394
0,9.004962941045342e-16
0,1.123583095515071e-22
0,2.210221132795064e-19
0,7.064461830481709e-16
0,1.4013539876915676e-16
0,3.899989013910492e-07
0,3.2559919628532893e-21
0,0.1929859166973997
0,4.4156386124225805e-19
0,7.165966903746131e-05
0,0.34168104932643556
0,2.19553560575471e-17
0,6.012368526172731e-19
0,5.580807506806011e-24
0,7.949383670486481e-17
0,3.967546134799336e-26
0,0.11355553402934496
0,3.119079705365164e-25
0,1.16822266331009e-22
0,0.015340619220529289
0,7.317468175629911e-20
1,0.6882114275220895
0,4.7473090231835275e-21
0,8.891374935716992e-16
0,3.6907873587628993e-17
0,1.878842776730939e-21
0,2.0632173590999748e-19
0,1.0734489457907537e-06
0,3.3599891375322653e-18
0,9.720672871009901e-05
0,5.965841007541885e-20
0,1.933769796808106e-18
0,5.512011248602414e-07
0,1.611419673666474e-07
0,4.208937595200432e-17
0,1.0550532654717546e-19
1,0.5181365736971631
0,1.182406871011822e-16
0,1.1667822698815663e-08
0,1.759012519383093e-07
0,4.122821485869452e-27
0,2.611051064938045e-26
1,0.5484902349551998
1,0.42690331921391433
0,9.09432912779221e-17
0,9.461982918251932e-17
1,0.4276040394911358
1,0.7059064009865864
0,1.578941755287914e-14
0,1.504720570298773e-15
0,1.239164677830364e-19
0,5.447976532252757e-07
0,1.5338601720089939e-15
1,0.5985359159406122
0,9.043081192566176e-22
0,9.831248397918988e-21
0,9.782281609873141e-18
0,0.027924494674588466
0,0.462203092524266
0,0.8402264544707557
0,1.7661076546690758e-13
1,0.4124486494293874
0,0.1276364346021919
0,2.6584239729559675e-17
1,0.5190927735519226
0,2.65119142845057e-23
0,2.4262617624110057e-26
0,4.398500660299102e-18
0,4.084571470386248e-25
0,6.377031360357471e-27
0,0.001481923365249474
0,3.3037879110144044e-19
0,0.0002075780783091775
0,0.34048056243816877
0,7.559336134205456e-17
0,7.780988307833492e-22
0,2.93902487286226e-23
0,1.043178066609198e-05
0,2.5640083030527546e-06
0,0.8437219931243891
0,0.5191674748868162
0,0.0016178259927792328
0,1.7502043509854426e-16
0,3.7125183623344107e-22
1,0.8344439048324234
0,6.830008002257774e-13
0,4.177982509089389e-07
0,0.6484699652784881
0,1.6810587510048477e-23
0,1.2502856337967146e-18
0,2.322220594924088e-05
0,3.1975425695765113e-18
0,1.0481590011245435e-15
0,9.672933409528618e-18
1,0.8525169163102165
0,1.3363692437945425e-19
0,9.480551367894481e-21
0,3.4696335897820106e-14
0,1.7930876506182045e-18
0,1.7456537770747406e-16
0,0.00023524003491227484
0,9.057643765564877e-25
0,8.734867191386745e-05
0,7.377369931281339e-20
0,1.51162546933079e-17
0,6.797568156767451e-07
0,6.175083491841144e-22
0,0.36542802737871943
0,0.07894564894001911
1,0.492201004763867
0,9.616559011505801e-19
0,7.540405264087381e-06
0,3.977009159908062e-19
0,5.2084224115759736e-20
1,0.3309831782648022
1,0.9603047355163182
0,2.5299816046060623e-05
0,1.5268182760015385e-19
0,1.6428331776388445e-22
0,8.943303539039234e-07
0,8.066961998705886e-18
1,0.8656755365405612
0,2.9893082175760306e-23
0,2.929653995870531e-23
0,7.148162420628416e-08
0,1.0812045627522563e-06
0,3.924774134125277e-19
1,0.2969817610398835
0,4.686213778156811e-19
0,5.044374108574804e-07
1,0.1378177807344176
1,0.6669884816799754
0,0.22903733703753726
0,2.579197672286631e-19
0,8.851510667128502e-26
0,0.0004145812948453012
0,1.6561827046297924e-06
0,1.9772500028007153e-16
0,2.513958621976481e-24
0,9.125589750630816e-24
0,4.049954799860607e-24
0,1.7276344246491418e-23
0,1.8102503144292213e-17
0,3.5342114285871943e-17
0,2.583732617561645e-05
0,0.24461469372061556
0,7.2803829694457115e-22
1,0.33737456134037425
0,4.181264999364021e-24
0,2.9151881894623296e-16
0,8.322466276987657e-25
0,6.406608779883621e-07
0,1.0948654665951201e-05
0,1.8382307698060517e-18
0,0.5995324561285232
0,9.44832068598979e-09
0,1.7473172400012452e-05
0,3.134587254373113e-25
0,3.00129155492668e-20
0,9.234911216479425e-19
0,6.948533886990849e-06
0,1.8388376857183831e-06
0,0.36317731603394743
0,0.10507282580777767
0,1.3743571280268078e-21
0,6.810968133660732e-18
0,0.008431429124496207
0,7.416382892673638e-15
1,0.2101833990492698
0,9.361465731602293e-07
0,1.814820634736209e-19
0,1.1655115900567362e-17
1,0.7232995740290397
0,2.9678590514660676e-18
0,2.744862173208351e-16
1,0.6032660630850899
0,2.7958616958557285e-21
0,4.950453036698664e-24
0,1.2627256544100052e-07
0,0.04440051332968446
0,2.705665015026679e-07
0,3.175075222106538e-21
0,1.1087830567047595e-07
0,0.1496952547923064
1,0.30990341680737066
1,0.2520864500135899
0,4.281299076343259e-07
0,1.856222432239608e-17
0,0.4998462108063346
0,2.1644337505465914e-26
0,2.5594196729168687e-11
0,0.4380023891952765
0,3.6907873587628993e-17
0,9.327322668503803e-14
0,6.960456546171555e-19
0,3.367147620491219e-08
0,0.7303509605631882
0,1.4427262531359844e-27
0,4.408156608550294e-17
0,5.5197432101693695e-15
0,7.2363208144159025e-06
0,4.840332833016006e-22
0,2.4568782591319296e-05
0,4.43147471012171e-26
1,0.5959606625124277
0,6.29477831303942e-15
0,0.15837134392337676
0,0.0011404104571223898
0,6.932280811951026e-16
0,0.0001374956946742687
0,0.17549779251723036
0,5.55124193058354e-17
0,4.972544147001808e-16
0,1.0570963122714735e-17
0,0.00015936225240301182
0,4.324726102783223e-06
0,1.501294520405361e-17
0,0.03518024460497392
0,2.423365134872126e-11
0,0.502790139597963
0,5.665452219159549e-07
0,2.359508313089583e-19
0,1.1398886858410692e-21
0,2.578453877903656e-19
0,2.7243163063495705e-13
0,1.0868577329973258e-11
0,0.3898630783484534
0,9.272025102232446e-26
0,1.4265706118772347e-15
0,0.002698755599973725
0,0.48960610440809893
1,0.42021606199134565
0,8.841318162040514e-07
0,0.0017799775721776632
0,2.5277610189263652e-06
0,2.6320333528098678e-23
1,0.4166349728023487
0,3.288205444258329e-16
0,0.004524809678553373
0,1.165611440760938e-15
0,2.2398901442636183e-17
0,1.4398056300435665e-19
0,6.805341757973519e-18
0,1.871517740957569e-18
0,0.4518267306434164
0,9.878419173007139e-07
0,6.803184468792058e-16
1,0.5472162690774803
0,1.7259290159045274e-15
0,2.779683382217255e-23
0,2.8461710172960895e-17
0,4.4796337047347023e-07
0,5.9251306156667055e-18
0,1.9961062258296278e-07
0,1.477200372756412e-07
1,0.7752671685666377
0,6.68467650906341e-05
0,1.467241252079311e-15
0,4.10307416143714e-16
0,8.795928486008474e-08
0,3.153336291902973e-19
0,8.168090130994143e-20
0,1.039088629097665e-07
0,1.890987126088112e-05
0,0.6183171630167362
0,6.8116915272980124e-18
0,9.748157731949035e-16
1,0.40670553575795276
0,0.04551076691695287
0,3.394835527241366e-15
0,0.016381276301644307
0,2.1206440656760934e-27
0,3.2559919628532893e-21
0,4.865741093459062e-16
1,0.34040703150292295
0,0.781329328432063
0,0.47248720190126703
0,1.0214037465474636e-20
1,0.829245414967162
0,6.588310021412118e-19
0,3.76754146260265e-18
1,0.999999981598536
0,2.4738966059675737e-16
0,4.565130021484563e-20
0,0.0027719963573074003
0,6.669867169911454e-06
0,1.2665644854652709e-06
0,3.388801574692959e-15
0,2.142550595721096e-06
0,1.361717363659264e-16
0,3.602129268945019e-06
0,0.08709091772423729
0,8.437217121497341e-16
1,0.8257733564347062
1,0.4082359459612405
0,0.09136819644816141
0,0.19092148247206678
0,3.5520156187373336e-08
0,1.247927013522099e-25
0,0.26799422855589333
0,5.271844080212187e-25
0,3.1835870113130836e-06
1,0.40785973409071324
0,0.5282194358254771
0,7.918620568716285e-17
0,9.52616035878412e-28
1,0.8078551906336144
0,7.961813185985306e-06
0,3.1551692189284194e-18
0,6.254364556927469e-18
0,2.710550223661258e-24
0,1.963562380575151e-05
0,1.3323394530977058e-08
1,0.8883843777904409
1,0.5471799733260561
0,0.08595324687373518
0,5.234142287446412e-19
0,2.148004579807476e-21
