id_nodo,tipo_nodo,riesgo_alto
P-07345,persona_juridica,0
P-36130,persona_juridica,0
N-15721,persona_natural,0
P-42469,persona_juridica,0
N-01640,persona_natural,0
P-48693,persona_juridica,0
P-36910,persona_juridica,0
N-18291,persona_natural,0
P-24403,persona_juridica,0
P-11960,persona_juridica,0
N-09596,persona_natural,0
N-11435,persona_natural,0
N-15801,persona_natural,0
UT-21029,union_temporal,0
N-07338,persona_natural,0
P-32770,persona_juridica,0
N-26267,persona_natural,0
P-33058,persona_juridica,0
N-02391,persona_natural,0
P-13909,persona_juridica,0
P-01470,persona_juridica,0
N-02914,persona_natural,0
N-04460,persona_natural,0
P-42209,persona_juridica,0
N-31948,persona_natural,0
P-13745,persona_juridica,0
P-23785,persona_juridica,1
P-24851,persona_juridica,0
P-28699,persona_juridica,0
P-27821,persona_juridica,1
P-02576,persona_juridica,0
P-42793,persona_juridica,0
N-02598,persona_natural,0
UT-29748,union_temporal,0
P-50149,persona_juridica,0
N-30545,persona_natural,0
P-25779,persona_juridica,0
N-18461,persona_natural,0
P-11488,persona_juridica,0
N-09398,persona_natural,0
P-00169,persona_juridica,0
P-01032,persona_juridica,0
UT-15174,union_temporal,0
N-18265,persona_natural,0
P-05097,persona_juridica,0
P-11373,persona_juridica,0
P-45045,persona_juridica,0
P-12465,persona_juridica,0
N-14824,persona_natural,0
N-06555,persona_natural,0
P-37217,persona_juridica,0
P-05596,persona_juridica,0
N-14931,persona_natural,0
P-42225,persona_juridica,0
P-18608,persona_juridica,0
N-05124,persona_natural,1
N-09183,persona_natural,1
N-22827,persona_natural,0
P-18515,persona_juridica,0
N-21018,persona_natural,0
P-24637,persona_juridica,0
N-12997,persona_natural,0
N-07056,persona_natural,0
P-51309,persona_juridica,0
N-06702,persona_natural,0
P-09601,persona_juridica,0
P-03951,persona_juridica,0
P-51267,persona_juridica,0
P-01593,persona_juridica,0
N-16737,persona_natural,0
P-18400,persona_juridica,0
N-23670,persona_natural,0
N-27059,persona_natural,0
P-04609,persona_juridica,0
P-43211,persona_juridica,0
N-17324,persona_natural,0
UT-18092,union_temporal,0
P-05726,persona_juridica,0
P-30406,persona_juridica,0
P-41635,persona_juridica,0
P-40512,persona_juridica,0
P-31519,persona_juridica,0
N-37311,persona_natural,0
N-01676,persona_natural,0
N-26178,persona_natural,0
N-04510,persona_natural,0
P-27041,persona_juridica,0
P-51423,persona_juridica,0
P-48629,persona_juridica,0
N-15993,persona_natural,0
N-11468,persona_natural,0
P-37470,persona_juridica,0
P-20349,persona_juridica,0
N-27274,persona_natural,0
N-35732,persona_natural,0
P-12760,persona_juridica,0
P-34256,persona_juridica,0
N-08346,persona_natural,0
P-04097,persona_juridica,0
N-30494,persona_natural,0
P-00639,persona_juridica,0
P-10786,persona_juridica,0
N-35776,persona_natural,1
P-25956,persona_juridica,0
P-47639,persona_juridica,0
N-16831,persona_natural,1
N-26274,persona_natural,0
N-35047,persona_natural,0
UT-11912,union_temporal,0
P-21883,persona_juridica,0
P-29507,persona_juridica,0
P-08958,persona_juridica,1
P-16014,persona_juridica,0
P-37618,persona_juridica,0
N-04245,persona_natural,0
P-27714,persona_juridica,0
N-16629,persona_natural,0
N-13389,persona_natural,0
P-12673,persona_juridica,0
P-42264,persona_juridica,0
P-25875,persona_juridica,0
N-23472,persona_natural,0
N-03501,persona_natural,0
P-32532,persona_juridica,0
N-33238,persona_natural,0
P-25331,persona_juridica,0
N-23025,persona_natural,0
N-24750,persona_natural,0
P-08273,persona_juridica,0
N-10753,persona_natural,0
N-36853,persona_natural,0
N-17016,persona_natural,0
N-19664,persona_natural,0
P-05346,persona_juridica,0
P-41323,persona_juridica,0
P-47060,persona_juridica,0
N-36859,persona_natural,1
N-05776,persona_natural,0
P-11357,persona_juridica,1
N-25433,persona_natural,0
UT-42811,union_temporal,0
N-32308,persona_natural,0
N-25685,persona_natural,0
P-36211,persona_juridica,0
P-02270,persona_juridica,0
P-27763,persona_juridica,0
P-28551,persona_juridica,0
N-30247,persona_natural,0
N-05450,persona_natural,0
P-02817,persona_juridica,1
N-33774,persona_natural,0
P-49699,persona_juridica,1
UT-34254,union_temporal,0
P-46553,persona_juridica,0
N-02467,persona_natural,0
N-14628,persona_natural,0
P-10873,persona_juridica,0
P-00313,persona_juridica,0
N-28348,persona_natural,0
P-11837,persona_juridica,0
P-09375,persona_juridica,0
P-33239,persona_juridica,1
P-46968,persona_juridica,0
P-42624,persona_juridica,0
N-03985,persona_natural,0
P-11607,persona_juridica,0
P-17446,persona_juridica,0
N-31587,persona_natural,0
P-32848,persona_juridica,0
N-18424,persona_natural,0
P-33042,persona_juridica,0
N-31801,persona_natural,0
N-15987,persona_natural,1
N-14319,persona_natural,0
P-01040,persona_juridica,0
P-42423,persona_juridica,0
UT-15348,union_temporal,0
P-22343,persona_juridica,0
N-15851,persona_natural,0
P-40016,persona_juridica,0
P-49862,persona_juridica,1
N-05627,persona_natural,0
P-21754,persona_juridica,0
N-23836,persona_natural,0
P-44868,persona_juridica,0
P-43066,persona_juridica,0
P-18685,persona_juridica,1
UT-19408,union_temporal,0
P-28693,persona_juridica,0
P-42186,persona_juridica,0
P-00642,persona_juridica,0
N-28838,persona_natural,0
N-17584,persona_natural,0
N-37792,persona_natural,0
P-48079,persona_juridica,0
P-10552,persona_juridica,0
N-29444,persona_natural,0
UT-22037,union_temporal,0
P-48528,persona_juridica,0
N-33446,persona_natural,1
P-21133,persona_juridica,0
N-21629,persona_natural,0
N-23630,persona_natural,0
P-25976,persona_juridica,0
P-29675,persona_juridica,0
P-37071,persona_juridica,0
N-19912,persona_natural,0
P-44404,persona_juridica,0
P-09530,persona_juridica,0
P-48695,persona_juridica,0
P-21571,persona_juridica,0
P-13421,persona_juridica,0
N-33943,persona_natural,0
UT-32488,union_temporal,0
N-20217,persona_natural,0
P-05894,persona_juridica,0
P-26090,persona_juridica,0
UT-11110,union_temporal,0
N-27965,persona_natural,0
N-37358,persona_natural,0
N-24718,persona_natural,1
N-33452,persona_natural,0
N-00246,persona_natural,0
N-02619,persona_natural,0
N-06898,persona_natural,0
P-20769,persona_juridica,0
P-46918,persona_juridica,0
N-15589,persona_natural,0
P-22311,persona_juridica,0
N-10406,persona_natural,0
N-27416,persona_natural,0
N-21110,persona_natural,0
P-51020,persona_juridica,0
P-08648,persona_juridica,0
P-40779,persona_juridica,0
N-15013,persona_natural,0
UT-17293,union_temporal,0
P-02733,persona_juridica,0
P-14987,persona_juridica,0
N-22666,persona_natural,1
UT-22563,union_temporal,0
N-20858,persona_natural,0
UT-6143,union_temporal,0
P-33082,persona_juridica,1
P-23125,persona_juridica,0
N-19045,persona_natural,0
P-48248,persona_juridica,0
N-04332,persona_natural,0
P-05695,persona_juridica,0
N-08001,persona_natural,0
P-43724,persona_juridica,0
N-08032,persona_natural,0
P-29704,persona_juridica,0
P-44483,persona_juridica,1
N-17825,persona_natural,0
P-19971,persona_juridica,0
P-36887,persona_juridica,0
N-14013,persona_natural,0
P-19654,persona_juridica,0
N-10597,persona_natural,0
N-26781,persona_natural,0
N-27029,persona_natural,0
N-13807,persona_natural,1
P-12420,persona_juridica,1
N-30502,persona_natural,0
P-13326,persona_juridica,0
N-08222,persona_natural,0
N-24925,persona_natural,0
N-36343,persona_natural,0
P-42997,persona_juridica,0
P-35967,persona_juridica,0
P-41476,persona_juridica,0
N-21303,persona_natural,0
P-37555,persona_juridica,0
P-39332,persona_juridica,0
P-22373,persona_juridica,0
N-00350,persona_natural,0
P-44691,persona_juridica,0
P-08918,persona_juridica,0
P-08706,persona_juridica,0
N-09035,persona_natural,0
P-43453,persona_juridica,0
N-26717,persona_natural,0
N-12321,persona_natural,0
N-24323,persona_natural,0
N-25118,persona_natural,0
N-07265,persona_natural,0
UT-30009,union_temporal,0
UT-5623,union_temporal,0
P-12909,persona_juridica,0
P-18459,persona_juridica,0
N-06871,persona_natural,0
N-28303,persona_natural,0
P-37567,persona_juridica,0
P-26599,persona_juridica,0
P-20123,persona_juridica,0
N-36696,persona_natural,0
UT-32652,union_temporal,0
N-16010,persona_natural,0
P-16022,persona_juridica,0
N-12965,persona_natural,0
P-30188,persona_juridica,0
P-14801,persona_juridica,0
P-11073,persona_juridica,0
N-13435,persona_natural,0
P-11331,persona_juridica,0
N-23010,persona_natural,0
P-31218,persona_juridica,1
N-06863,persona_natural,1
P-42587,persona_juridica,0
P-42534,persona_juridica,0
P-26197,persona_juridica,0
N-02193,persona_natural,1
N-14132,persona_natural,0
P-14550,persona_juridica,0
P-50263,persona_juridica,0
P-43267,persona_juridica,0
UT-21160,union_temporal,0
N-08061,persona_natural,0
N-16318,persona_natural,0
P-42890,persona_juridica,0
P-13549,persona_juridica,0
N-11918,persona_natural,1
P-50507,persona_juridica,0
N-13222,persona_natural,0
P-09647,persona_juridica,0
N-25039,persona_natural,0
UT-1097,union_temporal,0
N-22270,persona_natural,0
P-15217,persona_juridica,0
N-04783,persona_natural,0
P-43874,persona_juridica,0
UT-6473,union_temporal,0
P-14964,persona_juridica,0
P-39715,persona_juridica,0
N-12115,persona_natural,0
N-08627,persona_natural,0
N-33224,persona_natural,1
N-10760,persona_natural,0
P-24793,persona_juridica,0
P-00141,persona_juridica,0
N-09879,persona_natural,0
P-41385,persona_juridica,0
P-38791,persona_juridica,0
UT-27359,union_temporal,0
P-18824,persona_juridica,1
P-47028,persona_juridica,0
N-22675,persona_natural,0
P-15970,persona_juridica,0
N-17944,persona_natural,0
P-16112,persona_juridica,0
P-40486,persona_juridica,0
P-22934,persona_juridica,0
P-39998,persona_juridica,0
UT-6314,union_temporal,0
N-26356,persona_natural,0
N-25544,persona_natural,1
N-23464,persona_natural,0
N-29678,persona_natural,0
N-23593,persona_natural,0
P-39078,persona_juridica,0
N-10809,persona_natural,1
UT-9084,union_temporal,0
N-36210,persona_natural,1
P-46461,persona_juridica,0
P-08917,persona_juridica,0
UT-26997,union_temporal,0
P-48809,persona_juridica,0
N-18036,persona_natural,1
P-40411,persona_juridica,0
P-24320,persona_juridica,1
N-32349,persona_natural,0
N-35427,persona_natural,0
N-29018,persona_natural,0
N-28537,persona_natural,0
N-15813,persona_natural,0
N-35872,persona_natural,0
N-10534,persona_natural,0
P-32089,persona_juridica,0
P-28529,persona_juridica,0
P-25089,persona_juridica,0
N-09894,persona_natural,0
P-23982,persona_juridica,0
P-44441,persona_juridica,1
P-46919,persona_juridica,0
P-33983,persona_juridica,0
N-02071,persona_natural,0
P-42111,persona_juridica,0
N-17346,persona_natural,0
N-15831,persona_natural,0
P-32330,persona_juridica,0
N-02416,persona_natural,0
P-40667,persona_juridica,0
N-12062,persona_natural,0
N-37932,persona_natural,0
N-36188,persona_natural,0
N-12120,persona_natural,0
P-00830,persona_juridica,0
P-04048,persona_juridica,0
N-34439,persona_natural,0
P-32311,persona_juridica,0
P-31807,persona_juridica,0
P-10443,persona_juridica,0
N-30742,persona_natural,0
P-15335,persona_juridica,0
P-44348,persona_juridica,1
P-29865,persona_juridica,1
P-13625,persona_juridica,0
P-01462,persona_juridica,0
N-09097,persona_natural,0
P-05449,persona_juridica,0
P-43881,persona_juridica,0
P-09798,persona_juridica,1
P-44563,persona_juridica,0
UT-31655,union_temporal,0
N-23433,persona_natural,0
N-16325,persona_natural,0
P-12639,persona_juridica,0
N-11644,persona_natural,0
P-05181,persona_juridica,0
P-41829,persona_juridica,0
P-46390,persona_juridica,0
N-20686,persona_natural,0
N-09824,persona_natural,0
P-29259,persona_juridica,0
UT-29586,union_temporal,0
P-25796,persona_juridica,0
UT-33314,union_temporal,0
N-10825,persona_natural,0
P-18421,persona_juridica,0
P-37198,persona_juridica,1
P-16449,persona_juridica,0
P-23670,persona_juridica,0
P-10800,persona_juridica,0
N-10382,persona_natural,0
P-22956,persona_juridica,0
N-04468,persona_natural,0
P-14708,persona_juridica,0
P-28140,persona_juridica,0
P-13051,persona_juridica,0
N-27446,persona_natural,0
UT-25963,union_temporal,0
N-10375,persona_natural,0
P-35867,persona_juridica,1
N-37010,persona_natural,0
P-32891,persona_juridica,0
N-30667,persona_natural,0
N-07063,persona_natural,0
N-34655,persona_natural,0
N-04372,persona_natural,1
P-29064,persona_juridica,0
N-22640,persona_natural,1
P-27223,persona_juridica,0
P-11774,persona_juridica,0
P-40996,persona_juridica,0
N-30635,persona_natural,0
P-31490,persona_juridica,0
P-43703,persona_juridica,0
N-32353,persona_natural,0
UT-1201,union_temporal,0
N-29323,persona_natural,1
N-01017,persona_natural,0
P-15228,persona_juridica,0
N-13516,persona_natural,0
N-30286,persona_natural,0
N-27320,persona_natural,0
N-06933,persona_natural,0
N-36184,persona_natural,0
UT-44687,union_temporal,0
P-01947,persona_juridica,0
N-28339,persona_natural,1
P-06364,persona_juridica,0
P-50329,persona_juridica,0
UT-45928,union_temporal,0
N-35174,persona_natural,0
P-23900,persona_juridica,0
N-31472,persona_natural,0
P-25559,persona_juridica,0
P-49074,persona_juridica,0
P-28247,persona_juridica,0
N-02225,persona_natural,0
P-31400,persona_juridica,0
N-19566,persona_natural,0
P-13708,persona_juridica,0
N-24062,persona_natural,0
N-05925,persona_natural,0
UT-31983,union_temporal,0
P-14235,persona_juridica,0
P-51391,persona_juridica,0
P-18427,persona_juridica,0
P-32138,persona_juridica,0
P-14844,persona_juridica,0
UT-23395,union_temporal,0
N-16551,persona_natural,0
N-08031,persona_natural,0
N-04457,persona_natural,0
P-08385,persona_juridica,0
N-34007,persona_natural,0
P-24049,persona_juridica,0
P-21984,persona_juridica,1
N-23794,persona_natural,0
UT-23151,union_temporal,0
P-11383,persona_juridica,0
P-14242,persona_juridica,0
N-29527,persona_natural,0
N-05605,persona_natural,0
N-07345,persona_natural,1
P-10331,persona_juridica,0
P-44659,persona_juridica,0
P-04331,persona_juridica,0
P-36715,persona_juridica,0
P-00067,persona_juridica,0
P-29853,persona_juridica,0
P-13278,persona_juridica,0
N-29763,persona_natural,0
N-20073,persona_natural,0
P-19106,persona_juridica,0
N-23234,persona_natural,0
P-20535,persona_juridica,0
UT-31093,union_temporal,0
N-25741,persona_natural,0
N-11056,persona_natural,0
N-17492,persona_natural,0
P-31906,persona_juridica,0
N-07503,persona_natural,1
P-20998,persona_juridica,0
N-12787,persona_natural,0
N-36032,persona_natural,0
P-45957,persona_juridica,0
P-31659,persona_juridica,0
P-51300,persona_juridica,0
P-32845,persona_juridica,0
N-13471,persona_natural,0
N-01890,persona_natural,0
P-33943,persona_juridica,0
N-28214,persona_natural,0
N-11531,persona_natural,0
P-30685,persona_juridica,0
P-01353,persona_juridica,0
P-46541,persona_juridica,0
P-05350,persona_juridica,0
N-29888,persona_natural,0
P-08916,persona_juridica,0
UT-37104,union_temporal,0
N-10269,persona_natural,0
P-25750,persona_juridica,0
UT-18541,union_temporal,0
P-37963,persona_juridica,0
N-05182,persona_natural,0
UT-25309,union_temporal,0
P-12771,persona_juridica,0
P-30994,persona_juridica,0
P-36412,persona_juridica,0
P-27541,persona_juridica,0
P-34404,persona_juridica,0
N-19894,persona_natural,0
P-14040,persona_juridica,1
P-06389,persona_juridica,0
N-31481,persona_natural,0
P-35303,persona_juridica,1
N-15065,persona_natural,0
P-29761,persona_juridica,1
N-29316,persona_natural,1
P-22458,persona_juridica,0
P-41619,persona_juridica,1
UT-25836,union_temporal,0
N-04038,persona_natural,0
P-17392,persona_juridica,0
P-40273,persona_juridica,0
P-22121,persona_juridica,0
P-45005,persona_juridica,0
P-14555,persona_juridica,0
UT-2130,union_temporal,0
P-11353,persona_juridica,0
P-14137,persona_juridica,0
N-34720,persona_natural,0
N-10964,persona_natural,1
P-01050,persona_juridica,0
P-29665,persona_juridica,0
P-48243,persona_juridica,0
N-14340,persona_natural,0
N-32923,persona_natural,0
P-29561,persona_juridica,0
P-41269,persona_juridica,0
UT-36841,union_temporal,0
P-09557,persona_juridica,0
P-28480,persona_juridica,0
P-13410,persona_juridica,0
UT-8237,union_temporal,0
P-01295,persona_juridica,0
P-45990,persona_juridica,0
P-27552,persona_juridica,0
P-49499,persona_juridica,0
N-13444,persona_natural,0
P-13656,persona_juridica,0
N-32808,persona_natural,0
P-05851,persona_juridica,1
P-03892,persona_juridica,0
P-15457,persona_juridica,0
N-10108,persona_natural,0
UT-18113,union_temporal,0
P-32451,persona_juridica,0
N-33171,persona_natural,0
N-34397,persona_natural,0
P-19611,persona_juridica,0
UT-33549,union_temporal,0
N-29351,persona_natural,0
P-20176,persona_juridica,0
UT-27814,union_temporal,0
N-30220,persona_natural,0
P-39863,persona_juridica,0
N-01127,persona_natural,0
P-21810,persona_juridica,1
P-03242,persona_juridica,0
P-41641,persona_juridica,0
UT-32212,union_temporal,0
P-26091,persona_juridica,0
P-22831,persona_juridica,0
P-26272,persona_juridica,0
N-21140,persona_natural,1
UT-42214,union_temporal,0
P-49959,persona_juridica,0
P-15482,persona_juridica,0
N-28744,persona_natural,0
N-21373,persona_natural,0
N-36122,persona_natural,0
UT-21187,union_temporal,0
UT-35714,union_temporal,0
UT-17308,union_temporal,0
UT-17647,union_temporal,0
N-06810,persona_natural,0
P-20721,persona_juridica,0
P-02507,persona_juridica,0
P-41649,persona_juridica,0
P-18363,persona_juridica,0
P-30640,persona_juridica,0
P-02034,persona_juridica,0
P-01811,persona_juridica,0
N-08185,persona_natural,0
P-44509,persona_juridica,1
N-02884,persona_natural,0
P-00302,persona_juridica,1
P-13353,persona_juridica,1
UT-44733,union_temporal,0
N-22278,persona_natural,0
N-13334,persona_natural,1
P-16725,persona_juridica,0
P-08150,persona_juridica,0
N-18472,persona_natural,0
P-46434,persona_juridica,0
P-14365,persona_juridica,0
P-42489,persona_juridica,0
P-45438,persona_juridica,0
N-18248,persona_natural,0
P-29161,persona_juridica,0
N-06890,persona_natural,0
N-32837,persona_natural,0
UT-19583,union_temporal,0
N-12347,persona_natural,0
P-24600,persona_juridica,0
N-22401,persona_natural,0
P-35376,persona_juridica,0
P-06458,persona_juridica,0
P-49777,persona_juridica,0
N-29899,persona_natural,0
P-09547,persona_juridica,0
N-05141,persona_natural,1
P-29645,persona_juridica,0
P-05250,persona_juridica,1
N-30781,persona_natural,0
UT-4785,union_temporal,0
P-22499,persona_juridica,1
UT-11258,union_temporal,0
N-28741,persona_natural,0
N-22900,persona_natural,0
P-20699,persona_juridica,0
P-07236,persona_juridica,0
P-00074,persona_juridica,0
UT-14718,union_temporal,0
P-07593,persona_juridica,1
UT-34127,union_temporal,0
UT-35841,union_temporal,0
N-08986,persona_natural,1
N-08686,persona_natural,0
P-42230,persona_juridica,1
UT-36777,union_temporal,0
P-21664,persona_juridica,1
N-00830,persona_natural,0
P-29959,persona_juridica,0
N-23052,persona_natural,0
N-22211,persona_natural,0
P-35295,persona_juridica,0
P-02819,persona_juridica,1
N-19390,persona_natural,1
N-18473,persona_natural,0
N-20828,persona_natural,0
N-22101,persona_natural,1
UT-19266,union_temporal,0
N-35845,persona_natural,0
N-08551,persona_natural,0
P-11397,persona_juridica,0
P-04072,persona_juridica,0
N-36112,persona_natural,0
N-04979,persona_natural,0
UT-15756,union_temporal,0
N-23780,persona_natural,0
N-35592,persona_natural,0
N-00341,persona_natural,1
N-36950,persona_natural,0
P-00456,persona_juridica,0
N-14913,persona_natural,0
P-25220,persona_juridica,0
N-33738,persona_natural,0
P-27657,persona_juridica,0
N-14177,persona_natural,1
N-29050,persona_natural,0
P-09291,persona_juridica,1
N-13109,persona_natural,0
P-23486,persona_juridica,0
P-23488,persona_juridica,0
N-21721,persona_natural,1
N-28399,persona_natural,0
P-22683,persona_juridica,0
N-25436,persona_natural,0
P-15817,persona_juridica,0
P-20722,persona_juridica,0
P-08545,persona_juridica,0
N-03357,persona_natural,0
N-18839,persona_natural,0
N-00033,persona_natural,1
P-09369,persona_juridica,1
P-50522,persona_juridica,0
P-30916,persona_juridica,1
N-35153,persona_natural,0
N-04908,persona_natural,0
N-25703,persona_natural,0
P-13001,persona_juridica,0
N-09513,persona_natural,0
N-27473,persona_natural,0
N-09908,persona_natural,0
N-14300,persona_natural,0
P-25262,persona_juridica,0
P-24110,persona_juridica,0
P-36273,persona_juridica,1
P-50257,persona_juridica,0
N-10592,persona_natural,0
N-21297,persona_natural,0
P-38203,persona_juridica,0
N-33386,persona_natural,0
N-18971,persona_natural,0
N-13790,persona_natural,0
N-19186,persona_natural,1
N-06476,persona_natural,0
P-42643,persona_juridica,0
N-16912,persona_natural,0
P-04276,persona_juridica,0
N-25661,persona_natural,0
UT-31996,union_temporal,0
N-34383,persona_natural,0
UT-31855,union_temporal,0
N-08359,persona_natural,0
N-01966,persona_natural,0
N-25812,persona_natural,1
N-37223,persona_natural,0
P-40417,persona_juridica,0
P-21063,persona_juridica,0
P-39285,persona_juridica,0
N-12433,persona_natural,0
N-25540,persona_natural,0
P-15252,persona_juridica,0
N-26614,persona_natural,0
N-35518,persona_natural,0
P-25687,persona_juridica,0
P-30505,persona_juridica,0
UT-0896,union_temporal,0
P-45949,persona_juridica,0
P-03479,persona_juridica,0
P-23534,persona_juridica,1
P-32507,persona_juridica,0
P-48922,persona_juridica,1
N-31562,persona_natural,0
N-25407,persona_natural,0
P-46578,persona_juridica,0
N-37800,persona_natural,0
UT-30115,union_temporal,0
P-07781,persona_juridica,0
N-00377,persona_natural,0
P-19274,persona_juridica,0
P-33865,persona_juridica,0
P-01852,persona_juridica,0
N-33551,persona_natural,0
P-12555,persona_juridica,0
P-12499,persona_juridica,1
P-02340,persona_juridica,0
P-17414,persona_juridica,0
UT-16254,union_temporal,0
P-27161,persona_juridica,0
N-16129,persona_natural,0
N-10021,persona_natural,0
N-07668,persona_natural,0
P-51324,persona_juridica,0
P-01965,persona_juridica,0
P-04473,persona_juridica,0
P-04974,persona_juridica,0
P-14599,persona_juridica,0
N-18332,persona_natural,0
P-48163,persona_juridica,0
P-28300,persona_juridica,0
N-23014,persona_natural,0
N-10945,persona_natural,0
N-07674,persona_natural,0
N-11083,persona_natural,0
P-18297,persona_juridica,0
UT-39712,union_temporal,0
P-17129,persona_juridica,0
P-15712,persona_juridica,0
N-16019,persona_natural,0
N-25080,persona_natural,0
N-00219,persona_natural,0
N-08945,persona_natural,0
N-23615,persona_natural,0
P-50942,persona_juridica,0
N-25718,persona_natural,0
N-23585,persona_natural,0
N-07568,persona_natural,0
P-44062,persona_juridica,0
P-41523,persona_juridica,1
P-30738,persona_juridica,0
UT-42699,union_temporal,0
N-34803,persona_natural,1
N-08012,persona_natural,0
P-03707,persona_juridica,0
N-11901,persona_natural,0
N-31940,persona_natural,1
P-51064,persona_juridica,1
P-45916,persona_juridica,0
N-33676,persona_natural,1
N-05332,persona_natural,0
UT-32740,union_temporal,0
P-16084,persona_juridica,0
P-11892,persona_juridica,0
P-00002,persona_juridica,0
N-17533,persona_natural,0
UT-31649,union_temporal,0
P-21881,persona_juridica,0
UT-36001,union_temporal,0
UT-19383,union_temporal,0
P-27256,persona_juridica,0
P-09724,persona_juridica,0
N-29935,persona_natural,0
P-36549,persona_juridica,0
N-20669,persona_natural,0
P-38803,persona_juridica,0
P-34741,persona_juridica,0
P-03812,persona_juridica,0
P-48278,persona_juridica,0
UT-31206,union_temporal,0
N-01000,persona_natural,0
N-33340,persona_natural,0
N-33133,persona_natural,0
P-49854,persona_juridica,0
P-10768,persona_juridica,0
N-10324,persona_natural,0
UT-18629,union_temporal,0
P-11422,persona_juridica,0
N-18219,persona_natural,0
UT-30570,union_temporal,0
N-07815,persona_natural,1
N-28527,persona_natural,0
N-05352,persona_natural,0
P-02205,persona_juridica,0
P-17623,persona_juridica,0
P-34419,persona_juridica,0
N-18212,persona_natural,0
P-46945,persona_juridica,0
P-30648,persona_juridica,0
N-17077,persona_natural,0
P-35572,persona_juridica,0
UT-22446,union_temporal,0
P-07340,persona_juridica,0
P-29617,persona_juridica,0
P-20286,persona_juridica,0
UT-26939,union_temporal,0
P-21555,persona_juridica,0
P-46800,persona_juridica,0
UT-42574,union_temporal,0
N-06859,persona_natural,0
N-04479,persona_natural,0
P-17927,persona_juridica,0
P-28498,persona_juridica,0
P-00974,persona_juridica,0
UT-1301,union_temporal,0
N-08288,persona_natural,1
N-24577,persona_natural,0
P-11871,persona_juridica,0
P-13769,persona_juridica,0
N-08499,persona_natural,0
P-36065,persona_juridica,0
N-27890,persona_natural,0
N-32266,persona_natural,0
P-18354,persona_juridica,0
P-48904,persona_juridica,0
N-15511,persona_natural,0
N-37820,persona_natural,0
UT-37586,union_temporal,0
N-00729,persona_natural,0
P-10605,persona_juridica,0
UT-30736,union_temporal,0
P-05296,persona_juridica,0
N-16934,persona_natural,0
P-38201,persona_juridica,1
UT-14977,union_temporal,0
P-10963,persona_juridica,0
UT-44240,union_temporal,0
P-28145,persona_juridica,0
P-23508,persona_juridica,0
P-12171,persona_juridica,0
UT-23035,union_temporal,0
P-49614,persona_juridica,1
P-12156,persona_juridica,0
P-02958,persona_juridica,0
P-14883,persona_juridica,0
P-19193,persona_juridica,0
P-01215,persona_juridica,0
N-36684,persona_natural,0
P-37910,persona_juridica,0
P-26722,persona_juridica,0
UT-3572,union_temporal,0
P-10258,persona_juridica,0
N-02007,persona_natural,0
P-32429,persona_juridica,0
P-34526,persona_juridica,0
N-35418,persona_natural,0
P-13296,persona_juridica,0
N-06962,persona_natural,0
P-50204,persona_juridica,0
N-05288,persona_natural,0
N-08205,persona_natural,0
N-37174,persona_natural,1
P-31314,persona_juridica,0
P-27149,persona_juridica,0
N-21294,persona_natural,0
P-20595,persona_juridica,1
UT-32635,union_temporal,0
P-05110,persona_juridica,0
P-41083,persona_juridica,0
N-24094,persona_natural,1
P-15365,persona_juridica,0
N-00202,persona_natural,0
N-20641,persona_natural,0
P-10479,persona_juridica,0
N-34369,persona_natural,0
UT-21912,union_temporal,0
N-14656,persona_natural,0
UT-45021,union_temporal,0
N-29494,persona_natural,0
P-02009,persona_juridica,0
P-48025,persona_juridica,0
N-22930,persona_natural,0
N-32974,persona_natural,0
P-47209,persona_juridica,0
P-16407,persona_juridica,0
N-21048,persona_natural,0
N-21733,persona_natural,0
N-07877,persona_natural,0
N-25822,persona_natural,0
P-00874,persona_juridica,0
P-12192,persona_juridica,0
P-47384,persona_juridica,0
N-32177,persona_natural,0
P-25632,persona_juridica,0
P-31888,persona_juridica,0
P-06016,persona_juridica,1
P-43900,persona_juridica,0
P-12004,persona_juridica,0
P-16811,persona_juridica,0
P-37867,persona_juridica,0
N-02661,persona_natural,0
N-03263,persona_natural,1
N-21464,persona_natural,1
N-33420,persona_natural,0
N-30094,persona_natural,0
N-09649,persona_natural,0
UT-19012,union_temporal,0
P-41256,persona_juridica,0
P-14571,persona_juridica,0
UT-25633,union_temporal,0
UT-11365,union_temporal,0
N-25679,persona_natural,0
P-47426,persona_juridica,0
UT-20735,union_temporal,0
UT-1026,union_temporal,0
N-17144,persona_natural,0
P-10405,persona_juridica,0
P-42123,persona_juridica,1
N-17551,persona_natural,1
N-01153,persona_natural,0
UT-37001,union_temporal,0
N-21786,persona_natural,0
N-19987,persona_natural,1
P-17263,persona_juridica,0
P-49992,persona_juridica,0
N-19760,persona_natural,0
N-06896,persona_natural,0
N-06666,persona_natural,0
N-36182,persona_natural,0
P-11264,persona_juridica,0
P-26112,persona_juridica,0
N-36564,persona_natural,0
N-22847,persona_natural,0
P-15988,persona_juridica,0
P-06117,persona_juridica,0
P-29716,persona_juridica,1
N-29000,persona_natural,0
N-05890,persona_natural,0
N-07066,persona_natural,0
UT-46256,union_temporal,0
P-13741,persona_juridica,1
P-10875,persona_juridica,0
N-19814,persona_natural,0
N-06631,persona_natural,0
P-50411,persona_juridica,1
N-13321,persona_natural,0
N-18724,persona_natural,0
P-47693,persona_juridica,0
N-08633,persona_natural,0
P-32892,persona_juridica,1
N-03894,persona_natural,0
N-11598,persona_natural,0
N-00192,persona_natural,0
P-35885,persona_juridica,0
P-19871,persona_juridica,0
UT-10543,union_temporal,0
N-18751,persona_natural,0
N-36780,persona_natural,0
N-23093,persona_natural,0
N-19317,persona_natural,0
P-33576,persona_juridica,0
P-26292,persona_juridica,0
P-21527,persona_juridica,0
N-05975,persona_natural,0
N-31469,persona_natural,0
N-15690,persona_natural,1
N-19595,persona_natural,0
P-51161,persona_juridica,0
P-10529,persona_juridica,0
UT-8592,union_temporal,0
N-35943,persona_natural,0
N-12842,persona_natural,0
P-14451,persona_juridica,0
P-18774,persona_juridica,0
UT-6788,union_temporal,0
N-14331,persona_natural,0
P-28377,persona_juridica,0
N-12077,persona_natural,0
P-32271,persona_juridica,1
P-06307,persona_juridica,1
N-26229,persona_natural,0
N-17041,persona_natural,0
UT-39491,union_temporal,0
N-16427,persona_natural,0
UT-3793,union_temporal,0
P-14799,persona_juridica,0
P-37953,persona_juridica,0
N-36037,persona_natural,0
P-39565,persona_juridica,0
P-29325,persona_juridica,0
P-26802,persona_juridica,0
P-38140,persona_juridica,0
P-49516,persona_juridica,0
P-45272,persona_juridica,0
P-34953,persona_juridica,0
P-16361,persona_juridica,0
N-06405,persona_natural,0
N-14798,persona_natural,1
P-12534,persona_juridica,0
N-20848,persona_natural,0
N-22567,persona_natural,0
N-03498,persona_natural,0
P-19847,persona_juridica,1
N-25144,persona_natural,0
UT-4430,union_temporal,0
P-30255,persona_juridica,1
N-12577,persona_natural,0
N-16655,persona_natural,0
N-31736,persona_natural,1
P-10834,persona_juridica,0
P-03937,persona_juridica,1
UT-43754,union_temporal,0
N-31187,persona_natural,0
P-18236,persona_juridica,0
P-35672,persona_juridica,0
UT-38551,union_temporal,0
P-41637,persona_juridica,0
N-27175,persona_natural,0
P-47173,persona_juridica,1
P-26221,persona_juridica,0
N-32188,persona_natural,0
P-48974,persona_juridica,0
N-20533,persona_natural,0
P-24805,persona_juridica,0
UT-21683,union_temporal,0
N-01355,persona_natural,0
P-21576,persona_juridica,0
P-26352,persona_juridica,0
N-35838,persona_natural,0
N-23123,persona_natural,0
N-34597,persona_natural,0
UT-38878,union_temporal,0
N-04106,persona_natural,0
P-04232,persona_juridica,0
N-01250,persona_natural,1
N-31240,persona_natural,0
N-27450,persona_natural,0
P-22104,persona_juridica,0
N-35983,persona_natural,0
UT-40584,union_temporal,0
N-07238,persona_natural,0
P-04876,persona_juridica,1
N-33135,persona_natural,0
P-07811,persona_juridica,0
P-45047,persona_juridica,0
P-34443,persona_juridica,0
N-22386,persona_natural,0
P-25865,persona_juridica,0
N-17853,persona_natural,0
P-01174,persona_juridica,0
N-23204,persona_natural,0
P-49149,persona_juridica,1
P-29234,persona_juridica,0
N-33707,persona_natural,0
N-18048,persona_natural,0
P-29054,persona_juridica,0
P-43362,persona_juridica,0
N-28777,persona_natural,0
N-28056,persona_natural,0
P-25693,persona_juridica,0
P-34234,persona_juridica,1
N-29144,persona_natural,1
P-33319,persona_juridica,0
N-02400,persona_natural,0
N-33350,persona_natural,0
N-23210,persona_natural,0
N-29524,persona_natural,0
P-02064,persona_juridica,0
P-40135,persona_juridica,0
P-14707,persona_juridica,0
N-05159,persona_natural,0
P-21573,persona_juridica,0
N-25523,persona_natural,0
P-05675,persona_juridica,1
P-50479,persona_juridica,0
P-28106,persona_juridica,0
P-07215,persona_juridica,1
P-03239,persona_juridica,0
N-20539,persona_natural,0
P-43266,persona_juridica,0
P-10452,persona_juridica,1
P-10333,persona_juridica,0
N-09481,persona_natural,0
UT-40908,union_temporal,0
P-34395,persona_juridica,0
N-31436,persona_natural,1
P-11711,persona_juridica,0
P-22322,persona_juridica,0
P-45454,persona_juridica,0
P-43532,persona_juridica,0
P-01614,persona_juridica,0
P-00698,persona_juridica,0
P-47995,persona_juridica,0
N-29327,persona_natural,0
N-08562,persona_natural,1
P-23694,persona_juridica,0
N-13891,persona_natural,0
P-31355,persona_juridica,0
N-15979,persona_natural,0
N-22995,persona_natural,1
P-27843,persona_juridica,0
N-09498,persona_natural,0
N-16742,persona_natural,0
P-43605,persona_juridica,0
P-40400,persona_juridica,0
P-45932,persona_juridica,0
P-07335,persona_juridica,0
N-19239,persona_natural,0
N-15305,persona_natural,0
UT-22024,union_temporal,0
N-12504,persona_natural,0
P-45153,persona_juridica,0
P-20696,persona_juridica,0
N-13506,persona_natural,0
P-16741,persona_juridica,0
N-00416,persona_natural,0
P-40470,persona_juridica,0
P-16662,persona_juridica,0
P-01922,persona_juridica,0
N-26125,persona_natural,1
N-34620,persona_natural,1
P-12740,persona_juridica,0
UT-23491,union_temporal,0
P-45399,persona_juridica,0
N-26406,persona_natural,0
P-35177,persona_juridica,0
P-29388,persona_juridica,0
UT-16808,union_temporal,0
P-44016,persona_juridica,0
N-06536,persona_natural,0
P-37845,persona_juridica,0
UT-13149,union_temporal,0
N-32757,persona_natural,0
P-36005,persona_juridica,0
P-10685,persona_juridica,1
P-14097,persona_juridica,0
UT-9456,union_temporal,0
P-18771,persona_juridica,0
P-37512,persona_juridica,1
P-08065,persona_juridica,0
N-18899,persona_natural,0
P-13335,persona_juridica,0
N-11685,persona_natural,0
N-15825,persona_natural,1
P-27192,persona_juridica,0
UT-33456,union_temporal,0
N-01452,persona_natural,1
N-22468,persona_natural,1
P-15105,persona_juridica,0
N-35721,persona_natural,1
N-08216,persona_natural,0
N-04407,persona_natural,0
UT-6725,union_temporal,0
P-25894,persona_juridica,0
P-16568,persona_juridica,1
P-35631,persona_juridica,0
P-23408,persona_juridica,0
P-13743,persona_juridica,0
N-23418,persona_natural,0
P-51253,persona_juridica,0
P-07389,persona_juridica,0
P-41605,persona_juridica,0
P-46498,persona_juridica,0
N-04959,persona_natural,0
N-17122,persona_natural,0
P-15054,persona_juridica,0
P-24366,persona_juridica,0
P-37973,persona_juridica,0
N-25151,persona_natural,0
P-22251,persona_juridica,1
P-34394,persona_juridica,0
UT-40111,union_temporal,0
N-31179,persona_natural,0
P-45689,persona_juridica,0
N-12985,persona_natural,0
P-23463,persona_juridica,0
P-41998,persona_juridica,1
P-23216,persona_juridica,0
P-22358,persona_juridica,0
N-20069,persona_natural,0
N-30550,persona_natural,0
P-10334,persona_juridica,0
N-36534,persona_natural,0
N-20056,persona_natural,0
N-26429,persona_natural,0
P-07953,persona_juridica,0
N-35651,persona_natural,1
P-37202,persona_juridica,0
N-16949,persona_natural,0
P-49221,persona_juridica,0
P-18414,persona_juridica,0
N-14756,persona_natural,0
P-38351,persona_juridica,0
P-30366,persona_juridica,0
N-30348,persona_natural,0
P-49859,persona_juridica,0
N-30505,persona_natural,0
P-06394,persona_juridica,0
N-30114,persona_natural,1
N-22307,persona_natural,0
N-33008,persona_natural,0
N-33502,persona_natural,0
N-16229,persona_natural,0
N-13125,persona_natural,0
P-39844,persona_juridica,0
P-22514,persona_juridica,0
N-35921,persona_natural,0
N-30073,persona_natural,1
P-45043,persona_juridica,0
N-13876,persona_natural,0
P-39931,persona_juridica,1
P-06653,persona_juridica,1
P-28920,persona_juridica,0
N-32511,persona_natural,0
P-33454,persona_juridica,0
N-33022,persona_natural,0
N-19344,persona_natural,1
P-43284,persona_juridica,0
P-39301,persona_juridica,0
N-25265,persona_natural,0
P-37711,persona_juridica,0
P-48197,persona_juridica,0
P-41768,persona_juridica,0
P-07163,persona_juridica,1
N-31438,persona_natural,0
P-34335,persona_juridica,0
P-28537,persona_juridica,0
N-02166,persona_natural,0
N-16398,persona_natural,0
P-00373,persona_juridica,0
P-47870,persona_juridica,0
P-50653,persona_juridica,0
P-47578,persona_juridica,0
P-21568,persona_juridica,0
P-48852,persona_juridica,0
N-12429,persona_natural,0
N-16582,persona_natural,0
P-31414,persona_juridica,0
P-42092,persona_juridica,0
P-16852,persona_juridica,0
N-28398,persona_natural,0
P-35403,persona_juridica,0
P-06640,persona_juridica,0
N-37356,persona_natural,0
P-10065,persona_juridica,0
N-01940,persona_natural,0
N-08465,persona_natural,0
P-24694,persona_juridica,0
P-17017,persona_juridica,0
N-01737,persona_natural,0
N-33084,persona_natural,0
N-30834,persona_natural,0
P-28569,persona_juridica,0
N-35914,persona_natural,0
N-05583,persona_natural,0
P-40747,persona_juridica,0
N-08725,persona_natural,0
P-28070,persona_juridica,0
P-21357,persona_juridica,0
P-41594,persona_juridica,0
P-41928,persona_juridica,0
P-14753,persona_juridica,0
P-11787,persona_juridica,0
P-04242,persona_juridica,0
P-41920,persona_juridica,0
P-30760,persona_juridica,0
N-23913,persona_natural,0
P-18458,persona_juridica,0
P-02638,persona_juridica,0
P-20575,persona_juridica,0
UT-19947,union_temporal,0
P-05952,persona_juridica,0
N-02568,persona_natural,0
P-44443,persona_juridica,0
P-50623,persona_juridica,1
P-46273,persona_juridica,0
P-40391,persona_juridica,0
N-32160,persona_natural,0
P-02496,persona_juridica,0
P-25335,persona_juridica,0
N-23933,persona_natural,0
P-08633,persona_juridica,0
P-50712,persona_juridica,0
P-35144,persona_juridica,0
P-03520,persona_juridica,0
UT-28391,union_temporal,0
P-33636,persona_juridica,1
P-09383,persona_juridica,0
P-19771,persona_juridica,0
P-10212,persona_juridica,0
N-22704,persona_natural,0
N-19341,persona_natural,0
N-32421,persona_natural,0
N-26755,persona_natural,0
P-17718,persona_juridica,1
N-26889,persona_natural,0
P-27420,persona_juridica,0
P-18207,persona_juridica,0
P-16861,persona_juridica,0
P-25564,persona_juridica,0
P-49076,persona_juridica,0
P-50692,persona_juridica,0
N-25329,persona_natural,0
P-27987,persona_juridica,1
P-16063,persona_juridica,0
P-26860,persona_juridica,1
P-02124,persona_juridica,0
UT-25107,union_temporal,0
N-28047,persona_natural,0
P-08458,persona_juridica,0
N-22342,persona_natural,0
P-24947,persona_juridica,1
P-31017,persona_juridica,0
P-50945,persona_juridica,1
P-00748,persona_juridica,0
UT-9043,union_temporal,0
UT-11602,union_temporal,0
P-11968,persona_juridica,0
N-13899,persona_natural,0
UT-44218,union_temporal,0
N-18467,persona_natural,0
N-17626,persona_natural,0
P-44120,persona_juridica,0
N-24562,persona_natural,0
N-11173,persona_natural,0
N-14380,persona_natural,0
P-00154,persona_juridica,0
N-00804,persona_natural,1
P-22321,persona_juridica,0
P-25185,persona_juridica,0
P-21349,persona_juridica,0
N-31998,persona_natural,0
N-16231,persona_natural,0
N-21037,persona_natural,1
P-12009,persona_juridica,0
N-23954,persona_natural,1
P-31091,persona_juridica,1
N-06278,persona_natural,0
N-21145,persona_natural,0
P-02562,persona_juridica,0
P-32266,persona_juridica,0
N-20712,persona_natural,0
N-33286,persona_natural,0
N-25776,persona_natural,1
P-19387,persona_juridica,0
P-44261,persona_juridica,0
P-37566,persona_juridica,0
P-16864,persona_juridica,0
P-48132,persona_juridica,0
P-28877,persona_juridica,0
N-22072,persona_natural,0
N-09538,persona_natural,0
P-14960,persona_juridica,0
P-04344,persona_juridica,0
N-23378,persona_natural,0
P-22737,persona_juridica,0
N-24188,persona_natural,0
N-06953,persona_natural,1
N-30362,persona_natural,0
P-50459,persona_juridica,0
N-36293,persona_natural,0
P-21825,persona_juridica,1
P-39492,persona_juridica,0
UT-7307,union_temporal,0
UT-34902,union_temporal,0
UT-25432,union_temporal,0
P-40882,persona_juridica,0
N-37819,persona_natural,0
P-30294,persona_juridica,0
N-28734,persona_natural,0
N-08464,persona_natural,0
P-19976,persona_juridica,0
P-28549,persona_juridica,0
UT-11356,union_temporal,0
P-17749,persona_juridica,0
N-06005,persona_natural,1
P-26937,persona_juridica,0
P-35246,persona_juridica,0
N-20601,persona_natural,0
N-03405,persona_natural,0
P-26768,persona_juridica,0
P-44791,persona_juridica,0
P-02221,persona_juridica,0
N-19407,persona_natural,0
N-10312,persona_natural,0
P-27069,persona_juridica,0
P-42101,persona_juridica,0
P-06919,persona_juridica,0
N-13390,persona_natural,0
N-28955,persona_natural,0
P-51340,persona_juridica,0
N-00616,persona_natural,0
P-20165,persona_juridica,0
N-19802,persona_natural,0
P-11670,persona_juridica,1
UT-29598,union_temporal,0
N-00599,persona_natural,0
P-38743,persona_juridica,1
P-31777,persona_juridica,0
N-11669,persona_natural,0
P-00802,persona_juridica,1
UT-28017,union_temporal,0
N-36377,persona_natural,1
N-28396,persona_natural,0
N-26741,persona_natural,0
N-30269,persona_natural,0
P-47427,persona_juridica,0
P-28972,persona_juridica,0
N-18208,persona_natural,0
P-31745,persona_juridica,0
P-11481,persona_juridica,0
N-03424,persona_natural,1
N-02820,persona_natural,0
P-07661,persona_juridica,1
P-07159,persona_juridica,0
N-27534,persona_natural,0
N-02723,persona_natural,1
N-26367,persona_natural,0
P-14487,persona_juridica,1
P-40500,persona_juridica,0
P-27354,persona_juridica,0
N-15713,persona_natural,0
N-14903,persona_natural,0
P-07395,persona_juridica,0
P-38172,persona_juridica,1
P-05700,persona_juridica,0
P-51389,persona_juridica,0
N-27970,persona_natural,0
N-20825,persona_natural,0
P-37708,persona_juridica,0
P-38121,persona_juridica,0
UT-43909,union_temporal,0
P-27628,persona_juridica,0
P-24315,persona_juridica,0
P-07690,persona_juridica,0
N-12507,persona_natural,0
P-41639,persona_juridica,0
N-28849,persona_natural,0
P-27070,persona_juridica,0
N-28251,persona_natural,0
N-28498,persona_natural,0
P-19683,persona_juridica,1
P-22939,persona_juridica,0
N-27340,persona_natural,0
P-27360,persona_juridica,0
N-23420,persona_natural,0
P-07026,persona_juridica,0
P-43271,persona_juridica,0
P-29287,persona_juridica,1
N-00404,persona_natural,0
N-25230,persona_natural,0
N-07808,persona_natural,0
N-26628,persona_natural,0
P-12963,persona_juridica,0
P-47673,persona_juridica,1
P-05273,persona_juridica,0
N-25391,persona_natural,0
N-27423,persona_natural,0
P-22944,persona_juridica,0
P-05717,persona_juridica,0
P-47420,persona_juridica,0
P-17657,persona_juridica,0
UT-27526,union_temporal,0
N-07566,persona_natural,0
N-33199,persona_natural,0
P-28344,persona_juridica,0
N-08587,persona_natural,0
N-34607,persona_natural,0
N-24780,persona_natural,1
P-16658,persona_juridica,0
N-28312,persona_natural,0
P-48044,persona_juridica,0
P-21955,persona_juridica,0
N-09987,persona_natural,0
N-16270,persona_natural,0
N-33720,persona_natural,0
P-15084,persona_juridica,0
N-21236,persona_natural,0
N-36605,persona_natural,0
N-02353,persona_natural,0
UT-13142,union_temporal,0
N-13099,persona_natural,0
N-14085,persona_natural,0
N-04130,persona_natural,0
N-06347,persona_natural,1
N-25587,persona_natural,0
P-34790,persona_juridica,0
N-04250,persona_natural,0
P-22946,persona_juridica,0
P-47471,persona_juridica,0
N-11917,persona_natural,0
N-02861,persona_natural,0
P-03295,persona_juridica,0
P-06232,persona_juridica,0
UT-40563,union_temporal,0
P-38132,persona_juridica,1
P-42452,persona_juridica,1
P-29037,persona_juridica,0
N-10284,persona_natural,0
N-03517,persona_natural,0
N-26767,persona_natural,0
N-33360,persona_natural,1
P-21713,persona_juridica,0
N-23729,persona_natural,0
N-03748,persona_natural,0
UT-8086,union_temporal,0
N-09648,persona_natural,0
P-26545,persona_juridica,0
N-12737,persona_natural,0
P-45196,persona_juridica,0
N-21925,persona_natural,0
P-43146,persona_juridica,0
N-30743,persona_natural,0
N-35063,persona_natural,0
N-34219,persona_natural,0
N-12333,persona_natural,0
P-01708,persona_juridica,0
P-00354,persona_juridica,0
N-19146,persona_natural,0
P-42656,persona_juridica,0
P-00823,persona_juridica,0
P-47433,persona_juridica,0
N-18141,persona_natural,1
P-01414,persona_juridica,0
P-49292,persona_juridica,0
N-35224,persona_natural,0
P-01935,persona_juridica,0
UT-25583,union_temporal,0
N-36975,persona_natural,0
N-37573,persona_natural,0
N-22224,persona_natural,0
UT-22755,union_temporal,0
N-02604,persona_natural,0
N-01158,persona_natural,0
P-43821,persona_juridica,0
UT-11335,union_temporal,0
N-29160,persona_natural,1
P-09324,persona_juridica,0
P-24035,persona_juridica,0
P-28832,persona_juridica,0
N-14140,persona_natural,0
N-20971,persona_natural,0
P-22447,persona_juridica,0
P-33783,persona_juridica,0
N-09924,persona_natural,0
P-41695,persona_juridica,0
P-10536,persona_juridica,0
P-24314,persona_juridica,0
P-38761,persona_juridica,0
P-31846,persona_juridica,0
P-08180,persona_juridica,0
P-28032,persona_juridica,1
N-09378,persona_natural,0
N-25332,persona_natural,0
P-12908,persona_juridica,1
P-11921,persona_juridica,1
N-11587,persona_natural,0
P-02376,persona_juridica,0
N-30578,persona_natural,0
N-30507,persona_natural,0
P-12172,persona_juridica,0
P-27012,persona_juridica,0
P-36364,persona_juridica,0
N-19455,persona_natural,0
P-50272,persona_juridica,0
P-00448,persona_juridica,0
N-12394,persona_natural,0
P-22541,persona_juridica,0
N-26765,persona_natural,0
N-16296,persona_natural,0
N-10495,persona_natural,0
N-27281,persona_natural,0
P-18984,persona_juridica,1
N-26942,persona_natural,0
P-47165,persona_juridica,0
N-23034,persona_natural,0
N-16040,persona_natural,0
P-18697,persona_juridica,0
N-23397,persona_natural,0
P-22717,persona_juridica,0
P-31041,persona_juridica,0
N-29093,persona_natural,0
P-18392,persona_juridica,0
P-48532,persona_juridica,0
UT-14808,union_temporal,0
N-23530,persona_natural,0
P-32951,persona_juridica,0
P-02045,persona_juridica,0
N-37000,persona_natural,0
P-26129,persona_juridica,0
P-10516,persona_juridica,0
N-10567,persona_natural,0
N-11746,persona_natural,0
N-26175,persona_natural,0
N-19687,persona_natural,1
UT-12270,union_temporal,0
N-08120,persona_natural,0
P-03146,persona_juridica,0
P-43699,persona_juridica,0
UT-16488,union_temporal,0
UT-41289,union_temporal,0
N-21254,persona_natural,0
UT-2113,union_temporal,0
UT-41200,union_temporal,0
P-43866,persona_juridica,1
N-26722,persona_natural,1
P-10371,persona_juridica,0
P-06529,persona_juridica,0
P-44520,persona_juridica,0
P-09401,persona_juridica,1
N-17087,persona_natural,0
P-47010,persona_juridica,0
N-10016,persona_natural,1
P-41646,persona_juridica,0
P-39033,persona_juridica,0
N-02313,persona_natural,0
P-18547,persona_juridica,0
P-43781,persona_juridica,0
N-14080,persona_natural,0
N-06196,persona_natural,0
UT-36973,union_temporal,0
N-30566,persona_natural,0
N-28177,persona_natural,0
P-43309,persona_juridica,0
N-23402,persona_natural,0
P-38845,persona_juridica,0
P-31134,persona_juridica,0
N-02008,persona_natural,0
N-01892,persona_natural,1
P-27053,persona_juridica,0
P-10253,persona_juridica,0
P-07480,persona_juridica,0
P-23288,persona_juridica,0
P-16559,persona_juridica,0
P-35503,persona_juridica,1
N-33996,persona_natural,0
N-09644,persona_natural,0
N-37473,persona_natural,0
N-04444,persona_natural,0
N-09268,persona_natural,0
N-22354,persona_natural,0
P-13359,persona_juridica,0
N-16820,persona_natural,0
P-06150,persona_juridica,0
P-50654,persona_juridica,0
N-31289,persona_natural,0
P-46445,persona_juridica,0
P-25982,persona_juridica,0
UT-38142,union_temporal,0
N-27391,persona_natural,0
N-19116,persona_natural,0
P-38534,persona_juridica,0
P-51374,persona_juridica,0
N-33089,persona_natural,0
N-29110,persona_natural,0
P-31420,persona_juridica,0
N-31317,persona_natural,0
P-48882,persona_juridica,0
UT-28026,union_temporal,0
P-42536,persona_juridica,0
UT-43108,union_temporal,0
P-00910,persona_juridica,0
P-18168,persona_juridica,0
N-03649,persona_natural,0
P-24216,persona_juridica,1
N-09622,persona_natural,0
P-10394,persona_juridica,0
N-12525,persona_natural,0
N-09709,persona_natural,0
N-26171,persona_natural,0
N-35231,persona_natural,0
N-20849,persona_natural,0
N-32008,persona_natural,0
P-41675,persona_juridica,0
P-39887,persona_juridica,0
N-03164,persona_natural,0
P-03080,persona_juridica,0
UT-37226,union_temporal,0
N-04118,persona_natural,0
P-27802,persona_juridica,0
N-32088,persona_natural,0
UT-37629,union_temporal,0
N-01146,persona_natural,0
N-00269,persona_natural,0
N-09579,persona_natural,0
N-34670,persona_natural,0
P-32714,persona_juridica,0
N-17698,persona_natural,1
N-03267,persona_natural,0
UT-17579,union_temporal,0
P-22566,persona_juridica,1
P-38547,persona_juridica,0
N-07047,persona_natural,0
UT-4641,union_temporal,0
P-01469,persona_juridica,0
P-06571,persona_juridica,0
UT-17518,union_temporal,0
P-50801,persona_juridica,0
N-15062,persona_natural,0
UT-2941,union_temporal,0
N-17842,persona_natural,0
N-13916,persona_natural,0
N-06464,persona_natural,0
N-32979,persona_natural,0
N-33582,persona_natural,0
N-13135,persona_natural,0
N-30768,persona_natural,0
UT-18245,union_temporal,0
P-05979,persona_juridica,0
N-03695,persona_natural,0
P-41615,persona_juridica,0
N-29848,persona_natural,0
P-41302,persona_juridica,0
P-02461,persona_juridica,0
P-36766,persona_juridica,0
N-12228,persona_natural,1
N-28719,persona_natural,0
P-11497,persona_juridica,1
N-18997,persona_natural,0
P-40086,persona_juridica,0
N-25902,persona_natural,0
P-43657,persona_juridica,0
N-36204,persona_natural,0
P-25882,persona_juridica,0
UT-43205,union_temporal,0
P-38844,persona_juridica,0
P-10689,persona_juridica,0
P-06675,persona_juridica,0
P-32382,persona_juridica,0
UT-23730,union_temporal,0
P-18269,persona_juridica,0
UT-3428,union_temporal,0
N-07319,persona_natural,0
N-22332,persona_natural,0
N-16679,persona_natural,0
N-03091,persona_natural,0
P-50813,persona_juridica,0
N-33516,persona_natural,0
N-13354,persona_natural,0
N-34296,persona_natural,0
N-36768,persona_natural,0
N-00154,persona_natural,0
P-26415,persona_juridica,0
P-41903,persona_juridica,0
N-32222,persona_natural,0
P-27417,persona_juridica,0
N-32816,persona_natural,0
N-04146,persona_natural,0
N-19951,persona_natural,0
P-22101,persona_juridica,0
UT-9230,union_temporal,0
N-26775,persona_natural,0
P-39345,persona_juridica,0
P-39274,persona_juridica,0
P-05985,persona_juridica,0
N-36361,persona_natural,0
P-00323,persona_juridica,1
N-07027,persona_natural,0
P-50591,persona_juridica,0
UT-16607,union_temporal,0
P-38831,persona_juridica,0
P-18520,persona_juridica,1
UT-29218,union_temporal,0
N-10162,persona_natural,1
N-25688,persona_natural,0
N-34282,persona_natural,0
P-48973,persona_juridica,0
N-20415,persona_natural,0
P-20326,persona_juridica,0
UT-44015,union_temporal,0
N-14686,persona_natural,0
N-22068,persona_natural,0
N-31575,persona_natural,0
P-18625,persona_juridica,0
N-09259,persona_natural,0
N-06749,persona_natural,0
P-18069,persona_juridica,0
P-36589,persona_juridica,0
P-18098,persona_juridica,0
P-08771,persona_juridica,0
N-15414,persona_natural,0
N-23688,persona_natural,1
N-07813,persona_natural,0
P-44088,persona_juridica,1
P-23371,persona_juridica,0
N-22381,persona_natural,0
N-21995,persona_natural,0
P-22252,persona_juridica,0
P-33007,persona_juridica,0
N-19098,persona_natural,0
UT-15753,union_temporal,0
P-40812,persona_juridica,0
P-35435,persona_juridica,0
P-44628,persona_juridica,0
P-15471,persona_juridica,1
P-13691,persona_juridica,0
P-26379,persona_juridica,0
P-12098,persona_juridica,0
N-08955,persona_natural,0
P-13406,persona_juridica,0
N-09536,persona_natural,0
P-27480,persona_juridica,0
N-30584,persona_natural,0
P-17754,persona_juridica,1
N-32356,persona_natural,0
P-41473,persona_juridica,0
N-07481,persona_natural,0
N-31686,persona_natural,0
N-17750,persona_natural,0
N-13596,persona_natural,0
N-18210,persona_natural,0
N-27270,persona_natural,0
P-28589,persona_juridica,0
N-37700,persona_natural,1
N-19689,persona_natural,0
UT-35695,union_temporal,0
P-46962,persona_juridica,0
P-23700,persona_juridica,0
N-21182,persona_natural,0
N-00916,persona_natural,0
P-17624,persona_juridica,0
N-34214,persona_natural,0
N-19572,persona_natural,0
P-38434,persona_juridica,0
N-21842,persona_natural,0
N-35538,persona_natural,0
P-50462,persona_juridica,0
P-12438,persona_juridica,0
P-13313,persona_juridica,0
N-31221,persona_natural,0
N-12241,persona_natural,0
N-02835,persona_natural,0
P-28755,persona_juridica,0
P-31279,persona_juridica,0
P-25836,persona_juridica,0
N-04421,persona_natural,0
P-49118,persona_juridica,0
N-16927,persona_natural,0
UT-28702,union_temporal,0
P-51118,persona_juridica,0
N-12978,persona_natural,0
N-23686,persona_natural,0
P-16067,persona_juridica,0
N-19118,persona_natural,0
P-03244,persona_juridica,0
P-19301,persona_juridica,0
P-28819,persona_juridica,0
P-47841,persona_juridica,0
UT-12825,union_temporal,0
N-03174,persona_natural,0
N-04225,persona_natural,0
P-41095,persona_juridica,0
N-16061,persona_natural,0
P-01863,persona_juridica,0
N-16595,persona_natural,0
P-15521,persona_juridica,0
P-45946,persona_juridica,0
N-26511,persona_natural,0
UT-10620,union_temporal,0
N-37194,persona_natural,0
P-35434,persona_juridica,0
P-32843,persona_juridica,0
N-01996,persona_natural,1
P-03407,persona_juridica,0
UT-27037,union_temporal,0
P-27919,persona_juridica,1
P-32731,persona_juridica,0
UT-31197,union_temporal,0
P-08502,persona_juridica,0
N-18063,persona_natural,1
N-34752,persona_natural,0
P-30221,persona_juridica,0
P-39625,persona_juridica,0
N-15093,persona_natural,1
N-11390,persona_natural,0
N-13980,persona_natural,0
N-30936,persona_natural,0
N-08484,persona_natural,1
N-26002,persona_natural,0
N-01284,persona_natural,1
P-49374,persona_juridica,0
P-45303,persona_juridica,0
P-32748,persona_juridica,0
P-47846,persona_juridica,0
P-20828,persona_juridica,0
P-04836,persona_juridica,1
P-43190,persona_juridica,0
N-18631,persona_natural,0
P-06396,persona_juridica,0
N-21038,persona_natural,0
N-32202,persona_natural,0
P-45743,persona_juridica,0
N-23907,persona_natural,0
N-06678,persona_natural,0
P-16343,persona_juridica,0
UT-38582,union_temporal,0
P-37753,persona_juridica,0
P-31108,persona_juridica,0
UT-26455,union_temporal,0
P-08278,persona_juridica,1
P-19218,persona_juridica,0
P-36591,persona_juridica,0
UT-3430,union_temporal,0
N-22336,persona_natural,0
P-37441,persona_juridica,0
P-05738,persona_juridica,0
UT-45444,union_temporal,0
N-25132,persona_natural,0
N-07971,persona_natural,0
P-09250,persona_juridica,1
N-30475,persona_natural,0
P-16125,persona_juridica,0
P-22460,persona_juridica,0
P-40571,persona_juridica,0
N-13154,persona_natural,0
N-19632,persona_natural,0
N-04354,persona_natural,0
P-47967,persona_juridica,0
P-30003,persona_juridica,0
P-16663,persona_juridica,0
P-40325,persona_juridica,0
P-03757,persona_juridica,0
N-20613,persona_natural,0
P-31327,persona_juridica,0
P-27077,persona_juridica,0
P-13245,persona_juridica,0
UT-26885,union_temporal,0
P-48217,persona_juridica,0
UT-20302,union_temporal,0
P-11332,persona_juridica,0
N-10796,persona_natural,0
N-36231,persona_natural,0
P-06245,persona_juridica,0
P-20251,persona_juridica,0
P-23905,persona_juridica,0
P-36279,persona_juridica,0
P-06568,persona_juridica,0
P-11500,persona_juridica,0
N-19532,persona_natural,0
N-12425,persona_natural,0
P-32700,persona_juridica,0
N-24838,persona_natural,0
N-33837,persona_natural,0
P-24047,persona_juridica,0
P-11971,persona_juridica,0
P-15259,persona_juridica,0
P-06151,persona_juridica,1
N-23416,persona_natural,0
N-14199,persona_natural,0
P-06537,persona_juridica,0
N-16041,persona_natural,0
P-23040,persona_juridica,0
P-20105,persona_juridica,0
UT-3263,union_temporal,0
P-25670,persona_juridica,0
P-26505,persona_juridica,1
P-17960,persona_juridica,0
N-21121,persona_natural,0
P-09545,persona_juridica,1
P-14076,persona_juridica,0
P-51339,persona_juridica,0
N-24093,persona_natural,0
N-15995,persona_natural,0
N-07996,persona_natural,0
N-02471,persona_natural,1
N-27262,persona_natural,0
N-22529,persona_natural,0
P-37839,persona_juridica,0
N-33001,persona_natural,0
P-08604,persona_juridica,1
P-21093,persona_juridica,0
P-01274,persona_juridica,0
N-33841,persona_natural,0
N-35602,persona_natural,0
P-30238,persona_juridica,0
P-20786,persona_juridica,0
P-29049,persona_juridica,0
P-14204,persona_juridica,0
N-15291,persona_natural,0
P-14094,persona_juridica,0
P-20939,persona_juridica,0
N-16769,persona_natural,0
N-26143,persona_natural,0
P-45192,persona_juridica,0
P-15755,persona_juridica,0
N-03873,persona_natural,0
N-04002,persona_natural,0
P-33867,persona_juridica,0
P-19005,persona_juridica,0
P-35505,persona_juridica,0
P-01152,persona_juridica,0
P-39435,persona_juridica,0
P-48358,persona_juridica,0
P-30726,persona_juridica,0
P-38048,persona_juridica,0
P-12710,persona_juridica,0
P-15015,persona_juridica,0
P-44262,persona_juridica,0
N-22091,persona_natural,0
N-20993,persona_natural,0
UT-43388,union_temporal,0
N-02836,persona_natural,0
P-39885,persona_juridica,0
N-35475,persona_natural,1
N-15158,persona_natural,0
P-15499,persona_juridica,0
P-24412,persona_juridica,0
N-29917,persona_natural,0
P-27151,persona_juridica,0
P-34277,persona_juridica,0
P-16226,persona_juridica,0
N-12220,persona_natural,0
P-29327,persona_juridica,0
UT-0078,union_temporal,0
N-07801,persona_natural,0
P-30131,persona_juridica,0
N-32932,persona_natural,0
N-02463,persona_natural,0
N-01661,persona_natural,0
P-17799,persona_juridica,0
UT-37914,union_temporal,0
UT-38450,union_temporal,0
N-11413,persona_natural,0
P-17553,persona_juridica,0
P-07476,persona_juridica,0
N-36512,persona_natural,0
N-21564,persona_natural,0
N-07663,persona_natural,0
P-26350,persona_juridica,0
N-33627,persona_natural,0
N-18521,persona_natural,1
UT-37810,union_temporal,0
N-20901,persona_natural,0
N-35852,persona_natural,0
P-44469,persona_juridica,0
N-15007,persona_natural,0
N-07552,persona_natural,0
P-09922,persona_juridica,0
N-37466,persona_natural,0
N-19261,persona_natural,0
N-20373,persona_natural,1
P-10686,persona_juridica,0
UT-13796,union_temporal,0
N-24626,persona_natural,0
N-11883,persona_natural,0
P-49349,persona_juridica,0
N-01013,persona_natural,0
P-47861,persona_juridica,0
P-18073,persona_juridica,0
N-01670,persona_natural,1
P-37183,persona_juridica,0
N-32433,persona_natural,1
P-31418,persona_juridica,0
P-01073,persona_juridica,0
P-07610,persona_juridica,0
N-29640,persona_natural,0
N-30517,persona_natural,1
N-29447,persona_natural,0
UT-12423,union_temporal,0
P-38941,persona_juridica,0
P-06831,persona_juridica,0
N-06999,persona_natural,0
P-30355,persona_juridica,0
N-37844,persona_natural,0
P-47474,persona_juridica,0
N-17744,persona_natural,0
P-46512,persona_juridica,0
P-05557,persona_juridica,0
N-33324,persona_natural,0
P-04413,persona_juridica,1
P-28440,persona_juridica,0
N-05347,persona_natural,1
P-24164,persona_juridica,0
P-07339,persona_juridica,0
UT-20210,union_temporal,0
N-36043,persona_natural,0
P-42857,persona_juridica,0
N-26358,persona_natural,1
N-25066,persona_natural,1
N-07417,persona_natural,0
P-36413,persona_juridica,0
N-16173,persona_natural,0
N-26245,persona_natural,1
N-11089,persona_natural,0
N-21188,persona_natural,1
UT-1071,union_temporal,0
P-40531,persona_juridica,0
P-12106,persona_juridica,0
N-33556,persona_natural,0
N-13728,persona_natural,0
N-05866,persona_natural,1
P-27624,persona_juridica,0
N-01327,persona_natural,0
P-44561,persona_juridica,0
P-17737,persona_juridica,0
P-12370,persona_juridica,0
N-13468,persona_natural,0
P-15825,persona_juridica,1
N-13603,persona_natural,0
N-29841,persona_natural,1
P-28711,persona_juridica,1
N-04844,persona_natural,0
N-02648,persona_natural,0
UT-10436,union_temporal,0
P-37766,persona_juridica,0
N-35388,persona_natural,0
N-22770,persona_natural,0
P-19146,persona_juridica,0
P-31461,persona_juridica,1
P-14828,persona_juridica,0
N-18763,persona_natural,0
UT-21813,union_temporal,0
P-49748,persona_juridica,0
P-09611,persona_juridica,1
P-36236,persona_juridica,1
P-26118,persona_juridica,0
N-17554,persona_natural,1
N-16205,persona_natural,0
N-36155,persona_natural,0
N-14647,persona_natural,0
N-08440,persona_natural,0
N-06742,persona_natural,0
P-45548,persona_juridica,0
N-26329,persona_natural,1
N-30157,persona_natural,0
P-18301,persona_juridica,0
N-01374,persona_natural,0
P-45326,persona_juridica,0
N-36178,persona_natural,0
N-26766,persona_natural,0
N-15611,persona_natural,0
P-09784,persona_juridica,0
P-06144,persona_juridica,0
N-05307,persona_natural,0
P-31228,persona_juridica,1
N-19958,persona_natural,0
P-43477,persona_juridica,0
P-35032,persona_juridica,0
P-27501,persona_juridica,0
N-25052,persona_natural,0
P-26222,persona_juridica,0
N-12555,persona_natural,0
P-50457,persona_juridica,0
P-07343,persona_juridica,0
N-06914,persona_natural,0
P-34356,persona_juridica,0
N-36208,persona_natural,0
P-11350,persona_juridica,0
N-10969,persona_natural,0
N-26001,persona_natural,0
N-29367,persona_natural,0
P-01992,persona_juridica,0
P-14891,persona_juridica,0
N-05484,persona_natural,0
P-12415,persona_juridica,0
P-36729,persona_juridica,0
P-13938,persona_juridica,0
N-19543,persona_natural,1
N-00452,persona_natural,0
N-07134,persona_natural,0
N-18094,persona_natural,0
P-06345,persona_juridica,1
P-04484,persona_juridica,0
P-47194,persona_juridica,1
P-32819,persona_juridica,0
P-40065,persona_juridica,0
P-18794,persona_juridica,0
N-33597,persona_natural,0
N-32601,persona_natural,1
P-46478,persona_juridica,0
UT-16963,union_temporal,0
P-14859,persona_juridica,0
P-49631,persona_juridica,0
P-39977,persona_juridica,1
N-06463,persona_natural,0
N-03172,persona_natural,0
P-18328,persona_juridica,0
P-22924,persona_juridica,0
N-23281,persona_natural,1
N-36650,persona_natural,0
N-07738,persona_natural,0
P-39344,persona_juridica,0
P-29068,persona_juridica,0
UT-5958,union_temporal,0
UT-10539,union_temporal,0
P-05583,persona_juridica,0
N-10321,persona_natural,0
P-01569,persona_juridica,1
N-26373,persona_natural,0
N-34517,persona_natural,0
N-11629,persona_natural,0
N-06388,persona_natural,0
P-49602,persona_juridica,0
P-28242,persona_juridica,1
P-28124,persona_juridica,0
P-35235,persona_juridica,0
N-04531,persona_natural,0
P-26692,persona_juridica,1
N-13950,persona_natural,0
P-17192,persona_juridica,0
UT-2558,union_temporal,0
P-17642,persona_juridica,0
P-40096,persona_juridica,1
N-11086,persona_natural,0
P-19597,persona_juridica,0
N-02896,persona_natural,0
P-31726,persona_juridica,0
N-35847,persona_natural,1
P-26132,persona_juridica,0
N-19321,persona_natural,0
P-23187,persona_juridica,0
N-27189,persona_natural,0
N-20032,persona_natural,1
N-10987,persona_natural,0
P-49708,persona_juridica,0
P-42471,persona_juridica,0
N-16487,persona_natural,0
P-13619,persona_juridica,0
N-01402,persona_natural,0
P-28448,persona_juridica,0
P-49938,persona_juridica,0
N-17194,persona_natural,0
UT-34665,union_temporal,0
UT-18594,union_temporal,0
P-04102,persona_juridica,0
N-13947,persona_natural,0
P-41500,persona_juridica,0
P-02531,persona_juridica,0
N-16170,persona_natural,0
P-07585,persona_juridica,0
N-22780,persona_natural,0
P-32534,persona_juridica,0
N-04471,persona_natural,0
N-18100,persona_natural,0
UT-33634,union_temporal,0
P-44738,persona_juridica,0
P-12324,persona_juridica,1
N-26461,persona_natural,0
N-26932,persona_natural,0
N-15959,persona_natural,0
P-10975,persona_juridica,0
P-43013,persona_juridica,1
P-34592,persona_juridica,1
N-14436,persona_natural,0
N-26349,persona_natural,0
UT-23848,union_temporal,0
P-48109,persona_juridica,0
P-39615,persona_juridica,0
N-25104,persona_natural,0
P-03124,persona_juridica,0
P-00391,persona_juridica,0
N-19879,persona_natural,0
P-21410,persona_juridica,0
P-09529,persona_juridica,0
P-01053,persona_juridica,1
P-07022,persona_juridica,0
P-09574,persona_juridica,0
P-46517,persona_juridica,0
P-47826,persona_juridica,0
N-10847,persona_natural,0
N-26590,persona_natural,0
N-29971,persona_natural,0
P-46215,persona_juridica,0
P-18638,persona_juridica,0
P-37918,persona_juridica,0
P-47661,persona_juridica,0
P-28354,persona_juridica,0
N-27502,persona_natural,0
N-28937,persona_natural,0
P-15424,persona_juridica,0
N-32800,persona_natural,0
N-06090,persona_natural,0
N-27090,persona_natural,0
N-10211,persona_natural,0
P-11385,persona_juridica,0
P-36818,persona_juridica,0
P-15149,persona_juridica,0
N-35364,persona_natural,0
N-05743,persona_natural,1
N-36769,persona_natural,0
P-23311,persona_juridica,0
P-18283,persona_juridica,0
P-24728,persona_juridica,0
N-22075,persona_natural,0
P-05674,persona_juridica,1
P-19332,persona_juridica,0
UT-23761,union_temporal,0
P-38122,persona_juridica,0
P-14393,persona_juridica,0
N-22712,persona_natural,1
UT-40928,union_temporal,0
P-43552,persona_juridica,0
N-17911,persona_natural,0
N-10020,persona_natural,0
P-35917,persona_juridica,0
P-40740,persona_juridica,0
P-47853,persona_juridica,1
N-32439,persona_natural,0
UT-46517,union_temporal,0
P-00606,persona_juridica,0
P-35436,persona_juridica,0
N-07363,persona_natural,0
N-25726,persona_natural,0
P-02975,persona_juridica,0
P-48437,persona_juridica,1
P-03621,persona_juridica,0
P-44241,persona_juridica,0
N-03923,persona_natural,0
UT-6001,union_temporal,0
N-00433,persona_natural,0
N-12848,persona_natural,0
P-11278,persona_juridica,0
N-25057,persona_natural,1
N-34807,persona_natural,0
P-21904,persona_juridica,0
UT-45709,union_temporal,0
P-49187,persona_juridica,0
P-14217,persona_juridica,0
P-41457,persona_juridica,0
P-00026,persona_juridica,0
N-00054,persona_natural,0
UT-9356,union_temporal,0
N-24738,persona_natural,0
N-22306,persona_natural,0
P-38603,persona_juridica,0
P-44185,persona_juridica,0
P-37021,persona_juridica,0
P-45217,persona_juridica,0
N-08375,persona_natural,0
N-13999,persona_natural,0
N-11576,persona_natural,0
P-44181,persona_juridica,0
N-29777,persona_natural,0
P-42033,persona_juridica,0
N-15850,persona_natural,0
P-49179,persona_juridica,0
P-36010,persona_juridica,0
P-05631,persona_juridica,0
P-15626,persona_juridica,0
P-01006,persona_juridica,0
P-13746,persona_juridica,0
N-05530,persona_natural,1
P-31912,persona_juridica,0
P-33906,persona_juridica,0
P-34269,persona_juridica,0
N-11617,persona_natural,0
P-37204,persona_juridica,0
N-02770,persona_natural,0
P-05785,persona_juridica,1
N-31174,persona_natural,0
N-23350,persona_natural,1
P-48930,persona_juridica,0
P-16132,persona_juridica,0
P-28794,persona_juridica,0
P-25348,persona_juridica,0
UT-14217,union_temporal,0
N-22583,persona_natural,0
N-10704,persona_natural,0
N-09036,persona_natural,0
N-28374,persona_natural,0
N-20324,persona_natural,0
N-31638,persona_natural,0
N-11984,persona_natural,1
N-19318,persona_natural,1
P-29898,persona_juridica,0
N-15923,persona_natural,0
P-37042,persona_juridica,0
P-46219,persona_juridica,1
N-36892,persona_natural,0
N-32676,persona_natural,0
P-48762,persona_juridica,1
N-11666,persona_natural,0
N-03736,persona_natural,0
P-27024,persona_juridica,0
N-37900,persona_natural,0
N-28304,persona_natural,0
N-05896,persona_natural,0
N-11599,persona_natural,0
UT-11782,union_temporal,0
P-25853,persona_juridica,0
P-37054,persona_juridica,0
P-21506,persona_juridica,0
P-45029,persona_juridica,0
N-00570,persona_natural,1
P-01054,persona_juridica,0
P-19006,persona_juridica,0
N-18233,persona_natural,0
UT-18634,union_temporal,0
N-22004,persona_natural,0
P-38166,persona_juridica,0
N-17284,persona_natural,0
N-30088,persona_natural,0
P-25763,persona_juridica,0
P-00891,persona_juridica,1
P-31191,persona_juridica,0
UT-12566,union_temporal,0
N-09942,persona_natural,0
N-13852,persona_natural,0
N-12105,persona_natural,0
N-22480,persona_natural,0
N-18508,persona_natural,0
P-05001,persona_juridica,0
P-04821,persona_juridica,0
N-18181,persona_natural,0
P-13256,persona_juridica,1
P-17367,persona_juridica,0
N-13792,persona_natural,0
N-08078,persona_natural,0
P-33379,persona_juridica,0
P-14589,persona_juridica,1
P-22149,persona_juridica,0
P-37949,persona_juridica,0
N-15908,persona_natural,0
N-21487,persona_natural,0
P-25940,persona_juridica,0
UT-36277,union_temporal,0
P-26022,persona_juridica,0
N-11660,persona_natural,0
P-45355,persona_juridica,0
N-34302,persona_natural,1
N-31828,persona_natural,0
P-12810,persona_juridica,0
P-27316,persona_juridica,1
UT-44123,union_temporal,0
P-02498,persona_juridica,0
N-09690,persona_natural,0
P-27655,persona_juridica,0
N-26346,persona_natural,0
P-41664,persona_juridica,0
N-14585,persona_natural,0
P-04063,persona_juridica,1
N-21879,persona_natural,0
N-05768,persona_natural,0
N-23264,persona_natural,0
N-35915,persona_natural,0
P-16998,persona_juridica,0
P-37912,persona_juridica,0
N-05941,persona_natural,0
P-37407,persona_juridica,0
P-41945,persona_juridica,0
P-28175,persona_juridica,0
N-04474,persona_natural,0
N-21614,persona_natural,1
P-48160,persona_juridica,0
P-07306,persona_juridica,0
N-02345,persona_natural,0
P-21653,persona_juridica,0
P-18866,persona_juridica,0
P-31964,persona_juridica,0
P-38466,persona_juridica,0
N-27449,persona_natural,0
P-11220,persona_juridica,0
P-29780,persona_juridica,0
N-05399,persona_natural,0
P-33765,persona_juridica,0
N-04340,persona_natural,0
N-29149,persona_natural,1
P-27350,persona_juridica,0
P-43202,persona_juridica,0
P-12946,persona_juridica,0
N-00328,persona_natural,0
N-15817,persona_natural,0
N-21637,persona_natural,1
N-27661,persona_natural,0
N-35645,persona_natural,0
N-09135,persona_natural,1
P-32614,persona_juridica,0
P-43133,persona_juridica,0
P-43332,persona_juridica,0
UT-39404,union_temporal,0
N-05362,persona_natural,0
N-12949,persona_natural,0
UT-39617,union_temporal,0
P-35525,persona_juridica,0
UT-40430,union_temporal,0
P-47554,persona_juridica,0
N-31271,persona_natural,0
P-44852,persona_juridica,0
N-22708,persona_natural,1
N-15000,persona_natural,0
P-40956,persona_juridica,0
N-27683,persona_natural,0
N-37498,persona_natural,0
N-37517,persona_natural,0
N-29901,persona_natural,1
N-10184,persona_natural,0
N-37437,persona_natural,0
N-11940,persona_natural,0
N-09876,persona_natural,0
P-31573,persona_juridica,0
N-30957,persona_natural,0
UT-20580,union_temporal,0
UT-0321,union_temporal,0
N-04385,persona_natural,0
P-33084,persona_juridica,0
P-09982,persona_juridica,0
N-06216,persona_natural,0
UT-24245,union_temporal,0
N-03231,persona_natural,0
N-21491,persona_natural,0
P-39104,persona_juridica,0
P-24495,persona_juridica,0
N-28704,persona_natural,0
P-47153,persona_juridica,0
N-17671,persona_natural,1
N-11049,persona_natural,0
P-22641,persona_juridica,0
N-23561,persona_natural,0
N-01620,persona_natural,1
N-35737,persona_natural,1
UT-29752,union_temporal,0
P-46844,persona_juridica,1
N-37589,persona_natural,0
P-25020,persona_juridica,0
P-16411,persona_juridica,0
N-13564,persona_natural,0
N-06074,persona_natural,0
N-34056,persona_natural,0
P-19669,persona_juridica,0
UT-8886,union_temporal,0
P-46377,persona_juridica,0
N-15137,persona_natural,0
UT-7174,union_temporal,0
P-19521,persona_juridica,0
N-19360,persona_natural,0
P-44960,persona_juridica,0
P-51092,persona_juridica,0
P-39772,persona_juridica,0
N-05563,persona_natural,1
N-17105,persona_natural,0
N-08040,persona_natural,0
P-39198,persona_juridica,0
P-17393,persona_juridica,0
N-15451,persona_natural,1
P-24924,persona_juridica,0
P-37907,persona_juridica,0
N-20728,persona_natural,0
N-04169,persona_natural,0
P-45674,persona_juridica,1
P-31229,persona_juridica,0
UT-46209,union_temporal,0
N-04273,persona_natural,0
P-42428,persona_juridica,0
P-46364,persona_juridica,0
P-05754,persona_juridica,1
N-09930,persona_natural,0
P-28876,persona_juridica,0
N-02218,persona_natural,0
N-24983,persona_natural,0
N-15323,persona_natural,0
P-30132,persona_juridica,0
P-04859,persona_juridica,0
N-11619,persona_natural,0
P-20088,persona_juridica,0
P-29912,persona_juridica,0
N-18462,persona_natural,0
P-03618,persona_juridica,0
P-40837,persona_juridica,0
P-16870,persona_juridica,0
N-20704,persona_natural,0
P-40727,persona_juridica,0
P-49781,persona_juridica,0
P-06655,persona_juridica,0
P-33541,persona_juridica,0
N-07582,persona_natural,0
N-15557,persona_natural,0
N-25683,persona_natural,1
P-47344,persona_juridica,0
N-33812,persona_natural,0
P-10837,persona_juridica,0
P-30474,persona_juridica,0
P-05847,persona_juridica,0
P-42978,persona_juridica,0
P-02413,persona_juridica,0
P-35210,persona_juridica,0
N-20009,persona_natural,0
P-38180,persona_juridica,1
P-34554,persona_juridica,0
N-04577,persona_natural,0
P-16810,persona_juridica,0
P-29822,persona_juridica,0
N-10480,persona_natural,0
N-10166,persona_natural,0
UT-18145,union_temporal,0
UT-32632,union_temporal,0
N-14414,persona_natural,0
N-36896,persona_natural,0
N-20508,persona_natural,0
N-12821,persona_natural,0
P-44752,persona_juridica,0
P-44385,persona_juridica,0
P-04145,persona_juridica,0
N-23616,persona_natural,0
N-25543,persona_natural,0
P-05347,persona_juridica,0
N-37598,persona_natural,0
P-24242,persona_juridica,0
N-23970,persona_natural,0
P-09145,persona_juridica,0
N-23628,persona_natural,1
P-28073,persona_juridica,0
P-24874,persona_juridica,0
P-31308,persona_juridica,0
N-03914,persona_natural,0
P-28427,persona_juridica,0
N-34231,persona_natural,0
P-32399,persona_juridica,0
N-08856,persona_natural,0
P-37132,persona_juridica,0
N-05567,persona_natural,0
P-38690,persona_juridica,0
N-16125,persona_natural,0
P-38655,persona_juridica,0
UT-43627,union_temporal,0
P-36800,persona_juridica,0
P-43067,persona_juridica,0
N-16352,persona_natural,0
N-14760,persona_natural,0
P-23432,persona_juridica,0
P-34339,persona_juridica,0
P-41542,persona_juridica,0
N-27995,persona_natural,0
N-09575,persona_natural,0
P-51004,persona_juridica,1
P-14665,persona_juridica,0
N-05782,persona_natural,0
N-23148,persona_natural,0
P-47501,persona_juridica,1
P-24305,persona_juridica,0
N-33703,persona_natural,0
P-42161,persona_juridica,0
UT-43309,union_temporal,0
N-06884,persona_natural,0
P-07183,persona_juridica,0
UT-1067,union_temporal,0
P-17944,persona_juridica,0
P-39679,persona_juridica,0
P-39674,persona_juridica,0
P-29134,persona_juridica,0
P-13345,persona_juridica,0
N-03561,persona_natural,0
N-33390,persona_natural,0
P-07586,persona_juridica,0
P-05308,persona_juridica,0
N-14829,persona_natural,0
N-33859,persona_natural,0
N-27628,persona_natural,0
N-02537,persona_natural,0
N-00851,persona_natural,0
N-12130,persona_natural,0
N-03984,persona_natural,0
P-50120,persona_juridica,0
N-32587,persona_natural,0
P-39227,persona_juridica,0
P-28389,persona_juridica,0
N-27230,persona_natural,0
P-17605,persona_juridica,0
N-00608,persona_natural,0
P-44790,persona_juridica,0
N-27314,persona_natural,0
N-11170,persona_natural,0
P-35226,persona_juridica,0
P-25780,persona_juridica,0
P-05246,persona_juridica,0
P-18192,persona_juridica,0
P-29542,persona_juridica,0
P-03923,persona_juridica,1
N-01555,persona_natural,0
P-28024,persona_juridica,0
P-03109,persona_juridica,0
N-01188,persona_natural,0
P-31350,persona_juridica,0
UT-7630,union_temporal,0
P-40151,persona_juridica,0
P-10490,persona_juridica,0
P-22060,persona_juridica,0
P-45148,persona_juridica,0
P-08857,persona_juridica,0
P-20013,persona_juridica,0
N-37103,persona_natural,0
P-41777,persona_juridica,0
P-50602,persona_juridica,0
N-24485,persona_natural,0
UT-39704,union_temporal,0
P-44675,persona_juridica,0
N-33976,persona_natural,0
P-00377,persona_juridica,0
P-20581,persona_juridica,0
P-25713,persona_juridica,0
P-15961,persona_juridica,0
N-12231,persona_natural,0
P-40337,persona_juridica,0
N-25389,persona_natural,0
P-25962,persona_juridica,0
UT-17048,union_temporal,0
N-32500,persona_natural,0
N-26633,persona_natural,1
UT-29040,union_temporal,0
UT-29149,union_temporal,0
N-20279,persona_natural,0
P-13676,persona_juridica,0
N-00623,persona_natural,0
N-22118,persona_natural,0
P-08722,persona_juridica,0
P-00389,persona_juridica,0
P-50923,persona_juridica,0
N-16850,persona_natural,1
UT-20536,union_temporal,0
N-33051,persona_natural,0
P-08344,persona_juridica,0
N-01046,persona_natural,0
N-23842,persona_natural,0
UT-38569,union_temporal,0
N-19903,persona_natural,0
N-00914,persona_natural,0
N-09314,persona_natural,0
N-28171,persona_natural,0
P-22406,persona_juridica,0
UT-40316,union_temporal,0
N-20469,persona_natural,0
P-09215,persona_juridica,0
N-20398,persona_natural,0
P-01422,persona_juridica,0
P-46000,persona_juridica,0
P-47260,persona_juridica,0
P-46566,persona_juridica,0
N-15709,persona_natural,0
N-10452,persona_natural,0
N-28008,persona_natural,1
P-28825,persona_juridica,0
P-15874,persona_juridica,0
P-35856,persona_juridica,0
N-16165,persona_natural,0
P-33997,persona_juridica,0
P-50713,persona_juridica,0
P-42602,persona_juridica,1
P-49379,persona_juridica,0
N-18375,persona_natural,0
P-28675,persona_juridica,0
N-27833,persona_natural,0
P-25822,persona_juridica,0
P-41160,persona_juridica,0
N-04880,persona_natural,0
UT-19448,union_temporal,0
P-08096,persona_juridica,0
UT-42768,union_temporal,0
P-09057,persona_juridica,0
P-31862,persona_juridica,0
N-10543,persona_natural,0
P-03846,persona_juridica,0
P-27108,persona_juridica,0
N-00934,persona_natural,0
N-34478,persona_natural,0
P-06360,persona_juridica,0
N-25119,persona_natural,0
UT-19249,union_temporal,0
P-08831,persona_juridica,1
N-15576,persona_natural,0
N-12902,persona_natural,0
P-00693,persona_juridica,0
P-40249,persona_juridica,0
P-48953,persona_juridica,0
P-32573,persona_juridica,0
N-18529,persona_natural,0
N-27659,persona_natural,0
N-00221,persona_natural,0
P-22726,persona_juridica,0
N-34023,persona_natural,1
P-11324,persona_juridica,0
N-09479,persona_natural,0
P-27086,persona_juridica,0
N-18131,persona_natural,0
P-28286,persona_juridica,0
N-19522,persona_natural,0
UT-18470,union_temporal,0
P-47439,persona_juridica,0
N-06717,persona_natural,0
N-11725,persona_natural,0
P-29400,persona_juridica,0
UT-35118,union_temporal,0
UT-11052,union_temporal,0
P-26087,persona_juridica,0
N-10993,persona_natural,0
P-16628,persona_juridica,0
N-14333,persona_natural,0
P-28830,persona_juridica,0
N-21812,persona_natural,0
P-24521,persona_juridica,0
P-36891,persona_juridica,0
UT-13752,union_temporal,0
N-19829,persona_natural,0
P-11033,persona_juridica,1
P-12339,persona_juridica,0
N-34323,persona_natural,0
N-22080,persona_natural,1
P-06188,persona_juridica,0
P-02028,persona_juridica,0
P-36998,persona_juridica,0
P-01134,persona_juridica,0
P-11569,persona_juridica,0
P-20426,persona_juridica,0
N-27608,persona_natural,0
P-13166,persona_juridica,0
P-24297,persona_juridica,0
P-32682,persona_juridica,0
P-03640,persona_juridica,0
N-31177,persona_natural,0
N-19672,persona_natural,0
UT-34629,union_temporal,0
UT-13622,union_temporal,0
P-03639,persona_juridica,0
N-16228,persona_natural,0
N-12158,persona_natural,0
N-17469,persona_natural,0
P-26408,persona_juridica,0
P-21708,persona_juridica,0
P-46529,persona_juridica,0
UT-38377,union_temporal,0
N-20644,persona_natural,0
P-33354,persona_juridica,0
N-14198,persona_natural,0
P-21702,persona_juridica,0
P-02861,persona_juridica,0
P-49553,persona_juridica,0
N-34163,persona_natural,0
P-41350,persona_juridica,0
P-08993,persona_juridica,0
P-24052,persona_juridica,0
N-23703,persona_natural,0
N-13002,persona_natural,0
N-36873,persona_natural,0
N-01947,persona_natural,0
P-16415,persona_juridica,0
N-27379,persona_natural,0
UT-19060,union_temporal,0
P-49249,persona_juridica,0
P-43419,persona_juridica,0
P-04758,persona_juridica,0
P-22295,persona_juridica,0
P-00410,persona_juridica,0
N-02052,persona_natural,0
N-28912,persona_natural,0
N-33821,persona_natural,0
P-27635,persona_juridica,0
N-00016,persona_natural,0
P-23727,persona_juridica,1
P-04499,persona_juridica,0
N-08263,persona_natural,0
N-27259,persona_natural,0
N-11639,persona_natural,0
P-48421,persona_juridica,0
P-45472,persona_juridica,1
P-13634,persona_juridica,1
N-04308,persona_natural,0
P-49584,persona_juridica,0
P-11558,persona_juridica,0
P-19412,persona_juridica,0
N-36672,persona_natural,1
P-42950,persona_juridica,0
N-09381,persona_natural,0
N-00530,persona_natural,0
N-23969,persona_natural,0
N-24454,persona_natural,0
N-02120,persona_natural,0
P-13216,persona_juridica,0
P-43535,persona_juridica,0
N-10965,persona_natural,0
N-37680,persona_natural,0
P-13019,persona_juridica,0
P-39858,persona_juridica,0
N-15442,persona_natural,0
P-24339,persona_juridica,0
P-32110,persona_juridica,0
P-22745,persona_juridica,0
UT-2534,union_temporal,0
N-23744,persona_natural,0
N-33071,persona_natural,0
P-28625,persona_juridica,0
P-17521,persona_juridica,1
N-32174,persona_natural,0
P-46530,persona_juridica,0
P-30204,persona_juridica,0
P-19455,persona_juridica,1
P-32889,persona_juridica,0
P-19211,persona_juridica,1
P-15308,persona_juridica,0
P-07483,persona_juridica,0
P-10910,persona_juridica,0
P-12213,persona_juridica,0
P-17158,persona_juridica,0
P-22056,persona_juridica,0
P-41304,persona_juridica,0
P-49131,persona_juridica,0
P-48386,persona_juridica,0
P-10022,persona_juridica,0
P-45984,persona_juridica,0
N-10977,persona_natural,0
P-05934,persona_juridica,0
P-21672,persona_juridica,0
P-40629,persona_juridica,0
UT-7667,union_temporal,0
P-01777,persona_juridica,0
N-33136,persona_natural,1
N-12421,persona_natural,0
N-33475,persona_natural,0
N-06822,persona_natural,0
N-04693,persona_natural,0
N-31130,persona_natural,0
UT-7531,union_temporal,0
P-20464,persona_juridica,0
P-04623,persona_juridica,0
N-18829,persona_natural,0
P-51364,persona_juridica,0
P-28432,persona_juridica,0
N-30791,persona_natural,0
P-43524,persona_juridica,0
N-33285,persona_natural,0
N-35137,persona_natural,0
N-36771,persona_natural,0
P-48140,persona_juridica,0
P-13851,persona_juridica,0
N-10181,persona_natural,0
N-18352,persona_natural,0
P-43421,persona_juridica,0
N-12201,persona_natural,0
UT-29229,union_temporal,0
P-31047,persona_juridica,0
P-18169,persona_juridica,0
P-36198,persona_juridica,0
N-06816,persona_natural,0
N-00903,persona_natural,0
P-05126,persona_juridica,0
N-11093,persona_natural,0
P-44534,persona_juridica,0
P-24168,persona_juridica,0
N-09885,persona_natural,0
N-05647,persona_natural,0
P-41143,persona_juridica,0
N-03425,persona_natural,1
P-37170,persona_juridica,0
P-11448,persona_juridica,0
P-19981,persona_juridica,0
N-13393,persona_natural,0
N-03361,persona_natural,0
P-47370,persona_juridica,0
N-21063,persona_natural,0
P-33270,persona_juridica,1
N-25496,persona_natural,0
N-30611,persona_natural,0
P-09087,persona_juridica,0
P-37272,persona_juridica,1
P-41856,persona_juridica,0
UT-19133,union_temporal,0
P-49714,persona_juridica,1
UT-21262,union_temporal,0
P-50199,persona_juridica,0
P-22337,persona_juridica,1
P-18623,persona_juridica,0
N-00827,persona_natural,0
N-36712,persona_natural,0
P-33776,persona_juridica,0
P-19331,persona_juridica,0
N-12064,persona_natural,0
N-26581,persona_natural,0
UT-40154,union_temporal,0
N-10119,persona_natural,0
N-03266,persona_natural,0
P-35741,persona_juridica,0
P-00590,persona_juridica,0
P-47242,persona_juridica,0
P-09320,persona_juridica,0
UT-23527,union_temporal,0
N-26230,persona_natural,1
P-44306,persona_juridica,0
N-32450,persona_natural,0
P-07889,persona_juridica,0
N-20095,persona_natural,0
P-22037,persona_juridica,1
P-45524,persona_juridica,0
P-37382,persona_juridica,0
UT-13775,union_temporal,0
P-34950,persona_juridica,0
P-25204,persona_juridica,0
N-17835,persona_natural,0
P-28104,persona_juridica,1
P-25377,persona_juridica,0
P-44506,persona_juridica,0
P-14976,persona_juridica,0
P-16460,persona_juridica,0
N-10658,persona_natural,1
P-15827,persona_juridica,1
P-20350,persona_juridica,0
P-48958,persona_juridica,0
P-09849,persona_juridica,0
N-20851,persona_natural,0
P-24771,persona_juridica,0
N-26769,persona_natural,0
N-28552,persona_natural,0
P-00337,persona_juridica,0
P-46783,persona_juridica,0
P-12568,persona_juridica,0
N-11632,persona_natural,0
UT-43804,union_temporal,0
N-22657,persona_natural,0
P-29981,persona_juridica,0
P-02676,persona_juridica,0
P-51371,persona_juridica,0
N-33190,persona_natural,0
P-30989,persona_juridica,0
UT-37236,union_temporal,0
P-05552,persona_juridica,1
N-06910,persona_natural,0
N-04522,persona_natural,0
P-19560,persona_juridica,0
N-14043,persona_natural,0
P-09341,persona_juridica,0
P-36994,persona_juridica,0
P-26652,persona_juridica,0
N-05597,persona_natural,0
P-47120,persona_juridica,1
N-29798,persona_natural,0
P-16315,persona_juridica,0
N-35307,persona_natural,0
N-22601,persona_natural,0
P-46994,persona_juridica,0
UT-13879,union_temporal,0
P-29739,persona_juridica,0
P-34972,persona_juridica,0
N-20995,persona_natural,0
N-02387,persona_natural,0
P-46355,persona_juridica,0
P-26776,persona_juridica,0
N-08967,persona_natural,0
P-18577,persona_juridica,0
N-23761,persona_natural,0
N-18179,persona_natural,0
N-10176,persona_natural,0
N-29412,persona_natural,1
N-21574,persona_natural,0
P-46632,persona_juridica,0
P-33832,persona_juridica,0
N-18864,persona_natural,0
P-08456,persona_juridica,0
P-25050,persona_juridica,0
P-34085,persona_juridica,0
P-21680,persona_juridica,0
N-21792,persona_natural,0
P-15854,persona_juridica,0
UT-39161,union_temporal,0
N-23877,persona_natural,0
P-17303,persona_juridica,1
N-18840,persona_natural,0
N-13476,persona_natural,0
P-10037,persona_juridica,0
N-07984,persona_natural,0
N-27110,persona_natural,0
P-46463,persona_juridica,0
P-15183,persona_juridica,0
P-32876,persona_juridica,0
P-18513,persona_juridica,0
P-36222,persona_juridica,0
N-29706,persona_natural,0
P-33213,persona_juridica,0
UT-12174,union_temporal,0
P-05053,persona_juridica,0
N-29647,persona_natural,0
P-35792,persona_juridica,0
N-30651,persona_natural,0
P-37329,persona_juridica,0
N-19650,persona_natural,0
P-50746,persona_juridica,0
N-14146,persona_natural,0
P-25715,persona_juridica,0
N-08684,persona_natural,0
N-37893,persona_natural,0
N-04670,persona_natural,0
UT-46237,union_temporal,0
N-08458,persona_natural,0
UT-19914,union_temporal,0
P-49392,persona_juridica,0
P-14327,persona_juridica,0
P-33796,persona_juridica,0
N-13794,persona_natural,0
P-39245,persona_juridica,0
N-35395,persona_natural,0
N-06487,persona_natural,0
N-12164,persona_natural,0
P-30011,persona_juridica,0
P-20888,persona_juridica,0
P-46405,persona_juridica,0
P-18285,persona_juridica,0
P-03762,persona_juridica,0
N-13480,persona_natural,0
UT-7521,union_temporal,0
N-18083,persona_natural,0
P-35180,persona_juridica,0
P-05095,persona_juridica,1
P-24458,persona_juridica,0
N-20598,persona_natural,0
P-48073,persona_juridica,0
N-07422,persona_natural,0
P-31644,persona_juridica,0
N-37293,persona_natural,0
P-07534,persona_juridica,0
UT-43270,union_temporal,0
N-17612,persona_natural,0
P-51336,persona_juridica,0
N-14722,persona_natural,0
P-49922,persona_juridica,0
P-29385,persona_juridica,0
P-12871,persona_juridica,0
N-11297,persona_natural,0
P-16749,persona_juridica,0
N-19865,persona_natural,0
P-48538,persona_juridica,0
P-13817,persona_juridica,0
UT-39364,union_temporal,0
P-28887,persona_juridica,0
P-33910,persona_juridica,0
P-06206,persona_juridica,0
N-36834,persona_natural,0
P-30580,persona_juridica,0
UT-4824,union_temporal,0
N-04662,persona_natural,0
UT-38212,union_temporal,0
N-00370,persona_natural,0
P-23568,persona_juridica,1
N-05143,persona_natural,1
N-30851,persona_natural,0
N-15367,persona_natural,1
P-17444,persona_juridica,0
P-14003,persona_juridica,0
N-00059,persona_natural,0
P-43662,persona_juridica,0
N-22467,persona_natural,0
P-23505,persona_juridica,0
N-16781,persona_natural,0
N-08220,persona_natural,0
N-07837,persona_natural,0
P-15941,persona_juridica,1
P-07103,persona_juridica,0
P-02377,persona_juridica,0
N-18928,persona_natural,0
P-49360,persona_juridica,0
P-18234,persona_juridica,0
P-07895,persona_juridica,0
N-22279,persona_natural,0
UT-40724,union_temporal,0
N-00886,persona_natural,0
P-05465,persona_juridica,0
P-11427,persona_juridica,0
UT-27994,union_temporal,0
N-11199,persona_natural,0
UT-11086,union_temporal,0
N-01974,persona_natural,0
P-11857,persona_juridica,0
P-05337,persona_juridica,0
N-36547,persona_natural,0
N-05850,persona_natural,0
N-36156,persona_natural,0
P-28889,persona_juridica,1
N-23107,persona_natural,0
P-44894,persona_juridica,0
P-31122,persona_juridica,0
N-26086,persona_natural,0
P-48081,persona_juridica,0
P-44322,persona_juridica,0
N-07546,persona_natural,1
P-10739,persona_juridica,0
P-22552,persona_juridica,0
N-15221,persona_natural,0
N-28140,persona_natural,0
N-27736,persona_natural,0
N-17997,persona_natural,0
UT-42588,union_temporal,0
P-47877,persona_juridica,0
N-27607,persona_natural,0
N-26225,persona_natural,0
N-25666,persona_natural,0
N-04205,persona_natural,0
P-05885,persona_juridica,1
P-23318,persona_juridica,0
N-32855,persona_natural,0
N-12699,persona_natural,0
P-26008,persona_juridica,1
P-17385,persona_juridica,0
N-33129,persona_natural,0
P-31596,persona_juridica,0
N-11777,persona_natural,0
P-29066,persona_juridica,0
P-42330,persona_juridica,0
P-41483,persona_juridica,0
N-24398,persona_natural,0
P-45745,persona_juridica,0
UT-18498,union_temporal,0
P-04110,persona_juridica,1
N-24742,persona_natural,0
N-16705,persona_natural,1
P-11360,persona_juridica,1
N-07478,persona_natural,0
P-00073,persona_juridica,0
P-06737,persona_juridica,0
N-10116,persona_natural,0
P-08907,persona_juridica,0
P-12019,persona_juridica,1
P-38183,persona_juridica,1
P-29830,persona_juridica,0
P-33103,persona_juridica,0
P-19920,persona_juridica,0
P-48069,persona_juridica,0
N-36015,persona_natural,0
N-18270,persona_natural,0
N-12557,persona_natural,0
P-03531,persona_juridica,0
P-33452,persona_juridica,1
N-30424,persona_natural,0
N-21078,persona_natural,0
N-20219,persona_natural,0
P-13269,persona_juridica,0
N-34740,persona_natural,0
N-33346,persona_natural,0
P-05930,persona_juridica,0
N-14772,persona_natural,0
P-02760,persona_juridica,0
P-08340,persona_juridica,0
N-36369,persona_natural,0
UT-19679,union_temporal,0
P-06720,persona_juridica,0
P-45657,persona_juridica,0
P-19367,persona_juridica,0
P-11982,persona_juridica,0
N-28852,persona_natural,1
N-25974,persona_natural,1
N-05201,persona_natural,0
P-29671,persona_juridica,0
N-06732,persona_natural,0
N-27852,persona_natural,0
P-25755,persona_juridica,0
UT-9153,union_temporal,0
P-04984,persona_juridica,0
N-29320,persona_natural,0
P-28538,persona_juridica,0
N-20503,persona_natural,0
P-27318,persona_juridica,0
N-37899,persona_natural,0
P-09059,persona_juridica,0
P-42255,persona_juridica,1
P-20662,persona_juridica,1
N-09889,persona_natural,0
P-39764,persona_juridica,0
N-00165,persona_natural,0
P-08664,persona_juridica,0
P-19741,persona_juridica,0
P-14575,persona_juridica,0
N-31916,persona_natural,0
P-19782,persona_juridica,0
N-17544,persona_natural,0
N-02176,persona_natural,0
N-32043,persona_natural,0
P-38475,persona_juridica,0
UT-21899,union_temporal,0
P-19478,persona_juridica,0
P-39462,persona_juridica,0
P-13267,persona_juridica,0
P-11802,persona_juridica,0
UT-6172,union_temporal,0
P-05783,persona_juridica,0
N-26085,persona_natural,0
N-23258,persona_natural,0
UT-39199,union_temporal,0
P-35045,persona_juridica,0
P-02871,persona_juridica,1
P-27367,persona_juridica,0
P-21969,persona_juridica,0
N-19212,persona_natural,0
P-47572,persona_juridica,0
UT-15355,union_temporal,0
N-17804,persona_natural,0
P-08018,persona_juridica,0
N-07608,persona_natural,0
P-36930,persona_juridica,0
N-26807,persona_natural,0
P-01539,persona_juridica,0
UT-43836,union_temporal,0
P-11950,persona_juridica,0
P-12051,persona_juridica,0
N-05050,persona_natural,0
UT-26165,union_temporal,0
P-32179,persona_juridica,0
UT-30153,union_temporal,0
UT-17948,union_temporal,0
P-29663,persona_juridica,0
P-48657,persona_juridica,0
P-45552,persona_juridica,0
P-21859,persona_juridica,0
N-22409,persona_natural,0
N-05611,persona_natural,0
N-27635,persona_natural,0
P-06471,persona_juridica,0
P-05623,persona_juridica,0
P-42904,persona_juridica,0
P-10763,persona_juridica,0
P-10160,persona_juridica,0
N-28131,persona_natural,0
N-27201,persona_natural,0
UT-38661,union_temporal,0
N-21341,persona_natural,1
N-15296,persona_natural,1
P-47609,persona_juridica,0
N-19794,persona_natural,0
N-06352,persona_natural,0
N-11616,persona_natural,0
P-24981,persona_juridica,0
P-28390,persona_juridica,0
P-10718,persona_juridica,0
N-14874,persona_natural,0
N-15739,persona_natural,0
P-10787,persona_juridica,0
P-04418,persona_juridica,0
P-14264,persona_juridica,0
N-07949,persona_natural,0
P-10269,persona_juridica,0
UT-37358,union_temporal,0
P-44217,persona_juridica,0
P-42392,persona_juridica,0
P-35877,persona_juridica,0
P-19873,persona_juridica,0
N-33885,persona_natural,0
P-19361,persona_juridica,0
UT-21777,union_temporal,0
N-36465,persona_natural,0
P-16203,persona_juridica,0
N-37387,persona_natural,0
N-17123,persona_natural,0
UT-5979,union_temporal,0
N-03814,persona_natural,0
N-05773,persona_natural,0
N-00461,persona_natural,0
P-10566,persona_juridica,1
UT-28076,union_temporal,0
N-17226,persona_natural,0
P-42948,persona_juridica,0
N-37270,persona_natural,0
N-35998,persona_natural,0
N-21735,persona_natural,0
N-35232,persona_natural,0
N-14056,persona_natural,0
P-05534,persona_juridica,0
UT-10789,union_temporal,0
P-32211,persona_juridica,0
N-20784,persona_natural,1
UT-30730,union_temporal,0
N-30730,persona_natural,0
P-24318,persona_juridica,0
P-32326,persona_juridica,1
UT-35638,union_temporal,0
P-38825,persona_juridica,0
N-00542,persona_natural,0
N-37479,persona_natural,1
UT-17371,union_temporal,0
N-24978,persona_natural,0
P-28546,persona_juridica,0
P-23497,persona_juridica,0
N-22968,persona_natural,0
N-16473,persona_natural,0
P-08178,persona_juridica,1
P-28193,persona_juridica,0
P-49830,persona_juridica,0
P-14617,persona_juridica,0
P-04526,persona_juridica,0
P-12336,persona_juridica,0
N-14175,persona_natural,0
P-39765,persona_juridica,0
P-26619,persona_juridica,0
N-30992,persona_natural,0
N-04949,persona_natural,0
P-24856,persona_juridica,0
P-04905,persona_juridica,0
N-36608,persona_natural,0
P-45653,persona_juridica,0
P-19060,persona_juridica,0
N-23371,persona_natural,0
P-50534,persona_juridica,0
N-09615,persona_natural,1
P-43439,persona_juridica,0
P-25991,persona_juridica,0
UT-7315,union_temporal,0
P-44598,persona_juridica,0
N-32440,persona_natural,1
P-18294,persona_juridica,0
UT-27149,union_temporal,0
N-08885,persona_natural,0
P-08774,persona_juridica,0
P-47938,persona_juridica,0
N-07857,persona_natural,0
P-15773,persona_juridica,0
P-44626,persona_juridica,0
N-30167,persona_natural,0
P-41079,persona_juridica,0
UT-11549,union_temporal,0
P-05689,persona_juridica,1
N-13966,persona_natural,0
P-09486,persona_juridica,0
P-48017,persona_juridica,0
N-20023,persona_natural,0
P-43727,persona_juridica,0
P-43110,persona_juridica,0
N-04188,persona_natural,0
N-22908,persona_natural,0
P-25184,persona_juridica,0
N-33063,persona_natural,0
UT-1306,union_temporal,0
N-01741,persona_natural,0
P-17484,persona_juridica,0
N-20033,persona_natural,0
P-17021,persona_juridica,0
N-19856,persona_natural,0
N-22419,persona_natural,1
P-34114,persona_juridica,0
P-14147,persona_juridica,0
P-28169,persona_juridica,0
P-04728,persona_juridica,1
P-26134,persona_juridica,0
N-19334,persona_natural,0
P-32725,persona_juridica,0
N-36960,persona_natural,0
P-09095,persona_juridica,0
P-21712,persona_juridica,0
N-15869,persona_natural,0
UT-6165,union_temporal,0
N-10572,persona_natural,0
N-09923,persona_natural,0
P-18742,persona_juridica,0
P-46882,persona_juridica,0
P-07170,persona_juridica,0
N-29370,persona_natural,1
N-33448,persona_natural,0
P-31460,persona_juridica,0
P-03668,persona_juridica,1
N-16317,persona_natural,0
P-24591,persona_juridica,1
UT-44363,union_temporal,0
UT-29804,union_temporal,0
P-26956,persona_juridica,0
UT-18796,union_temporal,0
N-36643,persona_natural,0
P-48799,persona_juridica,1
P-35509,persona_juridica,0
P-40184,persona_juridica,0
N-17152,persona_natural,0
N-35842,persona_natural,0
N-36431,persona_natural,0
P-08760,persona_juridica,0
UT-12816,union_temporal,0
N-03833,persona_natural,0
N-12698,persona_natural,0
P-27022,persona_juridica,1
P-47275,persona_juridica,0
P-43530,persona_juridica,0
N-01872,persona_natural,0
N-22642,persona_natural,0
P-18966,persona_juridica,0
N-06603,persona_natural,0
UT-12798,union_temporal,0
N-19825,persona_natural,0
P-03152,persona_juridica,0
N-01141,persona_natural,0
N-01688,persona_natural,1
N-16363,persona_natural,0
P-44240,persona_juridica,0
N-09696,persona_natural,1
N-18782,persona_natural,0
P-05343,persona_juridica,1
N-32911,persona_natural,0
P-20305,persona_juridica,0
UT-41392,union_temporal,0
N-06854,persona_natural,0
P-46045,persona_juridica,0
N-22245,persona_natural,0
N-06945,persona_natural,0
P-32001,persona_juridica,0
N-30328,persona_natural,0
P-22267,persona_juridica,0
P-47956,persona_juridica,0
N-35156,persona_natural,0
N-26903,persona_natural,0
N-32377,persona_natural,0
N-03043,persona_natural,0
N-10475,persona_natural,1
P-34767,persona_juridica,0
N-32387,persona_natural,0
N-01749,persona_natural,0
N-13467,persona_natural,0
P-35163,persona_juridica,0
P-41607,persona_juridica,0
P-20386,persona_juridica,0
N-24510,persona_natural,0
N-17702,persona_natural,0
N-30263,persona_natural,0
P-18991,persona_juridica,0
P-10737,persona_juridica,0
N-29515,persona_natural,1
N-20196,persona_natural,0
N-12146,persona_natural,0
P-46375,persona_juridica,0
N-02827,persona_natural,0
P-13323,persona_juridica,0
P-44285,persona_juridica,0
N-18613,persona_natural,0
UT-20553,union_temporal,0
P-17638,persona_juridica,0
N-13056,persona_natural,0
N-33633,persona_natural,0
N-29563,persona_natural,0
P-22916,persona_juridica,0
N-20294,persona_natural,0
N-35354,persona_natural,0
P-07647,persona_juridica,0
P-07612,persona_juridica,0
N-06817,persona_natural,0
N-20794,persona_natural,0
N-13336,persona_natural,0
UT-25511,union_temporal,0
P-47425,persona_juridica,0
P-40092,persona_juridica,0
N-22414,persona_natural,0
P-43791,persona_juridica,0
UT-10505,union_temporal,0
P-39622,persona_juridica,0
N-22357,persona_natural,0
N-14354,persona_natural,0
UT-11451,union_temporal,0
N-35312,persona_natural,0
N-25588,persona_natural,0
P-06267,persona_juridica,0
N-01825,persona_natural,1
P-14257,persona_juridica,0
UT-28320,union_temporal,0
P-23548,persona_juridica,0
P-13141,persona_juridica,0
UT-29092,union_temporal,0
P-51224,persona_juridica,1
P-25152,persona_juridica,0
N-19270,persona_natural,0
N-13528,persona_natural,0
N-19537,persona_natural,0
P-26846,persona_juridica,0
P-05636,persona_juridica,0
UT-42852,union_temporal,0
P-47816,persona_juridica,0
N-18294,persona_natural,0
P-13772,persona_juridica,0
P-42687,persona_juridica,0
N-13165,persona_natural,0
P-09042,persona_juridica,1
P-01092,persona_juridica,0
N-26862,persona_natural,1
P-46415,persona_juridica,0
N-20171,persona_natural,0
P-38730,persona_juridica,0
N-27174,persona_natural,0
UT-1044,union_temporal,0
P-16324,persona_juridica,0
P-25725,persona_juridica,0
P-13976,persona_juridica,0
N-19531,persona_natural,0
N-21583,persona_natural,0
N-12442,persona_natural,0
UT-19130,union_temporal,0
P-49335,persona_juridica,0
N-10644,persona_natural,0
N-37980,persona_natural,0
N-09873,persona_natural,0
P-00062,persona_juridica,0
P-38134,persona_juridica,0
N-00224,persona_natural,0
N-07014,persona_natural,0
P-39589,persona_juridica,0
N-08443,persona_natural,1
N-02058,persona_natural,0
N-16980,persona_natural,0
P-42514,persona_juridica,0
N-22574,persona_natural,0
N-25198,persona_natural,0
P-40679,persona_juridica,0
P-08511,persona_juridica,0
N-31664,persona_natural,0
P-27099,persona_juridica,0
P-30373,persona_juridica,0
P-16167,persona_juridica,1
P-11494,persona_juridica,0
P-17220,persona_juridica,0
P-01974,persona_juridica,0
P-24787,persona_juridica,1
P-05817,persona_juridica,0
P-06827,persona_juridica,0
N-22798,persona_natural,0
N-27951,persona_natural,0
P-25563,persona_juridica,0
P-09918,persona_juridica,0
UT-33834,union_temporal,0
N-01321,persona_natural,0
N-18144,persona_natural,1
N-31967,persona_natural,0
N-19266,persona_natural,0
N-05326,persona_natural,0
UT-40581,union_temporal,0
UT-28334,union_temporal,0
P-12199,persona_juridica,0
P-18122,persona_juridica,0
N-21356,persona_natural,0
N-20945,persona_natural,1
N-06429,persona_natural,0
P-27818,persona_juridica,0
P-35705,persona_juridica,0
P-47113,persona_juridica,0
P-11962,persona_juridica,0
UT-3463,union_temporal,0
N-33012,persona_natural,0
UT-5877,union_temporal,0
P-40866,persona_juridica,1
P-07209,persona_juridica,1
P-01349,persona_juridica,0
P-40002,persona_juridica,0
N-32127,persona_natural,0
N-27941,persona_natural,0
P-49890,persona_juridica,0
P-08606,persona_juridica,0
P-25443,persona_juridica,0
N-18709,persona_natural,0
P-30222,persona_juridica,0
P-51268,persona_juridica,0
P-44308,persona_juridica,0
UT-40658,union_temporal,0
P-09678,persona_juridica,0
P-05372,persona_juridica,0
N-11401,persona_natural,0
P-36630,persona_juridica,0
P-47130,persona_juridica,0
P-25624,persona_juridica,0
P-42545,persona_juridica,0
N-18122,persona_natural,0
P-02516,persona_juridica,0
P-00613,persona_juridica,0
P-14927,persona_juridica,0
N-09966,persona_natural,1
N-32218,persona_natural,0
P-29283,persona_juridica,0
N-29525,persona_natural,0
P-01671,persona_juridica,0
N-20688,persona_natural,0
P-14352,persona_juridica,0
P-36827,persona_juridica,0
P-13816,persona_juridica,0
N-18876,persona_natural,0
P-14206,persona_juridica,0
P-25344,persona_juridica,0
N-18547,persona_natural,0
P-48481,persona_juridica,0
N-28285,persona_natural,1
P-32404,persona_juridica,0
N-37937,persona_natural,0
P-42508,persona_juridica,0
N-32643,persona_natural,1
N-17811,persona_natural,0
P-35616,persona_juridica,0
UT-1343,union_temporal,0
N-35877,persona_natural,0
N-15943,persona_natural,0
P-07334,persona_juridica,0
P-12479,persona_juridica,0
N-16362,persona_natural,0
P-44439,persona_juridica,0
P-14743,persona_juridica,0
UT-22187,union_temporal,0
N-01899,persona_natural,0
P-28431,persona_juridica,0
N-12728,persona_natural,0
UT-21265,union_temporal,0
P-24956,persona_juridica,0
P-40019,persona_juridica,0
N-03448,persona_natural,0
N-05220,persona_natural,0
N-23434,persona_natural,0
UT-9886,union_temporal,0
P-45137,persona_juridica,0
UT-11040,union_temporal,0
N-16116,persona_natural,1
N-13926,persona_natural,0
N-12663,persona_natural,1
N-29427,persona_natural,0
P-44183,persona_juridica,0
N-18753,persona_natural,0
N-24914,persona_natural,0
N-26028,persona_natural,0
N-18869,persona_natural,0
P-29380,persona_juridica,0
UT-39187,union_temporal,0
P-50542,persona_juridica,0
N-19070,persona_natural,1
N-20276,persona_natural,0
N-37087,persona_natural,0
P-37587,persona_juridica,0
P-29003,persona_juridica,0
P-02046,persona_juridica,0
P-00320,persona_juridica,0
UT-0124,union_temporal,0
P-14993,persona_juridica,0
P-05873,persona_juridica,0
P-28251,persona_juridica,0
N-37251,persona_natural,0
N-17569,persona_natural,1
N-10087,persona_natural,0
P-03011,persona_juridica,1
P-08077,persona_juridica,0
P-01145,persona_juridica,0
N-18850,persona_natural,0
N-04425,persona_natural,0
P-49429,persona_juridica,0
N-13046,persona_natural,0
P-14458,persona_juridica,0
N-03149,persona_natural,0
N-06284,persona_natural,0
N-09018,persona_natural,0
N-37281,persona_natural,0
N-12916,persona_natural,0
N-16809,persona_natural,0
N-01488,persona_natural,0
N-18748,persona_natural,0
P-26778,persona_juridica,0
P-34808,persona_juridica,0
P-47923,persona_juridica,0
N-05769,persona_natural,0
P-03867,persona_juridica,0
P-10485,persona_juridica,0
UT-45165,union_temporal,0
N-09686,persona_natural,0
N-24477,persona_natural,0
P-14341,persona_juridica,0
N-01906,persona_natural,0
N-20972,persona_natural,0
P-22509,persona_juridica,1
N-33956,persona_natural,0
N-13555,persona_natural,0
UT-25828,union_temporal,0
P-01400,persona_juridica,0
P-32824,persona_juridica,0
P-07464,persona_juridica,0
P-19380,persona_juridica,0
P-23972,persona_juridica,1
N-04941,persona_natural,0
P-22374,persona_juridica,0
N-27385,persona_natural,0
N-27005,persona_natural,0
P-17014,persona_juridica,0
P-51270,persona_juridica,0
N-33919,persona_natural,0
P-23990,persona_juridica,0
P-14687,persona_juridica,0
P-46920,persona_juridica,0
P-04985,persona_juridica,0
N-37549,persona_natural,0
P-37122,persona_juridica,0
N-29596,persona_natural,0
P-33771,persona_juridica,0
N-14983,persona_natural,1
N-34204,persona_natural,0
N-09023,persona_natural,0
P-27018,persona_juridica,0
N-32817,persona_natural,0
N-35182,persona_natural,0
N-34522,persona_natural,0
P-17698,persona_juridica,0
N-16265,persona_natural,0
P-40576,persona_juridica,0
N-27813,persona_natural,0
N-15379,persona_natural,0
N-31268,persona_natural,0
N-27435,persona_natural,1
N-13843,persona_natural,0
N-21984,persona_natural,0
P-27947,persona_juridica,0
N-10015,persona_natural,0
P-43968,persona_juridica,0
N-07729,persona_natural,1
P-27926,persona_juridica,0
P-01151,persona_juridica,0
N-35190,persona_natural,0
P-01945,persona_juridica,0
N-34217,persona_natural,1
N-23170,persona_natural,0
P-05007,persona_juridica,0
P-25677,persona_juridica,0
N-19720,persona_natural,0
P-39136,persona_juridica,0
P-27398,persona_juridica,0
N-31765,persona_natural,1
P-40586,persona_juridica,0
P-20923,persona_juridica,0
N-19414,persona_natural,0
P-13758,persona_juridica,0
P-32919,persona_juridica,0
P-24326,persona_juridica,0
N-17733,persona_natural,0
N-11872,persona_natural,0
P-24681,persona_juridica,0
P-33818,persona_juridica,0
P-26116,persona_juridica,0
N-34895,persona_natural,0
N-36867,persona_natural,0
P-15689,persona_juridica,0
P-12646,persona_juridica,0
P-36680,persona_juridica,0
P-30272,persona_juridica,0
N-09934,persona_natural,0
P-50711,persona_juridica,0
N-06394,persona_natural,0
P-46305,persona_juridica,0
P-39686,persona_juridica,0
UT-37990,union_temporal,0
N-26661,persona_natural,0
P-07412,persona_juridica,0
P-37464,persona_juridica,0
N-32295,persona_natural,0
N-22863,persona_natural,0
P-21737,persona_juridica,0
UT-10672,union_temporal,0
P-46382,persona_juridica,0
N-04107,persona_natural,0
UT-16562,union_temporal,0
N-00262,persona_natural,0
P-32378,persona_juridica,0
N-01958,persona_natural,0
N-07997,persona_natural,0
N-13791,persona_natural,0
N-24663,persona_natural,0
P-12174,persona_juridica,0
UT-17202,union_temporal,0
UT-35035,union_temporal,0
N-11542,persona_natural,1
P-43985,persona_juridica,1
P-49869,persona_juridica,0
N-04719,persona_natural,0
N-27367,persona_natural,0
N-21787,persona_natural,0
N-23451,persona_natural,0
P-06969,persona_juridica,0
N-34172,persona_natural,0
UT-18358,union_temporal,0
N-10774,persona_natural,0
N-05760,persona_natural,0
N-04305,persona_natural,0
N-13532,persona_natural,0
N-09656,persona_natural,1
N-01855,persona_natural,0
N-30836,persona_natural,1
N-13602,persona_natural,0
P-13232,persona_juridica,0
P-49396,persona_juridica,0
P-26317,persona_juridica,0
N-19396,persona_natural,0
N-25982,persona_natural,0
P-11577,persona_juridica,0
N-21612,persona_natural,0
P-27756,persona_juridica,0
N-17438,persona_natural,0
N-01272,persona_natural,0
P-01542,persona_juridica,0
N-23581,persona_natural,0
P-04057,persona_juridica,0
P-50976,persona_juridica,1
N-27067,persona_natural,0
P-38276,persona_juridica,0
N-32347,persona_natural,0
P-44289,persona_juridica,1
P-05822,persona_juridica,0
P-28483,persona_juridica,0
P-10280,persona_juridica,0
N-22935,persona_natural,0
P-16835,persona_juridica,0
N-36808,persona_natural,0
N-03513,persona_natural,0
P-45182,persona_juridica,0
P-09570,persona_juridica,0
P-05522,persona_juridica,0
N-10218,persona_natural,0
P-02955,persona_juridica,0
N-01360,persona_natural,1
UT-46135,union_temporal,0
N-32802,persona_natural,0
P-06523,persona_juridica,0
P-45380,persona_juridica,0
UT-22000,union_temporal,0
N-22895,persona_natural,0
N-27614,persona_natural,0
P-41938,persona_juridica,1
UT-23248,union_temporal,0
P-30106,persona_juridica,1
P-41345,persona_juridica,0
P-36150,persona_juridica,0
N-06322,persona_natural,0
N-00280,persona_natural,0
P-31160,persona_juridica,0
P-23714,persona_juridica,0
N-01100,persona_natural,0
P-50957,persona_juridica,0
N-19487,persona_natural,0
N-11125,persona_natural,0
P-30276,persona_juridica,0
P-43269,persona_juridica,0
UT-45935,union_temporal,0
P-25734,persona_juridica,1
P-41191,persona_juridica,0
N-15109,persona_natural,0
P-27985,persona_juridica,0
N-32546,persona_natural,0
P-01270,persona_juridica,0
N-31030,persona_natural,0
N-31384,persona_natural,0
P-43246,persona_juridica,0
UT-13501,union_temporal,0
N-00580,persona_natural,0
N-05099,persona_natural,0
P-15828,persona_juridica,0
P-20642,persona_juridica,1
N-37964,persona_natural,0
N-23898,persona_natural,0
N-09971,persona_natural,1
P-11915,persona_juridica,0
N-24222,persona_natural,0
P-46833,persona_juridica,0
P-05369,persona_juridica,0
P-41586,persona_juridica,0
N-24117,persona_natural,0
N-20557,persona_natural,0
N-10223,persona_natural,0
P-17187,persona_juridica,0
P-31727,persona_juridica,0
N-27489,persona_natural,0
P-27500,persona_juridica,0
N-31633,persona_natural,0
N-15358,persona_natural,0
P-29178,persona_juridica,0
P-13246,persona_juridica,0
UT-45718,union_temporal,0
N-23153,persona_natural,0
P-01265,persona_juridica,0
P-07916,persona_juridica,0
P-47295,persona_juridica,0
P-48639,persona_juridica,0
P-21433,persona_juridica,0
N-10590,persona_natural,0
P-43958,persona_juridica,0
P-26871,persona_juridica,0
N-15073,persona_natural,1
P-27620,persona_juridica,1
P-33041,persona_juridica,0
N-22283,persona_natural,0
P-04949,persona_juridica,0
N-22383,persona_natural,0
P-06440,persona_juridica,1
P-38668,persona_juridica,0
N-23614,persona_natural,0
P-30170,persona_juridica,0
P-35143,persona_juridica,0
P-30158,persona_juridica,0
P-33300,persona_juridica,0
P-42734,persona_juridica,0
P-35420,persona_juridica,0
P-41333,persona_juridica,0
N-32641,persona_natural,0
N-25150,persona_natural,0
N-19955,persona_natural,0
N-35496,persona_natural,0
P-14372,persona_juridica,0
P-42741,persona_juridica,0
P-30411,persona_juridica,0
UT-5705,union_temporal,0
P-12597,persona_juridica,0
P-42259,persona_juridica,0
UT-36448,union_temporal,0
P-19680,persona_juridica,0
N-05714,persona_natural,1
N-17799,persona_natural,0
P-41668,persona_juridica,0
P-36386,persona_juridica,0
N-09060,persona_natural,0
N-04910,persona_natural,0
P-00190,persona_juridica,0
P-33054,persona_juridica,0
N-17339,persona_natural,0
P-20024,persona_juridica,0
N-36035,persona_natural,0
N-37718,persona_natural,0
N-04133,persona_natural,0
N-21775,persona_natural,1
N-26998,persona_natural,1
P-11821,persona_juridica,1
N-23345,persona_natural,0
P-47928,persona_juridica,0
N-00605,persona_natural,0
P-05603,persona_juridica,0
N-35464,persona_natural,0
N-18229,persona_natural,1
P-45703,persona_juridica,0
UT-3770,union_temporal,0
P-01079,persona_juridica,0
P-35330,persona_juridica,0
N-16663,persona_natural,0
P-00996,persona_juridica,0
N-12142,persona_natural,0
P-03810,persona_juridica,0
N-11914,persona_natural,0
UT-39269,union_temporal,0
UT-23518,union_temporal,0
N-13666,persona_natural,0
N-25897,persona_natural,0
P-28099,persona_juridica,0
N-03618,persona_natural,0
N-28754,persona_natural,0
N-02719,persona_natural,0
P-35750,persona_juridica,0
P-32540,persona_juridica,0
N-06956,persona_natural,0
P-14751,persona_juridica,0
N-17392,persona_natural,0
UT-18346,union_temporal,0
P-20169,persona_juridica,0
N-11739,persona_natural,1
N-12464,persona_natural,0
P-11703,persona_juridica,0
UT-14932,union_temporal,0
P-06111,persona_juridica,0
P-41570,persona_juridica,0
P-27451,persona_juridica,0
N-15893,persona_natural,0
N-30383,persona_natural,0
P-51411,persona_juridica,0
P-17535,persona_juridica,0
UT-39837,union_temporal,0
P-25934,persona_juridica,1
N-04900,persona_natural,1
P-31016,persona_juridica,1
N-03511,persona_natural,0
P-22587,persona_juridica,0
P-17227,persona_juridica,0
P-20855,persona_juridica,0
P-49736,persona_juridica,0
N-05538,persona_natural,0
P-22272,persona_juridica,1
N-10384,persona_natural,1
P-14716,persona_juridica,0
UT-9289,union_temporal,0
P-11868,persona_juridica,0
P-28582,persona_juridica,0
N-26488,persona_natural,0
P-33338,persona_juridica,0
P-00479,persona_juridica,0
N-29296,persona_natural,0
N-25325,persona_natural,0
P-31085,persona_juridica,1
UT-7853,union_temporal,0
UT-11724,union_temporal,0
N-22487,persona_natural,0
P-00825,persona_juridica,0
P-33653,persona_juridica,1
P-45857,persona_juridica,0
UT-40252,union_temporal,0
P-09316,persona_juridica,0
P-14382,persona_juridica,1
P-04412,persona_juridica,0
P-25845,persona_juridica,0
P-42703,persona_juridica,0
N-14949,persona_natural,0
N-19612,persona_natural,1
P-08200,persona_juridica,1
N-26668,persona_natural,0
P-07805,persona_juridica,0
P-02777,persona_juridica,0
P-04152,persona_juridica,0
P-43374,persona_juridica,0
N-11393,persona_natural,0
P-45588,persona_juridica,0
N-16712,persona_natural,0
N-10614,persona_natural,0
P-12216,persona_juridica,0
UT-42979,union_temporal,0
N-28040,persona_natural,0
P-06512,persona_juridica,0
N-03493,persona_natural,0
P-06649,persona_juridica,0
P-07318,persona_juridica,0
N-06537,persona_natural,0
P-38762,persona_juridica,0
N-24794,persona_natural,0
N-08228,persona_natural,0
P-39409,persona_juridica,0
UT-25092,union_temporal,0
UT-28368,union_temporal,0
N-26244,persona_natural,0
N-16671,persona_natural,1
N-24227,persona_natural,0
N-35348,persona_natural,0
N-02638,persona_natural,0
P-50347,persona_juridica,0
N-12444,persona_natural,0
N-31622,persona_natural,0
N-10698,persona_natural,0
N-02578,persona_natural,0
N-26768,persona_natural,0
N-20458,persona_natural,0
P-46842,persona_juridica,0
P-17771,persona_juridica,0
P-21051,persona_juridica,0
N-03560,persona_natural,0
P-05992,persona_juridica,0
P-06468,persona_juridica,0
N-04753,persona_natural,0
P-01991,persona_juridica,0
P-47777,persona_juridica,0
UT-39127,union_temporal,0
N-10421,persona_natural,0
N-35384,persona_natural,1
P-50491,persona_juridica,0
P-40130,persona_juridica,0
P-06691,persona_juridica,0
N-24083,persona_natural,0
N-20664,persona_natural,0
P-35426,persona_juridica,0
N-26598,persona_natural,0
P-21604,persona_juridica,0
N-10381,persona_natural,0
N-09086,persona_natural,0
N-16143,persona_natural,0
N-10001,persona_natural,1
UT-18444,union_temporal,0
P-33813,persona_juridica,0
P-08357,persona_juridica,0
P-12456,persona_juridica,0
P-44430,persona_juridica,0
P-32569,persona_juridica,0
P-34379,persona_juridica,0
N-12747,persona_natural,0
P-32999,persona_juridica,0
UT-25605,union_temporal,0
P-51258,persona_juridica,0
N-12373,persona_natural,1
N-16459,persona_natural,0
P-07016,persona_juridica,0
P-18463,persona_juridica,0
P-37533,persona_juridica,0
N-23693,persona_natural,0
N-02359,persona_natural,0
N-34484,persona_natural,0
P-31764,persona_juridica,0
P-43625,persona_juridica,0
N-35960,persona_natural,0
P-32041,persona_juridica,0
P-11335,persona_juridica,0
P-33759,persona_juridica,0
P-03024,persona_juridica,0
N-25954,persona_natural,0
N-16577,persona_natural,0
UT-18107,union_temporal,0
N-22098,persona_natural,0
N-07096,persona_natural,0
P-40917,persona_juridica,0
UT-6125,union_temporal,0
N-15061,persona_natural,0
P-09976,persona_juridica,0
N-14411,persona_natural,0
N-24793,persona_natural,0
N-21172,persona_natural,0
N-00064,persona_natural,0
N-15074,persona_natural,0
P-42076,persona_juridica,0
N-16597,persona_natural,0
N-24115,persona_natural,0
P-16044,persona_juridica,0
P-32562,persona_juridica,0
N-02076,persona_natural,0
UT-13788,union_temporal,0
P-36174,persona_juridica,0
N-17555,persona_natural,0
P-38709,persona_juridica,0
P-35852,persona_juridica,0
P-00828,persona_juridica,0
P-04358,persona_juridica,0
P-07774,persona_juridica,0
N-27271,persona_natural,0
N-30158,persona_natural,0
P-23874,persona_juridica,0
P-29233,persona_juridica,0
P-07592,persona_juridica,0
N-34055,persona_natural,0
P-13265,persona_juridica,0
P-39828,persona_juridica,0
P-04390,persona_juridica,0
P-36934,persona_juridica,0
N-18318,persona_natural,0
P-48417,persona_juridica,0
P-12877,persona_juridica,0
P-17295,persona_juridica,0
P-00546,persona_juridica,0
N-09551,persona_natural,0
N-33790,persona_natural,0
N-07439,persona_natural,0
P-20561,persona_juridica,0
N-06895,persona_natural,0
P-40254,persona_juridica,0
N-22173,persona_natural,0
N-01380,persona_natural,0
P-15244,persona_juridica,0
N-26835,persona_natural,0
P-16162,persona_juridica,0
N-22180,persona_natural,0
P-08702,persona_juridica,1
N-08367,persona_natural,0
N-28369,persona_natural,0
UT-9430,union_temporal,0
N-06100,persona_natural,0
N-33798,persona_natural,0
N-18681,persona_natural,0
N-32576,persona_natural,0
N-00558,persona_natural,0
P-30940,persona_juridica,1
UT-6225,union_temporal,0
P-12001,persona_juridica,0
UT-40359,union_temporal,0
P-30895,persona_juridica,0
P-21476,persona_juridica,0
P-35437,persona_juridica,0
N-36147,persona_natural,0
P-34927,persona_juridica,0
N-16007,persona_natural,0
P-42246,persona_juridica,0
N-33952,persona_natural,0
P-27542,persona_juridica,0
P-07915,persona_juridica,0
P-14644,persona_juridica,0
N-07889,persona_natural,1
N-22669,persona_natural,0
P-50058,persona_juridica,0
N-05982,persona_natural,0
N-01439,persona_natural,0
P-14640,persona_juridica,0
N-37730,persona_natural,0
P-28554,persona_juridica,0
P-06308,persona_juridica,0
N-00819,persona_natural,0
UT-36036,union_temporal,0
P-03979,persona_juridica,0
P-20968,persona_juridica,0
P-09467,persona_juridica,0
P-24081,persona_juridica,0
P-44488,persona_juridica,0
P-17704,persona_juridica,0
P-23308,persona_juridica,1
N-32792,persona_natural,0
P-45828,persona_juridica,0
N-19596,persona_natural,0
UT-28422,union_temporal,0
P-23876,persona_juridica,1
P-06889,persona_juridica,0
P-32767,persona_juridica,0
N-05547,persona_natural,0
N-00649,persona_natural,0
N-35619,persona_natural,0
P-32550,persona_juridica,1
P-36552,persona_juridica,0
P-32033,persona_juridica,0
P-12535,persona_juridica,0
N-36494,persona_natural,0
N-19811,persona_natural,0
P-45585,persona_juridica,0
P-28105,persona_juridica,0
N-32677,persona_natural,0
N-16107,persona_natural,0
P-27404,persona_juridica,0
P-16526,persona_juridica,1
N-35898,persona_natural,0
P-09413,persona_juridica,0
N-19049,persona_natural,0
P-02981,persona_juridica,0
P-44609,persona_juridica,0
N-13054,persona_natural,0
P-33864,persona_juridica,1
N-33490,persona_natural,0
P-18139,persona_juridica,0
P-26009,persona_juridica,1
N-11716,persona_natural,0
N-00935,persona_natural,0
P-10941,persona_juridica,0
P-51141,persona_juridica,0
N-34218,persona_natural,0
P-46399,persona_juridica,0
P-20418,persona_juridica,0
P-42279,persona_juridica,0
N-13041,persona_natural,0
P-13919,persona_juridica,0
UT-42709,union_temporal,0
P-32805,persona_juridica,0
N-25930,persona_natural,0
UT-19464,union_temporal,0
P-17961,persona_juridica,0
P-05161,persona_juridica,0
N-02349,persona_natural,0
UT-13522,union_temporal,0
P-01607,persona_juridica,0
N-02024,persona_natural,0
N-16959,persona_natural,0
P-04303,persona_juridica,0
P-05324,persona_juridica,0
P-35660,persona_juridica,0
N-13624,persona_natural,0
N-23328,persona_natural,0
P-02193,persona_juridica,0
N-24844,persona_natural,0
P-24226,persona_juridica,0
UT-40257,union_temporal,0
P-28895,persona_juridica,0
N-10478,persona_natural,1
N-05394,persona_natural,0
P-45181,persona_juridica,0
P-03117,persona_juridica,0
N-16689,persona_natural,0
P-07013,persona_juridica,0
P-28757,persona_juridica,0
P-45211,persona_juridica,0
UT-37645,union_temporal,0
N-08397,persona_natural,0
N-07033,persona_natural,0
N-26482,persona_natural,0
P-42836,persona_juridica,0
P-23122,persona_juridica,0
N-03074,persona_natural,0
N-29538,persona_natural,0
UT-12126,union_temporal,0
P-44844,persona_juridica,0
P-16875,persona_juridica,0
N-37435,persona_natural,0
P-35843,persona_juridica,0
P-14746,persona_juridica,0
P-24766,persona_juridica,1
N-09995,persona_natural,0
P-09450,persona_juridica,0
P-04235,persona_juridica,0
P-02406,persona_juridica,0
N-33389,persona_natural,0
P-38331,persona_juridica,0
P-33779,persona_juridica,1
N-12233,persona_natural,0
P-36565,persona_juridica,0
P-32231,persona_juridica,1
N-18191,persona_natural,0
P-33625,persona_juridica,0
P-08730,persona_juridica,0
P-37327,persona_juridica,0
N-16026,persona_natural,1
P-03187,persona_juridica,0
N-04773,persona_natural,0
N-27296,persona_natural,0
N-34160,persona_natural,0
N-14631,persona_natural,0
N-30181,persona_natural,0
UT-8496,union_temporal,0
P-50615,persona_juridica,0
P-33817,persona_juridica,0
N-04714,persona_natural,0
P-22799,persona_juridica,0
UT-22626,union_temporal,0
P-17083,persona_juridica,0
N-34519,persona_natural,0
N-07237,persona_natural,0
P-06439,persona_juridica,0
N-29913,persona_natural,0
P-07201,persona_juridica,1
N-06186,persona_natural,0
P-16424,persona_juridica,0
N-28897,persona_natural,0
P-50836,persona_juridica,0
N-01467,persona_natural,1
N-32442,persona_natural,0
P-41551,persona_juridica,0
P-25635,persona_juridica,0
P-00566,persona_juridica,0
P-14346,persona_juridica,0
N-06681,persona_natural,0
P-45785,persona_juridica,0
P-35858,persona_juridica,0
UT-31764,union_temporal,0
P-01716,persona_juridica,0
P-12248,persona_juridica,0
N-14739,persona_natural,0
N-12892,persona_natural,0
P-38461,persona_juridica,0
UT-42121,union_temporal,0
N-23732,persona_natural,1
N-31344,persona_natural,0
UT-45391,union_temporal,0
N-08307,persona_natural,0
UT-0664,union_temporal,0
N-09905,persona_natural,0
P-27455,persona_juridica,0
P-50034,persona_juridica,0
P-30300,persona_juridica,0
P-49010,persona_juridica,0
P-13146,persona_juridica,0
N-09802,persona_natural,0
N-32636,persona_natural,0
P-04844,persona_juridica,0
P-04248,persona_juridica,0
P-36428,persona_juridica,0
N-13800,persona_natural,0
P-22991,persona_juridica,0
P-31176,persona_juridica,0
N-17860,persona_natural,0
N-20599,persona_natural,0
N-10149,persona_natural,1
N-21256,persona_natural,0
P-47927,persona_juridica,0
UT-15702,union_temporal,0
N-17365,persona_natural,0
N-36851,persona_natural,0
N-38047,persona_natural,0
P-12545,persona_juridica,1
N-15598,persona_natural,0
UT-25169,union_temporal,0
N-22065,persona_natural,0
P-26759,persona_juridica,0
P-23516,persona_juridica,0
P-18560,persona_juridica,0
N-35083,persona_natural,0
P-01512,persona_juridica,0
P-24949,persona_juridica,0
N-16383,persona_natural,0
N-08028,persona_natural,0
N-29251,persona_natural,1
P-42833,persona_juridica,0
N-07962,persona_natural,0
P-13031,persona_juridica,0
N-22563,persona_natural,0
P-07552,persona_juridica,0
P-41249,persona_juridica,0
N-20193,persona_natural,0
P-22351,persona_juridica,0
N-09863,persona_natural,0
UT-38441,union_temporal,0
N-14127,persona_natural,0
N-11852,persona_natural,0
N-11350,persona_natural,0
P-50773,persona_juridica,0
P-04165,persona_juridica,1
N-04212,persona_natural,0
P-24798,persona_juridica,0
N-05586,persona_natural,0
UT-39100,union_temporal,0
N-12415,persona_natural,0
N-31668,persona_natural,0
P-32512,persona_juridica,0
N-34110,persona_natural,0
P-11733,persona_juridica,0
N-12599,persona_natural,1
P-39417,persona_juridica,0
P-36227,persona_juridica,0
N-24356,persona_natural,0
P-26218,persona_juridica,0
P-51211,persona_juridica,0
N-08811,persona_natural,1
N-15683,persona_natural,0
N-20689,persona_natural,0
P-41169,persona_juridica,0
P-45500,persona_juridica,1
P-29005,persona_juridica,0
P-28084,persona_juridica,0
N-18350,persona_natural,0
P-43539,persona_juridica,0
P-42595,persona_juridica,0
P-17840,persona_juridica,0
P-05084,persona_juridica,0
P-29788,persona_juridica,0
N-06879,persona_natural,0
P-36480,persona_juridica,0
P-22150,persona_juridica,0
P-04705,persona_juridica,1
N-29569,persona_natural,0
P-22077,persona_juridica,0
N-33000,persona_natural,0
P-31696,persona_juridica,1
P-32858,persona_juridica,0
N-06411,persona_natural,0
N-32458,persona_natural,1
P-28690,persona_juridica,1
P-40089,persona_juridica,0
P-15577,persona_juridica,0
UT-44260,union_temporal,0
P-39094,persona_juridica,0
N-34420,persona_natural,0
P-29139,persona_juridica,0
N-18251,persona_natural,0
N-28628,persona_natural,0
N-27511,persona_natural,0
N-01406,persona_natural,0
UT-15799,union_temporal,0
N-19004,persona_natural,0
P-00390,persona_juridica,0
N-26700,persona_natural,0
P-26659,persona_juridica,0
P-36537,persona_juridica,0
P-37302,persona_juridica,0
P-26657,persona_juridica,0
N-18964,persona_natural,0
N-08235,persona_natural,0
P-22174,persona_juridica,0
N-23571,persona_natural,0
P-32373,persona_juridica,0
UT-7764,union_temporal,0
N-19250,persona_natural,0
P-50382,persona_juridica,1
P-46018,persona_juridica,0
P-38520,persona_juridica,0
N-18519,persona_natural,0
P-07871,persona_juridica,0
P-10380,persona_juridica,1
P-18680,persona_juridica,0
N-00769,persona_natural,0
N-24843,persona_natural,0
P-45435,persona_juridica,0
N-12727,persona_natural,0
P-32929,persona_juridica,0
P-22823,persona_juridica,1
P-30496,persona_juridica,0
P-45710,persona_juridica,0
P-32390,persona_juridica,0
P-15744,persona_juridica,0
N-00629,persona_natural,1
N-01389,persona_natural,0
N-09502,persona_natural,0
N-03747,persona_natural,0
N-15816,persona_natural,0
N-35904,persona_natural,1
P-01633,persona_juridica,0
P-04880,persona_juridica,0
N-11416,persona_natural,0
P-32328,persona_juridica,0
P-04574,persona_juridica,0
N-11072,persona_natural,1
P-47367,persona_juridica,0
P-50565,persona_juridica,0
P-31059,persona_juridica,0
N-21423,persona_natural,1
P-00040,persona_juridica,0
P-17478,persona_juridica,0
P-29672,persona_juridica,0
P-49942,persona_juridica,0
UT-23186,union_temporal,0
N-30363,persona_natural,0
N-10700,persona_natural,0
N-12299,persona_natural,0
N-11971,persona_natural,0
N-03322,persona_natural,1
N-36339,persona_natural,0
P-02396,persona_juridica,0
P-08442,persona_juridica,0
P-30572,persona_juridica,0
P-39209,persona_juridica,1
P-02988,persona_juridica,0
P-25360,persona_juridica,0
N-07163,persona_natural,0
P-35266,persona_juridica,0
P-48335,persona_juridica,0
P-40749,persona_juridica,0
P-01468,persona_juridica,1
N-13736,persona_natural,0
N-05329,persona_natural,0
P-41397,persona_juridica,1
UT-6858,union_temporal,0
P-11484,persona_juridica,1
UT-43618,union_temporal,0
P-03037,persona_juridica,0
P-40094,persona_juridica,0
UT-13256,union_temporal,0
P-09187,persona_juridica,0
N-13461,persona_natural,0
N-26341,persona_natural,0
N-29690,persona_natural,0
P-47090,persona_juridica,0
P-21386,persona_juridica,0
P-12958,persona_juridica,1
P-46331,persona_juridica,0
UT-37263,union_temporal,0
P-33799,persona_juridica,0
P-31482,persona_juridica,0
P-23225,persona_juridica,0
N-08869,persona_natural,1
P-31992,persona_juridica,0
P-41431,persona_juridica,0
P-34806,persona_juridica,0
P-36491,persona_juridica,0
P-28776,persona_juridica,0
N-19238,persona_natural,0
N-17367,persona_natural,0
N-36084,persona_natural,0
P-17044,persona_juridica,0
N-28158,persona_natural,1
P-04614,persona_juridica,0
N-08648,persona_natural,0
P-44908,persona_juridica,0
N-29481,persona_natural,0
N-10011,persona_natural,0
N-29949,persona_natural,0
N-21933,persona_natural,0
N-21136,persona_natural,0
N-27490,persona_natural,0
P-31535,persona_juridica,0
N-00302,persona_natural,0
N-24561,persona_natural,0
N-10598,persona_natural,0
P-39852,persona_juridica,0
N-16660,persona_natural,0
P-06485,persona_juridica,0
P-32988,persona_juridica,0
N-32405,persona_natural,0
P-14988,persona_juridica,0
N-26933,persona_natural,0
P-38606,persona_juridica,0
P-08174,persona_juridica,0
P-14226,persona_juridica,1
N-01275,persona_natural,0
P-48288,persona_juridica,0
N-11235,persona_natural,0
N-00780,persona_natural,0
N-03830,persona_natural,0
UT-24269,union_temporal,0
P-27237,persona_juridica,0
N-26886,persona_natural,0
UT-38026,union_temporal,0
N-36078,persona_natural,1
P-27767,persona_juridica,0
N-34501,persona_natural,0
P-14938,persona_juridica,0
N-11077,persona_natural,0
N-31846,persona_natural,0
P-47483,persona_juridica,0
N-37979,persona_natural,0
P-04802,persona_juridica,0
N-11292,persona_natural,0
P-06856,persona_juridica,0
P-18499,persona_juridica,0
P-28841,persona_juridica,0
N-29546,persona_natural,0
N-22561,persona_natural,0
UT-41913,union_temporal,0
P-10397,persona_juridica,1
P-49365,persona_juridica,1
P-35140,persona_juridica,0
N-04741,persona_natural,0
P-07994,persona_juridica,0
N-01980,persona_natural,0
P-49279,persona_juridica,0
N-12522,persona_natural,0
N-35866,persona_natural,0
N-27484,persona_natural,0
UT-20872,union_temporal,0
P-36730,persona_juridica,0
N-32260,persona_natural,0
N-01107,persona_natural,1
N-13904,persona_natural,0
N-00664,persona_natural,0
N-16926,persona_natural,0
N-09672,persona_natural,0
P-47263,persona_juridica,0
N-04168,persona_natural,0
N-28842,persona_natural,0
N-20148,persona_natural,1
N-34627,persona_natural,1
N-32103,persona_natural,0
N-24911,persona_natural,0
P-39373,persona_juridica,0
N-32846,persona_natural,0
P-34907,persona_juridica,0
N-20920,persona_natural,0
N-13497,persona_natural,0
P-49845,persona_juridica,0
N-36254,persona_natural,0
P-11454,persona_juridica,0
N-12030,persona_natural,1
UT-40940,union_temporal,0
P-33569,persona_juridica,0
N-16893,persona_natural,0
P-23444,persona_juridica,0
N-06574,persona_natural,0
UT-25165,union_temporal,0
P-02569,persona_juridica,0
P-41073,persona_juridica,0
UT-8955,union_temporal,0
N-32865,persona_natural,0
N-19914,persona_natural,0
N-23065,persona_natural,1
N-16067,persona_natural,0
UT-40950,union_temporal,0
P-09308,persona_juridica,0
P-15820,persona_juridica,0
N-31026,persona_natural,0
N-27252,persona_natural,0
N-20643,persona_natural,1
N-11732,persona_natural,1
P-37082,persona_juridica,0
P-13087,persona_juridica,0
P-39534,persona_juridica,0
N-38003,persona_natural,0
P-31722,persona_juridica,0
N-03733,persona_natural,0
P-29713,persona_juridica,0
P-18822,persona_juridica,0
P-46351,persona_juridica,0
P-41081,persona_juridica,0
P-23476,persona_juridica,0
N-13111,persona_natural,0
P-31821,persona_juridica,0
UT-37899,union_temporal,0
N-15858,persona_natural,0
P-15942,persona_juridica,0
P-01433,persona_juridica,0
N-18174,persona_natural,0
P-07004,persona_juridica,0
N-12796,persona_natural,0
P-47701,persona_juridica,0
P-50330,persona_juridica,0
P-18302,persona_juridica,0
N-32012,persona_natural,1
P-43051,persona_juridica,0
UT-39243,union_temporal,0
P-09731,persona_juridica,0
N-12315,persona_natural,0
N-15500,persona_natural,0
UT-12742,union_temporal,0
N-32000,persona_natural,0
N-05457,persona_natural,1
P-39817,persona_juridica,0
P-22731,persona_juridica,0
UT-31523,union_temporal,0
P-42312,persona_juridica,0
P-20171,persona_juridica,0
UT-39808,union_temporal,0
P-42251,persona_juridica,0
P-24568,persona_juridica,0
P-03859,persona_juridica,0
P-38724,persona_juridica,0
N-31153,persona_natural,0
P-00425,persona_juridica,0
P-46829,persona_juridica,0
P-41659,persona_juridica,0
P-20164,persona_juridica,0
P-16425,persona_juridica,0
P-30062,persona_juridica,0
P-51097,persona_juridica,0
N-22062,persona_natural,0
N-08682,persona_natural,0
N-06484,persona_natural,0
P-40063,persona_juridica,0
N-15206,persona_natural,0
P-01426,persona_juridica,1
N-21187,persona_natural,0
N-10426,persona_natural,1
P-48138,persona_juridica,0
P-18681,persona_juridica,0
N-11066,persona_natural,0
P-51144,persona_juridica,0
P-08636,persona_juridica,0
P-32350,persona_juridica,0
N-07874,persona_natural,0
N-27672,persona_natural,0
N-35201,persona_natural,0
P-27897,persona_juridica,0
P-07537,persona_juridica,0
N-37379,persona_natural,0
N-37322,persona_natural,0
UT-29502,union_temporal,0
P-34325,persona_juridica,0
P-38596,persona_juridica,0
P-35969,persona_juridica,0
P-32861,persona_juridica,0
P-15243,persona_juridica,0
P-28200,persona_juridica,0
P-42260,persona_juridica,0
N-02372,persona_natural,1
UT-31759,union_temporal,0
P-18270,persona_juridica,0
N-05700,persona_natural,0
P-21331,persona_juridica,0
P-10504,persona_juridica,0
P-15086,persona_juridica,0
P-07272,persona_juridica,0
N-04221,persona_natural,0
N-31371,persona_natural,0
N-32065,persona_natural,0
N-35909,persona_natural,0
P-33720,persona_juridica,0
P-49665,persona_juridica,0
N-15676,persona_natural,0
N-03413,persona_natural,0
P-05118,persona_juridica,0
P-47703,persona_juridica,0
P-34479,persona_juridica,1
P-12229,persona_juridica,0
P-32455,persona_juridica,0
N-02293,persona_natural,0
N-22731,persona_natural,0
P-20179,persona_juridica,0
P-46357,persona_juridica,0
UT-41070,union_temporal,0
N-13478,persona_natural,0
N-03039,persona_natural,0
N-18227,persona_natural,0
P-50518,persona_juridica,0
P-21450,persona_juridica,0
UT-36451,union_temporal,0
N-26695,persona_natural,1
P-24114,persona_juridica,0
P-30237,persona_juridica,0
N-20811,persona_natural,0
P-43242,persona_juridica,0
N-08241,persona_natural,0
P-41044,persona_juridica,0
N-26074,persona_natural,1
UT-32081,union_temporal,0
P-24993,persona_juridica,0
P-33644,persona_juridica,0
P-50993,persona_juridica,0
P-15012,persona_juridica,0
N-19456,persona_natural,0
N-18188,persona_natural,0
P-21802,persona_juridica,0
N-18033,persona_natural,0
P-31401,persona_juridica,0
N-27348,persona_natural,0
P-17460,persona_juridica,0
P-34253,persona_juridica,0
N-37465,persona_natural,0
P-49070,persona_juridica,0
P-33137,persona_juridica,0
P-38010,persona_juridica,0
P-08737,persona_juridica,1
UT-40301,union_temporal,0
N-20777,persona_natural,0
P-22242,persona_juridica,0
UT-25923,union_temporal,0
P-43602,persona_juridica,0
P-38979,persona_juridica,0
N-05492,persona_natural,0
P-30769,persona_juridica,0
P-51438,persona_juridica,1
N-04689,persona_natural,0
UT-11402,union_temporal,0
P-23971,persona_juridica,1
N-07415,persona_natural,0
N-26969,persona_natural,0
P-48571,persona_juridica,0
N-35696,persona_natural,0
N-19708,persona_natural,0
P-38860,persona_juridica,0
N-34906,persona_natural,0
P-07935,persona_juridica,0
P-38387,persona_juridica,0
N-37436,persona_natural,0
P-18996,persona_juridica,1
P-03275,persona_juridica,0
P-07485,persona_juridica,0
P-42135,persona_juridica,0
P-20262,persona_juridica,0
N-10246,persona_natural,0
P-47843,persona_juridica,0
P-35626,persona_juridica,0
N-19329,persona_natural,0
N-03850,persona_natural,0
P-41932,persona_juridica,0
P-14537,persona_juridica,0
P-26818,persona_juridica,1
P-03625,persona_juridica,0
UT-2444,union_temporal,0
P-48256,persona_juridica,0
N-23384,persona_natural,1
UT-41319,union_temporal,0
P-05835,persona_juridica,0
P-19417,persona_juridica,0
P-00130,persona_juridica,0
P-08318,persona_juridica,0
UT-39207,union_temporal,0
N-36624,persona_natural,0
P-23796,persona_juridica,1
UT-32595,union_temporal,0
N-06407,persona_natural,0
P-28061,persona_juridica,0
N-26466,persona_natural,0
P-10973,persona_juridica,0
P-03340,persona_juridica,0
N-19183,persona_natural,0
UT-31393,union_temporal,0
P-14283,persona_juridica,0
N-26839,persona_natural,0
N-11148,persona_natural,0
N-07198,persona_natural,0
N-24392,persona_natural,0
P-01411,persona_juridica,1
P-39637,persona_juridica,0
P-24890,persona_juridica,0
N-07969,persona_natural,1
N-24681,persona_natural,0
N-04251,persona_natural,1
N-18500,persona_natural,0
P-43390,persona_juridica,0
N-19567,persona_natural,0
P-06559,persona_juridica,0
N-05777,persona_natural,0
P-24272,persona_juridica,0
P-07052,persona_juridica,0
P-00691,persona_juridica,0
N-26650,persona_natural,0
P-12785,persona_juridica,0
N-14097,persona_natural,0
N-09640,persona_natural,0
P-04175,persona_juridica,0
N-15164,persona_natural,0
P-09919,persona_juridica,0
N-15310,persona_natural,0
P-50106,persona_juridica,0
P-49660,persona_juridica,0
P-02629,persona_juridica,0
N-17382,persona_natural,0
N-18623,persona_natural,0
N-19184,persona_natural,0
P-35416,persona_juridica,1
P-23974,persona_juridica,1
UT-26258,union_temporal,0
P-40814,persona_juridica,0
N-14844,persona_natural,0
N-07380,persona_natural,0
N-17488,persona_natural,0
N-01808,persona_natural,0
P-39298,persona_juridica,0
P-50424,persona_juridica,1
P-34111,persona_juridica,1
N-34338,persona_natural,0
N-10731,persona_natural,0
P-15274,persona_juridica,0
N-28115,persona_natural,0
P-04024,persona_juridica,1
P-19725,persona_juridica,0
P-32417,persona_juridica,0
N-31046,persona_natural,0
N-00220,persona_natural,0
N-21616,persona_natural,0
N-03423,persona_natural,0
N-33309,persona_natural,0
P-30561,persona_juridica,0
N-11788,persona_natural,0
P-09733,persona_juridica,0
P-33692,persona_juridica,0
N-21795,persona_natural,0
N-28283,persona_natural,0
N-10436,persona_natural,0
P-14636,persona_juridica,0
P-36363,persona_juridica,0
N-19035,persona_natural,0
P-33882,persona_juridica,0
P-10904,persona_juridica,0
P-26851,persona_juridica,0
N-26155,persona_natural,0
N-18224,persona_natural,0
P-40631,persona_juridica,0
N-24171,persona_natural,0
P-24883,persona_juridica,0
N-23512,persona_natural,0
P-50865,persona_juridica,0
P-12128,persona_juridica,0
N-13188,persona_natural,0
N-35743,persona_natural,1
N-12604,persona_natural,0
N-32282,persona_natural,0
P-17963,persona_juridica,0
N-05004,persona_natural,0
N-01465,persona_natural,0
P-22705,persona_juridica,0
P-19858,persona_juridica,0
P-23320,persona_juridica,0
N-04550,persona_natural,1
N-14429,persona_natural,0
N-13629,persona_natural,1
P-13371,persona_juridica,0
P-02893,persona_juridica,0
N-30504,persona_natural,0
P-28751,persona_juridica,0
N-13973,persona_natural,0
N-06623,persona_natural,0
P-04454,persona_juridica,0
P-50083,persona_juridica,0
N-00031,persona_natural,0
N-10457,persona_natural,0
P-09657,persona_juridica,0
N-27936,persona_natural,0
N-02113,persona_natural,0
P-38680,persona_juridica,0
N-25893,persona_natural,0
P-01698,persona_juridica,0
P-47684,persona_juridica,1
P-15462,persona_juridica,0
N-09116,persona_natural,0
P-27834,persona_juridica,1
UT-46277,union_temporal,0
P-41690,persona_juridica,0
P-34244,persona_juridica,0
UT-8782,union_temporal,0
N-13575,persona_natural,0
P-05340,persona_juridica,0
P-24470,persona_juridica,0
UT-0627,union_temporal,0
N-37478,persona_natural,0
N-34900,persona_natural,0
UT-44744,union_temporal,0
P-50296,persona_juridica,0
N-36244,persona_natural,0
N-13080,persona_natural,0
N-10798,persona_natural,0
N-13797,persona_natural,1
UT-30334,union_temporal,0
P-48199,persona_juridica,0
N-33737,persona_natural,0
N-01180,persona_natural,0
N-30276,persona_natural,0
N-32205,persona_natural,0
UT-38565,union_temporal,0
P-09135,persona_juridica,0
P-44714,persona_juridica,0
N-30281,persona_natural,0
P-22372,persona_juridica,0
UT-37910,union_temporal,0
P-38408,persona_juridica,0
N-08778,persona_natural,0
P-45158,persona_juridica,0
N-08046,persona_natural,0
N-20586,persona_natural,0
N-09949,persona_natural,0
P-44180,persona_juridica,0
N-03277,persona_natural,0
N-33813,persona_natural,0
P-29094,persona_juridica,0
P-32406,persona_juridica,0
P-35404,persona_juridica,1
N-28978,persona_natural,0
P-30583,persona_juridica,1
P-09314,persona_juridica,0
N-11336,persona_natural,0
P-30506,persona_juridica,0
N-23459,persona_natural,0
P-23603,persona_juridica,0
P-26909,persona_juridica,0
N-01644,persona_natural,0
P-32537,persona_juridica,0
N-02614,persona_natural,0
N-34430,persona_natural,0
P-37278,persona_juridica,0
N-10509,persona_natural,0
P-39331,persona_juridica,0
N-31994,persona_natural,0
P-12071,persona_juridica,0
P-32165,persona_juridica,0
UT-15141,union_temporal,1
N-32041,persona_natural,0
P-41942,persona_juridica,0
N-05369,persona_natural,0
UT-19812,union_temporal,0
P-31298,persona_juridica,0
UT-3250,union_temporal,0
N-20358,persona_natural,0
P-43525,persona_juridica,0
P-44367,persona_juridica,0
N-13756,persona_natural,0
N-27130,persona_natural,0
N-09030,persona_natural,0
UT-33231,union_temporal,0
P-12918,persona_juridica,0
N-06349,persona_natural,0
UT-13649,union_temporal,0
UT-14813,union_temporal,0
N-17383,persona_natural,0
P-02006,persona_juridica,0
P-50804,persona_juridica,0
P-33121,persona_juridica,0
UT-6558,union_temporal,0
N-24436,persona_natural,0
N-15317,persona_natural,0
P-18770,persona_juridica,0
P-30950,persona_juridica,0
N-34011,persona_natural,0
UT-39754,union_temporal,0
N-19860,persona_natural,0
N-06039,persona_natural,0
UT-37506,union_temporal,0
P-21961,persona_juridica,0
P-41870,persona_juridica,0
N-28025,persona_natural,0
N-33711,persona_natural,0
N-28969,persona_natural,1
N-12702,persona_natural,1
N-12942,persona_natural,0
P-31756,persona_juridica,1
N-21502,persona_natural,0
P-17967,persona_juridica,0
N-27267,persona_natural,0
P-25080,persona_juridica,0
P-38511,persona_juridica,0
P-18054,persona_juridica,0
P-22255,persona_juridica,0
P-20558,persona_juridica,0
P-40243,persona_juridica,0
N-30418,persona_natural,0
P-49159,persona_juridica,0
P-49701,persona_juridica,0
P-16567,persona_juridica,0
P-46618,persona_juridica,0
UT-24643,union_temporal,0
N-10046,persona_natural,0
N-32894,persona_natural,0
P-23470,persona_juridica,1
P-50264,persona_juridica,0
P-19686,persona_juridica,0
P-35373,persona_juridica,0
P-35215,persona_juridica,0
N-11169,persona_natural,0
P-18051,persona_juridica,0
N-36549,persona_natural,0
P-38757,persona_juridica,1
N-23198,persona_natural,0
N-32688,persona_natural,0
P-25206,persona_juridica,0
N-02247,persona_natural,0
P-50538,persona_juridica,0
N-28416,persona_natural,0
N-17270,persona_natural,0
UT-38579,union_temporal,0
UT-32224,union_temporal,0
P-47606,persona_juridica,0
P-46571,persona_juridica,0
P-39374,persona_juridica,0
P-03164,persona_juridica,0
P-35970,persona_juridica,0
P-37810,persona_juridica,0
N-17496,persona_natural,0
UT-38986,union_temporal,0
P-21593,persona_juridica,0
P-32618,persona_juridica,0
P-36199,persona_juridica,0
N-11903,persona_natural,0
P-27681,persona_juridica,0
N-16327,persona_natural,0
P-20001,persona_juridica,0
N-28483,persona_natural,0
N-06856,persona_natural,0
P-08576,persona_juridica,0
N-03641,persona_natural,0
P-32559,persona_juridica,0
N-36544,persona_natural,0
P-03678,persona_juridica,0
P-32314,persona_juridica,0
P-27709,persona_juridica,0
UT-30400,union_temporal,0
P-30273,persona_juridica,0
UT-5216,union_temporal,0
N-07220,persona_natural,0
N-31303,persona_natural,0
N-29908,persona_natural,0
P-19745,persona_juridica,0
P-39987,persona_juridica,0
N-37791,persona_natural,0
N-27142,persona_natural,0
N-34918,persona_natural,0
N-29655,persona_natural,1
N-19908,persona_natural,0
N-23448,persona_natural,0
P-43721,persona_juridica,0
P-34881,persona_juridica,1
UT-45431,union_temporal,0
N-14390,persona_natural,0
P-12838,persona_juridica,0
N-09488,persona_natural,0
UT-8199,union_temporal,0
P-11669,persona_juridica,0
N-33037,persona_natural,0
P-23172,persona_juridica,0
N-30218,persona_natural,0
P-44588,persona_juridica,1
N-00503,persona_natural,0
N-37990,persona_natural,0
N-09990,persona_natural,0
N-02456,persona_natural,1
N-12581,persona_natural,1
N-25642,persona_natural,0
P-01204,persona_juridica,1
N-22741,persona_natural,0
N-15757,persona_natural,0
P-04500,persona_juridica,0
P-18040,persona_juridica,0
UT-36047,union_temporal,0
P-50809,persona_juridica,0
N-28920,persona_natural,0
P-47503,persona_juridica,0
N-11467,persona_natural,0
P-39658,persona_juridica,0
N-24896,persona_natural,0
N-13795,persona_natural,1
N-05730,persona_natural,0
N-02256,persona_natural,0
N-08849,persona_natural,0
P-34392,persona_juridica,0
N-02296,persona_natural,0
N-37895,persona_natural,1
P-43873,persona_juridica,0
P-17188,persona_juridica,1
P-05841,persona_juridica,0
P-00729,persona_juridica,0
P-27055,persona_juridica,0
UT-8525,union_temporal,0
N-29658,persona_natural,0
N-21839,persona_natural,0
P-36875,persona_juridica,0
N-25713,persona_natural,0
P-50552,persona_juridica,0
N-04632,persona_natural,0
N-04253,persona_natural,0
N-15615,persona_natural,0
P-47690,persona_juridica,0
N-07711,persona_natural,0
P-44130,persona_juridica,1
P-16215,persona_juridica,0
P-21406,persona_juridica,0
P-03510,persona_juridica,0
UT-21159,union_temporal,0
N-25310,persona_natural,1
P-49721,persona_juridica,0
P-35976,persona_juridica,0
UT-33907,union_temporal,0
UT-38714,union_temporal,0
N-16954,persona_natural,0
P-13674,persona_juridica,0
N-15090,persona_natural,0
P-08022,persona_juridica,0
P-20847,persona_juridica,0
N-37590,persona_natural,0
P-14862,persona_juridica,0
P-16642,persona_juridica,0
P-41800,persona_juridica,0
P-27981,persona_juridica,0
P-09479,persona_juridica,0
P-32123,persona_juridica,0
P-19165,persona_juridica,0
N-17868,persona_natural,0
P-39124,persona_juridica,0
P-27925,persona_juridica,0
N-11656,persona_natural,0
P-17304,persona_juridica,1
P-47700,persona_juridica,1
N-26066,persona_natural,0
P-16514,persona_juridica,0
N-23515,persona_natural,0
P-25496,persona_juridica,0
N-05510,persona_natural,0
UT-21475,union_temporal,0
N-21088,persona_natural,0
P-19445,persona_juridica,0
N-31783,persona_natural,0
P-07296,persona_juridica,0
N-07192,persona_natural,0
N-24873,persona_natural,0
P-10850,persona_juridica,0
N-34852,persona_natural,0
UT-11648,union_temporal,0
P-44304,persona_juridica,0
P-43747,persona_juridica,0
UT-19086,union_temporal,0
UT-31782,union_temporal,1
P-47517,persona_juridica,0
UT-7417,union_temporal,0
P-09726,persona_juridica,0
N-22281,persona_natural,0
N-35670,persona_natural,0
P-46493,persona_juridica,0
N-19483,persona_natural,0
N-17059,persona_natural,0
N-22069,persona_natural,0
N-35413,persona_natural,0
P-35468,persona_juridica,0
N-36550,persona_natural,0
N-21546,persona_natural,0
P-23853,persona_juridica,0
N-04782,persona_natural,0
P-00195,persona_juridica,0
P-38617,persona_juridica,0
P-00829,persona_juridica,0
P-32322,persona_juridica,0
P-06218,persona_juridica,0
P-06598,persona_juridica,0
P-25086,persona_juridica,0
N-34791,persona_natural,0
P-50941,persona_juridica,0
P-06462,persona_juridica,0
P-17004,persona_juridica,0
UT-25769,union_temporal,0
P-33828,persona_juridica,0
P-03380,persona_juridica,0
N-35581,persona_natural,0
P-08898,persona_juridica,0
N-32474,persona_natural,0
N-28656,persona_natural,0
P-30537,persona_juridica,0
P-02247,persona_juridica,1
N-01726,persona_natural,0
P-11424,persona_juridica,0
P-28489,persona_juridica,0
P-45128,persona_juridica,0
N-23989,persona_natural,0
P-07676,persona_juridica,0
P-42998,persona_juridica,0
P-47732,persona_juridica,1
N-15409,persona_natural,0
N-23319,persona_natural,0
N-04541,persona_natural,0
P-06610,persona_juridica,0
N-08817,persona_natural,0
N-25048,persona_natural,0
N-18951,persona_natural,0
N-20638,persona_natural,0
N-08034,persona_natural,0
P-41861,persona_juridica,0
P-43577,persona_juridica,0
P-17100,persona_juridica,0
P-13456,persona_juridica,0
P-02825,persona_juridica,0
P-05185,persona_juridica,1
P-35745,persona_juridica,0
N-06671,persona_natural,1
P-34059,persona_juridica,0
N-32772,persona_natural,1
N-15867,persona_natural,0
P-34179,persona_juridica,0
P-49407,persona_juridica,0
P-03720,persona_juridica,0
P-30298,persona_juridica,0
P-09457,persona_juridica,0
N-19800,persona_natural,0
N-20695,persona_natural,1
P-21072,persona_juridica,0
P-33416,persona_juridica,0
N-10075,persona_natural,0
N-27070,persona_natural,0
N-30380,persona_natural,0
P-40942,persona_juridica,0
N-26627,persona_natural,0
N-00583,persona_natural,0
N-22643,persona_natural,0
P-40030,persona_juridica,0
N-00443,persona_natural,0
P-22457,persona_juridica,0
UT-38488,union_temporal,0
N-25475,persona_natural,0
P-34219,persona_juridica,0
N-10528,persona_natural,0
N-12820,persona_natural,0
P-31928,persona_juridica,0
P-51335,persona_juridica,0
N-13382,persona_natural,1
P-05676,persona_juridica,0
N-05415,persona_natural,0
N-00539,persona_natural,0
P-00369,persona_juridica,0
P-18096,persona_juridica,0
N-26123,persona_natural,0
P-10638,persona_juridica,0
P-40049,persona_juridica,0
P-50134,persona_juridica,1
N-29870,persona_natural,0
P-16620,persona_juridica,0
P-45200,persona_juridica,0
N-06874,persona_natural,0
UT-23292,union_temporal,0
P-14943,persona_juridica,0
N-01302,persona_natural,0
UT-0213,union_temporal,0
P-26743,persona_juridica,0
P-50913,persona_juridica,0
P-46198,persona_juridica,0
P-21785,persona_juridica,0
P-39029,persona_juridica,0
N-17425,persona_natural,0
N-28108,persona_natural,1
N-19106,persona_natural,0
N-29011,persona_natural,0
P-16158,persona_juridica,0
P-03287,persona_juridica,0
P-32064,persona_juridica,0
P-24298,persona_juridica,1
P-02234,persona_juridica,0
N-34250,persona_natural,0
N-13840,persona_natural,0
P-46719,persona_juridica,0
UT-44504,union_temporal,0
P-42430,persona_juridica,0
UT-1208,union_temporal,0
N-33024,persona_natural,1
P-18419,persona_juridica,0
N-36268,persona_natural,0
N-14558,persona_natural,1
P-16824,persona_juridica,0
P-34474,persona_juridica,0
P-10440,persona_juridica,0
UT-39706,union_temporal,0
P-11657,persona_juridica,0
N-26560,persona_natural,0
N-23118,persona_natural,0
N-03224,persona_natural,0
P-30611,persona_juridica,0
P-13013,persona_juridica,0
N-04161,persona_natural,0
N-03082,persona_natural,0
N-20682,persona_natural,0
P-29678,persona_juridica,0
P-03314,persona_juridica,0
N-15231,persona_natural,0
N-21205,persona_natural,0
P-40382,persona_juridica,0
N-17117,persona_natural,0
P-03502,persona_juridica,0
P-03711,persona_juridica,1
N-16230,persona_natural,0
N-27472,persona_natural,0
P-21959,persona_juridica,0
P-09934,persona_juridica,0
P-07752,persona_juridica,1
P-37333,persona_juridica,0
N-23863,persona_natural,1
N-25293,persona_natural,0
P-26793,persona_juridica,0
P-24419,persona_juridica,0
N-01097,persona_natural,1
N-02403,persona_natural,0
N-13952,persona_natural,1
P-34677,persona_juridica,0
P-36056,persona_juridica,1
UT-1364,union_temporal,0
N-31340,persona_natural,0
P-25973,persona_juridica,0
P-30995,persona_juridica,0
N-32580,persona_natural,1
P-25031,persona_juridica,0
P-01977,persona_juridica,0
P-49753,persona_juridica,0
P-44216,persona_juridica,0
P-34776,persona_juridica,0
P-19246,persona_juridica,0
N-12898,persona_natural,0
P-41793,persona_juridica,0
N-06151,persona_natural,0
P-42859,persona_juridica,0
P-08800,persona_juridica,0
N-14393,persona_natural,0
P-44512,persona_juridica,0
P-44515,persona_juridica,0
N-13764,persona_natural,1
N-15391,persona_natural,0
N-28813,persona_natural,0
P-15332,persona_juridica,0
P-47233,persona_juridica,0
P-36569,persona_juridica,0
P-18023,persona_juridica,0
P-22260,persona_juridica,0
UT-39662,union_temporal,0
P-22186,persona_juridica,0
P-31186,persona_juridica,0
P-03691,persona_juridica,1
UT-19880,union_temporal,0
P-27627,persona_juridica,0
P-17109,persona_juridica,0
P-13026,persona_juridica,0
P-02574,persona_juridica,0
P-10285,persona_juridica,0
P-44041,persona_juridica,0
N-04565,persona_natural,0
P-10418,persona_juridica,0
P-27381,persona_juridica,0
N-22904,persona_natural,0
P-47638,persona_juridica,0
N-18130,persona_natural,0
N-33641,persona_natural,0
N-32273,persona_natural,0
P-08250,persona_juridica,0
N-34016,persona_natural,0
N-02690,persona_natural,0
P-19307,persona_juridica,0
UT-28265,union_temporal,0
P-10908,persona_juridica,0
N-14607,persona_natural,0
P-44751,persona_juridica,0
N-13359,persona_natural,1
N-10699,persona_natural,0
P-39350,persona_juridica,1
N-31025,persona_natural,0
N-06787,persona_natural,1
P-15429,persona_juridica,0
N-34728,persona_natural,0
N-19937,persona_natural,0
N-15214,persona_natural,0
N-35095,persona_natural,1
UT-20107,union_temporal,0
N-14228,persona_natural,0
N-17976,persona_natural,0
N-11381,persona_natural,0
P-28241,persona_juridica,0
P-23126,persona_juridica,0
UT-10619,union_temporal,0
P-23677,persona_juridica,0
N-03920,persona_natural,0
P-06999,persona_juridica,0
N-23406,persona_natural,0
N-27640,persona_natural,1
P-12626,persona_juridica,0
N-18471,persona_natural,0
P-28614,persona_juridica,0
P-24410,persona_juridica,0
P-28721,persona_juridica,0
N-06993,persona_natural,0
P-35127,persona_juridica,0
P-25241,persona_juridica,0
P-38092,persona_juridica,1
P-11726,persona_juridica,0
P-22054,persona_juridica,0
P-09201,persona_juridica,0
P-32184,persona_juridica,0
N-25789,persona_natural,0
P-08051,persona_juridica,0
P-34523,persona_juridica,0
N-01128,persona_natural,0
P-05570,persona_juridica,0
P-40990,persona_juridica,0
N-11395,persona_natural,0
N-09352,persona_natural,1
P-33289,persona_juridica,0
N-10293,persona_natural,0
N-37713,persona_natural,0
P-19591,persona_juridica,0
P-47205,persona_juridica,0
N-37683,persona_natural,0
UT-32983,union_temporal,0
N-03375,persona_natural,0
N-05722,persona_natural,0
N-10072,persona_natural,0
N-25289,persona_natural,0
P-08535,persona_juridica,0
UT-11678,union_temporal,0
P-03463,persona_juridica,0
N-22913,persona_natural,0
N-08527,persona_natural,0
N-09712,persona_natural,1
P-13783,persona_juridica,0
P-29733,persona_juridica,0
P-04493,persona_juridica,0
UT-35910,union_temporal,0
P-02090,persona_juridica,0
N-17822,persona_natural,0
N-00778,persona_natural,0
P-41654,persona_juridica,0
N-28928,persona_natural,0
P-09003,persona_juridica,1
P-02095,persona_juridica,0
N-28215,persona_natural,0
P-15741,persona_juridica,0
P-16250,persona_juridica,0
N-06280,persona_natural,0
UT-37072,union_temporal,0
P-16834,persona_juridica,0
P-46124,persona_juridica,0
P-40644,persona_juridica,0
P-45554,persona_juridica,1
P-25797,persona_juridica,0
P-06066,persona_juridica,0
P-43042,persona_juridica,1
UT-13500,union_temporal,0
UT-1623,union_temporal,0
N-27799,persona_natural,1
P-21582,persona_juridica,0
N-34132,persona_natural,0
P-18961,persona_juridica,0
UT-7237,union_temporal,0
P-45425,persona_juridica,0
P-38714,persona_juridica,0
UT-14539,union_temporal,0
P-04660,persona_juridica,0
UT-15972,union_temporal,0
P-46865,persona_juridica,0
P-32792,persona_juridica,0
P-31746,persona_juridica,0
UT-10695,union_temporal,0
P-41781,persona_juridica,0
N-22432,persona_natural,0
N-16513,persona_natural,1
P-50950,persona_juridica,0
N-00875,persona_natural,1
P-06907,persona_juridica,0
P-30385,persona_juridica,0
N-06937,persona_natural,0
UT-30183,union_temporal,0
P-35059,persona_juridica,0
P-43773,persona_juridica,0
N-21529,persona_natural,1
N-25745,persona_natural,0
P-32709,persona_juridica,0
P-34089,persona_juridica,0
N-24233,persona_natural,0
P-22819,persona_juridica,0
P-34762,persona_juridica,0
N-12275,persona_natural,0
P-32766,persona_juridica,0
P-14999,persona_juridica,0
N-29765,persona_natural,0
P-08770,persona_juridica,0
N-15445,persona_natural,1
P-44831,persona_juridica,0
N-27136,persona_natural,0
N-26992,persona_natural,0
P-38627,persona_juridica,0
P-09481,persona_juridica,1
N-12528,persona_natural,0
N-02651,persona_natural,0
UT-0165,union_temporal,0
N-25818,persona_natural,0
P-07056,persona_juridica,0
P-21057,persona_juridica,0
P-00015,persona_juridica,0
P-20163,persona_juridica,0
P-17897,persona_juridica,0
P-29434,persona_juridica,0
P-39402,persona_juridica,0
P-17396,persona_juridica,0
P-07125,persona_juridica,0
N-18577,persona_natural,0
P-37238,persona_juridica,0
P-09932,persona_juridica,0
N-03131,persona_natural,0
N-30433,persona_natural,0
N-25377,persona_natural,1
P-04350,persona_juridica,0
UT-45999,union_temporal,0
N-33077,persona_natural,0
N-23778,persona_natural,0
P-29926,persona_juridica,0
N-13226,persona_natural,0
P-45077,persona_juridica,1
P-24561,persona_juridica,0
P-15089,persona_juridica,0
P-38959,persona_juridica,0
P-35290,persona_juridica,0
P-24969,persona_juridica,0
P-09618,persona_juridica,0
N-16065,persona_natural,1
N-23639,persona_natural,0
N-06251,persona_natural,0
P-03733,persona_juridica,0
UT-8504,union_temporal,0
UT-14881,union_temporal,0
N-09343,persona_natural,1
P-35685,persona_juridica,0
P-48944,persona_juridica,0
N-04458,persona_natural,1
N-29396,persona_natural,1
UT-34457,union_temporal,0
P-50033,persona_juridica,0
N-32317,persona_natural,0
P-19613,persona_juridica,1
P-18574,persona_juridica,0
N-19245,persona_natural,1
N-06451,persona_natural,1
N-21706,persona_natural,0
P-40150,persona_juridica,1
P-00098,persona_juridica,0
N-00711,persona_natural,0
P-18380,persona_juridica,0
P-06634,persona_juridica,0
P-06379,persona_juridica,0
N-11432,persona_natural,0
P-34314,persona_juridica,0
P-36328,persona_juridica,0
N-12851,persona_natural,0
P-28236,persona_juridica,0
P-12777,persona_juridica,0
P-39920,persona_juridica,0
N-04502,persona_natural,1
P-06033,persona_juridica,0
P-05550,persona_juridica,0
P-28872,persona_juridica,0
P-20560,persona_juridica,0
N-12179,persona_natural,0
P-33611,persona_juridica,0
N-15139,persona_natural,0
P-31749,persona_juridica,0
N-35658,persona_natural,1
P-02250,persona_juridica,0
N-06276,persona_natural,1
UT-24679,union_temporal,0
N-14117,persona_natural,0
N-20840,persona_natural,0
N-01651,persona_natural,0
P-47101,persona_juridica,0
P-07645,persona_juridica,0
N-14662,persona_natural,0
UT-8403,union_temporal,0
P-12099,persona_juridica,0
N-24395,persona_natural,0
P-35504,persona_juridica,0
N-23908,persona_natural,1
P-21940,persona_juridica,0
UT-21803,union_temporal,0
N-31961,persona_natural,0
N-28441,persona_natural,0
N-14615,persona_natural,0
P-13888,persona_juridica,0
N-18930,persona_natural,0
P-37710,persona_juridica,0
P-17917,persona_juridica,1
P-34527,persona_juridica,0
N-03892,persona_natural,1
N-29492,persona_natural,0
P-48749,persona_juridica,0
UT-3241,union_temporal,0
P-25350,persona_juridica,0
UT-27633,union_temporal,0
N-37845,persona_natural,0
P-20630,persona_juridica,0
P-01583,persona_juridica,0
N-15545,persona_natural,0
P-22792,persona_juridica,0
P-17883,persona_juridica,0
P-13905,persona_juridica,0
N-17518,persona_natural,0
N-13312,persona_natural,0
N-27002,persona_natural,0
N-27967,persona_natural,0
P-44110,persona_juridica,0
P-12537,persona_juridica,0
N-37644,persona_natural,0
P-00198,persona_juridica,0
P-24491,persona_juridica,0
UT-33587,union_temporal,0
P-46504,persona_juridica,0
N-01758,persona_natural,0
P-18506,persona_juridica,0
N-09729,persona_natural,0
N-37173,persona_natural,0
N-32094,persona_natural,0
N-31444,persona_natural,0
P-35769,persona_juridica,0
P-27461,persona_juridica,0
P-04280,persona_juridica,1
N-28020,persona_natural,1
P-30324,persona_juridica,0
N-08893,persona_natural,0
P-03017,persona_juridica,0
P-48802,persona_juridica,0
P-41558,persona_juridica,1
UT-22929,union_temporal,0
P-44664,persona_juridica,0
P-15987,persona_juridica,1
P-36535,persona_juridica,0
P-11641,persona_juridica,0
P-26208,persona_juridica,0
P-40718,persona_juridica,0
P-26811,persona_juridica,0
N-07245,persona_natural,0
P-47407,persona_juridica,0
P-36684,persona_juridica,1
N-31992,persona_natural,0
P-15004,persona_juridica,0
P-31748,persona_juridica,0
N-12674,persona_natural,1
N-17713,persona_natural,0
N-29531,persona_natural,0
N-34749,persona_natural,0
P-29012,persona_juridica,0
P-25409,persona_juridica,0
N-08639,persona_natural,0
N-24417,persona_natural,0
N-01258,persona_natural,1
UT-24010,union_temporal,0
N-29605,persona_natural,0
N-35699,persona_natural,0
N-14477,persona_natural,0
N-30127,persona_natural,0
N-27664,persona_natural,0
P-00808,persona_juridica,0
N-03024,persona_natural,0
P-31936,persona_juridica,0
P-26868,persona_juridica,0
UT-0122,union_temporal,0
N-11015,persona_natural,0
UT-43625,union_temporal,0
N-06768,persona_natural,0
N-26607,persona_natural,0
P-01869,persona_juridica,0
UT-15304,union_temporal,0
N-14049,persona_natural,0
N-31561,persona_natural,0
N-22282,persona_natural,0
N-00767,persona_natural,0
N-19808,persona_natural,0
N-06606,persona_natural,0
P-03266,persona_juridica,0
UT-36222,union_temporal,0
P-45926,persona_juridica,0
N-28755,persona_natural,0
P-37431,persona_juridica,0
N-26391,persona_natural,0
P-02389,persona_juridica,0
N-28669,persona_natural,0
N-16880,persona_natural,0
N-14919,persona_natural,0
N-00845,persona_natural,0
N-24101,persona_natural,0
P-47566,persona_juridica,0
N-08111,persona_natural,0
P-16334,persona_juridica,0
P-45501,persona_juridica,0
N-31718,persona_natural,0
P-11153,persona_juridica,0
N-24683,persona_natural,0
N-23057,persona_natural,0
N-15308,persona_natural,0
P-26294,persona_juridica,0
N-07369,persona_natural,0
N-23042,persona_natural,0
P-33858,persona_juridica,0
N-06245,persona_natural,0
P-00150,persona_juridica,0
P-25211,persona_juridica,0
P-32549,persona_juridica,0
P-01341,persona_juridica,0
P-23684,persona_juridica,0
N-26139,persona_natural,0
N-18949,persona_natural,0
N-36256,persona_natural,0
P-50415,persona_juridica,0
P-04342,persona_juridica,0
P-41937,persona_juridica,0
P-00203,persona_juridica,0
P-26220,persona_juridica,0
P-11354,persona_juridica,0
UT-42729,union_temporal,0
P-38934,persona_juridica,0
P-37458,persona_juridica,0
P-16632,persona_juridica,0
P-37416,persona_juridica,0
N-08836,persona_natural,0
N-30451,persona_natural,0
N-10552,persona_natural,0
N-04058,persona_natural,0
P-01324,persona_juridica,0
UT-7398,union_temporal,0
P-01456,persona_juridica,0
P-25113,persona_juridica,0
N-15315,persona_natural,0
P-22772,persona_juridica,0
P-32683,persona_juridica,0
UT-44111,union_temporal,0
P-08334,persona_juridica,1
UT-32416,union_temporal,0
N-27398,persona_natural,0
P-39101,persona_juridica,1
P-12932,persona_juridica,0
P-46840,persona_juridica,0
P-08964,persona_juridica,0
P-19928,persona_juridica,0
UT-45908,union_temporal,0
N-12521,persona_natural,0
N-34494,persona_natural,1
N-13288,persona_natural,0
P-06646,persona_juridica,0
N-06598,persona_natural,0
P-35548,persona_juridica,1
P-43179,persona_juridica,0
P-33218,persona_juridica,0
P-50208,persona_juridica,0
P-28430,persona_juridica,0
N-05699,persona_natural,0
P-37078,persona_juridica,0
N-32338,persona_natural,0
P-20058,persona_juridica,0
N-06111,persona_natural,0
P-00724,persona_juridica,0
P-19739,persona_juridica,0
N-27963,persona_natural,0
N-00577,persona_natural,0
P-05268,persona_juridica,1
P-30466,persona_juridica,0
P-08908,persona_juridica,0
P-10761,persona_juridica,0
N-25335,persona_natural,0
P-42868,persona_juridica,0
P-32881,persona_juridica,0
P-33450,persona_juridica,0
N-23942,persona_natural,0
P-10116,persona_juridica,0
P-44619,persona_juridica,0
N-32604,persona_natural,0
N-23682,persona_natural,0
P-11134,persona_juridica,0
P-35643,persona_juridica,0
N-02895,persona_natural,0
N-27228,persona_natural,1
N-26098,persona_natural,0
P-16293,persona_juridica,0
P-33123,persona_juridica,0
P-49800,persona_juridica,0
P-38128,persona_juridica,1
N-28774,persona_natural,0
P-38802,persona_juridica,0
P-18342,persona_juridica,0
N-30227,persona_natural,0
N-06721,persona_natural,0
N-21167,persona_natural,0
N-02631,persona_natural,0
P-19691,persona_juridica,1
N-05873,persona_natural,1
P-39635,persona_juridica,0
N-26571,persona_natural,0
P-50253,persona_juridica,0
N-12195,persona_natural,0
P-37663,persona_juridica,0
P-47839,persona_juridica,0
N-16802,persona_natural,0
N-23734,persona_natural,0
UT-23625,union_temporal,0
UT-5344,union_temporal,0
P-06870,persona_juridica,0
N-29761,persona_natural,0
P-27697,persona_juridica,0
N-19934,persona_natural,0
N-37105,persona_natural,0
UT-28106,union_temporal,0
N-30040,persona_natural,0
N-14603,persona_natural,0
P-00927,persona_juridica,0
P-46338,persona_juridica,0
P-21446,persona_juridica,0
P-04247,persona_juridica,0
N-26943,persona_natural,0
N-36396,persona_natural,1
P-40393,persona_juridica,0
P-16569,persona_juridica,0
P-33204,persona_juridica,0
P-12901,persona_juridica,0
N-23297,persona_natural,0
N-13535,persona_natural,0
P-12784,persona_juridica,0
N-01950,persona_natural,0
UT-29114,union_temporal,0
P-30655,persona_juridica,0
N-22287,persona_natural,0
P-50546,persona_juridica,0
N-23185,persona_natural,0
P-16141,persona_juridica,0
N-30177,persona_natural,0
P-41844,persona_juridica,0
P-14325,persona_juridica,0
N-18645,persona_natural,0
P-42118,persona_juridica,0
N-31848,persona_natural,0
N-29587,persona_natural,0
P-40615,persona_juridica,0
N-33029,persona_natural,0
P-42765,persona_juridica,1
P-07549,persona_juridica,1
N-16361,persona_natural,0
N-25710,persona_natural,0
N-10692,persona_natural,0
P-05226,persona_juridica,0
N-16672,persona_natural,0
P-39365,persona_juridica,0
P-24895,persona_juridica,1
UT-38747,union_temporal,0
P-34370,persona_juridica,0
N-27850,persona_natural,0
N-16182,persona_natural,0
N-17614,persona_natural,0
P-21265,persona_juridica,0
P-19178,persona_juridica,0
N-04822,persona_natural,0
P-11770,persona_juridica,0
P-20400,persona_juridica,0
N-23951,persona_natural,0
P-18423,persona_juridica,0
P-15803,persona_juridica,0
P-32215,persona_juridica,1
N-10720,persona_natural,0
N-22949,persona_natural,0
N-21168,persona_natural,0
P-43938,persona_juridica,1
N-01636,persona_natural,0
N-18819,persona_natural,0
P-39871,persona_juridica,0
P-27758,persona_juridica,0
P-15256,persona_juridica,1
P-05229,persona_juridica,0
P-49286,persona_juridica,1
N-23175,persona_natural,1
P-17705,persona_juridica,0
N-22096,persona_natural,0
P-38459,persona_juridica,0
P-31441,persona_juridica,0
UT-0911,union_temporal,0
P-06507,persona_juridica,0
UT-10180,union_temporal,0
N-01362,persona_natural,0
N-22415,persona_natural,0
N-32914,persona_natural,0
P-17202,persona_juridica,0
P-35689,persona_juridica,0
P-51460,persona_juridica,0
N-16399,persona_natural,0
P-10789,persona_juridica,0
P-32257,persona_juridica,0
N-09402,persona_natural,0
N-01575,persona_natural,0
N-23237,persona_natural,0
P-05477,persona_juridica,1
P-04997,persona_juridica,0
N-07670,persona_natural,0
N-09233,persona_natural,0
N-29060,persona_natural,0
P-43474,persona_juridica,0
N-26110,persona_natural,0
N-33396,persona_natural,0
P-43954,persona_juridica,0
P-10273,persona_juridica,0
N-09225,persona_natural,0
P-48446,persona_juridica,0
P-22811,persona_juridica,1
N-20927,persona_natural,0
P-00584,persona_juridica,0
N-26656,persona_natural,0
UT-5346,union_temporal,0
N-36362,persona_natural,0
N-17631,persona_natural,0
P-17141,persona_juridica,0
P-28936,persona_juridica,0
P-04598,persona_juridica,0
N-19630,persona_natural,0
UT-19317,union_temporal,0
N-35152,persona_natural,0
P-42254,persona_juridica,0
UT-21746,union_temporal,0
P-12267,persona_juridica,0
UT-7977,union_temporal,0
P-28274,persona_juridica,0
P-18351,persona_juridica,0
N-16225,persona_natural,0
P-09972,persona_juridica,0
P-01562,persona_juridica,0
P-16937,persona_juridica,0
P-24850,persona_juridica,0
UT-35082,union_temporal,0
P-31583,persona_juridica,0
N-35342,persona_natural,0
N-36253,persona_natural,0
N-02019,persona_natural,1
N-33843,persona_natural,0
P-06954,persona_juridica,0
N-18105,persona_natural,0
N-13572,persona_natural,0
P-10572,persona_juridica,0
P-44583,persona_juridica,0
P-27450,persona_juridica,0
P-06296,persona_juridica,0
N-23769,persona_natural,0
P-51466,persona_juridica,0
N-11025,persona_natural,0
P-39041,persona_juridica,0
N-19393,persona_natural,0
P-08899,persona_juridica,0
N-07228,persona_natural,0
P-06058,persona_juridica,1
P-03036,persona_juridica,0
N-10556,persona_natural,0
P-34252,persona_juridica,0
P-25131,persona_juridica,0
P-24040,persona_juridica,1
P-23132,persona_juridica,0
N-36071,persona_natural,0
N-28039,persona_natural,0
N-06292,persona_natural,1
N-08304,persona_natural,0
N-15789,persona_natural,0
P-30202,persona_juridica,0
N-13280,persona_natural,0
N-34334,persona_natural,0
P-28422,persona_juridica,0
P-37999,persona_juridica,0
N-19062,persona_natural,0
N-31335,persona_natural,0
N-27006,persona_natural,0
P-36426,persona_juridica,0
N-23692,persona_natural,0
P-33139,persona_juridica,0
N-34711,persona_natural,1
P-20822,persona_juridica,0
N-20226,persona_natural,0
N-01474,persona_natural,0
UT-18433,union_temporal,0
N-15440,persona_natural,0
N-16836,persona_natural,0
P-47186,persona_juridica,0
P-01156,persona_juridica,0
P-36483,persona_juridica,0
P-14837,persona_juridica,0
N-11436,persona_natural,0
P-37376,persona_juridica,0
P-05826,persona_juridica,0
N-14689,persona_natural,1
UT-33012,union_temporal,0
P-50032,persona_juridica,0
P-32202,persona_juridica,0
N-09884,persona_natural,0
N-03785,persona_natural,0
N-09039,persona_natural,0
N-24202,persona_natural,0
N-34469,persona_natural,0
N-20645,persona_natural,0
N-07022,persona_natural,0
P-00780,persona_juridica,0
N-29542,persona_natural,0
P-23898,persona_juridica,0
UT-18953,union_temporal,0
N-07148,persona_natural,0
P-28731,persona_juridica,0
N-23337,persona_natural,0
N-19944,persona_natural,0
N-05276,persona_natural,0
P-04828,persona_juridica,0
UT-30714,union_temporal,0
P-39710,persona_juridica,0
P-45563,persona_juridica,0
P-16984,persona_juridica,0
P-25686,persona_juridica,0
N-14714,persona_natural,0
N-27430,persona_natural,0
N-29900,persona_natural,0
P-45306,persona_juridica,0
N-33107,persona_natural,0
P-30258,persona_juridica,1
N-24614,persona_natural,0
N-05840,persona_natural,0
P-10716,persona_juridica,0
N-02126,persona_natural,0
P-22394,persona_juridica,1
N-16678,persona_natural,0
P-03279,persona_juridica,0
P-17679,persona_juridica,0
P-35990,persona_juridica,1
UT-39921,union_temporal,0
N-02476,persona_natural,0
P-37687,persona_juridica,0
N-19072,persona_natural,0
UT-0838,union_temporal,0
P-44941,persona_juridica,0
P-13632,persona_juridica,0
N-30272,persona_natural,0
P-36859,persona_juridica,0
UT-31648,union_temporal,0
N-18602,persona_natural,1
N-31232,persona_natural,0
P-42038,persona_juridica,0
P-01835,persona_juridica,0
N-35463,persona_natural,0
N-34060,persona_natural,0
P-25543,persona_juridica,0
N-35967,persona_natural,0
UT-26105,union_temporal,0
P-46489,persona_juridica,0
N-03012,persona_natural,0
P-44942,persona_juridica,0
P-38869,persona_juridica,0
N-34724,persona_natural,1
P-12337,persona_juridica,0
P-28955,persona_juridica,0
P-15720,persona_juridica,0
N-35600,persona_natural,0
P-01719,persona_juridica,0
N-14596,persona_natural,0
N-12762,persona_natural,0
P-50625,persona_juridica,0
UT-4832,union_temporal,0
N-13203,persona_natural,0
P-09541,persona_juridica,0
N-02245,persona_natural,0
N-04744,persona_natural,0
N-33184,persona_natural,0
UT-11809,union_temporal,0
P-38325,persona_juridica,0
UT-23350,union_temporal,0
N-21275,persona_natural,0
N-23228,persona_natural,0
N-07437,persona_natural,0
N-08486,persona_natural,0
N-25449,persona_natural,0
P-08459,persona_juridica,0
N-07149,persona_natural,0
UT-3518,union_temporal,0
N-11864,persona_natural,0
N-34806,persona_natural,0
P-14056,persona_juridica,0
P-19677,persona_juridica,0
P-27741,persona_juridica,0
N-26456,persona_natural,0
P-07809,persona_juridica,0
N-14606,persona_natural,0
N-21071,persona_natural,0
N-11841,persona_natural,0
N-11046,persona_natural,1
N-35753,persona_natural,0
UT-17117,union_temporal,0
N-22738,persona_natural,0
N-00618,persona_natural,0
P-08506,persona_juridica,0
N-16267,persona_natural,0
N-21309,persona_natural,0
P-03596,persona_juridica,0
P-49611,persona_juridica,1
N-29827,persona_natural,0
N-00191,persona_natural,0
P-08161,persona_juridica,0
N-10922,persona_natural,0
UT-9878,union_temporal,0
N-29448,persona_natural,0
P-05317,persona_juridica,0
N-16897,persona_natural,0
N-35688,persona_natural,1
N-07907,persona_natural,0
N-21932,persona_natural,0
N-08119,persona_natural,0
N-34114,persona_natural,0
N-32309,persona_natural,0
UT-46119,union_temporal,0
P-01552,persona_juridica,0
P-33266,persona_juridica,0
P-44560,persona_juridica,0
P-00772,persona_juridica,0
N-05187,persona_natural,0
P-16804,persona_juridica,0
P-39093,persona_juridica,0
N-16374,persona_natural,0
N-30409,persona_natural,0
P-01553,persona_juridica,0
P-22858,persona_juridica,0
P-25810,persona_juridica,0
N-02769,persona_natural,0
N-07294,persona_natural,0
P-37967,persona_juridica,0
UT-7626,union_temporal,0
N-33066,persona_natural,0
N-14635,persona_natural,0
N-29167,persona_natural,0
N-07869,persona_natural,1
N-21411,persona_natural,0
P-10325,persona_juridica,0
P-06190,persona_juridica,0
P-20451,persona_juridica,0
N-05933,persona_natural,0
N-09743,persona_natural,0
P-41472,persona_juridica,1
P-20096,persona_juridica,0
N-03725,persona_natural,0
P-18395,persona_juridica,0
P-25045,persona_juridica,0
P-12590,persona_juridica,0
N-05571,persona_natural,1
N-19042,persona_natural,0
N-08755,persona_natural,0
UT-29571,union_temporal,0
P-24017,persona_juridica,0
P-22676,persona_juridica,0
N-18897,persona_natural,0
P-32637,persona_juridica,1
P-08093,persona_juridica,0
N-15438,persona_natural,0
P-02187,persona_juridica,0
P-49449,persona_juridica,0
UT-38334,union_temporal,0
P-35568,persona_juridica,0
P-02623,persona_juridica,0
P-14103,persona_juridica,0
P-09807,persona_juridica,0
N-13706,persona_natural,0
N-07859,persona_natural,0
P-14131,persona_juridica,0
N-33962,persona_natural,0
P-28552,persona_juridica,0
P-05516,persona_juridica,0
N-07020,persona_natural,0
N-32581,persona_natural,0
UT-42457,union_temporal,0
P-04931,persona_juridica,0
P-11916,persona_juridica,0
P-15206,persona_juridica,0
UT-9480,union_temporal,0
P-00232,persona_juridica,0
UT-2925,union_temporal,0
P-31787,persona_juridica,0
N-30607,persona_natural,0
N-30076,persona_natural,0
P-13425,persona_juridica,0
P-47354,persona_juridica,0
N-12922,persona_natural,0
P-33810,persona_juridica,0
P-19531,persona_juridica,0
N-31183,persona_natural,0
P-37189,persona_juridica,0
UT-26976,union_temporal,0
N-33030,persona_natural,0
P-38488,persona_juridica,0
P-00326,persona_juridica,0
N-26022,persona_natural,0
P-08034,persona_juridica,0
N-18578,persona_natural,0
N-36148,persona_natural,0
N-33447,persona_natural,0
N-17439,persona_natural,0
P-10190,persona_juridica,0
UT-35288,union_temporal,0
P-43272,persona_juridica,0
P-07379,persona_juridica,0
P-24731,persona_juridica,0
P-23185,persona_juridica,0
N-09901,persona_natural,0
P-47847,persona_juridica,0
N-05483,persona_natural,0
UT-1276,union_temporal,0
N-14661,persona_natural,0
P-20260,persona_juridica,0
P-19388,persona_juridica,0
N-24299,persona_natural,0
P-40114,persona_juridica,0
N-05650,persona_natural,0
P-15766,persona_juridica,0
N-04924,persona_natural,0
N-09852,persona_natural,0
P-33029,persona_juridica,0
N-10089,persona_natural,0
N-16365,persona_natural,0
N-02738,persona_natural,0
P-08900,persona_juridica,0
N-10387,persona_natural,0
P-22757,persona_juridica,0
N-35443,persona_natural,0
P-03452,persona_juridica,0
N-07677,persona_natural,0
N-22127,persona_natural,0
P-04031,persona_juridica,1
P-08396,persona_juridica,0
UT-26960,union_temporal,0
P-30887,persona_juridica,0
P-13604,persona_juridica,0
P-34921,persona_juridica,0
P-38938,persona_juridica,0
N-11113,persona_natural,0
N-23178,persona_natural,1
P-26905,persona_juridica,0
P-31881,persona_juridica,0
P-23203,persona_juridica,0
N-36850,persona_natural,0
N-07058,persona_natural,0
P-21632,persona_juridica,0
P-13896,persona_juridica,0
N-21794,persona_natural,0
P-26990,persona_juridica,0
N-22785,persona_natural,1
P-36657,persona_juridica,0
N-36751,persona_natural,0
N-05441,persona_natural,0
P-17802,persona_juridica,0
P-02592,persona_juridica,0
UT-5471,union_temporal,0
P-02306,persona_juridica,0
N-15178,persona_natural,0
N-18444,persona_natural,0
N-00032,persona_natural,0
P-46528,persona_juridica,0
P-03606,persona_juridica,1
UT-44184,union_temporal,0
P-49260,persona_juridica,0
P-38744,persona_juridica,0
P-16893,persona_juridica,0
P-07078,persona_juridica,0
P-34513,persona_juridica,0
N-25411,persona_natural,0
P-10305,persona_juridica,0
UT-38920,union_temporal,0
N-35607,persona_natural,0
P-16516,persona_juridica,0
P-06276,persona_juridica,0
N-18705,persona_natural,0
P-30428,persona_juridica,0
P-24244,persona_juridica,0
N-08353,persona_natural,0
P-01297,persona_juridica,0
N-06244,persona_natural,0
N-20623,persona_natural,0
P-05787,persona_juridica,0
P-21884,persona_juridica,0
P-26065,persona_juridica,1
N-30532,persona_natural,1
UT-38016,union_temporal,0
UT-41411,union_temporal,0
N-06921,persona_natural,1
N-33217,persona_natural,0
P-28574,persona_juridica,0
N-24321,persona_natural,0
N-08327,persona_natural,1
P-10392,persona_juridica,0
P-14816,persona_juridica,0
P-02927,persona_juridica,0
P-35361,persona_juridica,0
N-19426,persona_natural,0
N-02519,persona_natural,0
P-00162,persona_juridica,1
N-22705,persona_natural,0
P-02630,persona_juridica,0
N-31003,persona_natural,0
N-29411,persona_natural,0
N-26921,persona_natural,0
P-16667,persona_juridica,0
N-21709,persona_natural,0
P-25655,persona_juridica,0
UT-9036,union_temporal,0
N-11342,persona_natural,0
P-21758,persona_juridica,0
N-04558,persona_natural,0
P-38909,persona_juridica,0
P-27728,persona_juridica,0
P-03139,persona_juridica,0
N-01492,persona_natural,1
P-19330,persona_juridica,0
N-16557,persona_natural,0
N-33559,persona_natural,0
P-35903,persona_juridica,0
P-27185,persona_juridica,0
P-26598,persona_juridica,0
N-13353,persona_natural,0
N-29391,persona_natural,0
P-16061,persona_juridica,0
N-35338,persona_natural,0
P-12176,persona_juridica,0
P-48367,persona_juridica,0
N-07876,persona_natural,0
N-28489,persona_natural,1
P-35280,persona_juridica,0
UT-5983,union_temporal,0
N-31538,persona_natural,0
N-18522,persona_natural,1
P-14248,persona_juridica,0
UT-3774,union_temporal,0
N-12431,persona_natural,0
N-07928,persona_natural,0
P-27734,persona_juridica,0
N-29308,persona_natural,0
N-37640,persona_natural,0
N-11091,persona_natural,0
N-20904,persona_natural,1
UT-15178,union_temporal,0
P-41175,persona_juridica,1
N-00659,persona_natural,1
P-44669,persona_juridica,0
P-22897,persona_juridica,0
P-32434,persona_juridica,0
N-25884,persona_natural,0
N-30317,persona_natural,0
UT-41379,union_temporal,0
N-29019,persona_natural,0
P-02848,persona_juridica,0
P-02549,persona_juridica,0
P-34730,persona_juridica,1
N-36936,persona_natural,0
P-03327,persona_juridica,0
N-13475,persona_natural,1
N-35508,persona_natural,0
N-27892,persona_natural,0
P-02429,persona_juridica,0
N-04984,persona_natural,0
P-42028,persona_juridica,0
N-12145,persona_natural,0
N-08765,persona_natural,0
N-11247,persona_natural,0
N-28102,persona_natural,0
P-30207,persona_juridica,0
UT-35970,union_temporal,0
N-34893,persona_natural,0
P-42705,persona_juridica,0
P-16156,persona_juridica,0
P-28405,persona_juridica,0
P-01999,persona_juridica,0
P-10569,persona_juridica,0
UT-26858,union_temporal,0
N-12214,persona_natural,0
N-11099,persona_natural,0
UT-35870,union_temporal,0
P-17312,persona_juridica,0
N-25658,persona_natural,0
P-39629,persona_juridica,0
N-07434,persona_natural,0
UT-42955,union_temporal,0
P-15657,persona_juridica,0
P-51190,persona_juridica,0
N-05453,persona_natural,1
P-49693,persona_juridica,0
P-28914,persona_juridica,0
UT-4145,union_temporal,0
N-05427,persona_natural,1
P-02651,persona_juridica,0
N-06481,persona_natural,0
N-18238,persona_natural,0
N-24103,persona_natural,0
P-17060,persona_juridica,0
P-10859,persona_juridica,0
P-17892,persona_juridica,0
P-21519,persona_juridica,0
P-26622,persona_juridica,0
P-06286,persona_juridica,0
N-31461,persona_natural,0
N-22051,persona_natural,0
P-44309,persona_juridica,1
N-27496,persona_natural,0
N-11251,persona_natural,0
P-39662,persona_juridica,0
UT-39838,union_temporal,0
P-09564,persona_juridica,0
P-37016,persona_juridica,0
N-29355,persona_natural,1
N-32700,persona_natural,0
P-39891,persona_juridica,0
N-07108,persona_natural,0
P-38157,persona_juridica,0
N-08027,persona_natural,0
N-32021,persona_natural,0
P-16997,persona_juridica,0
P-45327,persona_juridica,1
P-01386,persona_juridica,0
N-23300,persona_natural,0
UT-20572,union_temporal,0
P-22024,persona_juridica,0
N-04702,persona_natural,0
P-14889,persona_juridica,0
N-33944,persona_natural,0
N-24047,persona_natural,0
N-19473,persona_natural,0
N-18906,persona_natural,0
P-20141,persona_juridica,0
N-06057,persona_natural,0
N-17787,persona_natural,0
P-05621,persona_juridica,0
N-29379,persona_natural,0
P-38209,persona_juridica,0
N-14403,persona_natural,0
P-34426,persona_juridica,0
N-33730,persona_natural,0
N-02565,persona_natural,0
P-51445,persona_juridica,0
P-50797,persona_juridica,0
P-50022,persona_juridica,0
P-22130,persona_juridica,0
N-26929,persona_natural,0
P-37811,persona_juridica,0
UT-46516,union_temporal,0
N-11365,persona_natural,0
UT-39725,union_temporal,0
P-51288,persona_juridica,0
N-22249,persona_natural,0
N-31546,persona_natural,0
N-28839,persona_natural,0
P-18483,persona_juridica,0
P-34753,persona_juridica,0
N-18356,persona_natural,0
N-18153,persona_natural,0
UT-10785,union_temporal,0
N-32947,persona_natural,0
P-20075,persona_juridica,0
P-38961,persona_juridica,0
P-18739,persona_juridica,0
N-23080,persona_natural,0
P-46854,persona_juridica,0
N-10555,persona_natural,0
N-29385,persona_natural,0
P-17758,persona_juridica,0
N-27359,persona_natural,0
P-01681,persona_juridica,0
N-04654,persona_natural,0
N-27186,persona_natural,0
N-18182,persona_natural,0
N-32638,persona_natural,0
P-33043,persona_juridica,0
N-01149,persona_natural,1
N-07664,persona_natural,0
P-17929,persona_juridica,0
N-02611,persona_natural,0
P-47181,persona_juridica,0
P-20084,persona_juridica,0
N-07041,persona_natural,0
N-31724,persona_natural,0
P-05022,persona_juridica,0
P-27696,persona_juridica,0
N-25002,persona_natural,0
P-26396,persona_juridica,0
P-21453,persona_juridica,0
N-30185,persona_natural,0
N-26838,persona_natural,1
N-36629,persona_natural,0
P-44521,persona_juridica,0
N-16840,persona_natural,0
P-00883,persona_juridica,1
P-01832,persona_juridica,0
N-00718,persona_natural,0
P-48211,persona_juridica,0
P-17424,persona_juridica,0
N-15457,persona_natural,1
P-37303,persona_juridica,0
N-32079,persona_natural,1
N-33308,persona_natural,0
P-33583,persona_juridica,1
N-17537,persona_natural,0
P-46448,persona_juridica,0
P-41949,persona_juridica,0
N-01312,persona_natural,0
N-00117,persona_natural,1
N-10596,persona_natural,0
P-32875,persona_juridica,1
P-16434,persona_juridica,0
N-10313,persona_natural,1
N-24703,persona_natural,0
P-26456,persona_juridica,0
N-17261,persona_natural,0
P-09141,persona_juridica,0
N-30633,persona_natural,0
N-15148,persona_natural,0
N-30841,persona_natural,1
P-50170,persona_juridica,0
N-01313,persona_natural,0
P-50558,persona_juridica,0
P-06487,persona_juridica,0
N-36357,persona_natural,0
P-48793,persona_juridica,1
P-22805,persona_juridica,0
P-09536,persona_juridica,0
P-22208,persona_juridica,0
P-34147,persona_juridica,0
P-11725,persona_juridica,0
N-31006,persona_natural,0
UT-41306,union_temporal,0
N-15623,persona_natural,0
P-37437,persona_juridica,0
P-22648,persona_juridica,0
N-23784,persona_natural,0
P-00811,persona_juridica,0
N-14514,persona_natural,0
N-18637,persona_natural,0
P-19442,persona_juridica,0
P-07633,persona_juridica,0
N-14705,persona_natural,1
N-02376,persona_natural,0
P-37229,persona_juridica,0
N-20495,persona_natural,0
UT-41501,union_temporal,0
N-21600,persona_natural,0
P-01943,persona_juridica,1
N-10343,persona_natural,0
P-41593,persona_juridica,0
P-25576,persona_juridica,0
P-34249,persona_juridica,0
P-18389,persona_juridica,0
P-27434,persona_juridica,0
P-28078,persona_juridica,0
P-18601,persona_juridica,0
UT-28246,union_temporal,0
P-09518,persona_juridica,0
N-05979,persona_natural,0
P-41496,persona_juridica,0
N-16914,persona_natural,1
N-17630,persona_natural,0
P-08413,persona_juridica,0
N-15946,persona_natural,0
N-25825,persona_natural,0
UT-39873,union_temporal,0
P-27780,persona_juridica,0
P-25783,persona_juridica,0
P-14009,persona_juridica,0
N-26256,persona_natural,0
P-05758,persona_juridica,0
P-01257,persona_juridica,0
P-33351,persona_juridica,0
N-08753,persona_natural,1
N-31893,persona_natural,0
N-07942,persona_natural,0
P-19596,persona_juridica,0
P-33514,persona_juridica,0
P-36441,persona_juridica,0
N-28577,persona_natural,0
P-08732,persona_juridica,0
P-31844,persona_juridica,0
N-30686,persona_natural,0
N-08577,persona_natural,0
P-43959,persona_juridica,1
P-25462,persona_juridica,0
N-01194,persona_natural,0
P-45935,persona_juridica,0
P-00322,persona_juridica,0
N-19886,persona_natural,0
N-20908,persona_natural,0
N-16156,persona_natural,0
N-31274,persona_natural,0
N-01843,persona_natural,0
N-14622,persona_natural,0
N-33044,persona_natural,0
P-07025,persona_juridica,0
P-45497,persona_juridica,0
P-44403,persona_juridica,0
N-14510,persona_natural,1
P-43629,persona_juridica,0
P-03086,persona_juridica,0
UT-9089,union_temporal,0
P-21103,persona_juridica,0
P-43011,persona_juridica,0
P-06738,persona_juridica,0
P-44809,persona_juridica,1
N-18421,persona_natural,0
N-24075,persona_natural,0
UT-38396,union_temporal,0
UT-36443,union_temporal,0
P-49024,persona_juridica,0
UT-28978,union_temporal,0
N-07538,persona_natural,0
UT-37313,union_temporal,0
P-27954,persona_juridica,0
N-11134,persona_natural,0
P-32153,persona_juridica,1
P-20966,persona_juridica,0
N-32995,persona_natural,0
N-31465,persona_natural,0
N-34610,persona_natural,0
P-18805,persona_juridica,0
N-02070,persona_natural,0
P-41127,persona_juridica,0
P-29072,persona_juridica,0
UT-35058,union_temporal,0
P-12643,persona_juridica,0
P-26210,persona_juridica,0
N-22454,persona_natural,0
N-29601,persona_natural,0
N-13687,persona_natural,0
N-07814,persona_natural,0
UT-6033,union_temporal,0
N-20485,persona_natural,0
N-25830,persona_natural,0
P-22852,persona_juridica,0
P-45143,persona_juridica,0
N-24956,persona_natural,0
N-20560,persona_natural,0
N-06482,persona_natural,0
P-47274,persona_juridica,0
N-25181,persona_natural,0
P-35837,persona_juridica,0
N-07010,persona_natural,1
N-13152,persona_natural,0
UT-46312,union_temporal,0
N-28875,persona_natural,0
UT-14043,union_temporal,0
N-05689,persona_natural,1
P-45265,persona_juridica,0
P-11356,persona_juridica,0
P-11419,persona_juridica,0
P-41077,persona_juridica,0
P-49175,persona_juridica,0
P-25741,persona_juridica,0
P-08335,persona_juridica,0
N-00140,persona_natural,1
N-16862,persona_natural,0
P-15516,persona_juridica,0
P-23404,persona_juridica,0
N-05178,persona_natural,0
N-08993,persona_natural,0
N-33732,persona_natural,0
UT-8838,union_temporal,0
N-30460,persona_natural,0
N-14754,persona_natural,0
P-26302,persona_juridica,0
N-13925,persona_natural,0
P-13152,persona_juridica,0
P-35521,persona_juridica,0
P-12220,persona_juridica,1
N-21766,persona_natural,0
P-39424,persona_juridica,0
UT-25096,union_temporal,0
P-03070,persona_juridica,0
P-31470,persona_juridica,1
N-14018,persona_natural,1
P-11274,persona_juridica,0
UT-4503,union_temporal,0
P-37052,persona_juridica,0
UT-45010,union_temporal,0
P-22632,persona_juridica,1
N-28252,persona_natural,0
P-45995,persona_juridica,0
P-39089,persona_juridica,0
P-28379,persona_juridica,0
P-28016,persona_juridica,0
N-35717,persona_natural,0
N-32929,persona_natural,0
P-29524,persona_juridica,0
N-04266,persona_natural,0
P-49544,persona_juridica,0
P-36918,persona_juridica,1
P-33238,persona_juridica,0
UT-12304,union_temporal,0
N-20074,persona_natural,0
P-27851,persona_juridica,0
N-31499,persona_natural,0
N-19107,persona_natural,0
N-01757,persona_natural,0
N-24119,persona_natural,1
P-51296,persona_juridica,1
N-04015,persona_natural,0
P-08474,persona_juridica,0
N-06266,persona_natural,0
P-13083,persona_juridica,0
P-36829,persona_juridica,0
P-49530,persona_juridica,0
N-30232,persona_natural,0
UT-32703,union_temporal,0
N-21860,persona_natural,0
N-30884,persona_natural,0
P-36474,persona_juridica,1
UT-29520,union_temporal,0
N-06058,persona_natural,0
P-15296,persona_juridica,0
P-49527,persona_juridica,0
N-20039,persona_natural,0
N-25233,persona_natural,1
P-36841,persona_juridica,0
P-36781,persona_juridica,0
N-36788,persona_natural,0
P-11798,persona_juridica,0
N-09933,persona_natural,0
N-23474,persona_natural,0
N-14846,persona_natural,0
N-10196,persona_natural,0
P-17057,persona_juridica,0
N-05343,persona_natural,0
N-11667,persona_natural,0
P-50380,persona_juridica,0
P-41584,persona_juridica,0
N-08210,persona_natural,0
P-48319,persona_juridica,1
N-31815,persona_natural,0
N-15654,persona_natural,1
P-13613,persona_juridica,0
UT-33681,union_temporal,0
UT-3630,union_temporal,0
N-06716,persona_natural,0
P-51231,persona_juridica,0
P-17118,persona_juridica,0
P-10559,persona_juridica,0
N-32984,persona_natural,1
P-31040,persona_juridica,0
P-05286,persona_juridica,0
UT-13509,union_temporal,0
P-48461,persona_juridica,0
UT-29544,union_temporal,0
P-36075,persona_juridica,0
P-29931,persona_juridica,0
N-18883,persona_natural,0
P-14186,persona_juridica,0
P-06707,persona_juridica,0
UT-39871,union_temporal,0
N-34010,persona_natural,0
N-11271,persona_natural,0
P-34331,persona_juridica,0
UT-26441,union_temporal,0
P-41020,persona_juridica,0
N-26870,persona_natural,0
P-27436,persona_juridica,0
P-40144,persona_juridica,0
P-13309,persona_juridica,0
P-41599,persona_juridica,0
P-26772,persona_juridica,0
P-23812,persona_juridica,1
N-23039,persona_natural,0
P-27345,persona_juridica,0
N-16465,persona_natural,0
P-18671,persona_juridica,0
P-16196,persona_juridica,0
P-31940,persona_juridica,0
N-13742,persona_natural,0
P-09861,persona_juridica,0
N-08071,persona_natural,0
P-45648,persona_juridica,0
N-11691,persona_natural,0
N-35900,persona_natural,0
N-14907,persona_natural,0
N-11156,persona_natural,0
P-12189,persona_juridica,0
P-29146,persona_juridica,0
UT-32593,union_temporal,0
P-35658,persona_juridica,1
N-09921,persona_natural,0
P-00420,persona_juridica,1
N-36464,persona_natural,1
N-31809,persona_natural,0
P-23236,persona_juridica,0
P-12097,persona_juridica,0
P-24736,persona_juridica,0
P-16152,persona_juridica,0
P-13096,persona_juridica,0
P-33486,persona_juridica,1
P-05120,persona_juridica,0
N-13428,persona_natural,0
P-23482,persona_juridica,0
N-27087,persona_natural,0
P-46317,persona_juridica,1
P-35064,persona_juridica,0
P-25068,persona_juridica,0
N-14669,persona_natural,0
N-12035,persona_natural,0
P-50530,persona_juridica,0
P-30584,persona_juridica,0
P-40363,persona_juridica,0
N-34181,persona_natural,0
P-34889,persona_juridica,0
N-16494,persona_natural,0
N-34239,persona_natural,1
P-05773,persona_juridica,0
N-07416,persona_natural,0
P-28724,persona_juridica,0
P-37332,persona_juridica,0
P-32626,persona_juridica,0
P-40326,persona_juridica,0
P-49994,persona_juridica,0
P-39271,persona_juridica,0
N-04898,persona_natural,0
N-29321,persona_natural,0
N-24174,persona_natural,0
N-07383,persona_natural,0
N-23503,persona_natural,0
P-32479,persona_juridica,0
N-15019,persona_natural,1
P-41481,persona_juridica,0
P-10128,persona_juridica,0
P-04879,persona_juridica,0
P-02564,persona_juridica,0
UT-6138,union_temporal,0
N-37145,persona_natural,0
N-20354,persona_natural,0
N-31041,persona_natural,0
N-17600,persona_natural,1
P-46860,persona_juridica,0
P-01358,persona_juridica,0
P-00731,persona_juridica,0
P-07846,persona_juridica,0
N-26007,persona_natural,0
P-33791,persona_juridica,0
P-44086,persona_juridica,0
N-10257,persona_natural,0
P-44825,persona_juridica,0
P-32079,persona_juridica,0
P-50483,persona_juridica,0
P-37823,persona_juridica,0
P-25240,persona_juridica,0
P-38177,persona_juridica,0
UT-5499,union_temporal,0
P-50632,persona_juridica,0
P-37242,persona_juridica,0
P-09953,persona_juridica,1
P-06614,persona_juridica,0
P-03822,persona_juridica,0
N-20996,persona_natural,0
P-15319,persona_juridica,1
P-46708,persona_juridica,0
P-00421,persona_juridica,0
N-29313,persona_natural,0
N-11505,persona_natural,0
P-20714,persona_juridica,1
P-48689,persona_juridica,0
N-31038,persona_natural,0
P-31205,persona_juridica,0
N-07435,persona_natural,0
N-11993,persona_natural,0
N-31377,persona_natural,0
N-26778,persona_natural,0
N-16849,persona_natural,0
P-16586,persona_juridica,1
P-38271,persona_juridica,0
P-41710,persona_juridica,0
P-45401,persona_juridica,0
P-21390,persona_juridica,0
P-25411,persona_juridica,0
P-50173,persona_juridica,0
P-10710,persona_juridica,0
P-42768,persona_juridica,1
P-11602,persona_juridica,0
N-28598,persona_natural,0
N-00436,persona_natural,0
N-10710,persona_natural,0
P-43254,persona_juridica,0
N-33981,persona_natural,0
N-15372,persona_natural,0
P-48570,persona_juridica,1
N-27622,persona_natural,0
P-31767,persona_juridica,0
N-14783,persona_natural,0
P-46748,persona_juridica,0
P-21547,persona_juridica,0
P-20049,persona_juridica,0
P-23167,persona_juridica,0
P-19973,persona_juridica,0
P-28764,persona_juridica,0
N-24814,persona_natural,0
N-16747,persona_natural,0
N-03157,persona_natural,0
N-35347,persona_natural,0
UT-30523,union_temporal,0
N-17908,persona_natural,0
P-41673,persona_juridica,1
N-31075,persona_natural,0
N-34792,persona_natural,0
N-27602,persona_natural,0
N-29503,persona_natural,0
P-19182,persona_juridica,0
N-14402,persona_natural,0
P-04471,persona_juridica,0
P-37212,persona_juridica,0
UT-42661,union_temporal,0
N-33680,persona_natural,0
P-37383,persona_juridica,0
P-11775,persona_juridica,0
P-34493,persona_juridica,0
P-30840,persona_juridica,0
N-34175,persona_natural,0
P-44590,persona_juridica,0
N-32997,persona_natural,0
P-47874,persona_juridica,0
P-32894,persona_juridica,0
N-07623,persona_natural,0
N-25451,persona_natural,0
N-19536,persona_natural,0
N-23704,persona_natural,0
P-06868,persona_juridica,0
N-13884,persona_natural,0
N-19798,persona_natural,1
N-10307,persona_natural,0
P-30046,persona_juridica,0
N-37022,persona_natural,1
P-03273,persona_juridica,0
UT-14755,union_temporal,0
P-03946,persona_juridica,0
N-08103,persona_natural,0
P-44633,persona_juridica,0
N-31097,persona_natural,0
N-32083,persona_natural,0
P-14899,persona_juridica,0
P-15091,persona_juridica,1
UT-19970,union_temporal,0
P-01114,persona_juridica,0
UT-6643,union_temporal,0
N-20802,persona_natural,0
P-38208,persona_juridica,1
P-35693,persona_juridica,0
P-03748,persona_juridica,0
P-00344,persona_juridica,0
P-46604,persona_juridica,1
N-07356,persona_natural,0
N-29717,persona_natural,0
N-33710,persona_natural,0
UT-5772,union_temporal,0
P-15351,persona_juridica,0
N-23496,persona_natural,0
P-01120,persona_juridica,0
P-37899,persona_juridica,0
UT-45028,union_temporal,0
P-01391,persona_juridica,0
N-25162,persona_natural,1
P-06423,persona_juridica,0
P-40029,persona_juridica,0
P-09438,persona_juridica,0
P-03313,persona_juridica,0
N-31349,persona_natural,0
N-25010,persona_natural,0
P-00662,persona_juridica,0
P-05176,persona_juridica,0
P-03462,persona_juridica,0
P-32500,persona_juridica,0
UT-21534,union_temporal,0
N-35023,persona_natural,0
P-47642,persona_juridica,0
UT-23791,union_temporal,0
P-27742,persona_juridica,1
P-24023,persona_juridica,0
N-25251,persona_natural,0
N-15491,persona_natural,0
P-08661,persona_juridica,0
N-01138,persona_natural,0
P-22103,persona_juridica,1
P-17239,persona_juridica,0
UT-24525,union_temporal,0
N-18276,persona_natural,0
N-21407,persona_natural,1
N-15747,persona_natural,0
P-43366,persona_juridica,0
N-08410,persona_natural,0
N-28573,persona_natural,0
N-13620,persona_natural,1
N-05090,persona_natural,0
P-50716,persona_juridica,0
P-06153,persona_juridica,0
N-14141,persona_natural,0
N-01713,persona_natural,0
UT-3935,union_temporal,0
P-24670,persona_juridica,0
UT-12800,union_temporal,0
P-44278,persona_juridica,0
N-28550,persona_natural,0
N-12338,persona_natural,0
P-21933,persona_juridica,1
N-29462,persona_natural,0
N-08125,persona_natural,0
N-22388,persona_natural,0
N-19429,persona_natural,0
N-25243,persona_natural,0
P-39959,persona_juridica,0
P-39766,persona_juridica,0
P-47975,persona_juridica,0
N-23181,persona_natural,0
P-38115,persona_juridica,0
P-33053,persona_juridica,0
P-10655,persona_juridica,0
N-25429,persona_natural,0
UT-14896,union_temporal,0
N-35692,persona_natural,0
UT-17031,union_temporal,0
P-03002,persona_juridica,0
P-15788,persona_juridica,0
P-03974,persona_juridica,0
P-47041,persona_juridica,0
P-28094,persona_juridica,0
P-02815,persona_juridica,0
UT-13860,union_temporal,0
P-48870,persona_juridica,0
N-04511,persona_natural,0
N-31055,persona_natural,1
N-21383,persona_natural,0
N-23549,persona_natural,0
P-48924,persona_juridica,1
P-09975,persona_juridica,0
N-02533,persona_natural,0
P-27294,persona_juridica,0
N-36306,persona_natural,0
N-24306,persona_natural,0
P-13259,persona_juridica,0
P-43490,persona_juridica,0
P-46141,persona_juridica,0
P-34870,persona_juridica,0
P-07082,persona_juridica,0
P-33367,persona_juridica,0
N-31346,persona_natural,0
P-01495,persona_juridica,1
N-07248,persona_natural,0
P-36129,persona_juridica,1
N-28730,persona_natural,0
N-24547,persona_natural,0
P-27923,persona_juridica,0
P-08448,persona_juridica,0
P-17080,persona_juridica,0
N-18249,persona_natural,0
N-06314,persona_natural,1
N-19175,persona_natural,0
N-29331,persona_natural,0
UT-39294,union_temporal,0
P-48551,persona_juridica,0
P-33695,persona_juridica,0
P-08613,persona_juridica,0
P-16734,persona_juridica,0
N-03778,persona_natural,0
N-22790,persona_natural,0
N-11318,persona_natural,0
N-20883,persona_natural,0
N-28302,persona_natural,0
N-31333,persona_natural,0
N-03226,persona_natural,0
P-35596,persona_juridica,0
P-41572,persona_juridica,0
P-07443,persona_juridica,0
P-06607,persona_juridica,0
N-01213,persona_natural,0
N-06115,persona_natural,1
P-37452,persona_juridica,0
N-05315,persona_natural,0
P-50177,persona_juridica,0
P-16654,persona_juridica,0
P-41598,persona_juridica,0
UT-25943,union_temporal,0
P-09228,persona_juridica,0
UT-10069,union_temporal,0
N-01356,persona_natural,0
N-32595,persona_natural,1
P-39867,persona_juridica,0
P-01866,persona_juridica,0
N-11553,persona_natural,0
N-27905,persona_natural,0
N-08728,persona_natural,0
P-46192,persona_juridica,0
N-34241,persona_natural,0
P-11104,persona_juridica,0
P-44105,persona_juridica,0
N-20726,persona_natural,0
N-22009,persona_natural,0
UT-10613,union_temporal,0
N-13285,persona_natural,0
N-32307,persona_natural,0
P-05927,persona_juridica,0
N-30271,persona_natural,0
N-00602,persona_natural,0
P-04220,persona_juridica,0
P-09309,persona_juridica,0
N-07683,persona_natural,0
N-17120,persona_natural,0
N-37577,persona_natural,1
UT-31665,union_temporal,0
P-22779,persona_juridica,0
UT-34255,union_temporal,0
UT-8015,union_temporal,0
P-03595,persona_juridica,0
N-32637,persona_natural,0
P-46211,persona_juridica,0
P-41182,persona_juridica,0
N-32545,persona_natural,1
N-14992,persona_natural,0
P-14928,persona_juridica,0
P-11762,persona_juridica,0
P-45474,persona_juridica,0
P-33069,persona_juridica,0
P-38290,persona_juridica,0
P-30781,persona_juridica,1
N-28904,persona_natural,0
P-27029,persona_juridica,0
N-19092,persona_natural,0
P-11333,persona_juridica,0
P-02869,persona_juridica,0
P-35282,persona_juridica,1
N-26910,persona_natural,0
P-04354,persona_juridica,0
UT-40721,union_temporal,0
N-03658,persona_natural,0
N-00596,persona_natural,1
N-32030,persona_natural,1
P-34497,persona_juridica,0
P-45488,persona_juridica,1
P-45358,persona_juridica,0
N-27555,persona_natural,0
P-13696,persona_juridica,0
P-49489,persona_juridica,0
N-01283,persona_natural,0
UT-45641,union_temporal,0
P-11282,persona_juridica,0
P-21805,persona_juridica,0
P-16838,persona_juridica,0
N-20615,persona_natural,0
N-00480,persona_natural,0
P-42670,persona_juridica,0
P-46762,persona_juridica,0
P-01430,persona_juridica,0
N-18161,persona_natural,0
P-31648,persona_juridica,1
P-10290,persona_juridica,0
P-18885,persona_juridica,1
UT-31890,union_temporal,0
N-18149,persona_natural,0
N-24905,persona_natural,0
P-51242,persona_juridica,0
P-10359,persona_juridica,0
N-02413,persona_natural,0
UT-46243,union_temporal,0
N-01344,persona_natural,0
P-32926,persona_juridica,1
P-48664,persona_juridica,0
P-03446,persona_juridica,0
UT-22167,union_temporal,0
P-17140,persona_juridica,0
N-14272,persona_natural,0
P-25663,persona_juridica,0
N-06766,persona_natural,0
P-24517,persona_juridica,0
P-11361,persona_juridica,0
N-21490,persona_natural,0
P-11415,persona_juridica,1
N-29809,persona_natural,1
UT-2003,union_temporal,0
N-25221,persona_natural,0
N-19873,persona_natural,0
N-30534,persona_natural,0
P-11423,persona_juridica,1
N-31521,persona_natural,1
P-11626,persona_juridica,0
N-06029,persona_natural,0
P-16219,persona_juridica,0
N-33770,persona_natural,0
P-47705,persona_juridica,1
UT-21639,union_temporal,0
P-30087,persona_juridica,0
P-08733,persona_juridica,0
P-37809,persona_juridica,0
P-50529,persona_juridica,0
P-16019,persona_juridica,0
P-22854,persona_juridica,0
UT-33463,union_temporal,1
N-31652,persona_natural,0
N-22587,persona_natural,1
UT-1818,union_temporal,0
P-34964,persona_juridica,1
N-02868,persona_natural,0
P-25127,persona_juridica,0
N-19419,persona_natural,0
P-32610,persona_juridica,0
UT-46072,union_temporal,0
N-23995,persona_natural,0
N-01353,persona_natural,0
N-03184,persona_natural,0
UT-13756,union_temporal,0
P-46559,persona_juridica,0
N-16847,persona_natural,0
UT-42939,union_temporal,0
P-18730,persona_juridica,0
P-12271,persona_juridica,1
P-21253,persona_juridica,0
P-31415,persona_juridica,0
N-24700,persona_natural,1
P-12388,persona_juridica,0
P-19254,persona_juridica,0
UT-24047,union_temporal,0
P-44337,persona_juridica,1
P-26786,persona_juridica,0
N-14837,persona_natural,0
N-21501,persona_natural,0
UT-42673,union_temporal,0
UT-29082,union_temporal,0
N-10458,persona_natural,0
N-37667,persona_natural,0
N-31345,persona_natural,0
P-19758,persona_juridica,0
P-26194,persona_juridica,0
P-44893,persona_juridica,0
P-31493,persona_juridica,0
P-28879,persona_juridica,0
P-07135,persona_juridica,0
N-22961,persona_natural,0
N-05067,persona_natural,0
P-22787,persona_juridica,0
N-32900,persona_natural,0
P-33952,persona_juridica,0
P-50738,persona_juridica,1
P-48832,persona_juridica,0
P-17254,persona_juridica,0
P-02640,persona_juridica,0
P-28184,persona_juridica,0
N-28071,persona_natural,1
UT-36406,union_temporal,0
N-06408,persona_natural,0
UT-30372,union_temporal,0
P-23384,persona_juridica,0
N-04369,persona_natural,0
P-23422,persona_juridica,0
N-37685,persona_natural,0
P-43797,persona_juridica,0
P-16439,persona_juridica,0
N-31599,persona_natural,0
N-22653,persona_natural,0
N-10282,persona_natural,0
N-31522,persona_natural,0
N-16161,persona_natural,0
N-35757,persona_natural,0
P-14632,persona_juridica,0
N-04491,persona_natural,0
P-06876,persona_juridica,0
N-22716,persona_natural,0
N-21801,persona_natural,0
N-25924,persona_natural,1
P-10948,persona_juridica,0
P-40231,persona_juridica,0
N-25092,persona_natural,0
N-22623,persona_natural,0
UT-16194,union_temporal,0
N-08954,persona_natural,0
P-14313,persona_juridica,0
P-47310,persona_juridica,0
P-50126,persona_juridica,0
UT-18414,union_temporal,0
N-14938,persona_natural,0
P-41692,persona_juridica,0
P-20149,persona_juridica,0
P-23776,persona_juridica,0
N-34907,persona_natural,0
N-14868,persona_natural,0
P-30850,persona_juridica,0
N-33604,persona_natural,0
N-02823,persona_natural,0
N-35586,persona_natural,1
UT-31793,union_temporal,0
P-30571,persona_juridica,0
N-19219,persona_natural,0
N-01324,persona_natural,0
N-12288,persona_natural,0
N-04658,persona_natural,0
UT-6917,union_temporal,0
P-22338,persona_juridica,0
UT-3539,union_temporal,0
P-43219,persona_juridica,0
P-47867,persona_juridica,0
N-00762,persona_natural,0
N-37553,persona_natural,0
N-02952,persona_natural,1
P-40776,persona_juridica,1
P-00461,persona_juridica,0
P-41896,persona_juridica,0
UT-36865,union_temporal,0
N-12313,persona_natural,0
P-36518,persona_juridica,0
N-10677,persona_natural,0
N-36683,persona_natural,0
P-19629,persona_juridica,0
N-27843,persona_natural,0
N-20087,persona_natural,1
P-15789,persona_juridica,1
P-48491,persona_juridica,1
N-28661,persona_natural,0
UT-24446,union_temporal,0
N-16416,persona_natural,0
P-34375,persona_juridica,0
P-25278,persona_juridica,0
UT-25254,union_temporal,0
P-04512,persona_juridica,1
P-31863,persona_juridica,0
N-16351,persona_natural,0
P-05850,persona_juridica,0
N-30869,persona_natural,0
N-02028,persona_natural,0
UT-45063,union_temporal,0
P-43210,persona_juridica,0
P-44748,persona_juridica,0
P-24194,persona_juridica,0
N-17778,persona_natural,0
N-14505,persona_natural,0
P-38057,persona_juridica,0
P-31273,persona_juridica,0
P-25945,persona_juridica,1
N-03340,persona_natural,0
P-29967,persona_juridica,0
N-20003,persona_natural,0
N-04757,persona_natural,0
N-23901,persona_natural,0
P-24840,persona_juridica,0
P-29839,persona_juridica,0
P-26017,persona_juridica,0
N-32819,persona_natural,0
N-19168,persona_natural,0
N-10749,persona_natural,0
UT-23645,union_temporal,0
N-16646,persona_natural,0
P-41482,persona_juridica,0
P-33554,persona_juridica,0
UT-30625,union_temporal,0
P-20266,persona_juridica,1
N-25189,persona_natural,0
N-19653,persona_natural,0
P-35392,persona_juridica,1
UT-16143,union_temporal,0
P-49245,persona_juridica,0
P-45039,persona_juridica,0
P-02238,persona_juridica,0
P-30945,persona_juridica,0
P-46695,persona_juridica,0
P-04850,persona_juridica,0
P-23625,persona_juridica,0
N-06653,persona_natural,0
P-19308,persona_juridica,0
P-23833,persona_juridica,0
N-14922,persona_natural,0
N-06951,persona_natural,0
N-29594,persona_natural,0
N-26554,persona_natural,0
P-06486,persona_juridica,0
P-40962,persona_juridica,0
P-43864,persona_juridica,0
N-23338,persona_natural,0
P-27706,persona_juridica,0
N-37191,persona_natural,0
N-25943,persona_natural,0
P-25972,persona_juridica,0
P-24859,persona_juridica,1
P-13076,persona_juridica,0
P-13433,persona_juridica,0
N-13983,persona_natural,0
P-04702,persona_juridica,0
UT-20334,union_temporal,0
P-20700,persona_juridica,1
N-12458,persona_natural,0
N-00943,persona_natural,0
N-34298,persona_natural,0
P-24926,persona_juridica,0
N-14396,persona_natural,0
N-30668,persona_natural,0
P-09477,persona_juridica,0
P-37163,persona_juridica,1
P-02433,persona_juridica,0
N-10017,persona_natural,0
N-23565,persona_natural,0
N-37171,persona_natural,1
P-06735,persona_juridica,0
N-19269,persona_natural,0
P-29976,persona_juridica,0
N-26481,persona_natural,0
N-08991,persona_natural,0
N-15788,persona_natural,1
P-13474,persona_juridica,0
P-46459,persona_juridica,0
UT-13937,union_temporal,0
N-31543,persona_natural,0
N-23152,persona_natural,0
N-19165,persona_natural,0
N-25557,persona_natural,0
N-10105,persona_natural,0
N-31051,persona_natural,0
N-29853,persona_natural,0
UT-31430,union_temporal,0
N-13673,persona_natural,0
N-03381,persona_natural,0
P-34198,persona_juridica,0
P-09008,persona_juridica,0
N-27814,persona_natural,0
P-02366,persona_juridica,1
P-11708,persona_juridica,0
P-20267,persona_juridica,0
N-24878,persona_natural,0
P-25424,persona_juridica,0
P-37972,persona_juridica,0
P-16082,persona_juridica,0
P-04724,persona_juridica,0
P-13143,persona_juridica,0
N-29758,persona_natural,1
UT-44807,union_temporal,0
P-14084,persona_juridica,0
UT-3111,union_temporal,0
N-27101,persona_natural,0
N-04071,persona_natural,0
P-47053,persona_juridica,0
P-06947,persona_juridica,0
N-35615,persona_natural,0
N-23568,persona_natural,0
P-32829,persona_juridica,0
N-09110,persona_natural,0
N-10633,persona_natural,0
P-36177,persona_juridica,0
N-11564,persona_natural,0
N-31591,persona_natural,0
UT-17015,union_temporal,0
N-01598,persona_natural,0
N-34407,persona_natural,0
P-26106,persona_juridica,0
P-40784,persona_juridica,0
P-45279,persona_juridica,1
P-32004,persona_juridica,1
P-05025,persona_juridica,0
P-44550,persona_juridica,0
N-19579,persona_natural,0
UT-31219,union_temporal,0
P-30125,persona_juridica,0
P-19508,persona_juridica,0
P-11648,persona_juridica,0
N-27563,persona_natural,0
UT-13404,union_temporal,0
P-48782,persona_juridica,0
N-01932,persona_natural,0
P-13120,persona_juridica,0
P-27371,persona_juridica,0
N-37506,persona_natural,0
N-07472,persona_natural,0
N-28939,persona_natural,0
N-20313,persona_natural,0
P-41049,persona_juridica,0
P-13640,persona_juridica,0
P-16284,persona_juridica,0
N-27381,persona_natural,0
P-13868,persona_juridica,0
P-51354,persona_juridica,0
N-14104,persona_natural,1
N-32767,persona_natural,0
N-29857,persona_natural,0
P-13935,persona_juridica,0
N-13027,persona_natural,0
N-06703,persona_natural,0
P-33336,persona_juridica,1
N-04115,persona_natural,0
N-07039,persona_natural,0
P-45795,persona_juridica,0
N-11149,persona_natural,0
P-20353,persona_juridica,0
N-17375,persona_natural,1
UT-2460,union_temporal,0
P-37494,persona_juridica,0
P-15868,persona_juridica,0
P-31799,persona_juridica,0
N-19301,persona_natural,0
P-11120,persona_juridica,0
P-08711,persona_juridica,0
P-05413,persona_juridica,0
N-32146,persona_natural,0
P-49457,persona_juridica,0
P-36496,persona_juridica,0
N-03207,persona_natural,0
UT-37958,union_temporal,0
P-14324,persona_juridica,0
N-28908,persona_natural,0
N-09130,persona_natural,0
P-48315,persona_juridica,0
UT-41867,union_temporal,0
P-35463,persona_juridica,0
P-08380,persona_juridica,0
UT-15754,union_temporal,0
N-20442,persona_natural,0
P-50164,persona_juridica,1
N-19404,persona_natural,1
N-03177,persona_natural,0
P-29605,persona_juridica,0
N-29446,persona_natural,0
P-36334,persona_juridica,0
N-28121,persona_natural,0
N-06425,persona_natural,0
P-13478,persona_juridica,0
N-22214,persona_natural,0
P-41110,persona_juridica,0
P-25862,persona_juridica,0
N-19216,persona_natural,0
P-33015,persona_juridica,0
N-26355,persona_natural,0
P-35039,persona_juridica,0
P-33812,persona_juridica,0
P-13428,persona_juridica,1
P-41858,persona_juridica,1
N-08944,persona_natural,0
P-38673,persona_juridica,0
P-33718,persona_juridica,0
P-35134,persona_juridica,0
P-06365,persona_juridica,0
N-22508,persona_natural,0
P-30636,persona_juridica,0
UT-4444,union_temporal,0
N-06918,persona_natural,1
N-22910,persona_natural,1
P-17722,persona_juridica,0
P-36101,persona_juridica,0
N-01151,persona_natural,0
P-25077,persona_juridica,0
P-10436,persona_juridica,0
N-02555,persona_natural,0
UT-43827,union_temporal,0
N-13065,persona_natural,0
N-16068,persona_natural,0
P-16338,persona_juridica,1
P-15780,persona_juridica,0
N-31756,persona_natural,0
N-34981,persona_natural,0
P-26572,persona_juridica,0
N-00743,persona_natural,0
N-23127,persona_natural,0
P-26167,persona_juridica,0
N-18808,persona_natural,1
P-40832,persona_juridica,0
N-09272,persona_natural,0
UT-26722,union_temporal,0
P-51398,persona_juridica,0
N-30060,persona_natural,0
N-06815,persona_natural,1
N-17211,persona_natural,1
N-13541,persona_natural,1
N-36026,persona_natural,0
N-17527,persona_natural,0
P-01191,persona_juridica,1
P-14623,persona_juridica,1
P-38786,persona_juridica,0
P-27363,persona_juridica,0
N-23911,persona_natural,0
N-11419,persona_natural,1
N-15727,persona_natural,0
N-23936,persona_natural,0
P-04302,persona_juridica,1
N-35363,persona_natural,0
N-34558,persona_natural,0
UT-30394,union_temporal,0
N-32051,persona_natural,0
UT-16221,union_temporal,0
N-20666,persona_natural,0
N-35353,persona_natural,1
N-21607,persona_natural,0
N-12483,persona_natural,0
N-05915,persona_natural,0
UT-4835,union_temporal,0
P-41138,persona_juridica,0
P-13498,persona_juridica,0
N-16530,persona_natural,0
P-33803,persona_juridica,0
N-24654,persona_natural,0
P-00931,persona_juridica,0
P-34706,persona_juridica,0
P-27093,persona_juridica,1
UT-40061,union_temporal,0
P-31103,persona_juridica,0
N-37686,persona_natural,0
P-25341,persona_juridica,0
N-00238,persona_natural,0
P-11129,persona_juridica,0
N-04279,persona_natural,0
N-10770,persona_natural,0
P-49759,persona_juridica,0
N-16139,persona_natural,0
P-10967,persona_juridica,0
P-42750,persona_juridica,0
N-12803,persona_natural,0
N-36963,persona_natural,0
P-41756,persona_juridica,0
N-29034,persona_natural,0
P-34800,persona_juridica,0
P-21178,persona_juridica,0
N-34077,persona_natural,0
P-43134,persona_juridica,0
P-43882,persona_juridica,0
P-10733,persona_juridica,0
N-24666,persona_natural,0
N-13695,persona_natural,0
P-21715,persona_juridica,0
P-23403,persona_juridica,0
N-12953,persona_natural,0
P-24826,persona_juridica,0
UT-43861,union_temporal,0
N-21395,persona_natural,0
P-30757,persona_juridica,1
P-15083,persona_juridica,0
N-07414,persona_natural,0
P-35096,persona_juridica,0
P-05205,persona_juridica,0
N-32313,persona_natural,0
P-49550,persona_juridica,1
N-37563,persona_natural,0
UT-0912,union_temporal,0
P-28987,persona_juridica,0
N-20051,persona_natural,0
N-12063,persona_natural,0
N-24350,persona_natural,1
P-38102,persona_juridica,0
P-21250,persona_juridica,0
UT-10709,union_temporal,0
P-19860,persona_juridica,0
UT-24786,union_temporal,0
N-17706,persona_natural,0
N-19297,persona_natural,1
N-29466,persona_natural,1
N-24153,persona_natural,0
N-14387,persona_natural,0
P-31170,persona_juridica,0
N-15549,persona_natural,0
P-10107,persona_juridica,0
P-45381,persona_juridica,0
P-43347,persona_juridica,0
UT-43186,union_temporal,0
P-33634,persona_juridica,0
P-15745,persona_juridica,0
P-21172,persona_juridica,0
N-16479,persona_natural,0
P-36650,persona_juridica,0
P-32050,persona_juridica,0
P-40281,persona_juridica,0
P-12114,persona_juridica,0
UT-30392,union_temporal,0
P-07583,persona_juridica,1
P-09462,persona_juridica,0
P-21017,persona_juridica,0
P-34066,persona_juridica,0
P-43287,persona_juridica,0
P-31633,persona_juridica,0
N-28559,persona_natural,0
P-38798,persona_juridica,0
N-03555,persona_natural,0
N-25899,persona_natural,0
P-14250,persona_juridica,0
N-03959,persona_natural,0
P-27999,persona_juridica,0
N-22148,persona_natural,0
N-04615,persona_natural,0
P-18985,persona_juridica,0
P-04839,persona_juridica,0
P-43286,persona_juridica,0
N-14820,persona_natural,0
P-05014,persona_juridica,0
N-21569,persona_natural,0
N-12941,persona_natural,0
P-47045,persona_juridica,0
P-33498,persona_juridica,1
N-00256,persona_natural,0
N-35598,persona_natural,0
P-43887,persona_juridica,0
N-22411,persona_natural,0
UT-3108,union_temporal,0
N-16178,persona_natural,0
N-10512,persona_natural,0
N-33182,persona_natural,0
P-02411,persona_juridica,0
N-07067,persona_natural,0
P-00607,persona_juridica,0
P-28033,persona_juridica,0
N-36554,persona_natural,0
P-21842,persona_juridica,0
P-28993,persona_juridica,0
N-19639,persona_natural,0
P-13974,persona_juridica,0
N-16531,persona_natural,0
P-19467,persona_juridica,0
P-03918,persona_juridica,0
N-06797,persona_natural,0
P-31835,persona_juridica,0
P-44925,persona_juridica,1
N-05263,persona_natural,0
P-17185,persona_juridica,0
P-05422,persona_juridica,0
UT-39339,union_temporal,0
N-03170,persona_natural,0
P-42413,persona_juridica,0
P-17966,persona_juridica,0
P-50981,persona_juridica,0
N-05732,persona_natural,0
N-24084,persona_natural,0
P-21345,persona_juridica,0
N-07121,persona_natural,0
P-46418,persona_juridica,0
P-41622,persona_juridica,1
P-45626,persona_juridica,0
P-27400,persona_juridica,0
N-15396,persona_natural,0
P-03356,persona_juridica,0
N-36022,persona_natural,1
N-35954,persona_natural,0
P-06383,persona_juridica,0
N-22905,persona_natural,1
N-25209,persona_natural,0
N-34382,persona_natural,0
P-17466,persona_juridica,0
N-01586,persona_natural,0
P-20211,persona_juridica,1
P-11803,persona_juridica,0
N-07161,persona_natural,0
N-36598,persona_natural,0
N-11246,persona_natural,0
P-30744,persona_juridica,0
N-27560,persona_natural,0
P-34280,persona_juridica,0
P-08106,persona_juridica,1
N-08628,persona_natural,1
P-46060,persona_juridica,0
P-12978,persona_juridica,0
P-06669,persona_juridica,1
N-29993,persona_natural,0
P-32486,persona_juridica,0
N-01287,persona_natural,0
N-11326,persona_natural,0
P-47656,persona_juridica,0
P-19713,persona_juridica,0
P-10506,persona_juridica,0
N-13934,persona_natural,0
N-30440,persona_natural,0
P-32272,persona_juridica,1
P-09680,persona_juridica,0
N-11359,persona_natural,0
P-04978,persona_juridica,0
N-20239,persona_natural,0
UT-24104,union_temporal,0
P-39923,persona_juridica,0
P-29960,persona_juridica,1
P-04520,persona_juridica,0
P-41745,persona_juridica,0
P-50188,persona_juridica,0
N-28082,persona_natural,0
N-10027,persona_natural,0
UT-45701,union_temporal,0
P-03290,persona_juridica,0
P-48439,persona_juridica,0
P-23957,persona_juridica,0
N-30105,persona_natural,0
UT-19512,union_temporal,0
UT-2374,union_temporal,0
P-32305,persona_juridica,0
N-08165,persona_natural,0
P-36080,persona_juridica,0
UT-45755,union_temporal,0
UT-41264,union_temporal,0
N-18097,persona_natural,0
P-26231,persona_juridica,0
P-11389,persona_juridica,1
N-23903,persona_natural,1
N-20215,persona_natural,0
P-03899,persona_juridica,0
N-22073,persona_natural,0
P-03114,persona_juridica,1
N-29495,persona_natural,0
N-00092,persona_natural,0
N-25736,persona_natural,0
P-06416,persona_juridica,0
P-30305,persona_juridica,0
P-40381,persona_juridica,0
N-31804,persona_natural,0
P-05739,persona_juridica,0
N-14275,persona_natural,0
P-07543,persona_juridica,0
N-16008,persona_natural,0
P-33383,persona_juridica,0
N-26636,persona_natural,0
N-34606,persona_natural,0
P-07510,persona_juridica,0
N-31151,persona_natural,1
N-31786,persona_natural,0
P-12712,persona_juridica,0
UT-22150,union_temporal,0
N-05629,persona_natural,0
UT-27505,union_temporal,0
N-24221,persona_natural,0
N-21665,persona_natural,0
P-13089,persona_juridica,0
P-45169,persona_juridica,0
P-23330,persona_juridica,0
N-15507,persona_natural,0
N-35700,persona_natural,0
N-05885,persona_natural,0
P-17761,persona_juridica,0
P-16956,persona_juridica,0
P-25071,persona_juridica,0
N-15127,persona_natural,0
P-02482,persona_juridica,0
P-50657,persona_juridica,0
P-29477,persona_juridica,1
N-13921,persona_natural,0
N-29675,persona_natural,0
N-08939,persona_natural,0
N-06047,persona_natural,0
P-16871,persona_juridica,0
P-40860,persona_juridica,0
P-34411,persona_juridica,0
N-03601,persona_natural,0
N-06778,persona_natural,0
N-20751,persona_natural,0
P-02154,persona_juridica,0
N-09525,persona_natural,0
N-09340,persona_natural,0
P-30325,persona_juridica,0
N-00011,persona_natural,0
P-05099,persona_juridica,0
N-13301,persona_natural,0
P-09810,persona_juridica,0
UT-12673,union_temporal,0
N-19702,persona_natural,0
P-51237,persona_juridica,0
P-32205,persona_juridica,0
P-30495,persona_juridica,0
P-16359,persona_juridica,0
N-04737,persona_natural,0
N-31482,persona_natural,0
N-00145,persona_natural,0
UT-17634,union_temporal,0
N-04607,persona_natural,0
P-38500,persona_juridica,0
P-48034,persona_juridica,1
N-24604,persona_natural,0
N-09517,persona_natural,0
N-32600,persona_natural,0
P-02829,persona_juridica,0
N-17528,persona_natural,0
P-39535,persona_juridica,1
P-20511,persona_juridica,0
N-17310,persona_natural,0
UT-16862,union_temporal,0
P-29335,persona_juridica,0
N-15078,persona_natural,1
P-33826,persona_juridica,1
N-28648,persona_natural,1
P-14595,persona_juridica,0
N-07934,persona_natural,0
N-01623,persona_natural,0
P-42150,persona_juridica,0
N-07991,persona_natural,0
P-04246,persona_juridica,0
P-18653,persona_juridica,0
N-24642,persona_natural,0
P-12072,persona_juridica,0
N-37216,persona_natural,0
P-03983,persona_juridica,0
N-11812,persona_natural,1
P-50197,persona_juridica,0
N-33660,persona_natural,0
P-05180,persona_juridica,0
N-35760,persona_natural,0
N-09508,persona_natural,0
P-48890,persona_juridica,1
P-06054,persona_juridica,0
UT-1222,union_temporal,0
P-38683,persona_juridica,0
N-36405,persona_natural,0
N-21274,persona_natural,0
P-32082,persona_juridica,0
P-41405,persona_juridica,0
P-49691,persona_juridica,0
N-29598,persona_natural,0
N-08193,persona_natural,0
P-07430,persona_juridica,0
N-17546,persona_natural,0
P-24735,persona_juridica,0
P-35469,persona_juridica,0
P-34789,persona_juridica,0
P-35328,persona_juridica,0
P-09162,persona_juridica,1
N-29599,persona_natural,0
P-22134,persona_juridica,0
P-44067,persona_juridica,0
N-29255,persona_natural,0
N-30776,persona_natural,0
P-43566,persona_juridica,0
P-30172,persona_juridica,0
N-30897,persona_natural,0
P-14966,persona_juridica,1
N-25611,persona_natural,0
P-15432,persona_juridica,0
N-16713,persona_natural,1
N-37543,persona_natural,0
P-34920,persona_juridica,0
N-04530,persona_natural,0
N-06097,persona_natural,0
N-11303,persona_natural,0
P-05684,persona_juridica,0
P-30418,persona_juridica,0
P-33503,persona_juridica,1
N-27246,persona_natural,0
N-10400,persona_natural,0
P-49264,persona_juridica,0
N-01827,persona_natural,0
N-26113,persona_natural,0
N-35266,persona_natural,0
P-34475,persona_juridica,0
P-36170,persona_juridica,0
P-03309,persona_juridica,0
P-01827,persona_juridica,0
P-50053,persona_juridica,1
P-45370,persona_juridica,0
P-01275,persona_juridica,0
P-43415,persona_juridica,0
P-49255,persona_juridica,1
N-33085,persona_natural,0
P-19891,persona_juridica,0
N-16076,persona_natural,0
P-06874,persona_juridica,0
N-35109,persona_natural,0
P-36830,persona_juridica,0
P-32194,persona_juridica,0
P-50395,persona_juridica,0
N-07605,persona_natural,0
P-01239,persona_juridica,0
P-29009,persona_juridica,0
N-09746,persona_natural,0
P-05698,persona_juridica,0
P-44398,persona_juridica,1
P-44174,persona_juridica,0
P-14462,persona_juridica,0
UT-33394,union_temporal,0
P-11983,persona_juridica,0
N-22372,persona_natural,0
P-34094,persona_juridica,0
N-11818,persona_natural,1
UT-40241,union_temporal,0
N-18297,persona_natural,0
N-05997,persona_natural,0
P-43798,persona_juridica,0
N-36895,persona_natural,0
N-13759,persona_natural,0
N-27903,persona_natural,0
N-15722,persona_natural,1
UT-4803,union_temporal,0
P-04558,persona_juridica,0
N-31911,persona_natural,0
P-27798,persona_juridica,1
P-32003,persona_juridica,0
N-17663,persona_natural,0
P-24918,persona_juridica,0
P-25124,persona_juridica,0
P-18102,persona_juridica,0
N-35030,persona_natural,0
P-00587,persona_juridica,0
N-25502,persona_natural,0
N-19375,persona_natural,0
N-12199,persona_natural,0
N-14362,persona_natural,0
P-43931,persona_juridica,0
N-35802,persona_natural,0
P-08588,persona_juridica,0
P-21595,persona_juridica,0
P-12972,persona_juridica,0
N-02721,persona_natural,0
P-40227,persona_juridica,0
P-20818,persona_juridica,0
P-15031,persona_juridica,0
P-39264,persona_juridica,0
P-21243,persona_juridica,0
N-26285,persona_natural,0
P-29288,persona_juridica,0
N-21549,persona_natural,0
N-14000,persona_natural,0
P-37506,persona_juridica,1
P-34208,persona_juridica,0
UT-23194,union_temporal,0
N-09585,persona_natural,0
P-48632,persona_juridica,1
N-03434,persona_natural,0
P-21043,persona_juridica,0
P-41277,persona_juridica,0
P-13402,persona_juridica,0
N-32122,persona_natural,0
P-31349,persona_juridica,0
N-37282,persona_natural,1
N-17263,persona_natural,0
P-04005,persona_juridica,0
N-07511,persona_natural,0
P-41614,persona_juridica,1
N-19910,persona_natural,0
P-22874,persona_juridica,0
UT-38198,union_temporal,0
N-18965,persona_natural,0
P-04011,persona_juridica,0
N-18853,persona_natural,0
P-43779,persona_juridica,0
UT-36362,union_temporal,0
P-27621,persona_juridica,0
P-34665,persona_juridica,0
N-35724,persona_natural,0
P-18249,persona_juridica,0
P-19101,persona_juridica,0
N-23939,persona_natural,1
P-23737,persona_juridica,0
N-19222,persona_natural,0
P-08138,persona_juridica,0
P-03101,persona_juridica,0
P-40809,persona_juridica,1
P-29548,persona_juridica,0
P-23629,persona_juridica,0
P-40984,persona_juridica,0
P-10007,persona_juridica,0
P-07361,persona_juridica,0
N-03495,persona_natural,0
N-15772,persona_natural,1
P-08104,persona_juridica,0
UT-6609,union_temporal,0
N-05479,persona_natural,0
P-42879,persona_juridica,1
P-34410,persona_juridica,1
N-12405,persona_natural,0
P-16247,persona_juridica,0
UT-5257,union_temporal,0
N-28895,persona_natural,0
P-40988,persona_juridica,0
P-17018,persona_juridica,0
P-30028,persona_juridica,0
N-28672,persona_natural,0
N-22488,persona_natural,0
N-36535,persona_natural,0
P-37174,persona_juridica,0
P-47126,persona_juridica,0
UT-29951,union_temporal,0
P-35337,persona_juridica,0
N-13710,persona_natural,0
N-28043,persona_natural,0
P-19817,persona_juridica,0
N-35912,persona_natural,0
N-07589,persona_natural,0
P-37439,persona_juridica,0
P-08322,persona_juridica,0
P-51112,persona_juridica,0
P-39572,persona_juridica,0
P-32791,persona_juridica,1
P-07145,persona_juridica,0
P-34606,persona_juridica,0
P-38162,persona_juridica,1
P-39726,persona_juridica,0
P-14183,persona_juridica,1
P-40729,persona_juridica,1
N-28653,persona_natural,0
P-49008,persona_juridica,0
N-07470,persona_natural,0
N-01630,persona_natural,0
N-38025,persona_natural,0
N-21913,persona_natural,0
P-10130,persona_juridica,1
P-09318,persona_juridica,0
N-14643,persona_natural,0
UT-17326,union_temporal,0
P-03116,persona_juridica,0
N-11253,persona_natural,0
N-35033,persona_natural,0
P-32716,persona_juridica,1
P-15166,persona_juridica,0
P-08477,persona_juridica,0
P-25704,persona_juridica,0
N-05603,persona_natural,0
N-02585,persona_natural,0
UT-21753,union_temporal,0
P-34212,persona_juridica,0
P-14020,persona_juridica,0
N-01627,persona_natural,0
N-34021,persona_natural,0
N-22899,persona_natural,0
N-15275,persona_natural,0
P-43147,persona_juridica,0
N-34354,persona_natural,0
P-22730,persona_juridica,0
N-17649,persona_natural,0
N-02343,persona_natural,0
P-46867,persona_juridica,0
N-35884,persona_natural,0
N-07339,persona_natural,0
N-33929,persona_natural,0
N-09557,persona_natural,1
P-18971,persona_juridica,0
P-43975,persona_juridica,0
UT-33959,union_temporal,0
N-28122,persona_natural,0
N-05987,persona_natural,0
P-32715,persona_juridica,0
P-39243,persona_juridica,0
P-20508,persona_juridica,1
P-42507,persona_juridica,0
N-05133,persona_natural,0
UT-24831,union_temporal,0
P-19179,persona_juridica,0
N-06928,persona_natural,0
P-45453,persona_juridica,0
N-11585,persona_natural,0
N-06655,persona_natural,0
P-31032,persona_juridica,0
N-34699,persona_natural,0
P-05223,persona_juridica,0
P-36362,persona_juridica,0
N-25697,persona_natural,1
P-26636,persona_juridica,1
N-19869,persona_natural,1
P-33242,persona_juridica,0
P-10712,persona_juridica,0
P-14587,persona_juridica,0
P-29337,persona_juridica,0
N-26957,persona_natural,0
N-19237,persona_natural,0
N-28553,persona_natural,0
N-17884,persona_natural,0
N-05532,persona_natural,0
UT-23237,union_temporal,0
N-20467,persona_natural,0
N-25242,persona_natural,1
N-24430,persona_natural,1
N-00881,persona_natural,0
UT-7682,union_temporal,0
N-20366,persona_natural,0
P-04486,persona_juridica,0
N-25219,persona_natural,0
UT-38035,union_temporal,0
P-23926,persona_juridica,0
P-26465,persona_juridica,0
N-21240,persona_natural,0
N-36103,persona_natural,0
P-50689,persona_juridica,0
N-29286,persona_natural,0
N-31399,persona_natural,0
P-11209,persona_juridica,0
N-05725,persona_natural,0
N-13059,persona_natural,0
P-43444,persona_juridica,0
N-28743,persona_natural,0
N-10151,persona_natural,0
P-07460,persona_juridica,0
UT-44751,union_temporal,0
P-15049,persona_juridica,0
P-02079,persona_juridica,0
P-14339,persona_juridica,0
N-08340,persona_natural,0
UT-45218,union_temporal,0
N-27129,persona_natural,0
N-35829,persona_natural,0
N-10715,persona_natural,0
N-02177,persona_natural,0
P-25358,persona_juridica,0
P-25929,persona_juridica,0
N-26133,persona_natural,1
P-48785,persona_juridica,0
N-12567,persona_natural,0
N-36100,persona_natural,0
N-11047,persona_natural,0
UT-36300,union_temporal,0
UT-1806,union_temporal,0
N-19819,persona_natural,0
P-18344,persona_juridica,0
N-20460,persona_natural,0
N-10674,persona_natural,0
P-36736,persona_juridica,0
P-15948,persona_juridica,1
P-20546,persona_juridica,0
N-06277,persona_natural,1
P-16325,persona_juridica,0
N-36017,persona_natural,0
P-50281,persona_juridica,0
N-06903,persona_natural,0
P-31630,persona_juridica,0
P-43719,persona_juridica,1
UT-9294,union_temporal,0
P-00854,persona_juridica,1
N-05013,persona_natural,1
UT-10986,union_temporal,0
P-19587,persona_juridica,0
P-11441,persona_juridica,0
N-33744,persona_natural,0
N-07509,persona_natural,0
UT-3584,union_temporal,0
P-43590,persona_juridica,0
N-24092,persona_natural,1
N-36097,persona_natural,0
N-09744,persona_natural,0
N-21486,persona_natural,0
UT-10685,union_temporal,0
P-13695,persona_juridica,0
P-08905,persona_juridica,0
UT-45984,union_temporal,0
N-10298,persona_natural,0
P-29775,persona_juridica,0
P-14904,persona_juridica,0
P-06704,persona_juridica,0
N-06627,persona_natural,0
P-44712,persona_juridica,0
P-48697,persona_juridica,1
P-10466,persona_juridica,1
P-19043,persona_juridica,0
UT-42391,union_temporal,0
N-07713,persona_natural,0
P-39585,persona_juridica,0
P-00511,persona_juridica,0
P-01782,persona_juridica,1
P-46324,persona_juridica,0
P-18728,persona_juridica,0
P-25944,persona_juridica,0
P-48369,persona_juridica,0
N-35750,persona_natural,0
N-35246,persona_natural,0
UT-8257,union_temporal,0
P-19488,persona_juridica,0
N-09264,persona_natural,0
P-17925,persona_juridica,0
N-26981,persona_natural,0
P-34846,persona_juridica,0
N-25296,persona_natural,1
N-03400,persona_natural,0
P-38887,persona_juridica,0
N-37303,persona_natural,0
N-17081,persona_natural,0
UT-31042,union_temporal,0
P-04933,persona_juridica,0
P-30803,persona_juridica,0
UT-37381,union_temporal,0
UT-35908,union_temporal,0
UT-33585,union_temporal,1
N-16033,persona_natural,0
N-25379,persona_natural,0
P-46820,persona_juridica,1
N-02264,persona_natural,0
N-27453,persona_natural,0
P-46947,persona_juridica,0
N-18986,persona_natural,0
N-05027,persona_natural,0
N-07257,persona_natural,0
P-27560,persona_juridica,0
P-23365,persona_juridica,0
N-34082,persona_natural,0
UT-1281,union_temporal,0
P-19049,persona_juridica,0
UT-44941,union_temporal,0
N-05555,persona_natural,0
P-09142,persona_juridica,0
P-27181,persona_juridica,0
N-07612,persona_natural,0
P-35742,persona_juridica,0
P-15706,persona_juridica,0
P-42542,persona_juridica,0
P-21817,persona_juridica,0
N-36430,persona_natural,0
N-07648,persona_natural,0
P-25339,persona_juridica,0
N-32449,persona_natural,0
N-24063,persona_natural,0
N-11159,persona_natural,0
N-05806,persona_natural,0
N-27003,persona_natural,1
P-14843,persona_juridica,0
P-48028,persona_juridica,0
N-15621,persona_natural,0
P-04813,persona_juridica,0
P-01757,persona_juridica,0
P-51459,persona_juridica,0
N-36929,persona_natural,0
N-30495,persona_natural,0
P-10370,persona_juridica,0
N-14653,persona_natural,0
P-42201,persona_juridica,0
P-38446,persona_juridica,0
N-37994,persona_natural,0
P-38392,persona_juridica,0
UT-19588,union_temporal,0
N-23267,persona_natural,0
P-36427,persona_juridica,0
N-09655,persona_natural,0
P-42182,persona_juridica,0
N-32279,persona_natural,0
P-01718,persona_juridica,0
N-35209,persona_natural,0
P-06321,persona_juridica,0
N-09569,persona_natural,0
P-35648,persona_juridica,0
P-26835,persona_juridica,0
N-14986,persona_natural,0
P-38320,persona_juridica,0
P-00876,persona_juridica,0
P-46417,persona_juridica,0
P-02213,persona_juridica,0
N-27872,persona_natural,0
P-00471,persona_juridica,0
UT-35042,union_temporal,0
N-02911,persona_natural,0
P-12693,persona_juridica,0
N-24723,persona_natural,0
P-40637,persona_juridica,0
N-05229,persona_natural,0
N-24134,persona_natural,0
N-19748,persona_natural,0
P-12887,persona_juridica,0
P-47455,persona_juridica,0
N-18504,persona_natural,0
P-02368,persona_juridica,0
N-33113,persona_natural,0
P-39157,persona_juridica,0
N-11115,persona_natural,0
N-18715,persona_natural,0
N-29184,persona_natural,0
P-37205,persona_juridica,0
UT-9520,union_temporal,0
N-03446,persona_natural,0
N-19930,persona_natural,0
N-16489,persona_natural,0
P-03371,persona_juridica,0
P-07877,persona_juridica,0
P-07761,persona_juridica,0
N-17891,persona_natural,0
P-07284,persona_juridica,0
N-00912,persona_natural,0
P-08874,persona_juridica,0
P-15957,persona_juridica,0
P-05655,persona_juridica,0
N-37593,persona_natural,0
UT-45049,union_temporal,0
P-48515,persona_juridica,0
P-47751,persona_juridica,0
UT-45395,union_temporal,0
P-51210,persona_juridica,0
N-06821,persona_natural,0
P-38593,persona_juridica,0
N-37509,persona_natural,0
N-35817,persona_natural,0
N-07881,persona_natural,0
P-29352,persona_juridica,0
N-28088,persona_natural,0
N-35506,persona_natural,0
N-17148,persona_natural,0
N-28492,persona_natural,0
N-05398,persona_natural,0
N-23324,persona_natural,0
P-06171,persona_juridica,0
P-35498,persona_juridica,0
N-20547,persona_natural,0
N-09777,persona_natural,0
N-01197,persona_natural,0
P-26387,persona_juridica,1
P-35428,persona_juridica,0
N-35107,persona_natural,0
N-28602,persona_natural,0
P-22390,persona_juridica,0
P-14046,persona_juridica,0
P-01805,persona_juridica,0
P-42011,persona_juridica,0
N-02545,persona_natural,0
N-26785,persona_natural,0
N-22460,persona_natural,0
P-04084,persona_juridica,0
N-21083,persona_natural,0
P-21088,persona_juridica,1
N-33536,persona_natural,0
P-21374,persona_juridica,0
N-15558,persona_natural,0
P-09037,persona_juridica,0
P-47787,persona_juridica,0
P-25132,persona_juridica,0
P-30462,persona_juridica,0
N-16028,persona_natural,0
P-30613,persona_juridica,1
N-32732,persona_natural,0
UT-24312,union_temporal,0
N-34229,persona_natural,0
N-22518,persona_natural,0
P-09794,persona_juridica,0
N-19924,persona_natural,0
P-47239,persona_juridica,1
N-12664,persona_natural,0
P-23250,persona_juridica,0
P-19693,persona_juridica,0
N-19383,persona_natural,0
UT-1793,union_temporal,0
P-19703,persona_juridica,0
P-06133,persona_juridica,0
P-25626,persona_juridica,0
P-33457,persona_juridica,0
N-17054,persona_natural,0
UT-46051,union_temporal,0
P-35507,persona_juridica,0
P-27430,persona_juridica,1
N-02287,persona_natural,0
N-28385,persona_natural,0
N-29037,persona_natural,0
P-49520,persona_juridica,0
P-20018,persona_juridica,1
P-07931,persona_juridica,0
N-00589,persona_natural,0
P-31635,persona_juridica,0
N-37309,persona_natural,0
N-11284,persona_natural,0
N-27642,persona_natural,0
N-02623,persona_natural,1
P-18303,persona_juridica,0
P-05078,persona_juridica,1
N-10776,persona_natural,0
N-12088,persona_natural,0
P-19506,persona_juridica,0
N-37374,persona_natural,1
UT-16086,union_temporal,0
P-32235,persona_juridica,0
P-51027,persona_juridica,0
N-34819,persona_natural,0
P-29717,persona_juridica,0
N-22545,persona_natural,0
UT-1520,union_temporal,0
UT-22386,union_temporal,0
N-13039,persona_natural,0
P-46728,persona_juridica,0
N-33762,persona_natural,0
P-45631,persona_juridica,1
P-36852,persona_juridica,0
P-25743,persona_juridica,0
P-39291,persona_juridica,1
N-11233,persona_natural,0
N-21890,persona_natural,0
N-05836,persona_natural,0
N-20753,persona_natural,0
N-15640,persona_natural,0
N-37802,persona_natural,1
P-35242,persona_juridica,0
P-42772,persona_juridica,0
N-16001,persona_natural,1
N-31342,persona_natural,0
N-35860,persona_natural,0
N-03654,persona_natural,0
N-03335,persona_natural,0
N-00837,persona_natural,0
N-17090,persona_natural,0
N-05117,persona_natural,1
N-07000,persona_natural,1
UT-32300,union_temporal,0
P-17831,persona_juridica,0
P-21058,persona_juridica,1
N-12683,persona_natural,0
P-41053,persona_juridica,1
N-22084,persona_natural,0
N-30627,persona_natural,1
P-02484,persona_juridica,0
UT-0015,union_temporal,0
N-21417,persona_natural,1
P-25441,persona_juridica,0
P-07706,persona_juridica,0
N-15432,persona_natural,0
P-07241,persona_juridica,0
N-08981,persona_natural,0
P-14492,persona_juridica,0
N-09776,persona_natural,0
P-11458,persona_juridica,0
UT-21076,union_temporal,0
P-37679,persona_juridica,0
P-49966,persona_juridica,0
UT-45024,union_temporal,0
P-50220,persona_juridica,0
P-45333,persona_juridica,0
P-40346,persona_juridica,0
N-23647,persona_natural,0
N-36561,persona_natural,0
N-16524,persona_natural,0
P-15142,persona_juridica,0
P-02662,persona_juridica,0
P-24536,persona_juridica,1
P-01546,persona_juridica,0
P-08689,persona_juridica,0
P-20038,persona_juridica,0
N-21005,persona_natural,0
P-02798,persona_juridica,0
P-47108,persona_juridica,0
P-44895,persona_juridica,0
P-36564,persona_juridica,0
N-35479,persona_natural,0
UT-2753,union_temporal,0
P-28102,persona_juridica,0
N-00178,persona_natural,0
N-29615,persona_natural,0
P-06046,persona_juridica,0
N-36358,persona_natural,0
P-35948,persona_juridica,0
N-31876,persona_natural,0
P-42050,persona_juridica,0
UT-30463,union_temporal,0
P-36393,persona_juridica,0
N-13901,persona_natural,0
P-28272,persona_juridica,1
N-21266,persona_natural,0
N-34756,persona_natural,0
P-24927,persona_juridica,0
N-01702,persona_natural,1
UT-34132,union_temporal,0
P-08510,persona_juridica,0
P-10411,persona_juridica,0
N-35894,persona_natural,1
P-29559,persona_juridica,0
N-04643,persona_natural,1
P-00713,persona_juridica,0
N-33988,persona_natural,0
N-32885,persona_natural,0
P-42842,persona_juridica,1
P-36188,persona_juridica,0
P-13712,persona_juridica,0
P-14221,persona_juridica,0
P-06594,persona_juridica,0
N-00822,persona_natural,0
UT-0128,union_temporal,0
N-37884,persona_natural,0
N-36914,persona_natural,0
N-18434,persona_natural,0
N-33789,persona_natural,0
P-27698,persona_juridica,0
P-50597,persona_juridica,0
N-29709,persona_natural,0
P-42757,persona_juridica,0
N-10908,persona_natural,0
N-07004,persona_natural,0
N-06424,persona_natural,0
N-26081,persona_natural,0
P-48428,persona_juridica,0
N-34429,persona_natural,0
N-07343,persona_natural,0
P-22102,persona_juridica,0
P-06682,persona_juridica,0
N-03646,persona_natural,0
UT-34538,union_temporal,0
UT-23448,union_temporal,0
P-34033,persona_juridica,0
P-50608,persona_juridica,0
N-18074,persona_natural,0
UT-28328,union_temporal,0
P-19426,persona_juridica,0
N-06386,persona_natural,0
N-30856,persona_natural,1
P-18587,persona_juridica,0
P-13505,persona_juridica,0
N-10843,persona_natural,0
UT-12583,union_temporal,0
P-23915,persona_juridica,0
P-43869,persona_juridica,0
P-38800,persona_juridica,0
P-16252,persona_juridica,1
P-39799,persona_juridica,0
P-44093,persona_juridica,0
UT-27919,union_temporal,0
P-18749,persona_juridica,0
P-01085,persona_juridica,0
N-01116,persona_natural,0
N-32360,persona_natural,0
P-07747,persona_juridica,0
N-20732,persona_natural,1
P-45219,persona_juridica,0
N-17362,persona_natural,0
P-07827,persona_juridica,0
N-24427,persona_natural,0
P-38340,persona_juridica,0
P-47919,persona_juridica,0
P-02222,persona_juridica,0
N-07012,persona_natural,0
N-07924,persona_natural,0
N-10665,persona_natural,1
N-17255,persona_natural,0
N-17988,persona_natural,0
P-33461,persona_juridica,0
P-47393,persona_juridica,0
N-33013,persona_natural,0
P-42483,persona_juridica,0
N-21434,persona_natural,1
P-31897,persona_juridica,0
N-24195,persona_natural,0
N-22991,persona_natural,0
N-37031,persona_natural,0
N-25328,persona_natural,0
N-01361,persona_natural,0
N-35012,persona_natural,0
P-16066,persona_juridica,0
P-27658,persona_juridica,1
N-37852,persona_natural,0
P-26969,persona_juridica,0
P-21586,persona_juridica,0
P-42838,persona_juridica,0
P-18860,persona_juridica,0
P-25162,persona_juridica,1
P-08849,persona_juridica,0
P-09351,persona_juridica,0
P-34461,persona_juridica,0
P-17274,persona_juridica,0
P-36547,persona_juridica,0
P-46511,persona_juridica,0
P-14119,persona_juridica,0
P-44927,persona_juridica,0
P-46439,persona_juridica,0
UT-28606,union_temporal,0
P-21032,persona_juridica,0
P-26913,persona_juridica,0
N-18958,persona_natural,0
P-06395,persona_juridica,0
P-43762,persona_juridica,0
N-36789,persona_natural,0
P-37824,persona_juridica,0
N-12361,persona_natural,0
P-14133,persona_juridica,0
N-09664,persona_natural,0
P-30147,persona_juridica,0
P-47008,persona_juridica,0
N-25636,persona_natural,1
P-49551,persona_juridica,0
P-04230,persona_juridica,0
P-33537,persona_juridica,0
N-18816,persona_natural,0
P-03816,persona_juridica,1
N-37143,persona_natural,0
P-08021,persona_juridica,0
UT-38880,union_temporal,0
P-03634,persona_juridica,0
P-42678,persona_juridica,0
P-23001,persona_juridica,0
N-04598,persona_natural,0
N-25675,persona_natural,0
P-23056,persona_juridica,0
P-33153,persona_juridica,0
N-12799,persona_natural,0
P-14378,persona_juridica,0
P-32521,persona_juridica,0
P-29535,persona_juridica,0
N-10803,persona_natural,1
N-02217,persona_natural,0
P-32287,persona_juridica,0
P-50340,persona_juridica,0
P-27960,persona_juridica,0
P-34467,persona_juridica,1
N-13845,persona_natural,1
P-06826,persona_juridica,0
P-23615,persona_juridica,1
N-06670,persona_natural,0
P-07668,persona_juridica,0
UT-3638,union_temporal,0
P-18923,persona_juridica,0
P-08475,persona_juridica,0
P-36093,persona_juridica,0
N-01622,persona_natural,0
N-19771,persona_natural,0
UT-36091,union_temporal,0
P-12608,persona_juridica,0
UT-17068,union_temporal,0
P-46715,persona_juridica,0
P-30042,persona_juridica,0
N-32771,persona_natural,0
N-06124,persona_natural,1
P-23791,persona_juridica,0
P-25913,persona_juridica,0
P-44064,persona_juridica,0
N-24870,persona_natural,0
P-35779,persona_juridica,0
P-30275,persona_juridica,0
P-35879,persona_juridica,0
N-05020,persona_natural,0
P-45298,persona_juridica,0
N-13132,persona_natural,0
P-33836,persona_juridica,0
N-07136,persona_natural,0
UT-2742,union_temporal,0
P-22647,persona_juridica,0
N-10059,persona_natural,1
UT-17127,union_temporal,0
UT-31571,union_temporal,0
P-44670,persona_juridica,0
P-13492,persona_juridica,0
N-25677,persona_natural,0
N-18498,persona_natural,0
N-19706,persona_natural,0
N-07696,persona_natural,0
N-04738,persona_natural,1
P-44000,persona_juridica,0
P-10042,persona_juridica,1
P-27279,persona_juridica,0
N-11954,persona_natural,0
N-13237,persona_natural,0
P-07943,persona_juridica,0
N-19803,persona_natural,0
P-09532,persona_juridica,0
UT-8303,union_temporal,0
P-33409,persona_juridica,0
N-06577,persona_natural,0
N-08177,persona_natural,0
P-09188,persona_juridica,0
P-31345,persona_juridica,0
P-09604,persona_juridica,0
P-02896,persona_juridica,1
N-26612,persona_natural,1
UT-40759,union_temporal,0
N-09657,persona_natural,0
N-36765,persona_natural,0
P-42751,persona_juridica,0
P-00507,persona_juridica,0
P-09455,persona_juridica,0
P-28264,persona_juridica,0
P-06834,persona_juridica,0
UT-26662,union_temporal,0
P-03527,persona_juridica,0
N-36543,persona_natural,0
P-43811,persona_juridica,0
P-07762,persona_juridica,0
UT-22885,union_temporal,0
N-18933,persona_natural,1
P-00893,persona_juridica,0
N-10935,persona_natural,0
P-32430,persona_juridica,0
N-06809,persona_natural,1
N-14350,persona_natural,0
N-22156,persona_natural,0
P-07299,persona_juridica,0
N-18884,persona_natural,0
P-32169,persona_juridica,0
P-25092,persona_juridica,1
P-48858,persona_juridica,1
P-09649,persona_juridica,0
N-34131,persona_natural,0
N-31008,persona_natural,0
P-17338,persona_juridica,0
P-29936,persona_juridica,0
P-25554,persona_juridica,0
P-23541,persona_juridica,0
P-08642,persona_juridica,0
UT-5555,union_temporal,0
P-38836,persona_juridica,0
P-00124,persona_juridica,0
N-36162,persona_natural,0
N-17028,persona_natural,0
UT-20038,union_temporal,0
UT-23513,union_temporal,0
P-20615,persona_juridica,0
P-27737,persona_juridica,0
N-15146,persona_natural,0
P-05765,persona_juridica,0
N-30641,persona_natural,0
UT-26613,union_temporal,0
P-23455,persona_juridica,0
P-30394,persona_juridica,0
P-05377,persona_juridica,0
P-09219,persona_juridica,0
P-08516,persona_juridica,0
N-32590,persona_natural,0
N-29840,persona_natural,0
P-39116,persona_juridica,0
P-26438,persona_juridica,1
N-05558,persona_natural,0
N-09881,persona_natural,0
P-47250,persona_juridica,0
N-34697,persona_natural,0
P-43055,persona_juridica,0
UT-21970,union_temporal,0
N-06763,persona_natural,0
P-08433,persona_juridica,0
P-38023,persona_juridica,0
UT-4540,union_temporal,0
N-14877,persona_natural,1
P-31076,persona_juridica,0
P-39336,persona_juridica,0
UT-38238,union_temporal,0
UT-32381,union_temporal,0
P-01210,persona_juridica,0
P-47934,persona_juridica,0
N-18836,persona_natural,0
N-07293,persona_natural,0
N-02706,persona_natural,1
N-29472,persona_natural,0
N-27295,persona_natural,0
N-28408,persona_natural,0
P-10742,persona_juridica,0
UT-22930,union_temporal,0
P-38832,persona_juridica,0
P-16901,persona_juridica,0
N-05458,persona_natural,0
N-25457,persona_natural,0
N-33211,persona_natural,0
UT-29182,union_temporal,0
P-35492,persona_juridica,1
P-36641,persona_juridica,1
P-08639,persona_juridica,1
P-27663,persona_juridica,0
P-49517,persona_juridica,0
P-28520,persona_juridica,0
P-42494,persona_juridica,0
N-31310,persona_natural,0
P-44865,persona_juridica,0
P-42851,persona_juridica,0
P-34832,persona_juridica,0
N-35844,persona_natural,0
P-01619,persona_juridica,0
P-49005,persona_juridica,0
P-25505,persona_juridica,0
P-22379,persona_juridica,1
P-12100,persona_juridica,0
P-16753,persona_juridica,0
UT-36724,union_temporal,0
P-21869,persona_juridica,0
N-32029,persona_natural,0
P-09086,persona_juridica,0
N-34486,persona_natural,0
N-02898,persona_natural,0
N-24449,persona_natural,0
P-36693,persona_juridica,0
N-08776,persona_natural,0
N-05183,persona_natural,0
P-34122,persona_juridica,0
P-12757,persona_juridica,1
P-02356,persona_juridica,0
N-26899,persona_natural,0
P-43493,persona_juridica,0
UT-16081,union_temporal,0
P-17074,persona_juridica,0
P-03926,persona_juridica,1
P-29291,persona_juridica,0
P-21154,persona_juridica,0
P-47329,persona_juridica,0
P-20884,persona_juridica,0
N-07816,persona_natural,0
P-00476,persona_juridica,0
P-11668,persona_juridica,0
P-45527,persona_juridica,0
N-09217,persona_natural,1
N-26944,persona_natural,0
N-22954,persona_natural,0
N-12226,persona_natural,0
P-13044,persona_juridica,0
P-21493,persona_juridica,0
UT-12296,union_temporal,0
P-30030,persona_juridica,0
P-35644,persona_juridica,0
N-22257,persona_natural,0
N-24967,persona_natural,0
N-11734,persona_natural,0
UT-39362,union_temporal,0
N-08953,persona_natural,0
N-00327,persona_natural,0
P-10752,persona_juridica,0
N-00777,persona_natural,0
P-13556,persona_juridica,0
P-49566,persona_juridica,1
N-09309,persona_natural,0
UT-26719,union_temporal,0
P-04865,persona_juridica,0
P-43782,persona_juridica,0
P-32475,persona_juridica,0
N-04261,persona_natural,0
UT-7077,union_temporal,0
P-46136,persona_juridica,0
N-29962,persona_natural,0
P-18387,persona_juridica,0
N-23205,persona_natural,0
P-01519,persona_juridica,0
N-31506,persona_natural,0
N-34793,persona_natural,0
UT-32102,union_temporal,0
N-37773,persona_natural,0
P-04108,persona_juridica,0
N-15730,persona_natural,0
P-43277,persona_juridica,0
P-51424,persona_juridica,0
N-20309,persona_natural,0
N-35147,persona_natural,0
P-30350,persona_juridica,1
P-26441,persona_juridica,0
P-35630,persona_juridica,0
N-02926,persona_natural,1
N-25817,persona_natural,0
P-46575,persona_juridica,0
N-20189,persona_natural,0
P-25579,persona_juridica,0
N-26130,persona_natural,0
N-33611,persona_natural,0
P-04405,persona_juridica,0
UT-16897,union_temporal,0
P-03073,persona_juridica,0
P-51042,persona_juridica,1
P-06421,persona_juridica,0
UT-33327,union_temporal,0
N-00129,persona_natural,0
N-24880,persona_natural,0
P-16727,persona_juridica,0
N-35976,persona_natural,0
P-15060,persona_juridica,0
N-26860,persona_natural,0
N-34600,persona_natural,0
P-23322,persona_juridica,0
P-04671,persona_juridica,1
N-05188,persona_natural,0
UT-19026,union_temporal,0
P-39896,persona_juridica,1
P-13804,persona_juridica,0
N-31727,persona_natural,0
P-13687,persona_juridica,0
P-28425,persona_juridica,1
P-30247,persona_juridica,0
N-15887,persona_natural,0
P-28969,persona_juridica,0
N-19758,persona_natural,0
UT-32709,union_temporal,0
P-21561,persona_juridica,1
UT-26297,union_temporal,0
N-31128,persona_natural,0
P-04807,persona_juridica,0
UT-26166,union_temporal,0
UT-1729,union_temporal,0
N-06852,persona_natural,0
N-19283,persona_natural,0
P-37438,persona_juridica,0
P-43930,persona_juridica,0
P-51217,persona_juridica,0
P-49923,persona_juridica,1
N-01298,persona_natural,0
P-11600,persona_juridica,0
P-12485,persona_juridica,0
P-04094,persona_juridica,0
P-50640,persona_juridica,1
N-12236,persona_natural,0
N-21554,persona_natural,1
P-44365,persona_juridica,0
P-16455,persona_juridica,0
P-02371,persona_juridica,1
P-29381,persona_juridica,0
P-27340,persona_juridica,0
P-51496,persona_juridica,0
N-34310,persona_natural,0
P-01112,persona_juridica,0
N-19731,persona_natural,0
P-47894,persona_juridica,0
N-11625,persona_natural,0
P-23200,persona_juridica,0
P-51037,persona_juridica,0
P-32116,persona_juridica,0
P-51486,persona_juridica,0
P-04998,persona_juridica,0
P-28359,persona_juridica,1
P-11105,persona_juridica,0
N-03090,persona_natural,0
P-24191,persona_juridica,1
N-14364,persona_natural,0
P-08196,persona_juridica,0
P-16438,persona_juridica,0
N-30587,persona_natural,0
N-14034,persona_natural,0
UT-24859,union_temporal,0
N-36994,persona_natural,0
N-22363,persona_natural,0
P-38314,persona_juridica,0
P-41054,persona_juridica,0
P-00657,persona_juridica,0
P-14041,persona_juridica,0
N-14071,persona_natural,0
P-41919,persona_juridica,1
N-33528,persona_natural,1
N-17312,persona_natural,0
P-19090,persona_juridica,0
N-21833,persona_natural,0
P-30008,persona_juridica,0
P-14998,persona_juridica,0
P-07587,persona_juridica,0
N-19215,persona_natural,0
N-23287,persona_natural,0
P-02572,persona_juridica,0
P-48230,persona_juridica,0
P-23157,persona_juridica,0
N-33954,persona_natural,0
N-08282,persona_natural,0
P-19598,persona_juridica,0
N-30071,persona_natural,0
P-16487,persona_juridica,1
P-02888,persona_juridica,0
UT-44610,union_temporal,0
N-24369,persona_natural,0
P-09119,persona_juridica,0
P-44449,persona_juridica,0
N-03120,persona_natural,0
UT-37295,union_temporal,0
N-20915,persona_natural,0
N-02595,persona_natural,0
P-12505,persona_juridica,0
P-14047,persona_juridica,0
UT-27685,union_temporal,0
P-49526,persona_juridica,0
N-16725,persona_natural,0
P-32992,persona_juridica,0
P-46226,persona_juridica,0
UT-27565,union_temporal,0
P-49999,persona_juridica,1
P-14827,persona_juridica,0
N-20455,persona_natural,0
P-10589,persona_juridica,0
P-08617,persona_juridica,0
N-17118,persona_natural,0
N-10335,persona_natural,0
P-47176,persona_juridica,0
P-47600,persona_juridica,0
N-17966,persona_natural,0
P-13455,persona_juridica,0
P-22763,persona_juridica,0
N-01481,persona_natural,0
P-26120,persona_juridica,0
P-50080,persona_juridica,0
N-03408,persona_natural,0
P-01855,persona_juridica,0
P-27761,persona_juridica,0
N-20153,persona_natural,0
P-36896,persona_juridica,1
P-10121,persona_juridica,0
N-37889,persona_natural,0
P-34192,persona_juridica,0
P-49620,persona_juridica,0
P-27749,persona_juridica,1
N-00527,persona_natural,0
N-34356,persona_natural,1
N-19462,persona_natural,0
N-02041,persona_natural,0
P-39668,persona_juridica,0
UT-23317,union_temporal,0
P-11273,persona_juridica,0
P-24502,persona_juridica,0
P-20933,persona_juridica,0
N-35540,persona_natural,0
P-23465,persona_juridica,0
N-07925,persona_natural,0
P-12008,persona_juridica,0
P-04801,persona_juridica,0
P-48418,persona_juridica,0
P-09523,persona_juridica,0
P-25469,persona_juridica,0
N-22593,persona_natural,0
P-07496,persona_juridica,0
P-35680,persona_juridica,1
N-06725,persona_natural,0
N-08618,persona_natural,0
P-15477,persona_juridica,0
P-05318,persona_juridica,0
UT-45381,union_temporal,0
P-51200,persona_juridica,0
N-20252,persona_natural,0
P-23036,persona_juridica,0
N-12938,persona_natural,0
N-09001,persona_natural,0
P-05455,persona_juridica,0
N-16748,persona_natural,0
P-08426,persona_juridica,0
P-23894,persona_juridica,0
N-00553,persona_natural,0
N-27049,persona_natural,0
UT-3257,union_temporal,0
P-25018,persona_juridica,0
UT-30509,union_temporal,0
N-19830,persona_natural,0
P-13582,persona_juridica,0
N-03726,persona_natural,1
P-49145,persona_juridica,0
P-31088,persona_juridica,0
N-35441,persona_natural,0
P-05595,persona_juridica,0
N-19640,persona_natural,0
P-03685,persona_juridica,1
P-37358,persona_juridica,0
N-13082,persona_natural,0
N-29363,persona_natural,0
N-02165,persona_natural,0
P-02360,persona_juridica,0
P-02945,persona_juridica,0
P-50466,persona_juridica,0
P-04231,persona_juridica,0
N-25175,persona_natural,0
P-42425,persona_juridica,0
N-32592,persona_natural,0
P-50734,persona_juridica,0
P-07828,persona_juridica,0
N-18568,persona_natural,0
P-30065,persona_juridica,0
N-37094,persona_natural,0
P-08759,persona_juridica,0
P-48840,persona_juridica,0
P-49532,persona_juridica,1
N-05508,persona_natural,0
P-43713,persona_juridica,1
N-19511,persona_natural,1
P-00370,persona_juridica,0
P-01530,persona_juridica,0
P-44886,persona_juridica,0
P-13533,persona_juridica,0
P-46337,persona_juridica,0
P-01653,persona_juridica,1
N-00071,persona_natural,0
P-42163,persona_juridica,0
N-06709,persona_natural,0
N-29400,persona_natural,0
P-33929,persona_juridica,0
N-03153,persona_natural,1
P-08259,persona_juridica,0
UT-14478,union_temporal,0
N-23958,persona_natural,0
P-40999,persona_juridica,0
UT-34909,union_temporal,0
N-04126,persona_natural,0
N-10206,persona_natural,0
P-19715,persona_juridica,0
P-37575,persona_juridica,0
N-01403,persona_natural,0
P-11226,persona_juridica,0
N-09906,persona_natural,0
P-21008,persona_juridica,0
N-33465,persona_natural,0
N-24295,persona_natural,0
N-33932,persona_natural,0
N-09537,persona_natural,0
P-17244,persona_juridica,0
N-11311,persona_natural,0
P-43481,persona_juridica,0
P-28736,persona_juridica,0
N-04436,persona_natural,0
N-20280,persona_natural,0
N-16944,persona_natural,0
N-22264,persona_natural,0
P-23725,persona_juridica,0
N-21547,persona_natural,0
N-12154,persona_natural,0
UT-7780,union_temporal,0
UT-21704,union_temporal,0
P-36705,persona_juridica,0
P-46763,persona_juridica,0
N-16984,persona_natural,0
N-35637,persona_natural,0
P-39941,persona_juridica,1
P-21007,persona_juridica,0
P-07834,persona_juridica,0
N-19461,persona_natural,0
N-18163,persona_natural,0
P-51478,persona_juridica,0
N-01339,persona_natural,1
N-05244,persona_natural,0
P-14605,persona_juridica,0
P-07479,persona_juridica,0
UT-38523,union_temporal,0
P-02096,persona_juridica,0
UT-18276,union_temporal,0
N-13930,persona_natural,1
N-21923,persona_natural,0
P-06073,persona_juridica,0
P-17889,persona_juridica,0
P-40204,persona_juridica,0
P-10201,persona_juridica,0
N-02102,persona_natural,0
N-25231,persona_natural,0
N-23849,persona_natural,0
P-39110,persona_juridica,0
P-40762,persona_juridica,0
P-32675,persona_juridica,1
P-23442,persona_juridica,0
N-01811,persona_natural,0
P-23211,persona_juridica,0
UT-10688,union_temporal,0
N-23128,persona_natural,0
P-50782,persona_juridica,1
P-39561,persona_juridica,0
P-22677,persona_juridica,0
P-03352,persona_juridica,0
UT-14348,union_temporal,0
P-26612,persona_juridica,0
UT-34544,union_temporal,0
UT-14350,union_temporal,0
P-45639,persona_juridica,1
N-29010,persona_natural,0
N-20410,persona_natural,1
P-16730,persona_juridica,0
UT-6859,union_temporal,0
N-15740,persona_natural,0
P-37414,persona_juridica,0
P-25813,persona_juridica,0
P-00670,persona_juridica,0
N-24087,persona_natural,0
P-37790,persona_juridica,0
N-20448,persona_natural,0
P-09065,persona_juridica,0
P-40443,persona_juridica,0
UT-46329,union_temporal,0
N-01487,persona_natural,1
P-35212,persona_juridica,0
N-11480,persona_natural,0
UT-26017,union_temporal,0
N-23567,persona_natural,0
UT-31410,union_temporal,0
P-44663,persona_juridica,0
P-23586,persona_juridica,0
P-12645,persona_juridica,0
N-13207,persona_natural,0
N-06455,persona_natural,0
N-01095,persona_natural,0
N-18860,persona_natural,0
N-37063,persona_natural,0
N-15628,persona_natural,0
N-31031,persona_natural,0
P-09610,persona_juridica,1
N-12691,persona_natural,0
N-19964,persona_natural,0
N-07772,persona_natural,0
N-25601,persona_natural,0
N-11957,persona_natural,1
P-42584,persona_juridica,0
UT-8624,union_temporal,0
P-36850,persona_juridica,0
N-02612,persona_natural,0
P-47098,persona_juridica,0
P-28564,persona_juridica,1
P-15561,persona_juridica,0
P-05139,persona_juridica,0
P-35281,persona_juridica,1
N-12839,persona_natural,1
N-26161,persona_natural,0
N-28934,persona_natural,0
N-18140,persona_natural,0
N-03611,persona_natural,0
P-11999,persona_juridica,0
UT-22766,union_temporal,0
N-30909,persona_natural,0
N-15803,persona_natural,0
N-21065,persona_natural,0
P-41546,persona_juridica,0
UT-37625,union_temporal,0
P-32587,persona_juridica,0
N-16909,persona_natural,0
N-05794,persona_natural,0
P-40334,persona_juridica,0
N-19915,persona_natural,1
UT-34029,union_temporal,0
UT-4954,union_temporal,0
P-42880,persona_juridica,0
N-06573,persona_natural,0
P-35400,persona_juridica,0
P-36933,persona_juridica,0
UT-28658,union_temporal,0
N-18538,persona_natural,1
P-36490,persona_juridica,0
N-35062,persona_natural,1
P-33979,persona_juridica,0
N-06570,persona_natural,1
N-18154,persona_natural,0
P-34725,persona_juridica,0
P-27593,persona_juridica,0
UT-34797,union_temporal,0
P-46443,persona_juridica,0
N-28296,persona_natural,1
P-23930,persona_juridica,0
P-20292,persona_juridica,0
P-37297,persona_juridica,0
P-11887,persona_juridica,0
N-35859,persona_natural,0
P-03157,persona_juridica,0
N-20810,persona_natural,0
N-18334,persona_natural,1
P-11959,persona_juridica,0
N-15591,persona_natural,0
N-14682,persona_natural,0
P-38412,persona_juridica,0
P-40991,persona_juridica,0
N-07604,persona_natural,0
P-42266,persona_juridica,0
P-17633,persona_juridica,0
N-37945,persona_natural,0
P-00362,persona_juridica,0
N-10378,persona_natural,0
UT-35737,union_temporal,0
N-18478,persona_natural,0
P-24397,persona_juridica,0
P-49400,persona_juridica,0
P-01014,persona_juridica,1
N-18564,persona_natural,0
P-01836,persona_juridica,0
P-19383,persona_juridica,0
N-08487,persona_natural,0
N-08059,persona_natural,0
P-13340,persona_juridica,0
N-07979,persona_natural,0
N-06554,persona_natural,1
N-09485,persona_natural,0
N-22776,persona_natural,0
N-31385,persona_natural,0
N-02616,persona_natural,1
P-39352,persona_juridica,0
N-29165,persona_natural,0
P-43363,persona_juridica,0
P-26774,persona_juridica,0
P-00157,persona_juridica,0
N-30405,persona_natural,0
N-25334,persona_natural,0
N-04178,persona_natural,0
P-27716,persona_juridica,0
N-32281,persona_natural,0
P-09016,persona_juridica,0
P-44718,persona_juridica,0
P-41332,persona_juridica,1
P-38948,persona_juridica,0
P-43116,persona_juridica,0
N-10954,persona_natural,0
N-28594,persona_natural,0
P-10075,persona_juridica,0
P-27638,persona_juridica,0
N-08432,persona_natural,0
P-29581,persona_juridica,1
P-04211,persona_juridica,0
P-41219,persona_juridica,1
N-12256,persona_natural,0
N-14971,persona_natural,0
N-05495,persona_natural,0
UT-6445,union_temporal,0
N-33792,persona_natural,0
P-26470,persona_juridica,0
N-31064,persona_natural,0
P-31304,persona_juridica,0
N-12710,persona_natural,0
P-26949,persona_juridica,1
UT-29174,union_temporal,0
P-06728,persona_juridica,1
P-50807,persona_juridica,0
P-33712,persona_juridica,0
P-25957,persona_juridica,0
P-32346,persona_juridica,0
P-36939,persona_juridica,0
P-24209,persona_juridica,1
UT-36611,union_temporal,0
UT-32414,union_temporal,0
P-18220,persona_juridica,0
N-01615,persona_natural,0
UT-16057,union_temporal,0
P-35202,persona_juridica,0
N-11386,persona_natural,0
N-04729,persona_natural,1
P-40937,persona_juridica,0
N-21095,persona_natural,0
P-35956,persona_juridica,0
UT-27062,union_temporal,0
P-38239,persona_juridica,0
N-19600,persona_natural,0
P-06169,persona_juridica,0
P-10659,persona_juridica,0
P-18645,persona_juridica,0
P-18792,persona_juridica,0
P-39831,persona_juridica,0
P-38638,persona_juridica,1
P-20981,persona_juridica,0
N-06748,persona_natural,0
N-12050,persona_natural,0
UT-42472,union_temporal,0
N-28618,persona_natural,0
P-23009,persona_juridica,1
P-51414,persona_juridica,0
P-00036,persona_juridica,0
P-20514,persona_juridica,0
N-34772,persona_natural,0
UT-32853,union_temporal,0
P-46120,persona_juridica,0
N-34992,persona_natural,0
N-30309,persona_natural,1
N-24279,persona_natural,0
P-10844,persona_juridica,0
P-00528,persona_juridica,0
N-22834,persona_natural,0
N-09578,persona_natural,1
P-37568,persona_juridica,0
UT-9422,union_temporal,0
N-01692,persona_natural,0
N-02975,persona_natural,0
N-32003,persona_natural,0
P-03934,persona_juridica,0
P-41360,persona_juridica,0
N-26458,persona_natural,0
P-50379,persona_juridica,0
UT-23921,union_temporal,0
UT-40796,union_temporal,0
N-31290,persona_natural,0
N-27347,persona_natural,1
N-26299,persona_natural,0
P-15144,persona_juridica,0
UT-12041,union_temporal,0
N-22465,persona_natural,0
N-07840,persona_natural,0
P-10728,persona_juridica,0
P-18174,persona_juridica,0
N-30885,persona_natural,0
P-20725,persona_juridica,1
N-33593,persona_natural,0
P-10847,persona_juridica,0
N-15182,persona_natural,0
N-36257,persona_natural,0
P-13215,persona_juridica,0
P-08439,persona_juridica,0
UT-43932,union_temporal,0
N-10544,persona_natural,0
N-20256,persona_natural,0
P-30518,persona_juridica,0
N-14115,persona_natural,0
N-01263,persona_natural,0
N-28657,persona_natural,0
P-21950,persona_juridica,0
P-16106,persona_juridica,0
P-00849,persona_juridica,0
P-00906,persona_juridica,0
P-44774,persona_juridica,0
P-00578,persona_juridica,1
N-17639,persona_natural,0
P-10872,persona_juridica,0
N-11894,persona_natural,0
P-48464,persona_juridica,0
N-16968,persona_natural,0
P-05244,persona_juridica,0
N-28710,persona_natural,1
N-20556,persona_natural,0
P-28410,persona_juridica,0
UT-17065,union_temporal,0
N-15513,persona_natural,0
P-17308,persona_juridica,1
N-23167,persona_natural,0
P-14456,persona_juridica,1
N-29274,persona_natural,0
P-01166,persona_juridica,0
P-49615,persona_juridica,0
P-37667,persona_juridica,0
P-19012,persona_juridica,1
N-27117,persona_natural,0
P-29187,persona_juridica,0
P-03614,persona_juridica,0
P-10598,persona_juridica,0
P-25199,persona_juridica,0
UT-28838,union_temporal,0
P-06022,persona_juridica,0
N-27520,persona_natural,0
P-41213,persona_juridica,0
UT-22705,union_temporal,0
P-12772,persona_juridica,0
P-27636,persona_juridica,0
N-02716,persona_natural,0
UT-44760,union_temporal,0
P-18724,persona_juridica,0
P-40327,persona_juridica,0
P-39451,persona_juridica,0
P-19199,persona_juridica,0
P-28655,persona_juridica,0
N-34639,persona_natural,0
UT-41498,union_temporal,0
P-43204,persona_juridica,0
N-37418,persona_natural,0
UT-10392,union_temporal,0
P-17229,persona_juridica,0
N-06224,persona_natural,0
P-20594,persona_juridica,0
P-47640,persona_juridica,0
P-04912,persona_juridica,0
P-30178,persona_juridica,0
UT-30750,union_temporal,0
N-06834,persona_natural,0
N-36240,persona_natural,1
P-45288,persona_juridica,0
N-01326,persona_natural,0
N-21703,persona_natural,0
N-29903,persona_natural,0
P-10541,persona_juridica,0
P-18496,persona_juridica,0
P-13300,persona_juridica,0
N-07844,persona_natural,0
N-01778,persona_natural,0
P-19132,persona_juridica,1
N-13482,persona_natural,0
N-26154,persona_natural,0
P-41969,persona_juridica,0
P-38089,persona_juridica,0
N-22083,persona_natural,0
P-07917,persona_juridica,0
P-17708,persona_juridica,0
P-18038,persona_juridica,0
P-20783,persona_juridica,1
P-45243,persona_juridica,0
P-34397,persona_juridica,0
P-23846,persona_juridica,0
N-30915,persona_natural,1
P-19504,persona_juridica,0
N-05160,persona_natural,0
N-27738,persona_natural,0
N-31566,persona_natural,0
N-14503,persona_natural,0
N-30986,persona_natural,0
N-10833,persona_natural,0
P-28072,persona_juridica,0
UT-29665,union_temporal,0
N-30323,persona_natural,1
N-20715,persona_natural,0
N-32642,persona_natural,0
N-23336,persona_natural,0
N-15408,persona_natural,0
P-21119,persona_juridica,0
N-28078,persona_natural,1
N-32486,persona_natural,0
P-44284,persona_juridica,0
N-03052,persona_natural,0
N-17901,persona_natural,0
P-12821,persona_juridica,0
P-22328,persona_juridica,0
P-47333,persona_juridica,0
P-32846,persona_juridica,0
P-14156,persona_juridica,0
N-23012,persona_natural,0
N-31308,persona_natural,0
P-25230,persona_juridica,0
P-09783,persona_juridica,0
P-30492,persona_juridica,1
N-12844,persona_natural,0
P-49806,persona_juridica,0
P-21809,persona_juridica,0
P-29785,persona_juridica,0
N-08797,persona_natural,0
P-20556,persona_juridica,0
P-18781,persona_juridica,0
N-14212,persona_natural,0
P-49749,persona_juridica,0
UT-29045,union_temporal,0
N-14290,persona_natural,0
UT-25640,union_temporal,0
N-35534,persona_natural,0
N-12719,persona_natural,0
N-10034,persona_natural,0
P-37848,persona_juridica,0
P-47668,persona_juridica,0
N-08565,persona_natural,0
UT-35964,union_temporal,0
P-18491,persona_juridica,0
N-24370,persona_natural,0
P-06148,persona_juridica,0
P-12045,persona_juridica,0
UT-28361,union_temporal,0
P-12068,persona_juridica,0
P-17358,persona_juridica,0
N-37472,persona_natural,0
N-25111,persona_natural,0
P-48056,persona_juridica,0
N-24024,persona_natural,0
P-04742,persona_juridica,0
N-34742,persona_natural,0
N-37300,persona_natural,1
N-20170,persona_natural,0
P-22428,persona_juridica,0
N-07282,persona_natural,0
P-37909,persona_juridica,1
P-50354,persona_juridica,1
P-35026,persona_juridica,0
N-18945,persona_natural,0
P-20465,persona_juridica,0
P-05159,persona_juridica,0
N-15778,persona_natural,0
N-17651,persona_natural,0
P-18873,persona_juridica,0
P-16450,persona_juridica,0
N-12412,persona_natural,0
UT-20502,union_temporal,0
N-20909,persona_natural,0
UT-12404,union_temporal,0
UT-11271,union_temporal,0
P-01647,persona_juridica,0
P-26771,persona_juridica,0
P-42538,persona_juridica,0
N-13804,persona_natural,0
P-21354,persona_juridica,0
P-49151,persona_juridica,0
P-34153,persona_juridica,0
N-14896,persona_natural,1
N-27139,persona_natural,1
N-31732,persona_natural,0
UT-12610,union_temporal,0
P-40312,persona_juridica,0
UT-0181,union_temporal,0
P-44123,persona_juridica,0
N-07974,persona_natural,0
N-23544,persona_natural,0
P-28135,persona_juridica,0
UT-21410,union_temporal,0
P-00919,persona_juridica,0
N-09306,persona_natural,0
N-21626,persona_natural,0
N-09059,persona_natural,0
P-49504,persona_juridica,0
P-27992,persona_juridica,0
N-04833,persona_natural,0
N-38021,persona_natural,0
N-00020,persona_natural,0
UT-17698,union_temporal,0
N-29439,persona_natural,0
P-09943,persona_juridica,0
P-25600,persona_juridica,0
P-28363,persona_juridica,0
P-05357,persona_juridica,0
UT-7937,union_temporal,0
P-00257,persona_juridica,0
N-37774,persona_natural,0
P-40332,persona_juridica,0
N-15024,persona_natural,0
N-13726,persona_natural,0
N-06614,persona_natural,0
N-27276,persona_natural,0
N-21841,persona_natural,1
N-03763,persona_natural,0
N-21328,persona_natural,0
N-21070,persona_natural,0
N-17032,persona_natural,1
P-43813,persona_juridica,0
P-38388,persona_juridica,0
P-00029,persona_juridica,0
P-43213,persona_juridica,0
P-48779,persona_juridica,0
P-22245,persona_juridica,0
N-06619,persona_natural,1
UT-2483,union_temporal,0
P-20263,persona_juridica,0
P-30442,persona_juridica,0
N-13593,persona_natural,0
P-13820,persona_juridica,0
N-07714,persona_natural,0
P-25070,persona_juridica,0
P-35230,persona_juridica,0
UT-37175,union_temporal,0
P-35116,persona_juridica,0
P-09700,persona_juridica,0
P-19215,persona_juridica,0
UT-1466,union_temporal,0
P-40223,persona_juridica,0
N-28584,persona_natural,0
N-10073,persona_natural,0
N-13169,persona_natural,0
P-38931,persona_juridica,0
N-37752,persona_natural,0
N-18254,persona_natural,0
P-39202,persona_juridica,1
N-19607,persona_natural,0
P-06067,persona_juridica,0
P-51440,persona_juridica,0
P-20000,persona_juridica,0
P-10687,persona_juridica,0
N-03958,persona_natural,0
P-04301,persona_juridica,0
N-03915,persona_natural,0
N-04227,persona_natural,0
N-33657,persona_natural,0
P-08968,persona_juridica,0
P-16257,persona_juridica,0
N-15364,persona_natural,0
N-06343,persona_natural,0
P-11665,persona_juridica,0
P-50169,persona_juridica,0
P-34750,persona_juridica,0
N-37278,persona_natural,0
P-28816,persona_juridica,0
P-08317,persona_juridica,0
P-31058,persona_juridica,0
P-21996,persona_juridica,0
P-34571,persona_juridica,0
N-30194,persona_natural,0
N-11302,persona_natural,0
N-23782,persona_natural,0
N-21360,persona_natural,0
P-31885,persona_juridica,0
P-11747,persona_juridica,0
N-07692,persona_natural,0
P-20385,persona_juridica,0
P-04210,persona_juridica,0
N-33157,persona_natural,0
UT-4484,union_temporal,0
N-32346,persona_natural,0
P-43607,persona_juridica,0
N-28155,persona_natural,0
P-46662,persona_juridica,0
UT-27716,union_temporal,0
UT-24361,union_temporal,0
N-35189,persona_natural,0
N-19899,persona_natural,0
UT-20523,union_temporal,0
UT-16896,union_temporal,0
UT-5905,union_temporal,0
N-21248,persona_natural,1
N-17050,persona_natural,0
N-23656,persona_natural,0
N-14624,persona_natural,0
N-02337,persona_natural,0
P-05898,persona_juridica,0
P-39508,persona_juridica,0
P-13781,persona_juridica,0
P-01264,persona_juridica,0
P-43670,persona_juridica,0
P-44374,persona_juridica,0
P-40274,persona_juridica,0
P-07836,persona_juridica,0
P-06084,persona_juridica,0
P-40415,persona_juridica,0
P-29168,persona_juridica,0
P-17347,persona_juridica,0
P-20120,persona_juridica,0
P-42107,persona_juridica,0
UT-12587,union_temporal,0
N-04814,persona_natural,0
N-32357,persona_natural,0
UT-2756,union_temporal,0
N-31831,persona_natural,0
N-32967,persona_natural,0
N-04177,persona_natural,0
N-33045,persona_natural,0
P-45592,persona_juridica,0
P-00933,persona_juridica,0
UT-26496,union_temporal,0
N-13954,persona_natural,0
P-31421,persona_juridica,0
P-07090,persona_juridica,0
P-48600,persona_juridica,0
P-38971,persona_juridica,1
N-31890,persona_natural,0
P-05834,persona_juridica,0
P-12039,persona_juridica,0
N-36945,persona_natural,0
N-24450,persona_natural,0
N-36150,persona_natural,1
P-12272,persona_juridica,0
N-03625,persona_natural,0
P-36397,persona_juridica,0
N-11742,persona_natural,0
N-18263,persona_natural,0
N-15531,persona_natural,0
P-19172,persona_juridica,0
P-26544,persona_juridica,0
UT-18290,union_temporal,0
N-17605,persona_natural,0
N-30555,persona_natural,0
P-38252,persona_juridica,0
N-25956,persona_natural,0
UT-20201,union_temporal,0
P-01105,persona_juridica,0
P-26428,persona_juridica,0
N-20266,persona_natural,0
N-04403,persona_natural,0
N-13175,persona_natural,1
P-28859,persona_juridica,0
P-39752,persona_juridica,0
N-19725,persona_natural,0
P-48020,persona_juridica,0
P-03532,persona_juridica,0
N-30952,persona_natural,0
P-09096,persona_juridica,0
N-11426,persona_natural,0
N-30734,persona_natural,0
N-17173,persona_natural,0
P-19205,persona_juridica,0
P-48273,persona_juridica,1
N-20862,persona_natural,0
N-21222,persona_natural,0
N-23982,persona_natural,0
P-34887,persona_juridica,1
N-13365,persona_natural,0
P-23660,persona_juridica,0
N-00541,persona_natural,0
P-27819,persona_juridica,0
P-21061,persona_juridica,1
P-31851,persona_juridica,0
P-47630,persona_juridica,0
P-26637,persona_juridica,0
P-07175,persona_juridica,0
N-05165,persona_natural,0
N-19405,persona_natural,0
P-40642,persona_juridica,0
N-37187,persona_natural,1
N-14947,persona_natural,0
P-19530,persona_juridica,1
P-50002,persona_juridica,0
P-01996,persona_juridica,0
N-10056,persona_natural,0
N-17595,persona_natural,0
N-03609,persona_natural,0
N-24542,persona_natural,0
P-04496,persona_juridica,0
N-02526,persona_natural,1
P-48479,persona_juridica,0
P-17496,persona_juridica,0
P-25935,persona_juridica,0
N-19694,persona_natural,0
N-34477,persona_natural,0
P-40877,persona_juridica,0
N-23635,persona_natural,0
N-09083,persona_natural,1
P-45031,persona_juridica,0
P-02613,persona_juridica,0
N-04818,persona_natural,0
UT-20749,union_temporal,0
P-51213,persona_juridica,0
P-43434,persona_juridica,0
N-03173,persona_natural,0
P-24667,persona_juridica,0
N-21847,persona_natural,0
N-13610,persona_natural,0
P-12076,persona_juridica,0
P-31124,persona_juridica,0
N-09775,persona_natural,0
N-17742,persona_natural,0
UT-20955,union_temporal,0
P-03547,persona_juridica,0
N-01887,persona_natural,0
P-44833,persona_juridica,0
N-10624,persona_natural,1
P-30179,persona_juridica,0
UT-43012,union_temporal,0
P-47968,persona_juridica,0
N-11427,persona_natural,0
N-37701,persona_natural,0
N-04006,persona_natural,1
N-08380,persona_natural,0
P-43328,persona_juridica,0
N-26875,persona_natural,0
N-13786,persona_natural,1
N-10463,persona_natural,0
N-25419,persona_natural,1
N-08692,persona_natural,1
N-19075,persona_natural,0
N-26170,persona_natural,0
P-15064,persona_juridica,0
P-10597,persona_juridica,0
N-10588,persona_natural,0
N-15227,persona_natural,1
P-34408,persona_juridica,0
P-20442,persona_juridica,1
N-34086,persona_natural,0
P-29891,persona_juridica,0
N-01378,persona_natural,0
UT-45823,union_temporal,0
N-10267,persona_natural,0
N-15606,persona_natural,0
P-47561,persona_juridica,0
P-24580,persona_juridica,0
N-31324,persona_natural,0
P-02173,persona_juridica,0
N-04406,persona_natural,0
P-25329,persona_juridica,0
P-25210,persona_juridica,0
P-24683,persona_juridica,0
N-31073,persona_natural,0
P-15192,persona_juridica,0
P-14800,persona_juridica,0
P-30096,persona_juridica,0
P-16489,persona_juridica,1
N-21598,persona_natural,0
P-11251,persona_juridica,0
N-07100,persona_natural,1
P-40038,persona_juridica,0
N-22348,persona_natural,0
N-18956,persona_natural,0
N-23673,persona_natural,0
P-51489,persona_juridica,0
P-45919,persona_juridica,0
N-06990,persona_natural,0
N-15645,persona_natural,0
N-00724,persona_natural,0
N-21105,persona_natural,1
P-51418,persona_juridica,0
UT-20176,union_temporal,0
N-12611,persona_natural,0
P-03191,persona_juridica,0
N-30492,persona_natural,1
P-05712,persona_juridica,0
P-01454,persona_juridica,0
P-48088,persona_juridica,0
UT-14679,union_temporal,0
P-16809,persona_juridica,0
N-10948,persona_natural,0
P-18189,persona_juridica,0
UT-38214,union_temporal,0
N-33544,persona_natural,0
P-37770,persona_juridica,0
N-36572,persona_natural,0
P-12565,persona_juridica,0
P-49083,persona_juridica,0
P-18862,persona_juridica,0
P-07488,persona_juridica,0
P-00076,persona_juridica,0
P-51159,persona_juridica,0
N-37635,persona_natural,0
P-19714,persona_juridica,1
P-13949,persona_juridica,0
P-25924,persona_juridica,0
N-36854,persona_natural,0
N-01939,persona_natural,1
N-04362,persona_natural,0
N-27981,persona_natural,0
N-07667,persona_natural,0
N-25264,persona_natural,0
P-26494,persona_juridica,1
N-20517,persona_natural,0
P-36886,persona_juridica,0
P-21742,persona_juridica,0
N-15538,persona_natural,0
P-39640,persona_juridica,0
N-32019,persona_natural,0
N-37651,persona_natural,0
P-40730,persona_juridica,0
P-12737,persona_juridica,0
N-26314,persona_natural,0
P-31950,persona_juridica,0
N-33613,persona_natural,0
P-00047,persona_juridica,0
P-41046,persona_juridica,0
N-22892,persona_natural,0
N-14310,persona_natural,0
P-13576,persona_juridica,0
P-08457,persona_juridica,0
UT-32064,union_temporal,0
P-47386,persona_juridica,0
N-34080,persona_natural,0
P-50593,persona_juridica,0
P-47513,persona_juridica,0
N-11175,persona_natural,0
N-07079,persona_natural,0
P-07054,persona_juridica,1
UT-31218,union_temporal,0
P-08837,persona_juridica,0
N-31337,persona_natural,0
P-15237,persona_juridica,0
P-51477,persona_juridica,0
N-02787,persona_natural,0
UT-43929,union_temporal,0
P-36632,persona_juridica,0
P-40067,persona_juridica,0
UT-35170,union_temporal,0
P-20646,persona_juridica,0
UT-2463,union_temporal,0
N-31306,persona_natural,0
P-13597,persona_juridica,0
P-45966,persona_juridica,0
N-18389,persona_natural,0
N-19357,persona_natural,0
UT-34840,union_temporal,0
N-19614,persona_natural,0
P-51261,persona_juridica,0
P-19989,persona_juridica,0
P-18417,persona_juridica,0
P-19124,persona_juridica,0
P-25990,persona_juridica,0
P-44136,persona_juridica,0
P-08165,persona_juridica,0
N-17506,persona_natural,0
N-26164,persona_natural,1
P-20340,persona_juridica,0
P-46404,persona_juridica,0
N-00453,persona_natural,0
UT-15558,union_temporal,0
P-34831,persona_juridica,0
N-03319,persona_natural,0
UT-23624,union_temporal,0
N-17398,persona_natural,0
UT-15765,union_temporal,0
P-19957,persona_juridica,0
N-22499,persona_natural,0
N-19298,persona_natural,0
P-26789,persona_juridica,1
N-20876,persona_natural,0
P-44898,persona_juridica,0
N-20937,persona_natural,0
N-32760,persona_natural,0
P-08441,persona_juridica,0
P-47933,persona_juridica,0
P-20229,persona_juridica,0
P-02157,persona_juridica,0
P-48116,persona_juridica,0
P-16673,persona_juridica,0
P-37192,persona_juridica,0
N-04357,persona_natural,0
N-31579,persona_natural,0
N-05598,persona_natural,0
P-34937,persona_juridica,0
P-26260,persona_juridica,0
P-08852,persona_juridica,0
N-30512,persona_natural,0
N-31165,persona_natural,0
UT-27958,union_temporal,0
UT-19930,union_temporal,0
P-03428,persona_juridica,0
P-48281,persona_juridica,0
P-15964,persona_juridica,0
UT-24310,union_temporal,0
P-37186,persona_juridica,1
N-03500,persona_natural,0
P-21380,persona_juridica,0
N-32945,persona_natural,0
UT-31142,union_temporal,0
P-03670,persona_juridica,0
N-24018,persona_natural,0
N-23320,persona_natural,1
UT-2698,union_temporal,0
N-16762,persona_natural,0
P-30993,persona_juridica,1
N-07535,persona_natural,0
N-11838,persona_natural,1
N-20630,persona_natural,0
N-31594,persona_natural,0
N-24616,persona_natural,0
P-30326,persona_juridica,0
P-14673,persona_juridica,0
N-36840,persona_natural,0
N-22000,persona_natural,0
N-37793,persona_natural,0
UT-6036,union_temporal,0
P-29019,persona_juridica,0
N-17557,persona_natural,0
UT-35247,union_temporal,0
P-11789,persona_juridica,0
P-33854,persona_juridica,0
P-37370,persona_juridica,1
N-37395,persona_natural,0
P-18018,persona_juridica,0
N-23556,persona_natural,0
N-28468,persona_natural,0
P-09056,persona_juridica,0
P-06740,persona_juridica,0
P-16341,persona_juridica,0
N-02304,persona_natural,0
N-14153,persona_natural,0
P-20563,persona_juridica,0
P-09411,persona_juridica,0
P-35377,persona_juridica,1
UT-7402,union_temporal,0
P-06472,persona_juridica,0
P-39758,persona_juridica,0
N-18446,persona_natural,0
P-32119,persona_juridica,0
P-35169,persona_juridica,0
P-36970,persona_juridica,1
P-13210,persona_juridica,0
N-00171,persona_natural,0
P-32229,persona_juridica,0
N-18856,persona_natural,0
UT-12151,union_temporal,0
N-33795,persona_natural,0
P-40955,persona_juridica,0
P-31795,persona_juridica,0
N-16941,persona_natural,0
P-29808,persona_juridica,0
P-02410,persona_juridica,0
N-16298,persona_natural,0
N-17202,persona_natural,0
UT-5976,union_temporal,0
P-22243,persona_juridica,1
P-22094,persona_juridica,0
UT-44306,union_temporal,0
N-37539,persona_natural,0
N-36594,persona_natural,0
P-02156,persona_juridica,0
P-17467,persona_juridica,0
N-35519,persona_natural,0
UT-19779,union_temporal,0
N-11520,persona_natural,0
P-01135,persona_juridica,0
P-29324,persona_juridica,0
P-19744,persona_juridica,0
P-02633,persona_juridica,0
P-18965,persona_juridica,0
N-03773,persona_natural,0
P-02449,persona_juridica,0
P-04364,persona_juridica,0
N-16854,persona_natural,0
N-06632,persona_natural,0
N-07554,persona_natural,0
P-22580,persona_juridica,1
N-07261,persona_natural,0
P-30244,persona_juridica,0
N-29622,persona_natural,0
N-11488,persona_natural,0
P-03475,persona_juridica,0
P-06354,persona_juridica,0
N-03068,persona_natural,1
P-47376,persona_juridica,0
UT-31522,union_temporal,0
N-35303,persona_natural,0
N-17568,persona_natural,1
P-19823,persona_juridica,0
N-03140,persona_natural,0
N-24756,persona_natural,0
N-04060,persona_natural,0
P-06477,persona_juridica,0
N-12614,persona_natural,0
N-15912,persona_natural,0
P-12022,persona_juridica,0
N-05102,persona_natural,1
P-02929,persona_juridica,0
N-22775,persona_natural,0
N-22135,persona_natural,0
P-49810,persona_juridica,0
P-35667,persona_juridica,0
N-01078,persona_natural,0
UT-19600,union_temporal,0
N-27959,persona_natural,0
UT-28946,union_temporal,0
N-08767,persona_natural,0
N-28318,persona_natural,0
N-09938,persona_natural,0
UT-12997,union_temporal,0
N-02759,persona_natural,0
P-25427,persona_juridica,0
P-08922,persona_juridica,0
N-35490,persona_natural,0
P-35930,persona_juridica,0
N-02979,persona_natural,0
P-42367,persona_juridica,0
P-05142,persona_juridica,0
N-29218,persona_natural,0
P-25739,persona_juridica,0
P-12000,persona_juridica,0
UT-25248,union_temporal,0
N-25212,persona_natural,0
P-38725,persona_juridica,0
P-09107,persona_juridica,1
P-04395,persona_juridica,0
N-20024,persona_natural,0
N-33827,persona_natural,0
P-10218,persona_juridica,0
P-36221,persona_juridica,0
N-35362,persona_natural,1
N-27323,persona_natural,0
UT-16771,union_temporal,0
P-01345,persona_juridica,0
N-28454,persona_natural,0
P-46373,persona_juridica,0
P-18158,persona_juridica,0
N-32128,persona_natural,0
P-20198,persona_juridica,0
N-10106,persona_natural,0
P-21907,persona_juridica,1
P-01444,persona_juridica,0
N-20001,persona_natural,0
P-34626,persona_juridica,0
P-40932,persona_juridica,0
P-17208,persona_juridica,0
P-31369,persona_juridica,0
N-04472,persona_natural,0
P-11003,persona_juridica,1
N-02973,persona_natural,0
N-08764,persona_natural,0
N-03141,persona_natural,0
P-14384,persona_juridica,1
P-16920,persona_juridica,0
P-29996,persona_juridica,0
N-14474,persona_natural,0
N-16490,persona_natural,0
P-51433,persona_juridica,0
N-34066,persona_natural,0
P-09144,persona_juridica,0
P-34532,persona_juridica,1
P-10513,persona_juridica,0
N-17862,persona_natural,0
N-04459,persona_natural,1
N-14857,persona_natural,0
N-00911,persona_natural,0
P-18327,persona_juridica,0
P-48075,persona_juridica,0
N-17515,persona_natural,0
N-36041,persona_natural,1
N-15241,persona_natural,0
N-33231,persona_natural,0
UT-38080,union_temporal,0
P-33440,persona_juridica,0
P-34435,persona_juridica,0
UT-32124,union_temporal,0
N-02244,persona_natural,0
P-08789,persona_juridica,0
P-31133,persona_juridica,0
P-46958,persona_juridica,0
N-12822,persona_natural,0
N-16436,persona_natural,0
P-26606,persona_juridica,0
P-41682,persona_juridica,0
P-07146,persona_juridica,0
N-28736,persona_natural,0
N-15428,persona_natural,0
P-29916,persona_juridica,0
P-39855,persona_juridica,0
N-22459,persona_natural,0
P-30290,persona_juridica,1
P-44044,persona_juridica,0
N-14271,persona_natural,0
N-21869,persona_natural,0
P-44869,persona_juridica,0
P-14615,persona_juridica,0
N-36508,persona_natural,0
N-34471,persona_natural,0
P-11866,persona_juridica,0
UT-42991,union_temporal,0
P-09313,persona_juridica,1
N-09065,persona_natural,0
P-40447,persona_juridica,0
P-05194,persona_juridica,0
P-21308,persona_juridica,0
P-45931,persona_juridica,0
P-03069,persona_juridica,0
P-48218,persona_juridica,0
N-28170,persona_natural,0
P-41137,persona_juridica,0
P-45233,persona_juridica,0
N-24479,persona_natural,0
N-07360,persona_natural,0
P-43645,persona_juridica,0
P-18803,persona_juridica,0
N-11775,persona_natural,0
N-27183,persona_natural,0
UT-29240,union_temporal,0
P-14777,persona_juridica,0
UT-30878,union_temporal,0
UT-16722,union_temporal,0
N-35120,persona_natural,0
UT-19393,union_temporal,0
P-36290,persona_juridica,0
P-08876,persona_juridica,0
P-08668,persona_juridica,0
P-06224,persona_juridica,0
UT-35462,union_temporal,0
P-41991,persona_juridica,1
P-17566,persona_juridica,0
P-45589,persona_juridica,0
P-16500,persona_juridica,0
P-21081,persona_juridica,0
N-28723,persona_natural,0
P-34522,persona_juridica,0
P-43018,persona_juridica,0
UT-30185,union_temporal,0
P-12023,persona_juridica,0
P-06786,persona_juridica,0
P-31051,persona_juridica,0
P-20644,persona_juridica,0
N-05217,persona_natural,0
P-50203,persona_juridica,1
P-45250,persona_juridica,0
P-47540,persona_juridica,0
P-00284,persona_juridica,0
N-04356,persona_natural,1
UT-0742,union_temporal,0
P-30232,persona_juridica,0
UT-38978,union_temporal,0
N-34991,persona_natural,0
P-26324,persona_juridica,1
P-30709,persona_juridica,1
N-05812,persona_natural,1
N-18921,persona_natural,0
UT-21776,union_temporal,0
P-17655,persona_juridica,0
N-27992,persona_natural,0
P-48422,persona_juridica,0
P-11206,persona_juridica,0
UT-45365,union_temporal,0
P-11596,persona_juridica,0
N-04807,persona_natural,0
P-00208,persona_juridica,0
N-17898,persona_natural,0
UT-26636,union_temporal,0
N-37261,persona_natural,0
N-27075,persona_natural,0
N-34967,persona_natural,0
P-33366,persona_juridica,0
N-25751,persona_natural,0
P-37487,persona_juridica,0
P-08691,persona_juridica,0
N-06170,persona_natural,0
P-03043,persona_juridica,0
N-20188,persona_natural,0
N-30143,persona_natural,0
N-16393,persona_natural,0
P-44208,persona_juridica,0
N-23881,persona_natural,0
P-26974,persona_juridica,0
P-00119,persona_juridica,0
P-27131,persona_juridica,0
N-34660,persona_natural,0
P-46002,persona_juridica,0
P-02580,persona_juridica,0
N-00920,persona_natural,0
P-03843,persona_juridica,0
P-06972,persona_juridica,0
N-07774,persona_natural,0
P-15537,persona_juridica,1
N-02715,persona_natural,0
P-41974,persona_juridica,0
P-38005,persona_juridica,0
N-04055,persona_natural,0
N-16094,persona_natural,0
N-27824,persona_natural,0
N-13825,persona_natural,0
P-33124,persona_juridica,0
P-16947,persona_juridica,0
N-11889,persona_natural,0
N-06805,persona_natural,0
UT-31128,union_temporal,0
P-19584,persona_juridica,0
P-02321,persona_juridica,0
P-28735,persona_juridica,1
UT-5380,union_temporal,0
N-01794,persona_natural,1
N-30170,persona_natural,0
N-12763,persona_natural,0
N-27224,persona_natural,0
N-07467,persona_natural,0
P-39359,persona_juridica,0
UT-9446,union_temporal,0
N-18129,persona_natural,0
N-04553,persona_natural,0
P-43999,persona_juridica,0
P-40132,persona_juridica,0
N-22061,persona_natural,0
N-23394,persona_natural,0
P-04851,persona_juridica,0
UT-21543,union_temporal,0
P-35724,persona_juridica,0
UT-7892,union_temporal,0
P-39739,persona_juridica,0
P-22407,persona_juridica,0
N-25400,persona_natural,0
UT-21884,union_temporal,0
N-31739,persona_natural,0
P-07865,persona_juridica,0
P-50492,persona_juridica,0
UT-28601,union_temporal,0
UT-19593,union_temporal,0
P-39761,persona_juridica,1
N-25484,persona_natural,0
P-42133,persona_juridica,0
N-20461,persona_natural,0
N-14033,persona_natural,0
P-26853,persona_juridica,0
P-27526,persona_juridica,1
N-34681,persona_natural,1
N-30047,persona_natural,0
P-42780,persona_juridica,0
N-11380,persona_natural,0
N-37092,persona_natural,0
N-31548,persona_natural,0
N-23517,persona_natural,0
P-01423,persona_juridica,0
N-06489,persona_natural,0
UT-27262,union_temporal,0
UT-31182,union_temporal,0
P-24941,persona_juridica,0
P-01419,persona_juridica,0
N-34026,persona_natural,0
P-17672,persona_juridica,0
UT-9970,union_temporal,0
N-34693,persona_natural,1
P-11524,persona_juridica,0
P-08720,persona_juridica,0
P-27670,persona_juridica,1
P-03955,persona_juridica,1
P-19896,persona_juridica,0
P-38165,persona_juridica,0
N-10504,persona_natural,0
P-14126,persona_juridica,0
N-07932,persona_natural,0
N-21519,persona_natural,0
P-37692,persona_juridica,0
N-00679,persona_natural,1
P-07410,persona_juridica,0
P-12695,persona_juridica,0
P-22063,persona_juridica,1
P-07758,persona_juridica,0
P-21274,persona_juridica,0
P-02553,persona_juridica,0
N-09073,persona_natural,1
P-20524,persona_juridica,0
N-01496,persona_natural,0
N-24231,persona_natural,1
P-40351,persona_juridica,0
UT-32234,union_temporal,0
N-20725,persona_natural,0
P-40005,persona_juridica,0
N-23078,persona_natural,0
N-20845,persona_natural,0
P-45451,persona_juridica,0
P-28865,persona_juridica,0
N-36297,persona_natural,1
N-04842,persona_natural,0
P-40278,persona_juridica,0
P-18649,persona_juridica,0
P-26391,persona_juridica,0
N-15248,persona_natural,0
P-43768,persona_juridica,0
N-22407,persona_natural,0
P-07544,persona_juridica,0
P-45558,persona_juridica,0
N-32948,persona_natural,0
P-31180,persona_juridica,0
P-39617,persona_juridica,0
N-31995,persona_natural,0
N-01444,persona_natural,0
P-04878,persona_juridica,0
UT-20863,union_temporal,0
N-22805,persona_natural,0
N-27242,persona_natural,1
P-19223,persona_juridica,0
N-35089,persona_natural,0
N-25397,persona_natural,0
N-09088,persona_natural,0
P-09916,persona_juridica,0
N-16991,persona_natural,0
N-10167,persona_natural,0
P-45528,persona_juridica,0
N-02923,persona_natural,0
UT-20273,union_temporal,0
P-11675,persona_juridica,0
P-27098,persona_juridica,1
P-40530,persona_juridica,0
P-48821,persona_juridica,0
P-20480,persona_juridica,0
N-35631,persona_natural,0
P-38107,persona_juridica,0
N-15833,persona_natural,0
N-36086,persona_natural,0
N-24573,persona_natural,0
N-36299,persona_natural,0
UT-7147,union_temporal,0
P-33807,persona_juridica,0
P-39174,persona_juridica,0
N-24918,persona_natural,0
N-36951,persona_natural,0
UT-33704,union_temporal,0
N-37192,persona_natural,0
N-03596,persona_natural,0
N-06685,persona_natural,0
P-32710,persona_juridica,0
N-33666,persona_natural,0
P-18036,persona_juridica,0
N-32920,persona_natural,0
P-02577,persona_juridica,0
P-50614,persona_juridica,0
P-45309,persona_juridica,1
P-26445,persona_juridica,0
P-05720,persona_juridica,0
P-48393,persona_juridica,0
N-12906,persona_natural,0
N-36168,persona_natural,0
N-29002,persona_natural,0
UT-14923,union_temporal,0
P-51361,persona_juridica,0
P-11168,persona_juridica,0
N-09184,persona_natural,0
N-28371,persona_natural,0
P-50531,persona_juridica,0
P-41390,persona_juridica,0
P-51229,persona_juridica,0
P-10069,persona_juridica,0
N-17786,persona_natural,0
N-37007,persona_natural,1
N-04616,persona_natural,1
N-27092,persona_natural,0
P-28545,persona_juridica,0
N-20994,persona_natural,0
N-20211,persona_natural,1
P-35816,persona_juridica,0
P-35239,persona_juridica,0
N-34565,persona_natural,1
UT-14751,union_temporal,0
N-07764,persona_natural,0
P-12502,persona_juridica,0
P-23319,persona_juridica,0
P-01501,persona_juridica,0
N-13173,persona_natural,0
P-06556,persona_juridica,0
UT-10928,union_temporal,0
UT-9953,union_temporal,0
N-17840,persona_natural,0
P-06989,persona_juridica,0
N-07337,persona_natural,0
N-29772,persona_natural,0
P-01310,persona_juridica,0
P-09885,persona_juridica,0
N-18830,persona_natural,0
P-26885,persona_juridica,0
UT-1740,union_temporal,0
N-34561,persona_natural,0
N-36449,persona_natural,0
P-23793,persona_juridica,0
P-18746,persona_juridica,0
P-48108,persona_juridica,1
P-04763,persona_juridica,0
P-42127,persona_juridica,0
P-09748,persona_juridica,0
N-19626,persona_natural,1
N-34802,persona_natural,0
P-26744,persona_juridica,0
N-35309,persona_natural,0
P-17797,persona_juridica,0
N-21074,persona_natural,0
P-23557,persona_juridica,0
P-45229,persona_juridica,0
P-05657,persona_juridica,0
P-22496,persona_juridica,0
N-16692,persona_natural,0
P-30712,persona_juridica,0
P-49285,persona_juridica,0
N-15983,persona_natural,1
N-31356,persona_natural,0
UT-43352,union_temporal,0
N-00114,persona_natural,0
N-19896,persona_natural,0
P-34287,persona_juridica,0
N-21154,persona_natural,0
N-02677,persona_natural,0
N-06523,persona_natural,0
N-21777,persona_natural,0
N-27601,persona_natural,1
P-37359,persona_juridica,0
P-37503,persona_juridica,0
N-37956,persona_natural,0
P-15297,persona_juridica,0
P-10639,persona_juridica,0
N-08217,persona_natural,0
UT-46188,union_temporal,0
N-10780,persona_natural,0
N-24545,persona_natural,0
P-40609,persona_juridica,0
P-01128,persona_juridica,0
P-24794,persona_juridica,0
P-12239,persona_juridica,1
P-50796,persona_juridica,0
N-20568,persona_natural,0
P-13548,persona_juridica,0
N-16204,persona_natural,0
N-21586,persona_natural,0
P-34745,persona_juridica,1
N-31858,persona_natural,0
N-20678,persona_natural,1
P-17477,persona_juridica,0
P-12655,persona_juridica,0
N-23018,persona_natural,0
N-18533,persona_natural,0
P-15791,persona_juridica,1
N-24566,persona_natural,0
P-14444,persona_juridica,0
P-46587,persona_juridica,0
P-11967,persona_juridica,0
N-03631,persona_natural,0
P-07191,persona_juridica,0
N-22531,persona_natural,0
N-37579,persona_natural,0
P-44129,persona_juridica,1
N-26438,persona_natural,0
P-20220,persona_juridica,0
N-37693,persona_natural,0
P-04513,persona_juridica,1
P-02200,persona_juridica,1
N-00284,persona_natural,0
N-22926,persona_natural,0
P-35363,persona_juridica,1
P-10304,persona_juridica,0
P-40434,persona_juridica,0
N-37601,persona_natural,0
UT-23331,union_temporal,0
UT-27870,union_temporal,0
P-14209,persona_juridica,0
P-13907,persona_juridica,0
UT-31925,union_temporal,0
N-28344,persona_natural,0
P-36590,persona_juridica,0
P-38379,persona_juridica,0
P-07619,persona_juridica,0
N-24272,persona_natural,0
N-26916,persona_natural,0
P-47825,persona_juridica,1
UT-26343,union_temporal,0
P-03637,persona_juridica,1
P-39282,persona_juridica,0
N-05500,persona_natural,0
N-36247,persona_natural,1
N-06899,persona_natural,0
P-34040,persona_juridica,0
P-50619,persona_juridica,0
UT-28332,union_temporal,0
N-31879,persona_natural,0
P-45417,persona_juridica,0
P-08738,persona_juridica,0
P-19344,persona_juridica,0
P-22467,persona_juridica,0
N-09842,persona_natural,0
UT-36858,union_temporal,0
N-29035,persona_natural,0
P-26068,persona_juridica,0
P-19848,persona_juridica,0
N-24060,persona_natural,0
P-38047,persona_juridica,1
UT-0765,union_temporal,0
P-02700,persona_juridica,0
UT-8399,union_temporal,0
N-18995,persona_natural,0
P-43430,persona_juridica,1
N-20301,persona_natural,0
N-35392,persona_natural,0
N-33853,persona_natural,0
N-31919,persona_natural,0
P-26270,persona_juridica,0
N-30038,persona_natural,0
N-31787,persona_natural,0
N-27781,persona_natural,0
UT-4984,union_temporal,0
P-34775,persona_juridica,0
P-18299,persona_juridica,0
P-01703,persona_juridica,0
N-26897,persona_natural,0
P-13748,persona_juridica,0
N-20257,persona_natural,0
P-07492,persona_juridica,0
UT-4992,union_temporal,0
N-32479,persona_natural,0
P-03989,persona_juridica,0
N-17352,persona_natural,0
P-23375,persona_juridica,0
P-14436,persona_juridica,0
P-34486,persona_juridica,0
P-19248,persona_juridica,0
P-36546,persona_juridica,0
P-00813,persona_juridica,0
P-39406,persona_juridica,0
N-11589,persona_natural,0
P-32987,persona_juridica,0
P-23483,persona_juridica,0
N-15433,persona_natural,0
N-33409,persona_natural,0
P-11341,persona_juridica,1
P-36119,persona_juridica,0
P-24655,persona_juridica,0
UT-30101,union_temporal,0
P-12779,persona_juridica,0
P-35694,persona_juridica,0
P-35611,persona_juridica,0
P-06008,persona_juridica,0
N-06987,persona_natural,1
P-23511,persona_juridica,0
UT-33430,union_temporal,0
N-17909,persona_natural,0
N-17558,persona_natural,1
P-06074,persona_juridica,0
P-07161,persona_juridica,0
P-36741,persona_juridica,0
P-21991,persona_juridica,1
P-13732,persona_juridica,0
N-16236,persona_natural,0
P-14299,persona_juridica,0
P-31942,persona_juridica,0
N-21123,persona_natural,0
P-17091,persona_juridica,0
P-24071,persona_juridica,0
P-29495,persona_juridica,0
P-32339,persona_juridica,0
P-10262,persona_juridica,0
N-25266,persona_natural,0
P-25471,persona_juridica,0
N-24891,persona_natural,0
P-19555,persona_juridica,0
P-42331,persona_juridica,0
N-17176,persona_natural,0
P-31886,persona_juridica,0
N-29534,persona_natural,0
N-09751,persona_natural,0
N-30837,persona_natural,1
P-34805,persona_juridica,0
P-50142,persona_juridica,0
N-01029,persona_natural,0
P-21079,persona_juridica,1
P-04081,persona_juridica,0
N-28884,persona_natural,0
P-15187,persona_juridica,0
N-00772,persona_natural,0
P-39304,persona_juridica,0
P-09257,persona_juridica,0
N-32714,persona_natural,0
P-18744,persona_juridica,0
N-15039,persona_natural,0
N-09222,persona_natural,0
N-00745,persona_natural,0
N-18807,persona_natural,1
P-27277,persona_juridica,0
P-11842,persona_juridica,0
UT-21202,union_temporal,0
P-40944,persona_juridica,0
N-22369,persona_natural,0
P-14098,persona_juridica,0
P-23164,persona_juridica,0
N-23192,persona_natural,0
N-30988,persona_natural,0
P-09689,persona_juridica,0
N-17471,persona_natural,1
P-02686,persona_juridica,0
P-48096,persona_juridica,0
P-13339,persona_juridica,0
P-20794,persona_juridica,0
UT-26570,union_temporal,0
P-41201,persona_juridica,0
N-31294,persona_natural,0
N-29968,persona_natural,0
N-02779,persona_natural,0
N-15764,persona_natural,0
P-17261,persona_juridica,0
P-03998,persona_juridica,0
P-43015,persona_juridica,0
P-29695,persona_juridica,0
P-35147,persona_juridica,0
UT-10644,union_temporal,0
N-19010,persona_natural,0
N-06077,persona_natural,0
N-37068,persona_natural,0
N-26915,persona_natural,0
N-22043,persona_natural,0
N-17602,persona_natural,0
N-15501,persona_natural,0
N-13762,persona_natural,1
P-16757,persona_juridica,0
P-06618,persona_juridica,0
N-03051,persona_natural,0
P-15025,persona_juridica,0
P-40207,persona_juridica,0
P-30403,persona_juridica,0
N-09584,persona_natural,1
N-07259,persona_natural,0
P-48561,persona_juridica,0
P-04347,persona_juridica,0
P-22293,persona_juridica,0
UT-35907,union_temporal,0
N-36450,persona_natural,1
P-24138,persona_juridica,0
N-35779,persona_natural,0
P-14920,persona_juridica,0
P-44575,persona_juridica,0
N-14010,persona_natural,1
UT-7579,union_temporal,0
N-05344,persona_natural,1
N-29854,persona_natural,0
N-24915,persona_natural,0
N-09831,persona_natural,0
P-15858,persona_juridica,0
P-03603,persona_juridica,0
UT-39697,union_temporal,0
N-12456,persona_natural,0
P-01791,persona_juridica,0
N-15804,persona_natural,0
P-07829,persona_juridica,0
UT-16540,union_temporal,0
P-29249,persona_juridica,0
N-33413,persona_natural,0
N-25754,persona_natural,1
P-24838,persona_juridica,1
N-08168,persona_natural,1
UT-18159,union_temporal,0
P-08288,persona_juridica,0
P-12754,persona_juridica,0
UT-0244,union_temporal,0
UT-23401,union_temporal,0
N-14860,persona_natural,0
P-47450,persona_juridica,0
P-48971,persona_juridica,0
N-05123,persona_natural,0
N-18646,persona_natural,1
P-03438,persona_juridica,0
N-29125,persona_natural,1
UT-2978,union_temporal,0
N-21069,persona_natural,0
P-17442,persona_juridica,0
N-16261,persona_natural,0
P-37913,persona_juridica,0
N-22540,persona_natural,0
N-10286,persona_natural,0
P-41387,persona_juridica,1
N-04521,persona_natural,0
P-21872,persona_juridica,1
P-00950,persona_juridica,0
P-26994,persona_juridica,0
N-02679,persona_natural,0
UT-18593,union_temporal,0
UT-40633,union_temporal,0
P-00501,persona_juridica,0
P-37080,persona_juridica,0
N-22447,persona_natural,0
N-31821,persona_natural,0
P-05131,persona_juridica,0
P-35478,persona_juridica,1
P-07155,persona_juridica,0
N-08635,persona_natural,0
N-22291,persona_natural,0
N-20940,persona_natural,0
N-36252,persona_natural,0
N-01458,persona_natural,0
N-17847,persona_natural,0
P-05513,persona_juridica,0
P-38001,persona_juridica,0
N-25628,persona_natural,0
N-33715,persona_natural,0
P-33820,persona_juridica,0
P-28547,persona_juridica,0
P-08546,persona_juridica,0
P-10735,persona_juridica,0
P-11005,persona_juridica,1
P-14619,persona_juridica,1
P-45705,persona_juridica,1
P-13471,persona_juridica,0
UT-34395,union_temporal,0
N-31162,persona_natural,0
P-22988,persona_juridica,0
P-24144,persona_juridica,0
P-05122,persona_juridica,0
N-10231,persona_natural,0
UT-22267,union_temporal,0
UT-42720,union_temporal,0
UT-4282,union_temporal,0
P-28196,persona_juridica,0
N-23755,persona_natural,0
P-34872,persona_juridica,0
P-26287,persona_juridica,0
P-09844,persona_juridica,0
P-28656,persona_juridica,0
P-23987,persona_juridica,0
N-12116,persona_natural,0
P-08314,persona_juridica,0
N-05231,persona_natural,0
N-26012,persona_natural,0
UT-37498,union_temporal,0
P-33303,persona_juridica,0
UT-38828,union_temporal,0
N-22266,persona_natural,0
UT-17029,union_temporal,0
P-15261,persona_juridica,0
P-30707,persona_juridica,0
N-01684,persona_natural,0
P-00687,persona_juridica,0
UT-35797,union_temporal,0
P-31476,persona_juridica,0
N-33397,persona_natural,0
P-49521,persona_juridica,0
N-14517,persona_natural,0
P-38716,persona_juridica,0
P-05213,persona_juridica,0
N-36825,persona_natural,0
P-50688,persona_juridica,0
N-00254,persona_natural,0
N-19550,persona_natural,0
N-03336,persona_natural,0
UT-3513,union_temporal,0
P-04385,persona_juridica,0
N-28453,persona_natural,0
N-37383,persona_natural,0
P-46241,persona_juridica,0
P-18958,persona_juridica,0
UT-31873,union_temporal,0
N-13005,persona_natural,0
N-05150,persona_natural,0
N-02139,persona_natural,0
N-36400,persona_natural,0
N-33125,persona_natural,0
P-37896,persona_juridica,0
N-06840,persona_natural,0
P-49169,persona_juridica,0
P-23496,persona_juridica,0
P-25529,persona_juridica,1
P-12430,persona_juridica,1
P-26237,persona_juridica,0
N-26290,persona_natural,0
P-10652,persona_juridica,0
P-33170,persona_juridica,0
N-01919,persona_natural,0
P-47849,persona_juridica,0
N-11057,persona_natural,0
N-20760,persona_natural,0
UT-43965,union_temporal,0
N-21578,persona_natural,0
N-33793,persona_natural,0
UT-13712,union_temporal,0
UT-29823,union_temporal,0
N-20790,persona_natural,0
N-18764,persona_natural,0
P-04183,persona_juridica,0
P-09710,persona_juridica,0
N-04359,persona_natural,0
UT-17295,union_temporal,0
UT-26138,union_temporal,0
N-13625,persona_natural,0
N-08492,persona_natural,0
P-22712,persona_juridica,0
P-04439,persona_juridica,0
P-36838,persona_juridica,1
P-00454,persona_juridica,0
P-28588,persona_juridica,0
N-21952,persona_natural,1
N-34536,persona_natural,0
P-41117,persona_juridica,0
N-04826,persona_natural,0
P-00101,persona_juridica,0
P-24589,persona_juridica,0
UT-42001,union_temporal,0
P-20060,persona_juridica,0
N-25901,persona_natural,1
N-36906,persona_natural,0
N-00040,persona_natural,0
N-16798,persona_natural,0
N-26502,persona_natural,0
P-45319,persona_juridica,0
N-08867,persona_natural,0
N-12232,persona_natural,0
N-36219,persona_natural,0
P-23952,persona_juridica,0
UT-26615,union_temporal,0
N-37487,persona_natural,0
P-22431,persona_juridica,0
N-17300,persona_natural,0
P-21094,persona_juridica,0
P-15219,persona_juridica,0
N-12276,persona_natural,0
N-24868,persona_natural,0
P-33750,persona_juridica,0
UT-43130,union_temporal,0
P-09264,persona_juridica,0
P-27119,persona_juridica,0
P-37276,persona_juridica,0
P-22700,persona_juridica,0
P-48331,persona_juridica,0
P-49569,persona_juridica,0
UT-40660,union_temporal,0
N-10243,persona_natural,0
N-34945,persona_natural,0
N-26880,persona_natural,0
P-49557,persona_juridica,0
P-06261,persona_juridica,0
P-17294,persona_juridica,0
P-49378,persona_juridica,0
P-21479,persona_juridica,0
P-22890,persona_juridica,0
N-06747,persona_natural,0
P-36310,persona_juridica,0
N-35783,persona_natural,0
UT-20527,union_temporal,0
P-36538,persona_juridica,0
N-09617,persona_natural,0
UT-41800,union_temporal,0
N-34574,persona_natural,0
P-42453,persona_juridica,0
P-07542,persona_juridica,0
N-06253,persona_natural,0
P-27712,persona_juridica,0
P-37347,persona_juridica,0
P-29897,persona_juridica,0
P-05808,persona_juridica,0
P-26609,persona_juridica,0
UT-12551,union_temporal,0
N-19816,persona_natural,0
N-09566,persona_natural,0
N-03667,persona_natural,0
P-27395,persona_juridica,0
N-36903,persona_natural,0
P-16767,persona_juridica,0
N-18691,persona_natural,0
P-27857,persona_juridica,0
P-17386,persona_juridica,0
P-19095,persona_juridica,0
P-38217,persona_juridica,0
P-18525,persona_juridica,0
UT-10003,union_temporal,0
N-35112,persona_natural,0
P-01043,persona_juridica,0
P-33191,persona_juridica,0
P-18042,persona_juridica,1
N-02236,persona_natural,1
N-14031,persona_natural,0
P-15263,persona_juridica,0
N-09638,persona_natural,1
P-47570,persona_juridica,0
N-26448,persona_natural,0
P-05891,persona_juridica,0
P-40735,persona_juridica,0
P-45572,persona_juridica,0
N-22236,persona_natural,0
N-04579,persona_natural,0
P-04735,persona_juridica,0
N-24926,persona_natural,0
P-02230,persona_juridica,1
P-44699,persona_juridica,0
P-24453,persona_juridica,0
P-36648,persona_juridica,0
UT-4406,union_temporal,0
N-19685,persona_natural,0
N-06049,persona_natural,0
UT-37418,union_temporal,0
N-37269,persona_natural,0
N-29009,persona_natural,0
P-17325,persona_juridica,0
UT-36450,union_temporal,0
P-21483,persona_juridica,0
N-29090,persona_natural,0
N-32002,persona_natural,0
N-11752,persona_natural,0
UT-5070,union_temporal,0
P-30211,persona_juridica,0
P-18177,persona_juridica,0
N-25593,persona_natural,0
N-16066,persona_natural,0
P-23879,persona_juridica,0
N-08982,persona_natural,1
P-49539,persona_juridica,0
P-26649,persona_juridica,0
P-42903,persona_juridica,0
P-49166,persona_juridica,0
N-35789,persona_natural,1
N-04801,persona_natural,0
N-33920,persona_natural,0
P-26513,persona_juridica,1
N-25646,persona_natural,0
UT-31854,union_temporal,0
P-48136,persona_juridica,0
P-20089,persona_juridica,0
P-42788,persona_juridica,0
N-34393,persona_natural,0
N-31084,persona_natural,0
P-30270,persona_juridica,0
N-17877,persona_natural,0
N-31212,persona_natural,1
P-34126,persona_juridica,0
P-49236,persona_juridica,0
P-50753,persona_juridica,0
P-46551,persona_juridica,0
P-34714,persona_juridica,0
P-25214,persona_juridica,0
N-32467,persona_natural,0
P-12081,persona_juridica,0
P-18657,persona_juridica,0
P-08778,persona_juridica,0
N-05100,persona_natural,0
N-09336,persona_natural,0
N-29710,persona_natural,0
N-04723,persona_natural,0
P-25479,persona_juridica,0
P-39389,persona_juridica,1
N-00388,persona_natural,0
N-08395,persona_natural,0
N-08192,persona_natural,1
P-44830,persona_juridica,0
UT-8098,union_temporal,0
P-03638,persona_juridica,0
P-16978,persona_juridica,0
P-06821,persona_juridica,0
P-47247,persona_juridica,0
N-13167,persona_natural,0
P-08944,persona_juridica,0
N-33891,persona_natural,0
N-37161,persona_natural,0
P-23098,persona_juridica,0
P-02920,persona_juridica,0
UT-44862,union_temporal,0
N-32400,persona_natural,1
P-23119,persona_juridica,0
P-50758,persona_juridica,0
P-01595,persona_juridica,0
N-12738,persona_natural,0
UT-31462,union_temporal,0
N-35979,persona_natural,0
P-44499,persona_juridica,0
P-32276,persona_juridica,0
UT-22612,union_temporal,0
P-28224,persona_juridica,0
P-37488,persona_juridica,0
N-03573,persona_natural,0
P-12986,persona_juridica,0
N-17198,persona_natural,0
P-06602,persona_juridica,0
P-16621,persona_juridica,0
P-36787,persona_juridica,0
N-03539,persona_natural,0
P-17356,persona_juridica,0
P-16436,persona_juridica,0
N-16308,persona_natural,0
P-44618,persona_juridica,1
N-37606,persona_natural,0
UT-42135,union_temporal,0
P-27835,persona_juridica,0
P-29702,persona_juridica,0
P-43729,persona_juridica,0
N-37185,persona_natural,1
P-12453,persona_juridica,0
P-10070,persona_juridica,0
P-01655,persona_juridica,0
N-21788,persona_natural,0
P-33775,persona_juridica,0
N-35382,persona_natural,0
N-25530,persona_natural,0
N-37396,persona_natural,0
P-27864,persona_juridica,0
N-11590,persona_natural,0
N-04091,persona_natural,0
P-45694,persona_juridica,0
P-35179,persona_juridica,0
N-33585,persona_natural,0
P-07498,persona_juridica,0
P-20345,persona_juridica,0
N-30671,persona_natural,0
P-37153,persona_juridica,0
UT-27629,union_temporal,0
P-26665,persona_juridica,0
N-13044,persona_natural,0
N-01220,persona_natural,0
UT-40840,union_temporal,0
N-27885,persona_natural,0
UT-44680,union_temporal,0
N-32071,persona_natural,0
P-11678,persona_juridica,0
N-14044,persona_natural,0
N-03414,persona_natural,0
P-40720,persona_juridica,0
P-39052,persona_juridica,0
N-21756,persona_natural,0
N-03386,persona_natural,0
N-01096,persona_natural,0
P-36159,persona_juridica,1
P-08580,persona_juridica,0
P-25108,persona_juridica,0
N-15091,persona_natural,0
N-08419,persona_natural,0
P-03912,persona_juridica,1
N-35375,persona_natural,1
P-41704,persona_juridica,0
UT-6147,union_temporal,0
P-22719,persona_juridica,0
N-18396,persona_natural,0
N-13225,persona_natural,0
N-27206,persona_natural,0
P-13447,persona_juridica,1
P-06293,persona_juridica,0
N-37200,persona_natural,0
P-10344,persona_juridica,0
P-33889,persona_juridica,0
P-30315,persona_juridica,1
N-03835,persona_natural,0
N-21551,persona_natural,0
P-46834,persona_juridica,0
N-28536,persona_natural,0
P-41583,persona_juridica,1
N-34524,persona_natural,0
N-17025,persona_natural,0
N-03241,persona_natural,0
N-14186,persona_natural,0
N-27826,persona_natural,0
P-36788,persona_juridica,0
N-22760,persona_natural,0
P-33325,persona_juridica,0
N-15246,persona_natural,0
P-13688,persona_juridica,0
N-22851,persona_natural,0
N-08883,persona_natural,0
P-41057,persona_juridica,0
N-16406,persona_natural,0
P-26265,persona_juridica,0
N-07034,persona_natural,0
P-04295,persona_juridica,0
P-08988,persona_juridica,0
P-25291,persona_juridica,1
P-20778,persona_juridica,0
P-12751,persona_juridica,0
P-10770,persona_juridica,1
P-14631,persona_juridica,0
N-00009,persona_natural,0
P-37475,persona_juridica,0
N-29416,persona_natural,0
N-10417,persona_natural,0
N-04365,persona_natural,0
N-20230,persona_natural,0
P-18626,persona_juridica,0
P-20866,persona_juridica,0
UT-11033,union_temporal,0
P-30435,persona_juridica,0
N-37107,persona_natural,1
UT-35914,union_temporal,0
P-15683,persona_juridica,0
N-15281,persona_natural,0
P-32823,persona_juridica,0
N-16042,persona_natural,0
N-31277,persona_natural,0
N-00973,persona_natural,0
N-15736,persona_natural,1
P-17394,persona_juridica,0
P-10902,persona_juridica,0
P-10308,persona_juridica,1
P-19643,persona_juridica,0
N-24576,persona_natural,1
P-44650,persona_juridica,0
N-07358,persona_natural,0
N-26261,persona_natural,0
P-18008,persona_juridica,0
P-44006,persona_juridica,0
P-25678,persona_juridica,1
N-01039,persona_natural,0
P-48829,persona_juridica,0
P-29410,persona_juridica,0
N-13356,persona_natural,0
N-02051,persona_natural,0
P-23631,persona_juridica,1
UT-38946,union_temporal,0
N-00076,persona_natural,1
P-14291,persona_juridica,0
N-17174,persona_natural,0
P-33825,persona_juridica,0
N-25087,persona_natural,0
N-20181,persona_natural,0
P-26358,persona_juridica,0
N-09044,persona_natural,0
P-34023,persona_juridica,0
N-21798,persona_natural,0
UT-44675,union_temporal,0
P-47552,persona_juridica,0
P-46114,persona_juridica,0
N-27384,persona_natural,0
P-33489,persona_juridica,0
N-31050,persona_natural,0
P-11310,persona_juridica,0
P-20859,persona_juridica,0
N-15880,persona_natural,0
N-08345,persona_natural,0
N-10146,persona_natural,0
N-02330,persona_natural,0
P-09676,persona_juridica,0
P-13934,persona_juridica,1
P-09074,persona_juridica,0
N-09935,persona_natural,0
P-02289,persona_juridica,0
N-04874,persona_natural,1
P-14125,persona_juridica,0
P-43557,persona_juridica,0
N-14719,persona_natural,0
P-33419,persona_juridica,0
P-41842,persona_juridica,0
N-02794,persona_natural,0
P-38158,persona_juridica,0
P-24500,persona_juridica,0
P-50617,persona_juridica,0
N-08283,persona_natural,0
P-46378,persona_juridica,1
P-04626,persona_juridica,0
P-32782,persona_juridica,0
P-13988,persona_juridica,0
P-15822,persona_juridica,0
N-13460,persona_natural,0
UT-24946,union_temporal,0
P-19342,persona_juridica,0
P-50607,persona_juridica,0
P-30114,persona_juridica,0
N-16391,persona_natural,0
P-35234,persona_juridica,0
P-41729,persona_juridica,0
N-13771,persona_natural,0
P-21739,persona_juridica,0
N-17888,persona_natural,0
P-49659,persona_juridica,0
P-49747,persona_juridica,0
N-29350,persona_natural,0
P-51041,persona_juridica,0
P-09540,persona_juridica,0
P-03350,persona_juridica,1
N-12512,persona_natural,0
N-28633,persona_natural,0
P-27735,persona_juridica,1
P-18489,persona_juridica,1
N-20428,persona_natural,0
UT-16323,union_temporal,0
P-01193,persona_juridica,1
N-29376,persona_natural,1
P-16261,persona_juridica,0
P-47892,persona_juridica,0
P-36772,persona_juridica,0
N-06096,persona_natural,0
N-16768,persona_natural,0
N-26848,persona_natural,0
P-41660,persona_juridica,0
N-08617,persona_natural,0
P-32815,persona_juridica,0
P-07569,persona_juridica,1
N-26640,persona_natural,0
N-00961,persona_natural,0
UT-36566,union_temporal,0
N-17170,persona_natural,0
P-43677,persona_juridica,0
P-00246,persona_juridica,0
P-29446,persona_juridica,0
N-22116,persona_natural,0
P-15113,persona_juridica,0
N-35922,persona_natural,0
N-19638,persona_natural,0
N-21066,persona_natural,0
P-50018,persona_juridica,0
UT-8893,union_temporal,0
UT-20064,union_temporal,0
P-05579,persona_juridica,0
N-27034,persona_natural,0
N-20528,persona_natural,0
P-35527,persona_juridica,0
P-40676,persona_juridica,0
P-45561,persona_juridica,0
P-45729,persona_juridica,0
N-36599,persona_natural,0
N-03708,persona_natural,0
P-49571,persona_juridica,0
P-02051,persona_juridica,0
P-16316,persona_juridica,0
P-05598,persona_juridica,0
P-05433,persona_juridica,0
N-26632,persona_natural,0
P-05103,persona_juridica,0
N-24653,persona_natural,0
UT-26481,union_temporal,0
P-13569,persona_juridica,1
N-09598,persona_natural,0
P-19760,persona_juridica,0
P-14574,persona_juridica,0
N-01986,persona_natural,0
N-17370,persona_natural,0
N-21659,persona_natural,0
P-06003,persona_juridica,0
P-24313,persona_juridica,0
P-23758,persona_juridica,0
UT-16272,union_temporal,0
N-21540,persona_natural,0
UT-4673,union_temporal,0
P-18765,persona_juridica,0
N-10757,persona_natural,0
P-39111,persona_juridica,0
N-14645,persona_natural,0
P-22036,persona_juridica,0
P-08226,persona_juridica,0
N-17844,persona_natural,0
P-49621,persona_juridica,0
N-37352,persona_natural,0
N-22726,persona_natural,1
P-05108,persona_juridica,0
N-22804,persona_natural,0
N-07468,persona_natural,0
N-08450,persona_natural,0
N-05678,persona_natural,1
N-10251,persona_natural,0
UT-19898,union_temporal,0
P-21441,persona_juridica,0
P-04572,persona_juridica,0
P-42200,persona_juridica,0
N-13366,persona_natural,0
N-32010,persona_natural,0
P-00472,persona_juridica,0
P-42000,persona_juridica,0
N-32835,persona_natural,0
P-05299,persona_juridica,0
N-04127,persona_natural,0
N-14729,persona_natural,0
UT-42776,union_temporal,0
P-35845,persona_juridica,1
P-25394,persona_juridica,0
P-11489,persona_juridica,0
P-16478,persona_juridica,0
UT-10312,union_temporal,0
N-31140,persona_natural,0
N-05320,persona_natural,0
N-19274,persona_natural,0
P-10740,persona_juridica,0
P-03887,persona_juridica,0
N-35321,persona_natural,0
UT-12395,union_temporal,0
N-25763,persona_natural,0
UT-4200,union_temporal,0
P-42683,persona_juridica,0
UT-18861,union_temporal,0
P-42653,persona_juridica,0
N-16588,persona_natural,1
N-28865,persona_natural,0
N-08613,persona_natural,0
P-37321,persona_juridica,0
P-49404,persona_juridica,0
N-24314,persona_natural,0
UT-32025,union_temporal,0
N-08804,persona_natural,0
N-16297,persona_natural,0
P-31196,persona_juridica,0
P-01914,persona_juridica,1
UT-3143,union_temporal,0
N-34271,persona_natural,0
UT-31699,union_temporal,0
N-08588,persona_natural,0
N-15745,persona_natural,0
P-37342,persona_juridica,0
P-14854,persona_juridica,0
P-47005,persona_juridica,0
P-44637,persona_juridica,0
P-29666,persona_juridica,0
P-08062,persona_juridica,0
P-03089,persona_juridica,1
N-32016,persona_natural,0
UT-0326,union_temporal,0
P-30527,persona_juridica,0
N-29834,persona_natural,0
N-19008,persona_natural,0
P-13177,persona_juridica,0
P-38116,persona_juridica,0
UT-44844,union_temporal,0
N-17820,persona_natural,0
P-49605,persona_juridica,0
N-20054,persona_natural,0
UT-18352,union_temporal,0
P-50861,persona_juridica,0
P-23741,persona_juridica,0
P-49235,persona_juridica,0
P-18846,persona_juridica,0
N-35255,persona_natural,0
UT-17426,union_temporal,0
P-34463,persona_juridica,1
N-33138,persona_natural,0
P-33085,persona_juridica,0
P-46545,persona_juridica,0
P-06838,persona_juridica,0
N-19034,persona_natural,1
P-00276,persona_juridica,0
P-31791,persona_juridica,0
N-16801,persona_natural,0
P-00477,persona_juridica,0
N-26397,persona_natural,0
P-49456,persona_juridica,0
N-22461,persona_natural,0
N-28998,persona_natural,0
N-24297,persona_natural,1
P-41808,persona_juridica,1
P-39985,persona_juridica,0
N-09218,persona_natural,0
N-03021,persona_natural,0
P-45066,persona_juridica,0
P-25205,persona_juridica,0
P-20962,persona_juridica,0
N-02815,persona_natural,0
N-13819,persona_natural,0
N-07784,persona_natural,0
P-49543,persona_juridica,0
N-01070,persona_natural,0
P-13072,persona_juridica,1
N-29762,persona_natural,0
P-18936,persona_juridica,0
P-32978,persona_juridica,1
UT-34236,union_temporal,0
N-28747,persona_natural,0
N-06531,persona_natural,0
N-14303,persona_natural,0
UT-43199,union_temporal,0
P-39988,persona_juridica,0
P-14134,persona_juridica,0
P-24975,persona_juridica,0
N-34701,persona_natural,0
N-06285,persona_natural,0
N-16460,persona_natural,1
N-14880,persona_natural,0
N-29261,persona_natural,0
P-23294,persona_juridica,0
N-07260,persona_natural,0
P-08143,persona_juridica,0
P-46283,persona_juridica,1
P-31698,persona_juridica,0
UT-11463,union_temporal,0
N-00118,persona_natural,1
UT-24938,union_temporal,0
UT-23593,union_temporal,0
P-25723,persona_juridica,0
N-03581,persona_natural,0
N-15495,persona_natural,0
P-24390,persona_juridica,0
UT-6994,union_temporal,0
N-33014,persona_natural,1
N-13055,persona_natural,0
P-11285,persona_juridica,0
N-21978,persona_natural,0
P-24951,persona_juridica,1
P-31195,persona_juridica,0
N-14743,persona_natural,0
P-17333,persona_juridica,0
P-32592,persona_juridica,0
N-37655,persona_natural,0
N-22476,persona_natural,0
P-42661,persona_juridica,0
P-06667,persona_juridica,0
N-10277,persona_natural,0
N-35260,persona_natural,0
N-16469,persona_natural,0
UT-24208,union_temporal,0
P-38206,persona_juridica,0
P-30363,persona_juridica,1
N-24431,persona_natural,0
N-19103,persona_natural,0
UT-24116,union_temporal,0
N-23060,persona_natural,0
P-21965,persona_juridica,0
N-00422,persona_natural,1
N-14374,persona_natural,0
P-22472,persona_juridica,0
N-20210,persona_natural,0
P-23131,persona_juridica,1
N-31415,persona_natural,0
N-31925,persona_natural,0
P-44956,persona_juridica,0
N-31559,persona_natural,0
P-13298,persona_juridica,1
N-06519,persona_natural,0
P-20950,persona_juridica,0
P-11543,persona_juridica,0
UT-42209,union_temporal,0
N-12826,persona_natural,0
P-22585,persona_juridica,0
UT-41993,union_temporal,0
P-14754,persona_juridica,0
N-36521,persona_natural,0
N-13777,persona_natural,0
P-02112,persona_juridica,0
N-06154,persona_natural,0
P-44042,persona_juridica,0
P-30852,persona_juridica,0
UT-0040,union_temporal,0
P-03759,persona_juridica,1
N-09177,persona_natural,0
UT-22757,union_temporal,0
N-15686,persona_natural,0
N-33341,persona_natural,0
N-11882,persona_natural,0
N-32106,persona_natural,0
UT-16530,union_temporal,0
P-46449,persona_juridica,0
N-13690,persona_natural,1
N-22115,persona_natural,0
N-00292,persona_natural,0
UT-8258,union_temporal,0
N-36002,persona_natural,0
UT-2246,union_temporal,0
P-02471,persona_juridica,0
UT-14894,union_temporal,0
N-20075,persona_natural,0
N-18892,persona_natural,1
N-17014,persona_natural,0
P-02075,persona_juridica,0
P-06362,persona_juridica,0
N-01840,persona_natural,0
P-45302,persona_juridica,0
N-06333,persona_natural,0
N-29271,persona_natural,0
P-11036,persona_juridica,1
P-17846,persona_juridica,0
P-14390,persona_juridica,0
N-31263,persona_natural,0
N-13248,persona_natural,0
P-31692,persona_juridica,0
P-37425,persona_juridica,0
N-11369,persona_natural,0
N-11424,persona_natural,0
P-34865,persona_juridica,0
P-05154,persona_juridica,0
P-31979,persona_juridica,0
UT-7712,union_temporal,0
UT-25099,union_temporal,0
N-32527,persona_natural,0
P-34576,persona_juridica,0
P-31213,persona_juridica,0
N-16155,persona_natural,0
P-32706,persona_juridica,0
N-06282,persona_natural,0
P-30599,persona_juridica,0
N-18772,persona_natural,1
N-16514,persona_natural,0
UT-4260,union_temporal,0
N-26712,persona_natural,0
UT-5161,union_temporal,0
P-44580,persona_juridica,0
P-23770,persona_juridica,0
N-33973,persona_natural,0
P-00384,persona_juridica,0
N-35618,persona_natural,0
N-23507,persona_natural,0
UT-9954,union_temporal,0
N-06033,persona_natural,0
N-34532,persona_natural,0
N-22676,persona_natural,0
P-32701,persona_juridica,1
P-41274,persona_juridica,1
N-10481,persona_natural,0
P-05776,persona_juridica,0
N-36363,persona_natural,0
N-17242,persona_natural,0
UT-31158,union_temporal,0
P-39826,persona_juridica,1
P-31513,persona_juridica,0
N-29074,persona_natural,0
P-24854,persona_juridica,0
P-23763,persona_juridica,1
P-48014,persona_juridica,0
P-01513,persona_juridica,0
P-30465,persona_juridica,0
P-35394,persona_juridica,0
UT-25112,union_temporal,0
P-42318,persona_juridica,0
P-10442,persona_juridica,0
P-13185,persona_juridica,0
P-38574,persona_juridica,1
P-25838,persona_juridica,0
P-27665,persona_juridica,0
UT-35271,union_temporal,0
P-01195,persona_juridica,0
P-30766,persona_juridica,0
P-09962,persona_juridica,0
P-49510,persona_juridica,0
P-30854,persona_juridica,0
N-22948,persona_natural,1
P-26402,persona_juridica,0
N-32471,persona_natural,0
N-26557,persona_natural,0
N-28585,persona_natural,0
P-38821,persona_juridica,0
N-37697,persona_natural,0
N-17776,persona_natural,0
N-03124,persona_natural,0
N-20238,persona_natural,0
P-17418,persona_juridica,0
N-09181,persona_natural,1
P-24014,persona_juridica,1
N-17873,persona_natural,0
N-16400,persona_natural,1
P-37220,persona_juridica,0
P-00767,persona_juridica,0
P-00661,persona_juridica,1
P-34233,persona_juridica,0
N-10664,persona_natural,0
P-29902,persona_juridica,0
P-33390,persona_juridica,0
P-27764,persona_juridica,0
P-36213,persona_juridica,0
P-26588,persona_juridica,0
N-32957,persona_natural,0
P-27092,persona_juridica,0
N-20510,persona_natural,0
UT-25267,union_temporal,0
N-31045,persona_natural,0
P-32954,persona_juridica,0
P-02391,persona_juridica,0
P-51203,persona_juridica,0
P-11102,persona_juridica,0
P-27066,persona_juridica,0
N-34646,persona_natural,0
P-09167,persona_juridica,0
N-38053,persona_natural,0
P-28706,persona_juridica,0
N-30828,persona_natural,0
P-45772,persona_juridica,0
UT-8059,union_temporal,0
N-28211,persona_natural,0
N-09899,persona_natural,0
P-46579,persona_juridica,0
P-44141,persona_juridica,0
P-50345,persona_juridica,0
N-20921,persona_natural,0
P-04060,persona_juridica,0
N-15155,persona_natural,0
P-34979,persona_juridica,0
N-15553,persona_natural,0
N-31288,persona_natural,0
P-48563,persona_juridica,0
N-09819,persona_natural,0
N-19928,persona_natural,0
N-07453,persona_natural,0
P-08481,persona_juridica,0
P-46712,persona_juridica,0
N-33264,persona_natural,0
P-14797,persona_juridica,0
P-43278,persona_juridica,0
P-28204,persona_juridica,0
P-04787,persona_juridica,1
P-05511,persona_juridica,1
P-35949,persona_juridica,0
N-29200,persona_natural,1
N-13381,persona_natural,0
P-29688,persona_juridica,1
P-13827,persona_juridica,0
P-33932,persona_juridica,0
P-42782,persona_juridica,0
N-21748,persona_natural,0
P-15122,persona_juridica,0
N-27439,persona_natural,0
P-51469,persona_juridica,1
N-19470,persona_natural,0
P-20222,persona_juridica,1
N-25338,persona_natural,1
N-35831,persona_natural,0
UT-18129,union_temporal,0
N-12950,persona_natural,0
P-15138,persona_juridica,0
P-31132,persona_juridica,0
P-38945,persona_juridica,0
P-26642,persona_juridica,0
P-42873,persona_juridica,0
N-22781,persona_natural,0
P-43070,persona_juridica,0
P-31664,persona_juridica,0
P-12423,persona_juridica,0
N-11466,persona_natural,0
P-42347,persona_juridica,0
P-35091,persona_juridica,0
P-23359,persona_juridica,1
P-40021,persona_juridica,0
N-06786,persona_natural,0
N-08964,persona_natural,0
P-45436,persona_juridica,0
P-22013,persona_juridica,0
P-44720,persona_juridica,1
N-01162,persona_natural,0
P-44122,persona_juridica,0
P-37077,persona_juridica,0
N-02795,persona_natural,0
N-28015,persona_natural,0
N-34797,persona_natural,0
P-20110,persona_juridica,0
P-30119,persona_juridica,0
N-31903,persona_natural,0
P-02185,persona_juridica,0
P-18593,persona_juridica,0
N-01785,persona_natural,0
N-33776,persona_natural,0
N-00037,persona_natural,0
P-09420,persona_juridica,0
N-04648,persona_natural,0
N-17894,persona_natural,0
N-16247,persona_natural,0
P-31563,persona_juridica,0
N-24768,persona_natural,0
N-06892,persona_natural,0
P-07874,persona_juridica,0
P-21494,persona_juridica,0
P-25858,persona_juridica,0
P-48465,persona_juridica,1
N-06474,persona_natural,0
P-32387,persona_juridica,0
N-28925,persona_natural,0
P-17284,persona_juridica,0
P-22665,persona_juridica,0
N-29902,persona_natural,0
N-32018,persona_natural,0
UT-27398,union_temporal,0
P-08088,persona_juridica,0
P-30535,persona_juridica,0
P-09872,persona_juridica,1
P-41632,persona_juridica,0
P-46883,persona_juridica,0
P-29290,persona_juridica,0
N-10697,persona_natural,0
N-14464,persona_natural,0
P-44258,persona_juridica,0
N-10789,persona_natural,0
P-39917,persona_juridica,0
UT-8629,union_temporal,0
N-25347,persona_natural,0
UT-26416,union_temporal,0
N-15386,persona_natural,0
N-08938,persona_natural,0
P-01580,persona_juridica,0
P-26694,persona_juridica,0
P-37873,persona_juridica,1
P-15819,persona_juridica,1
P-09265,persona_juridica,0
N-01043,persona_natural,1
N-24496,persona_natural,0
P-26571,persona_juridica,0
P-50306,persona_juridica,0
UT-19063,union_temporal,0
N-37071,persona_natural,0
P-34340,persona_juridica,0
P-07646,persona_juridica,1
P-14050,persona_juridica,0
UT-18607,union_temporal,0
P-45170,persona_juridica,0
P-17186,persona_juridica,0
N-08224,persona_natural,0
UT-38827,union_temporal,0
P-03150,persona_juridica,0
P-14309,persona_juridica,0
N-14295,persona_natural,0
N-03663,persona_natural,0
UT-37495,union_temporal,0
N-10242,persona_natural,0
UT-8205,union_temporal,0
UT-39573,union_temporal,0
P-45855,persona_juridica,0
N-26523,persona_natural,0
P-35189,persona_juridica,0
N-05146,persona_natural,0
N-10793,persona_natural,0
P-32764,persona_juridica,0
P-12701,persona_juridica,0
P-26293,persona_juridica,0
N-03334,persona_natural,0
N-14114,persona_natural,0
P-13778,persona_juridica,1
UT-44405,union_temporal,0
N-36187,persona_natural,0
N-31613,persona_natural,0
N-29610,persona_natural,0
P-32208,persona_juridica,0
P-41051,persona_juridica,0
N-34816,persona_natural,0
UT-33157,union_temporal,0
P-47533,persona_juridica,0
N-03899,persona_natural,0
N-12541,persona_natural,1
P-06255,persona_juridica,0
P-42475,persona_juridica,0
P-17257,persona_juridica,0
P-48923,persona_juridica,0
UT-28015,union_temporal,0
P-14127,persona_juridica,0
N-10256,persona_natural,0
N-07836,persona_natural,1
N-06663,persona_natural,0
P-11113,persona_juridica,0
P-19271,persona_juridica,1
P-35810,persona_juridica,0
P-39457,persona_juridica,0
P-27937,persona_juridica,1
N-01359,persona_natural,0
P-43162,persona_juridica,0
N-22501,persona_natural,0
N-26126,persona_natural,0
P-10207,persona_juridica,1
P-04316,persona_juridica,0
N-16652,persona_natural,1
N-13831,persona_natural,0
UT-25618,union_temporal,0
P-09426,persona_juridica,0
P-05542,persona_juridica,0
N-27913,persona_natural,0
N-03944,persona_natural,0
P-39883,persona_juridica,0
P-27639,persona_juridica,0
N-36655,persona_natural,0
P-48145,persona_juridica,0
N-10777,persona_natural,0
P-25835,persona_juridica,0
P-33113,persona_juridica,0
P-28974,persona_juridica,0
N-08364,persona_natural,0
P-15943,persona_juridica,0
P-03303,persona_juridica,0
N-25218,persona_natural,0
P-01768,persona_juridica,0
P-39818,persona_juridica,0
N-36420,persona_natural,0
P-26610,persona_juridica,0
P-10303,persona_juridica,0
P-13682,persona_juridica,0
P-00045,persona_juridica,0
N-24190,persona_natural,0
P-41717,persona_juridica,0
P-02249,persona_juridica,0
P-09164,persona_juridica,0
P-03399,persona_juridica,0
P-21325,persona_juridica,0
N-34975,persona_natural,0
N-18119,persona_natural,0
P-17267,persona_juridica,0
N-08354,persona_natural,0
UT-44235,union_temporal,0
P-05854,persona_juridica,0
P-20378,persona_juridica,0
N-14507,persona_natural,0
N-18670,persona_natural,0
P-39488,persona_juridica,0
P-16925,persona_juridica,0
P-26393,persona_juridica,1
N-01859,persona_natural,0
P-46346,persona_juridica,0
N-31058,persona_natural,0
P-35826,persona_juridica,0
P-02704,persona_juridica,0
N-18104,persona_natural,0
N-10226,persona_natural,0
N-25122,persona_natural,0
UT-35257,union_temporal,0
P-30055,persona_juridica,0
N-01245,persona_natural,0
P-42945,persona_juridica,0
N-14172,persona_natural,0
N-15106,persona_natural,0
N-20890,persona_natural,0
N-11135,persona_natural,0
P-43047,persona_juridica,0
P-44058,persona_juridica,0
P-01392,persona_juridica,0
P-46758,persona_juridica,0
UT-6773,union_temporal,0
P-07584,persona_juridica,0
N-21000,persona_natural,0
N-16576,persona_natural,1
N-19413,persona_natural,0
P-37993,persona_juridica,0
P-22517,persona_juridica,0
N-00304,persona_natural,0
UT-16514,union_temporal,0
P-10926,persona_juridica,0
N-31867,persona_natural,0
N-01193,persona_natural,0
P-35375,persona_juridica,0
N-26065,persona_natural,1
P-00267,persona_juridica,0
N-27633,persona_natural,0
P-25599,persona_juridica,0
P-13798,persona_juridica,0
N-36710,persona_natural,0
N-09890,persona_natural,0
P-02175,persona_juridica,1
UT-3955,union_temporal,0
N-33345,persona_natural,0
P-49252,persona_juridica,0
UT-29844,union_temporal,0
N-03533,persona_natural,0
P-40526,persona_juridica,0
P-44296,persona_juridica,0
P-25992,persona_juridica,0
N-32491,persona_natural,1
P-37046,persona_juridica,0
N-18042,persona_natural,0
P-19853,persona_juridica,0
P-01781,persona_juridica,0
UT-18595,union_temporal,0
N-25824,persona_natural,1
N-16056,persona_natural,0
N-16945,persona_natural,0
P-04648,persona_juridica,0
P-50606,persona_juridica,0
P-49613,persona_juridica,0
P-05237,persona_juridica,0
N-11541,persona_natural,0
N-30376,persona_natural,0
P-39325,persona_juridica,1
N-26867,persona_natural,0
UT-44165,union_temporal,0
UT-42163,union_temporal,0
N-32578,persona_natural,0
P-42381,persona_juridica,0
N-27746,persona_natural,0
P-03645,persona_juridica,0
P-05419,persona_juridica,0
P-04884,persona_juridica,0
N-18938,persona_natural,0
P-03500,persona_juridica,0
P-20193,persona_juridica,0
N-12090,persona_natural,0
P-09469,persona_juridica,0
P-02986,persona_juridica,0
N-29623,persona_natural,0
N-04092,persona_natural,0
P-07506,persona_juridica,0
P-33793,persona_juridica,0
N-26884,persona_natural,0
P-28907,persona_juridica,0
P-08279,persona_juridica,0
P-22832,persona_juridica,0
P-42093,persona_juridica,1
UT-33315,union_temporal,0
P-37798,persona_juridica,0
UT-18589,union_temporal,0
N-15528,persona_natural,0
P-25857,persona_juridica,0
N-02704,persona_natural,0
N-06315,persona_natural,0
P-46295,persona_juridica,0
P-33106,persona_juridica,0
P-44533,persona_juridica,0
P-01557,persona_juridica,0
N-01857,persona_natural,0
N-15346,persona_natural,0
N-10892,persona_natural,0
P-24556,persona_juridica,1
P-18646,persona_juridica,0
P-12411,persona_juridica,0
N-18550,persona_natural,0
UT-34101,union_temporal,0
P-22269,persona_juridica,0
N-05304,persona_natural,1
N-28765,persona_natural,0
P-40922,persona_juridica,0
N-36725,persona_natural,1
N-09236,persona_natural,0
P-48238,persona_juridica,0
N-31101,persona_natural,0
P-03068,persona_juridica,1
P-02081,persona_juridica,0
N-09169,persona_natural,0
P-41757,persona_juridica,0
P-41989,persona_juridica,1
N-09223,persona_natural,1
N-37628,persona_natural,0
P-03644,persona_juridica,0
P-30976,persona_juridica,0
N-29480,persona_natural,0
N-23299,persona_natural,0
P-41633,persona_juridica,0
N-07201,persona_natural,0
P-19192,persona_juridica,0
P-46058,persona_juridica,0
P-42073,persona_juridica,0
P-24979,persona_juridica,0
P-41245,persona_juridica,0
N-01025,persona_natural,0
N-11919,persona_natural,0
P-34240,persona_juridica,0
P-37829,persona_juridica,0
P-33645,persona_juridica,0
N-35942,persona_natural,0
P-03355,persona_juridica,0
N-35603,persona_natural,0
N-28466,persona_natural,0
P-35017,persona_juridica,0
P-37642,persona_juridica,1
N-35135,persona_natural,0
P-32944,persona_juridica,0
P-39366,persona_juridica,0
N-01768,persona_natural,0
N-01021,persona_natural,0
P-11143,persona_juridica,0
N-15141,persona_natural,0
P-21878,persona_juridica,0
N-32755,persona_natural,1
N-10055,persona_natural,0
N-11588,persona_natural,0
P-10678,persona_juridica,0
P-04794,persona_juridica,0
P-11518,persona_juridica,0
P-06135,persona_juridica,0
N-05576,persona_natural,0
P-50727,persona_juridica,0
P-49586,persona_juridica,0
P-44448,persona_juridica,0
N-13316,persona_natural,0
UT-3841,union_temporal,0
P-03196,persona_juridica,0
P-34333,persona_juridica,0
N-04364,persona_natural,0
P-11001,persona_juridica,0
P-45311,persona_juridica,0
N-20338,persona_natural,0
N-11073,persona_natural,0
N-07484,persona_natural,0
UT-36806,union_temporal,0
P-08777,persona_juridica,0
P-23775,persona_juridica,0
N-08963,persona_natural,0
P-49222,persona_juridica,0
N-13488,persona_natural,0
N-23645,persona_natural,0
P-39281,persona_juridica,0
N-19827,persona_natural,1
UT-6869,union_temporal,0
P-25660,persona_juridica,1
P-48672,persona_juridica,0
P-34290,persona_juridica,0
P-50307,persona_juridica,0
N-19560,persona_natural,0
P-37101,persona_juridica,0
N-17379,persona_natural,0
P-50280,persona_juridica,0
N-19349,persona_natural,0
P-36070,persona_juridica,0
UT-21420,union_temporal,0
P-37989,persona_juridica,0
N-30963,persona_natural,0
UT-12339,union_temporal,0
N-11998,persona_natural,0
P-24197,persona_juridica,0
N-09653,persona_natural,0
N-33375,persona_natural,0
N-30874,persona_natural,0
P-30497,persona_juridica,0
UT-13792,union_temporal,0
P-49702,persona_juridica,1
UT-27495,union_temporal,0
N-02276,persona_natural,0
UT-10366,union_temporal,0
N-16778,persona_natural,0
P-14205,persona_juridica,0
N-05666,persona_natural,1
N-18552,persona_natural,1
P-46738,persona_juridica,0
P-32577,persona_juridica,1
P-46895,persona_juridica,0
N-36319,persona_natural,0
N-17319,persona_natural,0
N-07384,persona_natural,0
P-09163,persona_juridica,1
N-21285,persona_natural,0
N-05943,persona_natural,0
UT-11357,union_temporal,0
N-27978,persona_natural,0
N-00228,persona_natural,0
P-14741,persona_juridica,0
P-21685,persona_juridica,0
N-34922,persona_natural,0
N-25385,persona_natural,0
P-19109,persona_juridica,0
UT-42691,union_temporal,0
P-06500,persona_juridica,0
N-15287,persona_natural,0
P-01605,persona_juridica,1
N-14337,persona_natural,0
P-34026,persona_juridica,0
P-29982,persona_juridica,1
UT-29086,union_temporal,0
N-18983,persona_natural,0
P-09466,persona_juridica,0
N-06248,persona_natural,0
UT-42423,union_temporal,0
N-21061,persona_natural,0
P-49732,persona_juridica,0
N-02962,persona_natural,0
P-06469,persona_juridica,0
N-27810,persona_natural,0
N-05506,persona_natural,0
P-44317,persona_juridica,0
P-03342,persona_juridica,0
P-37843,persona_juridica,0
N-29347,persona_natural,0
P-49847,persona_juridica,1
P-19115,persona_juridica,0
UT-32284,union_temporal,0
N-05444,persona_natural,0
P-18549,persona_juridica,0
P-15802,persona_juridica,0
P-03820,persona_juridica,0
P-06528,persona_juridica,0
P-22865,persona_juridica,0
P-41820,persona_juridica,0
N-31800,persona_natural,0
P-27082,persona_juridica,1
P-29338,persona_juridica,0
P-06632,persona_juridica,0
P-41172,persona_juridica,1
P-27004,persona_juridica,0
N-08462,persona_natural,0
P-20507,persona_juridica,1
N-01235,persona_natural,0
P-30608,persona_juridica,1
P-00733,persona_juridica,0
N-35285,persona_natural,0
UT-10064,union_temporal,0
P-26078,persona_juridica,0
P-25948,persona_juridica,0
N-35941,persona_natural,0
UT-14824,union_temporal,0
P-19224,persona_juridica,0
UT-28908,union_temporal,0
N-16908,persona_natural,0
N-23690,persona_natural,0
P-00140,persona_juridica,0
P-38528,persona_juridica,0
N-00632,persona_natural,1
P-00279,persona_juridica,0
P-26878,persona_juridica,0
N-05113,persona_natural,0
N-04122,persona_natural,0
P-39057,persona_juridica,0
P-28797,persona_juridica,0
P-15640,persona_juridica,0
P-02641,persona_juridica,0
UT-24595,union_temporal,0
P-48589,persona_juridica,1
P-24781,persona_juridica,0
P-43221,persona_juridica,0
P-02336,persona_juridica,0
N-10365,persona_natural,0
N-23235,persona_natural,1
N-06329,persona_natural,0
N-27082,persona_natural,0
P-01528,persona_juridica,0
N-18520,persona_natural,0
P-31313,persona_juridica,0
P-33339,persona_juridica,0
P-46591,persona_juridica,0
P-18687,persona_juridica,0
P-15593,persona_juridica,0
N-12159,persona_natural,0
N-07702,persona_natural,0
P-41774,persona_juridica,0
P-29621,persona_juridica,0
P-35166,persona_juridica,0
N-04927,persona_natural,0
P-43357,persona_juridica,0
P-37933,persona_juridica,1
P-28653,persona_juridica,0
N-32868,persona_natural,0
P-03286,persona_juridica,1
N-01414,persona_natural,0
P-41335,persona_juridica,0
P-25122,persona_juridica,0
N-03509,persona_natural,0
N-17064,persona_natural,1
P-11530,persona_juridica,0
P-39792,persona_juridica,0
N-34502,persona_natural,0
P-20623,persona_juridica,0
P-02475,persona_juridica,0
N-14192,persona_natural,1
UT-3139,union_temporal,0
N-19249,persona_natural,0
N-03801,persona_natural,0
UT-17723,union_temporal,0
N-21497,persona_natural,0
N-10673,persona_natural,0
P-28578,persona_juridica,1
P-13926,persona_juridica,1
N-30154,persona_natural,0
N-36735,persona_natural,0
P-35584,persona_juridica,0
P-33229,persona_juridica,0
N-33916,persona_natural,0
P-46515,persona_juridica,0
N-12269,persona_natural,0
N-19904,persona_natural,0
P-44479,persona_juridica,0
P-03970,persona_juridica,0
N-00458,persona_natural,0
P-27577,persona_juridica,0
P-33719,persona_juridica,0
N-19211,persona_natural,0
P-02781,persona_juridica,0
N-19927,persona_natural,1
P-02557,persona_juridica,0
N-17048,persona_natural,0
P-28670,persona_juridica,0
N-14570,persona_natural,0
N-04026,persona_natural,0
P-00647,persona_juridica,0
P-11202,persona_juridica,0
P-38555,persona_juridica,1
N-06511,persona_natural,0
P-18311,persona_juridica,0
N-22382,persona_natural,1
N-05655,persona_natural,0
P-41845,persona_juridica,1
P-02248,persona_juridica,1
N-32329,persona_natural,0
P-07393,persona_juridica,0
UT-7918,union_temporal,0
N-02521,persona_natural,0
N-12389,persona_natural,0
P-12049,persona_juridica,0
P-18791,persona_juridica,0
P-09461,persona_juridica,0
N-06139,persona_natural,0
N-11771,persona_natural,0
N-25114,persona_natural,1
P-06176,persona_juridica,0
P-48704,persona_juridica,0
N-01099,persona_natural,0
N-09153,persona_natural,0
N-21119,persona_natural,0
N-20202,persona_natural,0
P-05909,persona_juridica,0
P-31268,persona_juridica,1
N-33501,persona_natural,0
P-07434,persona_juridica,0
N-35617,persona_natural,1
N-16242,persona_natural,0
P-27579,persona_juridica,0
P-46236,persona_juridica,0
UT-12275,union_temporal,0
P-15007,persona_juridica,0
N-19319,persona_natural,0
P-04994,persona_juridica,0
N-34779,persona_natural,0
P-38295,persona_juridica,0
P-20647,persona_juridica,0
N-37602,persona_natural,0
P-38679,persona_juridica,0
P-21145,persona_juridica,0
P-01904,persona_juridica,0
P-01131,persona_juridica,1
N-22859,persona_natural,0
P-46652,persona_juridica,0
N-34518,persona_natural,0
N-36211,persona_natural,0
N-25035,persona_natural,0
P-01271,persona_juridica,0
P-35994,persona_juridica,0
P-41042,persona_juridica,0
N-16688,persona_natural,0
P-46782,persona_juridica,0
N-37732,persona_natural,0
P-29041,persona_juridica,0
N-31798,persona_natural,0
N-12806,persona_natural,0
N-34950,persona_natural,0
P-05276,persona_juridica,0
P-40800,persona_juridica,0
N-17334,persona_natural,0
N-14054,persona_natural,0
P-42017,persona_juridica,0
N-02609,persona_natural,0
N-19415,persona_natural,0
P-46839,persona_juridica,0
P-41282,persona_juridica,0
N-14886,persona_natural,0
P-00907,persona_juridica,0
P-34450,persona_juridica,0
P-42953,persona_juridica,0
N-02743,persona_natural,0
UT-41365,union_temporal,0
P-16929,persona_juridica,0
N-06433,persona_natural,1
P-21210,persona_juridica,0
P-29491,persona_juridica,0
P-39059,persona_juridica,0
UT-31906,union_temporal,0
P-20628,persona_juridica,0
P-17346,persona_juridica,0
UT-30261,union_temporal,0
N-30163,persona_natural,0
N-03839,persona_natural,0
P-01812,persona_juridica,0
P-39219,persona_juridica,0
N-29755,persona_natural,0
P-37315,persona_juridica,0
UT-20442,union_temporal,0
P-20050,persona_juridica,1
N-25378,persona_natural,0
P-36761,persona_juridica,0
P-29575,persona_juridica,0
N-17301,persona_natural,0
P-24542,persona_juridica,0
N-17624,persona_natural,0
P-31467,persona_juridica,0
P-36475,persona_juridica,0
N-14264,persona_natural,0
N-32034,persona_natural,0
P-09615,persona_juridica,0
N-06375,persona_natural,0
P-07281,persona_juridica,0
N-19194,persona_natural,0
N-00484,persona_natural,0
N-22413,persona_natural,0
P-19396,persona_juridica,0
P-33086,persona_juridica,1
N-14253,persona_natural,0
N-24502,persona_natural,0
N-26231,persona_natural,0
P-12849,persona_juridica,0
N-21112,persona_natural,0
N-16814,persona_natural,0
N-15768,persona_natural,0
P-07558,persona_juridica,0
N-30197,persona_natural,0
N-05089,persona_natural,0
N-11609,persona_natural,1
P-44234,persona_juridica,0
N-14641,persona_natural,0
N-21522,persona_natural,0
P-20394,persona_juridica,0
P-41442,persona_juridica,0
N-13866,persona_natural,0
N-14867,persona_natural,0
N-04913,persona_natural,0
N-22967,persona_natural,1
P-39568,persona_juridica,0
P-19078,persona_juridica,1
N-01822,persona_natural,0
P-32967,persona_juridica,0
P-47485,persona_juridica,0
N-30622,persona_natural,0
N-24354,persona_natural,0
P-14849,persona_juridica,0
P-04118,persona_juridica,0
P-36703,persona_juridica,0
P-34701,persona_juridica,0
N-18632,persona_natural,0
P-23481,persona_juridica,0
P-06494,persona_juridica,1
P-40839,persona_juridica,0
P-48355,persona_juridica,0
N-11061,persona_natural,0
P-14120,persona_juridica,0
N-03578,persona_natural,0
P-15336,persona_juridica,0
N-10168,persona_natural,0
N-18657,persona_natural,0
N-33209,persona_natural,0
N-21545,persona_natural,0
UT-10587,union_temporal,0
P-12024,persona_juridica,0
N-03603,persona_natural,1
P-48818,persona_juridica,0
N-06071,persona_natural,0
N-10467,persona_natural,0
N-06091,persona_natural,0
P-42669,persona_juridica,1
UT-0570,union_temporal,0
P-32183,persona_juridica,0
P-46207,persona_juridica,1
P-21608,persona_juridica,0
P-09223,persona_juridica,0
N-12635,persona_natural,0
N-27154,persona_natural,0
N-27163,persona_natural,0
UT-33855,union_temporal,0
P-18857,persona_juridica,0
P-08867,persona_juridica,0
P-25839,persona_juridica,0
P-33961,persona_juridica,0
N-04007,persona_natural,0
N-21475,persona_natural,0
P-47669,persona_juridica,0
N-37148,persona_natural,0
UT-16728,union_temporal,0
P-07041,persona_juridica,0
N-36723,persona_natural,0
N-06234,persona_natural,0
P-27546,persona_juridica,0
N-31133,persona_natural,0
P-10307,persona_juridica,0
N-03699,persona_natural,0
N-04285,persona_natural,0
P-12481,persona_juridica,0
P-34863,persona_juridica,0
UT-42660,union_temporal,0
N-04447,persona_natural,0
P-33321,persona_juridica,1
P-36899,persona_juridica,1
N-26413,persona_natural,0
P-08301,persona_juridica,0
P-42081,persona_juridica,0
N-26120,persona_natural,0
P-24358,persona_juridica,0
P-37273,persona_juridica,1
UT-29565,union_temporal,0
P-17571,persona_juridica,0
P-17999,persona_juridica,0
N-27934,persona_natural,0
N-03026,persona_natural,0
N-36292,persona_natural,0
UT-30354,union_temporal,0
P-07772,persona_juridica,0
UT-18591,union_temporal,0
N-09063,persona_natural,0
N-17678,persona_natural,1
P-06259,persona_juridica,0
P-07527,persona_juridica,0
UT-27033,union_temporal,0
N-35027,persona_natural,0
P-44788,persona_juridica,0
N-11305,persona_natural,1
P-26179,persona_juridica,1
P-40935,persona_juridica,0
N-01643,persona_natural,0
P-19272,persona_juridica,1
P-51235,persona_juridica,0
N-05176,persona_natural,1
P-23619,persona_juridica,1
N-23709,persona_natural,0
P-35430,persona_juridica,0
P-20424,persona_juridica,0
N-12173,persona_natural,0
N-20545,persona_natural,0
P-14170,persona_juridica,0
P-35320,persona_juridica,0
P-40193,persona_juridica,0
N-00968,persona_natural,0
N-35819,persona_natural,0
P-26611,persona_juridica,0
P-12700,persona_juridica,0
UT-1591,union_temporal,0
N-34309,persona_natural,0
P-09713,persona_juridica,0
P-07500,persona_juridica,1
N-00381,persona_natural,1
P-05856,persona_juridica,1
P-44920,persona_juridica,0
N-09445,persona_natural,0
P-44711,persona_juridica,0
N-00006,persona_natural,0
UT-33919,union_temporal,0
N-28442,persona_natural,0
UT-12748,union_temporal,0
P-17093,persona_juridica,1
N-05199,persona_natural,0
P-03219,persona_juridica,0
UT-27416,union_temporal,0
P-38452,persona_juridica,0
N-35662,persona_natural,0
P-09993,persona_juridica,0
N-08436,persona_natural,0
P-08624,persona_juridica,0
N-04197,persona_natural,0
P-39810,persona_juridica,0
N-33237,persona_natural,0
P-05092,persona_juridica,0
UT-42671,union_temporal,0
N-08398,persona_natural,0
P-21510,persona_juridica,0
P-08092,persona_juridica,0
N-16879,persona_natural,0
UT-22205,union_temporal,0
P-04737,persona_juridica,0
P-43457,persona_juridica,0
N-31024,persona_natural,0
N-05590,persona_natural,0
P-24585,persona_juridica,0
N-29026,persona_natural,0
N-25574,persona_natural,1
N-07573,persona_natural,0
N-01453,persona_natural,0
N-07999,persona_natural,0
P-01498,persona_juridica,1
N-28230,persona_natural,0
P-16736,persona_juridica,1
N-03118,persona_natural,0
P-38739,persona_juridica,1
P-06005,persona_juridica,0
N-03449,persona_natural,1
N-20821,persona_natural,0
P-45255,persona_juridica,0
P-11926,persona_juridica,0
P-50476,persona_juridica,0
UT-44564,union_temporal,0
P-18304,persona_juridica,0
N-03629,persona_natural,1
UT-30192,union_temporal,0
UT-35295,union_temporal,0
P-31808,persona_juridica,0
P-18738,persona_juridica,0
N-13824,persona_natural,1
P-48166,persona_juridica,0
N-37903,persona_natural,0
N-09604,persona_natural,0
P-39056,persona_juridica,0
N-19457,persona_natural,0
N-11397,persona_natural,0
UT-43181,union_temporal,0
P-47801,persona_juridica,0
P-08817,persona_juridica,0
P-04610,persona_juridica,0
P-38098,persona_juridica,0
N-24574,persona_natural,0
UT-4604,union_temporal,0
P-07474,persona_juridica,1
P-08416,persona_juridica,0
N-07227,persona_natural,0
N-05869,persona_natural,0
N-32928,persona_natural,0
UT-7867,union_temporal,0
P-12355,persona_juridica,0
P-34214,persona_juridica,0
N-00121,persona_natural,0
N-04546,persona_natural,0
P-09909,persona_juridica,0
UT-5501,union_temporal,0
P-23429,persona_juridica,0
P-42748,persona_juridica,0
P-42821,persona_juridica,0
P-34429,persona_juridica,0
N-32203,persona_natural,1
P-00174,persona_juridica,1
P-47884,persona_juridica,0
P-20718,persona_juridica,0
P-31102,persona_juridica,0
P-07838,persona_juridica,0
N-06828,persona_natural,0
N-36004,persona_natural,0
N-07909,persona_natural,0
N-16733,persona_natural,1
N-22313,persona_natural,0
P-31299,persona_juridica,0
N-12259,persona_natural,0
N-18982,persona_natural,0
P-51471,persona_juridica,0
P-36734,persona_juridica,0
P-36123,persona_juridica,0
N-31861,persona_natural,0
N-18489,persona_natural,0
UT-12231,union_temporal,0
N-12171,persona_natural,1
UT-10227,union_temporal,0
UT-26213,union_temporal,0
P-46740,persona_juridica,0
N-06020,persona_natural,0
P-21302,persona_juridica,0
N-20000,persona_natural,0
P-23268,persona_juridica,0
N-03623,persona_natural,0
N-21466,persona_natural,0
UT-20661,union_temporal,0
N-02164,persona_natural,0
P-08002,persona_juridica,0
P-37884,persona_juridica,0
P-42810,persona_juridica,0
P-18841,persona_juridica,0
P-36243,persona_juridica,0
P-28857,persona_juridica,1
P-05673,persona_juridica,0
N-00183,persona_natural,0
P-13932,persona_juridica,0
P-45094,persona_juridica,0
N-10265,persona_natural,0
P-34342,persona_juridica,0
P-30550,persona_juridica,0
P-03800,persona_juridica,0
UT-9621,union_temporal,0
N-29173,persona_natural,0
UT-46589,union_temporal,0
N-17762,persona_natural,0
UT-1155,union_temporal,0
N-21435,persona_natural,0
P-03866,persona_juridica,0
P-47259,persona_juridica,0
UT-38039,union_temporal,0
P-32837,persona_juridica,0
P-33185,persona_juridica,1
P-24383,persona_juridica,0
P-05900,persona_juridica,0
UT-14415,union_temporal,0
N-34694,persona_natural,0
N-13485,persona_natural,0
N-21722,persona_natural,0
P-00682,persona_juridica,0
P-34649,persona_juridica,0
P-19604,persona_juridica,0
N-02396,persona_natural,0
P-47298,persona_juridica,0
N-10693,persona_natural,0
N-36964,persona_natural,0
P-28321,persona_juridica,0
P-46073,persona_juridica,0
UT-29897,union_temporal,0
N-33064,persona_natural,1
P-31740,persona_juridica,0
P-03732,persona_juridica,0
P-18322,persona_juridica,0
P-18855,persona_juridica,0
N-30565,persona_natural,0
N-02645,persona_natural,0
N-28906,persona_natural,0
N-18695,persona_natural,0
P-29111,persona_juridica,0
UT-32194,union_temporal,0
P-25999,persona_juridica,0
UT-44415,union_temporal,0
P-30234,persona_juridica,0
P-12728,persona_juridica,1
P-26348,persona_juridica,0
N-27404,persona_natural,0
UT-22040,union_temporal,0
P-49451,persona_juridica,0
P-03889,persona_juridica,0
P-09055,persona_juridica,0
N-37111,persona_natural,1
P-27695,persona_juridica,0
N-28421,persona_natural,0
N-36392,persona_natural,0
P-14573,persona_juridica,1
P-19895,persona_juridica,1
N-21209,persona_natural,0
P-42515,persona_juridica,1
P-45950,persona_juridica,0
P-49743,persona_juridica,0
N-16203,persona_natural,0
N-21724,persona_natural,0
N-29304,persona_natural,0
P-13768,persona_juridica,0
P-07679,persona_juridica,0
N-16447,persona_natural,1
P-44356,persona_juridica,0
N-18909,persona_natural,0
N-19369,persona_natural,1
N-24364,persona_natural,0
P-36882,persona_juridica,0
N-09958,persona_natural,0
P-42022,persona_juridica,0
N-18080,persona_natural,0
N-31517,persona_natural,0
N-09567,persona_natural,0
N-26535,persona_natural,0
P-43555,persona_juridica,0
N-32158,persona_natural,1
P-28642,persona_juridica,0
P-05572,persona_juridica,0
P-14628,persona_juridica,0
N-03880,persona_natural,0
UT-16990,union_temporal,0
UT-38310,union_temporal,0
P-22177,persona_juridica,0
N-29254,persona_natural,0
N-29764,persona_natural,0
P-38495,persona_juridica,0
N-11664,persona_natural,0
P-27310,persona_juridica,1
P-14950,persona_juridica,0
N-18701,persona_natural,0
N-19142,persona_natural,0
N-14128,persona_natural,0
P-24467,persona_juridica,0
N-09811,persona_natural,0
P-35317,persona_juridica,0
N-06113,persona_natural,1
N-31463,persona_natural,0
N-12289,persona_natural,0
N-00751,persona_natural,0
N-31115,persona_natural,0
N-33498,persona_natural,0
P-17032,persona_juridica,0
P-21104,persona_juridica,0
P-49301,persona_juridica,0
P-15557,persona_juridica,0
P-03830,persona_juridica,1
P-05454,persona_juridica,0
N-03598,persona_natural,0
P-39510,persona_juridica,0
P-18983,persona_juridica,0
N-25448,persona_natural,0
UT-43196,union_temporal,0
P-38622,persona_juridica,0
N-35702,persona_natural,1
N-08312,persona_natural,0
N-37318,persona_natural,0
UT-12990,union_temporal,0
N-00740,persona_natural,0
N-25062,persona_natural,0
N-22713,persona_natural,0
N-01397,persona_natural,0
P-39894,persona_juridica,0
N-22631,persona_natural,0
P-33519,persona_juridica,0
P-31155,persona_juridica,0
N-05855,persona_natural,0
P-40824,persona_juridica,0
N-12671,persona_natural,0
P-12819,persona_juridica,0
UT-10868,union_temporal,0
P-35340,persona_juridica,0
P-35454,persona_juridica,0
UT-41637,union_temporal,0
P-18009,persona_juridica,0
P-39841,persona_juridica,0
UT-6695,union_temporal,0
N-22966,persona_natural,0
P-43487,persona_juridica,1
P-24336,persona_juridica,0
P-21083,persona_juridica,0
UT-6411,union_temporal,0
N-13311,persona_natural,1
UT-9581,union_temporal,0
N-12323,persona_natural,0
N-25571,persona_natural,0
P-48487,persona_juridica,0
P-41090,persona_juridica,0
N-20041,persona_natural,0
N-02155,persona_natural,0
N-25541,persona_natural,0
P-24520,persona_juridica,0
P-42563,persona_juridica,0
N-02808,persona_natural,0
N-12606,persona_natural,0
UT-27312,union_temporal,0
UT-31411,union_temporal,0
P-49425,persona_juridica,0
UT-36140,union_temporal,0
P-11425,persona_juridica,0
P-26273,persona_juridica,0
N-36191,persona_natural,0
P-10933,persona_juridica,0
P-02967,persona_juridica,0
P-34896,persona_juridica,0
N-19710,persona_natural,0
P-32351,persona_juridica,1
P-40869,persona_juridica,0
N-28950,persona_natural,0
UT-25472,union_temporal,0
P-21062,persona_juridica,0
P-42160,persona_juridica,0
N-10564,persona_natural,0
P-02180,persona_juridica,0
N-19001,persona_natural,0
P-49015,persona_juridica,1
P-04541,persona_juridica,0
N-30740,persona_natural,0
P-36985,persona_juridica,0
P-35829,persona_juridica,0
N-10950,persona_natural,0
P-12671,persona_juridica,0
P-35796,persona_juridica,1
N-05108,persona_natural,0
P-37295,persona_juridica,1
P-34600,persona_juridica,0
N-29725,persona_natural,1
P-02048,persona_juridica,0
N-05464,persona_natural,1
P-08012,persona_juridica,0
P-04781,persona_juridica,0
N-24672,persona_natural,0
P-03902,persona_juridica,0
N-15454,persona_natural,0
N-30933,persona_natural,0
N-16121,persona_natural,0
N-21950,persona_natural,0
N-24989,persona_natural,0
P-19286,persona_juridica,0
P-08048,persona_juridica,0
P-46438,persona_juridica,0
P-08584,persona_juridica,0
N-33042,persona_natural,1
P-15749,persona_juridica,0
P-14353,persona_juridica,0
N-15327,persona_natural,0
N-25465,persona_natural,0
N-27722,persona_natural,0
N-02700,persona_natural,0
N-28943,persona_natural,0
P-35170,persona_juridica,0
P-38018,persona_juridica,0
UT-21838,union_temporal,0
N-30501,persona_natural,0
P-09252,persona_juridica,0
N-31675,persona_natural,0
N-10738,persona_natural,0
P-38017,persona_juridica,0
N-05980,persona_natural,0
N-07539,persona_natural,0
P-05049,persona_juridica,0
P-11685,persona_juridica,0
P-12386,persona_juridica,0
N-08899,persona_natural,0
UT-14247,union_temporal,0
N-10786,persona_natural,0
P-22720,persona_juridica,0
N-11052,persona_natural,0
P-06878,persona_juridica,1
N-17361,persona_natural,0
N-11565,persona_natural,0
P-26574,persona_juridica,1
P-48747,persona_juridica,0
N-00507,persona_natural,0
P-40298,persona_juridica,0
P-50735,persona_juridica,0
P-15203,persona_juridica,0
N-15126,persona_natural,0
N-14709,persona_natural,0
P-05292,persona_juridica,0
P-02405,persona_juridica,0
N-05195,persona_natural,0
UT-45609,union_temporal,0
P-09101,persona_juridica,0
P-16807,persona_juridica,0
N-33150,persona_natural,0
P-05235,persona_juridica,1
P-48964,persona_juridica,1
UT-45682,union_temporal,0
N-20259,persona_natural,0
P-00185,persona_juridica,0
N-28104,persona_natural,0
UT-20793,union_temporal,0
P-17877,persona_juridica,0
N-22829,persona_natural,0
N-02558,persona_natural,1
N-33568,persona_natural,0
P-08190,persona_juridica,0
N-13275,persona_natural,0
P-17234,persona_juridica,0
UT-28939,union_temporal,0
P-19748,persona_juridica,0
N-33631,persona_natural,0
P-50900,persona_juridica,1
N-06806,persona_natural,0
P-10238,persona_juridica,0
N-34461,persona_natural,0
P-02530,persona_juridica,0
N-08739,persona_natural,0
P-25759,persona_juridica,0
N-35305,persona_natural,0
N-05138,persona_natural,0
N-36682,persona_natural,0
P-36041,persona_juridica,0
N-10428,persona_natural,0
P-27722,persona_juridica,0
P-12129,persona_juridica,0
P-44635,persona_juridica,0
N-03330,persona_natural,0
N-14889,persona_natural,0
P-49511,persona_juridica,0
N-21141,persona_natural,0
N-27769,persona_natural,0
P-11236,persona_juridica,0
UT-29908,union_temporal,0
P-51291,persona_juridica,0
P-32488,persona_juridica,0
N-37850,persona_natural,0
P-18582,persona_juridica,1
UT-34058,union_temporal,0
N-02727,persona_natural,0
P-07468,persona_juridica,0
N-05277,persona_natural,0
P-11753,persona_juridica,0
P-33965,persona_juridica,0
P-12278,persona_juridica,1
P-46848,persona_juridica,0
P-05283,persona_juridica,0
P-05582,persona_juridica,0
UT-34040,union_temporal,0
P-34690,persona_juridica,0
P-00816,persona_juridica,0
P-46385,persona_juridica,0
UT-24735,union_temporal,0
UT-7059,union_temporal,0
P-30951,persona_juridica,0
N-26815,persona_natural,0
N-30715,persona_natural,0
N-17293,persona_natural,0
P-23210,persona_juridica,0
N-25813,persona_natural,0
N-13323,persona_natural,0
UT-34530,union_temporal,0
N-30260,persona_natural,0
N-32560,persona_natural,0
P-42454,persona_juridica,0
P-24087,persona_juridica,1
P-50892,persona_juridica,0
UT-37438,union_temporal,0
P-25203,persona_juridica,0
P-19292,persona_juridica,1
N-24691,persona_natural,0
P-43463,persona_juridica,0
P-12552,persona_juridica,0
P-23608,persona_juridica,0
P-29925,persona_juridica,0
N-35175,persona_natural,0
N-36927,persona_natural,0
P-13931,persona_juridica,0
N-30989,persona_natural,0
UT-6219,union_temporal,0
P-05803,persona_juridica,0
N-29952,persona_natural,0
P-51430,persona_juridica,0
P-03370,persona_juridica,1
P-49387,persona_juridica,0
N-33351,persona_natural,0
N-01494,persona_natural,0
P-05995,persona_juridica,0
P-16431,persona_juridica,0
P-39026,persona_juridica,0
P-33059,persona_juridica,0
P-08245,persona_juridica,0
P-19291,persona_juridica,0
P-17147,persona_juridica,0
P-06820,persona_juridica,0
P-50600,persona_juridica,0
N-04342,persona_natural,0
UT-0592,union_temporal,0
P-40255,persona_juridica,0
P-39168,persona_juridica,0
N-23452,persona_natural,0
N-07179,persona_natural,0
N-01400,persona_natural,0
P-13904,persona_juridica,0
N-09126,persona_natural,0
N-09716,persona_natural,0
N-16048,persona_natural,0
N-19009,persona_natural,0
P-38687,persona_juridica,0
P-47707,persona_juridica,0
N-11846,persona_natural,0
P-31217,persona_juridica,0
UT-26002,union_temporal,0
N-20738,persona_natural,0
P-16292,persona_juridica,0
P-39690,persona_juridica,0
P-24210,persona_juridica,0
P-43480,persona_juridica,1
P-22488,persona_juridica,1
N-36328,persona_natural,1
P-16344,persona_juridica,0
N-24375,persona_natural,0
P-17828,persona_juridica,0
P-08160,persona_juridica,0
N-36968,persona_natural,0
N-22788,persona_natural,0
P-46341,persona_juridica,0
P-33941,persona_juridica,0
P-11647,persona_juridica,1
N-17430,persona_natural,0
P-22277,persona_juridica,0
P-10270,persona_juridica,0
N-18762,persona_natural,0
N-12773,persona_natural,0
P-43119,persona_juridica,0
N-36658,persona_natural,0
N-28340,persona_natural,0
N-16775,persona_natural,0
N-16063,persona_natural,1
N-17603,persona_natural,0
P-49745,persona_juridica,0
N-16662,persona_natural,0
N-01708,persona_natural,0
N-22122,persona_natural,0
P-04691,persona_juridica,0
N-10004,persona_natural,1
P-48378,persona_juridica,1
UT-26183,union_temporal,0
N-22715,persona_natural,0
N-06142,persona_natural,0
N-20053,persona_natural,1
P-44772,persona_juridica,0
P-22271,persona_juridica,0
UT-3632,union_temporal,0
UT-8998,union_temporal,0
P-07735,persona_juridica,0
N-06886,persona_natural,0
N-35002,persona_natural,0
P-19805,persona_juridica,0
N-24448,persona_natural,0
N-09346,persona_natural,0
N-07544,persona_natural,0
N-36722,persona_natural,0
P-41125,persona_juridica,0
P-10104,persona_juridica,0
P-05459,persona_juridica,0
N-14281,persona_natural,0
N-25051,persona_natural,0
P-49364,persona_juridica,1
N-33757,persona_natural,0
P-42079,persona_juridica,0
P-18002,persona_juridica,0
N-06149,persona_natural,0
P-05179,persona_juridica,0
P-48321,persona_juridica,1
N-00967,persona_natural,0
P-21639,persona_juridica,0
P-42691,persona_juridica,0
P-20217,persona_juridica,0
N-12625,persona_natural,0
P-27600,persona_juridica,0
N-23988,persona_natural,0
P-26429,persona_juridica,0
N-08130,persona_natural,0
UT-28786,union_temporal,0
P-18872,persona_juridica,0
UT-19321,union_temporal,0
N-24609,persona_natural,0
P-00861,persona_juridica,0
P-02970,persona_juridica,0
N-34468,persona_natural,0
UT-31181,union_temporal,0
P-42630,persona_juridica,1
N-14851,persona_natural,0
P-33788,persona_juridica,0
P-25172,persona_juridica,0
UT-31159,union_temporal,0
P-38403,persona_juridica,0
N-12540,persona_natural,1
N-27373,persona_natural,1
N-22205,persona_natural,0
N-37779,persona_natural,1
N-24964,persona_natural,1
P-07904,persona_juridica,0
P-47601,persona_juridica,0
UT-14155,union_temporal,0
P-00598,persona_juridica,0
N-34103,persona_natural,0
N-34665,persona_natural,0
P-49481,persona_juridica,0
N-11800,persona_natural,0
N-04463,persona_natural,0
P-23829,persona_juridica,0
N-22686,persona_natural,0
N-33015,persona_natural,0
N-36056,persona_natural,0
N-21720,persona_natural,0
P-05703,persona_juridica,0
N-06072,persona_natural,0
P-50669,persona_juridica,0
P-46957,persona_juridica,0
N-06491,persona_natural,0
N-02472,persona_natural,0
N-31397,persona_natural,1
P-04644,persona_juridica,0
N-26666,persona_natural,0
P-03978,persona_juridica,0
N-32646,persona_natural,0
N-33176,persona_natural,0
P-25120,persona_juridica,0
P-14559,persona_juridica,0
P-26347,persona_juridica,0
N-20019,persona_natural,0
N-36477,persona_natural,0
P-05924,persona_juridica,0
N-26026,persona_natural,0
N-23138,persona_natural,0
N-29198,persona_natural,1
P-21434,persona_juridica,0
N-08556,persona_natural,0
P-27394,persona_juridica,1
N-03807,persona_natural,0
P-44063,persona_juridica,0
P-01278,persona_juridica,0
P-50750,persona_juridica,0
P-03386,persona_juridica,0
P-26304,persona_juridica,0
P-45567,persona_juridica,0
P-24665,persona_juridica,0
N-20197,persona_natural,0
N-24739,persona_natural,0
N-07799,persona_natural,0
N-19259,persona_natural,0
P-46119,persona_juridica,1
P-33816,persona_juridica,0
P-42179,persona_juridica,0
N-29618,persona_natural,1
P-28340,persona_juridica,0
P-46154,persona_juridica,0
UT-44834,union_temporal,0
P-17387,persona_juridica,0
UT-0999,union_temporal,0
N-03221,persona_natural,0
P-22702,persona_juridica,0
N-32721,persona_natural,0
P-48037,persona_juridica,0
N-37532,persona_natural,0
P-14648,persona_juridica,0
P-29461,persona_juridica,0
N-27637,persona_natural,0
P-02536,persona_juridica,0
P-48978,persona_juridica,0
P-01928,persona_juridica,0
N-26217,persona_natural,0
P-02650,persona_juridica,0
P-24429,persona_juridica,0
P-14302,persona_juridica,0
N-10733,persona_natural,0
P-31158,persona_juridica,0
N-09442,persona_natural,0
N-10448,persona_natural,0
N-22052,persona_natural,1
P-25702,persona_juridica,0
N-20416,persona_natural,0
N-28737,persona_natural,0
P-40028,persona_juridica,0
P-40892,persona_juridica,0
N-31657,persona_natural,0
UT-43131,union_temporal,0
UT-41580,union_temporal,0
P-16799,persona_juridica,0
P-13504,persona_juridica,0
UT-44622,union_temporal,0
P-28761,persona_juridica,0
UT-14119,union_temporal,0
N-24040,persona_natural,0
N-09396,persona_natural,0
P-34536,persona_juridica,0
P-11486,persona_juridica,0
P-11008,persona_juridica,0
P-30856,persona_juridica,0
P-21011,persona_juridica,0
P-44456,persona_juridica,0
N-09867,persona_natural,0
N-03348,persona_natural,0
N-16734,persona_natural,0
P-42547,persona_juridica,0
N-30425,persona_natural,0
N-11776,persona_natural,0
P-42756,persona_juridica,1
P-09146,persona_juridica,0
P-14671,persona_juridica,0
UT-23902,union_temporal,0
P-29631,persona_juridica,0
P-24991,persona_juridica,0
UT-18743,union_temporal,0
N-33419,persona_natural,0
P-16468,persona_juridica,0
P-25652,persona_juridica,0
N-08865,persona_natural,0
N-24331,persona_natural,0
P-06716,persona_juridica,0
N-29851,persona_natural,1
P-28333,persona_juridica,0
UT-18079,union_temporal,0
UT-37468,union_temporal,0
N-21658,persona_natural,0
N-05281,persona_natural,0
P-10327,persona_juridica,0
N-09025,persona_natural,0
N-09348,persona_natural,0
N-06800,persona_natural,0
P-25001,persona_juridica,0
P-35399,persona_juridica,0
N-31693,persona_natural,0
P-46356,persona_juridica,0
P-44879,persona_juridica,0
N-15492,persona_natural,0
P-49905,persona_juridica,0
N-19432,persona_natural,0
P-41206,persona_juridica,0
P-05497,persona_juridica,0
P-49040,persona_juridica,0
P-43682,persona_juridica,0
P-40688,persona_juridica,0
N-34174,persona_natural,0
P-03519,persona_juridica,0
UT-46012,union_temporal,0
P-45734,persona_juridica,0
N-32093,persona_natural,1
UT-28401,union_temporal,0
P-51000,persona_juridica,0
N-37913,persona_natural,0
N-34446,persona_natural,0
N-21343,persona_natural,0
UT-5997,union_temporal,0
UT-37321,union_temporal,0
P-19167,persona_juridica,0
P-15238,persona_juridica,0
P-36551,persona_juridica,0
N-12929,persona_natural,1
P-43398,persona_juridica,0
N-06109,persona_natural,0
N-20842,persona_natural,0
N-01821,persona_natural,0
N-21137,persona_natural,0
N-29027,persona_natural,1
N-10571,persona_natural,0
P-19440,persona_juridica,0
P-39782,persona_juridica,0
P-42918,persona_juridica,0
P-28641,persona_juridica,0
N-30783,persona_natural,0
P-39994,persona_juridica,0
P-33790,persona_juridica,0
N-34222,persona_natural,0
N-07743,persona_natural,0
P-29563,persona_juridica,0
P-19236,persona_juridica,0
P-02715,persona_juridica,1
P-22540,persona_juridica,0
N-09570,persona_natural,1
N-20896,persona_natural,0
N-23024,persona_natural,1
N-16607,persona_natural,0
UT-14126,union_temporal,0
N-02520,persona_natural,1
P-20279,persona_juridica,0
N-01633,persona_natural,0
N-11355,persona_natural,0
P-15765,persona_juridica,0
P-28424,persona_juridica,1
N-11826,persona_natural,0
N-21225,persona_natural,0
P-00837,persona_juridica,0
P-27025,persona_juridica,0
N-34836,persona_natural,0
P-34182,persona_juridica,0
P-30560,persona_juridica,1
P-15552,persona_juridica,0
P-13873,persona_juridica,0
P-48462,persona_juridica,1
P-39258,persona_juridica,0
N-20031,persona_natural,0
N-05870,persona_natural,0
P-50953,persona_juridica,0
N-37205,persona_natural,0
P-24872,persona_juridica,0
UT-31406,union_temporal,0
UT-27176,union_temporal,0
UT-39222,union_temporal,0
P-30102,persona_juridica,0
P-27229,persona_juridica,0
N-30976,persona_natural,1
N-18607,persona_natural,0
N-22455,persona_natural,0
N-06602,persona_natural,0
N-10446,persona_natural,0
N-33411,persona_natural,0
P-36139,persona_juridica,0
P-17350,persona_juridica,0
P-21744,persona_juridica,0
N-08095,persona_natural,1
P-44355,persona_juridica,0
P-08721,persona_juridica,0
UT-1381,union_temporal,0
UT-17376,union_temporal,0
P-32928,persona_juridica,1
N-05167,persona_natural,0
N-18367,persona_natural,0
N-03804,persona_natural,0
N-34205,persona_natural,0
UT-23641,union_temporal,0
UT-40557,union_temporal,0
N-25800,persona_natural,0
P-25764,persona_juridica,0
P-27129,persona_juridica,0
N-09284,persona_natural,0
UT-10458,union_temporal,0
P-42370,persona_juridica,0
N-37545,persona_natural,0
P-10283,persona_juridica,0
N-27302,persona_natural,0
P-07228,persona_juridica,0
N-36976,persona_natural,0
P-37498,persona_juridica,0
UT-32274,union_temporal,0
P-24478,persona_juridica,0
P-00227,persona_juridica,0
P-29202,persona_juridica,0
P-04286,persona_juridica,0
P-25805,persona_juridica,0
UT-37805,union_temporal,0
UT-33004,union_temporal,0
N-22648,persona_natural,0
UT-16603,union_temporal,0
P-32281,persona_juridica,0
UT-41366,union_temporal,0
P-01246,persona_juridica,0
P-11888,persona_juridica,0
P-33393,persona_juridica,0
P-40153,persona_juridica,0
N-09111,persona_natural,0
P-14295,persona_juridica,0
N-00049,persona_natural,0
P-23049,persona_juridica,0
P-48604,persona_juridica,0
UT-34037,union_temporal,0
P-35550,persona_juridica,0
N-22729,persona_natural,0
N-11140,persona_natural,0
UT-43549,union_temporal,0
N-27839,persona_natural,0
N-10622,persona_natural,0
N-11796,persona_natural,1
N-23317,persona_natural,0
P-09292,persona_juridica,0
N-11987,persona_natural,0
UT-27282,union_temporal,0
P-38902,persona_juridica,1
N-02273,persona_natural,0
P-07327,persona_juridica,0
N-17410,persona_natural,0
N-05524,persona_natural,0
N-16603,persona_natural,0
P-02441,persona_juridica,0
N-16328,persona_natural,1
N-06589,persona_natural,0
N-21469,persona_natural,0
N-16703,persona_natural,0
P-23963,persona_juridica,0
P-07224,persona_juridica,0
P-25958,persona_juridica,0
P-47906,persona_juridica,0
P-06424,persona_juridica,0
UT-37354,union_temporal,0
N-15878,persona_natural,1
N-31910,persona_natural,0
UT-6877,union_temporal,0
P-10263,persona_juridica,0
P-17038,persona_juridica,0
P-01658,persona_juridica,0
UT-2175,union_temporal,0
UT-44767,union_temporal,0
P-26193,persona_juridica,0
P-19806,persona_juridica,0
N-17297,persona_natural,0
P-48797,persona_juridica,0
N-05966,persona_natural,0
P-22608,persona_juridica,0
P-00941,persona_juridica,0
P-40550,persona_juridica,0
N-31774,persona_natural,0
P-08949,persona_juridica,0
N-26121,persona_natural,0
UT-1469,union_temporal,0
UT-24506,union_temporal,0
N-22589,persona_natural,0
P-28848,persona_juridica,0
N-18614,persona_natural,0
N-26432,persona_natural,0
P-04951,persona_juridica,0
P-05757,persona_juridica,0
P-25311,persona_juridica,0
N-06952,persona_natural,0
P-51367,persona_juridica,1
P-50920,persona_juridica,0
N-32799,persona_natural,0
P-35894,persona_juridica,0
P-19094,persona_juridica,0
N-09338,persona_natural,0
P-26299,persona_juridica,0
P-44662,persona_juridica,0
P-35044,persona_juridica,0
N-06147,persona_natural,0
N-32863,persona_natural,0
P-31619,persona_juridica,1
N-28346,persona_natural,0
N-27921,persona_natural,0
P-38751,persona_juridica,1
N-29928,persona_natural,1
P-19465,persona_juridica,0
P-14455,persona_juridica,0
N-19547,persona_natural,0
N-30911,persona_natural,0
UT-18019,union_temporal,0
UT-9260,union_temporal,0
N-29172,persona_natural,0
P-31626,persona_juridica,0
N-00285,persona_natural,0
N-14296,persona_natural,0
N-18989,persona_natural,0
P-46435,persona_juridica,1
P-07031,persona_juridica,0
N-23021,persona_natural,0
N-03831,persona_natural,0
P-05113,persona_juridica,0
P-46938,persona_juridica,0
N-05214,persona_natural,0
N-06917,persona_natural,0
P-10843,persona_juridica,0
N-30649,persona_natural,0
P-32571,persona_juridica,0
P-16564,persona_juridica,0
P-42311,persona_juridica,0
P-45876,persona_juridica,1
N-02039,persona_natural,0
P-46779,persona_juridica,0
N-26115,persona_natural,0
P-05585,persona_juridica,0
N-36364,persona_natural,0
P-37200,persona_juridica,0
P-31561,persona_juridica,0
N-01773,persona_natural,0
P-34812,persona_juridica,0
P-50537,persona_juridica,0
UT-1013,union_temporal,0
P-34623,persona_juridica,0
N-29879,persona_natural,1
P-25971,persona_juridica,0
P-19670,persona_juridica,0
N-00311,persona_natural,0
N-37294,persona_natural,0
P-35606,persona_juridica,0
N-33978,persona_natural,0
N-36946,persona_natural,0
N-11483,persona_natural,0
P-02716,persona_juridica,0
N-35882,persona_natural,1
P-30348,persona_juridica,0
N-36429,persona_natural,0
P-50561,persona_juridica,0
P-41266,persona_juridica,0
P-16836,persona_juridica,0
P-15197,persona_juridica,0
P-01858,persona_juridica,0
N-20477,persona_natural,0
N-32609,persona_natural,0
N-36021,persona_natural,0
N-05584,persona_natural,1
UT-16536,union_temporal,0
N-07543,persona_natural,0
N-16638,persona_natural,0
N-28246,persona_natural,0
P-49519,persona_juridica,0
UT-15180,union_temporal,0
P-08193,persona_juridica,0
P-16273,persona_juridica,0
P-13249,persona_juridica,0
P-50802,persona_juridica,0
N-25992,persona_natural,0
P-41028,persona_juridica,0
N-09328,persona_natural,0
P-46898,persona_juridica,0
UT-10555,union_temporal,0
N-13664,persona_natural,0
N-00786,persona_natural,0
P-38033,persona_juridica,1
P-00431,persona_juridica,0
UT-11593,union_temporal,0
P-50586,persona_juridica,0
N-27037,persona_natural,0
P-02128,persona_juridica,0
P-22936,persona_juridica,1
P-36720,persona_juridica,0
P-24385,persona_juridica,0
P-27946,persona_juridica,0
UT-17587,union_temporal,0
P-08564,persona_juridica,0
P-44368,persona_juridica,0
P-00838,persona_juridica,0
P-23647,persona_juridica,0
P-44700,persona_juridica,0
N-16997,persona_natural,0
P-40329,persona_juridica,0
N-10244,persona_natural,0
P-16275,persona_juridica,0
N-24271,persona_natural,0
P-44657,persona_juridica,0
N-37035,persona_natural,0
P-18819,persona_juridica,0
P-37102,persona_juridica,0
N-26510,persona_natural,0
N-14041,persona_natural,0
P-27199,persona_juridica,1
N-19143,persona_natural,0
P-43324,persona_juridica,0
N-00860,persona_natural,0
P-27435,persona_juridica,0
N-20516,persona_natural,0
UT-0517,union_temporal,0
P-11260,persona_juridica,0
UT-32265,union_temporal,0
N-02882,persona_natural,0
N-01338,persona_natural,0
N-37051,persona_natural,0
P-48522,persona_juridica,0
P-46451,persona_juridica,0
P-18833,persona_juridica,0
P-24048,persona_juridica,0
N-02579,persona_natural,0
P-33088,persona_juridica,0
P-36509,persona_juridica,1
P-11155,persona_juridica,1
UT-41712,union_temporal,0
UT-44918,union_temporal,0
N-00519,persona_natural,0
P-47345,persona_juridica,0
P-36587,persona_juridica,0
N-25152,persona_natural,0
N-07102,persona_natural,0
P-29994,persona_juridica,0
UT-31121,union_temporal,0
N-26480,persona_natural,0
P-02889,persona_juridica,0
P-29781,persona_juridica,0
P-21741,persona_juridica,0
N-26050,persona_natural,0
N-33794,persona_natural,0
N-25963,persona_natural,0
P-07548,persona_juridica,0
UT-10671,union_temporal,0
P-02423,persona_juridica,0
N-02477,persona_natural,0
P-38497,persona_juridica,0
N-32427,persona_natural,0
N-05692,persona_natural,0
N-34569,persona_natural,0
N-22337,persona_natural,1
N-25526,persona_natural,0
N-20326,persona_natural,1
P-48548,persona_juridica,0
N-28154,persona_natural,0
P-38021,persona_juridica,0
N-22862,persona_natural,0
N-36724,persona_natural,0
N-27094,persona_natural,0
P-41381,persona_juridica,0
P-09116,persona_juridica,0
P-05132,persona_juridica,0
N-00034,persona_natural,0
N-17588,persona_natural,0
UT-12555,union_temporal,0
P-05243,persona_juridica,0
P-10893,persona_juridica,0
N-08280,persona_natural,0
N-30211,persona_natural,0
P-47726,persona_juridica,0
P-47464,persona_juridica,0
N-16492,persona_natural,0
P-33962,persona_juridica,0
UT-30690,union_temporal,0
P-38193,persona_juridica,0
P-36578,persona_juridica,0
P-25274,persona_juridica,0
P-45450,persona_juridica,0
UT-26479,union_temporal,0
N-16553,persona_natural,0
P-49041,persona_juridica,0
N-06647,persona_natural,0
P-36247,persona_juridica,0
P-05102,persona_juridica,0
N-16839,persona_natural,0
N-19919,persona_natural,0
P-00867,persona_juridica,0
P-04924,persona_juridica,0
N-21485,persona_natural,0
N-00936,persona_natural,0
N-04896,persona_natural,0
N-09787,persona_natural,1
N-07706,persona_natural,0
N-27112,persona_natural,0
P-07847,persona_juridica,0
P-00959,persona_juridica,0
P-17309,persona_juridica,1
N-14471,persona_natural,1
N-13246,persona_natural,0
P-34951,persona_juridica,0
N-24086,persona_natural,0
N-11701,persona_natural,0
N-03861,persona_natural,1
N-33167,persona_natural,0
P-28851,persona_juridica,0
P-25784,persona_juridica,1
P-38471,persona_juridica,0
N-16232,persona_natural,1
UT-20767,union_temporal,0
P-02134,persona_juridica,0
P-28402,persona_juridica,0
N-19065,persona_natural,0
N-29342,persona_natural,0
P-41376,persona_juridica,0
P-46550,persona_juridica,0
P-41214,persona_juridica,0
P-29971,persona_juridica,0
N-29823,persona_natural,0
P-26690,persona_juridica,0
N-23829,persona_natural,0
N-05999,persona_natural,0
P-28930,persona_juridica,1
P-51049,persona_juridica,0
P-15182,persona_juridica,0
N-14741,persona_natural,0
P-20002,persona_juridica,1
P-07717,persona_juridica,0
N-25342,persona_natural,0
N-20288,persona_natural,0
UT-1824,union_temporal,0
N-14910,persona_natural,0
N-05505,persona_natural,0
N-11352,persona_natural,0
N-05876,persona_natural,0
P-20999,persona_juridica,0
P-03961,persona_juridica,0
P-43019,persona_juridica,0
P-35331,persona_juridica,0
UT-19486,union_temporal,0
N-32230,persona_natural,0
N-15286,persona_natural,0
N-34170,persona_natural,0
N-28224,persona_natural,0
P-43679,persona_juridica,0
P-22366,persona_juridica,0
P-44861,persona_juridica,0
P-19803,persona_juridica,0
P-24447,persona_juridica,0
P-24768,persona_juridica,0
N-11403,persona_natural,0
P-32014,persona_juridica,0
N-07571,persona_natural,0
N-36174,persona_natural,0
N-18503,persona_natural,0
P-32762,persona_juridica,0
N-08571,persona_natural,1
P-35977,persona_juridica,0
P-41315,persona_juridica,0
UT-7684,union_temporal,0
P-02935,persona_juridica,0
N-36099,persona_natural,1
P-39721,persona_juridica,0
UT-28406,union_temporal,0
N-15245,persona_natural,0
P-34785,persona_juridica,0
P-37320,persona_juridica,0
N-19559,persona_natural,1
N-13779,persona_natural,0
UT-28737,union_temporal,0
N-35319,persona_natural,0
P-29635,persona_juridica,0
N-37769,persona_natural,1
UT-45539,union_temporal,0
P-48980,persona_juridica,0
P-07727,persona_juridica,0
P-20897,persona_juridica,0
N-15534,persona_natural,0
P-17228,persona_juridica,1
N-36468,persona_natural,0
P-33169,persona_juridica,0
P-44496,persona_juridica,0
P-40205,persona_juridica,0
N-10064,persona_natural,0
P-20272,persona_juridica,0
P-01908,persona_juridica,1
P-23520,persona_juridica,0
N-37650,persona_natural,0
P-02418,persona_juridica,0
N-18805,persona_natural,0
N-35785,persona_natural,0
P-05820,persona_juridica,0
UT-5996,union_temporal,0
P-28716,persona_juridica,1
UT-7140,union_temporal,0
P-48175,persona_juridica,0
P-41742,persona_juridica,0
N-11628,persona_natural,0
N-09815,persona_natural,0
N-26750,persona_natural,0
P-45619,persona_juridica,0
P-26640,persona_juridica,0
N-09113,persona_natural,0
N-18349,persona_natural,0
P-18899,persona_juridica,0
N-02599,persona_natural,0
UT-34589,union_temporal,0
P-38670,persona_juridica,0
N-16674,persona_natural,0
P-13264,persona_juridica,0
N-00073,persona_natural,0
N-05120,persona_natural,0
P-33474,persona_juridica,0
N-04769,persona_natural,0
UT-25036,union_temporal,0
N-34279,persona_natural,0
N-24682,persona_natural,0
P-51409,persona_juridica,0
N-04534,persona_natural,0
N-18493,persona_natural,0
N-11913,persona_natural,0
P-12911,persona_juridica,1
P-32241,persona_juridica,1
P-46237,persona_juridica,0
UT-37270,union_temporal,0
N-09977,persona_natural,0
N-27573,persona_natural,1
P-01026,persona_juridica,0
P-35951,persona_juridica,0
P-30963,persona_juridica,0
N-28476,persona_natural,0
N-04747,persona_natural,0
N-04972,persona_natural,0
P-46916,persona_juridica,0
N-22695,persona_natural,0
N-19813,persona_natural,0
P-24770,persona_juridica,0
N-37514,persona_natural,0
P-39187,persona_juridica,0
N-33065,persona_natural,0
N-06236,persona_natural,1
N-03540,persona_natural,1
N-03168,persona_natural,0
UT-20569,union_temporal,0
N-28725,persona_natural,0
N-20950,persona_natural,0
P-27754,persona_juridica,0
P-41981,persona_juridica,0
UT-35473,union_temporal,0
P-28846,persona_juridica,0
P-10532,persona_juridica,1
N-03979,persona_natural,0
P-10169,persona_juridica,0
P-12648,persona_juridica,0
P-43565,persona_juridica,0
P-37885,persona_juridica,0
N-22544,persona_natural,0
N-06843,persona_natural,0
N-17402,persona_natural,0
P-44250,persona_juridica,0
N-37052,persona_natural,0
N-28321,persona_natural,0
P-20191,persona_juridica,0
N-01371,persona_natural,1
P-50954,persona_juridica,1
P-18713,persona_juridica,0
N-28000,persona_natural,0
N-31997,persona_natural,0
N-18648,persona_natural,0
N-05420,persona_natural,1
N-36154,persona_natural,0
P-14880,persona_juridica,0
P-35979,persona_juridica,1
P-36695,persona_juridica,0
P-19941,persona_juridica,0
P-04658,persona_juridica,0
P-35243,persona_juridica,0
N-02970,persona_natural,1
P-34378,persona_juridica,0
N-16441,persona_natural,0
P-30347,persona_juridica,0
P-10426,persona_juridica,0
N-11265,persona_natural,0
P-42898,persona_juridica,0
N-28932,persona_natural,0
P-45448,persona_juridica,1
P-37584,persona_juridica,0
N-32653,persona_natural,0
P-38277,persona_juridica,0
P-04895,persona_juridica,0
N-14882,persona_natural,0
P-24990,persona_juridica,1
P-51500,persona_juridica,0
UT-10082,union_temporal,0
P-50901,persona_juridica,0
P-08099,persona_juridica,0
N-21921,persona_natural,1
P-39743,persona_juridica,0
P-09770,persona_juridica,0
P-28739,persona_juridica,0
P-20138,persona_juridica,0
N-04994,persona_natural,0
N-36741,persona_natural,0
N-04391,persona_natural,0
N-00814,persona_natural,0
N-09118,persona_natural,1
P-29147,persona_juridica,0
UT-44543,union_temporal,0
P-22264,persona_juridica,0
N-16464,persona_natural,0
N-06239,persona_natural,0
P-25886,persona_juridica,0
N-31581,persona_natural,0
N-04144,persona_natural,0
P-16951,persona_juridica,0
N-06770,persona_natural,0
P-05669,persona_juridica,0
N-36375,persona_natural,1
P-12491,persona_juridica,0
N-11726,persona_natural,0
N-12576,persona_natural,0
P-42206,persona_juridica,0
N-32328,persona_natural,0
N-11013,persona_natural,0
UT-22085,union_temporal,0
N-17927,persona_natural,0
P-04824,persona_juridica,0
P-47449,persona_juridica,0
N-19778,persona_natural,0
P-46778,persona_juridica,0
P-46335,persona_juridica,1
N-22919,persona_natural,0
P-29875,persona_juridica,1
UT-7188,union_temporal,0
P-18083,persona_juridica,0
P-19906,persona_juridica,0
P-26785,persona_juridica,0
P-19031,persona_juridica,0
N-37604,persona_natural,0
N-34395,persona_natural,0
N-24033,persona_natural,0
P-41563,persona_juridica,0
P-34454,persona_juridica,1
P-14417,persona_juridica,0
N-27592,persona_natural,0
P-42856,persona_juridica,1
N-07703,persona_natural,0
N-35128,persona_natural,0
P-33847,persona_juridica,0
P-02694,persona_juridica,0
P-06703,persona_juridica,0
N-30541,persona_natural,0
N-13530,persona_natural,0
P-16644,persona_juridica,0
P-22586,persona_juridica,0
P-39326,persona_juridica,0
P-17669,persona_juridica,0
UT-19433,union_temporal,0
P-31399,persona_juridica,0
P-19370,persona_juridica,1
N-05437,persona_natural,0
P-27677,persona_juridica,0
N-12934,persona_natural,0
N-00661,persona_natural,0
N-03908,persona_natural,0
N-12579,persona_natural,0
N-16281,persona_natural,0
N-36678,persona_natural,0
N-26162,persona_natural,0
P-12859,persona_juridica,0
P-10015,persona_juridica,0
UT-0854,union_temporal,0
N-26757,persona_natural,0
P-12208,persona_juridica,1
N-13120,persona_natural,0
N-05219,persona_natural,1
P-16037,persona_juridica,0
N-30360,persona_natural,0
P-10823,persona_juridica,0
UT-8596,union_temporal,0
P-46197,persona_juridica,0
N-29337,persona_natural,0
P-22515,persona_juridica,0
P-33364,persona_juridica,0
P-44896,persona_juridica,0
N-19969,persona_natural,0
UT-37014,union_temporal,0
P-03426,persona_juridica,0
N-23796,persona_natural,0
P-21972,persona_juridica,0
N-20132,persona_natural,0
P-35393,persona_juridica,0
N-28708,persona_natural,0
P-42339,persona_juridica,0
P-31260,persona_juridica,1
N-33778,persona_natural,0
N-08663,persona_natural,0
P-37543,persona_juridica,0
N-12209,persona_natural,0
UT-40295,union_temporal,0
P-29869,persona_juridica,0
P-29590,persona_juridica,0
P-19357,persona_juridica,0
P-08976,persona_juridica,0
P-45670,persona_juridica,0
N-32448,persona_natural,0
N-18639,persona_natural,0
P-14312,persona_juridica,0
P-11412,persona_juridica,0
N-02899,persona_natural,1
P-28945,persona_juridica,0
P-12160,persona_juridica,0
UT-20081,union_temporal,0
N-27137,persona_natural,0
N-01216,persona_natural,0
P-06072,persona_juridica,0
P-12010,persona_juridica,0
P-30761,persona_juridica,0
N-19201,persona_natural,0
P-00715,persona_juridica,1
P-02702,persona_juridica,0
P-34382,persona_juridica,0
N-01774,persona_natural,0
P-09701,persona_juridica,0
P-10894,persona_juridica,0
N-03063,persona_natural,0
N-22989,persona_natural,0
P-47595,persona_juridica,0
UT-31203,union_temporal,0
P-46490,persona_juridica,0
N-20894,persona_natural,0
P-03276,persona_juridica,1
P-43661,persona_juridica,0
UT-11966,union_temporal,0
N-18671,persona_natural,0
N-32777,persona_natural,0
P-27775,persona_juridica,0
N-00355,persona_natural,0
P-38149,persona_juridica,0
P-40209,persona_juridica,1
N-03372,persona_natural,0
N-15560,persona_natural,0
P-34223,persona_juridica,0
N-08330,persona_natural,0
P-36628,persona_juridica,0
UT-21611,union_temporal,0
P-22244,persona_juridica,0
N-16930,persona_natural,0
P-33291,persona_juridica,0
P-29464,persona_juridica,0
N-00521,persona_natural,0
P-21296,persona_juridica,0
P-18693,persona_juridica,0
N-20235,persona_natural,0
N-30673,persona_natural,0
P-10606,persona_juridica,0
P-04960,persona_juridica,0
P-36543,persona_juridica,0
P-14080,persona_juridica,0
P-11861,persona_juridica,0
N-17327,persona_natural,0
P-07886,persona_juridica,0
P-30408,persona_juridica,0
P-28910,persona_juridica,0
P-02098,persona_juridica,0
UT-14103,union_temporal,0
P-32779,persona_juridica,0
P-34402,persona_juridica,0
P-07589,persona_juridica,0
P-41553,persona_juridica,1
P-45593,persona_juridica,0
P-08033,persona_juridica,0
UT-43187,union_temporal,0
P-48496,persona_juridica,0
N-00600,persona_natural,0
N-10399,persona_natural,0
N-08560,persona_natural,0
UT-32764,union_temporal,0
N-08048,persona_natural,0
N-04920,persona_natural,0
N-12967,persona_natural,0
P-08572,persona_juridica,0
P-34029,persona_juridica,0
P-21532,persona_juridica,0
N-33601,persona_natural,0
P-16954,persona_juridica,1
N-31563,persona_natural,0
N-01913,persona_natural,0
N-31545,persona_natural,0
P-14934,persona_juridica,0
P-40582,persona_juridica,0
P-08326,persona_juridica,0
N-05771,persona_natural,0
P-18314,persona_juridica,0
P-44554,persona_juridica,0
N-36514,persona_natural,0
P-35784,persona_juridica,0
N-27684,persona_natural,0
N-03253,persona_natural,1
N-10431,persona_natural,0
P-47369,persona_juridica,0
P-13950,persona_juridica,0
N-34186,persona_natural,0
P-16045,persona_juridica,0
N-30019,persona_natural,0
N-27570,persona_natural,0
P-18084,persona_juridica,0
P-02915,persona_juridica,0
P-10925,persona_juridica,0
N-32435,persona_natural,0
N-04031,persona_natural,0
P-46786,persona_juridica,1
P-09719,persona_juridica,0
N-24617,persona_natural,0
P-06783,persona_juridica,0
N-26140,persona_natural,1
P-15305,persona_juridica,0
N-31616,persona_natural,0
P-33343,persona_juridica,0
P-43912,persona_juridica,0
P-33228,persona_juridica,0
P-02013,persona_juridica,0
P-00484,persona_juridica,0
N-34971,persona_natural,1
P-22963,persona_juridica,0
N-10632,persona_natural,1
N-09804,persona_natural,0
P-02308,persona_juridica,0
P-07663,persona_juridica,0
N-15008,persona_natural,0
UT-21326,union_temporal,0
N-18784,persona_natural,0
UT-14436,union_temporal,0
P-30742,persona_juridica,0
P-05680,persona_juridica,0
N-07362,persona_natural,0
P-50940,persona_juridica,0
N-37019,persona_natural,0
P-42327,persona_juridica,0
N-13903,persona_natural,1
UT-24046,union_temporal,0
N-29612,persona_natural,0
N-37298,persona_natural,1
N-05990,persona_natural,0
N-33636,persona_natural,0
UT-30845,union_temporal,0
P-12444,persona_juridica,0
P-32599,persona_juridica,0
N-10410,persona_natural,0
UT-46528,union_temporal,0
N-15040,persona_natural,0
N-03186,persona_natural,0
N-37096,persona_natural,0
N-14811,persona_natural,0
P-41715,persona_juridica,1
P-27247,persona_juridica,0
N-26859,persona_natural,0
P-03456,persona_juridica,0
N-28812,persona_natural,0
N-01026,persona_natural,1
P-11109,persona_juridica,0
N-11983,persona_natural,0
N-16832,persona_natural,0
N-32927,persona_natural,0
P-45400,persona_juridica,0
N-32095,persona_natural,0
N-32216,persona_natural,0
UT-13362,union_temporal,0
P-35315,persona_juridica,0
P-00192,persona_juridica,0
UT-28843,union_temporal,0
N-13143,persona_natural,0
P-03666,persona_juridica,1
P-23913,persona_juridica,0
N-20234,persona_natural,0
N-20897,persona_natural,0
UT-8840,union_temporal,0
N-20913,persona_natural,0
P-36356,persona_juridica,0
N-32716,persona_natural,0
N-02119,persona_natural,0
P-47133,persona_juridica,1
P-25989,persona_juridica,0
P-21321,persona_juridica,0
P-04123,persona_juridica,0
N-20697,persona_natural,0
P-26139,persona_juridica,0
P-29979,persona_juridica,0
N-02314,persona_natural,0
P-40648,persona_juridica,1
P-50070,persona_juridica,0
N-05695,persona_natural,0
N-35385,persona_natural,0
P-43631,persona_juridica,0
P-01255,persona_juridica,0
P-35532,persona_juridica,1
P-11466,persona_juridica,0
N-09544,persona_natural,0
P-11777,persona_juridica,0
N-25542,persona_natural,0
N-28213,persona_natural,0
P-12341,persona_juridica,0
UT-43639,union_temporal,0
N-34786,persona_natural,0
P-35156,persona_juridica,0
N-31557,persona_natural,0
P-41089,persona_juridica,0
N-23776,persona_natural,1
P-28472,persona_juridica,0
P-33624,persona_juridica,0
P-12985,persona_juridica,0
N-02200,persona_natural,0
N-16538,persona_natural,0
N-30132,persona_natural,0
P-27269,persona_juridica,0
P-26550,persona_juridica,0
N-08666,persona_natural,0
P-37583,persona_juridica,1
P-32585,persona_juridica,1
N-24145,persona_natural,0
N-13633,persona_natural,0
N-19583,persona_natural,0
P-32622,persona_juridica,0
P-32312,persona_juridica,0
P-49096,persona_juridica,0
N-33930,persona_natural,0
P-01078,persona_juridica,0
N-27018,persona_natural,0
P-42220,persona_juridica,0
P-02277,persona_juridica,1
N-21342,persona_natural,0
P-26875,persona_juridica,0
UT-15757,union_temporal,0
P-44666,persona_juridica,0
P-29501,persona_juridica,0
N-21023,persona_natural,0
P-50931,persona_juridica,0
N-05635,persona_natural,0
N-19409,persona_natural,0
N-04600,persona_natural,0
N-17748,persona_natural,0
P-40987,persona_juridica,0
P-36879,persona_juridica,0
N-25583,persona_natural,0
P-03300,persona_juridica,0
N-11837,persona_natural,0
UT-35364,union_temporal,0
P-19632,persona_juridica,0
N-10078,persona_natural,0
P-21052,persona_juridica,0
P-27840,persona_juridica,0
P-02732,persona_juridica,1
N-32615,persona_natural,0
N-30806,persona_natural,0
P-28012,persona_juridica,0
P-33055,persona_juridica,0
N-25260,persona_natural,0
P-22532,persona_juridica,0
P-32576,persona_juridica,1
P-08368,persona_juridica,0
UT-10294,union_temporal,0
P-33898,persona_juridica,1
N-01780,persona_natural,1
P-01787,persona_juridica,0
P-01484,persona_juridica,0
N-29732,persona_natural,1
P-27778,persona_juridica,0
P-45048,persona_juridica,1
UT-33462,union_temporal,0
N-26094,persona_natural,0
P-51311,persona_juridica,1
N-27709,persona_natural,0
UT-10701,union_temporal,0
P-46568,persona_juridica,0
N-02369,persona_natural,0
N-17484,persona_natural,0
P-16510,persona_juridica,0
N-25357,persona_natural,0
P-22001,persona_juridica,0
P-31444,persona_juridica,0
N-34440,persona_natural,0
P-43548,persona_juridica,0
N-37926,persona_natural,0
N-00131,persona_natural,0
N-23333,persona_natural,0
P-18850,persona_juridica,0
P-49673,persona_juridica,0
P-35827,persona_juridica,0
N-13417,persona_natural,0
N-13837,persona_natural,0
UT-24420,union_temporal,0
N-19229,persona_natural,0
N-23546,persona_natural,0
UT-11277,union_temporal,0
P-25494,persona_juridica,0
N-08230,persona_natural,0
N-11095,persona_natural,0
N-22146,persona_natural,0
P-35781,persona_juridica,0
P-04553,persona_juridica,1
UT-35154,union_temporal,0
N-07829,persona_natural,0
P-12882,persona_juridica,0
N-21262,persona_natural,0
P-35033,persona_juridica,0
N-07818,persona_natural,0
P-17271,persona_juridica,0
N-08259,persona_natural,0
P-49541,persona_juridica,0
P-27543,persona_juridica,0
N-16148,persona_natural,0
P-20663,persona_juridica,0
P-20771,persona_juridica,0
P-48970,persona_juridica,0
P-48212,persona_juridica,0
P-07486,persona_juridica,0
N-33319,persona_natural,0
N-21384,persona_natural,0
N-36320,persona_natural,0
P-03453,persona_juridica,0
P-26060,persona_juridica,0
N-15121,persona_natural,1
P-17524,persona_juridica,0
N-12217,persona_natural,0
P-01435,persona_juridica,0
N-23560,persona_natural,0
P-03570,persona_juridica,0
P-09177,persona_juridica,0
N-30120,persona_natural,0
P-21977,persona_juridica,0
N-25394,persona_natural,0
P-43326,persona_juridica,0
P-05203,persona_juridica,0
N-10672,persona_natural,0
N-16467,persona_natural,0
N-33696,persona_natural,0
N-20113,persona_natural,0
P-41146,persona_juridica,0
P-16611,persona_juridica,1
P-05768,persona_juridica,0
N-17289,persona_natural,0
N-02342,persona_natural,0
N-27809,persona_natural,0
P-17907,persona_juridica,0
N-29091,persona_natural,1
N-34654,persona_natural,0
P-46659,persona_juridica,0
N-18391,persona_natural,1
N-04707,persona_natural,0
N-07855,persona_natural,0
N-31467,persona_natural,0
P-14030,persona_juridica,0
N-12193,persona_natural,0
P-05760,persona_juridica,0
P-38039,persona_juridica,0
N-28845,persona_natural,1
P-07732,persona_juridica,0
P-39592,persona_juridica,0
P-30704,persona_juridica,0
N-06447,persona_natural,0
P-03122,persona_juridica,0
P-49293,persona_juridica,0
P-12767,persona_juridica,0
N-02560,persona_natural,0
P-38159,persona_juridica,0
P-47436,persona_juridica,0
P-43050,persona_juridica,1
N-13885,persona_natural,1
UT-27852,union_temporal,0
N-03716,persona_natural,0
N-00382,persona_natural,0
P-24741,persona_juridica,0
P-46079,persona_juridica,0
N-24465,persona_natural,0
UT-26397,union_temporal,0
P-33801,persona_juridica,0
P-08638,persona_juridica,0
P-34982,persona_juridica,1
N-13289,persona_natural,0
P-11701,persona_juridica,0
P-40036,persona_juridica,0
N-00048,persona_natural,0
N-30942,persona_natural,0
P-21714,persona_juridica,0
N-35070,persona_natural,1
N-01673,persona_natural,0
UT-22712,union_temporal,0
N-37280,persona_natural,0
N-00247,persona_natural,1
N-08148,persona_natural,0
UT-4851,union_temporal,0
N-37827,persona_natural,0
UT-28220,union_temporal,0
P-03288,persona_juridica,1
UT-3734,union_temporal,0
P-23000,persona_juridica,1
P-49758,persona_juridica,0
UT-29236,union_temporal,0
N-30984,persona_natural,0
N-06179,persona_natural,0
N-13385,persona_natural,0
N-19835,persona_natural,0
N-23971,persona_natural,0
P-28590,persona_juridica,0
N-21620,persona_natural,0
N-26301,persona_natural,0
N-18896,persona_natural,0
P-22875,persona_juridica,1
P-10061,persona_juridica,0
N-13097,persona_natural,0
P-24609,persona_juridica,0
N-18490,persona_natural,0
N-12619,persona_natural,0
P-33876,persona_juridica,0
N-12615,persona_natural,0
P-08311,persona_juridica,0
N-08688,persona_natural,0
N-35043,persona_natural,0
P-23512,persona_juridica,0
P-46005,persona_juridica,0
P-01107,persona_juridica,0
N-18563,persona_natural,0
P-08102,persona_juridica,0
N-35830,persona_natural,0
P-44467,persona_juridica,0
UT-3214,union_temporal,0
UT-18272,union_temporal,0
P-49924,persona_juridica,1
P-41088,persona_juridica,0
UT-39461,union_temporal,0
P-05772,persona_juridica,0
N-24940,persona_natural,0
N-15731,persona_natural,0
P-44412,persona_juridica,0
P-13488,persona_juridica,0
UT-25202,union_temporal,0
P-16735,persona_juridica,0
P-38942,persona_juridica,0
N-12912,persona_natural,0
P-34534,persona_juridica,0
N-08129,persona_natural,0
N-02695,persona_natural,0
N-09910,persona_natural,0
N-34835,persona_natural,0
P-22290,persona_juridica,0
N-25534,persona_natural,0
P-10491,persona_juridica,0
P-26246,persona_juridica,1
P-18402,persona_juridica,0
N-13660,persona_natural,0
N-23600,persona_natural,0
N-30759,persona_natural,0
P-31914,persona_juridica,1
P-43169,persona_juridica,0
N-13209,persona_natural,0
N-19120,persona_natural,1
P-01824,persona_juridica,0
P-33369,persona_juridica,0
P-33782,persona_juridica,0
P-17905,persona_juridica,0
N-03389,persona_natural,0
P-49630,persona_juridica,0
UT-41769,union_temporal,0
P-31272,persona_juridica,0
N-21234,persona_natural,0
N-09364,persona_natural,0
P-38567,persona_juridica,1
UT-28421,union_temporal,0
N-06366,persona_natural,0
UT-8255,union_temporal,0
N-04576,persona_natural,0
P-37804,persona_juridica,0
P-01342,persona_juridica,0
N-24753,persona_natural,0
P-32931,persona_juridica,0
P-51413,persona_juridica,0
N-32946,persona_natural,1
P-37252,persona_juridica,0
N-21273,persona_natural,0
N-29117,persona_natural,0
N-14428,persona_natural,0
N-31428,persona_natural,0
UT-39446,union_temporal,0
N-37340,persona_natural,0
P-23888,persona_juridica,0
P-37435,persona_juridica,0
N-13669,persona_natural,0
UT-26224,union_temporal,0
P-00684,persona_juridica,0
P-49198,persona_juridica,0
P-09841,persona_juridica,1
N-12342,persona_natural,1
P-19516,persona_juridica,0
P-20148,persona_juridica,0
P-23769,persona_juridica,0
N-01934,persona_natural,0
N-11663,persona_natural,0
P-42888,persona_juridica,0
P-30532,persona_juridica,0
N-31771,persona_natural,1
N-36844,persona_natural,0
P-39121,persona_juridica,0
UT-44167,union_temporal,0
P-45026,persona_juridica,0
N-28256,persona_natural,0
P-38086,persona_juridica,0
N-25223,persona_natural,0
N-05328,persona_natural,0
P-25538,persona_juridica,0
N-36372,persona_natural,0
UT-39432,union_temporal,0
N-11508,persona_natural,0
N-10932,persona_natural,0
N-24667,persona_natural,0
P-18056,persona_juridica,0
UT-3297,union_temporal,0
P-16177,persona_juridica,0
P-15466,persona_juridica,0
N-02628,persona_natural,0
P-14652,persona_juridica,0
P-36964,persona_juridica,0
P-15609,persona_juridica,0
P-13196,persona_juridica,0
P-10176,persona_juridica,0
P-46187,persona_juridica,0
N-18915,persona_natural,0
P-38334,persona_juridica,0
P-07785,persona_juridica,0
N-37923,persona_natural,0
UT-22090,union_temporal,0
N-16757,persona_natural,0
P-02169,persona_juridica,0
N-02461,persona_natural,0
P-16707,persona_juridica,0
P-08315,persona_juridica,0
N-06192,persona_natural,0
P-34561,persona_juridica,1
N-13410,persona_natural,1
P-33798,persona_juridica,0
N-15395,persona_natural,0
UT-24000,union_temporal,1
P-43028,persona_juridica,0
P-08366,persona_juridica,0
P-11417,persona_juridica,0
N-34854,persona_natural,0
P-51476,persona_juridica,0
N-04211,persona_natural,0
P-47221,persona_juridica,0
P-18500,persona_juridica,0
P-25049,persona_juridica,0
N-25837,persona_natural,0
UT-5420,union_temporal,0
P-38926,persona_juridica,0
P-09118,persona_juridica,0
P-12738,persona_juridica,0
N-02183,persona_natural,0
UT-19248,union_temporal,0
P-27982,persona_juridica,0
N-02091,persona_natural,0
P-36819,persona_juridica,0
P-30663,persona_juridica,0
N-12586,persona_natural,0
P-32343,persona_juridica,0
P-22696,persona_juridica,1
N-16834,persona_natural,0
N-31161,persona_natural,1
N-03608,persona_natural,0
N-02712,persona_natural,0
N-21439,persona_natural,0
N-05119,persona_natural,0
N-28918,persona_natural,0
N-30344,persona_natural,0
UT-42824,union_temporal,0
P-29237,persona_juridica,1
P-20806,persona_juridica,0
N-20772,persona_natural,0
P-41795,persona_juridica,0
P-30451,persona_juridica,0
P-11301,persona_juridica,0
N-13455,persona_natural,0
N-29483,persona_natural,0
P-39952,persona_juridica,0
P-26877,persona_juridica,1
P-02122,persona_juridica,0
N-02485,persona_natural,0
N-25383,persona_natural,0
N-05491,persona_natural,0
N-37919,persona_natural,0
P-33933,persona_juridica,0
N-17070,persona_natural,0
UT-32789,union_temporal,0
N-29045,persona_natural,0
P-15998,persona_juridica,0
P-04627,persona_juridica,0
P-41840,persona_juridica,0
N-28159,persona_natural,0
P-31656,persona_juridica,0
N-19609,persona_natural,0
N-20355,persona_natural,0
N-21382,persona_natural,0
UT-6740,union_temporal,0
P-49071,persona_juridica,0
P-16738,persona_juridica,0
N-30789,persona_natural,0
N-20607,persona_natural,0
P-15727,persona_juridica,0
P-43934,persona_juridica,1
UT-23728,union_temporal,0
UT-21722,union_temporal,0
P-08261,persona_juridica,0
UT-34495,union_temporal,0
P-41830,persona_juridica,1
P-05407,persona_juridica,0
P-01407,persona_juridica,1
N-12656,persona_natural,1
N-25273,persona_natural,0
P-42086,persona_juridica,0
P-33425,persona_juridica,0
N-16719,persona_natural,0
N-06752,persona_natural,0
UT-10353,union_temporal,0
P-14306,persona_juridica,0
P-27679,persona_juridica,0
N-32453,persona_natural,0
P-11173,persona_juridica,0
N-10822,persona_natural,0
P-35981,persona_juridica,0
N-36267,persona_natural,0
N-14383,persona_natural,0
P-17993,persona_juridica,0
P-00429,persona_juridica,0
N-18056,persona_natural,0
N-01443,persona_natural,0
N-05061,persona_natural,0
N-00554,persona_natural,0
P-37221,persona_juridica,0
P-24543,persona_juridica,0
P-49017,persona_juridica,0
P-37897,persona_juridica,0
N-33786,persona_natural,0
N-26106,persona_natural,0
UT-36471,union_temporal,0
N-06792,persona_natural,0
P-13497,persona_juridica,0
UT-23882,union_temporal,0
N-35568,persona_natural,0
P-29282,persona_juridica,0
N-04068,persona_natural,0
P-34300,persona_juridica,0
P-43764,persona_juridica,0
P-01329,persona_juridica,0
P-09561,persona_juridica,0
P-00443,persona_juridica,0
P-30525,persona_juridica,0
P-33562,persona_juridica,0
UT-42144,union_temporal,0
UT-23100,union_temporal,0
P-37672,persona_juridica,0
P-17796,persona_juridica,0
N-02251,persona_natural,0
N-35090,persona_natural,0
P-43951,persona_juridica,0
P-14021,persona_juridica,0
N-18966,persona_natural,0
P-17678,persona_juridica,0
P-17373,persona_juridica,1
P-24647,persona_juridica,1
P-27751,persona_juridica,0
P-02488,persona_juridica,0
P-02897,persona_juridica,1
N-19402,persona_natural,0
P-42637,persona_juridica,0
P-12749,persona_juridica,1
N-18969,persona_natural,1
P-41764,persona_juridica,0
N-16750,persona_natural,0
N-07042,persona_natural,1
P-08098,persona_juridica,0
P-17415,persona_juridica,0
P-40196,persona_juridica,0
N-20711,persona_natural,0
N-14266,persona_natural,0
N-13023,persona_natural,0
P-46340,persona_juridica,0
N-18072,persona_natural,0
P-48722,persona_juridica,0
N-05920,persona_natural,0
P-26650,persona_juridica,0
P-40604,persona_juridica,0
P-08375,persona_juridica,0
P-42814,persona_juridica,0
N-01367,persona_natural,0
P-41841,persona_juridica,1
N-10276,persona_natural,0
P-16726,persona_juridica,0
N-10067,persona_natural,0
UT-9516,union_temporal,0
P-19190,persona_juridica,0
N-08542,persona_natural,1
P-41922,persona_juridica,0
UT-43612,union_temporal,0
P-51502,persona_juridica,1
N-10432,persona_natural,0
N-17866,persona_natural,0
N-30384,persona_natural,0
N-15089,persona_natural,0
N-33161,persona_natural,1
N-25081,persona_natural,0
N-00693,persona_natural,0
N-01584,persona_natural,0
P-49669,persona_juridica,0
N-29450,persona_natural,1
N-33036,persona_natural,0
P-40241,persona_juridica,0
UT-21593,union_temporal,0
P-04492,persona_juridica,0
P-08678,persona_juridica,0
P-14533,persona_juridica,1
N-06515,persona_natural,0
N-01152,persona_natural,0
P-09974,persona_juridica,1
P-18589,persona_juridica,0
P-37904,persona_juridica,0
P-17529,persona_juridica,0
P-28052,persona_juridica,0
P-21751,persona_juridica,0
N-30057,persona_natural,1
N-32386,persona_natural,0
UT-20320,union_temporal,0
N-04514,persona_natural,0
N-37633,persona_natural,0
P-14140,persona_juridica,1
N-26883,persona_natural,1
P-26244,persona_juridica,0
P-40547,persona_juridica,0
N-07529,persona_natural,0
P-47676,persona_juridica,0
P-44799,persona_juridica,0
P-06083,persona_juridica,0
P-28406,persona_juridica,0
N-32389,persona_natural,1
P-27383,persona_juridica,0
P-36598,persona_juridica,1
P-51507,persona_juridica,0
P-45003,persona_juridica,0
P-05666,persona_juridica,0
P-34407,persona_juridica,0
P-14638,persona_juridica,0
P-44255,persona_juridica,0
N-18959,persona_natural,0
N-09355,persona_natural,0
N-29904,persona_natural,0
P-11054,persona_juridica,1
N-29964,persona_natural,0
UT-6457,union_temporal,0
N-30761,persona_natural,0
P-19257,persona_juridica,0
P-43131,persona_juridica,0
P-24812,persona_juridica,0
P-46465,persona_juridica,0
P-01237,persona_juridica,0
N-21085,persona_natural,0
P-36456,persona_juridica,0
N-34937,persona_natural,0
UT-44928,union_temporal,0
P-43420,persona_juridica,0
P-21084,persona_juridica,0
N-07728,persona_natural,0
N-30967,persona_natural,0
P-18266,persona_juridica,0
N-19606,persona_natural,0
N-25997,persona_natural,0
UT-21794,union_temporal,0
N-08010,persona_natural,0
N-13470,persona_natural,0
P-19885,persona_juridica,0
N-09573,persona_natural,0
N-09635,persona_natural,0
N-20698,persona_natural,0
P-44687,persona_juridica,0
P-05285,persona_juridica,0
P-21505,persona_juridica,0
P-41700,persona_juridica,1
P-11007,persona_juridica,0
P-23697,persona_juridica,0
N-30524,persona_natural,0
UT-16660,union_temporal,0
P-13585,persona_juridica,0
N-26407,persona_natural,0
N-15506,persona_natural,0
P-01241,persona_juridica,1
N-31681,persona_natural,0
N-11794,persona_natural,0
N-06304,persona_natural,0
N-34269,persona_natural,0
P-49894,persona_juridica,0
N-26254,persona_natural,0
N-11905,persona_natural,0
P-37348,persona_juridica,1
P-35236,persona_juridica,0
P-47059,persona_juridica,0
N-05863,persona_natural,0
P-16560,persona_juridica,0
N-31593,persona_natural,0
UT-41055,union_temporal,1
N-37423,persona_natural,0
P-21247,persona_juridica,0
P-43638,persona_juridica,0
P-06467,persona_juridica,0
P-43998,persona_juridica,0
P-40641,persona_juridica,0
N-22359,persona_natural,0
UT-46245,union_temporal,0
N-11267,persona_natural,0
UT-31810,union_temporal,0
P-15761,persona_juridica,0
P-46398,persona_juridica,0
N-08757,persona_natural,0
P-07770,persona_juridica,0
P-27805,persona_juridica,0
N-07053,persona_natural,0
UT-21321,union_temporal,0
N-22974,persona_natural,0
P-33451,persona_juridica,0
P-07217,persona_juridica,0
N-00763,persona_natural,0
N-29621,persona_natural,0
P-30708,persona_juridica,0
P-18631,persona_juridica,1
P-47338,persona_juridica,0
P-45315,persona_juridica,0
N-04788,persona_natural,0
P-21514,persona_juridica,1
N-34634,persona_natural,0
P-35213,persona_juridica,0
P-08436,persona_juridica,0
N-26129,persona_natural,0
UT-7974,union_temporal,0
P-44422,persona_juridica,0
P-32580,persona_juridica,1
N-11216,persona_natural,0
N-06283,persona_natural,1
N-13861,persona_natural,0
P-22798,persona_juridica,0
N-28814,persona_natural,0
P-31378,persona_juridica,0
N-24538,persona_natural,0
N-16108,persona_natural,0
P-08377,persona_juridica,0
P-41623,persona_juridica,0
P-44832,persona_juridica,0
N-35212,persona_natural,0
P-10287,persona_juridica,0
N-24862,persona_natural,0
N-03483,persona_natural,0
P-13184,persona_juridica,0
N-17864,persona_natural,0
P-41837,persona_juridica,0
N-26404,persona_natural,0
N-27494,persona_natural,0
P-38583,persona_juridica,0
P-46556,persona_juridica,0
P-09030,persona_juridica,0
P-20944,persona_juridica,0
N-17692,persona_natural,0
P-03476,persona_juridica,0
N-14563,persona_natural,0
P-44276,persona_juridica,0
P-02050,persona_juridica,0
P-02216,persona_juridica,0
P-47178,persona_juridica,0
P-34284,persona_juridica,0
UT-0136,union_temporal,0
N-30844,persona_natural,0
UT-34467,union_temporal,0
N-17268,persona_natural,0
P-49114,persona_juridica,0
N-20122,persona_natural,0
P-03900,persona_juridica,0
UT-39045,union_temporal,0
P-21030,persona_juridica,0
N-37335,persona_natural,0
N-29641,persona_natural,0
P-37451,persona_juridica,0
N-02588,persona_natural,0
P-25342,persona_juridica,0
N-22441,persona_natural,0
N-30413,persona_natural,0
P-38171,persona_juridica,0
P-39380,persona_juridica,0
UT-24880,union_temporal,0
N-22117,persona_natural,1
N-03534,persona_natural,0
P-15323,persona_juridica,0
N-10453,persona_natural,0
N-00137,persona_natural,0
P-42625,persona_juridica,0
N-13696,persona_natural,0
P-10231,persona_juridica,0
P-28317,persona_juridica,0
N-26577,persona_natural,0
N-32035,persona_natural,1
P-18278,persona_juridica,0
P-01518,persona_juridica,0
N-34604,persona_natural,0
P-36797,persona_juridica,0
N-31585,persona_natural,0
P-29813,persona_juridica,0
N-36001,persona_natural,0
P-22576,persona_juridica,0
N-18610,persona_natural,0
P-08920,persona_juridica,0
P-12303,persona_juridica,0
UT-8855,union_temporal,0
P-37159,persona_juridica,0
P-28958,persona_juridica,0
N-20086,persona_natural,0
P-27782,persona_juridica,0
N-37918,persona_natural,0
P-47930,persona_juridica,1
P-17569,persona_juridica,0
P-27974,persona_juridica,0
P-46326,persona_juridica,0
N-34020,persona_natural,0
P-23674,persona_juridica,1
P-04472,persona_juridica,0
P-01868,persona_juridica,0
N-04593,persona_natural,0
N-03882,persona_natural,0
P-35836,persona_juridica,0
N-25987,persona_natural,0
N-27451,persona_natural,0
N-05636,persona_natural,1
P-02959,persona_juridica,1
P-27649,persona_juridica,0
P-24899,persona_juridica,0
P-12306,persona_juridica,0
N-04755,persona_natural,0
P-36822,persona_juridica,0
N-30788,persona_natural,1
P-31829,persona_juridica,0
P-03579,persona_juridica,0
P-40919,persona_juridica,0
P-01126,persona_juridica,0
P-39060,persona_juridica,1
N-05316,persona_natural,0
P-11697,persona_juridica,0
P-26547,persona_juridica,0
N-05815,persona_natural,0
N-17007,persona_natural,0
N-28960,persona_natural,0
P-49744,persona_juridica,0
P-05057,persona_juridica,0
P-25947,persona_juridica,0
P-17713,persona_juridica,0
P-14514,persona_juridica,0
UT-11143,union_temporal,0
P-26713,persona_juridica,0
P-38222,persona_juridica,0
P-47671,persona_juridica,1
P-10182,persona_juridica,0
N-23927,persona_natural,0
P-20252,persona_juridica,0
N-14568,persona_natural,0
N-31116,persona_natural,0
UT-2581,union_temporal,0
P-13617,persona_juridica,0
N-31606,persona_natural,0
P-33397,persona_juridica,0
N-34846,persona_natural,0
N-19756,persona_natural,1
N-24530,persona_natural,0
N-16426,persona_natural,1
UT-33120,union_temporal,0
P-39968,persona_juridica,1
P-09006,persona_juridica,0
N-13874,persona_natural,0
P-08869,persona_juridica,0
P-20166,persona_juridica,1
N-32529,persona_natural,0
P-25426,persona_juridica,0
N-35545,persona_natural,0
N-32851,persona_natural,0
N-29281,persona_natural,0
P-39724,persona_juridica,0
P-43723,persona_juridica,0
P-29121,persona_juridica,0
N-33729,persona_natural,0
N-15572,persona_natural,0
P-15949,persona_juridica,0
P-22021,persona_juridica,0
P-27193,persona_juridica,0
P-14239,persona_juridica,0
N-21543,persona_natural,1
P-04089,persona_juridica,0
P-22482,persona_juridica,0
N-15079,persona_natural,0
P-15445,persona_juridica,0
N-02540,persona_natural,0
P-49340,persona_juridica,0
P-12205,persona_juridica,0
N-09758,persona_natural,0
N-15542,persona_natural,0
N-08943,persona_natural,0
P-41003,persona_juridica,0
P-40340,persona_juridica,0
P-01576,persona_juridica,0
P-32310,persona_juridica,0
N-18893,persona_natural,1
N-04156,persona_natural,1
N-04244,persona_natural,0
N-21940,persona_natural,0
N-25409,persona_natural,1
N-24788,persona_natural,0
UT-30389,union_temporal,0
P-44585,persona_juridica,0
P-22845,persona_juridica,0
N-13115,persona_natural,0
N-16315,persona_natural,0
P-44490,persona_juridica,0
P-40820,persona_juridica,0
P-39504,persona_juridica,1
N-21710,persona_natural,0
P-06496,persona_juridica,0
P-32425,persona_juridica,1
P-03990,persona_juridica,0
N-22193,persona_natural,0
P-19362,persona_juridica,0
UT-21188,union_temporal,0
N-18962,persona_natural,1
N-34591,persona_natural,0
N-31480,persona_natural,0
P-04856,persona_juridica,0
P-37921,persona_juridica,0
P-07105,persona_juridica,0
UT-27560,union_temporal,1
P-17619,persona_juridica,0
P-50511,persona_juridica,0
N-00123,persona_natural,0
P-27991,persona_juridica,0
N-00575,persona_natural,0
P-35575,persona_juridica,1
P-05821,persona_juridica,0
UT-2946,union_temporal,0
P-45481,persona_juridica,0
P-09917,persona_juridica,0
N-27564,persona_natural,0
P-50650,persona_juridica,0
N-07013,persona_natural,0
N-11985,persona_natural,0
P-12265,persona_juridica,0
UT-32992,union_temporal,0
N-37696,persona_natural,0
P-43546,persona_juridica,0
UT-34099,union_temporal,0
P-10780,persona_juridica,0
N-11425,persona_natural,0
P-30672,persona_juridica,0
P-32076,persona_juridica,1
N-15326,persona_natural,0
N-19129,persona_natural,1
P-14885,persona_juridica,0
N-17412,persona_natural,0
P-14902,persona_juridica,0
P-33465,persona_juridica,0
N-36987,persona_natural,0
P-28610,persona_juridica,0
P-15374,persona_juridica,0
P-33578,persona_juridica,0
N-03759,persona_natural,0
P-48698,persona_juridica,0
P-20757,persona_juridica,0
P-48737,persona_juridica,0
N-05028,persona_natural,0
P-07882,persona_juridica,0
P-05404,persona_juridica,0
N-30396,persona_natural,0
P-42847,persona_juridica,0
P-38349,persona_juridica,0
N-27308,persona_natural,0
N-06740,persona_natural,0
P-20162,persona_juridica,0
P-42344,persona_juridica,0
P-13978,persona_juridica,0
P-27769,persona_juridica,0
N-04536,persona_natural,0
P-00331,persona_juridica,0
UT-43323,union_temporal,0
P-18666,persona_juridica,0
P-47504,persona_juridica,0
P-25315,persona_juridica,0
N-35841,persona_natural,0
P-14337,persona_juridica,0
N-11382,persona_natural,0
N-16635,persona_natural,0
P-39862,persona_juridica,0
P-41628,persona_juridica,1
N-04271,persona_natural,0
P-14903,persona_juridica,0
P-38219,persona_juridica,0
P-31508,persona_juridica,0
N-09496,persona_natural,1
P-13540,persona_juridica,0
P-42380,persona_juridica,0
N-22886,persona_natural,0
N-30677,persona_natural,0
P-46034,persona_juridica,0
UT-0250,union_temporal,0
P-12808,persona_juridica,1
N-27399,persona_natural,0
P-33956,persona_juridica,0
UT-30784,union_temporal,0
N-34755,persona_natural,0
N-34941,persona_natural,0
N-20168,persona_natural,0
P-15924,persona_juridica,1
N-36925,persona_natural,0
N-02216,persona_natural,0
P-07005,persona_juridica,0
N-03360,persona_natural,0
UT-5143,union_temporal,0
P-17475,persona_juridica,0
N-16283,persona_natural,0
N-33172,persona_natural,0
N-08100,persona_natural,0
N-27834,persona_natural,1
P-26066,persona_juridica,0
P-01373,persona_juridica,0
N-04851,persona_natural,0
N-22599,persona_natural,0
N-30368,persona_natural,0
N-03790,persona_natural,0
UT-27411,union_temporal,1
N-21212,persona_natural,0
P-03229,persona_juridica,0
UT-35123,union_temporal,0
N-34635,persona_natural,0
N-31454,persona_natural,0
P-32212,persona_juridica,0
P-29462,persona_juridica,1
P-43315,persona_juridica,0
P-07220,persona_juridica,0
N-16304,persona_natural,0
P-05500,persona_juridica,0
P-09949,persona_juridica,0
P-33212,persona_juridica,1
P-24354,persona_juridica,0
P-11156,persona_juridica,0
P-47212,persona_juridica,0
N-32970,persona_natural,0
P-42642,persona_juridica,0
P-46592,persona_juridica,0
P-08992,persona_juridica,0
P-00473,persona_juridica,0
P-15699,persona_juridica,0
P-18703,persona_juridica,0
N-05574,persona_natural,0
UT-31354,union_temporal,0
N-17696,persona_natural,0
N-27708,persona_natural,0
P-11604,persona_juridica,0
N-36628,persona_natural,0
P-26794,persona_juridica,0
N-19982,persona_natural,0
P-27275,persona_juridica,0
P-38851,persona_juridica,1
P-06187,persona_juridica,0
N-22684,persona_natural,0
UT-16955,union_temporal,0
P-21901,persona_juridica,0
P-38490,persona_juridica,0
P-49683,persona_juridica,1
P-30274,persona_juridica,1
P-38507,persona_juridica,0
N-23215,persona_natural,0
P-02171,persona_juridica,0
N-16915,persona_natural,0
P-20733,persona_juridica,0
P-24873,persona_juridica,0
UT-22124,union_temporal,0
P-42668,persona_juridica,1
P-36629,persona_juridica,0
N-09869,persona_natural,0
N-21012,persona_natural,0
N-14151,persona_natural,0
N-12713,persona_natural,0
P-30192,persona_juridica,1
N-30709,persona_natural,0
N-33143,persona_natural,1
P-38911,persona_juridica,0
P-42894,persona_juridica,1
P-13330,persona_juridica,0
P-29412,persona_juridica,1
P-31533,persona_juridica,0
N-09090,persona_natural,1
UT-40287,union_temporal,0
P-49904,persona_juridica,0
P-40182,persona_juridica,0
UT-8571,union_temporal,0
P-02622,persona_juridica,0
P-48654,persona_juridica,0
N-35768,persona_natural,0
P-10632,persona_juridica,0
N-31930,persona_natural,0
P-27359,persona_juridica,0
N-11039,persona_natural,0
P-24424,persona_juridica,0
UT-32257,union_temporal,0
P-33874,persona_juridica,0
N-07279,persona_natural,0
N-07189,persona_natural,0
N-31533,persona_natural,0
N-15467,persona_natural,0
P-19267,persona_juridica,0
N-16998,persona_natural,0
N-07500,persona_natural,0
N-26759,persona_natural,0
N-00700,persona_natural,0
P-03865,persona_juridica,0
P-22246,persona_juridica,0
P-19338,persona_juridica,0
P-08246,persona_juridica,0
N-26905,persona_natural,0
P-27832,persona_juridica,0
N-15185,persona_natural,0
UT-12234,union_temporal,0
P-34811,persona_juridica,0
N-13477,persona_natural,0
P-49561,persona_juridica,0
N-27723,persona_natural,0
UT-11324,union_temporal,0
P-39043,persona_juridica,0
N-19554,persona_natural,0
P-11835,persona_juridica,0
P-00533,persona_juridica,1
UT-31006,union_temporal,0
P-43918,persona_juridica,0
UT-13306,union_temporal,0
N-00578,persona_natural,0
P-49067,persona_juridica,0
UT-39488,union_temporal,0
N-09372,persona_natural,0
P-29639,persona_juridica,0
P-40418,persona_juridica,0
UT-33723,union_temporal,0
P-09465,persona_juridica,0
N-20487,persona_natural,0
N-14650,persona_natural,0
N-30674,persona_natural,1
N-36686,persona_natural,0
P-08414,persona_juridica,0
N-04551,persona_natural,0
P-37489,persona_juridica,0
P-01678,persona_juridica,0
P-49229,persona_juridica,0
N-13630,persona_natural,0
P-30137,persona_juridica,0
P-42941,persona_juridica,0
P-35172,persona_juridica,0
UT-0579,union_temporal,0
P-45131,persona_juridica,0
P-29145,persona_juridica,0
N-25431,persona_natural,0
P-00134,persona_juridica,0
P-43650,persona_juridica,0
N-34118,persona_natural,1
P-04690,persona_juridica,0
N-33947,persona_natural,1
N-36281,persona_natural,0
N-09955,persona_natural,1
P-06326,persona_juridica,0
P-25582,persona_juridica,0
P-14888,persona_juridica,0
P-29052,persona_juridica,0
P-02753,persona_juridica,0
N-36141,persona_natural,0
N-23473,persona_natural,0
N-27144,persona_natural,0
N-29821,persona_natural,0
N-29473,persona_natural,1
P-28650,persona_juridica,0
P-45465,persona_juridica,0
N-23283,persona_natural,0
N-13342,persona_natural,0
N-28174,persona_natural,0
P-02191,persona_juridica,0
N-15866,persona_natural,0
P-34822,persona_juridica,1
P-11652,persona_juridica,0
P-49287,persona_juridica,0
P-37335,persona_juridica,1
N-20844,persona_natural,0
N-26234,persona_natural,0
P-10078,persona_juridica,0
N-36132,persona_natural,0
N-01810,persona_natural,0
P-24066,persona_juridica,0
P-02010,persona_juridica,0
P-41035,persona_juridica,0
P-25710,persona_juridica,0
N-12196,persona_natural,0
P-34943,persona_juridica,0
P-26327,persona_juridica,0
P-25097,persona_juridica,0
P-42794,persona_juridica,0
P-24642,persona_juridica,0
N-00955,persona_natural,0
P-46277,persona_juridica,0
P-32228,persona_juridica,0
P-29366,persona_juridica,0
N-00550,persona_natural,0
UT-24678,union_temporal,0
P-49858,persona_juridica,0
N-22570,persona_natural,0
P-10294,persona_juridica,0
P-25824,persona_juridica,0
N-11517,persona_natural,0
P-06575,persona_juridica,0
N-26548,persona_natural,0
UT-7065,union_temporal,0
P-27516,persona_juridica,0
P-22258,persona_juridica,0
N-24439,persona_natural,0
P-12746,persona_juridica,0
P-04672,persona_juridica,0
P-44919,persona_juridica,1
UT-19182,union_temporal,0
N-16877,persona_natural,0
P-48811,persona_juridica,0
P-19363,persona_juridica,0
N-01634,persona_natural,1
N-11925,persona_natural,0
P-49136,persona_juridica,0
P-41041,persona_juridica,0
UT-9661,union_temporal,0
P-23351,persona_juridica,0
P-25294,persona_juridica,0
P-37143,persona_juridica,0
P-51347,persona_juridica,0
UT-32343,union_temporal,0
UT-37138,union_temporal,0
N-11845,persona_natural,0
N-17967,persona_natural,0
P-16779,persona_juridica,0
N-36009,persona_natural,1
P-19979,persona_juridica,0
UT-35023,union_temporal,0
N-37963,persona_natural,0
P-16302,persona_juridica,0
N-37586,persona_natural,0
P-06386,persona_juridica,0
N-02964,persona_natural,1
N-32567,persona_natural,1
P-43734,persona_juridica,0
P-51074,persona_juridica,0
P-38957,persona_juridica,0
N-34182,persona_natural,0
N-02629,persona_natural,0
P-36140,persona_juridica,0
P-40813,persona_juridica,0
P-42855,persona_juridica,0
N-14027,persona_natural,0
N-36447,persona_natural,0
N-33822,persona_natural,0
N-36731,persona_natural,0
N-07185,persona_natural,1
N-12634,persona_natural,0
P-31083,persona_juridica,0
P-22031,persona_juridica,0
N-31358,persona_natural,1
N-03696,persona_natural,0
P-15229,persona_juridica,0
N-31218,persona_natural,0
N-36213,persona_natural,0
UT-12145,union_temporal,0
P-08191,persona_juridica,0
N-01472,persona_natural,0
P-46584,persona_juridica,0
N-27517,persona_natural,0
N-25961,persona_natural,0
P-13856,persona_juridica,0
P-23939,persona_juridica,0
N-29575,persona_natural,0
N-25647,persona_natural,0
P-08125,persona_juridica,0
N-13627,persona_natural,0
N-10907,persona_natural,0
P-28786,persona_juridica,0
P-19523,persona_juridica,0
N-05376,persona_natural,0
N-22534,persona_natural,1
P-32557,persona_juridica,0
P-40493,persona_juridica,0
N-24123,persona_natural,0
P-39450,persona_juridica,0
N-01501,persona_natural,0
UT-45030,union_temporal,0
N-27998,persona_natural,1
UT-33309,union_temporal,0
N-35763,persona_natural,0
N-00749,persona_natural,0
P-42738,persona_juridica,0
N-09179,persona_natural,0
P-01885,persona_juridica,0
P-25893,persona_juridica,0
P-06660,persona_juridica,0
N-30745,persona_natural,0
N-26626,persona_natural,0
P-32964,persona_juridica,0
P-09546,persona_juridica,0
P-10756,persona_juridica,0
P-00608,persona_juridica,0
P-47172,persona_juridica,0
N-25426,persona_natural,0
P-21833,persona_juridica,0
N-13398,persona_natural,1
P-01357,persona_juridica,0
N-31149,persona_natural,0
N-36258,persona_natural,0
P-25069,persona_juridica,0
N-12661,persona_natural,0
N-35733,persona_natural,0
P-07182,persona_juridica,0
N-13963,persona_natural,0
N-18603,persona_natural,0
P-49059,persona_juridica,0
P-12920,persona_juridica,0
N-09503,persona_natural,0
P-00166,persona_juridica,1
P-08859,persona_juridica,0
P-29794,persona_juridica,0
N-16718,persona_natural,0
P-37981,persona_juridica,0
P-37837,persona_juridica,0
P-39738,persona_juridica,1
P-45475,persona_juridica,0
N-00439,persona_natural,0
N-17812,persona_natural,0
P-06147,persona_juridica,0
UT-5697,union_temporal,0
P-28622,persona_juridica,0
N-12477,persona_natural,0
P-01508,persona_juridica,1
N-23466,persona_natural,0
N-19345,persona_natural,0
P-01230,persona_juridica,0
N-30917,persona_natural,0
UT-40337,union_temporal,0
P-43701,persona_juridica,0
N-05283,persona_natural,0
P-26200,persona_juridica,0
P-22162,persona_juridica,0
P-17102,persona_juridica,0
N-24210,persona_natural,0
UT-0060,union_temporal,0
P-34146,persona_juridica,1
UT-15932,union_temporal,0
P-10613,persona_juridica,0
P-27859,persona_juridica,0
N-02035,persona_natural,0
N-13208,persona_natural,0
P-39266,persona_juridica,0
N-14864,persona_natural,0
P-16763,persona_juridica,1
N-25885,persona_natural,0
N-03191,persona_natural,1
N-35374,persona_natural,0
N-21385,persona_natural,0
P-29998,persona_juridica,0
N-24089,persona_natural,0
N-03364,persona_natural,0
P-24132,persona_juridica,0
N-04963,persona_natural,0
N-35580,persona_natural,0
N-28165,persona_natural,0
N-27795,persona_natural,0
P-04047,persona_juridica,0
UT-29901,union_temporal,0
N-34096,persona_natural,0
P-25399,persona_juridica,0
P-36728,persona_juridica,0
P-33219,persona_juridica,0
P-45344,persona_juridica,0
P-23558,persona_juridica,0
P-02765,persona_juridica,0
N-04996,persona_natural,0
P-20679,persona_juridica,0
N-34535,persona_natural,0
N-12795,persona_natural,0
P-40180,persona_juridica,0
P-21317,persona_juridica,0
N-01832,persona_natural,0
N-09565,persona_natural,1
N-03220,persona_natural,0
N-36107,persona_natural,0
N-24813,persona_natural,0
UT-14744,union_temporal,0
P-08618,persona_juridica,0
N-09773,persona_natural,1
N-19190,persona_natural,0
N-06841,persona_natural,1
P-23906,persona_juridica,0
UT-28591,union_temporal,0
P-45159,persona_juridica,0
UT-24718,union_temporal,0
P-26468,persona_juridica,0
P-05744,persona_juridica,1
UT-14591,union_temporal,0
N-14060,persona_natural,0
N-08445,persona_natural,0
N-29399,persona_natural,1
N-04155,persona_natural,1
N-11088,persona_natural,0
N-00956,persona_natural,0
N-03269,persona_natural,0
N-19036,persona_natural,0
P-46990,persona_juridica,0
N-31989,persona_natural,0
N-08233,persona_natural,0
P-11024,persona_juridica,0
P-40819,persona_juridica,0
P-44643,persona_juridica,1
UT-17794,union_temporal,0
UT-38037,union_temporal,0
UT-14325,union_temporal,0
P-18316,persona_juridica,0
P-03753,persona_juridica,1
N-03917,persona_natural,0
P-13396,persona_juridica,1
P-01632,persona_juridica,0
P-43142,persona_juridica,0
N-20429,persona_natural,0
N-20985,persona_natural,1
P-34923,persona_juridica,1
P-46676,persona_juridica,0
P-20753,persona_juridica,0
P-34261,persona_juridica,0
P-33989,persona_juridica,0
N-02980,persona_natural,0
N-29662,persona_natural,0
P-27652,persona_juridica,0
UT-33561,union_temporal,0
P-50752,persona_juridica,0
N-06291,persona_natural,1
N-29106,persona_natural,0
P-30128,persona_juridica,0
N-07432,persona_natural,1
P-06888,persona_juridica,0
P-47882,persona_juridica,0
P-08608,persona_juridica,0
P-36294,persona_juridica,0
P-18720,persona_juridica,0
UT-4045,union_temporal,0
P-35851,persona_juridica,0
P-20076,persona_juridica,0
N-20091,persona_natural,0
N-22201,persona_natural,0
N-29267,persona_natural,0
P-49091,persona_juridica,0
N-21937,persona_natural,0
N-21164,persona_natural,0
N-05265,persona_natural,0
UT-25950,union_temporal,0
N-16772,persona_natural,0
N-34684,persona_natural,0
P-18193,persona_juridica,0
P-34032,persona_juridica,0
N-09722,persona_natural,0
N-23977,persona_natural,0
N-17798,persona_natural,0
P-37558,persona_juridica,0
P-11932,persona_juridica,0
P-11213,persona_juridica,0
P-41411,persona_juridica,0
P-43094,persona_juridica,0
P-11111,persona_juridica,0
P-12973,persona_juridica,0
P-18450,persona_juridica,0
P-10324,persona_juridica,0
P-36152,persona_juridica,0
P-50814,persona_juridica,1
N-35575,persona_natural,0
UT-46077,union_temporal,0
N-04543,persona_natural,1
P-44562,persona_juridica,0
N-26680,persona_natural,0
UT-8861,union_temporal,0
N-18480,persona_natural,0
P-19886,persona_juridica,0
N-18776,persona_natural,0
N-20044,persona_natural,0
P-19014,persona_juridica,1
N-22637,persona_natural,1
N-17523,persona_natural,0
P-24662,persona_juridica,0
P-40542,persona_juridica,0
P-02844,persona_juridica,0
P-09330,persona_juridica,1
P-24241,persona_juridica,0
P-11157,persona_juridica,0
N-30155,persona_natural,0
P-15385,persona_juridica,0
N-10402,persona_natural,0
P-41142,persona_juridica,0
N-09838,persona_natural,0
P-34303,persona_juridica,0
P-05425,persona_juridica,1
P-30790,persona_juridica,0
P-21635,persona_juridica,0
P-26918,persona_juridica,0
P-22138,persona_juridica,0
N-35790,persona_natural,0
P-49150,persona_juridica,0
N-13243,persona_natural,0
N-09956,persona_natural,0
N-16088,persona_natural,0
UT-34090,union_temporal,0
P-29653,persona_juridica,0
N-11671,persona_natural,0
N-32856,persona_natural,0
N-28936,persona_natural,0
N-02782,persona_natural,0
P-42817,persona_juridica,0
P-23976,persona_juridica,0
N-27400,persona_natural,0
P-35719,persona_juridica,0
P-35698,persona_juridica,0
P-28376,persona_juridica,0
N-14182,persona_natural,1
N-22971,persona_natural,0
N-03146,persona_natural,0
N-08221,persona_natural,0
P-28613,persona_juridica,0
P-02273,persona_juridica,0
N-15476,persona_natural,0
P-34180,persona_juridica,0
P-16065,persona_juridica,0
N-21821,persona_natural,0
P-14052,persona_juridica,0
N-10088,persona_natural,0
UT-13976,union_temporal,0
N-12040,persona_natural,0
P-50550,persona_juridica,0
N-35411,persona_natural,1
P-15486,persona_juridica,0
UT-34630,union_temporal,0
P-20914,persona_juridica,0
N-31892,persona_natural,0
P-46414,persona_juridica,1
N-27482,persona_natural,0
N-20059,persona_natural,0
P-06689,persona_juridica,0
UT-12707,union_temporal,0
P-08118,persona_juridica,0
N-07334,persona_natural,1
P-24170,persona_juridica,0
N-15304,persona_natural,0
N-28624,persona_natural,0
N-26331,persona_natural,0
P-23783,persona_juridica,0
UT-7992,union_temporal,0
N-24518,persona_natural,0
P-28350,persona_juridica,0
N-05640,persona_natural,0
N-19056,persona_natural,0
P-23217,persona_juridica,0
P-03454,persona_juridica,0
N-18307,persona_natural,0
P-01813,persona_juridica,0
N-34189,persona_natural,0
N-30518,persona_natural,0
N-24462,persona_natural,0
P-32495,persona_juridica,0
P-33809,persona_juridica,0
P-06159,persona_juridica,0
N-03285,persona_natural,0
N-07359,persona_natural,0
P-13821,persona_juridica,0
UT-1345,union_temporal,0
P-42051,persona_juridica,1
P-32927,persona_juridica,0
N-14230,persona_natural,0
P-35570,persona_juridica,0
N-02792,persona_natural,1
UT-31789,union_temporal,0
N-27250,persona_natural,1
P-41474,persona_juridica,0
N-20816,persona_natural,0
UT-32287,union_temporal,0
P-07317,persona_juridica,0
UT-33624,union_temporal,0
P-31598,persona_juridica,0
UT-29813,union_temporal,0
P-01322,persona_juridica,0
N-15239,persona_natural,0
N-19852,persona_natural,0
P-05105,persona_juridica,1
P-02198,persona_juridica,0
N-21277,persona_natural,0
P-32522,persona_juridica,0
P-28082,persona_juridica,0
N-12767,persona_natural,0
P-18037,persona_juridica,0
P-36898,persona_juridica,0
P-21668,persona_juridica,0
N-22026,persona_natural,0
P-26081,persona_juridica,0
P-04808,persona_juridica,0
P-35429,persona_juridica,0
N-01990,persona_natural,0
N-25779,persona_natural,0
P-09203,persona_juridica,0
P-00538,persona_juridica,0
P-48070,persona_juridica,0
P-01118,persona_juridica,0
P-32923,persona_juridica,0
N-20803,persona_natural,0
P-23223,persona_juridica,0
P-38990,persona_juridica,0
N-07679,persona_natural,0
P-17743,persona_juridica,0
P-47783,persona_juridica,1
N-02239,persona_natural,0
P-06810,persona_juridica,0
P-23581,persona_juridica,0
P-42285,persona_juridica,1
P-47584,persona_juridica,0
P-03537,persona_juridica,0
N-05367,persona_natural,0
P-27975,persona_juridica,0
UT-26735,union_temporal,0
P-19220,persona_juridica,0
P-02997,persona_juridica,0
P-20113,persona_juridica,0
UT-0141,union_temporal,0
UT-38967,union_temporal,0
P-36128,persona_juridica,0
P-12006,persona_juridica,0
UT-1530,union_temporal,0
UT-6151,union_temporal,0
P-31577,persona_juridica,0
N-34063,persona_natural,0
N-08906,persona_natural,0
N-30687,persona_natural,0
N-16244,persona_natural,0
P-21010,persona_juridica,0
N-03347,persona_natural,0
N-10482,persona_natural,0
N-31721,persona_natural,0
N-03217,persona_natural,0
P-17315,persona_juridica,0
P-13432,persona_juridica,0
P-22519,persona_juridica,0
N-08599,persona_natural,0
P-43168,persona_juridica,0
P-36022,persona_juridica,0
P-42640,persona_juridica,0
UT-5033,union_temporal,0
N-14806,persona_natural,0
N-26934,persona_natural,0
N-03910,persona_natural,0
P-13369,persona_juridica,1
N-10159,persona_natural,1
P-38214,persona_juridica,0
N-03162,persona_natural,0
P-16274,persona_juridica,0
N-19602,persona_natural,1
N-28951,persona_natural,1
P-38752,persona_juridica,0
N-19712,persona_natural,0
N-13495,persona_natural,0
UT-18763,union_temporal,0
P-22489,persona_juridica,0
P-33016,persona_juridica,0
P-05483,persona_juridica,0
N-26163,persona_natural,0
N-01009,persona_natural,0
N-26825,persona_natural,0
N-27042,persona_natural,1
N-35706,persona_natural,0
N-28160,persona_natural,0
N-01541,persona_natural,0
P-37624,persona_juridica,0
P-45484,persona_juridica,0
P-51148,persona_juridica,0
N-31993,persona_natural,0
N-27422,persona_natural,0
P-51124,persona_juridica,0
P-51444,persona_juridica,0
N-05734,persona_natural,0
P-14328,persona_juridica,0
P-09765,persona_juridica,1
N-07254,persona_natural,0
N-28204,persona_natural,0
P-33972,persona_juridica,0
N-15505,persona_natural,0
N-26366,persona_natural,0
N-01365,persona_natural,0
P-23342,persona_juridica,1
P-27682,persona_juridica,0
UT-33909,union_temporal,0
P-16421,persona_juridica,0
P-50113,persona_juridica,0
P-00790,persona_juridica,0
N-17485,persona_natural,0
N-26013,persona_natural,0
N-24458,persona_natural,0
P-36137,persona_juridica,0
N-13646,persona_natural,0
N-37288,persona_natural,0
N-00268,persona_natural,0
P-42796,persona_juridica,0
UT-4862,union_temporal,0
UT-24259,union_temporal,0
UT-27350,union_temporal,0
P-37208,persona_juridica,0
P-19832,persona_juridica,0
P-27324,persona_juridica,0
N-20762,persona_natural,0
UT-31785,union_temporal,0
P-21829,persona_juridica,0
N-03025,persona_natural,1
P-01807,persona_juridica,0
N-05753,persona_natural,0
P-34173,persona_juridica,0
N-35277,persona_natural,0
N-30529,persona_natural,0
P-51464,persona_juridica,0
N-28784,persona_natural,0
N-16921,persona_natural,0
N-23783,persona_natural,0
N-18696,persona_natural,0
N-03216,persona_natural,0
P-23020,persona_juridica,0
N-09274,persona_natural,1
P-45947,persona_juridica,0
UT-14563,union_temporal,0
N-01544,persona_natural,0
N-35627,persona_natural,0
N-21149,persona_natural,0
N-19851,persona_natural,0
N-06582,persona_natural,0
N-08873,persona_natural,0
N-10197,persona_natural,0
P-02311,persona_juridica,0
UT-7265,union_temporal,0
P-16133,persona_juridica,0
N-36653,persona_natural,1
P-06698,persona_juridica,1
P-34127,persona_juridica,0
P-02545,persona_juridica,0
P-11139,persona_juridica,0
N-26756,persona_natural,0
P-49704,persona_juridica,0
N-36998,persona_natural,1
UT-36050,union_temporal,0
P-40632,persona_juridica,0
P-33048,persona_juridica,0
P-22202,persona_juridica,0
N-03739,persona_natural,0
P-35104,persona_juridica,0
P-30177,persona_juridica,1
N-26532,persona_natural,0
N-17089,persona_natural,0
P-29747,persona_juridica,0
P-01375,persona_juridica,0
P-20074,persona_juridica,0
P-35123,persona_juridica,0
N-30760,persona_natural,0
N-26896,persona_natural,1
P-29435,persona_juridica,0
N-32208,persona_natural,0
P-36103,persona_juridica,0
N-04876,persona_natural,1
N-11637,persona_natural,0
P-19341,persona_juridica,0
P-09472,persona_juridica,0
P-34731,persona_juridica,0
P-42962,persona_juridica,0
P-33694,persona_juridica,0
N-13964,persona_natural,0
N-30662,persona_natural,0
N-21158,persona_natural,0
P-33014,persona_juridica,0
N-35407,persona_natural,0
P-41929,persona_juridica,0
N-11291,persona_natural,0
P-04144,persona_juridica,0
P-14278,persona_juridica,0
UT-31402,union_temporal,0
N-04748,persona_natural,0
N-01404,persona_natural,0
P-18230,persona_juridica,0
N-08014,persona_natural,0
N-18706,persona_natural,0
P-01883,persona_juridica,0
N-36866,persona_natural,0
UT-41798,union_temporal,0
P-06489,persona_juridica,0
P-02509,persona_juridica,0
P-21873,persona_juridica,1
N-05705,persona_natural,0
P-47062,persona_juridica,0
N-15550,persona_natural,1
N-27233,persona_natural,0
N-17096,persona_natural,0
N-25854,persona_natural,0
N-36421,persona_natural,0
P-25269,persona_juridica,0
P-42816,persona_juridica,0
P-30168,persona_juridica,0
N-07986,persona_natural,1
N-28200,persona_natural,0
P-29763,persona_juridica,0
N-13421,persona_natural,0
P-10562,persona_juridica,0
N-08126,persona_natural,0
UT-29318,union_temporal,0
UT-25368,union_temporal,0
P-24184,persona_juridica,0
N-00119,persona_natural,0
UT-14257,union_temporal,0
P-28886,persona_juridica,0
N-27223,persona_natural,0
N-24931,persona_natural,0
P-15143,persona_juridica,0
N-29236,persona_natural,0
P-48305,persona_juridica,0
N-26779,persona_natural,0
N-09603,persona_natural,0
P-02743,persona_juridica,0
P-28361,persona_juridica,0
N-26420,persona_natural,1
P-07424,persona_juridica,0
N-05621,persona_natural,0
P-48221,persona_juridica,0
P-42511,persona_juridica,0
P-37812,persona_juridica,0
UT-38151,union_temporal,0
N-31534,persona_natural,1
N-31270,persona_natural,1
P-24925,persona_juridica,0
P-30061,persona_juridica,1
P-51104,persona_juridica,0
P-50740,persona_juridica,0
P-41819,persona_juridica,0
P-01997,persona_juridica,0
P-43436,persona_juridica,0
P-41754,persona_juridica,0
N-21011,persona_natural,0
UT-9157,union_temporal,0
P-13459,persona_juridica,0
P-35982,persona_juridica,0
N-09363,persona_natural,1
P-07225,persona_juridica,0
N-13459,persona_natural,0
N-28194,persona_natural,1
P-49363,persona_juridica,0
N-31697,persona_natural,0
P-08220,persona_juridica,0
N-27759,persona_natural,0
P-22564,persona_juridica,0
P-45770,persona_juridica,0
UT-25389,union_temporal,0
P-10402,persona_juridica,0
N-11967,persona_natural,0
N-02707,persona_natural,0
P-26560,persona_juridica,0
P-13223,persona_juridica,0
P-34880,persona_juridica,0
P-23639,persona_juridica,0
N-12910,persona_natural,0
P-07264,persona_juridica,0
P-21013,persona_juridica,0
N-30995,persona_natural,0
P-18532,persona_juridica,0
N-31782,persona_natural,0
N-04275,persona_natural,0
P-24082,persona_juridica,0
N-00345,persona_natural,0
N-14001,persona_natural,0
P-16850,persona_juridica,0
P-22342,persona_juridica,0
N-08924,persona_natural,0
N-13724,persona_natural,0
P-18609,persona_juridica,0
P-43335,persona_juridica,0
P-20463,persona_juridica,1
P-07050,persona_juridica,0
N-32539,persona_natural,0
P-03647,persona_juridica,0
UT-45704,union_temporal,0
N-11112,persona_natural,0
N-30993,persona_natural,0
N-14540,persona_natural,0
N-16293,persona_natural,0
N-10529,persona_natural,0
P-09234,persona_juridica,0
P-35080,persona_juridica,0
P-24112,persona_juridica,0
P-44528,persona_juridica,0
P-15550,persona_juridica,0
P-04723,persona_juridica,0
N-29147,persona_natural,0
P-33350,persona_juridica,0
N-22602,persona_natural,0
N-21198,persona_natural,0
UT-38101,union_temporal,0
P-38138,persona_juridica,0
N-01753,persona_natural,0
N-24716,persona_natural,0
P-13011,persona_juridica,0
N-11476,persona_natural,0
P-44963,persona_juridica,0
N-03809,persona_natural,0
N-23538,persona_natural,0
N-11861,persona_natural,0
N-09367,persona_natural,1
N-19750,persona_natural,0
P-13694,persona_juridica,0
P-32391,persona_juridica,1
N-35037,persona_natural,0
P-11579,persona_juridica,0
P-42671,persona_juridica,0
N-36142,persona_natural,0
N-17686,persona_natural,1
P-35866,persona_juridica,0
P-44665,persona_juridica,0
P-22261,persona_juridica,0
P-21597,persona_juridica,1
N-33338,persona_natural,0
N-25699,persona_natural,0
P-50666,persona_juridica,0
N-28700,persona_natural,0
N-22981,persona_natural,0
P-45596,persona_juridica,0
N-10523,persona_natural,0
P-32452,persona_juridica,0
N-14637,persona_natural,0
N-34503,persona_natural,0
P-11287,persona_juridica,0
P-47213,persona_juridica,0
N-26486,persona_natural,1
P-49598,persona_juridica,0
P-49487,persona_juridica,0
P-31283,persona_juridica,0
P-40979,persona_juridica,0
UT-32544,union_temporal,0
P-33993,persona_juridica,0
P-10580,persona_juridica,1
P-35963,persona_juridica,0
N-12311,persona_natural,0
P-24746,persona_juridica,0
N-29326,persona_natural,0
N-16709,persona_natural,0
N-25138,persona_natural,0
P-33182,persona_juridica,0
N-18859,persona_natural,0
N-16602,persona_natural,0
N-22124,persona_natural,0
P-29404,persona_juridica,0
N-08595,persona_natural,0
P-10857,persona_juridica,0
N-33371,persona_natural,0
N-26211,persona_natural,0
P-39307,persona_juridica,0
P-12469,persona_juridica,0
P-00033,persona_juridica,0
P-17693,persona_juridica,0
P-39545,persona_juridica,0
P-43733,persona_juridica,0
N-03614,persona_natural,0
P-20569,persona_juridica,0
P-20403,persona_juridica,0
P-24866,persona_juridica,0
P-38634,persona_juridica,0
P-20298,persona_juridica,0
P-07075,persona_juridica,0
N-32748,persona_natural,0
P-04638,persona_juridica,0
N-07807,persona_natural,0
N-10513,persona_natural,1
N-14308,persona_natural,0
P-01287,persona_juridica,1
P-43862,persona_juridica,1
N-22789,persona_natural,0
N-07124,persona_natural,0
P-09594,persona_juridica,0
N-20647,persona_natural,0
N-01678,persona_natural,0
N-37581,persona_natural,0
N-12554,persona_natural,0
P-02735,persona_juridica,0
N-07888,persona_natural,1
P-43822,persona_juridica,0
P-26268,persona_juridica,0
N-01992,persona_natural,0
N-11581,persona_natural,0
N-19754,persona_natural,0
UT-25539,union_temporal,0
N-34394,persona_natural,0
P-13470,persona_juridica,0
N-23893,persona_natural,0
N-16466,persona_natural,0
P-10722,persona_juridica,0
N-05078,persona_natural,1
N-04350,persona_natural,0
N-31491,persona_natural,0
P-50630,persona_juridica,0
P-18072,persona_juridica,0
P-47118,persona_juridica,0
P-39989,persona_juridica,0
N-01888,persona_natural,1
P-19477,persona_juridica,0
P-16999,persona_juridica,0
N-37560,persona_natural,0
UT-32997,union_temporal,0
N-14324,persona_natural,0
N-06265,persona_natural,0
P-10159,persona_juridica,0
N-00843,persona_natural,1
P-23671,persona_juridica,0
P-11977,persona_juridica,0
UT-2151,union_temporal,0
UT-17309,union_temporal,0
N-05676,persona_natural,0
P-17862,persona_juridica,0
P-28639,persona_juridica,0
P-30776,persona_juridica,1
N-37339,persona_natural,0
P-07816,persona_juridica,0
P-03092,persona_juridica,0
N-18133,persona_natural,0
P-50503,persona_juridica,0
N-29163,persona_natural,0
N-07172,persona_natural,0
P-14454,persona_juridica,0
P-46223,persona_juridica,0
N-17846,persona_natural,0
P-40232,persona_juridica,0
P-39164,persona_juridica,0
N-17235,persona_natural,0
N-14048,persona_natural,0
P-00640,persona_juridica,1
P-22391,persona_juridica,0
N-37443,persona_natural,0
N-37259,persona_natural,0
P-41312,persona_juridica,0
N-28940,persona_natural,0
P-09621,persona_juridica,0
N-05032,persona_natural,0
N-21832,persona_natural,0
P-23973,persona_juridica,0
N-18189,persona_natural,0
P-12228,persona_juridica,1
P-41210,persona_juridica,0
P-04307,persona_juridica,0
P-04995,persona_juridica,0
P-20885,persona_juridica,0
P-21633,persona_juridica,0
P-04389,persona_juridica,0
P-12603,persona_juridica,0
UT-25402,union_temporal,0
N-32613,persona_natural,0
P-15909,persona_juridica,1
P-03594,persona_juridica,0
P-21157,persona_juridica,0
N-18482,persona_natural,0
P-21078,persona_juridica,0
P-09454,persona_juridica,0
N-34027,persona_natural,0
P-39302,persona_juridica,0
P-51209,persona_juridica,0
N-07244,persona_natural,1
N-04603,persona_natural,0
N-10872,persona_natural,0
N-29508,persona_natural,0
P-11815,persona_juridica,0
N-01565,persona_natural,1
P-24130,persona_juridica,0
N-26412,persona_natural,0
N-36516,persona_natural,0
N-06870,persona_natural,0
N-27170,persona_natural,1
P-23355,persona_juridica,0
P-08761,persona_juridica,0
P-05714,persona_juridica,0
P-01149,persona_juridica,0
N-32286,persona_natural,0
N-22609,persona_natural,0
N-03874,persona_natural,0
N-11577,persona_natural,0
UT-42828,union_temporal,0
P-13218,persona_juridica,0
P-36718,persona_juridica,0
N-04125,persona_natural,1
P-47509,persona_juridica,1
P-14683,persona_juridica,0
P-20862,persona_juridica,0
N-15295,persona_natural,0
N-28004,persona_natural,0
P-23950,persona_juridica,0
N-15224,persona_natural,0
P-37250,persona_juridica,0
P-07992,persona_juridica,0
P-18319,persona_juridica,0
N-36378,persona_natural,0
P-01840,persona_juridica,0
N-19147,persona_natural,0
P-38755,persona_juridica,0
P-43163,persona_juridica,0
N-03633,persona_natural,0
P-34935,persona_juridica,0
P-12680,persona_juridica,1
N-10951,persona_natural,0
P-37182,persona_juridica,0
P-40124,persona_juridica,0
N-09074,persona_natural,0
UT-24322,union_temporal,0
N-07382,persona_natural,0
N-34120,persona_natural,0
P-24373,persona_juridica,0
P-05311,persona_juridica,0
N-08163,persona_natural,1
P-36942,persona_juridica,0
P-29519,persona_juridica,0
UT-40567,union_temporal,0
P-09026,persona_juridica,0
N-00980,persona_natural,0
N-27775,persona_natural,0
P-01017,persona_juridica,0
P-35250,persona_juridica,1
P-42503,persona_juridica,0
P-13854,persona_juridica,0
N-21915,persona_natural,0
N-23302,persona_natural,0
N-19935,persona_natural,0
P-14160,persona_juridica,0
N-01396,persona_natural,0
P-36990,persona_juridica,1
N-05476,persona_natural,0
P-33118,persona_juridica,0
P-25258,persona_juridica,0
P-34710,persona_juridica,0
P-44639,persona_juridica,0
P-02474,persona_juridica,0
N-33523,persona_natural,0
P-13243,persona_juridica,0
N-02469,persona_natural,0
N-25064,persona_natural,0
N-06578,persona_natural,0
N-30691,persona_natural,0
N-10817,persona_natural,0
N-35868,persona_natural,0
P-11716,persona_juridica,0
N-20912,persona_natural,0
P-29623,persona_juridica,0
N-07226,persona_natural,0
N-24244,persona_natural,0
N-29520,persona_natural,0
N-22799,persona_natural,0
P-31330,persona_juridica,0
P-47327,persona_juridica,0
P-51293,persona_juridica,0
N-22129,persona_natural,0
P-13373,persona_juridica,0
N-21936,persona_natural,0
UT-34954,union_temporal,0
N-08553,persona_natural,0
P-12186,persona_juridica,0
P-38426,persona_juridica,0
P-11027,persona_juridica,1
P-11476,persona_juridica,0
N-36422,persona_natural,0
P-26056,persona_juridica,0
P-42049,persona_juridica,0
UT-19654,union_temporal,0
P-49491,persona_juridica,0
P-04270,persona_juridica,0
P-29777,persona_juridica,0
P-28608,persona_juridica,0
N-30428,persona_natural,1
P-06998,persona_juridica,0
N-12682,persona_natural,0
N-09296,persona_natural,0
P-10856,persona_juridica,0
P-39045,persona_juridica,0
N-13373,persona_natural,1
N-04750,persona_natural,1
N-29014,persona_natural,0
N-20438,persona_natural,0
P-05874,persona_juridica,0
N-36637,persona_natural,0
N-27606,persona_natural,0
N-01150,persona_natural,1
N-22876,persona_natural,0
P-38778,persona_juridica,1
P-21643,persona_juridica,0
P-21095,persona_juridica,0
N-26408,persona_natural,0
P-49348,persona_juridica,1
P-09241,persona_juridica,0
P-04917,persona_juridica,0
N-27724,persona_natural,0
P-45681,persona_juridica,1
P-45533,persona_juridica,0
UT-42257,union_temporal,0
N-11221,persona_natural,0
P-05165,persona_juridica,0
P-49871,persona_juridica,0
N-23132,persona_natural,1
N-02209,persona_natural,0
P-40262,persona_juridica,0
P-24612,persona_juridica,0
N-33902,persona_natural,0
P-39090,persona_juridica,0
P-03401,persona_juridica,0
P-50469,persona_juridica,0
P-08801,persona_juridica,0
N-19836,persona_natural,1
P-09044,persona_juridica,0
N-30002,persona_natural,0
P-31854,persona_juridica,0
P-07926,persona_juridica,0
N-08983,persona_natural,1
P-04675,persona_juridica,1
P-08569,persona_juridica,0
P-20655,persona_juridica,0
N-31776,persona_natural,0
P-24472,persona_juridica,1
P-23985,persona_juridica,0
N-22896,persona_natural,0
N-01893,persona_natural,0
UT-37927,union_temporal,0
P-17336,persona_juridica,0
P-48507,persona_juridica,0
N-32625,persona_natural,0
N-21791,persona_natural,0
N-12019,persona_natural,0
P-21861,persona_juridica,1
P-16754,persona_juridica,0
N-24292,persona_natural,0
P-36952,persona_juridica,0
UT-22693,union_temporal,0
P-25396,persona_juridica,0
N-10640,persona_natural,0
P-45314,persona_juridica,0
N-10685,persona_natural,0
UT-43957,union_temporal,0
P-03821,persona_juridica,0
N-21418,persona_natural,0
UT-2508,union_temporal,0
P-46687,persona_juridica,0
P-36771,persona_juridica,0
P-46647,persona_juridica,0
P-19177,persona_juridica,0
N-22853,persona_natural,0
P-00417,persona_juridica,0
P-14508,persona_juridica,1
N-35767,persona_natural,0
N-17220,persona_natural,0
N-17610,persona_natural,1
N-23013,persona_natural,0
P-40561,persona_juridica,0
N-00614,persona_natural,0
P-00855,persona_juridica,0
P-04585,persona_juridica,0
P-50776,persona_juridica,0
P-12659,persona_juridica,0
N-01752,persona_natural,0
N-22199,persona_natural,0
P-47502,persona_juridica,0
P-14822,persona_juridica,0
P-37779,persona_juridica,0
N-00237,persona_natural,1
UT-37366,union_temporal,0
N-15283,persona_natural,0
UT-14391,union_temporal,0
UT-17899,union_temporal,0
N-08069,persona_natural,1
P-00681,persona_juridica,0
N-07936,persona_natural,0
N-31541,persona_natural,0
P-18511,persona_juridica,1
N-04414,persona_natural,1
N-04838,persona_natural,0
P-35645,persona_juridica,0
P-13596,persona_juridica,0
UT-44135,union_temporal,0
P-22659,persona_juridica,0
N-22339,persona_natural,1
N-06699,persona_natural,0
N-19281,persona_natural,0
P-33597,persona_juridica,0
N-33414,persona_natural,0
P-48855,persona_juridica,0
P-26638,persona_juridica,0
P-40954,persona_juridica,0
P-47550,persona_juridica,0
N-04819,persona_natural,0
P-25375,persona_juridica,0
P-18448,persona_juridica,0
UT-0107,union_temporal,0
N-10586,persona_natural,0
UT-9675,union_temporal,0
P-02839,persona_juridica,0
P-34735,persona_juridica,0
N-36732,persona_natural,0
P-35452,persona_juridica,0
P-17113,persona_juridica,0
N-18626,persona_natural,1
P-19542,persona_juridica,0
P-50114,persona_juridica,0
P-43288,persona_juridica,0
P-05260,persona_juridica,0
N-28876,persona_natural,0
N-29078,persona_natural,0
N-23883,persona_natural,0
N-36506,persona_natural,0
P-17071,persona_juridica,0
UT-30467,union_temporal,0
N-09618,persona_natural,0
P-05945,persona_juridica,0
UT-24308,union_temporal,0
P-32247,persona_juridica,0
P-34824,persona_juridica,0
P-11658,persona_juridica,0
N-37400,persona_natural,0
UT-11717,union_temporal,0
P-26553,persona_juridica,0
P-26404,persona_juridica,0
P-08286,persona_juridica,0
P-50699,persona_juridica,0
P-31574,persona_juridica,0
P-49242,persona_juridica,0
N-02157,persona_natural,0
N-21296,persona_natural,0
N-22772,persona_natural,0
N-07421,persona_natural,0
N-30202,persona_natural,0
N-00081,persona_natural,0
P-38581,persona_juridica,0
N-31258,persona_natural,1
P-22617,persona_juridica,0
UT-38952,union_temporal,0
N-16319,persona_natural,0
UT-28950,union_temporal,0
P-38858,persona_juridica,0
P-03336,persona_juridica,0
P-41444,persona_juridica,0
P-43902,persona_juridica,0
P-04577,persona_juridica,0
P-16710,persona_juridica,0
P-14696,persona_juridica,0
N-18694,persona_natural,0
P-50335,persona_juridica,0
P-17976,persona_juridica,0
P-04840,persona_juridica,0
N-03669,persona_natural,0
N-16045,persona_natural,0
P-49757,persona_juridica,0
N-09718,persona_natural,0
P-10927,persona_juridica,0
N-36051,persona_natural,0
P-33963,persona_juridica,0
P-16653,persona_juridica,0
N-11407,persona_natural,0
N-33945,persona_natural,0
P-26533,persona_juridica,0
P-01473,persona_juridica,0
N-04936,persona_natural,0
P-17230,persona_juridica,1
P-22455,persona_juridica,0
N-29238,persona_natural,0
P-21692,persona_juridica,0
N-20130,persona_natural,0
UT-1297,union_temporal,0
N-22170,persona_natural,0
N-26097,persona_natural,0
UT-33313,union_temporal,0
P-33348,persona_juridica,0
P-21435,persona_juridica,1
P-02736,persona_juridica,0
N-37722,persona_natural,0
N-02180,persona_natural,0
P-21150,persona_juridica,0
P-20995,persona_juridica,0
N-03918,persona_natural,0
P-40219,persona_juridica,0
P-16905,persona_juridica,0
P-43392,persona_juridica,0
P-01003,persona_juridica,0
UT-4152,union_temporal,0
P-02015,persona_juridica,0
UT-30918,union_temporal,0
N-29306,persona_natural,0
N-37971,persona_natural,0
P-44707,persona_juridica,0
N-10459,persona_natural,0
UT-46349,union_temporal,0
N-29574,persona_natural,0
P-50747,persona_juridica,0
N-10995,persona_natural,0
P-49273,persona_juridica,0
N-37359,persona_natural,0
N-04519,persona_natural,0
P-00243,persona_juridica,0
N-27868,persona_natural,0
N-37302,persona_natural,0
P-16617,persona_juridica,0
UT-9388,union_temporal,0
UT-14611,union_temporal,0
P-31697,persona_juridica,0
N-34856,persona_natural,0
N-17045,persona_natural,0
P-49672,persona_juridica,0
P-24544,persona_juridica,0
P-49324,persona_juridica,0
P-40808,persona_juridica,1
P-03598,persona_juridica,1
P-51018,persona_juridica,0
P-21874,persona_juridica,0
P-38544,persona_juridica,1
N-36761,persona_natural,0
P-20466,persona_juridica,0
UT-34143,union_temporal,0
P-23933,persona_juridica,0
UT-45646,union_temporal,0
N-37999,persona_natural,0
N-26440,persona_natural,0
P-04670,persona_juridica,0
P-12602,persona_juridica,0
P-35135,persona_juridica,0
P-14823,persona_juridica,0
N-18240,persona_natural,0
P-00253,persona_juridica,0
N-28995,persona_natural,0
P-39753,persona_juridica,0
N-06922,persona_natural,0
N-09186,persona_natural,0
N-00681,persona_natural,1
P-22479,persona_juridica,0
P-46629,persona_juridica,0
P-07929,persona_juridica,0
P-16490,persona_juridica,1
P-22377,persona_juridica,0
N-23344,persona_natural,0
N-32221,persona_natural,0
P-40179,persona_juridica,0
P-41432,persona_juridica,0
N-27043,persona_natural,0
N-07841,persona_natural,1
P-22303,persona_juridica,1
P-10423,persona_juridica,0
P-23792,persona_juridica,0
N-23847,persona_natural,1
P-47201,persona_juridica,0
P-13850,persona_juridica,1
P-09890,persona_juridica,0
N-09444,persona_natural,0
P-23315,persona_juridica,0
P-38419,persona_juridica,0
P-19000,persona_juridica,0
P-07851,persona_juridica,0
P-31428,persona_juridica,0
UT-9080,union_temporal,0
N-04138,persona_natural,0
N-02775,persona_natural,0
P-37937,persona_juridica,0
P-47033,persona_juridica,0
P-38563,persona_juridica,0
UT-13534,union_temporal,0
N-01087,persona_natural,0
P-32936,persona_juridica,1
P-09654,persona_juridica,0
UT-39299,union_temporal,0
N-36199,persona_natural,0
P-24696,persona_juridica,0
UT-13990,union_temporal,0
P-15658,persona_juridica,0
N-21189,persona_natural,0
P-42570,persona_juridica,0
N-12212,persona_natural,0
N-02963,persona_natural,0
UT-2083,union_temporal,0
P-26335,persona_juridica,0
UT-17511,union_temporal,0
UT-11072,union_temporal,0
N-13061,persona_natural,0
N-01816,persona_natural,1
N-34641,persona_natural,0
P-11182,persona_juridica,0
P-37825,persona_juridica,0
N-11873,persona_natural,0
N-37797,persona_natural,1
P-46430,persona_juridica,0
N-03635,persona_natural,0
P-01416,persona_juridica,0
N-01008,persona_natural,0
P-40142,persona_juridica,0
N-28770,persona_natural,0
P-39517,persona_juridica,0
P-34746,persona_juridica,0
P-08953,persona_juridica,0
P-11700,persona_juridica,0
N-23201,persona_natural,0
P-15619,persona_juridica,0
N-26190,persona_natural,0
N-02124,persona_natural,0
P-16957,persona_juridica,0
P-06917,persona_juridica,0
P-11729,persona_juridica,0
P-19738,persona_juridica,0
UT-39061,union_temporal,0
P-44336,persona_juridica,0
N-27239,persona_natural,0
P-10816,persona_juridica,0
P-09249,persona_juridica,0
N-24515,persona_natural,0
P-00485,persona_juridica,0
P-28426,persona_juridica,0
N-06175,persona_natural,0
P-29941,persona_juridica,0
P-32975,persona_juridica,0
P-33341,persona_juridica,0
P-40428,persona_juridica,0
P-34556,persona_juridica,0
N-25086,persona_natural,0
N-08356,persona_natural,1
N-31332,persona_natural,0
P-17436,persona_juridica,0
P-32956,persona_juridica,0
P-24849,persona_juridica,0
P-30045,persona_juridica,0
N-01435,persona_natural,0
N-32032,persona_natural,0
P-49439,persona_juridica,0
UT-27246,union_temporal,0
N-05877,persona_natural,0
UT-22883,union_temporal,0
N-07144,persona_natural,0
N-14529,persona_natural,0
P-13292,persona_juridica,0
P-13483,persona_juridica,0
P-40739,persona_juridica,0
N-31112,persona_natural,0
N-28139,persona_natural,0
N-22894,persona_natural,0
P-36163,persona_juridica,0
P-36034,persona_juridica,1
N-36318,persona_natural,0
N-33142,persona_natural,0
P-00451,persona_juridica,1
P-45103,persona_juridica,0
N-17326,persona_natural,0
N-26586,persona_natural,0
N-23168,persona_natural,0
N-12391,persona_natural,0
N-19233,persona_natural,0
UT-29022,union_temporal,0
UT-2998,union_temporal,0
P-05936,persona_juridica,0
N-25892,persona_natural,1
N-08293,persona_natural,0
N-06795,persona_natural,0
N-13594,persona_natural,1
UT-29084,union_temporal,0
N-21916,persona_natural,0
P-00034,persona_juridica,0
N-30278,persona_natural,0
N-21893,persona_natural,0
N-23179,persona_natural,0
P-02936,persona_juridica,0
P-39749,persona_juridica,0
P-45408,persona_juridica,0
P-24758,persona_juridica,0
P-50559,persona_juridica,0
N-34275,persona_natural,0
P-41604,persona_juridica,0
N-17978,persona_natural,0
P-18027,persona_juridica,0
N-27053,persona_natural,0
N-15670,persona_natural,0
P-13251,persona_juridica,0
N-16628,persona_natural,0
P-46026,persona_juridica,0
N-22868,persona_natural,0
N-05481,persona_natural,0
P-17885,persona_juridica,0
UT-24396,union_temporal,0
N-31532,persona_natural,0
P-39790,persona_juridica,0
P-31972,persona_juridica,0
N-33879,persona_natural,0
N-11280,persona_natural,0
N-11784,persona_natural,0
N-33363,persona_natural,0
P-31918,persona_juridica,0
UT-23126,union_temporal,0
P-48711,persona_juridica,0
P-11885,persona_juridica,0
N-10122,persona_natural,0
N-03622,persona_natural,0
N-22262,persona_natural,0
N-14780,persona_natural,0
P-35124,persona_juridica,0
N-15616,persona_natural,0
N-31383,persona_natural,0
UT-32137,union_temporal,0
P-49345,persona_juridica,0
N-26343,persona_natural,0
N-04848,persona_natural,0
P-28152,persona_juridica,0
N-16295,persona_natural,0
P-09410,persona_juridica,0
P-49488,persona_juridica,0
N-33561,persona_natural,0
N-36426,persona_natural,0
N-31666,persona_natural,0
N-19236,persona_natural,0
P-02422,persona_juridica,0
N-23528,persona_natural,0
N-07678,persona_natural,0
N-26021,persona_natural,1
P-49448,persona_juridica,1
N-11990,persona_natural,1
P-49121,persona_juridica,0
N-06494,persona_natural,0
P-19608,persona_juridica,0
P-44693,persona_juridica,0
N-09075,persona_natural,0
P-35543,persona_juridica,1
P-19398,persona_juridica,0
UT-13785,union_temporal,0
P-34991,persona_juridica,0
N-37260,persona_natural,0
P-38698,persona_juridica,0
N-17599,persona_natural,0
P-29199,persona_juridica,0
N-20165,persona_natural,0
P-14794,persona_juridica,0
P-07202,persona_juridica,0
N-01588,persona_natural,0
P-28400,persona_juridica,0
N-21427,persona_natural,0
N-16087,persona_natural,0
N-31576,persona_natural,0
P-02971,persona_juridica,0
P-20728,persona_juridica,0
N-24638,persona_natural,0
P-08232,persona_juridica,1
P-38965,persona_juridica,0
P-10917,persona_juridica,0
N-34286,persona_natural,0
UT-36376,union_temporal,0
P-13327,persona_juridica,0
N-26555,persona_natural,1
P-06158,persona_juridica,0
N-34566,persona_natural,0
P-46206,persona_juridica,0
N-23329,persona_natural,0
P-23112,persona_juridica,0
P-31926,persona_juridica,0
N-17164,persona_natural,1
N-37908,persona_natural,0
N-31088,persona_natural,1
P-02567,persona_juridica,0
UT-28084,union_temporal,0
N-36129,persona_natural,0
P-10691,persona_juridica,1
P-48436,persona_juridica,0
N-34236,persona_natural,0
UT-25835,union_temporal,0
N-37936,persona_natural,1
P-45575,persona_juridica,0
P-06858,persona_juridica,0
P-36575,persona_juridica,0
P-35696,persona_juridica,0
P-22838,persona_juridica,0
P-44660,persona_juridica,0
N-37081,persona_natural,1
N-01111,persona_natural,0
N-20567,persona_natural,0
P-17651,persona_juridica,0
N-06123,persona_natural,0
P-31699,persona_juridica,0
N-02680,persona_natural,0
N-36611,persona_natural,0
P-21776,persona_juridica,0
P-23564,persona_juridica,0
P-02003,persona_juridica,0
N-19553,persona_natural,0
P-15242,persona_juridica,0
P-09128,persona_juridica,0
N-07400,persona_natural,0
P-06855,persona_juridica,0
N-28721,persona_natural,0
P-28374,persona_juridica,1
UT-13183,union_temporal,0
N-26384,persona_natural,0
P-19721,persona_juridica,0
P-19749,persona_juridica,0
P-15726,persona_juridica,0
P-18757,persona_juridica,0
UT-4556,union_temporal,0
UT-6755,union_temporal,0
P-19903,persona_juridica,0
N-34038,persona_natural,1
P-13275,persona_juridica,0
P-30484,persona_juridica,1
N-30476,persona_natural,0
P-10688,persona_juridica,0
P-12305,persona_juridica,0
P-43883,persona_juridica,0
UT-42130,union_temporal,0
N-23086,persona_natural,0
N-22533,persona_natural,0
N-28203,persona_natural,0
P-04991,persona_juridica,1
N-01268,persona_natural,0
P-42105,persona_juridica,0
N-19740,persona_natural,0
UT-0907,union_temporal,0
P-45330,persona_juridica,0
N-30365,persona_natural,0
N-33140,persona_natural,0
UT-41828,union_temporal,0
P-41923,persona_juridica,0
UT-23103,union_temporal,0
P-45621,persona_juridica,0
N-12725,persona_natural,0
UT-12365,union_temporal,0
P-50506,persona_juridica,0
P-46692,persona_juridica,0
N-37292,persona_natural,0
P-49991,persona_juridica,1
N-33758,persona_natural,0
N-35923,persona_natural,0
P-10103,persona_juridica,0
P-48976,persona_juridica,0
N-05334,persona_natural,0
P-46287,persona_juridica,0
P-45940,persona_juridica,0
P-09538,persona_juridica,0
P-05082,persona_juridica,0
N-28760,persona_natural,0
N-13158,persona_natural,0
N-15844,persona_natural,0
UT-45240,union_temporal,0
N-05802,persona_natural,0
N-02012,persona_natural,0
P-20681,persona_juridica,0
P-10758,persona_juridica,0
P-38599,persona_juridica,0
N-27923,persona_natural,0
N-21942,persona_natural,0
P-31295,persona_juridica,0
N-01416,persona_natural,0
P-44704,persona_juridica,0
P-19368,persona_juridica,0
N-37879,persona_natural,0
N-29634,persona_natural,0
N-16552,persona_natural,0
P-42313,persona_juridica,0
N-22538,persona_natural,0
P-13567,persona_juridica,0
N-26975,persona_natural,0
P-46702,persona_juridica,0
P-19269,persona_juridica,0
N-08122,persona_natural,0
P-05921,persona_juridica,0
N-11513,persona_natural,1
P-11249,persona_juridica,0
P-07337,persona_juridica,0
P-48106,persona_juridica,0
P-40181,persona_juridica,0
P-42406,persona_juridica,0
N-15405,persona_natural,0
P-24767,persona_juridica,0
P-39546,persona_juridica,0
P-21674,persona_juridica,0
N-02101,persona_natural,0
N-23569,persona_natural,0
P-47675,persona_juridica,0
P-50286,persona_juridica,0
N-07205,persona_natural,0
P-35035,persona_juridica,0
N-33017,persona_natural,0
UT-24131,union_temporal,0
N-21767,persona_natural,0
N-30685,persona_natural,0
P-10772,persona_juridica,0
P-08039,persona_juridica,0
P-17037,persona_juridica,0
P-03561,persona_juridica,0
P-17962,persona_juridica,0
N-02751,persona_natural,0
P-28607,persona_juridica,0
P-49646,persona_juridica,0
N-29099,persona_natural,0
P-10096,persona_juridica,0
N-19447,persona_natural,0
N-01526,persona_natural,0
N-17135,persona_natural,0
N-12343,persona_natural,0
P-50832,persona_juridica,0
N-01214,persona_natural,0
P-32027,persona_juridica,0
P-30562,persona_juridica,0
P-21208,persona_juridica,0
P-46076,persona_juridica,1
P-05996,persona_juridica,0
N-00657,persona_natural,0
N-24088,persona_natural,0
P-01180,persona_juridica,0
N-28402,persona_natural,0
P-31244,persona_juridica,0
N-17676,persona_natural,0
P-20622,persona_juridica,0
P-17449,persona_juridica,0
P-15420,persona_juridica,0
P-15586,persona_juridica,0
P-04200,persona_juridica,0
N-00685,persona_natural,0
P-20085,persona_juridica,0
N-27205,persona_natural,0
P-38332,persona_juridica,0
UT-40533,union_temporal,0
P-42735,persona_juridica,0
P-31246,persona_juridica,0
N-07885,persona_natural,0
N-13038,persona_natural,0
UT-25717,union_temporal,0
N-34860,persona_natural,0
P-25422,persona_juridica,0
N-35999,persona_natural,0
N-07424,persona_natural,0
N-31160,persona_natural,0
P-17399,persona_juridica,0
P-45440,persona_juridica,0
N-05986,persona_natural,0
P-50143,persona_juridica,0
P-02163,persona_juridica,0
P-16546,persona_juridica,0
N-30561,persona_natural,0
N-37365,persona_natural,0
P-04373,persona_juridica,0
P-35186,persona_juridica,1
P-01296,persona_juridica,0
P-09599,persona_juridica,0
N-08382,persona_natural,0
N-12587,persona_natural,0
P-41371,persona_juridica,0
P-04789,persona_juridica,1
P-50125,persona_juridica,0
P-42438,persona_juridica,0
P-01164,persona_juridica,0
N-01395,persona_natural,0
P-11687,persona_juridica,1
N-32949,persona_natural,0
N-16255,persona_natural,1
P-12512,persona_juridica,0
P-07290,persona_juridica,0
P-21036,persona_juridica,0
N-29423,persona_natural,0
P-32407,persona_juridica,0
P-02972,persona_juridica,0
P-24179,persona_juridica,0
UT-10462,union_temporal,0
N-22221,persona_natural,0
N-02760,persona_natural,0
N-05161,persona_natural,0
N-16993,persona_natural,0
P-01643,persona_juridica,0
P-29801,persona_juridica,0
P-20180,persona_juridica,0
UT-1763,union_temporal,0
N-09580,persona_natural,0
N-28116,persona_natural,0
N-07490,persona_natural,0
P-18383,persona_juridica,0
N-16470,persona_natural,0
N-27463,persona_natural,0
P-20325,persona_juridica,0
N-12856,persona_natural,0
N-31417,persona_natural,0
N-26685,persona_natural,0
N-36384,persona_natural,0
N-24425,persona_natural,0
P-11166,persona_juridica,1
N-12014,persona_natural,0
UT-37929,union_temporal,0
P-20284,persona_juridica,0
P-48244,persona_juridica,0
N-05274,persona_natural,0
P-00113,persona_juridica,0
P-46964,persona_juridica,0
UT-31615,union_temporal,0
P-13785,persona_juridica,0
P-20903,persona_juridica,0
P-26344,persona_juridica,0
N-02336,persona_natural,0
N-00929,persona_natural,0
N-12398,persona_natural,0
N-28959,persona_natural,1
P-18992,persona_juridica,0
P-26808,persona_juridica,0
N-36529,persona_natural,1
N-02746,persona_natural,0
N-26873,persona_natural,0
N-13971,persona_natural,0
N-19421,persona_natural,0
UT-16049,union_temporal,0
N-29997,persona_natural,0
UT-12902,union_temporal,0
N-35168,persona_natural,0
N-03312,persona_natural,0
N-00427,persona_natural,0
P-47544,persona_juridica,0
P-01455,persona_juridica,1
P-43936,persona_juridica,0
P-22920,persona_juridica,0
N-08004,persona_natural,0
P-33030,persona_juridica,0
N-26262,persona_natural,0
P-01148,persona_juridica,0
P-49193,persona_juridica,0
N-12302,persona_natural,0
N-37947,persona_natural,0
UT-14400,union_temporal,0
P-37346,persona_juridica,0
P-50175,persona_juridica,0
P-31224,persona_juridica,0
N-02694,persona_natural,0
N-02382,persona_natural,0
P-09650,persona_juridica,0
N-30520,persona_natural,0
UT-37391,union_temporal,0
P-08578,persona_juridica,0
N-29418,persona_natural,0
N-28485,persona_natural,0
P-02442,persona_juridica,0
N-20070,persona_natural,0
P-50299,persona_juridica,0
N-20947,persona_natural,0
N-02182,persona_natural,0
P-47487,persona_juridica,0
N-27760,persona_natural,1
P-00272,persona_juridica,1
N-24459,persona_natural,0
P-02668,persona_juridica,0
N-22188,persona_natural,0
P-06268,persona_juridica,0
N-24269,persona_natural,0
P-38109,persona_juridica,0
P-50079,persona_juridica,1
P-37707,persona_juridica,0
N-26552,persona_natural,0
N-04395,persona_natural,0
N-28591,persona_natural,0
N-31373,persona_natural,0
N-13014,persona_natural,0
N-11404,persona_natural,0
P-44806,persona_juridica,0
P-13022,persona_juridica,0
UT-17708,union_temporal,0
P-05973,persona_juridica,0
N-31273,persona_natural,0
N-33247,persona_natural,0
UT-4531,union_temporal,0
UT-40021,union_temporal,0
N-04265,persona_natural,0
P-24567,persona_juridica,0
N-04609,persona_natural,0
N-34762,persona_natural,0
N-29365,persona_natural,0
P-38035,persona_juridica,0
N-31595,persona_natural,0
P-00474,persona_juridica,0
P-24740,persona_juridica,0
N-02872,persona_natural,0
P-40843,persona_juridica,0
N-11399,persona_natural,0
N-28227,persona_natural,0
P-07046,persona_juridica,0
P-51454,persona_juridica,0
N-06498,persona_natural,0
P-06028,persona_juridica,0
P-02667,persona_juridica,0
P-23052,persona_juridica,0
P-03895,persona_juridica,0
P-00759,persona_juridica,0
N-08719,persona_natural,0
P-06391,persona_juridica,0
N-36739,persona_natural,1
N-12455,persona_natural,0
P-15986,persona_juridica,0
UT-8472,union_temporal,0
P-47392,persona_juridica,0
P-02293,persona_juridica,1
UT-40933,union_temporal,0
P-02750,persona_juridica,0
P-29138,persona_juridica,0
N-19575,persona_natural,0
P-00126,persona_juridica,0
UT-38775,union_temporal,0
UT-13483,union_temporal,0
P-39251,persona_juridica,0
N-25550,persona_natural,0
N-07647,persona_natural,0
N-06450,persona_natural,0
N-12055,persona_natural,0
N-13271,persona_natural,0
P-48504,persona_juridica,0
P-41933,persona_juridica,0
N-06640,persona_natural,0
N-08305,persona_natural,0
P-07137,persona_juridica,0
P-20960,persona_juridica,0
N-19054,persona_natural,1
UT-37939,union_temporal,0
N-21459,persona_natural,0
N-11941,persona_natural,0
N-18092,persona_natural,0
UT-33685,union_temporal,0
N-19135,persona_natural,0
P-13953,persona_juridica,0
N-14112,persona_natural,0
P-39384,persona_juridica,0
N-13018,persona_natural,0
N-00282,persona_natural,0
P-00925,persona_juridica,0
P-49437,persona_juridica,0
P-18485,persona_juridica,0
N-14039,persona_natural,0
N-04655,persona_natural,0
P-39856,persona_juridica,0
N-00866,persona_natural,0
P-40746,persona_juridica,0
P-35834,persona_juridica,0
P-22545,persona_juridica,0
P-37131,persona_juridica,0
N-27595,persona_natural,0
N-36580,persona_natural,0
N-19804,persona_natural,0
P-50771,persona_juridica,0
N-04496,persona_natural,0
P-32069,persona_juridica,0
N-23100,persona_natural,0
N-26204,persona_natural,0
P-38715,persona_juridica,0
N-18306,persona_natural,0
N-11878,persona_natural,0
P-33264,persona_juridica,0
N-37708,persona_natural,1
P-29845,persona_juridica,0
P-01739,persona_juridica,0
N-16620,persona_natural,1
N-33982,persona_natural,0
P-09786,persona_juridica,0
P-16826,persona_juridica,0
P-10469,persona_juridica,0
N-29661,persona_natural,0
P-11051,persona_juridica,0
P-28628,persona_juridica,0
P-26423,persona_juridica,0
N-34663,persona_natural,0
P-34405,persona_juridica,0
P-20633,persona_juridica,1
UT-9440,union_temporal,0
P-47512,persona_juridica,0
P-16471,persona_juridica,0
N-00035,persona_natural,0
P-26274,persona_juridica,1
P-36583,persona_juridica,0
N-03853,persona_natural,1
N-13851,persona_natural,0
N-14098,persona_natural,0
P-46654,persona_juridica,0
P-36764,persona_juridica,0
P-15379,persona_juridica,0
P-34203,persona_juridica,0
N-35720,persona_natural,0
P-49785,persona_juridica,0
P-27182,persona_juridica,0
P-03779,persona_juridica,0
N-10367,persona_natural,0
P-19862,persona_juridica,0
P-09509,persona_juridica,1
P-39002,persona_juridica,0
P-48933,persona_juridica,0
P-24822,persona_juridica,0
N-29213,persona_natural,0
P-46903,persona_juridica,0
N-32463,persona_natural,0
P-20752,persona_juridica,0
P-33561,persona_juridica,0
P-34591,persona_juridica,0
P-35371,persona_juridica,0
P-16657,persona_juridica,0
P-13517,persona_juridica,0
N-11011,persona_natural,0
P-48599,persona_juridica,0
P-08299,persona_juridica,0
UT-21394,union_temporal,0
N-14377,persona_natural,0
P-20427,persona_juridica,0
UT-1282,union_temporal,0
N-06596,persona_natural,0
N-02290,persona_natural,0
P-28030,persona_juridica,0
P-20388,persona_juridica,0
UT-36761,union_temporal,0
UT-36012,union_temporal,0
P-50128,persona_juridica,0
UT-26878,union_temporal,0
N-24550,persona_natural,0
N-26323,persona_natural,0
P-33154,persona_juridica,0
UT-34221,union_temporal,0
P-15545,persona_juridica,0
P-21581,persona_juridica,0
P-26600,persona_juridica,0
N-02037,persona_natural,0
P-50235,persona_juridica,0
N-14174,persona_natural,0
UT-32842,union_temporal,0
P-34194,persona_juridica,0
N-35048,persona_natural,0
N-36346,persona_natural,0
N-28153,persona_natural,0
P-42493,persona_juridica,0
N-24132,persona_natural,1
N-01199,persona_natural,0
P-50289,persona_juridica,0
P-25593,persona_juridica,0
N-04087,persona_natural,0
N-26776,persona_natural,0
P-29499,persona_juridica,0
P-42786,persona_juridica,0
N-38032,persona_natural,0
N-02510,persona_natural,0
N-17039,persona_natural,0
N-25336,persona_natural,0
UT-0011,union_temporal,0
N-28202,persona_natural,0
N-14569,persona_natural,0
N-15907,persona_natural,0
UT-38988,union_temporal,0
P-13362,persona_juridica,0
N-16212,persona_natural,0
P-09937,persona_juridica,0
P-31269,persona_juridica,0
P-13229,persona_juridica,0
P-33635,persona_juridica,0
N-30510,persona_natural,0
P-26543,persona_juridica,1
N-31814,persona_natural,0
P-14117,persona_juridica,1
P-38101,persona_juridica,1
P-06865,persona_juridica,0
N-23855,persona_natural,0
N-35372,persona_natural,0
N-23607,persona_natural,0
UT-35834,union_temporal,0
P-07212,persona_juridica,0
N-24897,persona_natural,0
P-49090,persona_juridica,0
N-26493,persona_natural,1
N-16011,persona_natural,0
P-02437,persona_juridica,1
P-45574,persona_juridica,0
P-35623,persona_juridica,0
P-16213,persona_juridica,0
N-30712,persona_natural,0
N-27828,persona_natural,0
UT-32127,union_temporal,0
N-31219,persona_natural,0
P-39683,persona_juridica,0
UT-44556,union_temporal,0
P-40324,persona_juridica,0
N-30319,persona_natural,0
N-26720,persona_natural,0
N-05703,persona_natural,0
N-23513,persona_natural,0
N-12958,persona_natural,0
N-19629,persona_natural,0
UT-1326,union_temporal,0
N-28509,persona_natural,0
P-40109,persona_juridica,0
N-18099,persona_natural,0
N-17360,persona_natural,0
N-33249,persona_natural,0
UT-18648,union_temporal,0
P-44781,persona_juridica,0
N-00364,persona_natural,0
P-11784,persona_juridica,0
P-33618,persona_juridica,0
N-23926,persona_natural,0
N-27452,persona_natural,0
N-04114,persona_natural,0
P-34207,persona_juridica,0
P-22508,persona_juridica,0
UT-31034,union_temporal,0
UT-2142,union_temporal,0
N-32672,persona_natural,0
P-47258,persona_juridica,1
P-27191,persona_juridica,0
P-09132,persona_juridica,1
UT-39030,union_temporal,0
P-46617,persona_juridica,0
N-25701,persona_natural,0
N-28738,persona_natural,0
N-03139,persona_natural,0
P-23734,persona_juridica,0
UT-9714,union_temporal,0
P-03869,persona_juridica,0
N-17505,persona_natural,1
N-20365,persona_natural,0
P-35988,persona_juridica,0
P-51266,persona_juridica,0
N-12084,persona_natural,0
P-34627,persona_juridica,0
P-00398,persona_juridica,1
P-14989,persona_juridica,0
N-04465,persona_natural,0
N-13613,persona_natural,0
P-48846,persona_juridica,0
N-26986,persona_natural,1
P-18106,persona_juridica,0
P-31417,persona_juridica,0
P-03803,persona_juridica,0
P-51070,persona_juridica,0
N-21100,persona_natural,0
P-39358,persona_juridica,0
N-12243,persona_natural,0
N-37723,persona_natural,0
UT-46342,union_temporal,0
N-04347,persona_natural,0
UT-32526,union_temporal,0
N-21390,persona_natural,0
N-25074,persona_natural,0
N-25053,persona_natural,0
N-16851,persona_natural,0
P-24311,persona_juridica,0
UT-34647,union_temporal,0
N-14530,persona_natural,0
N-03775,persona_natural,0
N-21515,persona_natural,0
N-04388,persona_natural,1
UT-15419,union_temporal,0
P-37090,persona_juridica,0
P-33423,persona_juridica,0
P-47078,persona_juridica,0
P-14626,persona_juridica,0
UT-32934,union_temporal,0
N-32651,persona_natural,0
N-21960,persona_natural,0
P-13992,persona_juridica,0
P-26817,persona_juridica,0
P-43247,persona_juridica,0
N-17637,persona_natural,0
UT-9361,union_temporal,0
P-04793,persona_juridica,0
P-19711,persona_juridica,0
P-24007,persona_juridica,0
P-12269,persona_juridica,0
P-21682,persona_juridica,0
P-03168,persona_juridica,0
N-07637,persona_natural,0
P-24249,persona_juridica,0
N-14516,persona_natural,0
N-03492,persona_natural,0
N-03512,persona_natural,0
UT-44759,union_temporal,0
P-06119,persona_juridica,0
P-01313,persona_juridica,0
N-09027,persona_natural,0
N-01486,persona_natural,1
P-48102,persona_juridica,0
N-29743,persona_natural,0
P-35749,persona_juridica,0
P-05880,persona_juridica,0
UT-31673,union_temporal,0
P-10942,persona_juridica,0
P-27719,persona_juridica,1
P-25224,persona_juridica,0
P-35972,persona_juridica,0
N-09133,persona_natural,0
P-38975,persona_juridica,0
N-00770,persona_natural,0
N-08640,persona_natural,0
P-43865,persona_juridica,0
P-35480,persona_juridica,0
P-35405,persona_juridica,0
N-17829,persona_natural,1
UT-0511,union_temporal,0
UT-22341,union_temporal,0
P-50798,persona_juridica,0
N-07794,persona_natural,0
P-37605,persona_juridica,0
P-30837,persona_juridica,1
P-30885,persona_juridica,0
P-24970,persona_juridica,0
N-01530,persona_natural,0
P-39318,persona_juridica,0
N-11552,persona_natural,0
P-51448,persona_juridica,0
N-05661,persona_natural,0
N-20895,persona_natural,1
P-05148,persona_juridica,0
N-24012,persona_natural,0
P-41746,persona_juridica,0
P-09210,persona_juridica,0
P-41744,persona_juridica,0
P-07567,persona_juridica,0
N-13112,persona_natural,1
P-18305,persona_juridica,0
N-19779,persona_natural,1
N-24722,persona_natural,0
P-08443,persona_juridica,0
N-20261,persona_natural,0
N-33019,persona_natural,0
N-21688,persona_natural,0
P-10634,persona_juridica,0
UT-8388,union_temporal,0
UT-10834,union_temporal,0
P-42270,persona_juridica,0
P-48283,persona_juridica,0
P-35412,persona_juridica,1
P-28521,persona_juridica,0
UT-7902,union_temporal,0
N-32436,persona_natural,0
P-20877,persona_juridica,0
P-44706,persona_juridica,0
N-06383,persona_natural,0
UT-26072,union_temporal,0
P-10386,persona_juridica,0
N-03073,persona_natural,0
P-50652,persona_juridica,0
P-39848,persona_juridica,0
UT-8313,union_temporal,0
P-39770,persona_juridica,0
N-36622,persona_natural,0
N-27829,persona_natural,0
P-20550,persona_juridica,0
N-23935,persona_natural,0
N-18428,persona_natural,0
N-25020,persona_natural,0
N-01617,persona_natural,0
P-17955,persona_juridica,0
P-15548,persona_juridica,0
P-47524,persona_juridica,0
P-07243,persona_juridica,0
N-10806,persona_natural,0
P-25048,persona_juridica,0
P-02898,persona_juridica,0
P-00263,persona_juridica,0
N-33110,persona_natural,0
N-08392,persona_natural,0
UT-2888,union_temporal,0
P-28722,persona_juridica,1
N-06984,persona_natural,0
P-11825,persona_juridica,0
P-34471,persona_juridica,0
P-01802,persona_juridica,0
N-16735,persona_natural,0
N-00142,persona_natural,0
N-01022,persona_natural,0
N-36023,persona_natural,0
N-09037,persona_natural,0
P-25309,persona_juridica,1
P-41852,persona_juridica,1
N-01611,persona_natural,1
P-36007,persona_juridica,0
P-23256,persona_juridica,0
N-03587,persona_natural,0
P-07825,persona_juridica,0
UT-18989,union_temporal,0
P-28725,persona_juridica,0
N-09590,persona_natural,0
P-29429,persona_juridica,0
N-33842,persona_natural,0
UT-2842,union_temporal,0
N-02107,persona_natural,0
P-32703,persona_juridica,0
N-36702,persona_natural,0
N-10394,persona_natural,0
N-21588,persona_natural,0
N-21508,persona_natural,0
P-46182,persona_juridica,0
N-01281,persona_natural,0
P-07849,persona_juridica,0
N-17434,persona_natural,1
P-17488,persona_juridica,0
P-35000,persona_juridica,0
P-41468,persona_juridica,0
UT-10423,union_temporal,0
UT-45501,union_temporal,0
N-26947,persona_natural,0
P-46907,persona_juridica,0
N-35938,persona_natural,1
N-19513,persona_natural,0
P-44541,persona_juridica,0
N-10970,persona_natural,1
N-32925,persona_natural,0
P-26820,persona_juridica,0
N-15134,persona_natural,0
P-51240,persona_juridica,0
P-07790,persona_juridica,0
N-15455,persona_natural,0
P-19185,persona_juridica,0
P-16423,persona_juridica,0
N-24286,persona_natural,0
N-17573,persona_natural,0
P-23159,persona_juridica,0
P-12281,persona_juridica,0
UT-42125,union_temporal,0
N-30839,persona_natural,0
P-06025,persona_juridica,0
N-23521,persona_natural,0
P-28915,persona_juridica,0
P-41749,persona_juridica,0
N-27039,persona_natural,0
P-11316,persona_juridica,0
P-20906,persona_juridica,1
P-03984,persona_juridica,0
P-17025,persona_juridica,0
N-28637,persona_natural,0
N-12819,persona_natural,0
N-09840,persona_natural,0
P-17652,persona_juridica,0
UT-17749,union_temporal,0
N-11278,persona_natural,0
UT-11292,union_temporal,0
N-32366,persona_natural,0
UT-12458,union_temporal,0
P-12796,persona_juridica,0
P-51010,persona_juridica,0
P-16123,persona_juridica,0
P-49446,persona_juridica,0
N-08984,persona_natural,0
P-49320,persona_juridica,1
N-20251,persona_natural,0
N-33387,persona_natural,0
P-49191,persona_juridica,0
N-24624,persona_natural,0
P-05638,persona_juridica,0
P-20367,persona_juridica,0
N-21461,persona_natural,0
P-36592,persona_juridica,0
N-01044,persona_natural,0
N-04376,persona_natural,0
UT-35302,union_temporal,0
N-09195,persona_natural,0
N-21527,persona_natural,0
N-11682,persona_natural,0
N-07073,persona_natural,0
P-09721,persona_juridica,0
P-42520,persona_juridica,0
N-20321,persona_natural,0
P-22185,persona_juridica,0
N-36181,persona_natural,0
P-20041,persona_juridica,0
N-07091,persona_natural,0
P-23353,persona_juridica,0
N-09624,persona_natural,0
P-22033,persona_juridica,0
N-27495,persona_natural,0
N-31909,persona_natural,0
P-24750,persona_juridica,0
P-44343,persona_juridica,0
N-16171,persona_natural,0
P-45221,persona_juridica,0
N-34051,persona_natural,0
N-15498,persona_natural,0
N-27212,persona_natural,0
P-41868,persona_juridica,0
P-37748,persona_juridica,0
N-24052,persona_natural,1
P-05367,persona_juridica,0
N-11121,persona_natural,0
P-34195,persona_juridica,0
P-23107,persona_juridica,0
N-13170,persona_natural,0
P-05375,persona_juridica,0
N-23260,persona_natural,0
N-06837,persona_natural,0
UT-42728,union_temporal,0
P-11856,persona_juridica,0
P-21849,persona_juridica,0
P-26041,persona_juridica,0
P-04779,persona_juridica,0
N-25858,persona_natural,0
N-03443,persona_natural,1
P-38224,persona_juridica,0
N-23932,persona_natural,0
P-22931,persona_juridica,0
N-24380,persona_natural,0
N-21498,persona_natural,0
P-45088,persona_juridica,0
N-17851,persona_natural,0
P-43810,persona_juridica,0
UT-29978,union_temporal,0
P-03061,persona_juridica,0
N-31298,persona_natural,0
P-07714,persona_juridica,0
N-01907,persona_natural,0
P-13946,persona_juridica,0
N-37362,persona_natural,0
N-26328,persona_natural,1
P-29911,persona_juridica,0
P-31484,persona_juridica,0
P-44065,persona_juridica,0
N-23579,persona_natural,0
P-32174,persona_juridica,0
N-26487,persona_natural,0
N-34396,persona_natural,0
P-42289,persona_juridica,0
N-26449,persona_natural,0
P-02775,persona_juridica,0
N-08897,persona_natural,1
P-39649,persona_juridica,1
P-30623,persona_juridica,1
P-12947,persona_juridica,0
N-15896,persona_natural,0
P-51329,persona_juridica,0
N-37631,persona_natural,0
P-14507,persona_juridica,1
P-15666,persona_juridica,0
P-04450,persona_juridica,0
N-35833,persona_natural,0
N-18432,persona_natural,1
P-03147,persona_juridica,0
N-08957,persona_natural,0
P-29369,persona_juridica,0
P-16171,persona_juridica,0
P-29088,persona_juridica,0
N-33897,persona_natural,0
P-22393,persona_juridica,0
P-47585,persona_juridica,0
UT-15831,union_temporal,0
P-14767,persona_juridica,0
UT-16936,union_temporal,0
P-43351,persona_juridica,0
N-07351,persona_natural,0
P-49039,persona_juridica,0
P-26724,persona_juridica,1
N-36709,persona_natural,0
P-03282,persona_juridica,0
P-42198,persona_juridica,0
N-14170,persona_natural,0
P-19578,persona_juridica,0
N-08800,persona_natural,0
P-17759,persona_juridica,0
N-24156,persona_natural,0
N-30766,persona_natural,0
P-45740,persona_juridica,0
P-24268,persona_juridica,0
N-34776,persona_natural,0
P-11233,persona_juridica,0
P-06081,persona_juridica,0
P-42235,persona_juridica,0
UT-24584,union_temporal,0
UT-14933,union_temporal,0
UT-45532,union_temporal,0
P-05245,persona_juridica,0
N-25641,persona_natural,0
N-22858,persona_natural,0
P-38767,persona_juridica,0
P-49735,persona_juridica,0
N-16517,persona_natural,0
P-13911,persona_juridica,0
P-15485,persona_juridica,0
P-17473,persona_juridica,1
N-25691,persona_natural,1
N-11550,persona_natural,0
N-08852,persona_natural,0
N-24930,persona_natural,0
N-27755,persona_natural,0
N-05957,persona_natural,0
N-22099,persona_natural,0
N-06468,persona_natural,0
N-35473,persona_natural,0
P-47910,persona_juridica,0
P-12047,persona_juridica,0
N-00966,persona_natural,0
N-27149,persona_natural,0
UT-14104,union_temporal,0
N-08301,persona_natural,0
N-37933,persona_natural,0
P-47756,persona_juridica,1
UT-5430,union_temporal,0
N-21455,persona_natural,0
P-16675,persona_juridica,0
N-09619,persona_natural,0
P-11131,persona_juridica,0
P-15082,persona_juridica,0
N-31999,persona_natural,0
UT-37732,union_temporal,0
P-40419,persona_juridica,0
P-40913,persona_juridica,0
P-16314,persona_juridica,0
P-13304,persona_juridica,0
P-04166,persona_juridica,0
N-19821,persona_natural,0
P-38345,persona_juridica,0
N-01951,persona_natural,0
P-48537,persona_juridica,0
UT-26933,union_temporal,0
N-06949,persona_natural,0
P-20931,persona_juridica,0
P-04393,persona_juridica,1
N-11360,persona_natural,0
N-02040,persona_natural,0
P-20197,persona_juridica,0
N-00259,persona_natural,0
N-35079,persona_natural,1
N-37904,persona_natural,0
N-21125,persona_natural,0
P-16521,persona_juridica,0
UT-12127,union_temporal,0
N-24872,persona_natural,0
N-12246,persona_natural,0
N-36020,persona_natural,0
P-20845,persona_juridica,0
N-25277,persona_natural,0
UT-41283,union_temporal,0
N-13784,persona_natural,0
P-20490,persona_juridica,0
N-08706,persona_natural,1
N-03594,persona_natural,0
P-24372,persona_juridica,1
P-48591,persona_juridica,0
P-23162,persona_juridica,0
N-11394,persona_natural,0
P-24239,persona_juridica,0
P-48142,persona_juridica,0
UT-33329,union_temporal,0
P-29699,persona_juridica,0
N-09384,persona_natural,0
N-11021,persona_natural,0
P-50554,persona_juridica,0
P-37684,persona_juridica,0
P-44394,persona_juridica,0
P-15754,persona_juridica,0
P-39194,persona_juridica,1
P-43807,persona_juridica,0
P-47803,persona_juridica,0
N-10013,persona_natural,0
UT-37997,union_temporal,0
N-27321,persona_natural,0
P-14164,persona_juridica,0
P-22462,persona_juridica,0
P-21309,persona_juridica,0
N-37371,persona_natural,0
P-00560,persona_juridica,0
P-39438,persona_juridica,0
P-36424,persona_juridica,0
P-49331,persona_juridica,0
N-23905,persona_natural,0
P-43084,persona_juridica,0
P-25314,persona_juridica,0
P-32347,persona_juridica,0
N-09822,persona_natural,0
P-15505,persona_juridica,0
P-32095,persona_juridica,0
N-20423,persona_natural,0
N-33713,persona_natural,0
N-13677,persona_natural,1
N-16122,persona_natural,0
N-35710,persona_natural,0
P-12168,persona_juridica,0
P-17482,persona_juridica,0
P-44557,persona_juridica,1
P-14025,persona_juridica,0
P-09083,persona_juridica,1
N-31316,persona_natural,0
P-21676,persona_juridica,0
P-03269,persona_juridica,0
P-13202,persona_juridica,0
P-09173,persona_juridica,0
N-35359,persona_natural,0
P-18530,persona_juridica,0
P-13770,persona_juridica,1
UT-17971,union_temporal,0
N-13317,persona_natural,0
N-35284,persona_natural,0
N-27681,persona_natural,0
P-05736,persona_juridica,0
P-35494,persona_juridica,0
P-27295,persona_juridica,0
N-27875,persona_natural,0
N-21559,persona_natural,1
P-15639,persona_juridica,0
N-32574,persona_natural,0
N-36200,persona_natural,0
N-01014,persona_natural,0
N-10971,persona_natural,0
N-19312,persona_natural,0
P-50165,persona_juridica,0
P-24463,persona_juridica,0
N-05833,persona_natural,0
P-12486,persona_juridica,0
N-01579,persona_natural,0
N-30974,persona_natural,0
P-11058,persona_juridica,0
N-33628,persona_natural,0
P-04154,persona_juridica,1
P-23447,persona_juridica,0
N-37663,persona_natural,0
P-38900,persona_juridica,0
P-04958,persona_juridica,0
P-21223,persona_juridica,0
N-17753,persona_natural,0
N-33196,persona_natural,0
N-15497,persona_natural,1
P-47398,persona_juridica,0
P-34692,persona_juridica,0
UT-42284,union_temporal,0
P-26504,persona_juridica,0
P-30370,persona_juridica,1
N-13780,persona_natural,0
P-46395,persona_juridica,0
N-30486,persona_natural,0
N-20917,persona_natural,0
N-15050,persona_natural,0
N-32385,persona_natural,0
P-38126,persona_juridica,1
P-40253,persona_juridica,0
N-14434,persona_natural,0
P-43697,persona_juridica,0
UT-10323,union_temporal,0
N-17420,persona_natural,0
P-19184,persona_juridica,0
UT-8439,union_temporal,0
N-10111,persona_natural,0
N-30131,persona_natural,0
P-41855,persona_juridica,0
N-03316,persona_natural,0
P-02581,persona_juridica,0
P-31564,persona_juridica,1
N-22163,persona_natural,0
N-06286,persona_natural,0
N-12282,persona_natural,0
P-48626,persona_juridica,0
N-09663,persona_natural,0
N-06335,persona_natural,0
P-16369,persona_juridica,0
N-22777,persona_natural,0
UT-9589,union_temporal,0
N-12782,persona_natural,0
N-32719,persona_natural,0
N-29530,persona_natural,0
P-42634,persona_juridica,0
N-09719,persona_natural,0
N-16219,persona_natural,0
N-24684,persona_natural,0
P-24199,persona_juridica,0
N-35243,persona_natural,0
P-12884,persona_juridica,1
N-32850,persona_natural,0
P-01848,persona_juridica,0
P-29885,persona_juridica,0
N-08844,persona_natural,0
P-15053,persona_juridica,0
N-04313,persona_natural,0
N-30693,persona_natural,0
P-13235,persona_juridica,0
P-34987,persona_juridica,0
N-05497,persona_natural,0
P-16977,persona_juridica,1
P-18244,persona_juridica,0
P-31783,persona_juridica,1
P-23062,persona_juridica,0
N-04630,persona_natural,0
P-23331,persona_juridica,0
UT-32364,union_temporal,0
P-06945,persona_juridica,0
P-15035,persona_juridica,0
P-05463,persona_juridica,0
UT-2599,union_temporal,0
P-03851,persona_juridica,0
P-20115,persona_juridica,0
N-05641,persona_natural,0
P-07292,persona_juridica,0
N-12592,persona_natural,0
P-01238,persona_juridica,0
P-23124,persona_juridica,0
N-00325,persona_natural,0
N-23906,persona_natural,0
P-01229,persona_juridica,0
P-17281,persona_juridica,1
N-12301,persona_natural,0
P-04640,persona_juridica,0
N-29872,persona_natural,0
N-34726,persona_natural,0
N-25463,persona_natural,0
N-04288,persona_natural,1
P-23406,persona_juridica,0
UT-45990,union_temporal,0
N-24706,persona_natural,0
UT-26934,union_temporal,0
P-10636,persona_juridica,0
P-26117,persona_juridica,0
N-21523,persona_natural,0
P-24344,persona_juridica,1
P-20488,persona_juridica,0
P-50087,persona_juridica,0
UT-32710,union_temporal,0
UT-15775,union_temporal,0
N-13622,persona_natural,0
P-43627,persona_juridica,0
N-22174,persona_natural,0
P-24720,persona_juridica,0
P-14601,persona_juridica,0
UT-46476,union_temporal,0
P-50765,persona_juridica,0
P-00057,persona_juridica,0
N-34013,persona_natural,0
P-20913,persona_juridica,0
N-09689,persona_natural,0
N-03034,persona_natural,0
N-25631,persona_natural,0
N-16000,persona_natural,0
N-22836,persona_natural,0
P-38884,persona_juridica,0
N-24441,persona_natural,0
N-23886,persona_natural,1
P-08910,persona_juridica,0
P-19210,persona_juridica,1
P-00928,persona_juridica,0
N-37530,persona_natural,1
N-32140,persona_natural,0
N-33166,persona_natural,0
N-04713,persona_natural,0
P-49934,persona_juridica,0
N-05152,persona_natural,0
N-12091,persona_natural,0
P-20014,persona_juridica,0
P-18248,persona_juridica,1
P-33998,persona_juridica,0
P-00424,persona_juridica,1
N-31380,persona_natural,0
N-16501,persona_natural,0
P-39600,persona_juridica,0
N-00454,persona_natural,0
N-28103,persona_natural,0
N-29243,persona_natural,0
P-50918,persona_juridica,0
N-19521,persona_natural,1
P-19151,persona_juridica,0
P-38614,persona_juridica,0
N-11569,persona_natural,0
P-34879,persona_juridica,1
P-33301,persona_juridica,0
P-02565,persona_juridica,0
P-38015,persona_juridica,1
P-20791,persona_juridica,0
P-00588,persona_juridica,0
N-33600,persona_natural,0
N-28096,persona_natural,0
P-19966,persona_juridica,0
P-21781,persona_juridica,0
P-20452,persona_juridica,0
P-14968,persona_juridica,0
N-07353,persona_natural,0
N-03004,persona_natural,0
P-16941,persona_juridica,1
P-45413,persona_juridica,0
P-13417,persona_juridica,0
N-21762,persona_natural,0
N-02909,persona_natural,0
P-46631,persona_juridica,0
N-10891,persona_natural,0
N-00656,persona_natural,0
UT-24656,union_temporal,0
N-21785,persona_natural,0
N-08128,persona_natural,0
N-27908,persona_natural,1
UT-21540,union_temporal,0
N-31512,persona_natural,0
P-27972,persona_juridica,0
P-26282,persona_juridica,1
N-02171,persona_natural,0
P-23374,persona_juridica,0
P-33749,persona_juridica,0
N-12001,persona_natural,0
UT-23919,union_temporal,0
P-00665,persona_juridica,0
UT-12629,union_temporal,0
N-18889,persona_natural,0
N-21802,persona_natural,0
P-28528,persona_juridica,0
P-31352,persona_juridica,0
UT-36573,union_temporal,0
UT-10519,union_temporal,0
P-08206,persona_juridica,0
P-11309,persona_juridica,0
N-12621,persona_natural,0
P-03176,persona_juridica,0
P-22069,persona_juridica,0
P-14161,persona_juridica,0
P-15456,persona_juridica,0
P-17573,persona_juridica,1
P-49711,persona_juridica,0
N-10821,persona_natural,1
P-33918,persona_juridica,0
N-18414,persona_natural,1
N-06420,persona_natural,0
N-09160,persona_natural,0
P-47797,persona_juridica,0
P-48435,persona_juridica,0
P-18584,persona_juridica,0
P-02588,persona_juridica,0
N-11745,persona_natural,0
P-06108,persona_juridica,0
P-34337,persona_juridica,0
P-48007,persona_juridica,0
N-13998,persona_natural,0
P-12542,persona_juridica,0
P-36127,persona_juridica,0
UT-11083,union_temporal,0
P-35604,persona_juridica,0
N-16046,persona_natural,1
P-11538,persona_juridica,0
N-25252,persona_natural,0
UT-8324,union_temporal,0
N-15195,persona_natural,0
N-26602,persona_natural,0
P-29032,persona_juridica,0
P-51188,persona_juridica,0
P-01183,persona_juridica,0
P-01425,persona_juridica,0
P-14083,persona_juridica,1
UT-0737,union_temporal,0
P-22506,persona_juridica,0
P-23151,persona_juridica,0
N-09959,persona_natural,0
N-05663,persona_natural,0
P-29516,persona_juridica,0
N-14370,persona_natural,0
P-00386,persona_juridica,0
P-33074,persona_juridica,0
P-00215,persona_juridica,0
P-39107,persona_juridica,0
P-12750,persona_juridica,0
UT-8615,union_temporal,0
N-10923,persona_natural,1
P-01604,persona_juridica,0
P-44656,persona_juridica,0
P-45136,persona_juridica,0
P-10133,persona_juridica,0
P-18915,persona_juridica,0
P-20440,persona_juridica,0
P-04964,persona_juridica,0
P-12144,persona_juridica,0
P-04560,persona_juridica,0
N-04337,persona_natural,0
N-32803,persona_natural,0
P-35422,persona_juridica,0
N-25984,persona_natural,0
N-37504,persona_natural,1
N-35213,persona_natural,0
P-51372,persona_juridica,0
N-33537,persona_natural,0
P-10288,persona_juridica,0
N-11986,persona_natural,0
N-13102,persona_natural,0
N-04503,persona_natural,0
P-09535,persona_juridica,0
UT-6348,union_temporal,0
P-45220,persona_juridica,0
P-01567,persona_juridica,0
P-45788,persona_juridica,0
N-31968,persona_natural,1
P-21894,persona_juridica,0
N-11464,persona_natural,0
P-10314,persona_juridica,0
N-12283,persona_natural,0
N-14099,persona_natural,0
N-27997,persona_natural,0
N-26156,persona_natural,1
N-27668,persona_natural,0
N-03872,persona_natural,0
P-50474,persona_juridica,0
P-49955,persona_juridica,0
P-08575,persona_juridica,0
P-51456,persona_juridica,0
P-17159,persona_juridica,0
P-09124,persona_juridica,1
P-20310,persona_juridica,0
P-18977,persona_juridica,0
P-13424,persona_juridica,0
P-12922,persona_juridica,0
N-37399,persona_natural,0
P-17453,persona_juridica,1
N-18373,persona_natural,0
N-37036,persona_natural,0
N-18283,persona_natural,0
P-44612,persona_juridica,0
P-10289,persona_juridica,1
P-46999,persona_juridica,0
P-37034,persona_juridica,0
P-37372,persona_juridica,0
N-01156,persona_natural,0
P-29358,persona_juridica,0
P-18213,persona_juridica,0
N-25489,persona_natural,0
N-35676,persona_natural,0
N-18911,persona_natural,0
N-21143,persona_natural,0
P-12403,persona_juridica,0
N-29628,persona_natural,0
P-26319,persona_juridica,0
P-06895,persona_juridica,0
N-10380,persona_natural,0
P-15037,persona_juridica,0
N-07214,persona_natural,0
UT-27271,union_temporal,0
N-22014,persona_natural,0
P-03226,persona_juridica,0
N-35901,persona_natural,0
N-16003,persona_natural,0
P-00315,persona_juridica,1
P-05721,persona_juridica,0
N-37289,persona_natural,0
P-51236,persona_juridica,0
N-04030,persona_natural,0
N-30881,persona_natural,0
P-47297,persona_juridica,0
N-18142,persona_natural,0
N-28273,persona_natural,0
P-25774,persona_juridica,0
N-03179,persona_natural,0
N-10317,persona_natural,0
P-36404,persona_juridica,0
P-43876,persona_juridica,0
N-15776,persona_natural,1
N-14016,persona_natural,0
N-26917,persona_natural,0
N-36922,persona_natural,0
P-39558,persona_juridica,0
P-20223,persona_juridica,0
P-38142,persona_juridica,0
UT-8007,union_temporal,0
P-49275,persona_juridica,0
N-23090,persona_natural,0
N-20538,persona_natural,0
N-08786,persona_natural,0
UT-24798,union_temporal,0
UT-17901,union_temporal,0
N-06478,persona_natural,0
N-07223,persona_natural,0
N-17313,persona_natural,1
N-15793,persona_natural,0
P-22521,persona_juridica,0
UT-14692,union_temporal,0
P-42263,persona_juridica,0
P-32490,persona_juridica,0
N-05052,persona_natural,0
N-20293,persona_natural,0
N-23385,persona_natural,0
N-19870,persona_natural,0
N-18143,persona_natural,0
P-31303,persona_juridica,1
P-44247,persona_juridica,0
P-01076,persona_juridica,0
N-27258,persona_natural,0
P-31834,persona_juridica,1
P-43297,persona_juridica,1
P-45032,persona_juridica,0
N-04618,persona_natural,0
N-33294,persona_natural,0
N-05314,persona_natural,0
N-21396,persona_natural,0
P-51373,persona_juridica,1
P-08805,persona_juridica,0
P-30924,persona_juridica,0
P-39238,persona_juridica,0
N-13650,persona_natural,0
P-32606,persona_juridica,0
P-30706,persona_juridica,0
N-05424,persona_natural,0
N-36904,persona_natural,0
N-14513,persona_natural,0
N-33130,persona_natural,0
P-03610,persona_juridica,0
N-10357,persona_natural,0
P-22958,persona_juridica,0
P-27321,persona_juridica,1
P-08070,persona_juridica,0
P-42062,persona_juridica,0
P-10365,persona_juridica,0
P-06375,persona_juridica,1
N-06974,persona_natural,0
P-11366,persona_juridica,0
P-33097,persona_juridica,1
P-50061,persona_juridica,0
N-00423,persona_natural,0
P-37036,persona_juridica,0
P-30959,persona_juridica,0
N-20887,persona_natural,0
N-07893,persona_natural,0
P-01334,persona_juridica,0
P-02129,persona_juridica,0
P-36874,persona_juridica,0
P-01010,persona_juridica,0
N-07787,persona_natural,0
P-22153,persona_juridica,0
P-48478,persona_juridica,0
N-23392,persona_natural,0
N-23751,persona_natural,0
P-16433,persona_juridica,0
N-13829,persona_natural,0
N-13394,persona_natural,0
P-32442,persona_juridica,0
N-15508,persona_natural,0
P-32145,persona_juridica,0
N-04500,persona_natural,0
P-17115,persona_juridica,0
P-46609,persona_juridica,0
P-02768,persona_juridica,0
UT-16435,union_temporal,0
P-13757,persona_juridica,1
P-34899,persona_juridica,0
N-20640,persona_natural,0
N-14586,persona_natural,0
P-39958,persona_juridica,0
P-44538,persona_juridica,0
N-02851,persona_natural,1
P-43016,persona_juridica,0
P-17094,persona_juridica,0
N-33639,persona_natural,0
P-11429,persona_juridica,0
P-46806,persona_juridica,0
P-27598,persona_juridica,0
N-06078,persona_natural,1
N-27603,persona_natural,0
P-27534,persona_juridica,0
P-32121,persona_juridica,0
N-22843,persona_natural,0
P-19932,persona_juridica,0
P-22490,persona_juridica,0
N-09455,persona_natural,0
N-31012,persona_natural,0
P-27341,persona_juridica,1
P-12616,persona_juridica,1
P-51225,persona_juridica,1
P-33570,persona_juridica,0
P-06449,persona_juridica,0
P-31798,persona_juridica,0
P-47075,persona_juridica,0
P-16148,persona_juridica,0
N-11677,persona_natural,1
P-04138,persona_juridica,0
P-30395,persona_juridica,0
N-10009,persona_natural,0
P-25163,persona_juridica,0
P-25125,persona_juridica,0
N-36721,persona_natural,1
P-28542,persona_juridica,0
N-33348,persona_natural,0
P-29460,persona_juridica,0
N-26259,persona_natural,0
P-27368,persona_juridica,0
P-11343,persona_juridica,0
P-11407,persona_juridica,0
P-21361,persona_juridica,0
N-00174,persona_natural,0
P-07376,persona_juridica,0
P-13142,persona_juridica,1
P-28444,persona_juridica,0
N-06561,persona_natural,0
N-17747,persona_natural,0
P-41913,persona_juridica,0
P-00281,persona_juridica,0
P-07920,persona_juridica,0
N-30704,persona_natural,0
P-39054,persona_juridica,0
N-25900,persona_natural,0
P-09555,persona_juridica,0
N-06295,persona_natural,0
P-34843,persona_juridica,0
P-49824,persona_juridica,0
UT-22196,union_temporal,0
P-15715,persona_juridica,0
N-03919,persona_natural,0
N-22725,persona_natural,0
P-03110,persona_juridica,0
P-00375,persona_juridica,0
N-18634,persona_natural,1
N-11610,persona_natural,0
N-17445,persona_natural,0
P-50313,persona_juridica,0
N-23677,persona_natural,0
P-17866,persona_juridica,0
P-02260,persona_juridica,0
P-49347,persona_juridica,0
P-49328,persona_juridica,0
N-36126,persona_natural,0
N-27954,persona_natural,0
P-13800,persona_juridica,0
P-33441,persona_juridica,1
N-28284,persona_natural,0
P-21065,persona_juridica,0
P-50697,persona_juridica,0
P-20204,persona_juridica,1
N-12987,persona_natural,0
N-33784,persona_natural,1
N-30824,persona_natural,0
N-23341,persona_natural,0
P-35832,persona_juridica,0
N-21641,persona_natural,1
P-01037,persona_juridica,1
N-02919,persona_natural,0
P-42934,persona_juridica,0
P-04755,persona_juridica,0
P-17919,persona_juridica,0
UT-23940,union_temporal,0
UT-8694,union_temporal,0
P-49366,persona_juridica,0
N-25734,persona_natural,0
P-38873,persona_juridica,0
N-00412,persona_natural,0
N-13108,persona_natural,0
N-37905,persona_natural,0
N-21669,persona_natural,0
N-33878,persona_natural,0
UT-7074,union_temporal,0
P-18943,persona_juridica,0
N-19181,persona_natural,0
P-12800,persona_juridica,0
N-17340,persona_natural,0
N-34328,persona_natural,0
P-47102,persona_juridica,0
UT-35469,union_temporal,0
P-29679,persona_juridica,0
P-28778,persona_juridica,0
UT-26816,union_temporal,0
N-00038,persona_natural,0
P-34537,persona_juridica,0
N-16723,persona_natural,0
P-10235,persona_juridica,0
P-20602,persona_juridica,0
P-36603,persona_juridica,0
N-24728,persona_natural,0
P-42355,persona_juridica,0
P-38382,persona_juridica,0
P-25895,persona_juridica,0
P-33863,persona_juridica,0
N-04808,persona_natural,0
P-17527,persona_juridica,1
P-33276,persona_juridica,0
P-26409,persona_juridica,0
P-22280,persona_juridica,0
UT-11636,union_temporal,0
N-12718,persona_natural,1
N-37656,persona_natural,0
N-32251,persona_natural,0
UT-8298,union_temporal,0
N-04982,persona_natural,0
N-35361,persona_natural,0
N-08908,persona_natural,0
P-12366,persona_juridica,0
N-18261,persona_natural,1
P-38040,persona_juridica,0
N-24381,persona_natural,0
P-24033,persona_juridica,0
N-25261,persona_natural,0
N-36324,persona_natural,0
P-31842,persona_juridica,0
N-13574,persona_natural,0
P-14304,persona_juridica,1
N-24313,persona_natural,0
N-35458,persona_natural,0
P-24669,persona_juridica,0
P-42695,persona_juridica,1
N-12067,persona_natural,0
P-31271,persona_juridica,0
N-23869,persona_natural,0
N-05147,persona_natural,0
P-03871,persona_juridica,0
N-19901,persona_natural,1
UT-19607,union_temporal,0
N-22902,persona_natural,0
P-26074,persona_juridica,0
N-04466,persona_natural,0
N-15122,persona_natural,0
P-37304,persona_juridica,0
P-31895,persona_juridica,0
P-40816,persona_juridica,0
N-06035,persona_natural,0
N-33560,persona_natural,0
N-30597,persona_natural,0
P-42088,persona_juridica,0
P-41618,persona_juridica,1
N-05116,persona_natural,0
N-15375,persona_natural,0
P-44558,persona_juridica,0
N-06434,persona_natural,0
UT-38116,union_temporal,0
N-18299,persona_natural,0
N-17575,persona_natural,1
P-32994,persona_juridica,0
N-15474,persona_natural,1
N-09762,persona_natural,0
UT-23489,union_temporal,0
UT-3396,union_temporal,0
N-36470,persona_natural,0
P-27308,persona_juridica,0
N-34284,persona_natural,0
P-47773,persona_juridica,0
N-17110,persona_natural,0
UT-3900,union_temporal,0
N-21596,persona_natural,1
N-27445,persona_natural,1
UT-2541,union_temporal,0
N-15466,persona_natural,0
P-17793,persona_juridica,1
N-04381,persona_natural,0
UT-11820,union_temporal,0
N-06564,persona_natural,0
P-10054,persona_juridica,0
N-16038,persona_natural,0
P-18510,persona_juridica,0
P-13164,persona_juridica,0
P-36550,persona_juridica,0
N-36632,persona_natural,0
UT-45296,union_temporal,0
N-34556,persona_natural,0
N-01700,persona_natural,0
P-04886,persona_juridica,1
P-05639,persona_juridica,0
P-03728,persona_juridica,0
P-43756,persona_juridica,0
P-15075,persona_juridica,0
P-35888,persona_juridica,0
N-06208,persona_natural,0
N-15365,persona_natural,0
UT-28975,union_temporal,0
P-15950,persona_juridica,0
N-04432,persona_natural,0
N-09362,persona_natural,0
N-36868,persona_natural,0
P-08274,persona_juridica,0
P-43688,persona_juridica,0
P-23856,persona_juridica,0
N-22046,persona_natural,0
N-23398,persona_natural,0
P-04776,persona_juridica,0
N-29237,persona_natural,1
P-02923,persona_juridica,0
P-36801,persona_juridica,0
P-25747,persona_juridica,0
P-18986,persona_juridica,0
UT-4453,union_temporal,0
UT-5324,union_temporal,0
N-26327,persona_natural,0
P-13138,persona_juridica,0
P-03296,persona_juridica,0
P-11066,persona_juridica,1
P-20910,persona_juridica,0
P-09147,persona_juridica,0
N-10397,persona_natural,1
P-02964,persona_juridica,0
P-03860,persona_juridica,0
P-37351,persona_juridica,0
P-00260,persona_juridica,1
P-45937,persona_juridica,1
P-44944,persona_juridica,0
N-05191,persona_natural,0
N-28092,persona_natural,0
P-49970,persona_juridica,0
N-29664,persona_natural,0
P-04137,persona_juridica,0
P-04684,persona_juridica,0
N-03315,persona_natural,0
P-28329,persona_juridica,0
N-03071,persona_natural,0
P-04956,persona_juridica,0
N-35886,persona_natural,0
N-09524,persona_natural,0
N-34128,persona_natural,0
P-15960,persona_juridica,0
N-22134,persona_natural,0
P-08038,persona_juridica,0
N-14690,persona_natural,1
P-35753,persona_juridica,0
P-04017,persona_juridica,0
P-48642,persona_juridica,0
N-23049,persona_natural,0
P-44634,persona_juridica,0
N-04914,persona_natural,0
P-38637,persona_juridica,0
UT-15881,union_temporal,0
N-26605,persona_natural,0
P-27123,persona_juridica,0
P-33939,persona_juridica,0
N-28281,persona_natural,0
P-38380,persona_juridica,0
N-26512,persona_natural,0
N-33494,persona_natural,1
N-07927,persona_natural,0
P-27196,persona_juridica,0
P-39036,persona_juridica,0
P-46139,persona_juridica,0
N-02927,persona_natural,1
N-16537,persona_natural,0
N-12517,persona_natural,0
P-34266,persona_juridica,0
P-23113,persona_juridica,0
N-14897,persona_natural,0
P-46911,persona_juridica,0
P-29008,persona_juridica,0
N-14289,persona_natural,0
N-25021,persona_natural,1
N-06452,persona_natural,0
P-12301,persona_juridica,0
N-06580,persona_natural,0
N-15735,persona_natural,0
N-32790,persona_natural,0
P-46311,persona_juridica,0
P-25326,persona_juridica,0
N-32496,persona_natural,0
P-06246,persona_juridica,0
P-24471,persona_juridica,0
N-27790,persona_natural,0
P-17463,persona_juridica,0
N-14017,persona_natural,0
P-25718,persona_juridica,0
UT-39963,union_temporal,0
P-06547,persona_juridica,0
P-40134,persona_juridica,0
N-29356,persona_natural,0
N-05503,persona_natural,0
N-26919,persona_natural,0
N-13045,persona_natural,0
N-35895,persona_natural,0
P-44871,persona_juridica,0
P-25545,persona_juridica,0
UT-3285,union_temporal,0
N-24009,persona_natural,0
P-47057,persona_juridica,0
N-15881,persona_natural,0
P-46889,persona_juridica,0
P-34293,persona_juridica,0
N-26827,persona_natural,0
N-23045,persona_natural,0
P-19819,persona_juridica,0
P-46966,persona_juridica,0
N-18587,persona_natural,0
N-22241,persona_natural,0
UT-9246,union_temporal,0
N-33893,persona_natural,0
N-33592,persona_natural,0
N-06546,persona_natural,0
N-28958,persona_natural,1
UT-29360,union_temporal,0
P-44265,persona_juridica,0
P-08983,persona_juridica,0
P-41686,persona_juridica,0
P-01064,persona_juridica,0
P-34201,persona_juridica,0
N-15335,persona_natural,0
N-00041,persona_natural,0
N-24236,persona_natural,0
N-30891,persona_natural,0
P-10321,persona_juridica,1
UT-33620,union_temporal,0
P-34254,persona_juridica,0
P-35973,persona_juridica,0
P-04544,persona_juridica,0
N-15643,persona_natural,0
P-17137,persona_juridica,0
P-10657,persona_juridica,0
UT-14188,union_temporal,0
N-34969,persona_natural,1
P-24653,persona_juridica,0
UT-7691,union_temporal,0
P-45369,persona_juridica,0
N-23758,persona_natural,0
P-37386,persona_juridica,0
N-26641,persona_natural,0
P-11406,persona_juridica,0
P-22167,persona_juridica,0
P-41204,persona_juridica,0
P-19168,persona_juridica,1
N-17578,persona_natural,0
N-14009,persona_natural,0
P-46960,persona_juridica,0
P-10193,persona_juridica,0
P-24054,persona_juridica,0
N-28094,persona_natural,0
P-33580,persona_juridica,1
P-11018,persona_juridica,0
N-03683,persona_natural,0
UT-5939,union_temporal,0
UT-29690,union_temporal,0
N-10787,persona_natural,1
N-20530,persona_natural,0
N-33851,persona_natural,0
P-46393,persona_juridica,0
N-25018,persona_natural,0
N-27545,persona_natural,0
P-37455,persona_juridica,1
P-19492,persona_juridica,1
N-19674,persona_natural,0
N-19085,persona_natural,0
P-17949,persona_juridica,1
P-47377,persona_juridica,0
P-04975,persona_juridica,0
N-29775,persona_natural,0
N-12278,persona_natural,0
UT-34166,union_temporal,0
P-15996,persona_juridica,0
P-26687,persona_juridica,0
N-22857,persona_natural,0
N-28255,persona_natural,0
P-08014,persona_juridica,0
N-02566,persona_natural,0
P-27477,persona_juridica,0
N-25445,persona_natural,1
P-09511,persona_juridica,0
P-47979,persona_juridica,0
N-16972,persona_natural,0
P-17773,persona_juridica,0
N-18750,persona_natural,0
P-43594,persona_juridica,0
P-39005,persona_juridica,0
P-32847,persona_juridica,0
P-43184,persona_juridica,0
N-33298,persona_natural,0
N-11891,persona_natural,1
P-32088,persona_juridica,0
P-27474,persona_juridica,0
P-08005,persona_juridica,0
N-17850,persona_natural,0
P-48981,persona_juridica,0
P-16913,persona_juridica,0
P-18548,persona_juridica,0
N-24180,persona_natural,0
P-32645,persona_juridica,0
P-11882,persona_juridica,0
P-36110,persona_juridica,0
P-11591,persona_juridica,0
P-49168,persona_juridica,0
UT-20878,union_temporal,0
P-01200,persona_juridica,0
N-32446,persona_natural,0
P-00901,persona_juridica,0
P-02722,persona_juridica,0
P-48511,persona_juridica,0
N-16916,persona_natural,0
P-51264,persona_juridica,0
N-10041,persona_natural,0
N-19133,persona_natural,0
N-21894,persona_natural,0
N-28524,persona_natural,0
P-35133,persona_juridica,0
N-25533,persona_natural,0
N-37163,persona_natural,0
N-28287,persona_natural,0
N-03916,persona_natural,0
N-17440,persona_natural,1
N-11887,persona_natural,0
N-16783,persona_natural,0
P-39870,persona_juridica,0
N-18330,persona_natural,0
N-18423,persona_natural,1
N-19809,persona_natural,0
UT-5121,union_temporal,0
N-33752,persona_natural,0
N-22472,persona_natural,1
N-12669,persona_natural,0
P-23222,persona_juridica,0
P-12790,persona_juridica,0
N-37091,persona_natural,0
N-02065,persona_natural,0
P-10527,persona_juridica,0
P-41983,persona_juridica,0
P-31752,persona_juridica,0
P-50038,persona_juridica,0
P-04990,persona_juridica,0
P-41779,persona_juridica,0
P-20457,persona_juridica,0
N-02544,persona_natural,1
N-22513,persona_natural,0
P-32913,persona_juridica,0
P-19411,persona_juridica,0
UT-30464,union_temporal,0
N-10876,persona_natural,1
N-21594,persona_natural,1
N-19613,persona_natural,0
UT-11751,union_temporal,0
P-39229,persona_juridica,0
N-01238,persona_natural,0
N-35477,persona_natural,0
P-00219,persona_juridica,0
P-42865,persona_juridica,0
P-46633,persona_juridica,0
N-08036,persona_natural,0
N-21736,persona_natural,0
N-01071,persona_natural,0
N-05727,persona_natural,1
P-37511,persona_juridica,0
P-00633,persona_juridica,0
N-01035,persona_natural,0
P-27555,persona_juridica,0
P-31429,persona_juridica,0
N-23765,persona_natural,0
P-31159,persona_juridica,0
P-21903,persona_juridica,0
P-24952,persona_juridica,1
UT-16002,union_temporal,0
P-40438,persona_juridica,0
P-12421,persona_juridica,0
P-08061,persona_juridica,0
P-41487,persona_juridica,0
P-12897,persona_juridica,0
P-28864,persona_juridica,0
P-41022,persona_juridica,0
N-24928,persona_natural,0
N-24371,persona_natural,0
N-14137,persona_natural,0
N-18047,persona_natural,0
P-17977,persona_juridica,0
P-20239,persona_juridica,0
UT-40771,union_temporal,0
N-25124,persona_natural,1
P-40668,persona_juridica,0
N-13069,persona_natural,1
N-20038,persona_natural,1
P-28804,persona_juridica,0
N-24407,persona_natural,0
N-28507,persona_natural,0
UT-31537,union_temporal,0
P-08745,persona_juridica,0
P-48454,persona_juridica,0
N-01522,persona_natural,0
N-35896,persona_natural,0
P-05447,persona_juridica,0
P-04430,persona_juridica,0
N-27542,persona_natural,0
N-08669,persona_natural,0
N-20120,persona_natural,0
N-16584,persona_natural,0
P-47224,persona_juridica,1
N-20169,persona_natural,0
P-36013,persona_juridica,0
P-05562,persona_juridica,0
P-46751,persona_juridica,0
P-49469,persona_juridica,0
N-15732,persona_natural,1
N-09707,persona_natural,0
N-29065,persona_natural,0
P-24779,persona_juridica,1
N-14847,persona_natural,0
N-34240,persona_natural,1
N-28935,persona_natural,0
P-31411,persona_juridica,0
N-31719,persona_natural,0
N-20372,persona_natural,0
N-22237,persona_natural,1
N-19242,persona_natural,0
N-35315,persona_natural,0
P-45571,persona_juridica,0
N-14363,persona_natural,0
P-24791,persona_juridica,1
N-29073,persona_natural,0
P-45149,persona_juridica,0
P-42774,persona_juridica,0
N-03432,persona_natural,0
N-32664,persona_natural,0
P-01966,persona_juridica,0
P-51026,persona_juridica,0
N-06440,persona_natural,0
P-20649,persona_juridica,0
P-13943,persona_juridica,0
P-21428,persona_juridica,0
P-08131,persona_juridica,0
UT-37888,union_temporal,0
N-10982,persona_natural,0
N-01091,persona_natural,0
P-48453,persona_juridica,0
N-12801,persona_natural,0
N-24288,persona_natural,0
UT-22109,union_temporal,0
P-20948,persona_juridica,0
P-08454,persona_juridica,0
N-25720,persona_natural,0
N-35417,persona_natural,0
N-03422,persona_natural,0
N-37761,persona_natural,0
UT-18698,union_temporal,0
N-35318,persona_natural,0
N-27930,persona_natural,0
N-34622,persona_natural,0
P-15193,persona_juridica,0
P-10640,persona_juridica,0
N-18733,persona_natural,0
P-50799,persona_juridica,0
UT-18224,union_temporal,0
UT-34971,union_temporal,0
P-40878,persona_juridica,0
N-24852,persona_natural,0
N-17091,persona_natural,0
N-16606,persona_natural,0
P-15492,persona_juridica,1
P-01090,persona_juridica,0
N-15752,persona_natural,0
P-49240,persona_juridica,0
N-09720,persona_natural,0
N-02135,persona_natural,0
P-18741,persona_juridica,0
P-26110,persona_juridica,1
N-15715,persona_natural,0
UT-10674,union_temporal,0
P-06065,persona_juridica,0
P-13670,persona_juridica,0
N-05174,persona_natural,0
P-31763,persona_juridica,0
P-26048,persona_juridica,0
P-27385,persona_juridica,0
N-01529,persona_natural,1
P-27958,persona_juridica,0
N-13611,persona_natural,0
P-24440,persona_juridica,0
P-45763,persona_juridica,0
N-31352,persona_natural,0
P-06377,persona_juridica,0
N-09633,persona_natural,0
P-21922,persona_juridica,0
P-38265,persona_juridica,0
UT-22087,union_temporal,0
P-24499,persona_juridica,1
P-45818,persona_juridica,0
N-21228,persona_natural,0
N-23251,persona_natural,0
N-05002,persona_natural,0
N-05959,persona_natural,0
P-29528,persona_juridica,0
P-45251,persona_juridica,0
N-19460,persona_natural,0
P-36399,persona_juridica,0
P-34973,persona_juridica,0
P-32333,persona_juridica,0
N-02371,persona_natural,1
N-21967,persona_natural,0
N-15352,persona_natural,0
P-03787,persona_juridica,0
N-06501,persona_natural,0
P-20549,persona_juridica,0
P-50748,persona_juridica,0
N-13479,persona_natural,0
N-01936,persona_natural,0
N-37217,persona_natural,1
N-31019,persona_natural,0
N-07558,persona_natural,0
N-04445,persona_natural,0
P-45941,persona_juridica,0
P-18808,persona_juridica,0
P-45431,persona_juridica,0
N-11097,persona_natural,0
N-01747,persona_natural,0
N-04586,persona_natural,0
N-14644,persona_natural,0
N-15899,persona_natural,0
P-36675,persona_juridica,0
P-12292,persona_juridica,0
P-27268,persona_juridica,0
P-28509,persona_juridica,0
P-06941,persona_juridica,0
N-29526,persona_natural,0
N-29288,persona_natural,0
P-23381,persona_juridica,1
N-10208,persona_natural,0
P-45480,persona_juridica,0
UT-3523,union_temporal,0
P-10524,persona_juridica,0
N-29532,persona_natural,0
N-15406,persona_natural,1
N-00361,persona_natural,1
N-33987,persona_natural,0
N-17958,persona_natural,0
P-20870,persona_juridica,0
P-24008,persona_juridica,1
N-36353,persona_natural,0
N-05746,persona_natural,0
P-26328,persona_juridica,0
N-21314,persona_natural,0
N-26177,persona_natural,0
P-32788,persona_juridica,1
P-04993,persona_juridica,0
P-14123,persona_juridica,0
P-10081,persona_juridica,0
N-10537,persona_natural,0
N-09198,persona_natural,0
P-24535,persona_juridica,0
N-32976,persona_natural,0
N-33067,persona_natural,0
N-02744,persona_natural,0
P-04652,persona_juridica,0
P-42195,persona_juridica,0
UT-4254,union_temporal,0
UT-24430,union_temporal,0
N-34281,persona_natural,0
UT-24359,union_temporal,0
P-41867,persona_juridica,0
P-11450,persona_juridica,1
N-35330,persona_natural,0
N-11740,persona_natural,1
UT-8878,union_temporal,0
P-36584,persona_juridica,0
P-08422,persona_juridica,0
P-20835,persona_juridica,0
P-12835,persona_juridica,0
P-47873,persona_juridica,0
P-20838,persona_juridica,0
N-35264,persona_natural,0
N-09816,persona_natural,0
P-36269,persona_juridica,0
P-19066,persona_juridica,0
N-33407,persona_natural,0
P-09626,persona_juridica,0
UT-13081,union_temporal,0
P-14876,persona_juridica,0
UT-43979,union_temporal,0
N-09459,persona_natural,0
N-35381,persona_natural,0
P-31600,persona_juridica,0
P-02415,persona_juridica,0
P-36001,persona_juridica,0
N-11713,persona_natural,0
N-23419,persona_natural,0
P-41709,persona_juridica,0
P-34654,persona_juridica,0
P-48196,persona_juridica,0
P-13614,persona_juridica,0
P-08643,persona_juridica,0
P-45396,persona_juridica,0
P-21740,persona_juridica,0
P-25257,persona_juridica,0
P-07858,persona_juridica,0
N-19037,persona_natural,0
P-36142,persona_juridica,0
N-22324,persona_natural,0
N-04764,persona_natural,0
P-12886,persona_juridica,0
N-34516,persona_natural,0
UT-8249,union_temporal,0
P-11833,persona_juridica,0
N-14096,persona_natural,0
N-14101,persona_natural,0
P-24691,persona_juridica,0
P-32141,persona_juridica,0
P-21999,persona_juridica,0
P-51305,persona_juridica,1
N-26311,persona_natural,0
P-14425,persona_juridica,0
P-14755,persona_juridica,0
N-24708,persona_natural,1
P-10302,persona_juridica,0
P-16276,persona_juridica,0
P-16393,persona_juridica,0
N-25952,persona_natural,0
UT-44708,union_temporal,0
P-35318,persona_juridica,0
P-35881,persona_juridica,0
P-38843,persona_juridica,1
P-37865,persona_juridica,1
N-32489,persona_natural,0
P-21221,persona_juridica,0
N-26004,persona_natural,0
N-19980,persona_natural,0
N-16079,persona_natural,0
N-18447,persona_natural,0
N-21686,persona_natural,1
N-04080,persona_natural,0
P-17232,persona_juridica,0
P-13657,persona_juridica,0
N-18052,persona_natural,0
N-30011,persona_natural,0
N-09992,persona_natural,0
N-13976,persona_natural,0
UT-30516,union_temporal,0
P-39509,persona_juridica,0
N-15036,persona_natural,0
UT-4752,union_temporal,0
UT-6904,union_temporal,0
N-02150,persona_natural,0
UT-28277,union_temporal,0
N-29094,persona_natural,1
P-04111,persona_juridica,1
UT-30365,union_temporal,0
P-43483,persona_juridica,0
P-02312,persona_juridica,0
P-23984,persona_juridica,0
P-47229,persona_juridica,0
P-25651,persona_juridica,0
P-35220,persona_juridica,0
UT-11797,union_temporal,0
UT-22444,union_temporal,0
UT-34541,union_temporal,0
P-02568,persona_juridica,0
N-06712,persona_natural,0
N-32654,persona_natural,0
N-31626,persona_natural,0
P-49799,persona_juridica,0
P-33308,persona_juridica,0
N-35220,persona_natural,0
P-25103,persona_juridica,1
P-13414,persona_juridica,0
P-47163,persona_juridica,0
UT-35775,union_temporal,0
N-25848,persona_natural,0
P-29521,persona_juridica,0
P-27387,persona_juridica,0
N-22315,persona_natural,0
N-32639,persona_natural,0
N-32796,persona_natural,1
N-29312,persona_natural,0
UT-45105,union_temporal,0
P-40378,persona_juridica,0
N-01605,persona_natural,0
N-01191,persona_natural,1
P-25767,persona_juridica,0
P-34902,persona_juridica,0
N-36406,persona_natural,0
P-45085,persona_juridica,0
N-09526,persona_natural,0
UT-16511,union_temporal,0
N-37416,persona_natural,0
N-27585,persona_natural,0
N-25486,persona_natural,0
P-46201,persona_juridica,0
P-38028,persona_juridica,0
P-13519,persona_juridica,1
P-25239,persona_juridica,0
P-22039,persona_juridica,0
UT-43716,union_temporal,0
P-05309,persona_juridica,0
P-38356,persona_juridica,0
UT-43143,union_temporal,0
N-28136,persona_natural,0
N-10629,persona_natural,0
P-07015,persona_juridica,0
UT-45860,union_temporal,0
N-08819,persona_natural,1
P-37525,persona_juridica,0
P-20817,persona_juridica,0
N-24941,persona_natural,0
N-31524,persona_natural,0
P-12950,persona_juridica,0
N-21494,persona_natural,0
N-09895,persona_natural,0
P-25788,persona_juridica,0
N-03516,persona_natural,0
N-31468,persona_natural,0
N-23577,persona_natural,0
N-27443,persona_natural,0
UT-45714,union_temporal,0
N-05135,persona_natural,0
N-30212,persona_natural,0
P-39343,persona_juridica,0
P-20177,persona_juridica,0
N-22449,persona_natural,0
P-40406,persona_juridica,0
P-48326,persona_juridica,0
P-23970,persona_juridica,0
UT-10281,union_temporal,0
N-15303,persona_natural,0
P-50695,persona_juridica,0
N-04159,persona_natural,0
P-48920,persona_juridica,0
P-48234,persona_juridica,0
N-04420,persona_natural,0
N-00169,persona_natural,1
N-11869,persona_natural,1
N-17395,persona_natural,0
P-39182,persona_juridica,0
P-51091,persona_juridica,0
P-01284,persona_juridica,0
P-19080,persona_juridica,1
N-05668,persona_natural,1
P-06220,persona_juridica,0
P-15467,persona_juridica,0
N-20141,persona_natural,1
P-17867,persona_juridica,1
P-25977,persona_juridica,0
P-16822,persona_juridica,0
P-32448,persona_juridica,1
P-24640,persona_juridica,0
P-11191,persona_juridica,0
P-14086,persona_juridica,0
P-45868,persona_juridica,0
P-24803,persona_juridica,0
N-30932,persona_natural,0
P-28190,persona_juridica,0
P-32527,persona_juridica,0
P-07065,persona_juridica,0
UT-26627,union_temporal,0
N-29863,persona_natural,0
P-51221,persona_juridica,0
UT-34279,union_temporal,0
N-15627,persona_natural,0
P-11920,persona_juridica,0
P-26783,persona_juridica,0
P-14962,persona_juridica,1
N-28208,persona_natural,0
N-13992,persona_natural,0
N-34899,persona_natural,1
P-51384,persona_juridica,0
P-46837,persona_juridica,0
P-46492,persona_juridica,0
N-11275,persona_natural,1
UT-9896,union_temporal,0
P-29343,persona_juridica,0
UT-12242,union_temporal,0
N-05210,persona_natural,0
N-33275,persona_natural,0
P-26534,persona_juridica,0
N-30568,persona_natural,0
N-13651,persona_natural,1
P-09581,persona_juridica,0
P-05713,persona_juridica,0
P-00346,persona_juridica,0
P-23391,persona_juridica,0
P-10135,persona_juridica,0
N-25179,persona_natural,0
P-45671,persona_juridica,0
P-11981,persona_juridica,0
N-20857,persona_natural,0
N-36612,persona_natural,1
P-45709,persona_juridica,0
UT-23193,union_temporal,0
N-11844,persona_natural,0
N-01270,persona_natural,0
N-25525,persona_natural,0
P-30488,persona_juridica,0
P-17937,persona_juridica,0
P-46946,persona_juridica,0
P-36434,persona_juridica,0
N-11067,persona_natural,1
N-30645,persona_natural,0
P-23872,persona_juridica,0
N-29070,persona_natural,0
N-20812,persona_natural,0
P-05796,persona_juridica,0
P-27943,persona_juridica,0
N-17504,persona_natural,0
N-15415,persona_natural,0
N-15509,persona_natural,0
P-27179,persona_juridica,0
N-33453,persona_natural,0
N-23917,persona_natural,0
P-46876,persona_juridica,0
N-10899,persona_natural,0
N-05213,persona_natural,0
P-31952,persona_juridica,0
P-35395,persona_juridica,0
N-35249,persona_natural,0
P-50540,persona_juridica,0
N-32683,persona_natural,0
N-25945,persona_natural,0
N-27058,persona_natural,0
P-13355,persona_juridica,1
P-09504,persona_juridica,0
P-13016,persona_juridica,0
P-42769,persona_juridica,0
P-00271,persona_juridica,0
N-30944,persona_natural,0
N-24516,persona_natural,0
N-14183,persona_natural,0
N-24600,persona_natural,0
P-42627,persona_juridica,0
P-15815,persona_juridica,1
P-13861,persona_juridica,0
UT-0528,union_temporal,0
N-01733,persona_natural,0
N-21290,persona_natural,0
P-13283,persona_juridica,0
P-09910,persona_juridica,0
P-06051,persona_juridica,0
N-15088,persona_natural,0
P-28844,persona_juridica,0
N-23055,persona_natural,0
N-28541,persona_natural,0
N-10065,persona_natural,0
N-27701,persona_natural,0
N-27557,persona_natural,0
P-34976,persona_juridica,0
N-10511,persona_natural,1
N-14492,persona_natural,0
N-37450,persona_natural,0
P-27058,persona_juridica,0
P-40750,persona_juridica,0
P-17617,persona_juridica,0
N-12408,persona_natural,0
P-00833,persona_juridica,0
P-38814,persona_juridica,1
P-33415,persona_juridica,1
P-09625,persona_juridica,0
P-19980,persona_juridica,0
N-01694,persona_natural,0
N-18923,persona_natural,0
P-27339,persona_juridica,0
P-41019,persona_juridica,0
N-04570,persona_natural,0
P-46301,persona_juridica,0
N-08037,persona_natural,0
P-36447,persona_juridica,0
P-10425,persona_juridica,0
N-15870,persona_natural,0
N-32007,persona_natural,0
N-07268,persona_natural,0
P-14625,persona_juridica,0
P-13473,persona_juridica,0
P-23410,persona_juridica,0
P-24562,persona_juridica,0
N-19038,persona_natural,0
P-08609,persona_juridica,0
P-48058,persona_juridica,0
UT-29134,union_temporal,0
P-36956,persona_juridica,0
N-05575,persona_natural,0
N-28826,persona_natural,0
UT-45111,union_temporal,0
N-31111,persona_natural,0
N-32860,persona_natural,0
P-38396,persona_juridica,0
N-17036,persona_natural,0
N-25194,persona_natural,0
N-13048,persona_natural,0
P-27406,persona_juridica,0
P-44838,persona_juridica,0
P-46246,persona_juridica,0
N-33227,persona_natural,0
P-38904,persona_juridica,0
N-33865,persona_natural,1
N-09165,persona_natural,0
N-32213,persona_natural,0
P-43808,persona_juridica,0
N-15152,persona_natural,0
N-17849,persona_natural,0
N-03742,persona_natural,1
N-00512,persona_natural,0
N-28037,persona_natural,0
N-04226,persona_natural,0
P-06887,persona_juridica,0
N-23412,persona_natural,0
N-37186,persona_natural,0
P-17056,persona_juridica,0
N-28300,persona_natural,0
N-15097,persona_natural,0
P-03893,persona_juridica,0
P-36858,persona_juridica,0
N-36480,persona_natural,0
UT-44953,union_temporal,0
P-17212,persona_juridica,0
N-10051,persona_natural,0
P-25078,persona_juridica,0
P-01109,persona_juridica,1
P-40850,persona_juridica,0
P-23022,persona_juridica,0
P-28478,persona_juridica,0
N-31338,persona_natural,0
P-00161,persona_juridica,0
P-03597,persona_juridica,0
P-49101,persona_juridica,0
P-43460,persona_juridica,0
UT-31031,union_temporal,0
P-02918,persona_juridica,0
UT-28443,union_temporal,0
P-15186,persona_juridica,0
P-41113,persona_juridica,0
N-09316,persona_natural,0
P-40916,persona_juridica,0
P-33586,persona_juridica,0
N-10460,persona_natural,0
P-09945,persona_juridica,0
P-25696,persona_juridica,1
P-12244,persona_juridica,0
N-36920,persona_natural,0
N-18475,persona_natural,0
N-30243,persona_natural,0
P-33869,persona_juridica,0
P-24433,persona_juridica,0
P-24137,persona_juridica,0
N-09242,persona_natural,0
P-50181,persona_juridica,0
P-25236,persona_juridica,0
N-20488,persona_natural,0
N-12765,persona_natural,0
N-05257,persona_natural,0
N-15657,persona_natural,0
P-48610,persona_juridica,0
P-07843,persona_juridica,0
P-32400,persona_juridica,0
N-06930,persona_natural,0
P-44118,persona_juridica,1
P-40898,persona_juridica,0
P-25425,persona_juridica,1
P-17900,persona_juridica,0
P-29963,persona_juridica,0
P-30847,persona_juridica,0
N-26199,persona_natural,0
P-17740,persona_juridica,0
N-14419,persona_natural,0
P-21841,persona_juridica,0
P-32613,persona_juridica,0
P-24725,persona_juridica,0
N-15777,persona_natural,0
N-11579,persona_natural,0
P-43611,persona_juridica,0
N-28017,persona_natural,0
N-29366,persona_natural,0
UT-33078,union_temporal,0
P-05289,persona_juridica,0
N-37878,persona_natural,1
N-14620,persona_natural,0
P-43431,persona_juridica,0
P-20705,persona_juridica,0
N-35210,persona_natural,0
P-47282,persona_juridica,0
P-16418,persona_juridica,0
N-18065,persona_natural,0
P-43937,persona_juridica,0
N-33596,persona_natural,0
P-33375,persona_juridica,0
N-35974,persona_natural,0
P-29443,persona_juridica,0
N-24976,persona_natural,0
N-15322,persona_natural,1
P-08718,persona_juridica,0
P-02338,persona_juridica,0
N-01381,persona_natural,0
N-15254,persona_natural,0
P-36217,persona_juridica,0
N-08154,persona_natural,0
P-10459,persona_juridica,0
P-40698,persona_juridica,0
P-37027,persona_juridica,0
UT-16832,union_temporal,0
P-49004,persona_juridica,0
P-50193,persona_juridica,0
N-14508,persona_natural,0
N-12518,persona_natural,0
N-18600,persona_natural,0
N-16450,persona_natural,0
N-29162,persona_natural,0
P-32799,persona_juridica,0
N-15741,persona_natural,1
N-20379,persona_natural,0
N-32726,persona_natural,0
P-41621,persona_juridica,0
N-21175,persona_natural,0
N-30291,persona_natural,0
P-48050,persona_juridica,0
P-47986,persona_juridica,0
N-05164,persona_natural,1
N-10430,persona_natural,1
P-01115,persona_juridica,1
P-01029,persona_juridica,1
N-31076,persona_natural,0
P-24093,persona_juridica,0
P-13849,persona_juridica,1
P-26901,persona_juridica,0
N-00324,persona_natural,0
P-14622,persona_juridica,0
P-35542,persona_juridica,0
P-03485,persona_juridica,0
P-40439,persona_juridica,0
P-31841,persona_juridica,1
N-37872,persona_natural,0
N-14733,persona_natural,0
P-20787,persona_juridica,0
P-48530,persona_juridica,0
N-30014,persona_natural,0
P-23804,persona_juridica,0
N-32754,persona_natural,0
P-47558,persona_juridica,0
P-31008,persona_juridica,0
N-23353,persona_natural,0
N-05886,persona_natural,0
N-19805,persona_natural,0
N-25759,persona_natural,0
N-01554,persona_natural,0
N-00622,persona_natural,0
N-21819,persona_natural,0
P-45641,persona_juridica,0
N-02692,persona_natural,0
P-12736,persona_juridica,0
UT-32507,union_temporal,0
P-46866,persona_juridica,0
P-04837,persona_juridica,0
P-32804,persona_juridica,0
P-13560,persona_juridica,0
P-24853,persona_juridica,0
UT-3173,union_temporal,0
UT-16112,union_temporal,0
N-18022,persona_natural,1
N-23753,persona_natural,0
N-10007,persona_natural,0
N-09941,persona_natural,0
P-20949,persona_juridica,0
P-07083,persona_juridica,0
P-11283,persona_juridica,0
P-38011,persona_juridica,0
P-18627,persona_juridica,0
P-30792,persona_juridica,1
P-15643,persona_juridica,0
P-23178,persona_juridica,0
N-29611,persona_natural,0
N-19195,persona_natural,0
P-04426,persona_juridica,0
N-12183,persona_natural,0
P-47646,persona_juridica,0
P-04877,persona_juridica,0
N-33418,persona_natural,0
N-32543,persona_natural,0
UT-29743,union_temporal,0
P-50105,persona_juridica,0
UT-41652,union_temporal,0
N-16213,persona_natural,0
N-20298,persona_natural,0
N-37334,persona_natural,1
P-40894,persona_juridica,0
P-42481,persona_juridica,0
N-18239,persona_natural,0
N-29036,persona_natural,0
P-34778,persona_juridica,0
N-02912,persona_natural,0
P-41818,persona_juridica,0
P-44346,persona_juridica,0
N-22015,persona_natural,0
N-31962,persona_natural,0
N-31550,persona_natural,0
N-30717,persona_natural,0
UT-46205,union_temporal,0
P-39427,persona_juridica,0
N-22825,persona_natural,0
P-09895,persona_juridica,0
P-51450,persona_juridica,0
P-47947,persona_juridica,0
N-02500,persona_natural,0
UT-32623,union_temporal,0
UT-18237,union_temporal,0
P-42806,persona_juridica,0
UT-38372,union_temporal,0
P-29047,persona_juridica,0
P-12392,persona_juridica,0
UT-33837,union_temporal,0
P-19260,persona_juridica,0
P-36860,persona_juridica,0
N-17401,persona_natural,0
P-32803,persona_juridica,0
N-07852,persona_natural,0
P-47951,persona_juridica,1
P-04119,persona_juridica,0
N-36460,persona_natural,0
UT-5118,union_temporal,0
P-38127,persona_juridica,0
N-12594,persona_natural,0
P-33023,persona_juridica,0
UT-37046,union_temporal,0
N-06558,persona_natural,0
P-21401,persona_juridica,0
P-37852,persona_juridica,0
N-30899,persona_natural,0
N-08142,persona_natural,0
P-36457,persona_juridica,0
P-13945,persona_juridica,0
P-02902,persona_juridica,0
P-49319,persona_juridica,0
P-37107,persona_juridica,0
P-33821,persona_juridica,0
N-18571,persona_natural,0
N-27294,persona_natural,0
P-48559,persona_juridica,0
N-01419,persona_natural,0
P-41178,persona_juridica,0
N-08744,persona_natural,0
N-08992,persona_natural,0
P-30969,persona_juridica,0
P-07857,persona_juridica,0
P-49936,persona_juridica,1
P-03383,persona_juridica,0
P-43139,persona_juridica,0
P-33353,persona_juridica,0
N-33055,persona_natural,0
N-02682,persona_natural,0
UT-36653,union_temporal,0
UT-8202,union_temporal,0
N-09471,persona_natural,0
N-05591,persona_natural,1
N-26280,persona_natural,0
P-49627,persona_juridica,0
N-32585,persona_natural,0
N-12376,persona_natural,0
P-02994,persona_juridica,0
P-19866,persona_juridica,0
N-17836,persona_natural,0
P-22231,persona_juridica,0
P-00976,persona_juridica,0
P-12042,persona_juridica,1
N-32115,persona_natural,1
P-47717,persona_juridica,0
N-35313,persona_natural,0
N-37313,persona_natural,0
P-15001,persona_juridica,0
P-07692,persona_juridica,1
P-44897,persona_juridica,0
P-48815,persona_juridica,0
P-48110,persona_juridica,1
P-13751,persona_juridica,0
P-33755,persona_juridica,0
P-29105,persona_juridica,0
P-25111,persona_juridica,0
N-24548,persona_natural,1
UT-7393,union_temporal,0
P-30851,persona_juridica,0
P-05402,persona_juridica,0
P-01364,persona_juridica,0
N-36928,persona_natural,0
N-32617,persona_natural,0
P-43852,persona_juridica,0
P-28451,persona_juridica,0
N-05985,persona_natural,0
P-11541,persona_juridica,0
P-10195,persona_juridica,0
P-18011,persona_juridica,1
P-19900,persona_juridica,0
P-24531,persona_juridica,0
P-49394,persona_juridica,1
P-05529,persona_juridica,0
P-35082,persona_juridica,0
N-29253,persona_natural,0
N-13917,persona_natural,0
N-05881,persona_natural,0
N-24497,persona_natural,0
N-34861,persona_natural,0
N-07009,persona_natural,0
N-26111,persona_natural,0
P-34835,persona_juridica,1
N-34044,persona_natural,0
N-02889,persona_natural,1
P-16702,persona_juridica,0
N-07036,persona_natural,0
N-25353,persona_natural,1
P-49895,persona_juridica,0
P-32753,persona_juridica,0
N-09414,persona_natural,0
P-03050,persona_juridica,0
N-15748,persona_natural,0
P-18673,persona_juridica,0
P-08884,persona_juridica,0
N-04277,persona_natural,0
N-14462,persona_natural,0
N-22417,persona_natural,0
UT-25634,union_temporal,0
P-12789,persona_juridica,0
N-13260,persona_natural,0
UT-43061,union_temporal,0
P-30607,persona_juridica,0
P-35249,persona_juridica,1
N-06062,persona_natural,0
N-26868,persona_natural,0
P-03807,persona_juridica,1
P-50241,persona_juridica,0
N-04182,persona_natural,0
P-07513,persona_juridica,0
P-01790,persona_juridica,0
P-23214,persona_juridica,1
N-22562,persona_natural,0
P-13437,persona_juridica,0
P-01724,persona_juridica,0
N-04248,persona_natural,0
P-37010,persona_juridica,0
P-03074,persona_juridica,0
P-42145,persona_juridica,1
N-10652,persona_natural,0
N-02130,persona_natural,0
N-02263,persona_natural,0
UT-16292,union_temporal,0
N-27071,persona_natural,0
P-39208,persona_juridica,0
P-10792,persona_juridica,0
P-46075,persona_juridica,0
P-28752,persona_juridica,0
P-23919,persona_juridica,0
P-30558,persona_juridica,0
N-25538,persona_natural,0
UT-6307,union_temporal,0
N-30581,persona_natural,1
N-33335,persona_natural,0
P-04326,persona_juridica,0
UT-17651,union_temporal,0
N-06362,persona_natural,0
P-08147,persona_juridica,0
P-16198,persona_juridica,0
N-16438,persona_natural,1
P-06695,persona_juridica,0
P-08487,persona_juridica,0
UT-3167,union_temporal,0
P-41005,persona_juridica,0
UT-2266,union_temporal,0
N-28544,persona_natural,0
N-30850,persona_natural,1
P-40902,persona_juridica,1
N-30342,persona_natural,0
P-37551,persona_juridica,0
N-30831,persona_natural,0
UT-33121,union_temporal,0
P-36623,persona_juridica,0
N-03550,persona_natural,0
N-16892,persona_natural,0
P-47007,persona_juridica,0
P-22537,persona_juridica,0
P-31853,persona_juridica,0
P-42205,persona_juridica,1
P-46691,persona_juridica,0
P-32925,persona_juridica,0
N-09360,persona_natural,0
N-36381,persona_natural,0
N-32559,persona_natural,0
N-01518,persona_natural,1
N-10273,persona_natural,0
P-09421,persona_juridica,0
P-39731,persona_juridica,0
N-07591,persona_natural,0
N-06783,persona_natural,0
P-03450,persona_juridica,1
UT-13102,union_temporal,0
P-37647,persona_juridica,0
P-45130,persona_juridica,0
P-02479,persona_juridica,0
P-48292,persona_juridica,0
P-30808,persona_juridica,0
P-51198,persona_juridica,1
N-21701,persona_natural,0
P-35775,persona_juridica,0
N-22811,persona_natural,0
N-18323,persona_natural,0
P-44640,persona_juridica,0
N-34844,persona_natural,0
P-33507,persona_juridica,0
N-18689,persona_natural,1
UT-34787,union_temporal,0
N-31281,persona_natural,0
UT-14628,union_temporal,0
N-17137,persona_natural,0
P-07801,persona_juridica,1
N-23983,persona_natural,0
P-09707,persona_juridica,1
P-09970,persona_juridica,0
UT-26846,union_temporal,0
P-36162,persona_juridica,0
P-47536,persona_juridica,0
N-20156,persona_natural,0
P-42501,persona_juridica,0
P-28536,persona_juridica,0
N-16060,persona_natural,0
P-39647,persona_juridica,0
N-01564,persona_natural,0
N-14578,persona_natural,0
P-06222,persona_juridica,0
N-20035,persona_natural,0
P-37294,persona_juridica,0
N-10281,persona_natural,1
N-29059,persona_natural,0
N-32847,persona_natural,0
N-32809,persona_natural,0
N-04461,persona_natural,0
UT-22744,union_temporal,0
N-28062,persona_natural,0
P-15448,persona_juridica,0
UT-38676,union_temporal,0
UT-44153,union_temporal,0
N-30316,persona_natural,0
P-15463,persona_juridica,0
P-04189,persona_juridica,0
N-31424,persona_natural,0
N-08988,persona_natural,0
N-32025,persona_natural,0
N-31816,persona_natural,0
P-01288,persona_juridica,0
P-24906,persona_juridica,0
N-30678,persona_natural,0
N-35298,persona_natural,0
N-03302,persona_natural,0
UT-13226,union_temporal,0
P-09514,persona_juridica,0
P-40756,persona_juridica,0
N-08793,persona_natural,0
N-03715,persona_natural,0
P-05418,persona_juridica,0
N-25936,persona_natural,0
P-50364,persona_juridica,0
N-17699,persona_natural,0
N-11449,persona_natural,0
N-27844,persona_natural,0
P-16774,persona_juridica,0
N-24729,persona_natural,0
N-35944,persona_natural,0
P-00625,persona_juridica,0
N-25783,persona_natural,0
N-30906,persona_natural,0
P-32172,persona_juridica,0
N-35622,persona_natural,0
P-19099,persona_juridica,0
N-06819,persona_natural,0
N-34416,persona_natural,0
N-20742,persona_natural,0
P-01176,persona_juridica,0
N-07672,persona_natural,0
P-20329,persona_juridica,0
N-29430,persona_natural,0
P-01181,persona_juridica,0
N-36264,persona_natural,0
P-13553,persona_juridica,0
N-18728,persona_natural,0
P-34035,persona_juridica,0
N-12739,persona_natural,0
N-19684,persona_natural,0
N-11943,persona_natural,0
P-29241,persona_juridica,0
N-02240,persona_natural,0
N-07576,persona_natural,0
P-18706,persona_juridica,0
N-27467,persona_natural,0
P-07325,persona_juridica,0
P-48193,persona_juridica,0
N-06081,persona_natural,0
N-32907,persona_natural,0
N-15618,persona_natural,0
N-22767,persona_natural,0
N-26924,persona_natural,0
N-08597,persona_natural,0
P-46885,persona_juridica,0
N-17682,persona_natural,0
N-24291,persona_natural,0
N-02111,persona_natural,0
P-34841,persona_juridica,0
P-08255,persona_juridica,0
P-05818,persona_juridica,0
P-29447,persona_juridica,0
N-11242,persona_natural,0
P-12015,persona_juridica,1
P-11997,persona_juridica,0
N-36230,persona_natural,0
N-16903,persona_natural,1
N-19942,persona_natural,0
P-11386,persona_juridica,0
P-22524,persona_juridica,0
P-09373,persona_juridica,0
P-39357,persona_juridica,0
UT-44186,union_temporal,0
P-36252,persona_juridica,0
UT-28183,union_temporal,0
P-51218,persona_juridica,0
N-19324,persona_natural,0
UT-43651,union_temporal,0
N-08550,persona_natural,0
N-25305,persona_natural,1
N-35077,persona_natural,0
P-49724,persona_juridica,0
P-46904,persona_juridica,1
UT-33764,union_temporal,0
N-08082,persona_natural,0
P-13786,persona_juridica,0
N-03219,persona_natural,0
UT-10792,union_temporal,0
N-30255,persona_natural,0
N-21220,persona_natural,0
P-27386,persona_juridica,0
N-06784,persona_natural,0
N-05105,persona_natural,0
P-13828,persona_juridica,1
N-31757,persona_natural,0
N-23622,persona_natural,0
P-26291,persona_juridica,0
P-46074,persona_juridica,0
P-30546,persona_juridica,0
N-03939,persona_natural,0
N-35121,persona_natural,0
P-27473,persona_juridica,0
P-41613,persona_juridica,1
P-41992,persona_juridica,0
P-23580,persona_juridica,0
P-08752,persona_juridica,0
UT-4560,union_temporal,0
UT-12980,union_temporal,0
N-05967,persona_natural,0
P-23821,persona_juridica,0
P-03246,persona_juridica,0
P-07501,persona_juridica,0
UT-11114,union_temporal,0
P-25733,persona_juridica,0
N-19519,persona_natural,0
P-40589,persona_juridica,0
P-30176,persona_juridica,0
P-28128,persona_juridica,0
UT-11005,union_temporal,0
P-22486,persona_juridica,0
P-51463,persona_juridica,0
P-26145,persona_juridica,0
UT-32430,union_temporal,0
N-14341,persona_natural,0
P-10814,persona_juridica,0
UT-32553,union_temporal,0
P-40683,persona_juridica,0
N-36349,persona_natural,0
N-00413,persona_natural,1
N-07466,persona_natural,0
UT-27285,union_temporal,0
P-17741,persona_juridica,0
P-47500,persona_juridica,0
P-20636,persona_juridica,0
N-02292,persona_natural,0
P-38749,persona_juridica,0
UT-15912,union_temporal,0
N-32555,persona_natural,1
P-38985,persona_juridica,0
N-35526,persona_natural,0
P-06253,persona_juridica,0
N-15514,persona_natural,0
P-20703,persona_juridica,1
N-05781,persona_natural,1
P-51248,persona_juridica,0
P-15590,persona_juridica,0
P-34442,persona_juridica,0
P-32639,persona_juridica,0
N-23165,persona_natural,0
P-21512,persona_juridica,0
P-34037,persona_juridica,0
P-47792,persona_juridica,0
N-31269,persona_natural,0
N-03230,persona_natural,0
N-14456,persona_natural,0
P-42104,persona_juridica,0
N-24899,persona_natural,1
P-21772,persona_juridica,0
P-00352,persona_juridica,0
P-31121,persona_juridica,0
P-18126,persona_juridica,1
P-25502,persona_juridica,0
P-00318,persona_juridica,0
P-39916,persona_juridica,0
P-39201,persona_juridica,0
N-30039,persona_natural,0
N-14989,persona_natural,0
P-30455,persona_juridica,1
N-02231,persona_natural,0
P-12389,persona_juridica,0
N-25133,persona_natural,0
P-12962,persona_juridica,0
N-33979,persona_natural,0
P-34279,persona_juridica,0
UT-15798,union_temporal,0
N-02804,persona_natural,0
P-40014,persona_juridica,0
P-22735,persona_juridica,0
N-01209,persona_natural,0
P-46959,persona_juridica,0
N-23962,persona_natural,0
P-26795,persona_juridica,0
P-17376,persona_juridica,0
P-11222,persona_juridica,0
P-12102,persona_juridica,0
P-28932,persona_juridica,0
P-26181,persona_juridica,0
P-10802,persona_juridica,0
UT-41640,union_temporal,0
P-35860,persona_juridica,0
P-25200,persona_juridica,0
UT-31656,union_temporal,0
P-49051,persona_juridica,0
P-40757,persona_juridica,0
P-04292,persona_juridica,0
UT-40849,union_temporal,0
P-48801,persona_juridica,0
P-27390,persona_juridica,0
N-22893,persona_natural,0
N-21865,persona_natural,1
UT-45660,union_temporal,0
N-27768,persona_natural,0
UT-5221,union_temporal,0
P-34671,persona_juridica,0
P-34308,persona_juridica,0
P-21122,persona_juridica,0
N-33931,persona_natural,0
N-18023,persona_natural,0
P-15294,persona_juridica,1
P-35957,persona_juridica,0
N-32098,persona_natural,0
N-06213,persona_natural,1
P-42613,persona_juridica,0
P-15898,persona_juridica,0
N-32650,persona_natural,1
N-28018,persona_natural,0
N-13146,persona_natural,0
N-05861,persona_natural,0
P-28645,persona_juridica,0
P-09542,persona_juridica,0
P-12429,persona_juridica,0
P-19535,persona_juridica,0
P-26030,persona_juridica,0
P-05868,persona_juridica,0
N-24194,persona_natural,0
N-20918,persona_natural,0
P-47911,persona_juridica,0
N-19139,persona_natural,0
P-42433,persona_juridica,0
N-03884,persona_natural,0
N-14332,persona_natural,0
P-42874,persona_juridica,0
P-10954,persona_juridica,0
P-21971,persona_juridica,0
P-27142,persona_juridica,0
UT-22480,union_temporal,0
P-32543,persona_juridica,0
N-12095,persona_natural,0
N-05349,persona_natural,0
P-32376,persona_juridica,0
N-36125,persona_natural,0
N-27663,persona_natural,0
N-04724,persona_natural,0
P-44847,persona_juridica,0
P-49943,persona_juridica,0
N-31266,persona_natural,0
P-47372,persona_juridica,0
N-12290,persona_natural,0
N-11851,persona_natural,0
N-24478,persona_natural,0
P-26946,persona_juridica,0
N-11194,persona_natural,0
N-04832,persona_natural,1
N-11929,persona_natural,1
UT-22420,union_temporal,0
N-33123,persona_natural,0
P-26071,persona_juridica,0
UT-15681,union_temporal,0
P-36487,persona_juridica,0
P-04069,persona_juridica,0
UT-45404,union_temporal,0
P-05379,persona_juridica,0
UT-7124,union_temporal,0
N-13614,persona_natural,0
N-09913,persona_natural,0
N-04899,persona_natural,0
N-32037,persona_natural,0
P-00121,persona_juridica,0
P-00087,persona_juridica,0
P-19427,persona_juridica,0
P-39215,persona_juridica,0
N-09764,persona_natural,0
P-31837,persona_juridica,1
P-25682,persona_juridica,0
P-37627,persona_juridica,0
N-30192,persona_natural,0
P-01624,persona_juridica,0
N-33847,persona_natural,0
P-11098,persona_juridica,0
N-14498,persona_natural,0
N-27798,persona_natural,0
P-05147,persona_juridica,0
P-18773,persona_juridica,0
P-21730,persona_juridica,0
P-26618,persona_juridica,0
P-16744,persona_juridica,0
P-43909,persona_juridica,0
N-35008,persona_natural,0
P-08772,persona_juridica,0
P-33710,persona_juridica,0
N-11936,persona_natural,0
N-29461,persona_natural,0
N-28793,persona_natural,0
P-46421,persona_juridica,0
P-24217,persona_juridica,0
P-23171,persona_juridica,0
P-04663,persona_juridica,0
P-11925,persona_juridica,0
N-23562,persona_natural,0
P-41475,persona_juridica,0
P-09178,persona_juridica,0
P-50581,persona_juridica,0
N-07273,persona_natural,0
P-20572,persona_juridica,0
N-34636,persona_natural,0
P-07247,persona_juridica,0
N-02696,persona_natural,0
N-10636,persona_natural,0
N-15681,persona_natural,0
P-02594,persona_juridica,1
N-15849,persona_natural,0
P-08440,persona_juridica,0
N-14612,persona_natural,0
P-16396,persona_juridica,0
N-06226,persona_natural,0
P-28626,persona_juridica,0
P-08124,persona_juridica,0
N-20049,persona_natural,0
N-17739,persona_natural,0
UT-9343,union_temporal,0
N-28436,persona_natural,0
UT-26873,union_temporal,0
P-08144,persona_juridica,0
N-12653,persona_natural,0
UT-18105,union_temporal,0
N-27454,persona_natural,1
N-31580,persona_natural,0
P-42136,persona_juridica,0
P-46282,persona_juridica,0
N-14089,persona_natural,1
P-00301,persona_juridica,0
N-00278,persona_natural,0
N-02515,persona_natural,0
N-17720,persona_natural,0
P-27271,persona_juridica,0
P-22388,persona_juridica,0
N-23269,persona_natural,0
UT-42988,union_temporal,0
N-16866,persona_natural,1
P-33330,persona_juridica,0
P-01660,persona_juridica,0
P-18754,persona_juridica,0
N-06883,persona_natural,0
P-33026,persona_juridica,0
N-01699,persona_natural,0
P-35108,persona_juridica,0
P-32017,persona_juridica,0
P-45560,persona_juridica,0
P-27867,persona_juridica,0
N-06950,persona_natural,0
N-20140,persona_natural,0
N-30343,persona_natural,0
N-29270,persona_natural,0
UT-35213,union_temporal,0
P-37563,persona_juridica,0
P-21592,persona_juridica,0
N-00186,persona_natural,0
N-34613,persona_natural,0
P-37099,persona_juridica,0
P-49931,persona_juridica,0
N-28258,persona_natural,0
P-27452,persona_juridica,0
N-04497,persona_natural,0
P-20513,persona_juridica,0
P-33915,persona_juridica,0
N-07454,persona_natural,0
N-21197,persona_natural,0
N-30859,persona_natural,0
N-26233,persona_natural,0
N-35287,persona_natural,0
N-01601,persona_natural,0
P-28039,persona_juridica,0
N-13949,persona_natural,0
UT-40487,union_temporal,0
P-14556,persona_juridica,0
N-12485,persona_natural,0
P-19481,persona_juridica,1
P-40885,persona_juridica,1
N-02288,persona_natural,0
N-18597,persona_natural,0
N-11555,persona_natural,0
N-27127,persona_natural,0
N-04974,persona_natural,0
P-32759,persona_juridica,0
P-36612,persona_juridica,0
N-08246,persona_natural,0
N-26597,persona_natural,0
UT-33869,union_temporal,0
P-40836,persona_juridica,0
P-27744,persona_juridica,0
P-10998,persona_juridica,1
N-14685,persona_natural,0
P-06787,persona_juridica,1
P-13532,persona_juridica,0
UT-17089,union_temporal,0
N-21946,persona_natural,0
P-13973,persona_juridica,0
P-01902,persona_juridica,0
P-24322,persona_juridica,1
P-31719,persona_juridica,1
N-02307,persona_natural,0
UT-17519,union_temporal,0
N-04109,persona_natural,0
P-38173,persona_juridica,0
P-51256,persona_juridica,0
P-51170,persona_juridica,0
P-43927,persona_juridica,0
N-19030,persona_natural,1
P-10468,persona_juridica,0
P-40042,persona_juridica,0
N-16790,persona_natural,0
N-28729,persona_natural,0
P-27797,persona_juridica,0
N-30601,persona_natural,0
N-35809,persona_natural,0
P-27139,persona_juridica,0
N-10818,persona_natural,0
N-05950,persona_natural,0
N-14927,persona_natural,0
P-32446,persona_juridica,0
UT-6092,union_temporal,0
UT-32527,union_temporal,0
P-48347,persona_juridica,0
N-28373,persona_natural,0
P-02291,persona_juridica,0
P-27150,persona_juridica,1
P-36141,persona_juridica,0
N-14157,persona_natural,0
N-15238,persona_natural,0
P-01971,persona_juridica,0
N-02767,persona_natural,1
P-31712,persona_juridica,1
UT-8075,union_temporal,0
N-24639,persona_natural,0
P-33774,persona_juridica,0
P-42416,persona_juridica,0
N-14787,persona_natural,0
N-06454,persona_natural,0
N-24688,persona_natural,0
P-14590,persona_juridica,0
P-29956,persona_juridica,1
P-25827,persona_juridica,0
N-00344,persona_natural,0
N-04318,persona_natural,0
N-35752,persona_natural,1
P-47419,persona_juridica,0
N-23965,persona_natural,0
UT-24405,union_temporal,0
N-32895,persona_natural,1
UT-10852,union_temporal,0
N-21698,persona_natural,0
P-19764,persona_juridica,0
N-05582,persona_natural,0
P-12734,persona_juridica,0
P-21619,persona_juridica,0
UT-19223,union_temporal,0
P-23373,persona_juridica,0
N-29420,persona_natural,1
P-02853,persona_juridica,0
P-30493,persona_juridica,0
UT-12872,union_temporal,0
N-37214,persona_natural,0
P-10174,persona_juridica,1
N-01103,persona_natural,1
N-04516,persona_natural,0
P-38546,persona_juridica,0
P-24169,persona_juridica,0
N-36294,persona_natural,0
P-09667,persona_juridica,0
N-27232,persona_natural,0
P-06658,persona_juridica,0
N-16126,persona_natural,0
UT-38493,union_temporal,0
P-20777,persona_juridica,0
N-02894,persona_natural,0
P-09108,persona_juridica,0
N-30478,persona_natural,0
N-28044,persona_natural,0
P-07122,persona_juridica,0
N-04290,persona_natural,0
N-32444,persona_natural,0
N-02699,persona_natural,0
N-16350,persona_natural,0
N-22831,persona_natural,0
N-20287,persona_natural,0
N-14294,persona_natural,0
P-13294,persona_juridica,0
P-51443,persona_juridica,0
N-06233,persona_natural,0
P-06262,persona_juridica,0
P-00778,persona_juridica,0
P-07779,persona_juridica,0
N-34119,persona_natural,0
P-49000,persona_juridica,0
UT-5904,union_temporal,0
P-47107,persona_juridica,0
P-07445,persona_juridica,0
N-12133,persona_natural,0
N-00490,persona_natural,0
P-12793,persona_juridica,0
P-17715,persona_juridica,0
N-32476,persona_natural,0
P-45714,persona_juridica,0
UT-41023,union_temporal,0
P-36495,persona_juridica,0
P-42700,persona_juridica,1
UT-13758,union_temporal,0
UT-10020,union_temporal,0
P-14371,persona_juridica,0
N-08376,persona_natural,1
N-24229,persona_natural,0
P-47441,persona_juridica,0
P-09204,persona_juridica,0
N-17946,persona_natural,0
P-35227,persona_juridica,0
UT-30451,union_temporal,0
P-16910,persona_juridica,0
N-29924,persona_natural,1
P-16048,persona_juridica,0
N-23621,persona_natural,0
N-30373,persona_natural,0
P-00179,persona_juridica,0
P-12820,persona_juridica,0
P-44899,persona_juridica,0
UT-43780,union_temporal,0
P-13091,persona_juridica,0
N-13264,persona_natural,0
N-37045,persona_natural,0
P-48812,persona_juridica,0
P-08906,persona_juridica,0
N-15143,persona_natural,0
N-13869,persona_natural,0
P-35037,persona_juridica,0
P-30612,persona_juridica,0
N-33242,persona_natural,0
N-09927,persona_natural,0
UT-23973,union_temporal,0
N-12830,persona_natural,0
N-22535,persona_natural,0
N-14654,persona_natural,0
P-47827,persona_juridica,0
P-35924,persona_juridica,0
N-13661,persona_natural,0
P-24408,persona_juridica,0
N-30300,persona_natural,1
N-17279,persona_natural,0
P-50255,persona_juridica,0
N-16191,persona_natural,0
P-31710,persona_juridica,0
P-19786,persona_juridica,0
N-30750,persona_natural,0
P-35524,persona_juridica,0
P-03768,persona_juridica,0
P-29024,persona_juridica,0
N-26585,persona_natural,0
P-25495,persona_juridica,0
P-26051,persona_juridica,0
N-07498,persona_natural,0
P-48886,persona_juridica,0
N-11910,persona_natural,0
N-34213,persona_natural,0
N-21867,persona_natural,0
P-47350,persona_juridica,0
N-35091,persona_natural,0
UT-3324,union_temporal,0
P-03677,persona_juridica,0
N-04196,persona_natural,0
N-22192,persona_natural,0
N-22736,persona_natural,0
N-22802,persona_natural,0
N-36275,persona_natural,0
P-15338,persona_juridica,0
P-21637,persona_juridica,0
N-12620,persona_natural,0
P-18945,persona_juridica,0
P-35146,persona_juridica,0
N-14304,persona_natural,0
P-32674,persona_juridica,0
UT-24739,union_temporal,0
N-25836,persona_natural,1
N-26325,persona_natural,0
N-00505,persona_natural,0
N-25561,persona_natural,0
N-20486,persona_natural,0
P-13095,persona_juridica,0
P-37656,persona_juridica,0
N-36164,persona_natural,0
P-06761,persona_juridica,0
P-29866,persona_juridica,1
P-38610,persona_juridica,1
P-34975,persona_juridica,0
P-49466,persona_juridica,0
N-36666,persona_natural,0
N-15580,persona_natural,0
P-03264,persona_juridica,0
P-20717,persona_juridica,0
P-45434,persona_juridica,0
P-30417,persona_juridica,0
UT-46597,union_temporal,0
P-03875,persona_juridica,1
N-28126,persona_natural,0
N-32550,persona_natural,0
P-44142,persona_juridica,0
N-37746,persona_natural,0
N-28726,persona_natural,0
UT-22014,union_temporal,0
UT-43878,union_temporal,0
P-37190,persona_juridica,0
P-06026,persona_juridica,0
N-09095,persona_natural,0
P-46507,persona_juridica,0
N-25168,persona_natural,0
P-33449,persona_juridica,0
N-12139,persona_natural,0
P-07942,persona_juridica,0
N-08323,persona_natural,0
P-48155,persona_juridica,0
N-21332,persona_natural,0
P-08775,persona_juridica,0
P-12052,persona_juridica,0
N-08626,persona_natural,0
N-31403,persona_natural,0
P-02320,persona_juridica,0
P-13258,persona_juridica,0
N-05186,persona_natural,0
N-07609,persona_natural,1
N-12135,persona_natural,0
P-37956,persona_juridica,1
N-30882,persona_natural,0
P-48955,persona_juridica,0
P-22326,persona_juridica,0
N-28926,persona_natural,0
P-34925,persona_juridica,0
N-01901,persona_natural,0
P-17844,persona_juridica,0
N-10363,persona_natural,0
P-03104,persona_juridica,0
N-10535,persona_natural,0
N-29780,persona_natural,0
P-21949,persona_juridica,0
N-00821,persona_natural,0
P-09597,persona_juridica,0
N-12519,persona_natural,0
P-11478,persona_juridica,0
N-32743,persona_natural,1
UT-16179,union_temporal,0
N-37133,persona_natural,0
P-41134,persona_juridica,1
P-01343,persona_juridica,0
P-46764,persona_juridica,0
UT-6088,union_temporal,0
P-08469,persona_juridica,1
P-47016,persona_juridica,0
P-00564,persona_juridica,0
N-05465,persona_natural,0
P-37924,persona_juridica,0
P-27850,persona_juridica,0
N-04524,persona_natural,0
N-17406,persona_natural,0
P-48765,persona_juridica,1
N-11623,persona_natural,0
P-01763,persona_juridica,0
P-50426,persona_juridica,0
N-33838,persona_natural,0
N-24643,persona_natural,0
P-35350,persona_juridica,0
P-42446,persona_juridica,0
P-20883,persona_juridica,0
N-18874,persona_natural,0
N-35708,persona_natural,0
UT-19594,union_temporal,0
P-45826,persona_juridica,0
N-04780,persona_natural,1
N-11358,persona_natural,0
N-35115,persona_natural,1
N-37762,persona_natural,0
P-48541,persona_juridica,0
P-00464,persona_juridica,0
N-00582,persona_natural,0
N-15180,persona_natural,0
P-39393,persona_juridica,0
N-04585,persona_natural,0
N-28166,persona_natural,0
N-19011,persona_natural,1
N-11858,persona_natural,1
P-01689,persona_juridica,0
N-24628,persona_natural,0
N-09612,persona_natural,0
N-06943,persona_natural,0
N-35719,persona_natural,0
N-30207,persona_natural,0
N-05619,persona_natural,0
N-36744,persona_natural,0
N-33927,persona_natural,0
P-12151,persona_juridica,0
P-32394,persona_juridica,1
P-21306,persona_juridica,0
N-33995,persona_natural,0
P-02110,persona_juridica,0
P-51277,persona_juridica,0
P-22895,persona_juridica,1
N-17495,persona_natural,0
N-14732,persona_natural,0
UT-12084,union_temporal,0
P-26277,persona_juridica,0
P-34401,persona_juridica,0
N-11203,persona_natural,0
P-06920,persona_juridica,0
N-05153,persona_natural,0
N-16545,persona_natural,0
UT-28605,union_temporal,0
P-43069,persona_juridica,0
P-02401,persona_juridica,0
P-50326,persona_juridica,0
UT-30952,union_temporal,0
UT-41391,union_temporal,0
N-28528,persona_natural,0
P-45411,persona_juridica,0
N-29739,persona_natural,1
UT-15038,union_temporal,0
P-32180,persona_juridica,1
P-03291,persona_juridica,0
N-12920,persona_natural,0
N-10956,persona_natural,0
P-47547,persona_juridica,1
P-11119,persona_juridica,0
N-15504,persona_natural,0
UT-2001,union_temporal,0
P-39573,persona_juridica,0
P-20227,persona_juridica,0
N-03196,persona_natural,0
N-24469,persona_natural,0
P-15061,persona_juridica,0
N-24945,persona_natural,0
P-26276,persona_juridica,0
N-37342,persona_natural,0
UT-10275,union_temporal,0
P-10415,persona_juridica,0
P-26912,persona_juridica,0
P-34533,persona_juridica,0
P-32921,persona_juridica,0
P-30200,persona_juridica,0
P-51058,persona_juridica,0
P-31157,persona_juridica,1
P-13765,persona_juridica,0
UT-6349,union_temporal,0
N-09620,persona_natural,0
P-44011,persona_juridica,0
P-21060,persona_juridica,0
N-02736,persona_natural,0
P-12418,persona_juridica,0
P-50495,persona_juridica,0
P-15389,persona_juridica,0
N-31005,persona_natural,0
N-01459,persona_natural,0
N-10132,persona_natural,0
N-25896,persona_natural,0
P-38569,persona_juridica,0
N-37388,persona_natural,0
P-29046,persona_juridica,0
UT-38588,union_temporal,0
P-32055,persona_juridica,0
UT-9266,union_temporal,0
P-34622,persona_juridica,0
P-07392,persona_juridica,0
P-44012,persona_juridica,0
N-22399,persona_natural,0
N-12969,persona_natural,0
P-06622,persona_juridica,0
UT-42872,union_temporal,0
N-31887,persona_natural,0
N-15556,persona_natural,0
P-33025,persona_juridica,0
P-17564,persona_juridica,0
N-09632,persona_natural,0
P-12635,persona_juridica,0
P-28337,persona_juridica,0
N-01659,persona_natural,0
N-06722,persona_natural,0
P-02534,persona_juridica,0
N-09333,persona_natural,0
P-39071,persona_juridica,0
P-27505,persona_juridica,0
N-37062,persona_natural,1
UT-10660,union_temporal,0
P-00343,persona_juridica,0
N-07270,persona_natural,0
P-30880,persona_juridica,0
N-07069,persona_natural,0
N-20184,persona_natural,0
P-12638,persona_juridica,1
UT-26102,union_temporal,0
P-11872,persona_juridica,0
P-31545,persona_juridica,0
N-21898,persona_natural,1
P-22018,persona_juridica,0
P-26463,persona_juridica,0
UT-1955,union_temporal,0
N-01858,persona_natural,0
N-13400,persona_natural,0
P-35678,persona_juridica,1
N-23999,persona_natural,0
P-48146,persona_juridica,0
P-15693,persona_juridica,0
P-46185,persona_juridica,0
P-13397,persona_juridica,0
P-25023,persona_juridica,0
P-00341,persona_juridica,1
P-04416,persona_juridica,1
P-11219,persona_juridica,0
UT-26986,union_temporal,0
N-09886,persona_natural,1
P-00860,persona_juridica,0
P-04419,persona_juridica,0
N-12943,persona_natural,0
P-32008,persona_juridica,0
N-19347,persona_natural,0
P-11760,persona_juridica,0
UT-6134,union_temporal,0
P-13375,persona_juridica,0
P-31866,persona_juridica,0
N-32941,persona_natural,0
P-24863,persona_juridica,0
N-37585,persona_natural,0
N-34136,persona_natural,0
P-15562,persona_juridica,0
P-10299,persona_juridica,0
P-35911,persona_juridica,0
P-32232,persona_juridica,0
P-34962,persona_juridica,0
N-27380,persona_natural,0
N-31279,persona_natural,0
P-08515,persona_juridica,0
P-16661,persona_juridica,0
P-05944,persona_juridica,0
P-11252,persona_juridica,0
N-03913,persona_natural,0
UT-11450,union_temporal,0
N-27512,persona_natural,0
P-13176,persona_juridica,1
N-18920,persona_natural,0
P-03171,persona_juridica,0
P-03141,persona_juridica,1
N-36668,persona_natural,0
N-29918,persona_natural,0
N-27065,persona_natural,1
N-25508,persona_natural,1
N-14256,persona_natural,0
P-50847,persona_juridica,0
P-11501,persona_juridica,0
P-02333,persona_juridica,0
N-06054,persona_natural,0
UT-35859,union_temporal,0
P-25650,persona_juridica,0
N-33456,persona_natural,0
P-05970,persona_juridica,0
P-01555,persona_juridica,0
N-38048,persona_natural,1
N-11754,persona_natural,0
P-00916,persona_juridica,0
UT-26749,union_temporal,0
P-26593,persona_juridica,1
P-43977,persona_juridica,0
N-12632,persona_natural,0
N-07892,persona_natural,0
P-07649,persona_juridica,0
P-00683,persona_juridica,0
N-34171,persona_natural,0
N-22873,persona_natural,0
UT-42560,union_temporal,0
N-23028,persona_natural,0
P-27464,persona_juridica,1
N-07349,persona_natural,0
N-08734,persona_natural,0
N-19889,persona_natural,0
N-17051,persona_natural,0
N-13730,persona_natural,0
P-05462,persona_juridica,0
P-37091,persona_juridica,1
N-19539,persona_natural,0
N-02933,persona_natural,0
N-13616,persona_natural,1
P-48263,persona_juridica,0
P-43637,persona_juridica,0
UT-18897,union_temporal,0
P-27327,persona_juridica,1
N-03476,persona_natural,0
N-32942,persona_natural,0
UT-35601,union_temporal,0
P-00063,persona_juridica,0
P-03515,persona_juridica,0
N-02573,persona_natural,0
N-05736,persona_natural,0
N-04410,persona_natural,0
P-39355,persona_juridica,0
P-39701,persona_juridica,0
P-45295,persona_juridica,0
N-33634,persona_natural,0
N-23599,persona_natural,0
P-08027,persona_juridica,1
P-51397,persona_juridica,0
P-39418,persona_juridica,0
P-02054,persona_juridica,0
UT-32873,union_temporal,0
N-11538,persona_natural,0
P-21233,persona_juridica,0
P-08943,persona_juridica,0
N-01723,persona_natural,0
N-33864,persona_natural,1
P-40237,persona_juridica,0
N-19346,persona_natural,1
P-27968,persona_juridica,0
N-30165,persona_natural,0
P-33098,persona_juridica,0
P-40105,persona_juridica,1
N-21556,persona_natural,0
UT-24367,union_temporal,0
N-36823,persona_natural,0
P-12628,persona_juridica,0
P-13725,persona_juridica,0
N-11536,persona_natural,0
N-25567,persona_natural,0
UT-14467,union_temporal,0
P-04734,persona_juridica,0
N-28425,persona_natural,0
P-40230,persona_juridica,0
P-25143,persona_juridica,0
UT-7877,union_temporal,0
P-42537,persona_juridica,0
P-12685,persona_juridica,0
P-18556,persona_juridica,0
P-49751,persona_juridica,0
P-01325,persona_juridica,0
P-47881,persona_juridica,0
N-16382,persona_natural,0
P-39484,persona_juridica,0
N-32076,persona_natural,1
P-51504,persona_juridica,0
N-05422,persona_natural,0
UT-28724,union_temporal,0
N-08249,persona_natural,0
N-17960,persona_natural,0
P-37688,persona_juridica,0
N-35854,persona_natural,0
P-11699,persona_juridica,0
P-47105,persona_juridica,0
N-27263,persona_natural,0
P-11468,persona_juridica,0
P-35619,persona_juridica,0
P-34390,persona_juridica,0
N-23244,persona_natural,0
UT-9499,union_temporal,0
UT-8815,union_temporal,0
P-46610,persona_juridica,0
N-36965,persona_natural,0
N-32250,persona_natural,0
P-27942,persona_juridica,0
P-48569,persona_juridica,0
N-38033,persona_natural,0
UT-25017,union_temporal,0
P-18216,persona_juridica,0
N-27493,persona_natural,0
UT-44558,union_temporal,0
N-29931,persona_natural,1
P-03348,persona_juridica,0
P-23105,persona_juridica,0
N-35660,persona_natural,0
N-35566,persona_natural,0
N-29557,persona_natural,0
N-15877,persona_natural,0
N-17581,persona_natural,0
UT-15435,union_temporal,0
P-12091,persona_juridica,0
N-14848,persona_natural,0
N-37748,persona_natural,0
N-07992,persona_natural,0
N-17992,persona_natural,0
N-00093,persona_natural,0
N-22153,persona_natural,0
N-04549,persona_natural,0
P-48859,persona_juridica,0
P-04174,persona_juridica,0
P-33600,persona_juridica,0
N-00847,persona_natural,0
N-24284,persona_natural,0
P-39077,persona_juridica,0
P-21670,persona_juridica,0
N-01722,persona_natural,0
UT-12833,union_temporal,0
N-25352,persona_natural,0
P-10134,persona_juridica,0
N-06070,persona_natural,0
P-39383,persona_juridica,0
P-41459,persona_juridica,1
P-02330,persona_juridica,0
P-26929,persona_juridica,0
N-04863,persona_natural,0
P-21924,persona_juridica,0
N-24149,persona_natural,0
P-17658,persona_juridica,0
P-06592,persona_juridica,0
N-03566,persona_natural,0
UT-24666,union_temporal,0
UT-8652,union_temporal,0
N-36513,persona_natural,0
N-17103,persona_natural,0
N-22475,persona_natural,0
P-07684,persona_juridica,0
P-40284,persona_juridica,0
P-24147,persona_juridica,0
P-20135,persona_juridica,0
P-09396,persona_juridica,0
P-07222,persona_juridica,0
N-36546,persona_natural,0
N-37156,persona_natural,0
N-06129,persona_natural,1
P-28473,persona_juridica,0
N-33668,persona_natural,0
UT-43132,union_temporal,0
P-14620,persona_juridica,0
P-08037,persona_juridica,0
UT-4800,union_temporal,0
P-32830,persona_juridica,1
P-37630,persona_juridica,0
N-26324,persona_natural,0
P-48342,persona_juridica,1
P-38442,persona_juridica,0
N-23278,persona_natural,0
P-10034,persona_juridica,0
N-33608,persona_natural,0
N-22608,persona_natural,0
N-04047,persona_natural,0
N-16305,persona_natural,0
P-12682,persona_juridica,0
N-03470,persona_natural,0
N-34857,persona_natural,0
UT-34034,union_temporal,0
P-00794,persona_juridica,0
P-17324,persona_juridica,0
P-02363,persona_juridica,1
N-04193,persona_natural,0
N-04009,persona_natural,0
N-07055,persona_natural,0
UT-44619,union_temporal,0
P-42860,persona_juridica,0
P-26034,persona_juridica,0
N-14567,persona_natural,0
UT-28244,union_temporal,0
P-34947,persona_juridica,0
P-48063,persona_juridica,0
N-22807,persona_natural,0
UT-15305,union_temporal,0
P-00697,persona_juridica,0
N-30858,persona_natural,1
P-36731,persona_juridica,0
N-16371,persona_natural,0
UT-29614,union_temporal,0
N-12265,persona_natural,0
N-32465,persona_natural,0
P-25819,persona_juridica,0
P-37537,persona_juridica,1
P-10085,persona_juridica,0
N-23124,persona_natural,0
P-06544,persona_juridica,0
N-32412,persona_natural,0
UT-41654,union_temporal,0
P-24065,persona_juridica,0
P-24448,persona_juridica,0
N-07302,persona_natural,0
P-29743,persona_juridica,0
N-15333,persona_natural,1
UT-36455,union_temporal,0
N-20013,persona_natural,0
N-21371,persona_natural,0
N-17494,persona_natural,1
N-30593,persona_natural,0
N-11214,persona_natural,0
N-34538,persona_natural,0
P-17568,persona_juridica,1
UT-40722,union_temporal,0
P-27061,persona_juridica,0
P-03584,persona_juridica,0
P-42530,persona_juridica,0
N-15200,persona_natural,0
P-28060,persona_juridica,0
N-23825,persona_natural,0
P-42967,persona_juridica,1
P-40372,persona_juridica,0
N-04129,persona_natural,0
N-15800,persona_natural,0
P-32210,persona_juridica,0
UT-10706,union_temporal,0
N-35513,persona_natural,0
P-14169,persona_juridica,0
P-24896,persona_juridica,1
P-11980,persona_juridica,0
P-05670,persona_juridica,0
P-02367,persona_juridica,0
P-20421,persona_juridica,0
N-37512,persona_natural,0
N-29378,persona_natural,0
P-17598,persona_juridica,0
P-37515,persona_juridica,1
N-00151,persona_natural,0
N-06789,persona_natural,0
UT-40211,union_temporal,0
UT-1074,union_temporal,0
N-08151,persona_natural,0
N-00565,persona_natural,0
P-45915,persona_juridica,0
P-17380,persona_juridica,1
UT-43345,union_temporal,0
P-39849,persona_juridica,0
P-18140,persona_juridica,0
P-14172,persona_juridica,0
UT-2976,union_temporal,0
P-10916,persona_juridica,0
P-29311,persona_juridica,0
N-11320,persona_natural,0
N-02838,persona_natural,0
N-37839,persona_natural,1
N-22027,persona_natural,0
P-35838,persona_juridica,0
P-26906,persona_juridica,0
P-00581,persona_juridica,0
P-44587,persona_juridica,0
N-23740,persona_natural,0
P-48865,persona_juridica,0
P-38880,persona_juridica,0
N-37584,persona_natural,0
N-12837,persona_natural,1
P-21211,persona_juridica,0
P-40258,persona_juridica,0
N-06267,persona_natural,0
P-38781,persona_juridica,0
P-34416,persona_juridica,0
N-00552,persona_natural,0
P-45551,persona_juridica,0
P-38369,persona_juridica,0
P-01167,persona_juridica,0
P-43043,persona_juridica,0
P-49961,persona_juridica,0
P-17277,persona_juridica,0
N-08972,persona_natural,0
N-03943,persona_natural,0
P-26972,persona_juridica,0
N-07613,persona_natural,0
N-27433,persona_natural,1
P-00177,persona_juridica,0
N-02379,persona_natural,0
P-01556,persona_juridica,1
P-47706,persona_juridica,0
UT-0110,union_temporal,0
P-45173,persona_juridica,0
P-08109,persona_juridica,0
P-02448,persona_juridica,0
N-24528,persona_natural,0
P-01859,persona_juridica,0
UT-8420,union_temporal,0
N-07246,persona_natural,0
P-39834,persona_juridica,0
P-30807,persona_juridica,0
N-27881,persona_natural,1
N-05742,persona_natural,0
P-49002,persona_juridica,0
N-34586,persona_natural,0
N-28229,persona_natural,0
P-14411,persona_juridica,0
N-24828,persona_natural,0
UT-37101,union_temporal,0
P-38255,persona_juridica,0
P-49760,persona_juridica,0
N-22320,persona_natural,0
P-25568,persona_juridica,0
P-26405,persona_juridica,0
P-49409,persona_juridica,0
P-42174,persona_juridica,0
N-09454,persona_natural,0
N-27695,persona_natural,0
N-21138,persona_natural,0
N-23209,persona_natural,0
UT-39715,union_temporal,0
N-28871,persona_natural,0
N-36562,persona_natural,0
N-13562,persona_natural,0
P-26064,persona_juridica,0
N-10270,persona_natural,0
P-32601,persona_juridica,0
P-42116,persona_juridica,0
N-03384,persona_natural,0
P-14432,persona_juridica,0
N-15577,persona_natural,0
P-19755,persona_juridica,0
UT-28789,union_temporal,0
N-10443,persona_natural,0
P-19784,persona_juridica,0
N-12348,persona_natural,0
N-31494,persona_natural,0
P-08914,persona_juridica,0
P-04573,persona_juridica,0
P-47682,persona_juridica,1
P-17826,persona_juridica,0
N-22483,persona_natural,0
P-02186,persona_juridica,0
N-01431,persona_natural,0
N-31321,persona_natural,0
UT-6302,union_temporal,0
P-18431,persona_juridica,0
N-12141,persona_natural,0
N-33002,persona_natural,0
UT-40632,union_temporal,0
N-31136,persona_natural,0
N-05221,persona_natural,0
N-02308,persona_natural,0
P-44272,persona_juridica,0
UT-31448,union_temporal,0
P-51345,persona_juridica,0
N-06620,persona_natural,0
N-28694,persona_natural,0
N-33767,persona_natural,0
P-27100,persona_juridica,0
P-01762,persona_juridica,0
P-27878,persona_juridica,0
N-21251,persona_natural,0
P-39378,persona_juridica,0
N-23723,persona_natural,0
P-50977,persona_juridica,0
N-35419,persona_natural,1
P-31243,persona_juridica,0
P-41697,persona_juridica,0
P-27238,persona_juridica,0
N-06361,persona_natural,1
N-13414,persona_natural,0
P-06973,persona_juridica,1
P-44406,persona_juridica,1
N-29108,persona_natural,0
P-37038,persona_juridica,0
P-40529,persona_juridica,0
UT-42521,union_temporal,0
N-26316,persona_natural,0
N-17466,persona_natural,0
N-29771,persona_natural,1
P-19586,persona_juridica,0
P-30826,persona_juridica,0
P-49968,persona_juridica,0
N-12234,persona_natural,0
P-49542,persona_juridica,0
P-20869,persona_juridica,0
P-04409,persona_juridica,0
P-31471,persona_juridica,0
P-32816,persona_juridica,0
N-08101,persona_natural,0
P-39851,persona_juridica,0
N-24073,persona_natural,1
P-08224,persona_juridica,0
N-25234,persona_natural,0
P-04440,persona_juridica,0
N-37208,persona_natural,0
N-25649,persona_natural,0
P-15547,persona_juridica,1
N-00807,persona_natural,0
P-45166,persona_juridica,0
P-03863,persona_juridica,1
P-45294,persona_juridica,0
P-12968,persona_juridica,1
N-23036,persona_natural,0
N-34259,persona_natural,0
P-09407,persona_juridica,0
P-36355,persona_juridica,0
N-28207,persona_natural,0
P-10296,persona_juridica,0
N-03955,persona_natural,0
P-26172,persona_juridica,0
P-33384,persona_juridica,0
N-07491,persona_natural,0
N-09856,persona_natural,0
N-02489,persona_natural,0
UT-28134,union_temporal,0
N-03564,persona_natural,0
P-20880,persona_juridica,0
N-06626,persona_natural,0
P-05173,persona_juridica,0
P-45167,persona_juridica,0
P-31641,persona_juridica,0
P-16030,persona_juridica,0
UT-45080,union_temporal,0
P-05461,persona_juridica,0
N-31956,persona_natural,1
P-16659,persona_juridica,1
P-36903,persona_juridica,0
P-38509,persona_juridica,0
N-08831,persona_natural,1
P-51303,persona_juridica,0
N-16124,persona_natural,0
P-11778,persona_juridica,0
N-20150,persona_natural,1
N-27159,persona_natural,0
P-19252,persona_juridica,0
P-34542,persona_juridica,0
P-39423,persona_juridica,0
P-15129,persona_juridica,1
P-41627,persona_juridica,0
P-40716,persona_juridica,0
N-13106,persona_natural,0
P-23067,persona_juridica,0
UT-20649,union_temporal,0
UT-27514,union_temporal,0
P-25671,persona_juridica,0
N-03112,persona_natural,0
P-37713,persona_juridica,0
P-37561,persona_juridica,0
N-13645,persona_natural,0
P-37241,persona_juridica,0
UT-32039,union_temporal,0
N-30966,persona_natural,0
N-18931,persona_natural,0
N-07812,persona_natural,0
UT-3465,union_temporal,0
N-17929,persona_natural,0
P-44969,persona_juridica,0
N-03159,persona_natural,0
N-16756,persona_natural,0
N-20919,persona_natural,0
P-34547,persona_juridica,0
UT-41351,union_temporal,0
P-10880,persona_juridica,0
N-04051,persona_natural,0
P-30541,persona_juridica,0
N-37597,persona_natural,0
N-01187,persona_natural,0
UT-44088,union_temporal,0
P-04540,persona_juridica,0
N-34848,persona_natural,1
P-42219,persona_juridica,0
N-37122,persona_natural,0
N-04966,persona_natural,0
UT-29948,union_temporal,0
P-20146,persona_juridica,1
P-44972,persona_juridica,0
N-20093,persona_natural,0
P-37173,persona_juridica,0
P-05919,persona_juridica,0
P-28101,persona_juridica,1
N-05095,persona_natural,0
P-49836,persona_juridica,0
N-22474,persona_natural,1
UT-19058,union_temporal,0
P-18978,persona_juridica,0
N-28072,persona_natural,0
P-27134,persona_juridica,0
P-32785,persona_juridica,0
P-15327,persona_juridica,0
P-13187,persona_juridica,0
P-15698,persona_juridica,0
N-37502,persona_natural,0
N-23943,persona_natural,0
N-10468,persona_natural,0
N-17665,persona_natural,0
N-09986,persona_natural,0
N-37996,persona_natural,0
P-24165,persona_juridica,0
N-36833,persona_natural,1
UT-16694,union_temporal,0
P-23931,persona_juridica,0
N-21992,persona_natural,1
P-27344,persona_juridica,0
P-49622,persona_juridica,1
P-16006,persona_juridica,0
P-27469,persona_juridica,0
P-15520,persona_juridica,0
N-09206,persona_natural,0
N-21959,persona_natural,0
P-43212,persona_juridica,0
P-39191,persona_juridica,1
P-39651,persona_juridica,0
N-24514,persona_natural,0
N-31678,persona_natural,0
P-31466,persona_juridica,1
P-50643,persona_juridica,0
P-01565,persona_juridica,0
N-21162,persona_natural,0
P-29732,persona_juridica,0
N-19552,persona_natural,0
N-02191,persona_natural,0
N-13019,persona_natural,0
N-37027,persona_natural,0
N-14899,persona_natural,0
P-02016,persona_juridica,0
N-34932,persona_natural,0
P-22473,persona_juridica,0
P-13892,persona_juridica,0
N-03666,persona_natural,0
P-44211,persona_juridica,1
P-20369,persona_juridica,0
P-24004,persona_juridica,0
P-51001,persona_juridica,0
N-07536,persona_natural,0
UT-29058,union_temporal,0
N-17938,persona_natural,0
P-15723,persona_juridica,0
N-37262,persona_natural,0
UT-17438,union_temporal,0
P-00239,persona_juridica,0
P-29693,persona_juridica,1
P-46322,persona_juridica,0
P-03854,persona_juridica,0
N-36510,persona_natural,0
UT-25180,union_temporal,0
P-34617,persona_juridica,0
UT-7196,union_temporal,0
P-24018,persona_juridica,1
P-18541,persona_juridica,0
N-26446,persona_natural,0
P-07455,persona_juridica,0
N-15738,persona_natural,0
N-20411,persona_natural,0
UT-30876,union_temporal,0
P-07859,persona_juridica,0
N-36762,persona_natural,1
P-17031,persona_juridica,0
P-15740,persona_juridica,0
P-32752,persona_juridica,0
N-32294,persona_natural,0
P-25818,persona_juridica,0
P-38029,persona_juridica,0
UT-36931,union_temporal,0
N-26141,persona_natural,1
UT-4413,union_temporal,0
P-15772,persona_juridica,0
UT-27841,union_temporal,0
N-13644,persona_natural,0
UT-37378,union_temporal,0
P-24152,persona_juridica,0
N-23862,persona_natural,0
P-09891,persona_juridica,1
N-05076,persona_natural,0
N-27656,persona_natural,1
N-24257,persona_natural,0
N-08837,persona_natural,0
N-26688,persona_natural,1
N-29820,persona_natural,0
P-20037,persona_juridica,0
N-12266,persona_natural,0
N-18773,persona_natural,0
N-22983,persona_natural,0
N-02042,persona_natural,0
P-13082,persona_juridica,0
P-02560,persona_juridica,0
UT-44490,union_temporal,0
P-15563,persona_juridica,0
N-24467,persona_natural,0
UT-31903,union_temporal,0
P-32742,persona_juridica,0
P-38998,persona_juridica,0
P-38324,persona_juridica,1
P-48151,persona_juridica,0
N-21639,persona_natural,1
N-08147,persona_natural,0
N-20804,persona_natural,0
P-33686,persona_juridica,0
N-30295,persona_natural,0
N-15638,persona_natural,0
P-19621,persona_juridica,0
N-05297,persona_natural,0
N-12357,persona_natural,0
N-11076,persona_natural,1
P-05435,persona_juridica,0
N-21171,persona_natural,0
N-22309,persona_natural,1
N-14673,persona_natural,0
N-28679,persona_natural,1
P-36398,persona_juridica,0
P-15392,persona_juridica,0
N-37955,persona_natural,0
P-08171,persona_juridica,0
N-11651,persona_natural,0
P-23675,persona_juridica,1
P-02375,persona_juridica,1
N-32985,persona_natural,0
N-22560,persona_natural,0
N-10049,persona_natural,0
P-36839,persona_juridica,0
N-24966,persona_natural,0
P-47375,persona_juridica,0
P-02940,persona_juridica,0
N-32864,persona_natural,0
N-17251,persona_natural,1
P-49254,persona_juridica,0
N-20011,persona_natural,0
P-40404,persona_juridica,0
N-21885,persona_natural,1
P-08512,persona_juridica,1
P-46464,persona_juridica,0
N-19370,persona_natural,1
P-40945,persona_juridica,0
P-50031,persona_juridica,0
P-18600,persona_juridica,0
P-29557,persona_juridica,0
N-15625,persona_natural,0
N-14765,persona_natural,0
P-13864,persona_juridica,0
P-45441,persona_juridica,0
P-50305,persona_juridica,0
P-13510,persona_juridica,0
N-10627,persona_natural,0
N-19818,persona_natural,0
N-17914,persona_natural,0
P-03839,persona_juridica,0
P-27096,persona_juridica,0
P-02924,persona_juridica,0
P-16732,persona_juridica,0
N-03519,persona_natural,0
P-01500,persona_juridica,0
N-26966,persona_natural,0
N-31844,persona_natural,0
N-25809,persona_natural,0
N-23133,persona_natural,0
P-04319,persona_juridica,0
P-19130,persona_juridica,1
N-37987,persona_natural,0
P-02040,persona_juridica,0
N-15463,persona_natural,0
N-17983,persona_natural,0
P-24455,persona_juridica,1
N-15900,persona_natural,0
N-26266,persona_natural,0
N-09602,persona_natural,0
P-50659,persona_juridica,0
N-22541,persona_natural,0
P-51222,persona_juridica,0
P-20003,persona_juridica,0
N-12138,persona_natural,0
P-30619,persona_juridica,0
P-36084,persona_juridica,0
P-49227,persona_juridica,0
N-07831,persona_natural,1
P-51022,persona_juridica,0
P-34783,persona_juridica,0
P-45580,persona_juridica,0
P-13639,persona_juridica,0
P-11947,persona_juridica,0
N-36025,persona_natural,0
P-15043,persona_juridica,0
N-21326,persona_natural,0
UT-25288,union_temporal,0
P-09582,persona_juridica,1
P-48329,persona_juridica,1
P-41291,persona_juridica,0
UT-22130,union_temporal,0
P-23346,persona_juridica,0
P-14787,persona_juridica,0
P-36662,persona_juridica,0
P-26086,persona_juridica,0
P-07347,persona_juridica,0
N-11687,persona_natural,0
N-00300,persona_natural,0
N-32380,persona_natural,0
P-09889,persona_juridica,0
P-02648,persona_juridica,0
N-28571,persona_natural,1
P-10841,persona_juridica,0
P-30755,persona_juridica,0
N-01905,persona_natural,0
P-29827,persona_juridica,1
N-35293,persona_natural,0
UT-23511,union_temporal,0
N-17093,persona_natural,0
P-47421,persona_juridica,0
N-28076,persona_natural,0
N-16961,persona_natural,0
P-20580,persona_juridica,0
N-04888,persona_natural,0
N-17001,persona_natural,0
P-05882,persona_juridica,0
N-26047,persona_natural,0
P-13889,persona_juridica,0
N-08006,persona_natural,1
P-13162,persona_juridica,0
N-32468,persona_natural,0
P-03392,persona_juridica,1
P-24256,persona_juridica,0
P-10497,persona_juridica,0
N-12771,persona_natural,0
P-36738,persona_juridica,0
N-15394,persona_natural,0
N-14343,persona_natural,0
N-02987,persona_natural,0
P-08308,persona_juridica,1
UT-44382,union_temporal,0
P-36615,persona_juridica,0
P-06131,persona_juridica,0
N-22641,persona_natural,0
N-00568,persona_natural,0
N-16184,persona_natural,0
N-00840,persona_natural,0
P-32374,persona_juridica,0
P-18343,persona_juridica,0
P-29995,persona_juridica,0
P-22975,persona_juridica,0
P-33456,persona_juridica,0
N-15873,persona_natural,0
N-08112,persona_natural,1
N-27767,persona_natural,0
UT-33635,union_temporal,0
P-17787,persona_juridica,0
P-43619,persona_juridica,0
N-03632,persona_natural,0
N-09727,persona_natural,0
N-26923,persona_natural,1
P-25129,persona_juridica,0
N-28309,persona_natural,0
P-41448,persona_juridica,0
P-50304,persona_juridica,1
P-34620,persona_juridica,0
N-31951,persona_natural,0
P-23816,persona_juridica,0
UT-1984,union_temporal,0
N-20779,persona_natural,1
UT-26602,union_temporal,0
P-35599,persona_juridica,0
P-15452,persona_juridica,1
UT-2955,union_temporal,0
N-18253,persona_natural,0
P-01867,persona_juridica,0
P-38754,persona_juridica,0
P-27689,persona_juridica,0
P-12275,persona_juridica,1
N-26485,persona_natural,0
P-19219,persona_juridica,0
P-34307,persona_juridica,0
N-13723,persona_natural,0
N-10241,persona_natural,0
UT-1031,union_temporal,0
N-27218,persona_natural,0
N-17391,persona_natural,0
P-43652,persona_juridica,0
P-37361,persona_juridica,0
N-17932,persona_natural,0
P-01951,persona_juridica,0
N-02075,persona_natural,0
P-01911,persona_juridica,1
UT-36178,union_temporal,0
N-11715,persona_natural,0
N-11923,persona_natural,0
UT-22290,union_temporal,0
N-35500,persona_natural,0
P-25591,persona_juridica,0
P-13928,persona_juridica,0
P-31986,persona_juridica,0
P-12831,persona_juridica,0
N-20660,persona_natural,0
P-02919,persona_juridica,0
N-11904,persona_natural,0
P-21099,persona_juridica,0
N-27020,persona_natural,0
UT-36713,union_temporal,0
P-47470,persona_juridica,0
P-19601,persona_juridica,0
P-37203,persona_juridica,0
P-09727,persona_juridica,0
N-32323,persona_natural,1
N-12927,persona_natural,0
P-29949,persona_juridica,0
P-11123,persona_juridica,0
P-01091,persona_juridica,0
P-13361,persona_juridica,0
P-33942,persona_juridica,0
UT-15866,union_temporal,0
UT-44958,union_temporal,0
N-24805,persona_natural,1
N-23301,persona_natural,0
N-23857,persona_natural,0
N-26892,persona_natural,0
P-37267,persona_juridica,1
N-01471,persona_natural,0
P-40430,persona_juridica,0
N-24359,persona_natural,0
UT-3039,union_temporal,0
P-40176,persona_juridica,0
N-34490,persona_natural,0
N-36736,persona_natural,0
P-01448,persona_juridica,0
P-27890,persona_juridica,0
N-32517,persona_natural,0
P-27659,persona_juridica,0
UT-10626,union_temporal,0
N-20797,persona_natural,0
P-17600,persona_juridica,0
P-34177,persona_juridica,0
N-28138,persona_natural,0
P-00695,persona_juridica,0
P-18635,persona_juridica,0
P-40424,persona_juridica,0
N-18044,persona_natural,0
N-24807,persona_natural,0
UT-30154,union_temporal,0
P-21478,persona_juridica,0
P-29958,persona_juridica,0
N-09342,persona_natural,1
N-31574,persona_natural,0
N-07461,persona_natural,0
N-07717,persona_natural,0
P-29063,persona_juridica,0
UT-16375,union_temporal,0
N-07153,persona_natural,0
N-11756,persona_natural,0
P-46926,persona_juridica,0
P-10878,persona_juridica,0
P-15880,persona_juridica,0
N-18226,persona_natural,0
P-04717,persona_juridica,0
N-03390,persona_natural,0
P-43276,persona_juridica,0
N-01346,persona_natural,0
P-51085,persona_juridica,0
P-00650,persona_juridica,0
N-10194,persona_natural,1
N-36877,persona_natural,0
P-28294,persona_juridica,0
P-45246,persona_juridica,0
N-03994,persona_natural,0
N-07918,persona_natural,0
N-07210,persona_natural,0
N-26093,persona_natural,0
P-33471,persona_juridica,0
P-49355,persona_juridica,0
N-11092,persona_natural,0
N-20145,persona_natural,0
P-11767,persona_juridica,0
P-10108,persona_juridica,0
P-25332,persona_juridica,0
P-12293,persona_juridica,0
N-02948,persona_natural,0
N-34511,persona_natural,0
P-19152,persona_juridica,0
N-10975,persona_natural,0
P-01034,persona_juridica,1
P-33834,persona_juridica,0
N-36193,persona_natural,0
N-05828,persona_natural,0
UT-44313,union_temporal,0
P-28599,persona_juridica,0
P-08529,persona_juridica,0
N-29740,persona_natural,0
P-13032,persona_juridica,0
P-00890,persona_juridica,0
N-02826,persona_natural,0
P-25237,persona_juridica,0
P-49837,persona_juridica,0
P-21921,persona_juridica,0
P-09050,persona_juridica,0
UT-21615,union_temporal,0
P-29055,persona_juridica,0
N-24387,persona_natural,1
P-11958,persona_juridica,0
P-19842,persona_juridica,0
P-46303,persona_juridica,0
P-46891,persona_juridica,0
P-34281,persona_juridica,0
P-30320,persona_juridica,0
UT-33508,union_temporal,0
N-32737,persona_natural,1
P-05370,persona_juridica,0
P-05709,persona_juridica,0
N-21650,persona_natural,0
N-07101,persona_natural,0
N-25780,persona_natural,0
N-06401,persona_natural,0
P-34695,persona_juridica,0
P-28788,persona_juridica,0
N-21200,persona_natural,0
UT-15266,union_temporal,0
N-21056,persona_natural,0
P-32623,persona_juridica,0
N-15351,persona_natural,0
N-36845,persona_natural,0
P-10988,persona_juridica,0
N-25919,persona_natural,0
N-02298,persona_natural,1
P-27785,persona_juridica,0
P-45163,persona_juridica,0
N-37249,persona_natural,0
N-17437,persona_natural,0
N-12409,persona_natural,0
P-50533,persona_juridica,0
N-04915,persona_natural,0
N-18202,persona_natural,0
P-22213,persona_juridica,0
P-43021,persona_juridica,0
N-08933,persona_natural,0
P-06657,persona_juridica,0
P-49134,persona_juridica,0
N-33867,persona_natural,0
P-34492,persona_juridica,1
N-20042,persona_natural,0
N-11822,persona_natural,0
P-32466,persona_juridica,0
P-20872,persona_juridica,0
P-16236,persona_juridica,0
P-36790,persona_juridica,0
P-20945,persona_juridica,0
P-14358,persona_juridica,0
N-35532,persona_natural,0
N-34146,persona_natural,0
UT-45382,union_temporal,0
N-16990,persona_natural,1
N-23223,persona_natural,0
N-37220,persona_natural,0
N-04922,persona_natural,0
N-03518,persona_natural,0
UT-25657,union_temporal,0
P-13491,persona_juridica,0
P-11177,persona_juridica,0
UT-11550,union_temporal,0
P-37955,persona_juridica,0
UT-0508,union_temporal,0
N-06397,persona_natural,0
N-15630,persona_natural,0
N-10368,persona_natural,1
N-02774,persona_natural,0
P-27590,persona_juridica,0
N-01106,persona_natural,0
UT-31709,union_temporal,0
P-12923,persona_juridica,0
P-12070,persona_juridica,0
P-05551,persona_juridica,0
UT-31009,union_temporal,0
N-27699,persona_natural,0
N-00543,persona_natural,0
N-31608,persona_natural,0
N-07673,persona_natural,0
N-09818,persona_natural,0
P-47531,persona_juridica,0
N-19757,persona_natural,0
P-42504,persona_juridica,0
UT-6834,union_temporal,0
P-00438,persona_juridica,0
P-21416,persona_juridica,0
P-38513,persona_juridica,0
P-35501,persona_juridica,0
UT-40608,union_temporal,0
N-02855,persona_natural,0
N-09534,persona_natural,0
P-21356,persona_juridica,0
N-20462,persona_natural,0
P-39475,persona_juridica,0
N-27926,persona_natural,0
UT-28969,union_temporal,0
N-29497,persona_natural,1
N-05075,persona_natural,0
N-31220,persona_natural,0
P-16091,persona_juridica,0
N-34704,persona_natural,1
P-19486,persona_juridica,0
P-19273,persona_juridica,0
N-26718,persona_natural,0
P-28998,persona_juridica,0
P-19905,persona_juridica,0
P-49872,persona_juridica,0
P-37177,persona_juridica,0
P-30122,persona_juridica,0
N-25566,persona_natural,0
UT-25033,union_temporal,0
P-27865,persona_juridica,0
N-05516,persona_natural,0
N-24610,persona_natural,1
P-42525,persona_juridica,0
N-23997,persona_natural,0
P-30254,persona_juridica,0
P-16340,persona_juridica,0
N-15462,persona_natural,0
N-32681,persona_natural,0
P-11009,persona_juridica,0
P-10705,persona_juridica,0
P-26706,persona_juridica,0
P-40147,persona_juridica,0
P-27820,persona_juridica,0
N-35608,persona_natural,0
N-12082,persona_natural,0
P-31778,persona_juridica,0
P-27725,persona_juridica,1
P-06747,persona_juridica,0
P-23205,persona_juridica,1
P-50970,persona_juridica,0
P-46909,persona_juridica,0
N-34833,persona_natural,0
N-33695,persona_natural,0
N-36284,persona_natural,0
P-15879,persona_juridica,0
N-20419,persona_natural,0
P-23899,persona_juridica,0
P-16448,persona_juridica,0
P-10422,persona_juridica,0
P-18085,persona_juridica,0
UT-24253,union_temporal,0
N-11747,persona_natural,0
P-02793,persona_juridica,0
N-13761,persona_natural,0
N-30848,persona_natural,0
N-08750,persona_natural,1
N-01798,persona_natural,0
N-10002,persona_natural,0
N-01531,persona_natural,0
N-36073,persona_natural,1
N-24981,persona_natural,0
UT-34802,union_temporal,0
P-43466,persona_juridica,0
UT-6581,union_temporal,0
P-50838,persona_juridica,0
N-04507,persona_natural,0
P-16975,persona_juridica,0
UT-4344,union_temporal,0
P-12843,persona_juridica,0
P-29271,persona_juridica,0
P-41179,persona_juridica,1
P-14958,persona_juridica,0
N-24503,persona_natural,0
P-31761,persona_juridica,0
P-22816,persona_juridica,1
P-02253,persona_juridica,0
P-01022,persona_juridica,0
P-08145,persona_juridica,0
N-26679,persona_natural,0
P-12230,persona_juridica,0
P-11566,persona_juridica,0
P-44437,persona_juridica,0
P-20161,persona_juridica,0
P-25268,persona_juridica,1
P-13097,persona_juridica,0
N-03754,persona_natural,0
P-19373,persona_juridica,0
P-42892,persona_juridica,0
P-32866,persona_juridica,0
P-45100,persona_juridica,0
N-18366,persona_natural,0
N-13380,persona_natural,0
P-08319,persona_juridica,0
N-24811,persona_natural,0
N-01868,persona_natural,0
P-47146,persona_juridica,0
P-30074,persona_juridica,0
N-19228,persona_natural,0
P-22887,persona_juridica,0
N-30870,persona_natural,0
N-14792,persona_natural,0
N-03818,persona_natural,0
N-28342,persona_natural,0
P-38672,persona_juridica,1
N-00607,persona_natural,1
N-11094,persona_natural,0
P-39949,persona_juridica,0
P-31820,persona_juridica,0
N-06492,persona_natural,0
P-48638,persona_juridica,0
N-36397,persona_natural,0
N-30225,persona_natural,0
N-24887,persona_natural,0
N-27922,persona_natural,0
N-16409,persona_natural,0
P-27172,persona_juridica,0
P-24113,persona_juridica,0
N-23062,persona_natural,1
N-33983,persona_natural,0
N-08880,persona_natural,0
N-22317,persona_natural,0
P-23142,persona_juridica,0
N-16928,persona_natural,0
N-12854,persona_natural,1
P-16652,persona_juridica,0
N-28645,persona_natural,0
N-37331,persona_natural,0
P-37769,persona_juridica,1
N-26850,persona_natural,0
P-31064,persona_juridica,0
P-03260,persona_juridica,0
P-16235,persona_juridica,0
P-50443,persona_juridica,0
N-19647,persona_natural,0
N-22744,persona_natural,0
P-41031,persona_juridica,0
P-28591,persona_juridica,0
N-04884,persona_natural,1
UT-21943,union_temporal,0
P-45597,persona_juridica,0
N-04651,persona_natural,0
P-34079,persona_juridica,0
P-22380,persona_juridica,1
P-29262,persona_juridica,1
N-11554,persona_natural,1
N-04005,persona_natural,0
P-06027,persona_juridica,0
N-36274,persona_natural,0
P-21373,persona_juridica,0
N-25148,persona_natural,0
N-27918,persona_natural,0
N-07200,persona_natural,0
P-31610,persona_juridica,0
P-50582,persona_juridica,0
N-04938,persona_natural,0
P-45599,persona_juridica,0
N-33553,persona_natural,0
P-22732,persona_juridica,0
N-12536,persona_natural,0
P-43154,persona_juridica,0
N-09963,persona_natural,0
UT-22257,union_temporal,0
P-09380,persona_juridica,0
P-33305,persona_juridica,0
P-11451,persona_juridica,0
P-42673,persona_juridica,0
P-44364,persona_juridica,0
N-06381,persona_natural,1
P-22029,persona_juridica,0
N-13196,persona_natural,0
P-06138,persona_juridica,0
N-21046,persona_natural,0
P-33658,persona_juridica,0
P-04881,persona_juridica,0
P-39329,persona_juridica,0
N-34220,persona_natural,0
P-27314,persona_juridica,0
P-50658,persona_juridica,0
P-06087,persona_juridica,0
N-12721,persona_natural,0
P-46128,persona_juridica,0
UT-37945,union_temporal,0
P-05064,persona_juridica,0
P-02571,persona_juridica,0
P-42091,persona_juridica,0
N-15823,persona_natural,0
P-28034,persona_juridica,0
N-25627,persona_natural,0
P-47525,persona_juridica,0
P-48805,persona_juridica,0
N-01928,persona_natural,0
N-15962,persona_natural,0
N-23056,persona_natural,1
N-21379,persona_natural,1
N-05455,persona_natural,0
P-07591,persona_juridica,0
P-06960,persona_juridica,1
UT-16629,union_temporal,0
P-46067,persona_juridica,0
P-27317,persona_juridica,0
P-51109,persona_juridica,0
P-17778,persona_juridica,1
P-24407,persona_juridica,0
N-37155,persona_natural,0
P-04194,persona_juridica,0
N-11893,persona_natural,0
P-25571,persona_juridica,0
UT-33494,union_temporal,0
N-17108,persona_natural,0
N-05677,persona_natural,0
P-01788,persona_juridica,0
P-08508,persona_juridica,0
P-13486,persona_juridica,0
N-09844,persona_natural,0
N-22445,persona_natural,0
N-33031,persona_natural,0
P-21752,persona_juridica,1
N-31748,persona_natural,0
N-13597,persona_natural,0
N-11026,persona_natural,0
P-33959,persona_juridica,0
P-06982,persona_juridica,1
N-19322,persona_natural,0
P-03332,persona_juridica,0
N-07900,persona_natural,0
N-14999,persona_natural,0
N-20060,persona_natural,0
N-11556,persona_natural,0
P-06718,persona_juridica,0
P-34301,persona_juridica,0
P-12899,persona_juridica,0
P-18048,persona_juridica,0
N-01139,persona_natural,0
N-16333,persona_natural,1
P-29606,persona_juridica,0
P-30227,persona_juridica,0
P-44841,persona_juridica,1
N-13249,persona_natural,0
P-28775,persona_juridica,0
N-27013,persona_natural,0
UT-7454,union_temporal,0
N-18530,persona_natural,0
N-29307,persona_natural,0
P-34323,persona_juridica,0
P-18129,persona_juridica,0
P-39118,persona_juridica,0
N-05694,persona_natural,1
N-19698,persona_natural,0
N-20624,persona_natural,0
P-10766,persona_juridica,0
N-13492,persona_natural,0
P-33428,persona_juridica,1
N-00922,persona_natural,0
N-37500,persona_natural,0
N-18996,persona_natural,0
P-48208,persona_juridica,0
P-09304,persona_juridica,0
P-44527,persona_juridica,0
N-33006,persona_natural,0
P-07622,persona_juridica,0
P-47009,persona_juridica,0
P-31021,persona_juridica,0
P-19893,persona_juridica,0
P-30236,persona_juridica,0
N-25146,persona_natural,0
N-19887,persona_natural,0
P-43536,persona_juridica,0
N-22635,persona_natural,0
N-26176,persona_natural,1
P-23431,persona_juridica,1
N-09250,persona_natural,0
N-01415,persona_natural,0
N-05594,persona_natural,0
UT-22066,union_temporal,0
N-16413,persona_natural,0
P-36245,persona_juridica,0
P-36455,persona_juridica,0
N-08573,persona_natural,0
P-46699,persona_juridica,0
P-14929,persona_juridica,0
P-44202,persona_juridica,0
P-14544,persona_juridica,0
P-15649,persona_juridica,0
N-27610,persona_natural,0
UT-17330,union_temporal,0
P-44818,persona_juridica,0
P-25633,persona_juridica,0
P-39495,persona_juridica,0
N-31991,persona_natural,0
N-08144,persona_natural,0
P-20720,persona_juridica,0
P-49791,persona_juridica,0
UT-31639,union_temporal,0
P-05162,persona_juridica,1
N-03599,persona_natural,0
P-17402,persona_juridica,0
N-23566,persona_natural,0
P-22773,persona_juridica,0
UT-20322,union_temporal,0
UT-21474,union_temporal,0
P-26146,persona_juridica,0
N-07370,persona_natural,0
P-31164,persona_juridica,0
P-51138,persona_juridica,1
P-25575,persona_juridica,0
N-22396,persona_natural,1
P-23233,persona_juridica,0
P-02725,persona_juridica,0
P-18397,persona_juridica,0
N-18721,persona_natural,0
P-41430,persona_juridica,0
P-40235,persona_juridica,1
UT-46388,union_temporal,0
N-12580,persona_natural,0
N-18157,persona_natural,0
P-00338,persona_juridica,0
P-05743,persona_juridica,0
N-35550,persona_natural,0
N-11186,persona_natural,0
N-10283,persona_natural,1
N-32290,persona_natural,0
UT-13468,union_temporal,0
N-33173,persona_natural,0
P-10693,persona_juridica,0
P-30091,persona_juridica,0
N-21190,persona_natural,0
N-06319,persona_natural,0
P-05633,persona_juridica,0
N-18312,persona_natural,0
UT-27060,union_temporal,0
P-41959,persona_juridica,1
N-34045,persona_natural,0
P-41885,persona_juridica,0
N-17143,persona_natural,0
N-27357,persona_natural,0
P-47122,persona_juridica,0
P-11609,persona_juridica,0
P-17051,persona_juridica,0
N-30434,persona_natural,0
P-14577,persona_juridica,0
P-43256,persona_juridica,0
P-30934,persona_juridica,0
N-34093,persona_natural,0
UT-4565,union_temporal,0
P-31871,persona_juridica,0
P-07802,persona_juridica,0
N-02785,persona_natural,0
UT-26588,union_temporal,0
P-01142,persona_juridica,0
P-45629,persona_juridica,0
UT-39709,union_temporal,0
P-42861,persona_juridica,1
N-04049,persona_natural,0
P-27254,persona_juridica,1
P-37072,persona_juridica,1
N-33940,persona_natural,1
N-11258,persona_natural,0
N-14196,persona_natural,0
UT-40302,union_temporal,0
P-05844,persona_juridica,0
N-22883,persona_natural,0
N-18872,persona_natural,0
P-29353,persona_juridica,0
P-30109,persona_juridica,0
P-33628,persona_juridica,1
N-27832,persona_natural,1
P-10892,persona_juridica,0
P-12059,persona_juridica,0
P-33581,persona_juridica,0
N-23554,persona_natural,0
N-34800,persona_natural,0
P-42878,persona_juridica,1
P-11735,persona_juridica,0
P-19350,persona_juridica,0
N-32243,persona_natural,0
N-28274,persona_natural,0
P-46325,persona_juridica,0
P-12977,persona_juridica,0
N-28265,persona_natural,0
UT-32181,union_temporal,0
P-39478,persona_juridica,0
UT-9187,union_temporal,0
N-32419,persona_natural,0
P-22019,persona_juridica,1
P-36707,persona_juridica,0
P-15833,persona_juridica,0
P-36674,persona_juridica,0
P-31416,persona_juridica,0
N-03007,persona_natural,1
N-01646,persona_natural,1
P-42320,persona_juridica,0
P-27195,persona_juridica,0
N-12692,persona_natural,0
P-39175,persona_juridica,0
N-29806,persona_natural,0
N-27845,persona_natural,0
P-22139,persona_juridica,0
N-23119,persona_natural,0
P-41753,persona_juridica,0
N-24146,persona_natural,1
N-04081,persona_natural,0
P-50432,persona_juridica,0
N-21447,persona_natural,0
P-39456,persona_juridica,0
P-24340,persona_juridica,0
N-08970,persona_natural,0
N-06017,persona_natural,0
N-15726,persona_natural,0
P-04977,persona_juridica,0
UT-9975,union_temporal,0
P-13116,persona_juridica,0
N-00134,persona_natural,0
P-30477,persona_juridica,0
P-37230,persona_juridica,0
P-49576,persona_juridica,0
P-45616,persona_juridica,0
N-04969,persona_natural,0
N-13525,persona_natural,0
P-45116,persona_juridica,0
P-42244,persona_juridica,0
P-45320,persona_juridica,0
P-06226,persona_juridica,0
N-08352,persona_natural,0
P-45424,persona_juridica,0
P-42820,persona_juridica,0
N-34251,persona_natural,0
P-45020,persona_juridica,1
P-34636,persona_juridica,0
N-24634,persona_natural,1
N-20368,persona_natural,0
P-16985,persona_juridica,0
N-29958,persona_natural,0
P-43901,persona_juridica,0
P-39082,persona_juridica,0
P-06294,persona_juridica,0
N-19363,persona_natural,0
N-34902,persona_natural,0
P-43103,persona_juridica,0
P-42544,persona_juridica,0
N-00385,persona_natural,0
UT-13760,union_temporal,0
N-30548,persona_natural,0
P-22416,persona_juridica,1
N-15060,persona_natural,0
P-22083,persona_juridica,0
UT-4776,union_temporal,0
N-20561,persona_natural,0
P-43941,persona_juridica,0
UT-4196,union_temporal,0
P-32828,persona_juridica,0
P-34737,persona_juridica,0
N-04310,persona_natural,0
N-23680,persona_natural,0
P-30645,persona_juridica,1
P-21127,persona_juridica,0
N-05212,persona_natural,1
P-43077,persona_juridica,0
P-10806,persona_juridica,0
P-08825,persona_juridica,0
P-03771,persona_juridica,0
P-25878,persona_juridica,0
P-22590,persona_juridica,0
N-12312,persona_natural,0
P-15993,persona_juridica,0
P-17970,persona_juridica,0
N-09435,persona_natural,0
P-26190,persona_juridica,0
P-35653,persona_juridica,0
N-05175,persona_natural,0
N-09301,persona_natural,1
N-28263,persona_natural,0
N-21124,persona_natural,0
N-15460,persona_natural,0
N-30610,persona_natural,0
N-33206,persona_natural,0
P-01055,persona_juridica,0
N-32773,persona_natural,0
N-25687,persona_natural,0
P-28192,persona_juridica,0
N-37653,persona_natural,0
P-27692,persona_juridica,0
N-31449,persona_natural,0
N-29107,persona_natural,0
P-48156,persona_juridica,0
N-30726,persona_natural,0
P-20391,persona_juridica,0
UT-27240,union_temporal,0
N-33549,persona_natural,0
P-19588,persona_juridica,1
N-30845,persona_natural,0
N-30081,persona_natural,0
N-19668,persona_natural,0
P-20821,persona_juridica,0
P-03326,persona_juridica,0
N-05612,persona_natural,0
UT-40110,union_temporal,0
N-32888,persona_natural,1
N-11003,persona_natural,0
N-20956,persona_natural,0
N-15268,persona_natural,0
UT-17444,union_temporal,0
N-37343,persona_natural,0
P-08765,persona_juridica,0
P-39144,persona_juridica,0
N-11974,persona_natural,0
P-50186,persona_juridica,0
N-14134,persona_natural,0
N-06086,persona_natural,0
N-12065,persona_natural,0
P-12148,persona_juridica,0
P-32897,persona_juridica,0
P-29744,persona_juridica,0
P-02671,persona_juridica,0
N-10604,persona_natural,1
N-29409,persona_natural,0
N-16922,persona_natural,0
N-11497,persona_natural,1
P-00244,persona_juridica,0
N-18647,persona_natural,1
N-00587,persona_natural,0
P-16015,persona_juridica,0
P-39446,persona_juridica,0
P-20029,persona_juridica,0
N-34759,persona_natural,0
UT-33410,union_temporal,0
P-24498,persona_juridica,0
N-03995,persona_natural,0
N-27906,persona_natural,0
P-16243,persona_juridica,0
P-07432,persona_juridica,0
P-26003,persona_juridica,1
P-47077,persona_juridica,0
P-30843,persona_juridica,0
P-17516,persona_juridica,0
UT-7749,union_temporal,0
N-12618,persona_natural,0
P-50908,persona_juridica,0
P-39434,persona_juridica,0
N-22311,persona_natural,0
P-13731,persona_juridica,1
N-20099,persona_natural,1
P-25165,persona_juridica,1
N-19253,persona_natural,0
P-17000,persona_juridica,0
N-05144,persona_natural,1
P-27164,persona_juridica,0
P-40927,persona_juridica,0
P-19956,persona_juridica,0
N-15384,persona_natural,0
P-19053,persona_juridica,0
N-10069,persona_natural,0
P-42848,persona_juridica,0
N-09209,persona_natural,0
P-03847,persona_juridica,1
P-01431,persona_juridica,0
P-05489,persona_juridica,0
P-32904,persona_juridica,0
P-02067,persona_juridica,0
P-31557,persona_juridica,0
N-28910,persona_natural,0
N-14255,persona_natural,1
P-50604,persona_juridica,1
P-48505,persona_juridica,0
P-06337,persona_juridica,0
N-19127,persona_natural,0
N-05878,persona_natural,0
P-04417,persona_juridica,0
N-04450,persona_natural,0
P-10181,persona_juridica,1
N-14481,persona_natural,0
N-08158,persona_natural,0
P-01086,persona_juridica,0
N-14519,persona_natural,0
P-33202,persona_juridica,0
N-18409,persona_natural,0
P-05547,persona_juridica,0
P-25470,persona_juridica,0
N-32892,persona_natural,0
N-33010,persona_natural,0
P-40957,persona_juridica,1
P-46746,persona_juridica,1
N-31109,persona_natural,0
N-27464,persona_natural,0
P-04351,persona_juridica,0
P-03173,persona_juridica,0
N-10584,persona_natural,0
N-24999,persona_natural,0
N-26662,persona_natural,0
N-18178,persona_natural,0
P-01283,persona_juridica,0
N-20328,persona_natural,1
N-30262,persona_natural,0
P-13403,persona_juridica,0
P-27618,persona_juridica,0
P-25216,persona_juridica,0
P-21703,persona_juridica,0
N-32195,persona_natural,0
P-28646,persona_juridica,0
N-18598,persona_natural,0
N-28504,persona_natural,0
N-08058,persona_natural,1
P-21669,persona_juridica,0
N-10866,persona_natural,0
P-01113,persona_juridica,0
P-51431,persona_juridica,0
N-23471,persona_natural,0
P-15181,persona_juridica,1
N-26309,persona_natural,0
P-02849,persona_juridica,0
P-26570,persona_juridica,0
N-32718,persona_natural,1
N-26127,persona_natural,0
P-43707,persona_juridica,0
N-19188,persona_natural,0
UT-29055,union_temporal,0
P-24619,persona_juridica,0
N-15515,persona_natural,0
N-00367,persona_natural,1
N-35172,persona_natural,0
N-26083,persona_natural,0
P-51230,persona_juridica,0
P-29154,persona_juridica,0
P-35120,persona_juridica,0
P-40985,persona_juridica,0
N-16211,persona_natural,0
UT-13069,union_temporal,0
P-45661,persona_juridica,0
P-35620,persona_juridica,0
P-41133,persona_juridica,0
N-36888,persona_natural,0
N-18257,persona_natural,0
P-05846,persona_juridica,0
P-09879,persona_juridica,0
P-06548,persona_juridica,0
N-00732,persona_natural,0
UT-34882,union_temporal,0
P-12412,persona_juridica,0
UT-8847,union_temporal,0
P-48781,persona_juridica,0
P-20926,persona_juridica,0
N-01074,persona_natural,0
N-33005,persona_natural,0
UT-16346,union_temporal,0
N-29776,persona_natural,0
P-27221,persona_juridica,0
P-38308,persona_juridica,0
N-30139,persona_natural,0
P-32185,persona_juridica,1
N-23699,persona_natural,0
P-42989,persona_juridica,0
N-29581,persona_natural,0
N-12859,persona_natural,0
P-09458,persona_juridica,0
N-15325,persona_natural,0
P-47686,persona_juridica,0
P-10696,persona_juridica,0
P-27076,persona_juridica,0
N-16300,persona_natural,1
P-11453,persona_juridica,0
P-25056,persona_juridica,0
P-47594,persona_juridica,0
N-29453,persona_natural,1
N-12813,persona_natural,0
P-29085,persona_juridica,0
N-22525,persona_natural,1
P-15732,persona_juridica,0
P-06714,persona_juridica,0
P-43406,persona_juridica,0
UT-37112,union_temporal,0
UT-15927,union_temporal,0
N-27615,persona_natural,0
P-44457,persona_juridica,0
N-08965,persona_natural,0
P-00340,persona_juridica,0
N-25362,persona_natural,0
N-36167,persona_natural,0
P-03786,persona_juridica,0
N-16948,persona_natural,0
N-17234,persona_natural,0
P-15167,persona_juridica,0
N-12788,persona_natural,0
P-19176,persona_juridica,0
N-01792,persona_natural,0
P-34361,persona_juridica,0
P-17411,persona_juridica,1
N-19624,persona_natural,1
P-06309,persona_juridica,0
P-00776,persona_juridica,0
P-19594,persona_juridica,1
N-15552,persona_natural,1
P-41971,persona_juridica,0
P-45637,persona_juridica,0
P-21448,persona_juridica,0
N-21563,persona_natural,1
P-01117,persona_juridica,0
P-49111,persona_juridica,0
P-25036,persona_juridica,0
N-22335,persona_natural,0
N-13016,persona_natural,0
UT-4847,union_temporal,0
P-04887,persona_juridica,0
P-44775,persona_juridica,1
P-44933,persona_juridica,0
N-26464,persona_natural,0
P-30604,persona_juridica,0
N-05285,persona_natural,1
P-20525,persona_juridica,0
P-00559,persona_juridica,0
P-27717,persona_juridica,0
N-01750,persona_natural,0
P-21611,persona_juridica,0
N-30854,persona_natural,1
P-33602,persona_juridica,0
N-03507,persona_natural,0
N-24707,persona_natural,0
P-13358,persona_juridica,0
N-03442,persona_natural,1
P-17832,persona_juridica,0
UT-6339,union_temporal,0
P-24611,persona_juridica,0
P-14886,persona_juridica,0
N-20752,persona_natural,0
P-29803,persona_juridica,0
N-01946,persona_natural,0
N-13426,persona_natural,0
P-50029,persona_juridica,0
P-41596,persona_juridica,0
P-44937,persona_juridica,0
P-09562,persona_juridica,0
N-27086,persona_natural,0
N-10440,persona_natural,0
P-39320,persona_juridica,0
P-06733,persona_juridica,0
N-16838,persona_natural,0
N-30270,persona_natural,1
P-14651,persona_juridica,0
P-05498,persona_juridica,0
UT-5741,union_temporal,0
P-37856,persona_juridica,0
P-14953,persona_juridica,0
P-19685,persona_juridica,0
N-00240,persona_natural,0
UT-30735,union_temporal,0
P-04709,persona_juridica,0
N-13155,persona_natural,0
P-21455,persona_juridica,1
P-49568,persona_juridica,0
UT-20837,union_temporal,0
N-10807,persona_natural,0
P-08004,persona_juridica,0
P-41677,persona_juridica,0
P-49638,persona_juridica,0
N-04140,persona_natural,0
P-18668,persona_juridica,0
P-03581,persona_juridica,0
N-12923,persona_natural,1
UT-22188,union_temporal,0
P-21813,persona_juridica,1
P-06036,persona_juridica,0
P-15614,persona_juridica,0
N-17957,persona_natural,0
P-23809,persona_juridica,0
UT-33237,union_temporal,0
UT-7289,union_temporal,0
N-29086,persona_natural,0
P-36448,persona_juridica,0
P-35047,persona_juridica,0
P-40307,persona_juridica,0
UT-12517,union_temporal,0
N-00358,persona_natural,0
P-17956,persona_juridica,0
N-37789,persona_natural,0
P-37032,persona_juridica,0
N-07395,persona_natural,0
N-22734,persona_natural,0
N-05893,persona_natural,1
P-31003,persona_juridica,0
N-34811,persona_natural,0
N-29475,persona_natural,0
N-35136,persona_natural,0
P-48820,persona_juridica,0
P-12110,persona_juridica,0
P-32838,persona_juridica,0
P-49778,persona_juridica,0
N-13338,persona_natural,0
N-29973,persona_natural,0
P-09827,persona_juridica,0
P-34674,persona_juridica,0
P-45147,persona_juridica,1
P-31353,persona_juridica,0
P-40555,persona_juridica,0
N-19562,persona_natural,0
P-21411,persona_juridica,0
P-16862,persona_juridica,0
P-31673,persona_juridica,0
P-20559,persona_juridica,0
P-28583,persona_juridica,0
N-21264,persona_natural,0
UT-37335,union_temporal,0
N-31184,persona_natural,0
N-01304,persona_natural,0
N-11568,persona_natural,1
P-19861,persona_juridica,0
P-05063,persona_juridica,0
P-23409,persona_juridica,0
P-20613,persona_juridica,0
P-43691,persona_juridica,0
N-17577,persona_natural,0
P-44573,persona_juridica,0
P-47478,persona_juridica,0
N-32142,persona_natural,0
N-33961,persona_natural,0
N-14449,persona_natural,0
P-43065,persona_juridica,0
N-33388,persona_natural,0
N-13403,persona_natural,0
P-33478,persona_juridica,0
P-21330,persona_juridica,0
P-26187,persona_juridica,0
P-38611,persona_juridica,0
P-26561,persona_juridica,0
P-05460,persona_juridica,0
P-44292,persona_juridica,0
N-08425,persona_natural,1
P-49608,persona_juridica,0
P-01355,persona_juridica,1
P-09737,persona_juridica,0
P-16430,persona_juridica,0
P-49269,persona_juridica,1
P-30667,persona_juridica,0
P-42002,persona_juridica,0
P-14332,persona_juridica,0
N-24776,persona_natural,0
P-41023,persona_juridica,0
P-24984,persona_juridica,0
UT-15262,union_temporal,0
P-22662,persona_juridica,0
UT-41099,union_temporal,0
P-38266,persona_juridica,0
N-28316,persona_natural,0
N-08105,persona_natural,0
P-28222,persona_juridica,0
N-21116,persona_natural,0
P-32445,persona_juridica,0
UT-38609,union_temporal,0
P-11130,persona_juridica,0
N-07458,persona_natural,0
N-00720,persona_natural,1
N-02326,persona_natural,0
N-13313,persona_natural,1
P-04729,persona_juridica,0
UT-20265,union_temporal,0
P-18980,persona_juridica,0
N-36496,persona_natural,1
N-01755,persona_natural,0
P-42384,persona_juridica,0
P-04904,persona_juridica,0
N-10966,persona_natural,0
N-18539,persona_natural,0
P-04451,persona_juridica,0
P-02002,persona_juridica,0
N-15602,persona_natural,0
UT-4241,union_temporal,0
P-40525,persona_juridica,0
P-08574,persona_juridica,0
P-35205,persona_juridica,0
P-07372,persona_juridica,1
P-21201,persona_juridica,0
P-04855,persona_juridica,0
P-34911,persona_juridica,0
P-02582,persona_juridica,0
UT-22214,union_temporal,0
N-16499,persona_natural,0
P-34434,persona_juridica,0
P-06000,persona_juridica,0
P-07034,persona_juridica,0
P-31446,persona_juridica,0
P-19978,persona_juridica,0
N-04850,persona_natural,1
P-36953,persona_juridica,0
P-43512,persona_juridica,0
N-08874,persona_natural,0
N-12629,persona_natural,0
P-16505,persona_juridica,0
N-15857,persona_natural,1
N-07364,persona_natural,0
P-32464,persona_juridica,1
N-28479,persona_natural,0
P-48705,persona_juridica,0
N-22420,persona_natural,0
N-07505,persona_natural,1
N-07691,persona_natural,0
P-49309,persona_juridica,1
P-26130,persona_juridica,0
P-28395,persona_juridica,0
N-14577,persona_natural,0
N-06759,persona_natural,0
N-37033,persona_natural,1
N-32363,persona_natural,0
P-31358,persona_juridica,0
N-24551,persona_natural,0
N-37349,persona_natural,0
N-32593,persona_natural,0
P-28900,persona_juridica,0
N-02814,persona_natural,0
P-50633,persona_juridica,0
N-06979,persona_natural,0
N-29063,persona_natural,0
N-18790,persona_natural,0
P-22611,persona_juridica,0
N-05402,persona_natural,0
N-19976,persona_natural,0
N-16110,persona_natural,0
UT-24280,union_temporal,0
UT-25897,union_temporal,0
P-45126,persona_juridica,0
P-38260,persona_juridica,0
N-23808,persona_natural,0
P-48377,persona_juridica,0
P-40289,persona_juridica,0
P-39757,persona_juridica,0
P-44584,persona_juridica,0
UT-40004,union_temporal,0
P-02501,persona_juridica,0
N-00296,persona_natural,0
P-22886,persona_juridica,0
N-02641,persona_natural,0
P-31960,persona_juridica,0
N-22325,persona_natural,0
N-18527,persona_natural,0
N-20701,persona_natural,0
P-48466,persona_juridica,0
P-36769,persona_juridica,0
N-13600,persona_natural,0
P-36343,persona_juridica,0
N-32314,persona_natural,0
N-08650,persona_natural,0
N-27109,persona_natural,1
P-43743,persona_juridica,1
P-12747,persona_juridica,0
N-10663,persona_natural,0
P-18867,persona_juridica,0
N-07676,persona_natural,0
P-13874,persona_juridica,0
N-01364,persona_natural,0
P-36525,persona_juridica,0
N-19076,persona_natural,1
N-34510,persona_natural,0
UT-37871,union_temporal,0
P-38514,persona_juridica,0
N-01861,persona_natural,1
N-15242,persona_natural,0
UT-27296,union_temporal,0
UT-42161,union_temporal,0
P-02726,persona_juridica,0
N-02918,persona_natural,0
UT-42918,union_temporal,0
P-16841,persona_juridica,0
P-03054,persona_juridica,0
P-10905,persona_juridica,1
UT-44785,union_temporal,0
P-25833,persona_juridica,0
P-03964,persona_juridica,0
P-42639,persona_juridica,0
N-17109,persona_natural,1
P-29767,persona_juridica,0
P-16150,persona_juridica,0
P-19783,persona_juridica,0
P-05809,persona_juridica,1
P-33211,persona_juridica,0
N-14541,persona_natural,0
UT-31328,union_temporal,0
P-27862,persona_juridica,0
N-19727,persona_natural,0
N-28055,persona_natural,0
N-00133,persona_natural,0
N-02321,persona_natural,0
P-41000,persona_juridica,0
P-03694,persona_juridica,0
P-29748,persona_juridica,0
P-35766,persona_juridica,1
N-25874,persona_natural,1
P-28568,persona_juridica,0
N-01631,persona_natural,1
N-14604,persona_natural,0
N-35179,persona_natural,0
P-18068,persona_juridica,0
N-21846,persona_natural,0
P-27141,persona_juridica,0
UT-7815,union_temporal,0
P-47848,persona_juridica,0
N-30964,persona_natural,0
N-08041,persona_natural,0
P-44193,persona_juridica,0
P-42798,persona_juridica,0
P-39990,persona_juridica,0
N-14445,persona_natural,0
N-25285,persona_natural,0
N-08514,persona_natural,0
P-13338,persona_juridica,0
P-25057,persona_juridica,0
N-11759,persona_natural,0
N-28613,persona_natural,0
N-31302,persona_natural,0
N-00232,persona_natural,0
N-31224,persona_natural,0
P-33031,persona_juridica,0
P-21085,persona_juridica,0
UT-25201,union_temporal,0
P-26223,persona_juridica,0
N-23388,persona_natural,0
P-14570,persona_juridica,0
P-35925,persona_juridica,0
P-05333,persona_juridica,0
N-29209,persona_natural,0
UT-29201,union_temporal,0
P-00944,persona_juridica,0
N-10154,persona_natural,0
N-29004,persona_natural,0
N-09334,persona_natural,1
N-13423,persona_natural,1
N-10074,persona_natural,0
UT-17805,union_temporal,0
N-33783,persona_natural,0
P-38980,persona_juridica,1
P-01761,persona_juridica,1
N-16680,persona_natural,0
N-05778,persona_natural,0
P-48340,persona_juridica,0
UT-40737,union_temporal,0
P-08962,persona_juridica,0
P-18197,persona_juridica,0
UT-27311,union_temporal,0
P-37683,persona_juridica,0
N-07919,persona_natural,0
P-50616,persona_juridica,0
P-32652,persona_juridica,0
P-50211,persona_juridica,0
P-13754,persona_juridica,0
UT-1733,union_temporal,0
P-25171,persona_juridica,0
P-17204,persona_juridica,0
N-03035,persona_natural,0
P-13178,persona_juridica,0
P-33550,persona_juridica,0
N-07800,persona_natural,1
UT-33652,union_temporal,0
UT-17360,union_temporal,0
P-31744,persona_juridica,0
P-01532,persona_juridica,0
N-31904,persona_natural,0
N-09438,persona_natural,0
N-27780,persona_natural,0
P-21278,persona_juridica,0
P-44198,persona_juridica,0
UT-37613,union_temporal,0
P-20147,persona_juridica,0
N-14614,persona_natural,0
N-04999,persona_natural,0
P-43127,persona_juridica,0
P-10312,persona_juridica,0
N-28753,persona_natural,0
P-06794,persona_juridica,0
P-33408,persona_juridica,0
P-23530,persona_juridica,0
N-07408,persona_natural,0
P-19983,persona_juridica,0
N-21265,persona_natural,0
P-14878,persona_juridica,1
P-22639,persona_juridica,0
P-00948,persona_juridica,0
P-21420,persona_juridica,0
P-04976,persona_juridica,0
N-37626,persona_natural,0
P-32365,persona_juridica,0
N-32893,persona_natural,0
N-06780,persona_natural,1
P-30922,persona_juridica,0
P-12089,persona_juridica,0
N-35492,persona_natural,0
P-25885,persona_juridica,0
P-05643,persona_juridica,0
N-33430,persona_natural,0
N-13007,persona_natural,0
N-33289,persona_natural,0
N-27102,persona_natural,0
N-30459,persona_natural,0
P-24451,persona_juridica,0
P-05690,persona_juridica,0
N-01953,persona_natural,0
P-14087,persona_juridica,0
P-38413,persona_juridica,0
P-37384,persona_juridica,0
P-48395,persona_juridica,0
P-22403,persona_juridica,0
P-47080,persona_juridica,0
P-17825,persona_juridica,0
P-37258,persona_juridica,0
N-31822,persona_natural,0
P-15212,persona_juridica,0
P-46603,persona_juridica,1
N-17067,persona_natural,0
N-13855,persona_natural,0
P-31163,persona_juridica,0
P-17407,persona_juridica,0
UT-3931,union_temporal,0
N-10938,persona_natural,0
N-26393,persona_natural,0
P-07342,persona_juridica,0
P-45800,persona_juridica,0
P-15679,persona_juridica,0
P-22601,persona_juridica,0
N-37378,persona_natural,0
N-26208,persona_natural,0
N-19556,persona_natural,0
P-35208,persona_juridica,0
P-50921,persona_juridica,0
N-05311,persona_natural,0
P-49522,persona_juridica,0
N-30015,persona_natural,0
N-08195,persona_natural,0
P-36459,persona_juridica,0
P-19139,persona_juridica,0
P-15232,persona_juridica,0
N-09888,persona_natural,0
N-19574,persona_natural,0
P-13257,persona_juridica,0
N-36151,persona_natural,0
P-35079,persona_juridica,0
P-14199,persona_juridica,0
P-14609,persona_juridica,0
N-10839,persona_natural,0
N-04281,persona_natural,0
N-30801,persona_natural,0
N-21595,persona_natural,0
P-11355,persona_juridica,0
N-00593,persona_natural,0
P-40373,persona_juridica,0
P-41168,persona_juridica,0
N-28759,persona_natural,0
N-19302,persona_natural,0
N-19099,persona_natural,0
N-20843,persona_natural,0
N-23430,persona_natural,0
P-42778,persona_juridica,0
N-22227,persona_natural,1
P-36121,persona_juridica,0
N-20012,persona_natural,0
P-04552,persona_juridica,0
N-12457,persona_natural,0
N-37629,persona_natural,0
P-38366,persona_juridica,0
UT-33784,union_temporal,0
N-30921,persona_natural,1
UT-35232,union_temporal,0
N-32038,persona_natural,0
UT-42859,union_temporal,0
N-08270,persona_natural,0
N-33156,persona_natural,0
N-30020,persona_natural,0
N-17162,persona_natural,0
UT-6715,union_temporal,0
N-30600,persona_natural,0
N-35858,persona_natural,0
P-32518,persona_juridica,0
N-19701,persona_natural,0
N-37047,persona_natural,0
P-12826,persona_juridica,0
P-18787,persona_juridica,0
UT-1892,union_temporal,0
P-25028,persona_juridica,0
N-33178,persona_natural,1
N-17386,persona_natural,0
P-10601,persona_juridica,0
P-23799,persona_juridica,0
N-12530,persona_natural,0
P-36358,persona_juridica,0
P-49877,persona_juridica,0
P-27056,persona_juridica,0
N-30168,persona_natural,0
P-08929,persona_juridica,0
P-13386,persona_juridica,0
N-30186,persona_natural,1
P-18436,persona_juridica,0
P-41968,persona_juridica,0
P-06727,persona_juridica,0
N-18612,persona_natural,0
N-00429,persona_natural,0
P-38405,persona_juridica,1
P-01895,persona_juridica,0
N-02908,persona_natural,0
N-15890,persona_natural,0
N-09774,persona_natural,0
N-37023,persona_natural,0
N-24565,persona_natural,0
N-36984,persona_natural,0
N-19746,persona_natural,1
N-37376,persona_natural,0
P-41917,persona_juridica,0
N-23061,persona_natural,0
P-00342,persona_juridica,0
P-28417,persona_juridica,0
P-35865,persona_juridica,0
P-06490,persona_juridica,1
P-00602,persona_juridica,0
N-01984,persona_natural,0
P-04860,persona_juridica,0
N-24620,persona_natural,0
P-04682,persona_juridica,1
P-49690,persona_juridica,0
P-39246,persona_juridica,0
N-28079,persona_natural,0
P-02218,persona_juridica,1
P-22158,persona_juridica,0
P-30111,persona_juridica,0
P-23597,persona_juridica,0
N-18713,persona_natural,0
P-04112,persona_juridica,0
N-13553,persona_natural,1
P-27585,persona_juridica,0
P-39643,persona_juridica,0
P-23006,persona_juridica,0
N-33618,persona_natural,0
N-20291,persona_natural,1
N-23245,persona_natural,0
N-05927,persona_natural,0
N-03704,persona_natural,0
N-33245,persona_natural,0
P-05602,persona_juridica,0
N-16871,persona_natural,0
UT-42755,union_temporal,0
P-04010,persona_juridica,0
P-46016,persona_juridica,0
N-13928,persona_natural,1
N-00116,persona_natural,0
UT-17282,union_temporal,0
P-46976,persona_juridica,0
N-00225,persona_natural,0
P-27260,persona_juridica,0
P-30646,persona_juridica,0
N-26588,persona_natural,1
N-00867,persona_natural,0
N-28667,persona_natural,0
N-30852,persona_natural,0
P-48566,persona_juridica,0
P-29786,persona_juridica,0
P-31262,persona_juridica,0
N-31254,persona_natural,1
N-29876,persona_natural,0
P-08015,persona_juridica,0
N-29607,persona_natural,0
N-20524,persona_natural,0
P-00962,persona_juridica,0
P-45881,persona_juridica,0
N-07660,persona_natural,1
N-16986,persona_natural,0
UT-12513,union_temporal,0
N-04828,persona_natural,0
N-13020,persona_natural,0
P-31507,persona_juridica,0
N-13036,persona_natural,0
N-03239,persona_natural,0
UT-0725,union_temporal,0
UT-14181,union_temporal,0
N-18730,persona_natural,0
P-06911,persona_juridica,1
N-18606,persona_natural,0
P-21473,persona_juridica,0
N-26053,persona_natural,0
N-12609,persona_natural,0
N-17004,persona_natural,0
N-23790,persona_natural,0
P-27800,persona_juridica,0
N-37166,persona_natural,0
P-43207,persona_juridica,0
N-04353,persona_natural,0
P-17470,persona_juridica,1
N-00190,persona_natural,0
N-37240,persona_natural,0
N-16604,persona_natural,0
N-32215,persona_natural,0
P-05968,persona_juridica,0
P-30085,persona_juridica,0
N-34331,persona_natural,0
P-46475,persona_juridica,0
UT-15326,union_temporal,0
P-18267,persona_juridica,0
N-08170,persona_natural,0
N-29291,persona_natural,0
N-11248,persona_natural,0
P-03277,persona_juridica,0
P-00258,persona_juridica,0
N-01469,persona_natural,0
P-08528,persona_juridica,0
N-14052,persona_natural,0
N-26497,persona_natural,0
P-48814,persona_juridica,0
N-07858,persona_natural,0
P-48359,persona_juridica,0
P-34415,persona_juridica,0
P-33360,persona_juridica,0
N-19643,persona_natural,0
P-25308,persona_juridica,1
P-32011,persona_juridica,0
N-32416,persona_natural,0
P-48996,persona_juridica,0
N-16789,persona_natural,0
N-04639,persona_natural,0
N-11763,persona_natural,1
N-37246,persona_natural,0
P-41901,persona_juridica,0
P-23224,persona_juridica,0
N-11560,persona_natural,0
P-07899,persona_juridica,0
P-27532,persona_juridica,0
N-17986,persona_natural,0
P-40442,persona_juridica,0
P-45549,persona_juridica,0
P-03968,persona_juridica,0
N-16222,persona_natural,0
N-20135,persona_natural,0
P-39171,persona_juridica,0
P-12287,persona_juridica,0
N-33312,persona_natural,1
N-33746,persona_natural,0
P-40239,persona_juridica,0
P-21782,persona_juridica,0
P-17205,persona_juridica,0
N-31779,persona_natural,0
P-48932,persona_juridica,1
P-19882,persona_juridica,0
P-27239,persona_juridica,0
N-21975,persona_natural,0
UT-45293,union_temporal,0
N-14838,persona_natural,0
P-09685,persona_juridica,0
P-07823,persona_juridica,0
P-14336,persona_juridica,0
N-34905,persona_natural,0
P-32783,persona_juridica,0
P-11953,persona_juridica,0
P-10102,persona_juridica,0
N-36855,persona_natural,0
N-20764,persona_natural,0
N-09285,persona_natural,0
N-19309,persona_natural,0
P-49228,persona_juridica,0
P-01676,persona_juridica,0
N-25248,persona_natural,0
UT-25915,union_temporal,0
N-11250,persona_natural,1
N-21160,persona_natural,0
N-03846,persona_natural,0
N-33054,persona_natural,1
N-00430,persona_natural,0
P-00668,persona_juridica,0
P-21312,persona_juridica,0
N-29058,persona_natural,0
N-23867,persona_natural,0
N-24633,persona_natural,0
P-34978,persona_juridica,0
P-28604,persona_juridica,0
P-41215,persona_juridica,0
N-22345,persona_natural,0
P-39529,persona_juridica,0
N-27064,persona_natural,1
N-32209,persona_natural,0
N-03147,persona_natural,1
P-33093,persona_juridica,0
N-27898,persona_natural,0
P-44249,persona_juridica,1
P-41231,persona_juridica,1
P-10338,persona_juridica,0
N-21753,persona_natural,0
N-16407,persona_natural,0
UT-18730,union_temporal,0
P-11382,persona_juridica,0
P-32985,persona_juridica,0
N-31405,persona_natural,0
P-14159,persona_juridica,0
UT-33198,union_temporal,0
N-25043,persona_natural,0
P-04049,persona_juridica,0
N-20094,persona_natural,0
N-00813,persona_natural,0
P-36409,persona_juridica,0
P-14698,persona_juridica,0
P-22703,persona_juridica,0
N-21963,persona_natural,0
N-26804,persona_natural,0
P-24329,persona_juridica,0
N-13975,persona_natural,0
N-00148,persona_natural,0
N-04763,persona_natural,1
N-34733,persona_natural,0
N-15378,persona_natural,0
N-13145,persona_natural,0
P-03062,persona_juridica,0
N-06944,persona_natural,0
P-50937,persona_juridica,0
N-26055,persona_natural,0
UT-8335,union_temporal,0
UT-16649,union_temporal,0
P-17777,persona_juridica,0
P-41972,persona_juridica,0
P-37782,persona_juridica,0
UT-44746,union_temporal,0
P-22035,persona_juridica,0
P-26604,persona_juridica,0
P-14418,persona_juridica,0
N-02984,persona_natural,0
N-25570,persona_natural,0
N-35291,persona_natural,0
N-02953,persona_natural,0
N-25068,persona_natural,0
N-24423,persona_natural,0
P-12378,persona_juridica,0
UT-20834,union_temporal,0
UT-21071,union_temporal,0
P-09126,persona_juridica,0
P-37341,persona_juridica,0
N-35366,persona_natural,0
P-21956,persona_juridica,0
UT-10729,union_temporal,0
P-10168,persona_juridica,0
N-02354,persona_natural,0
P-34738,persona_juridica,0
P-15710,persona_juridica,0
N-09676,persona_natural,0
P-40300,persona_juridica,1
P-06743,persona_juridica,1
N-24532,persona_natural,0
N-10131,persona_natural,0
P-36553,persona_juridica,1
P-44843,persona_juridica,0
P-45862,persona_juridica,0
N-10694,persona_natural,0
P-31989,persona_juridica,0
P-22323,persona_juridica,0
N-05151,persona_natural,0
P-17076,persona_juridica,0
P-27485,persona_juridica,0
P-05219,persona_juridica,0
N-16057,persona_natural,0
P-03997,persona_juridica,0
P-23593,persona_juridica,0
P-23023,persona_juridica,0
UT-43547,union_temporal,0
UT-21658,union_temporal,0
N-17553,persona_natural,0
P-35875,persona_juridica,0
P-06181,persona_juridica,0
N-20157,persona_natural,0
P-30765,persona_juridica,0
P-05867,persona_juridica,1
P-42175,persona_juridica,0
P-31171,persona_juridica,0
N-28336,persona_natural,0
N-03388,persona_natural,0
N-03212,persona_natural,0
N-19888,persona_natural,0
P-48652,persona_juridica,0
P-45613,persona_juridica,0
N-11415,persona_natural,0
N-16431,persona_natural,0
N-08769,persona_natural,0
N-25650,persona_natural,0
P-20145,persona_juridica,0
P-45402,persona_juridica,0
P-13122,persona_juridica,0
N-24249,persona_natural,1
P-30265,persona_juridica,0
N-23511,persona_natural,0
N-24800,persona_natural,0
N-20829,persona_natural,0
N-03358,persona_natural,0
P-36897,persona_juridica,0
P-02203,persona_juridica,0
P-15902,persona_juridica,0
UT-35479,union_temporal,0
P-16055,persona_juridica,0
P-06006,persona_juridica,0
P-30578,persona_juridica,0
P-01896,persona_juridica,0
N-14463,persona_natural,0
P-43255,persona_juridica,0
P-01612,persona_juridica,0
P-47729,persona_juridica,0
N-07641,persona_natural,0
N-10415,persona_natural,0
P-43092,persona_juridica,0
UT-42479,union_temporal,0
N-16233,persona_natural,0
N-02784,persona_natural,0
P-01629,persona_juridica,0
N-16077,persona_natural,0
N-21944,persona_natural,0
P-40229,persona_juridica,0
P-42382,persona_juridica,0
N-03129,persona_natural,0
N-01776,persona_natural,0
N-25938,persona_natural,0
N-29211,persona_natural,0
UT-35587,union_temporal,0
P-06898,persona_juridica,1
UT-31520,union_temporal,0
N-30021,persona_natural,1
N-28511,persona_natural,0
N-22356,persona_natural,0
P-18062,persona_juridica,0
N-02637,persona_natural,0
N-36970,persona_natural,0
P-15210,persona_juridica,0
N-03684,persona_natural,0
P-18444,persona_juridica,0
P-44690,persona_juridica,0
N-19542,persona_natural,1
P-16077,persona_juridica,1
P-30972,persona_juridica,1
N-22766,persona_natural,0
N-33404,persona_natural,0
N-37611,persona_natural,0
UT-8851,union_temporal,0
N-34076,persona_natural,0
P-48564,persona_juridica,0
N-25965,persona_natural,0
P-04866,persona_juridica,0
P-45017,persona_juridica,0
P-15644,persona_juridica,0
P-24187,persona_juridica,1
P-47977,persona_juridica,0
UT-32310,union_temporal,0
N-28434,persona_natural,0
P-03321,persona_juridica,0
P-43298,persona_juridica,0
P-46221,persona_juridica,0
P-30983,persona_juridica,0
P-23857,persona_juridica,0
P-21458,persona_juridica,0
P-47749,persona_juridica,0
P-14547,persona_juridica,1
N-33739,persona_natural,0
P-23895,persona_juridica,0
UT-23628,union_temporal,0
N-06438,persona_natural,0
P-43035,persona_juridica,0
P-06717,persona_juridica,0
N-15810,persona_natural,1
P-10101,persona_juridica,0
P-07126,persona_juridica,0
P-42631,persona_juridica,0
N-22390,persona_natural,0
N-28447,persona_natural,0
P-17224,persona_juridica,0
UT-29030,union_temporal,0
N-33638,persona_natural,0
N-26851,persona_natural,0
N-09144,persona_natural,0
P-46328,persona_juridica,0
P-35327,persona_juridica,0
N-15712,persona_natural,1
P-41227,persona_juridica,0
UT-15818,union_temporal,0
N-19367,persona_natural,0
P-27792,persona_juridica,0
P-00975,persona_juridica,0
UT-45484,union_temporal,0
P-32484,persona_juridica,0
P-03004,persona_juridica,0
N-22901,persona_natural,0
N-33689,persona_natural,0
N-15376,persona_natural,0
P-45336,persona_juridica,0
N-26997,persona_natural,0
N-14901,persona_natural,0
N-17106,persona_natural,0
N-01679,persona_natural,0
P-17781,persona_juridica,0
P-17377,persona_juridica,0
N-24464,persona_natural,0
UT-12316,union_temporal,0
P-28861,persona_juridica,0
N-02409,persona_natural,0
N-37018,persona_natural,0
N-37721,persona_natural,0
N-15041,persona_natural,0
P-32244,persona_juridica,1
P-11698,persona_juridica,0
N-12865,persona_natural,0
N-34994,persona_natural,0
UT-25869,union_temporal,0
P-26644,persona_juridica,0
UT-34674,union_temporal,0
N-32836,persona_natural,0
N-23306,persona_natural,0
P-40685,persona_juridica,0
N-07361,persona_natural,0
N-05681,persona_natural,0
P-36936,persona_juridica,0
P-50252,persona_juridica,0
N-34500,persona_natural,1
P-17574,persona_juridica,0
N-00349,persona_natural,1
N-23483,persona_natural,0
P-00412,persona_juridica,0
P-02071,persona_juridica,0
UT-46180,union_temporal,0
N-07016,persona_natural,0
P-25421,persona_juridica,0
N-08784,persona_natural,0
P-16907,persona_juridica,0
P-32413,persona_juridica,1
P-02425,persona_juridica,0
N-27345,persona_natural,0
N-24282,persona_natural,0
P-42830,persona_juridica,1
UT-10752,union_temporal,0
N-22424,persona_natural,0
N-33835,persona_natural,0
P-35544,persona_juridica,0
P-47528,persona_juridica,0
N-22159,persona_natural,0
N-09016,persona_natural,0
N-30638,persona_natural,0
N-06075,persona_natural,0
UT-35132,union_temporal,0
N-10879,persona_natural,0
N-33235,persona_natural,0
P-01214,persona_juridica,0
P-50446,persona_juridica,0
P-09728,persona_juridica,1
UT-38760,union_temporal,0
P-47051,persona_juridica,0
N-08176,persona_natural,0
P-29642,persona_juridica,0
P-49780,persona_juridica,0
UT-4132,union_temporal,0
UT-9389,union_temporal,0
UT-7117,union_temporal,0
N-29537,persona_natural,0
P-02140,persona_juridica,0
P-37275,persona_juridica,0
N-05913,persona_natural,0
N-20029,persona_natural,0
N-26852,persona_natural,1
P-33523,persona_juridica,0
N-36495,persona_natural,0
N-18368,persona_natural,0
N-36804,persona_natural,0
P-13939,persona_juridica,1
N-06307,persona_natural,0
P-13457,persona_juridica,0
UT-44284,union_temporal,0
P-43073,persona_juridica,0
P-21755,persona_juridica,0
P-03393,persona_juridica,1
P-02227,persona_juridica,0
N-06652,persona_natural,0
N-33876,persona_natural,0
P-17843,persona_juridica,1
N-29892,persona_natural,0
N-33291,persona_natural,0
P-15444,persona_juridica,0
P-21381,persona_juridica,0
P-16961,persona_juridica,0
N-29754,persona_natural,0
P-12798,persona_juridica,0
N-30803,persona_natural,0
UT-24844,union_temporal,0
P-37660,persona_juridica,0
P-03682,persona_juridica,0
P-48495,persona_juridica,0
N-18908,persona_natural,0
N-09382,persona_natural,0
P-48207,persona_juridica,0
UT-34704,union_temporal,0
N-34481,persona_natural,0
P-19809,persona_juridica,0
P-42067,persona_juridica,1
N-27275,persona_natural,1
P-41502,persona_juridica,0
N-11678,persona_natural,1
P-05295,persona_juridica,0
P-35379,persona_juridica,0
P-51470,persona_juridica,0
N-12667,persona_natural,0
P-42129,persona_juridica,0
P-34834,persona_juridica,0
N-21922,persona_natural,0
P-38333,persona_juridica,0
UT-13591,union_temporal,0
P-08183,persona_juridica,0
N-29055,persona_natural,0
N-23618,persona_natural,1
N-04490,persona_natural,0
P-24621,persona_juridica,0
P-19729,persona_juridica,0
UT-43484,union_temporal,0
P-42598,persona_juridica,0
UT-24760,union_temporal,0
N-15750,persona_natural,1
N-00678,persona_natural,0
P-01846,persona_juridica,1
P-17288,persona_juridica,0
P-16495,persona_juridica,0
N-14939,persona_natural,0
P-08381,persona_juridica,1
P-11792,persona_juridica,0
P-17078,persona_juridica,0
N-35011,persona_natural,0
P-32677,persona_juridica,0
P-36066,persona_juridica,0
P-35161,persona_juridica,0
UT-29037,union_temporal,0
N-37307,persona_natural,0
P-28615,persona_juridica,1
UT-19920,union_temporal,0
P-08853,persona_juridica,0
N-15536,persona_natural,0
P-51426,persona_juridica,0
P-10891,persona_juridica,0
N-36681,persona_natural,0
P-18859,persona_juridica,0
N-35612,persona_natural,0
P-31118,persona_juridica,0
N-36246,persona_natural,0
P-22257,persona_juridica,0
P-11764,persona_juridica,0
P-27219,persona_juridica,1
P-11346,persona_juridica,0
N-27188,persona_natural,0
P-10377,persona_juridica,0
P-04460,persona_juridica,0
P-05928,persona_juridica,0
UT-14341,union_temporal,0
UT-14527,union_temporal,0
N-22880,persona_natural,0
P-35300,persona_juridica,0
P-38682,persona_juridica,0
P-22192,persona_juridica,0
N-24360,persona_natural,0
P-12725,persona_juridica,0
N-14408,persona_natural,0
P-45374,persona_juridica,0
P-21267,persona_juridica,0
P-22904,persona_juridica,0
P-32691,persona_juridica,0
N-18255,persona_natural,0
P-34406,persona_juridica,0
N-06480,persona_natural,0
N-16214,persona_natural,0
N-28113,persona_natural,0
N-29177,persona_natural,0
N-31251,persona_natural,0
N-22405,persona_natural,0
N-30609,persona_natural,0
N-22158,persona_natural,0
N-27649,persona_natural,0
P-07678,persona_juridica,0
N-21387,persona_natural,0
P-22505,persona_juridica,0
N-32424,persona_natural,0
N-32689,persona_natural,0
N-34865,persona_natural,0
N-07775,persona_natural,0
P-42824,persona_juridica,0
N-22463,persona_natural,0
P-27261,persona_juridica,0
N-23661,persona_natural,0
N-00981,persona_natural,0
P-38125,persona_juridica,0
P-38796,persona_juridica,0
N-07287,persona_natural,1
N-21173,persona_natural,1
N-21142,persona_natural,0
P-29618,persona_juridica,0
P-29878,persona_juridica,0
UT-8515,union_temporal,0
P-02053,persona_juridica,0
UT-23886,union_temporal,0
N-06642,persona_natural,0
P-21040,persona_juridica,0
P-10703,persona_juridica,0
N-07998,persona_natural,0
N-22427,persona_natural,0
N-05036,persona_natural,0
N-05375,persona_natural,0
P-24015,persona_juridica,0
P-00460,persona_juridica,0
P-16386,persona_juridica,0
P-24287,persona_juridica,0
P-15041,persona_juridica,0
P-48177,persona_juridica,0
N-10136,persona_natural,1
P-17287,persona_juridica,0
N-35947,persona_natural,0
N-29635,persona_natural,0
N-11437,persona_natural,0
P-46172,persona_juridica,0
P-45053,persona_juridica,0
P-15527,persona_juridica,0
N-17563,persona_natural,0
P-47415,persona_juridica,1
N-16034,persona_natural,0
P-38946,persona_juridica,0
N-22524,persona_natural,0
N-01457,persona_natural,0
P-04576,persona_juridica,0
N-26016,persona_natural,0
UT-44761,union_temporal,0
P-29806,persona_juridica,0
N-26517,persona_natural,0
P-02589,persona_juridica,0
N-05428,persona_natural,0
N-16089,persona_natural,0
P-30390,persona_juridica,0
P-29120,persona_juridica,0
N-34441,persona_natural,0
P-05737,persona_juridica,0
P-33186,persona_juridica,0
P-20313,persona_juridica,0
N-14159,persona_natural,0
P-11224,persona_juridica,0
N-37921,persona_natural,0
P-45654,persona_juridica,1
P-39815,persona_juridica,0
N-10094,persona_natural,0
N-02237,persona_natural,1
P-22209,persona_juridica,0
P-43630,persona_juridica,0
N-29996,persona_natural,0
N-13743,persona_natural,0
P-37732,persona_juridica,0
UT-32306,union_temporal,0
N-01789,persona_natural,0
P-14675,persona_juridica,0
P-17870,persona_juridica,0
P-40897,persona_juridica,0
N-19848,persona_natural,0
N-00106,persona_natural,0
P-45035,persona_juridica,0
N-11523,persona_natural,1
P-22002,persona_juridica,0
N-10960,persona_natural,0
P-38535,persona_juridica,0
UT-17463,union_temporal,0
N-06200,persona_natural,1
P-10483,persona_juridica,0
P-20742,persona_juridica,0
P-24328,persona_juridica,0
P-14879,persona_juridica,1
N-25881,persona_natural,0
N-08779,persona_natural,0
UT-14939,union_temporal,0
N-36802,persona_natural,0
P-43316,persona_juridica,0
P-23299,persona_juridica,0
P-33418,persona_juridica,1
P-20376,persona_juridica,0
P-31175,persona_juridica,0
N-08658,persona_natural,0
N-37750,persona_natural,0
UT-37375,union_temporal,0
N-15818,persona_natural,0
P-20658,persona_juridica,0
P-41970,persona_juridica,0
UT-0412,union_temporal,0
P-31389,persona_juridica,0
P-27644,persona_juridica,0
P-42401,persona_juridica,0
P-10347,persona_juridica,0
P-09262,persona_juridica,0
N-17797,persona_natural,1
N-03721,persona_natural,0
P-25281,persona_juridica,0
P-40459,persona_juridica,0
P-18696,persona_juridica,0
N-22293,persona_natural,0
N-36134,persona_natural,0
UT-0857,union_temporal,0
UT-1195,union_temporal,0
P-37621,persona_juridica,0
N-01417,persona_natural,0
P-41285,persona_juridica,1
P-24051,persona_juridica,0
P-31362,persona_juridica,0
P-46131,persona_juridica,0
P-27853,persona_juridica,0
P-50057,persona_juridica,1
P-37188,persona_juridica,0
N-12148,persona_natural,0
P-37261,persona_juridica,0
P-16268,persona_juridica,0
P-45197,persona_juridica,0
N-28609,persona_natural,1
N-13412,persona_natural,0
P-19915,persona_juridica,0
P-24131,persona_juridica,0
P-00862,persona_juridica,0
N-22422,persona_natural,0
N-08203,persona_natural,0
P-24706,persona_juridica,0
N-35689,persona_natural,0
P-01765,persona_juridica,0
P-47651,persona_juridica,0
UT-46105,union_temporal,0
P-14359,persona_juridica,1
P-26997,persona_juridica,0
N-07854,persona_natural,0
N-15369,persona_natural,0
P-13857,persona_juridica,0
N-10562,persona_natural,0
N-09085,persona_natural,0
P-03320,persona_juridica,0
P-49769,persona_juridica,1
N-09449,persona_natural,0
P-14531,persona_juridica,0
N-22850,persona_natural,0
N-14906,persona_natural,0
P-13901,persona_juridica,1
N-19397,persona_natural,0
P-21462,persona_juridica,0
P-45087,persona_juridica,0
P-20788,persona_juridica,0
P-24913,persona_juridica,0
P-10804,persona_juridica,0
N-27873,persona_natural,0
N-05499,persona_natural,0
P-11720,persona_juridica,0
N-17710,persona_natural,0
P-25460,persona_juridica,0
UT-13033,union_temporal,0
N-01608,persona_natural,0
N-24605,persona_natural,0
N-11702,persona_natural,0
N-17512,persona_natural,0
P-19259,persona_juridica,0
N-30174,persona_natural,0
P-30000,persona_juridica,0
P-27829,persona_juridica,0
N-15104,persona_natural,0
P-29112,persona_juridica,0
P-16345,persona_juridica,0
P-30569,persona_juridica,0
N-11433,persona_natural,0
P-17417,persona_juridica,1
P-48074,persona_juridica,0
N-03006,persona_natural,0
P-43180,persona_juridica,0
P-44299,persona_juridica,0
P-09025,persona_juridica,0
P-19868,persona_juridica,0
N-03126,persona_natural,0
UT-2317,union_temporal,0
UT-18387,union_temporal,0
P-37628,persona_juridica,0
N-10897,persona_natural,0
N-23874,persona_natural,0
N-10840,persona_natural,1
P-32890,persona_juridica,0
P-40605,persona_juridica,0
P-37378,persona_juridica,0
N-07109,persona_natural,0
P-38608,persona_juridica,0
P-41130,persona_juridica,1
N-35039,persona_natural,0
P-42248,persona_juridica,0
N-01762,persona_natural,0
P-14284,persona_juridica,0
N-32371,persona_natural,0
P-32435,persona_juridica,0
N-31922,persona_natural,0
P-33689,persona_juridica,0
N-10294,persona_natural,0
P-31285,persona_juridica,0
UT-0514,union_temporal,0
N-16461,persona_natural,0
N-06007,persona_natural,0
P-08887,persona_juridica,1
N-08822,persona_natural,0
P-00144,persona_juridica,0
P-35702,persona_juridica,0
P-30749,persona_juridica,0
N-23952,persona_natural,0
P-11935,persona_juridica,0
P-12644,persona_juridica,1
P-34852,persona_juridica,0
P-21706,persona_juridica,0
P-11761,persona_juridica,0
N-31695,persona_natural,0
N-06465,persona_natural,0
P-17587,persona_juridica,0
UT-35617,union_temporal,0
N-16457,persona_natural,0
N-26579,persona_natural,0
P-33386,persona_juridica,0
UT-33047,union_temporal,0
P-00827,persona_juridica,0
P-35725,persona_juridica,0
UT-12139,union_temporal,0
P-36442,persona_juridica,0
UT-5060,union_temporal,0
N-07288,persona_natural,0
P-33100,persona_juridica,0
P-16443,persona_juridica,0
P-35284,persona_juridica,1
UT-39744,union_temporal,0
N-27145,persona_natural,0
N-07690,persona_natural,0
P-21207,persona_juridica,0
P-30971,persona_juridica,0
N-10450,persona_natural,0
N-26927,persona_natural,0
P-04082,persona_juridica,0
N-32552,persona_natural,1
N-13261,persona_natural,1
N-14040,persona_natural,0
N-26200,persona_natural,1
N-37541,persona_natural,0
UT-10661,union_temporal,0
P-09515,persona_juridica,0
N-04944,persona_natural,0
N-10202,persona_natural,0
N-17559,persona_natural,0
N-33884,persona_natural,1
N-34537,persona_natural,1
P-23772,persona_juridica,0
P-43245,persona_juridica,0
P-13592,persona_juridica,0
P-21851,persona_juridica,1
P-22704,persona_juridica,1
UT-34843,union_temporal,0
N-33170,persona_natural,0
N-16805,persona_natural,0
P-09080,persona_juridica,0
UT-10039,union_temporal,0
P-04052,persona_juridica,0
N-25819,persona_natural,0
P-47063,persona_juridica,0
P-43285,persona_juridica,0
P-34910,persona_juridica,0
P-27425,persona_juridica,0
P-51093,persona_juridica,1
P-21726,persona_juridica,0
N-10575,persona_natural,0
UT-8137,union_temporal,0
P-45863,persona_juridica,0
N-19940,persona_natural,0
P-29526,persona_juridica,1
N-13573,persona_natural,0
N-08020,persona_natural,0
P-03135,persona_juridica,0
UT-33796,union_temporal,0
P-44953,persona_juridica,0
N-22569,persona_natural,0
N-16149,persona_natural,1
N-14130,persona_natural,0
P-01451,persona_juridica,0
N-01795,persona_natural,1
P-14106,persona_juridica,1
N-13618,persona_natural,0
UT-16082,union_temporal,0
P-20477,persona_juridica,0
P-16435,persona_juridica,0
P-04306,persona_juridica,0
N-02361,persona_natural,0
UT-38072,union_temporal,0
P-04151,persona_juridica,0
N-21768,persona_natural,0
P-49898,persona_juridica,0
N-23850,persona_natural,0
UT-10843,union_temporal,0
N-25267,persona_natural,0
P-04689,persona_juridica,0
N-37961,persona_natural,0
P-24955,persona_juridica,0
N-11978,persona_natural,0
N-21336,persona_natural,0
UT-42184,union_temporal,0
P-01047,persona_juridica,0
N-12252,persona_natural,0
N-32130,persona_natural,0
N-34329,persona_natural,0
N-32084,persona_natural,1
P-39872,persona_juridica,0
P-40426,persona_juridica,1
P-48751,persona_juridica,0
P-19962,persona_juridica,0
N-30786,persona_natural,1
N-30347,persona_natural,0
N-29718,persona_natural,0
UT-37811,union_temporal,0
P-35695,persona_juridica,0
N-07894,persona_natural,0
UT-42954,union_temporal,0
N-09450,persona_natural,0
P-08539,persona_juridica,0
P-26608,persona_juridica,0
UT-31481,union_temporal,0
N-33035,persona_natural,0
P-26594,persona_juridica,0
P-15273,persona_juridica,0
P-21019,persona_juridica,0
N-21245,persona_natural,0
N-34551,persona_natural,0
N-02740,persona_natural,0
N-10929,persona_natural,0
N-08063,persona_natural,0
N-09891,persona_natural,0
N-07950,persona_natural,0
UT-15228,union_temporal,0
N-14086,persona_natural,0
P-26212,persona_juridica,0
P-30421,persona_juridica,0
P-34610,persona_juridica,0
UT-2160,union_temporal,0
N-36088,persona_natural,0
N-17772,persona_natural,0
N-08381,persona_natural,0
N-09662,persona_natural,0
UT-17340,union_temporal,0
P-06685,persona_juridica,0
N-04627,persona_natural,0
UT-26061,union_temporal,0
P-35863,persona_juridica,1
P-02210,persona_juridica,1
N-36711,persona_natural,0
P-50095,persona_juridica,1
N-08544,persona_natural,0
N-29152,persona_natural,0
P-41009,persona_juridica,0
N-27192,persona_natural,0
N-35457,persona_natural,0
N-25967,persona_natural,0
P-02346,persona_juridica,1
P-16078,persona_juridica,1
P-04769,persona_juridica,0
N-17468,persona_natural,0
UT-6409,union_temporal,0
N-13758,persona_natural,0
N-31696,persona_natural,0
P-01541,persona_juridica,0
P-31907,persona_juridica,0
P-46874,persona_juridica,0
P-39746,persona_juridica,0
P-28439,persona_juridica,1
N-16337,persona_natural,0
N-20930,persona_natural,0
N-09187,persona_natural,0
P-17322,persona_juridica,0
P-14049,persona_juridica,0
P-24769,persona_juridica,0
P-12016,persona_juridica,0
P-20627,persona_juridica,0
N-29096,persona_natural,0
P-45452,persona_juridica,0
P-44737,persona_juridica,0
P-44792,persona_juridica,0
N-13026,persona_natural,1
N-20905,persona_natural,0
P-26019,persona_juridica,0
P-30980,persona_juridica,0
UT-20416,union_temporal,0
N-12287,persona_natural,0
P-03697,persona_juridica,0
P-04853,persona_juridica,0
P-29022,persona_juridica,0
N-29340,persona_natural,0
N-34664,persona_natural,0
N-02473,persona_natural,0
N-02123,persona_natural,0
N-23633,persona_natural,0
P-50551,persona_juridica,1
P-20445,persona_juridica,0
N-20881,persona_natural,0
N-17046,persona_natural,0
N-22959,persona_natural,0
P-44540,persona_juridica,0
N-16799,persona_natural,0
P-49047,persona_juridica,0
P-26747,persona_juridica,0
N-08959,persona_natural,0
N-13538,persona_natural,0
P-45202,persona_juridica,0
P-06620,persona_juridica,0
N-22610,persona_natural,0
P-01143,persona_juridica,0
N-19544,persona_natural,0
P-48856,persona_juridica,0
N-09244,persona_natural,0
P-50751,persona_juridica,0
UT-19357,union_temporal,0
N-00779,persona_natural,0
P-18409,persona_juridica,0
N-17707,persona_natural,0
N-06019,persona_natural,1
P-46726,persona_juridica,0
P-24046,persona_juridica,0
P-39205,persona_juridica,0
N-12114,persona_natural,0
P-17081,persona_juridica,0
N-19841,persona_natural,1
P-17175,persona_juridica,0
P-05290,persona_juridica,0
P-23569,persona_juridica,0
N-36997,persona_natural,0
P-06977,persona_juridica,0
UT-31795,union_temporal,0
P-24810,persona_juridica,0
UT-44514,union_temporal,0
N-22556,persona_natural,0
UT-45276,union_temporal,0
P-35159,persona_juridica,0
N-08239,persona_natural,1
P-00324,persona_juridica,0
N-22558,persona_natural,0
UT-38687,union_temporal,0
N-22512,persona_natural,0
N-13231,persona_natural,0
N-35045,persona_natural,1
N-01603,persona_natural,0
N-33936,persona_natural,0
N-23735,persona_natural,0
P-03730,persona_juridica,1
N-31535,persona_natural,0
P-51101,persona_juridica,0
N-16085,persona_natural,0
P-38179,persona_juridica,1
P-23314,persona_juridica,0
P-31650,persona_juridica,0
N-18496,persona_natural,0
P-12733,persona_juridica,0
N-06368,persona_natural,0
P-26195,persona_juridica,0
N-20468,persona_natural,0
N-04220,persona_natural,0
N-01771,persona_natural,0
N-36641,persona_natural,0
P-37415,persona_juridica,0
N-09399,persona_natural,0
P-06773,persona_juridica,0
P-49960,persona_juridica,0
P-30019,persona_juridica,0
N-12490,persona_natural,0
P-10227,persona_juridica,0
UT-15956,union_temporal,0
N-06334,persona_natural,0
P-06499,persona_juridica,1
P-08202,persona_juridica,0
P-20328,persona_juridica,0
P-40242,persona_juridica,0
N-19931,persona_natural,0
UT-7876,union_temporal,0
N-24235,persona_natural,0
P-20215,persona_juridica,0
N-20317,persona_natural,0
N-28780,persona_natural,0
N-37106,persona_natural,1
P-23400,persona_juridica,0
UT-42866,union_temporal,0
P-33626,persona_juridica,0
N-24523,persona_natural,0
P-23421,persona_juridica,0
P-34535,persona_juridica,0
UT-36436,union_temporal,0
P-07020,persona_juridica,0
UT-13246,union_temporal,0
UT-7031,union_temporal,0
P-08388,persona_juridica,0
N-22633,persona_natural,0
UT-1954,union_temporal,0
N-10351,persona_natural,0
P-06029,persona_juridica,0
P-13697,persona_juridica,0
N-08223,persona_natural,0
N-13332,persona_natural,1
UT-43138,union_temporal,0
P-04565,persona_juridica,0
N-00198,persona_natural,0
P-46623,persona_juridica,0
P-03836,persona_juridica,0
P-05764,persona_juridica,0
N-17771,persona_natural,0
N-10834,persona_natural,0
N-01042,persona_natural,0
N-27498,persona_natural,0
N-15696,persona_natural,0
P-50922,persona_juridica,0
UT-31757,union_temporal,0
P-19694,persona_juridica,0
P-04085,persona_juridica,0
P-10895,persona_juridica,0
P-14752,persona_juridica,0
N-10193,persona_natural,0
UT-37156,union_temporal,0
P-14803,persona_juridica,0
N-29810,persona_natural,0
N-36519,persona_natural,0
N-00418,persona_natural,0
P-50216,persona_juridica,0
N-02625,persona_natural,0
N-21393,persona_natural,0
P-39833,persona_juridica,1
P-25573,persona_juridica,0
N-08540,persona_natural,0
P-39051,persona_juridica,0
N-23671,persona_natural,1
P-39521,persona_juridica,0
P-33282,persona_juridica,0
N-29182,persona_natural,0
N-34885,persona_natural,0
P-50830,persona_juridica,0
N-25598,persona_natural,1
N-30643,persona_natural,0
N-13863,persona_natural,0
P-45471,persona_juridica,0
P-08387,persona_juridica,0
P-07792,persona_juridica,0
P-10695,persona_juridica,1
P-01046,persona_juridica,0
P-22126,persona_juridica,0
P-01072,persona_juridica,0
N-14702,persona_natural,0
N-02420,persona_natural,0
P-14992,persona_juridica,0
N-03301,persona_natural,0
UT-43051,union_temporal,0
N-16090,persona_natural,0
N-03463,persona_natural,0
P-20117,persona_juridica,1
N-26582,persona_natural,1
P-19565,persona_juridica,0
P-11684,persona_juridica,0
UT-19418,union_temporal,0
N-07399,persona_natural,0
N-19013,persona_natural,0
P-36207,persona_juridica,0
P-23644,persona_juridica,0
N-13632,persona_natural,0
P-09756,persona_juridica,0
P-12235,persona_juridica,0
N-21425,persona_natural,0
N-36571,persona_natural,0
UT-11574,union_temporal,0
P-16379,persona_juridica,0
N-27807,persona_natural,0
P-01854,persona_juridica,0
P-48912,persona_juridica,0
UT-2815,union_temporal,0
N-00952,persona_natural,0
P-03945,persona_juridica,0
UT-35189,union_temporal,0
P-24552,persona_juridica,1
N-34188,persona_natural,0
P-26850,persona_juridica,0
N-28903,persona_natural,0
N-08023,persona_natural,0
N-23858,persona_natural,0
P-02004,persona_juridica,1
P-19850,persona_juridica,0
N-07025,persona_natural,0
P-00789,persona_juridica,0
N-35273,persona_natural,0
P-38992,persona_juridica,0
P-43150,persona_juridica,0
N-37745,persona_natural,0
N-06436,persona_natural,0
P-01370,persona_juridica,0
P-32259,persona_juridica,0
P-05321,persona_juridica,0
P-37722,persona_juridica,0
N-24943,persona_natural,0
N-09529,persona_natural,0
P-11581,persona_juridica,0
UT-29932,union_temporal,0
N-10493,persona_natural,0
P-15180,persona_juridica,1
N-11765,persona_natural,0
N-03189,persona_natural,0
P-28714,persona_juridica,0
N-31966,persona_natural,0
P-37936,persona_juridica,0
UT-2184,union_temporal,0
P-15328,persona_juridica,0
P-05248,persona_juridica,0
P-12684,persona_juridica,0
N-24122,persona_natural,0
P-22053,persona_juridica,1
N-02844,persona_natural,0
P-20518,persona_juridica,0
N-26536,persona_natural,0
N-04857,persona_natural,0
P-32051,persona_juridica,0
N-16290,persona_natural,0
P-17809,persona_juridica,0
P-47072,persona_juridica,1
P-48730,persona_juridica,0
P-40807,persona_juridica,0
N-03214,persona_natural,0
P-41947,persona_juridica,0
N-11220,persona_natural,0
N-00003,persona_natural,0
N-18822,persona_natural,0
P-29113,persona_juridica,0
P-29091,persona_juridica,0
N-09535,persona_natural,0
P-41647,persona_juridica,0
P-46951,persona_juridica,0
N-34452,persona_natural,0
P-46008,persona_juridica,0
N-13451,persona_natural,0
P-11667,persona_juridica,0
P-42969,persona_juridica,0
P-38899,persona_juridica,0
N-07150,persona_natural,0
N-33311,persona_natural,0
N-37004,persona_natural,0
P-25676,persona_juridica,0
N-08088,persona_natural,0
N-30465,persona_natural,0
UT-4905,union_temporal,0
P-15293,persona_juridica,0
P-13740,persona_juridica,0
UT-0170,union_temporal,0
P-37234,persona_juridica,0
P-50612,persona_juridica,0
P-09942,persona_juridica,0
N-23508,persona_natural,0
N-03655,persona_natural,0
P-42981,persona_juridica,0
N-06467,persona_natural,0
P-34506,persona_juridica,0
P-14736,persona_juridica,0
N-05872,persona_natural,0
P-44363,persona_juridica,0
P-07038,persona_juridica,0
N-24214,persona_natural,0
N-36265,persona_natural,0
N-23853,persona_natural,0
N-06162,persona_natural,0
N-02594,persona_natural,0
N-21813,persona_natural,0
N-11457,persona_natural,0
P-09860,persona_juridica,0
N-17011,persona_natural,1
P-05763,persona_juridica,0
P-42986,persona_juridica,0
N-25183,persona_natural,0
P-11694,persona_juridica,0
N-30313,persona_natural,0
N-04687,persona_natural,0
N-36278,persona_natural,0
P-34489,persona_juridica,0
N-19751,persona_natural,0
P-20555,persona_juridica,0
N-19655,persona_natural,0
P-36938,persona_juridica,0
UT-40054,union_temporal,0
P-00709,persona_juridica,0
N-34197,persona_natural,0
P-25933,persona_juridica,0
P-13715,persona_juridica,0
P-40752,persona_juridica,0
N-24877,persona_natural,0
UT-18251,union_temporal,0
P-01252,persona_juridica,0
P-02118,persona_juridica,1
P-49128,persona_juridica,0
P-18917,persona_juridica,0
P-18990,persona_juridica,0
N-12180,persona_natural,0
P-46051,persona_juridica,1
N-19796,persona_natural,0
P-22593,persona_juridica,0
N-08905,persona_natural,0
P-17439,persona_juridica,0
N-01938,persona_natural,0
N-23944,persona_natural,0
N-20540,persona_natural,0
N-18186,persona_natural,0
N-20349,persona_natural,0
P-01251,persona_juridica,1
N-31278,persona_natural,0
P-40199,persona_juridica,0
P-05011,persona_juridica,0
P-49297,persona_juridica,0
P-24391,persona_juridica,0
P-03808,persona_juridica,0
P-21557,persona_juridica,0
P-00068,persona_juridica,0
N-08303,persona_natural,0
N-13024,persona_natural,0
N-17396,persona_natural,1
P-05724,persona_juridica,0
N-03562,persona_natural,0
P-24233,persona_juridica,0
N-30498,persona_natural,0
UT-25431,union_temporal,0
P-38594,persona_juridica,1
P-44153,persona_juridica,0
P-22595,persona_juridica,0
P-04591,persona_juridica,0
P-01282,persona_juridica,0
P-27245,persona_juridica,0
N-20619,persona_natural,1
P-21821,persona_juridica,0
N-37596,persona_natural,0
N-00362,persona_natural,0
P-33605,persona_juridica,0
P-40875,persona_juridica,0
N-07665,persona_natural,0
N-03271,persona_natural,0
P-21225,persona_juridica,0
N-20247,persona_natural,0
N-20942,persona_natural,0
N-37807,persona_natural,0
N-01102,persona_natural,0
N-36618,persona_natural,0
P-50381,persona_juridica,0
UT-17993,union_temporal,0
P-19135,persona_juridica,0
N-37491,persona_natural,0
P-36305,persona_juridica,0
N-09151,persona_natural,0
P-18707,persona_juridica,0
N-27897,persona_natural,0
N-10662,persona_natural,0
N-04710,persona_natural,0
P-13462,persona_juridica,0
P-03181,persona_juridica,0
P-20492,persona_juridica,0
P-08307,persona_juridica,0
P-31776,persona_juridica,0
P-23139,persona_juridica,1
N-27152,persona_natural,0
N-01088,persona_natural,0
N-29813,persona_natural,0
N-30865,persona_natural,0
N-06737,persona_natural,0
P-13043,persona_juridica,0
N-09968,persona_natural,1
P-28902,persona_juridica,0
P-31943,persona_juridica,0
N-36932,persona_natural,0
N-10656,persona_natural,0
N-03379,persona_natural,0
P-38355,persona_juridica,0
P-04212,persona_juridica,0
N-19815,persona_natural,0
P-50824,persona_juridica,0
N-23795,persona_natural,0
N-21284,persona_natural,0
N-15930,persona_natural,0
P-03102,persona_juridica,0
P-13899,persona_juridica,0
P-05635,persona_juridica,0
P-45183,persona_juridica,0
N-37681,persona_natural,0
P-24844,persona_juridica,0
P-09815,persona_juridica,0
P-43767,persona_juridica,0
P-10879,persona_juridica,1
N-30754,persona_natural,0
P-25761,persona_juridica,1
N-26653,persona_natural,0
N-08258,persona_natural,0
N-19793,persona_natural,1
P-40980,persona_juridica,0
UT-17638,union_temporal,0
N-35000,persona_natural,1
P-17421,persona_juridica,0
N-04508,persona_natural,0
P-24809,persona_juridica,0
UT-11139,union_temporal,0
N-35935,persona_natural,1
P-06564,persona_juridica,0
P-06402,persona_juridica,0
N-14123,persona_natural,0
N-24326,persona_natural,0
P-33324,persona_juridica,1
P-32039,persona_juridica,0
N-09853,persona_natural,0
P-36314,persona_juridica,0
P-31311,persona_juridica,1
N-37025,persona_natural,0
P-18480,persona_juridica,0
N-24228,persona_natural,0
P-04002,persona_juridica,0
N-15306,persona_natural,0
N-30369,persona_natural,0
N-17223,persona_natural,0
P-21617,persona_juridica,0
P-36602,persona_juridica,0
P-50510,persona_juridica,1
N-30395,persona_natural,0
P-07793,persona_juridica,0
P-01520,persona_juridica,0
P-26932,persona_juridica,0
N-06178,persona_natural,0
P-33061,persona_juridica,0
N-19454,persona_natural,0
N-01956,persona_natural,0
N-37795,persona_natural,0
N-16618,persona_natural,0
P-06243,persona_juridica,0
N-25031,persona_natural,0
P-28664,persona_juridica,0
N-11337,persona_natural,0
N-00007,persona_natural,0
P-50777,persona_juridica,0
N-28830,persona_natural,1
N-20991,persona_natural,0
N-24025,persona_natural,0
P-13516,persona_juridica,0
N-35193,persona_natural,1
P-47305,persona_juridica,0
UT-5651,union_temporal,0
UT-1529,union_temporal,0
N-12774,persona_natural,0
P-40785,persona_juridica,0
P-03417,persona_juridica,1
UT-24961,union_temporal,0
UT-39098,union_temporal,0
UT-35788,union_temporal,0
N-22385,persona_natural,0
P-45934,persona_juridica,0
P-01478,persona_juridica,0
P-04514,persona_juridica,0
P-20904,persona_juridica,0
N-30092,persona_natural,0
P-19306,persona_juridica,0
P-48778,persona_juridica,0
P-15491,persona_juridica,0
N-19480,persona_natural,0
UT-7686,union_temporal,0
N-34593,persona_natural,0
N-07195,persona_natural,0
N-11289,persona_natural,1
P-26037,persona_juridica,0
P-45487,persona_juridica,0
N-08302,persona_natural,0
P-07373,persona_juridica,0
P-27495,persona_juridica,0
N-17183,persona_natural,0
N-14081,persona_natural,0
UT-38594,union_temporal,0
P-07096,persona_juridica,0
N-25888,persona_natural,0
N-03719,persona_natural,0
P-12029,persona_juridica,0
P-15032,persona_juridica,0
N-04555,persona_natural,0
P-33221,persona_juridica,0
N-08286,persona_natural,0
N-01849,persona_natural,0
P-08592,persona_juridica,0
N-31621,persona_natural,0
P-14157,persona_juridica,0
P-43423,persona_juridica,1
P-08873,persona_juridica,0
N-28554,persona_natural,1
N-35239,persona_natural,0
P-50065,persona_juridica,0
N-12816,persona_natural,0
UT-33645,union_temporal,0
N-19089,persona_natural,0
N-28698,persona_natural,1
P-43403,persona_juridica,0
N-31156,persona_natural,1
N-10707,persona_natural,0
P-36468,persona_juridica,0
P-01958,persona_juridica,0
N-29155,persona_natural,0
N-16549,persona_natural,0
N-09608,persona_natural,0
P-46967,persona_juridica,0
N-22197,persona_natural,0
P-22395,persona_juridica,0
N-35863,persona_natural,0
P-45747,persona_juridica,0
P-33742,persona_juridica,1
P-40659,persona_juridica,0
P-21182,persona_juridica,0
P-49244,persona_juridica,0
N-18797,persona_natural,0
P-18752,persona_juridica,0
UT-3728,union_temporal,0
P-16778,persona_juridica,0
P-18433,persona_juridica,0
N-00193,persona_natural,0
N-06714,persona_natural,0
N-23706,persona_natural,0
P-36452,persona_juridica,0
N-31072,persona_natural,0
N-24519,persona_natural,0
P-18686,persona_juridica,0
N-10610,persona_natural,0
UT-25183,union_temporal,0
P-49514,persona_juridica,0
P-49868,persona_juridica,0
N-33887,persona_natural,0
P-48275,persona_juridica,0
P-29439,persona_juridica,0
N-27412,persona_natural,0
N-20205,persona_natural,1
UT-46116,union_temporal,0
N-29582,persona_natural,0
UT-29705,union_temporal,0
N-04214,persona_natural,0
P-37313,persona_juridica,0
P-39588,persona_juridica,0
P-16618,persona_juridica,0
P-42961,persona_juridica,0
N-15522,persona_natural,1
P-14811,persona_juridica,0
N-16402,persona_natural,0
N-27985,persona_natural,0
P-21736,persona_juridica,0
P-34942,persona_juridica,0
P-07952,persona_juridica,0
N-35523,persona_natural,0
N-26273,persona_natural,1
UT-42845,union_temporal,0
P-44742,persona_juridica,1
UT-43666,union_temporal,1
UT-37901,union_temporal,0
N-20776,persona_natural,0
UT-13443,union_temporal,0
UT-35190,union_temporal,0
N-02050,persona_natural,0
N-16989,persona_natural,0
P-09505,persona_juridica,0
N-22984,persona_natural,1
N-09020,persona_natural,0
N-29389,persona_natural,0
P-20584,persona_juridica,1
N-08404,persona_natural,0
N-08248,persona_natural,0
N-10558,persona_natural,1
N-12298,persona_natural,1
P-31289,persona_juridica,0
N-03387,persona_natural,0
N-17629,persona_natural,0
N-01581,persona_natural,0
P-39865,persona_juridica,0
N-17805,persona_natural,0
UT-16746,union_temporal,0
P-11473,persona_juridica,0
N-08438,persona_natural,0
N-36657,persona_natural,0
P-47451,persona_juridica,0
P-22543,persona_juridica,0
N-13153,persona_natural,0
P-31904,persona_juridica,0
N-12015,persona_natural,0
N-28253,persona_natural,0
P-46495,persona_juridica,0
P-41791,persona_juridica,0
P-00532,persona_juridica,0
N-17572,persona_natural,0
N-29614,persona_natural,1
N-22074,persona_natural,0
P-09004,persona_juridica,0
P-23423,persona_juridica,0
P-22597,persona_juridica,0
N-24124,persona_natural,0
P-47936,persona_juridica,0
N-14277,persona_natural,0
P-41528,persona_juridica,1
N-14943,persona_natural,0
N-18746,persona_natural,0
N-29726,persona_natural,0
N-12896,persona_natural,0
N-19675,persona_natural,0
P-40703,persona_juridica,0
P-29109,persona_juridica,0
N-34496,persona_natural,0
P-12369,persona_juridica,0
P-17345,persona_juridica,0
P-28961,persona_juridica,0
P-09230,persona_juridica,0
N-37291,persona_natural,0
N-30184,persona_natural,0
P-12038,persona_juridica,0
N-13282,persona_natural,0
P-49372,persona_juridica,1
P-45301,persona_juridica,0
P-36037,persona_juridica,0
P-12669,persona_juridica,0
P-26443,persona_juridica,1
P-19500,persona_juridica,0
P-06549,persona_juridica,0
P-30156,persona_juridica,1
N-23861,persona_natural,0
P-29824,persona_juridica,0
N-03356,persona_natural,0
N-14713,persona_natural,0
P-01748,persona_juridica,1
N-12636,persona_natural,0
P-21504,persona_juridica,0
P-33090,persona_juridica,0
P-22421,persona_juridica,0
N-20289,persona_natural,0
N-34391,persona_natural,1
N-09172,persona_natural,0
N-19256,persona_natural,0
UT-36824,union_temporal,0
P-05182,persona_juridica,0
P-45595,persona_juridica,0
N-21875,persona_natural,0
P-34581,persona_juridica,0
N-25165,persona_natural,0
N-34741,persona_natural,0
P-09811,persona_juridica,0
P-05946,persona_juridica,0
P-32393,persona_juridica,0
N-35698,persona_natural,0
N-11309,persona_natural,0
N-33260,persona_natural,0
P-03328,persona_juridica,0
N-29298,persona_natural,0
N-11304,persona_natural,0
N-25203,persona_natural,0
P-18004,persona_juridica,0
P-31266,persona_juridica,1
P-10293,persona_juridica,0
N-37888,persona_natural,0
P-51416,persona_juridica,0
N-24281,persona_natural,0
N-08024,persona_natural,0
P-08865,persona_juridica,0
P-06768,persona_juridica,0
N-19775,persona_natural,0
UT-33154,union_temporal,0
P-37752,persona_juridica,0
N-34035,persona_natural,0
P-17434,persona_juridica,0
P-49099,persona_juridica,0
UT-16201,union_temporal,0
N-13422,persona_natural,0
P-40794,persona_juridica,0
P-00529,persona_juridica,0
N-13037,persona_natural,0
P-30314,persona_juridica,0
P-48907,persona_juridica,0
N-17943,persona_natural,0
P-13332,persona_juridica,0
P-46296,persona_juridica,0
N-30055,persona_natural,1
P-46602,persona_juridica,0
P-13774,persona_juridica,0
P-04296,persona_juridica,0
P-03888,persona_juridica,0
N-15459,persona_natural,0
N-14055,persona_natural,0
UT-46074,union_temporal,0
P-02887,persona_juridica,0
P-35590,persona_juridica,0
P-05984,persona_juridica,1
P-12170,persona_juridica,0
P-00142,persona_juridica,0
P-45679,persona_juridica,0
N-09031,persona_natural,0
N-19895,persona_natural,0
N-08935,persona_natural,0
N-31048,persona_natural,0
P-04249,persona_juridica,0
N-12010,persona_natural,0
P-17934,persona_juridica,1
P-12048,persona_juridica,0
N-21820,persona_natural,0
P-42811,persona_juridica,0
P-27090,persona_juridica,0
P-14173,persona_juridica,0
P-16518,persona_juridica,0
P-51407,persona_juridica,0
N-03378,persona_natural,0
N-00621,persona_natural,0
P-38533,persona_juridica,0
N-32990,persona_natural,0
N-01590,persona_natural,0
P-30257,persona_juridica,0
N-16050,persona_natural,0
N-05819,persona_natural,0
P-38072,persona_juridica,0
P-44606,persona_juridica,0
N-32886,persona_natural,0
N-36214,persona_natural,0
P-12405,persona_juridica,0
P-11418,persona_juridica,0
N-31243,persona_natural,0
P-45236,persona_juridica,0
N-00564,persona_natural,0
P-46674,persona_juridica,0
N-19657,persona_natural,0
N-15171,persona_natural,0
N-32073,persona_natural,0
UT-44656,union_temporal,0
N-30947,persona_natural,0
N-14145,persona_natural,0
P-40064,persona_juridica,0
P-25444,persona_juridica,0
N-26528,persona_natural,0
P-27007,persona_juridica,0
P-42012,persona_juridica,0
N-04004,persona_natural,0
N-27651,persona_natural,0
N-14723,persona_natural,0
N-10295,persona_natural,0
UT-37630,union_temporal,0
P-15008,persona_juridica,0
N-15841,persona_natural,0
N-00694,persona_natural,0
N-36092,persona_natural,0
UT-12790,union_temporal,0
N-05994,persona_natural,0
N-32271,persona_natural,0
P-38071,persona_juridica,0
N-30136,persona_natural,0
N-21780,persona_natural,1
P-20660,persona_juridica,0
P-03357,persona_juridica,0
N-07133,persona_natural,0
N-33476,persona_natural,0
UT-21093,union_temporal,0
UT-13801,union_temporal,0
P-07362,persona_juridica,0
N-35549,persona_natural,0
P-05664,persona_juridica,0
P-49397,persona_juridica,0
N-35389,persona_natural,0
N-07833,persona_natural,0
N-02586,persona_natural,0
P-27824,persona_juridica,0
P-29268,persona_juridica,0
N-11684,persona_natural,0
N-20016,persona_natural,0
N-11117,persona_natural,0
N-08091,persona_natural,0
N-20274,persona_natural,0
N-37924,persona_natural,0
P-27479,persona_juridica,0
N-24874,persona_natural,0
P-41241,persona_juridica,1
UT-4479,union_temporal,0
N-09965,persona_natural,0
P-02626,persona_juridica,0
P-02223,persona_juridica,0
P-49152,persona_juridica,0
P-17087,persona_juridica,0
N-13750,persona_natural,0
N-15920,persona_natural,0
P-50576,persona_juridica,0
N-06119,persona_natural,0
N-02905,persona_natural,0
N-13881,persona_natural,0
P-42704,persona_juridica,0
N-21330,persona_natural,0
P-16630,persona_juridica,1
N-10916,persona_natural,0
P-47293,persona_juridica,0
P-30027,persona_juridica,0
N-24026,persona_natural,0
N-18236,persona_natural,0
P-27118,persona_juridica,1
P-09151,persona_juridica,1
P-30457,persona_juridica,0
P-29071,persona_juridica,0
P-37655,persona_juridica,1
P-43074,persona_juridica,1
P-20592,persona_juridica,0
P-24496,persona_juridica,0
N-06947,persona_natural,0
P-49752,persona_juridica,0
N-06460,persona_natural,0
N-27157,persona_natural,1
N-29893,persona_natural,0
N-21576,persona_natural,0
P-05163,persona_juridica,0
P-24356,persona_juridica,0
N-37542,persona_natural,0
P-17410,persona_juridica,0
P-19197,persona_juridica,0
P-23519,persona_juridica,1
P-41343,persona_juridica,0
P-26629,persona_juridica,0
N-37279,persona_natural,1
N-34682,persona_natural,0
N-29684,persona_natural,0
P-13499,persona_juridica,0
N-34042,persona_natural,0
N-09171,persona_natural,0
P-50986,persona_juridica,0
UT-30575,union_temporal,0
N-01878,persona_natural,0
N-26508,persona_natural,0
N-29454,persona_natural,0
P-40970,persona_juridica,0
N-23822,persona_natural,0
N-14832,persona_natural,0
P-08788,persona_juridica,0
P-23033,persona_juridica,0
P-38592,persona_juridica,0
P-01277,persona_juridica,0
P-33814,persona_juridica,0
P-10558,persona_juridica,0
P-41202,persona_juridica,1
P-35943,persona_juridica,0
N-21064,persona_natural,0
P-42694,persona_juridica,0
P-10937,persona_juridica,0
P-08926,persona_juridica,0
N-27098,persona_natural,0
P-44187,persona_juridica,0
P-20108,persona_juridica,0
P-04456,persona_juridica,0
N-34680,persona_natural,1
P-38111,persona_juridica,0
N-09979,persona_natural,0
P-24092,persona_juridica,0
UT-45597,union_temporal,0
P-43032,persona_juridica,0
P-35711,persona_juridica,0
UT-29896,union_temporal,0
N-19488,persona_natural,0
P-34063,persona_juridica,0
P-22871,persona_juridica,0
P-01404,persona_juridica,0
UT-5546,union_temporal,0
N-04052,persona_natural,0
P-18799,persona_juridica,0
P-08494,persona_juridica,1
N-00859,persona_natural,0
P-44091,persona_juridica,0
N-21997,persona_natural,0
N-06143,persona_natural,0
P-23993,persona_juridica,1
N-33606,persona_natural,1
N-35096,persona_natural,0
P-00999,persona_juridica,0
UT-8092,union_temporal,0
P-07351,persona_juridica,0
N-04862,persona_natural,0
N-31123,persona_natural,1
N-28176,persona_natural,0
N-33805,persona_natural,0
P-18652,persona_juridica,0
P-12437,persona_juridica,0
P-24291,persona_juridica,0
P-05656,persona_juridica,1
P-34274,persona_juridica,0
N-34230,persona_natural,0
P-26814,persona_juridica,1
N-00286,persona_natural,1
P-42411,persona_juridica,0
P-27721,persona_juridica,0
N-29436,persona_natural,0
P-47856,persona_juridica,0
N-25483,persona_natural,0
UT-25507,union_temporal,0
N-24036,persona_natural,0
N-04622,persona_natural,0
N-00774,persona_natural,0
N-27027,persona_natural,0
P-09571,persona_juridica,0
UT-14543,union_temporal,0
N-28938,persona_natural,0
N-37016,persona_natural,0
P-02563,persona_juridica,0
P-36958,persona_juridica,1
N-04247,persona_natural,0
P-45492,persona_juridica,0
N-02938,persona_natural,0
P-25397,persona_juridica,0
N-33614,persona_natural,0
P-06569,persona_juridica,0
P-46594,persona_juridica,0
P-23686,persona_juridica,0
N-36885,persona_natural,0
N-01182,persona_natural,0
N-12875,persona_natural,0
P-44424,persona_juridica,0
N-24606,persona_natural,0
P-04673,persona_juridica,0
N-04064,persona_natural,0
P-39590,persona_juridica,0
P-24579,persona_juridica,0
P-07390,persona_juridica,0
P-34216,persona_juridica,0
N-01775,persona_natural,0
P-40671,persona_juridica,1
N-35499,persona_natural,0
P-05464,persona_juridica,0
P-04313,persona_juridica,0
N-01117,persona_natural,1
P-18332,persona_juridica,0
UT-8110,union_temporal,0
P-48645,persona_juridica,1
UT-21104,union_temporal,0
N-25511,persona_natural,0
P-21056,persona_juridica,0
P-01962,persona_juridica,0
P-03952,persona_juridica,0
N-01386,persona_natural,0
P-09790,persona_juridica,0
N-36383,persona_natural,0
P-04155,persona_juridica,1
N-32272,persona_natural,1
N-12250,persona_natural,0
P-39560,persona_juridica,0
P-10810,persona_juridica,0
N-12239,persona_natural,0
N-23860,persona_natural,0
P-05799,persona_juridica,0
P-00961,persona_juridica,0
N-05750,persona_natural,0
P-36567,persona_juridica,0
P-25038,persona_juridica,0
P-03941,persona_juridica,0
N-22939,persona_natural,0
P-38855,persona_juridica,0
P-01735,persona_juridica,0
P-41311,persona_juridica,0
P-20098,persona_juridica,0
N-07060,persona_natural,0
N-25835,persona_natural,0
P-44323,persona_juridica,1
P-46508,persona_juridica,0
P-03935,persona_juridica,0
P-21818,persona_juridica,0
P-44767,persona_juridica,0
UT-21006,union_temporal,0
P-29592,persona_juridica,0
P-22502,persona_juridica,0
P-15512,persona_juridica,0
UT-8245,union_temporal,0
P-17501,persona_juridica,0
N-18553,persona_natural,0
N-28642,persona_natural,0
N-20269,persona_natural,0
N-14284,persona_natural,0
N-01772,persona_natural,0
P-24355,persona_juridica,0
P-45873,persona_juridica,0
P-06207,persona_juridica,0
P-22348,persona_juridica,0
N-15389,persona_natural,0
N-10158,persona_natural,0
N-14665,persona_natural,0
N-08096,persona_natural,0
N-02344,persona_natural,0
N-20106,persona_natural,0
P-19459,persona_juridica,0
P-07047,persona_juridica,1
N-17878,persona_natural,0
P-08570,persona_juridica,0
P-26752,persona_juridica,0
N-14895,persona_natural,0
N-21570,persona_natural,1
P-25719,persona_juridica,0
N-27147,persona_natural,0
P-02335,persona_juridica,0
N-04194,persona_natural,0
P-16706,persona_juridica,0
N-11979,persona_natural,0
P-50017,persona_juridica,0
P-01390,persona_juridica,0
P-43380,persona_juridica,0
P-34413,persona_juridica,0
N-06683,persona_natural,1
UT-27137,union_temporal,0
N-09058,persona_natural,0
N-17201,persona_natural,0
P-46468,persona_juridica,0
P-17536,persona_juridica,0
N-20308,persona_natural,0
P-39781,persona_juridica,0
N-35001,persona_natural,1
N-22527,persona_natural,0
P-09067,persona_juridica,0
P-44965,persona_juridica,0
P-49291,persona_juridica,0
P-50226,persona_juridica,0
N-17058,persona_natural,0
P-30054,persona_juridica,0
P-46313,persona_juridica,0
P-37486,persona_juridica,0
P-37237,persona_juridica,0
P-35989,persona_juridica,0
N-36091,persona_natural,1
P-15831,persona_juridica,0
N-07215,persona_natural,0
N-14381,persona_natural,0
N-00287,persona_natural,0
P-04414,persona_juridica,0
P-16028,persona_juridica,0
N-13694,persona_natural,1
P-29331,persona_juridica,0
P-12893,persona_juridica,0
N-06013,persona_natural,0
N-10361,persona_natural,1
P-30530,persona_juridica,0
N-23770,persona_natural,0
P-38912,persona_juridica,1
UT-18207,union_temporal,0
UT-7964,union_temporal,0
P-37419,persona_juridica,0
N-11601,persona_natural,0
N-25928,persona_natural,0
N-05470,persona_natural,0
N-20716,persona_natural,0
P-13958,persona_juridica,0
N-18734,persona_natural,0
P-07368,persona_juridica,0
N-29945,persona_natural,0
P-15702,persona_juridica,1
P-29729,persona_juridica,1
P-30564,persona_juridica,0
P-17222,persona_juridica,0
P-15853,persona_juridica,0
N-17640,persona_natural,0
P-47328,persona_juridica,0
N-03782,persona_natural,0
P-02194,persona_juridica,0
P-17648,persona_juridica,1
P-45494,persona_juridica,0
P-19717,persona_juridica,0
N-18510,persona_natural,0
N-20958,persona_natural,1
N-36974,persona_natural,0
N-15018,persona_natural,0
P-12053,persona_juridica,0
N-12715,persona_natural,0
UT-29505,union_temporal,0
N-11730,persona_natural,0
N-28668,persona_natural,1
P-45318,persona_juridica,1
N-19661,persona_natural,0
P-06866,persona_juridica,0
P-40611,persona_juridica,0
